date,value_only,combined_static
2008-01-02,1.0,1.0
2008-01-03,1.0,1.0
2008-01-04,1.0,1.0
2008-01-07,1.0,1.0
2008-01-08,1.0,1.0
2008-01-09,1.0,1.0
2008-01-10,1.0,1.0
2008-01-11,1.0,1.0
2008-01-14,1.0,1.0
2008-01-15,1.0,1.0
2008-01-16,1.0,1.0
2008-01-17,1.0,1.0
2008-01-18,1.0,1.0
2008-01-22,1.0,1.0
2008-01-23,1.0,1.0
2008-01-24,1.0,1.0
2008-01-25,1.0,1.0
2008-01-28,1.0,1.0
2008-01-29,1.0,1.0
2008-01-30,1.0,1.0
2008-01-31,1.0,0.9995
2008-02-01,1.0,1.0156577163832314
2008-02-04,1.0,1.0034916927834692
2008-02-05,1.0,0.9788683790289174
2008-02-06,1.0,0.9614677048790766
2008-02-07,1.0,0.9734879972756308
2008-02-08,1.0,0.9851924718897771
2008-02-11,1.0,0.9995209703532698
2008-02-12,1.0,1.0024272546760553
2008-02-13,1.0,1.0204005935208376
2008-02-14,1.0,0.9985084038856665
2008-02-15,1.0,1.0055498325270706
2008-02-19,1.0,0.9995189181805504
2008-02-20,1.0,1.0115154516294884
2008-02-21,1.0,1.0023212599338212
2008-02-22,1.0,1.006583900005892
2008-02-25,1.0,1.0123514322264964
2008-02-26,1.0,1.011895328917891
2008-02-27,1.0,1.0154878464877033
2008-02-28,1.0,1.0242524287484311
2008-02-29,1.0,0.9949969334075541
2008-03-03,1.0,0.9954946378059973
2008-03-04,1.0,0.9986543454602138
2008-03-05,1.0,1.0071107763021176
2008-03-06,1.0,0.9843864042648731
2008-03-07,1.0,0.9743346256694546
2008-03-10,1.0,0.9579541908824748
2008-03-11,1.0,0.9859506586905594
2008-03-12,1.0,0.9899883841840976
2008-03-13,1.0,1.0061915249051165
2008-03-14,1.0,0.9913346628080923
2008-03-17,1.0,0.9737439671351287
2008-03-18,1.0,1.0072630710037367
2008-03-19,1.0,0.9866143227742923
2008-03-20,1.0,1.001829964096916
2008-03-24,1.0,1.0317346964503544
2008-03-25,1.0,1.036090947085551
2008-03-26,1.0,1.026941519922245
2008-03-27,1.0,1.0105918578389639
2008-03-28,1.0,1.009974661113735
2008-03-31,1.0,1.0136185787295773
2008-04-01,1.0,1.0381689033196704
2008-04-02,1.0,1.0307982526108324
2008-04-03,1.0,1.0367689996417424
2008-04-04,1.0,1.036918940784923
2008-04-07,1.0,1.037399541791483
2008-04-08,1.0,1.0424593177981343
2008-04-09,1.0,1.0347750404686455
2008-04-10,1.0,1.0466686969348369
2008-04-11,1.0,1.0217464058355439
2008-04-14,1.0,1.0188118346925765
2008-04-15,1.0,1.0236543506796123
2008-04-16,1.0,1.0468715991764628
2008-04-17,1.0,1.0447490624319502
2008-04-18,1.0,1.0487908527045908
2008-04-21,1.0,1.0530393459901068
2008-04-22,1.0,1.0256850793973695
2008-04-23,1.0,1.0364976718636476
2008-04-24,1.0,1.0433166415694985
2008-04-25,1.0,1.046032303438233
2008-04-28,1.0,1.0445384538809013
2008-04-29,1.0,1.0420930563396043
2008-04-30,1.0,1.038509720793651
2008-05-01,1.0,1.0507633106220318
2008-05-02,1.0,1.0497681944580393
2008-05-05,1.0,1.0552014793643851
2008-05-06,1.0,1.0640747445694185
2008-05-07,1.0,1.0427721322930248
2008-05-08,1.0,1.052810367324309
2008-05-09,1.0,1.0529539278463915
2008-05-12,1.0,1.0645293883628082
2008-05-13,1.0,1.067443621356994
2008-05-14,1.0,1.0641971663416023
2008-05-15,1.0,1.0742490806932865
2008-05-16,1.0,1.0814161255694215
2008-05-19,1.0,1.0726153231102737
2008-05-20,1.0,1.069843767375021
2008-05-21,1.0,1.0543649941444047
2008-05-22,1.0,1.0579875055549952
2008-05-23,1.0,1.0537242441618389
2008-05-27,1.0,1.0657078586927708
2008-05-28,1.0,1.0776143738681516
2008-05-29,1.0,1.0840077467774478
2008-05-30,1.0,1.0904324894246387
2008-06-02,1.0,1.0821339227693518
2008-06-03,1.0,1.0804359409112865
2008-06-04,1.0,1.080641629686128
2008-06-05,1.0,1.1105606993519697
2008-06-06,1.0,1.0757060185473288
2008-06-09,1.0,1.0729592172546258
2008-06-10,1.0,1.070703185515657
2008-06-11,1.0,1.0413102388536526
2008-06-12,1.0,1.046645387843327
2008-06-13,1.0,1.0679449444377602
2008-06-16,1.0,1.0753153374975046
2008-06-17,1.0,1.0635226728481635
2008-06-18,1.0,1.0605702473264111
2008-06-19,1.0,1.079798413549235
2008-06-20,1.0,1.0577807323759303
2008-06-23,1.0,1.0533695270157013
2008-06-24,1.0,1.0396005805657977
2008-06-25,1.0,1.0476740965665705
2008-06-26,1.0,1.013684708906877
2008-06-27,1.0,1.0110117282979458
2008-06-30,1.0,1.0046175779533182
2008-07-01,1.0,1.0075997592443564
2008-07-02,1.0,0.9769122004231358
2008-07-03,1.0,0.974152946698356
2008-07-07,1.0,0.9694284444030082
2008-07-08,1.0,0.9925218056440778
2008-07-09,1.0,0.9684355062004488
2008-07-10,1.0,0.9823373571742303
2008-07-11,1.0,0.9746297872592659
2008-07-14,1.0,0.9763360049845591
2008-07-15,1.0,0.9560427095546706
2008-07-16,1.0,0.9764745085100665
2008-07-17,1.0,0.9865335221106643
2008-07-18,1.0,0.9799001865561048
2008-07-21,1.0,0.9825955117620275
2008-07-22,1.0,0.9864944369642004
2008-07-23,1.0,0.991563081329087
2008-07-24,1.0,0.9747757388738656
2008-07-25,1.0,0.9836884307331758
2008-07-28,1.0,0.9720010369806555
2008-07-29,1.0,0.9956699677247254
2008-07-30,1.0,1.0170282089852396
2008-07-31,1.0,0.9995084483931248
2008-08-01,1.0,0.9841670334480153
2008-08-04,1.0,0.9625490326165651
2008-08-05,1.0,0.9872112714183626
2008-08-06,1.0,1.001566514903043
2008-08-07,1.0,0.9844529834924751
2008-08-08,1.0,1.0019315226292245
2008-08-11,1.0,0.9959047972357759
2008-08-12,1.0,0.9844770933795599
2008-08-13,1.0,0.9907920043741544
2008-08-14,1.0,0.995958446312483
2008-08-15,1.0,0.9895806629864362
2008-08-18,1.0,0.9758545898937784
2008-08-19,1.0,0.9725447176025791
2008-08-20,1.0,0.9844039476200503
2008-08-21,1.0,0.9823378310568787
2008-08-22,1.0,0.9903838101141333
2008-08-25,1.0,0.9729924854168767
2008-08-26,1.0,0.9798668910937032
2008-08-27,1.0,0.9894571284384546
2008-08-28,1.0,0.9973647081018648
2008-08-29,1.0,0.9836922615019956
2008-09-02,1.0,0.9722043052637953
2008-09-03,1.0,0.9680353739213315
2008-09-04,1.0,0.9357670139304315
2008-09-05,1.0,0.9387816958986023
2008-09-08,1.0,0.9483152378569749
2008-09-09,1.0,0.913042774277033
2008-09-10,1.0,0.9322734266770051
2008-09-11,1.0,0.9625946127646962
2008-09-12,1.0,0.9598803824128967
2008-09-15,1.0,0.9282371572846255
2008-09-16,1.0,0.950562578386528
2008-09-17,1.0,0.907027638091768
2008-09-18,1.0,0.9449823884551704
2008-09-19,1.0,0.9665704697705811
2008-09-22,1.0,0.9220469995613113
2008-09-23,1.0,0.9158799724255762
2008-09-24,1.0,0.9183900433736671
2008-09-25,1.0,0.9338051639349951
2008-09-26,1.0,0.9437404904918834
2008-09-29,1.0,0.8758901852179922
2008-09-30,1.0,0.915016993495612
2008-10-01,1.0,0.900667207460809
2008-10-02,1.0,0.8520929200207115
2008-10-03,1.0,0.8411895896249276
2008-10-06,1.0,0.8172774033818534
2008-10-07,1.0,0.7697228888344602
2008-10-08,1.0,0.7747592388394616
2008-10-09,1.0,0.7324060935261282
2008-10-10,1.0,0.7391828684715217
2008-10-13,1.0,0.8072592889564884
2008-10-14,1.0,0.7928337346120133
2008-10-15,1.0,0.7208229427256585
2008-10-16,1.0,0.7539178595275253
2008-10-17,1.0,0.7473752268883223
2008-10-20,1.0,0.7781476029583283
2008-10-21,1.0,0.7540382914691236
2008-10-22,1.0,0.722601413529663
2008-10-23,1.0,0.7197387172265993
2008-10-24,1.0,0.6994271039841483
2008-10-27,1.0,0.6815109678379178
2008-10-28,1.0,0.758827083558029
2008-10-29,1.0,0.7577344635828184
2008-10-30,1.0,0.7753535559283199
2008-10-31,1.0,0.78894781732671
2008-11-03,1.0,0.7861650843693138
2008-11-04,1.0,0.8128936165386033
2008-11-05,1.0,0.7679586775740024
2008-11-06,1.0,0.7399341396858953
2008-11-07,1.0,0.7613821192749245
2008-11-10,1.0,0.734123211018607
2008-11-11,1.0,0.7205534869636856
2008-11-12,1.0,0.7007344634168465
2008-11-13,1.0,0.7556544655554989
2008-11-14,1.0,0.7133898165541798
2008-11-17,1.0,0.6930678068095738
2008-11-18,1.0,0.6918476844766183
2008-11-19,1.0,0.6409965499318202
2008-11-20,1.0,0.6057037266341588
2008-11-21,1.0,0.637692813823427
2008-11-24,1.0,0.6820122681170669
2008-11-25,1.0,0.698844326969831
2008-11-26,1.0,0.7213430107285095
2008-11-28,1.0,0.7141154063506576
2008-12-01,1.0,0.6622974398396292
2008-12-02,1.0,0.6783706294644013
2008-12-03,1.0,0.70244764062146
2008-12-04,1.0,0.6915354249906098
2008-12-05,1.0,0.7185803178079452
2008-12-08,1.0,0.72725710125228
2008-12-09,1.0,0.7054704377018904
2008-12-10,1.0,0.7125417508964358
2008-12-11,1.0,0.6924668731840184
2008-12-12,1.0,0.7019614083284734
2008-12-15,1.0,0.6963871096033977
2008-12-16,1.0,0.7239714639675571
2008-12-17,1.0,0.7162124126173711
2008-12-18,1.0,0.7127308252853759
2008-12-19,1.0,0.7127218913124131
2008-12-22,1.0,0.7089024708233426
2008-12-23,1.0,0.7066996147817896
2008-12-24,1.0,0.7092361445389327
2008-12-26,1.0,0.7136878176547851
2008-12-29,1.0,0.709221681937008
2008-12-30,1.0,0.727859943837971
2008-12-31,1.0,0.7410060247886276
2009-01-02,1.0,0.7511495219192335
2009-01-05,1.0,0.7379104048280539
2009-01-06,1.0,0.7271258586556179
2009-01-07,1.0,0.7136328195557975
2009-01-08,1.0,0.7186745954709718
2009-01-09,1.0,0.7070953486536329
2009-01-12,1.0,0.6947118205558793
2009-01-13,1.0,0.6961490363915472
2009-01-14,1.0,0.676197514699798
2009-01-15,1.0,0.6765913470142902
2009-01-16,1.0,0.6793059100414036
2009-01-20,1.0,0.6477296197390491
2009-01-21,1.0,0.6721032507103795
2009-01-22,1.0,0.6598338512972478
2009-01-23,1.0,0.6551078695122003
2009-01-26,1.0,0.6582200671909372
2009-01-27,1.0,0.6662954907952532
2009-01-28,1.0,0.694378440104749
2009-01-29,1.0,0.6793904894598974
2009-01-30,1.0,0.670520462592674
2009-02-02,1.0,0.6738615716477712
2009-02-03,1.0,0.6869187866799155
2009-02-04,1.0,0.6694752247821968
2009-02-05,1.0,0.6763968343080464
2009-02-06,1.0,0.685335152817169
2009-02-09,1.0,0.6809189582234718
2009-02-10,1.0,0.6572825798288552
2009-02-11,1.0,0.6610389883407976
2009-02-12,1.0,0.6675405862825715
2009-02-13,1.0,0.661284298345567
2009-02-17,1.0,0.6447505767736156
2009-02-18,1.0,0.6485245744684605
2009-02-19,1.0,0.6598106164890879
2009-02-20,1.0,0.6549020077915287
2009-02-23,1.0,0.6371580701231089
2009-02-24,1.0,0.6553208574777379
2009-02-25,1.0,0.6513577446860639
2009-02-26,1.0,0.6336826970004196
2009-02-27,1.0,0.6290167941262454
2009-03-02,1.0,0.6055209000564811
2009-03-03,1.0,0.6118482088011022
2009-03-04,1.0,0.6246343029647103
2009-03-05,1.0,0.6036480253167891
2009-03-06,1.0,0.6085652635487799
2009-03-09,1.0,0.6056156576510974
2009-03-10,1.0,0.6262172332260931
2009-03-11,1.0,0.6152188252580868
2009-03-12,1.0,0.6405079179549703
2009-03-13,1.0,0.6486214375761843
2009-03-16,1.0,0.6387227250745036
2009-03-17,1.0,0.6599959448711332
2009-03-18,1.0,0.6648108704010965
2009-03-19,1.0,0.6559986450274601
2009-03-20,1.0,0.6480283521104903
2009-03-23,1.0,0.6710556622525129
2009-03-24,1.0,0.6573887311923566
2009-03-25,1.0,0.6608425783777799
2009-03-26,1.0,0.6775383245222442
2009-03-27,1.0,0.6632211813045625
2009-03-30,1.0,0.6622177510449554
2009-03-31,1.0,0.6655530158794334
2009-04-01,1.0,0.6724806820881728
2009-04-02,1.0,0.6719775361723103
2009-04-03,1.0,0.6764844752409598
2009-04-06,1.0,0.6820570199542377
2009-04-07,1.0,0.6629142512985374
2009-04-08,1.0,0.6764057348816327
2009-04-09,1.0,0.6989042502470879
2009-04-13,1.0,0.6975871224849842
2009-04-14,1.0,0.6885074179495706
2009-04-15,1.0,0.685801678711326
2009-04-16,1.0,0.7072280745272997
2009-04-17,1.0,0.7152879753962652
2009-04-20,1.0,0.7112224906967504
2009-04-21,1.0,0.7042252715465382
2009-04-22,1.0,0.7017305765966119
2009-04-23,1.0,0.7106698521922599
2009-04-24,1.0,0.6959290990683001
2009-04-27,1.0,0.7156812288449733
2009-04-28,1.0,0.7185302026266488
2009-04-29,1.0,0.7122568833216179
2009-04-30,1.0,0.720715698740079
2009-05-01,1.0,0.7110266706917011
2009-05-04,1.0,0.7287632257071093
2009-05-05,1.0,0.7331432207704244
2009-05-06,1.0,0.7171486330972602
2009-05-07,1.0,0.6967713797929278
2009-05-08,1.0,0.7079698698467604
2009-05-11,1.0,0.7034602301381628
2009-05-12,1.0,0.7024567775427657
2009-05-13,1.0,0.6891790819028512
2009-05-14,1.0,0.6946452275307382
2009-05-15,1.0,0.6948136763991649
2009-05-18,1.0,0.7139957834683753
2009-05-19,1.0,0.714359067459774
2009-05-20,1.0,0.7084451139086757
2009-05-21,1.0,0.6976783897869535
2009-05-22,1.0,0.6997096611895317
2009-05-26,1.0,0.7204421102853097
2009-05-27,1.0,0.7026404574260741
2009-05-28,1.0,0.70016502542627
2009-05-29,1.0,0.7059020461874286
2009-06-01,1.0,0.7191032690994863
2009-06-02,1.0,0.7255158008909446
2009-06-03,1.0,0.7148967469423126
2009-06-04,1.0,0.7240625044990029
2009-06-05,1.0,0.7108355357315704
2009-06-08,1.0,0.7110747701200502
2009-06-09,1.0,0.7147701660842256
2009-06-10,1.0,0.7050286385863987
2009-06-11,1.0,0.6984569640492836
2009-06-12,1.0,0.6984995833265804
2009-06-15,1.0,0.68403196252592
2009-06-16,1.0,0.6782850223403359
2009-06-17,1.0,0.6847855357033408
2009-06-18,1.0,0.6958678643483086
2009-06-19,1.0,0.6994868422814686
2009-06-22,1.0,0.6762587241763688
2009-06-23,1.0,0.6813796262699928
2009-06-24,1.0,0.690084227173567
2009-06-25,1.0,0.7038465063659535
2009-06-26,1.0,0.7060248488023361
2009-06-29,1.0,0.7105787988505917
2009-06-30,1.0,0.7024201315026802
2009-07-01,1.0,0.6996339951664431
2009-07-02,1.0,0.6804684488525823
2009-07-06,1.0,0.6738742274043935
2009-07-07,1.0,0.6543159013122806
2009-07-08,1.0,0.6487599674559921
2009-07-09,1.0,0.6610899452865812
2009-07-10,1.0,0.6603692437908949
2009-07-13,1.0,0.6793968568843473
2009-07-14,1.0,0.6849781946110219
2009-07-15,1.0,0.7089571741232346
2009-07-16,1.0,0.7148257151738708
2009-07-17,1.0,0.7168738498508628
2009-07-20,1.0,0.7294554404697122
2009-07-21,1.0,0.7254681263949675
2009-07-22,1.0,0.7371334303788574
2009-07-23,1.0,0.756889521487373
2009-07-24,1.0,0.7483161020730478
2009-07-27,1.0,0.7478271388553821
2009-07-28,1.0,0.7452531174937839
2009-07-29,1.0,0.7378167350873401
2009-07-30,1.0,0.7558040916244583
2009-07-31,0.9995,0.7604455746215302
2009-08-03,1.0185440559759416,0.7813451117353185
2009-08-04,1.0193381295209687,0.7778807057845094
2009-08-05,1.0121720393212126,0.777973044188054
2009-08-06,1.0101619229511645,0.7736439850598452
2009-08-07,1.0337931994434757,0.7897887094809274
2009-08-10,1.0247604595054909,0.7855190354823168
2009-08-11,1.0173322462432333,0.7794779276897421
2009-08-12,1.0358756110116725,0.7913203004437869
2009-08-13,1.046385292365079,0.7998356402315194
2009-08-14,1.0302394007092177,0.7864821995034073
2009-08-17,1.0022289270554925,0.762533353951222
2009-08-18,1.0132426940086736,0.7738951865238629
2009-08-19,1.0197277263105964,0.7796725848368167
2009-08-20,1.0334230227688832,0.7920813852796298
2009-08-21,1.0512497680037536,0.8062648750999981
2009-08-24,1.0455477887585982,0.8014232313531395
2009-08-25,1.0489997260697868,0.806519714787365
2009-08-26,1.0420576478786605,0.8026620460141
2009-08-27,1.0450572627603347,0.809557860068054
2009-08-28,1.0427336612560882,0.8106234976088443
2009-08-31,1.0294353150845803,0.7990031833298569
2009-09-01,1.007952962589537,0.777980043889668
2009-09-02,1.0063661330217164,0.7768930872969037
2009-09-03,1.0202623325684892,0.7904768255529481
2009-09-04,1.030684984587136,0.800092536971991
2009-09-08,1.0361004959629296,0.8118299113244221
2009-09-09,1.0475861816017529,0.8224518924753866
2009-09-10,1.055099830754638,0.8325809414590393
2009-09-11,1.0519838046575187,0.8314921825343307
2009-09-14,1.0599500711174865,0.8373736274387718
2009-09-15,1.0616328358389866,0.8406798871731747
2009-09-16,1.0797003863212205,0.85517434971876
2009-09-17,1.0747914122373903,0.8506232795384067
2009-09-18,1.075634922209997,0.8508293476375339
2009-09-21,1.0749486831416954,0.8488850657601238
2009-09-22,1.0800612383951385,0.8567123579602611
2009-09-23,1.067953016541218,0.8470176438368706
2009-09-24,1.0598351044555332,0.8341769089500584
2009-09-25,1.0547877476893373,0.8306883746786841
2009-09-28,1.0741252794542397,0.8486630495038345
2009-09-29,1.0706444208571,0.8443795252927965
2009-09-30,1.070224639959934,0.8438245086046716
2009-10-01,1.0483940612765326,0.8184949700277117
2009-10-02,1.0469502828114106,0.8167144568285886
2009-10-05,1.0576439741686867,0.8328345908683279
2009-10-06,1.0724865262703374,0.845299042329843
2009-10-07,1.078402687384381,0.8503984741146614
2009-10-08,1.0805871539589575,0.8533583231881712
2009-10-09,1.087865384414753,0.8619462973550461
2009-10-12,1.0912420681710466,0.8700827746752198
2009-10-13,1.0878501028469179,0.8647071119363147
2009-10-14,1.1100038005895854,0.8840099437585807
2009-10-15,1.1121139633584696,0.8802239192988857
2009-10-16,1.1048901312480017,0.865834865992479
2009-10-19,1.1193382733379034,0.8787502448382142
2009-10-20,1.1136698068666673,0.8779495067941877
2009-10-21,1.100126842101965,0.8653108126897886
2009-10-22,1.1161692606776301,0.8793355694562524
2009-10-23,1.1173416450908258,0.8724776963132658
2009-10-26,1.1077754467069518,0.8603569608975501
2009-10-27,1.0986854843509168,0.8479972105964018
2009-10-28,1.0788524683321072,0.8229463203462224
2009-10-29,1.1039632735742317,0.8487862952081797
2009-10-30,1.0746892563580424,0.8183435056637675
2009-11-02,1.0815897435953976,0.8267077519880441
2009-11-03,1.0879460469061037,0.8311106175065982
2009-11-04,1.0872571392917552,0.8310527738695158
2009-11-05,1.1071573161619344,0.8529333441047784
2009-11-06,1.1120865501177797,0.8549908122918636
2009-11-09,1.137999714337467,0.8820991206068263
2009-11-10,1.1368244192008348,0.8807564868809326
2009-11-11,1.1461539376059064,0.8900751952708349
2009-11-12,1.1370665771933577,0.8859606300778637
2009-11-13,1.1447750730321404,0.8922310126213574
2009-11-16,1.1579450425172049,0.9047741160210905
2009-11-17,1.1590191582766638,0.9075664626059315
2009-11-18,1.1582160078443045,0.9080773041027406
2009-11-19,1.145290276898139,0.8932831713418875
2009-11-20,1.143156509370533,0.8892753805899827
2009-11-23,1.1546060169048356,0.9008132141783795
2009-11-24,1.1522815783006186,0.8962041335544377
2009-11-25,1.1584890036411306,0.9018050114377015
2009-11-27,1.1365915312831187,0.8820680256060446
2009-11-30,1.1427983396712016,0.8906084340328867
2009-12-01,1.1555496033127122,0.9006420307995159
2009-12-02,1.1581005068253283,0.9056972988166804
2009-12-03,1.1454841162881255,0.8968281204268052
2009-12-04,1.1494457931482036,0.902858377034308
2009-12-07,1.1533434433352823,0.9007246475241593
2009-12-08,1.1373240644827762,0.8909012836562108
2009-12-09,1.140594352196152,0.8955691107087714
2009-12-10,1.1518678419150195,0.9024731778534163
2009-12-11,1.1532982384446298,0.905268582166687
2009-12-14,1.1649167782346772,0.9159638555854259
2009-12-15,1.1606293928168891,0.9104937646758628
2009-12-16,1.1591464571271106,0.9142624071513488
2009-12-17,1.1429394627580403,0.9007292395921426
2009-12-18,1.1454214411306207,0.9056149112638172
2009-12-21,1.1553821227794079,0.9153099776019868
2009-12-22,1.158613355072024,0.9178915109876961
2009-12-23,1.166285087466401,0.925828430319598
2009-12-24,1.171049938584969,0.9321899920664973
2009-12-28,1.1729197412406662,0.931170974333643
2009-12-29,1.1725133395435436,0.9293367227438207
2009-12-30,1.1716476889673169,0.9301156048923019
2009-12-31,1.1591112872362879,0.9213594930141604
2010-01-04,1.170918727865117,0.9363841845923175
2010-01-05,1.174656440113389,0.9438859838325174
2010-01-06,1.1763399537181052,0.9452450453862865
2010-01-07,1.1761271310812118,0.9466975233597885
2010-01-08,1.1846131098769812,0.9519146659094562
2010-01-11,1.1885867222463753,0.9555334315773575
2010-01-12,1.1773681816659145,0.939646592025778
2010-01-13,1.185730318637015,0.9486699738736938
2010-01-14,1.177471778213298,0.9461916084261687
2010-01-15,1.1680567458697895,0.9365742516875912
2010-01-19,1.1805757616783423,0.9476552399980257
2010-01-20,1.166134079516031,0.9372479840799315
2010-01-21,1.1487027563196892,0.9239546992825789
2010-01-22,1.1261122439552347,0.8945834634988519
2010-01-25,1.1283014077294942,0.8971514993531993
2010-01-26,1.1303999276735535,0.8956857154149542
2010-01-27,1.135816238768039,0.9003779021531363
2010-01-28,1.1298505032325847,0.8915780146985218
2010-01-29,1.1181584406033716,0.8747167279772688
2010-02-01,1.132672758052758,0.892089876212499
2010-02-02,1.150298812648946,0.9076331977952553
2010-02-03,1.1467229570681523,0.9049384811294753
2010-02-04,1.1149130217240113,0.8708047443404437
2010-02-05,1.1194178685022151,0.8757424900248318
2010-02-08,1.1102166468032932,0.8714880765989658
2010-02-09,1.1266047190389952,0.8861799123329425
2010-02-10,1.1230897891071208,0.8831062089926176
2010-02-11,1.1412585989714252,0.9005827164267998
2010-02-12,1.13612828215634,0.8962228711639432
2010-02-16,1.1536346891985423,0.9121732705756797
2010-02-17,1.1575926441421265,0.9175580751032273
2010-02-18,1.1646417025774973,0.9218151217432012
2010-02-19,1.170216982993578,0.9243404900482686
2010-02-22,1.1657513559207446,0.9217274410041868
2010-02-23,1.1562981777327712,0.9095489083949894
2010-02-24,1.1673813623223528,0.9192741172929438
2010-02-25,1.1681095153475436,0.9172771772236755
2010-02-26,1.1653487016777542,0.9179391913025448
2010-03-01,1.183084131029426,0.9381611815499427
2010-03-02,1.1853333799643304,0.9400157113086356
2010-03-03,1.1857751061458388,0.9385926684733535
2010-03-04,1.18885951209861,0.9401931889848407
2010-03-05,1.2053410009182393,0.9535593674273871
2010-03-08,1.2050732051725708,0.9533169234500298
2010-03-09,1.2094423150876081,0.9543662652778351
2010-03-10,1.2146250579976072,0.9604388542579195
2010-03-11,1.2186791059944204,0.9640609987394309
2010-03-12,1.2167526105767905,0.9646415645564468
2010-03-15,1.218579820915356,0.9639340280236411
2010-03-16,1.2277052915801325,0.9751999834724746
2010-03-17,1.2303095504552466,0.9806429310276306
2010-03-18,1.2301494751852364,0.978937639804787
2010-03-19,1.2293464956076645,0.9712605840576138
2010-03-22,1.233354870644692,0.982487363362558
2010-03-23,1.240383442178042,0.9928860738787089
2010-03-24,1.2293701231410823,0.9835351766250404
2010-03-25,1.2321140625609712,0.9825952007445404
2010-03-26,1.234380151270839,0.982564054291705
2010-03-29,1.244112626864547,0.990437891902745
2010-03-30,1.24540728568108,0.990428930700967
2010-03-31,1.2410185451421842,0.9843125013682021
2010-04-01,1.2495882197667576,0.9903160756764781
2010-04-05,1.2604167522719973,1.004234969321599
2010-04-06,1.2602230236824519,1.0079966523873265
2010-04-07,1.2514435516198454,0.9990145131511157
2010-04-08,1.2571395050961816,1.0037338860645162
2010-04-09,1.2641656009017943,1.0118662433246408
2010-04-12,1.2695111118886204,1.0155346145922748
2010-04-13,1.2737159515847754,1.0183182870542198
2010-04-14,1.2825632727685665,1.0332717242805531
2010-04-15,1.2814737059240717,1.0327275176269233
2010-04-16,1.2671813273243344,1.016041262175176
2010-04-19,1.271693425632311,1.0161912214227475
2010-04-20,1.2811998274863077,1.0277187840437805
2010-04-21,1.2771959404395963,1.028919680503574
2010-04-22,1.2887774346991936,1.0455430653750437
2010-04-23,1.2953158993084508,1.052431986560543
2010-04-26,1.2960655949460207,1.0571273179245184
2010-04-27,1.2686406818075624,1.0301040539439614
2010-04-28,1.2728543527471297,1.028616453869292
2010-04-29,1.290451582013038,1.0512000611152195
2010-04-30,1.2702446011637387,1.0248095058842295
2010-05-03,1.286483644014416,1.0434342509678107
2010-05-04,1.2565401021098963,1.0127242904310496
2010-05-05,1.2501412782028574,1.0011826244964708
2010-05-06,1.2170483574634023,0.9695497509684209
2010-05-07,1.199407601241448,0.9501374060986696
2010-05-10,1.2486218463245775,1.0021361253379664
2010-05-11,1.2483169670443683,0.9998696134836952
2010-05-12,1.2691384876472076,1.0223484999841308
2010-05-13,1.256468413512658,1.0105832706481874
2010-05-14,1.2322573928263623,0.9859237873332912
2010-05-17,1.2372372180759368,0.9885037238131396
2010-05-18,1.221221991212796,0.970940359012592
2010-05-19,1.2152948231400351,0.9610264896712305
2010-05-20,1.168877532615555,0.9218974387336554
2010-05-21,1.183840248611584,0.9401994690848615
2010-05-24,1.175942409273423,0.9313856990182342
2010-05-25,1.1744421488915562,0.9320780550231142
2010-05-26,1.166151984975881,0.9287019642584421
2010-05-27,1.2033277252381596,0.9644562522969862
2010-05-28,1.1931299864922298,0.9528327799169845
2010-06-01,1.17816184070024,0.9380108462055202
2010-06-02,1.207031721527455,0.9647518842495654
2010-06-03,1.210902731099493,0.9702404177202649
2010-06-04,1.1690048820225387,0.9315888278262177
2010-06-07,1.1511134180843672,0.9142246186347847
2010-06-08,1.159508114190523,0.9205890284246666
2010-06-09,1.1550344308505154,0.9191430899886086
2010-06-10,1.1915689136029612,0.950597251919342
2010-06-11,1.1968033064191603,0.9584821652919966
2010-06-14,1.1979816731306898,0.9594794753610978
2010-06-15,1.2215709543361943,0.9807479255156811
2010-06-16,1.222910775782344,0.9824624237854691
2010-06-17,1.2295161172442166,0.9857065885365788
2010-06-18,1.233428754431126,0.9878305828244333
2010-06-21,1.2304393641627804,0.9831836322292056
2010-06-22,1.2094086476364754,0.9642749775077136
2010-06-23,1.205974717291109,0.9626068626912464
2010-06-24,1.1834808707189848,0.9426776763560669
2010-06-25,1.1902796387936077,0.9501691951857961
2010-06-28,1.182918128839398,0.941810197476177
2010-06-29,1.1486633104388366,0.9061695877416832
2010-06-30,1.1350033570657743,0.8958703568588493
2010-07-01,1.1337999734366382,0.8974224313803486
2010-07-02,1.1271912939008657,0.8913547442869214
2010-07-06,1.1323960301200842,0.8917603689123661
2010-07-07,1.1663747678278513,0.9212442993154168
2010-07-08,1.168842127374739,0.9256962569677334
2010-07-09,1.175820067675626,0.9325277399526627
2010-07-12,1.1754664124575094,0.9329912218566412
2010-07-13,1.1938555753169187,0.951175063235738
2010-07-14,1.1931641127045032,0.9513286974322349
2010-07-15,1.1944390555391458,0.9514603397551202
2010-07-16,1.1565863508561776,0.9210703216282167
2010-07-19,1.1608663728341615,0.9254445165543029
2010-07-20,1.1786049687460938,0.9388167940173674
2010-07-21,1.1697142508039888,0.9282650952658585
2010-07-22,1.180988836306664,0.9375829959667222
2010-07-23,1.1964083221432134,0.9533028990253635
2010-07-26,1.2033913339801043,0.9614582246059659
2010-07-27,1.197956010817865,0.9548724438556359
2010-07-28,1.1906355196736067,0.9457571817832444
2010-07-29,1.182200029395659,0.9394585010310328
2010-07-30,1.187194316907918,0.9451137434534791
2010-08-02,1.2059271041432496,0.9601925415325501
2010-08-03,1.2004694398916438,0.9540277764872086
2010-08-04,1.2114055850383856,0.9636986046737226
2010-08-05,1.2087576772319881,0.9611443017895586
2010-08-06,1.2116410580289176,0.9630730594528321
2010-08-09,1.2177114884288776,0.9677485804558648
2010-08-10,1.2111996755565804,0.9622376049228667
2010-08-11,1.1796264367338836,0.9363650637165342
2010-08-12,1.179019398249708,0.9375553457676384
2010-08-13,1.1754025595123252,0.9334312670472894
2010-08-16,1.175682714233271,0.9337121518677421
2010-08-17,1.190913327320605,0.946904684875428
2010-08-18,1.1907239086134862,0.9473798342289497
2010-08-19,1.1753189162913678,0.9348752378140843
2010-08-20,1.179721113117215,0.943659380152561
2010-08-23,1.1722942028150969,0.9353144285012925
2010-08-24,1.15487034067654,0.920281678523527
2010-08-25,1.1661528314479104,0.9274260369912884
2010-08-26,1.1577370991926517,0.9217992176150547
2010-08-27,1.17728770450091,0.9380961283142687
2010-08-30,1.158855934773312,0.9228677759696056
2010-08-31,1.1573903372057293,0.9229181377638082
2010-09-01,1.1938784641018487,0.9562996541262782
2010-09-02,1.2071791303403543,0.9695590279436079
2010-09-03,1.2225759185785965,0.9812325843059964
2010-09-07,1.214958406247709,0.9743444188121676
2010-09-08,1.2229363094930943,0.9823841577137747
2010-09-09,1.2247556411678342,0.9795165587555378
2010-09-10,1.2291547192192513,0.981537924296475
2010-09-13,1.2433956990823116,0.9944455104229494
2010-09-14,1.2466196647785233,0.9977399974494946
2010-09-15,1.2469590680942428,0.9956873979952263
2010-09-16,1.2474258127889957,0.9979441575891759
2010-09-17,1.2509167841392064,1.0037543090216041
2010-09-20,1.2715094039906913,1.0227250523133349
2010-09-21,1.269900357226038,1.0224785085431896
2010-09-22,1.2724356118872655,1.0228225167925036
2010-09-23,1.2656582683622897,1.0175149881195704
2010-09-24,1.2914335126930758,1.0389223566607242
2010-09-27,1.2833574204334395,1.0334788621383153
2010-09-28,1.2892386818529857,1.0382053684316126
2010-09-29,1.2870980493493376,1.0385346643591096
2010-09-30,1.2767141232343866,1.0297809283888626
2010-10-01,1.2823938373708739,1.0310519093393524
2010-10-04,1.2693673221517257,1.0229891199338315
2010-10-05,1.2923984531979482,1.0437021138330553
2010-10-06,1.2909023354718259,1.0384483752253322
2010-10-07,1.2947381632613206,1.0385539652626554
2010-10-08,1.3004052681703933,1.0445549864521595
2010-10-11,1.302866538617304,1.041916352221696
2010-10-12,1.3084984102979815,1.0469641266929028
2010-10-13,1.3142509565825762,1.054525456036572
2010-10-14,1.3171724993968852,1.0537278993484542
2010-10-15,1.3251386152509488,1.0584275698186763
2010-10-18,1.3263313071424843,1.057856056494928
2010-10-19,1.305426022825841,1.041230358276807
2010-10-20,1.3222629713842629,1.0551834583457527
2010-10-21,1.3279505861107515,1.0603091300278333
2010-10-22,1.3358905917386008,1.0678354136532981
2010-10-25,1.3425995182612749,1.0744337178503065
2010-10-26,1.3441374769536423,1.0744182957490647
2010-10-27,1.337275645022447,1.0704718051443152
2010-10-28,1.3399032253487475,1.0730768260649792
2010-10-29,1.3421559572083461,1.0764382653769662
2010-11-01,1.3405415182108735,1.0762552442800524
2010-11-02,1.3547196935695893,1.0870867467333845
2010-11-03,1.3598582796779475,1.0900563273671262
2010-11-04,1.381971943569016,1.1067979546958402
2010-11-05,1.387417054315687,1.1120894558528616
2010-11-08,1.3832918054988332,1.112111188463148
2010-11-09,1.3719009760029979,1.1040605941709791
2010-11-10,1.3814055962945917,1.114773422647912
2010-11-11,1.370577344935018,1.109578774143612
2010-11-12,1.3532527644898673,1.094539082302492
2010-11-15,1.345336398798859,1.0876241027867202
2010-11-16,1.3246487166560301,1.0702875046616402
2010-11-17,1.3261533586709342,1.0762780425919258
2010-11-18,1.341786831515589,1.093982724437547
2010-11-19,1.3503478091662051,1.102517110632514
2010-11-22,1.3599483422542358,1.1117499979534988
2010-11-23,1.3413546503558382,1.0972363998512111
2010-11-24,1.3672259656811765,1.1190128399299133
2010-11-26,1.3594566380494837,1.113773903474234
2010-11-29,1.3569699011451977,1.1103141012291164
2010-11-30,1.3506404713445366,1.1049558678173983
2010-12-01,1.3792200804055015,1.1275004969395646
2010-12-02,1.3975432997805382,1.1394505667941626
2010-12-03,1.3992379521977456,1.1420577196586061
2010-12-06,1.3967094615109117,1.1441017075149373
2010-12-07,1.3943530839777412,1.1433713870731617
2010-12-08,1.3927924856470062,1.1456097982669704
2010-12-09,1.3974575551793456,1.1505813698216338
2010-12-10,1.4033988869605953,1.156535293721505
2010-12-13,1.3980214648709341,1.150049227977054
2010-12-14,1.4071346764217683,1.149638667462076
2010-12-15,1.3973800792761317,1.1429024764896656
2010-12-16,1.411346933664212,1.1547727714127942
2010-12-17,1.4145541283151064,1.1564939665218275
2010-12-20,1.4148283426848425,1.1615844719539876
2010-12-21,1.420001804078712,1.1717504613864655
2010-12-22,1.4210522658308788,1.1708657042874695
2010-12-23,1.4154158239381356,1.1658325230718993
2010-12-27,1.4140103186486153,1.1651544518558177
2010-12-28,1.414505509102731,1.1640329359564143
2010-12-29,1.4157656953666673,1.1652187776514957
2010-12-30,1.4148662355251211,1.1646061442897067
2010-12-31,1.4116008231124326,1.160928351707235
2011-01-03,1.4252504258257541,1.173356398622215
2011-01-04,1.4186523558671946,1.171170840900202
2011-01-05,1.4197904620890383,1.1785781507717334
2011-01-06,1.4224491771639747,1.1747139520379506
2011-01-07,1.4280235398653571,1.1752340818911649
2011-01-10,1.4353669634217492,1.1818128332334699
2011-01-11,1.4390512552529813,1.183303913528301
2011-01-12,1.4568631724453664,1.1925823953946706
2011-01-13,1.4571656505453772,1.1935978596626156
2011-01-14,1.4685952397917013,1.2018177351623673
2011-01-18,1.4728005176876997,1.205008578611818
2011-01-19,1.4595285304779069,1.1921694347291458
2011-01-20,1.4546425725397023,1.1817417097752105
2011-01-21,1.4589549202913523,1.1824406951479303
2011-01-24,1.4743343481267281,1.1908027986503251
2011-01-25,1.4819654522322891,1.1924998553872126
2011-01-26,1.4891258657065571,1.2063381245412588
2011-01-27,1.4957660808419833,1.2180197627989857
2011-01-28,1.4702943164863291,1.197855493345555
2011-01-31,1.4768160224800864,1.2053646884178995
2011-02-01,1.499805576234659,1.2212286820806786
2011-02-02,1.4973645969366873,1.2186290204806582
2011-02-03,1.503637037403114,1.2230006417484716
2011-02-04,1.5105075160441441,1.2339610951551871
2011-02-07,1.5108277525897018,1.2336440287842942
2011-02-08,1.513236255173685,1.2400970263773905
2011-02-09,1.5101132746623867,1.2382110417371972
2011-02-10,1.5105672249387856,1.2397279564909842
2011-02-11,1.5214211531600488,1.2529848867171223
2011-02-14,1.527330892579721,1.2594449672593127
2011-02-15,1.5205777860731295,1.2525935826389187
2011-02-16,1.5253822574009779,1.2576388210014169
2011-02-17,1.533232273140223,1.2616813201197152
2011-02-18,1.5345088280190502,1.2621666577597659
2011-02-22,1.5013524016370374,1.2237884080475037
2011-02-23,1.4851667056894549,1.2038336521197304
2011-02-24,1.486143112763748,1.2145642424477796
2011-02-25,1.5031289509465375,1.2300470005586366
2011-02-28,1.5057699283682844,1.2290125383987887
2011-03-01,1.4879440448566195,1.207388562947669
2011-03-02,1.489578784874694,1.2098990589695944
2011-03-03,1.511888222621245,1.2343319542451885
2011-03-04,1.5070124254741373,1.228557577716359
2011-03-07,1.4932104311228005,1.2111656752522808
2011-03-08,1.4987042119614757,1.2156870593681324
2011-03-09,1.491531143231958,1.206830094285525
2011-03-10,1.4698932546979093,1.18497199255523
2011-03-11,1.481893541817943,1.1947892237879496
2011-03-14,1.4734570623242549,1.1906780120440785
2011-03-15,1.4681001273767704,1.185405259620213
2011-03-16,1.4443465171318328,1.1652745728819234
2011-03-17,1.4624846028422631,1.1813375026100221
2011-03-18,1.463876572174432,1.1840413462310446
2011-03-21,1.484572807634199,1.2074630965236404
2011-03-22,1.4829448950856068,1.2024014901029423
2011-03-23,1.4968292331659636,1.2143628348703444
2011-03-24,1.5115088947248678,1.2321897775401789
2011-03-25,1.5150179110763502,1.2349262096724891
2011-03-28,1.513046488999871,1.2355344503513652
2011-03-29,1.5230274561391082,1.246754999855267
2011-03-30,1.5361488892014765,1.2545291784066492
2011-03-31,1.53268409409282,1.2551982959078567
2011-04-01,1.537894225459784,1.2600307304454452
2011-04-04,1.5385227413769995,1.2621242195925695
2011-04-05,1.5417277228279753,1.2642984279448983
2011-04-06,1.54748603421008,1.2627386422396016
2011-04-07,1.5470403633909857,1.2572748850397684
2011-04-08,1.5390239423754075,1.2472954928192128
2011-04-11,1.5345106754054971,1.2438798874535542
2011-04-12,1.5274469533134687,1.2373191469984388
2011-04-13,1.5277862816345336,1.243515202906923
2011-04-14,1.5349200010552213,1.2474057770057427
2011-04-15,1.5453382480937834,1.2569035569666585
2011-04-18,1.5286153299741971,1.2389063839137728
2011-04-19,1.5379798335099344,1.2468767676217378
2011-04-20,1.561480036067233,1.2690236243102007
2011-04-21,1.5646329871807767,1.277474159231602
2011-04-25,1.5631556237797832,1.2767710733121773
2011-04-26,1.575733973681745,1.2859076552368984
2011-04-27,1.5865558162740472,1.3071001442467405
2011-04-28,1.5880957776222984,1.3119765909060734
2011-04-29,1.5897514907675172,1.30986190300724
2011-05-02,1.5872099776091375,1.3037724126534667
2011-05-03,1.5762339075334209,1.2880017747839232
2011-05-04,1.5675932116381437,1.273981452873914
2011-05-05,1.5579963139884183,1.2661807988845364
2011-05-06,1.5679218213591362,1.2757662656457862
2011-05-09,1.580186294179735,1.2884385217574525
2011-05-10,1.5923464086976198,1.2980788827976966
2011-05-11,1.5786253017548342,1.2809708083241633
2011-05-12,1.5900420461850349,1.289370223343119
2011-05-13,1.5766190635855177,1.275460684063511
2011-05-16,1.5635991272911212,1.2606167544715094
2011-05-17,1.5583445153348785,1.2547784534741702
2011-05-18,1.5750418206888934,1.275442958722174
2011-05-19,1.574075321833325,1.2749668578849094
2011-05-20,1.5697118278796598,1.2713477086399547
2011-05-23,1.556316560431678,1.2523428466193787
2011-05-24,1.5573927821113513,1.2541789912423928
2011-05-25,1.5655478309643147,1.2677777179563092
2011-05-26,1.5700705993736213,1.276359952630728
2011-05-27,1.5749813246266837,1.2820489749582589
2011-05-31,1.5920411066733482,1.2964093385188082
2011-06-01,1.5598752343491875,1.2683356045751477
2011-06-02,1.5585719753418625,1.2652133584363539
2011-06-03,1.5455183166700617,1.2524213991167927
2011-06-06,1.5298618522073897,1.234541533991372
2011-06-07,1.5320075199577936,1.2384348121190776
2011-06-08,1.5249802352137942,1.2257962036277523
2011-06-09,1.5334187729113367,1.2283354678124618
2011-06-10,1.5107674183026758,1.2092253739481615
2011-06-13,1.5094194259791893,1.203670281986264
2011-06-14,1.5319758562715124,1.2227869379880087
2011-06-15,1.5092176864919558,1.2003616734303555
2011-06-16,1.5092419406766473,1.1942473676699463
2011-06-17,1.5141031733374053,1.1875317275988115
2011-06-20,1.5230245429784215,1.1923552327289444
2011-06-21,1.544348249370333,1.218028143046761
2011-06-22,1.537370520635587,1.215490983231079
2011-06-23,1.5388766296693228,1.222328775590377
2011-06-24,1.5235602879570915,1.2066218111994818
2011-06-27,1.5324714771104664,1.2130023478198504
2011-06-28,1.5537503913267683,1.2332521815381243
2011-06-29,1.5602787120807458,1.2414456182415867
2011-06-30,1.5779531440366468,1.2581123277148272
2011-07-01,1.600016774880121,1.2784040941115953
2011-07-05,1.6004684201750219,1.2801233184685967
2011-07-06,1.6012480047988789,1.2808720497877244
2011-07-07,1.6151249207316607,1.2867909634936525
2011-07-08,1.605633685876427,1.2780927771008124
2011-07-11,1.5802258065795738,1.2505920563854833
2011-07-12,1.5745084625999748,1.2398961236210053
2011-07-13,1.5796356795752415,1.2468407211624841
2011-07-14,1.5662155871022263,1.2359581872544163
2011-07-15,1.5699931314344544,1.2388914341418222
2011-07-18,1.5592456474526324,1.2268661553572668
2011-07-19,1.584393776702981,1.2496929436466262
2011-07-20,1.5871800899728754,1.2421108680719548
2011-07-21,1.6036346869391258,1.2509235336189366
2011-07-22,1.6039812560703064,1.257177951201048
2011-07-25,1.5944252825175114,1.2460833486587202
2011-07-26,1.5805300216325127,1.2373788893352438
2011-07-27,1.5501597575928983,1.206112595918955
2011-07-28,1.5504876686192322,1.2081610317818945
2011-07-29,1.5391069908177248,1.200962049211081
2011-08-01,1.533597233711414,1.1911566513627976
2011-08-02,1.4938974451134357,1.1503894940062953
2011-08-03,1.5017552843693873,1.159948428219042
2011-08-04,1.4324888406516483,1.098358070629482
2011-08-05,1.438518268380324,1.0989611785409206
2011-08-08,1.3484652361467158,1.0226277591940267
2011-08-09,1.4186687551188182,1.0863469862806707
2011-08-10,1.3655942504442546,1.0466398043602474
2011-08-11,1.4303123683395433,1.101488413749545
2011-08-12,1.4375104852244291,1.1110117438624578
2011-08-15,1.4666747262644988,1.1376626472271143
2011-08-16,1.4574556789672977,1.1259383886661902
2011-08-17,1.4587394095610875,1.1255929270112486
2011-08-18,1.401336188015916,1.0719311535022058
2011-08-19,1.3836030408979876,1.0552660168925483
2011-08-22,1.3865432618909785,1.0544422136971692
2011-08-23,1.440036168723426,1.0994324295492814
2011-08-24,1.4557130324249579,1.1134588856056196
2011-08-25,1.4299006711638178,1.0940458277111476
2011-08-26,1.4535567956042843,1.1138285482071975
2011-08-29,1.49180121061279,1.1454595963319099
2011-08-30,1.4987168655168805,1.153367686712839
2011-08-31,1.4985927937279688,1.1532112364202973
2011-09-01,1.482258792355717,1.1426222269812687
2011-09-02,1.4433759340094394,1.1173861876901734
2011-09-06,1.4390667656623806,1.1189333096581677
2011-09-07,1.4785425725752923,1.1483643806972572
2011-09-08,1.4655160274770913,1.1399023649578992
2011-09-09,1.4297479863582667,1.1060955373304602
2011-09-12,1.4406013576914518,1.115147920258194
2011-09-13,1.4544059601302524,1.1278511535014226
2011-09-14,1.4749523750654252,1.1440166513394452
2011-09-15,1.487192109399267,1.1498300340355512
2011-09-16,1.4922172737768196,1.1530007534491598
2011-09-19,1.4744984935472134,1.1453887869408608
2011-09-20,1.4657396486972494,1.1402129754902512
2011-09-21,1.4241075547318849,1.114769617698888
2011-09-22,1.3805434669567038,1.0802919100665023
2011-09-23,1.3877822708909104,1.088059136476857
2011-09-26,1.4134778021935124,1.1053366042547408
2011-09-27,1.4249990968101194,1.1104131747665085
2011-09-28,1.397509223045403,1.0871835495295203
2011-09-29,1.3987078534828359,1.0810182673916493
2011-09-30,1.371434417402647,1.0612345679094288
2011-10-03,1.3339399715708917,1.0317231940723008
2011-10-04,1.3749303388474394,1.0548635051793045
2011-10-05,1.4079212477903271,1.074944906177145
2011-10-06,1.4259336889084044,1.0917927072116829
2011-10-07,1.4168265564265914,1.087248988064208
2011-10-10,1.456715330871005,1.1159458749415805
2011-10-11,1.4566114437063322,1.1170704793072568
2011-10-12,1.4717292019192907,1.1226926024199664
2011-10-13,1.4751787635213829,1.129608711732798
2011-10-14,1.4992986980727827,1.1484056942784546
2011-10-17,1.469340250310219,1.1277586923645586
2011-10-18,1.4915481584819068,1.1394079110189743
2011-10-19,1.4784341249888378,1.1235389304606618
2011-10-20,1.4830257972704883,1.1280249289550568
2011-10-21,1.5129603106391696,1.1488950077430995
2011-10-24,1.5318580028380568,1.16315324129275
2011-10-25,1.4863375518346815,1.133254087272931
2011-10-26,1.492952107738983,1.1329789839391986
2011-10-27,1.5471281219766306,1.1667922691040882
2011-10-28,1.5522597172030894,1.1694325316210141
2011-10-31,1.5193721018255752,1.149957803844206
2011-11-01,1.4817164251800206,1.1266804731654272
2011-11-02,1.5042891127891425,1.140902510885337
2011-11-03,1.5374700643284824,1.1641380916082542
2011-11-04,1.5314790129462341,1.1641185105766516
2011-11-07,1.5386832645370152,1.1665390096485886
2011-11-08,1.556110466182837,1.1777672553058924
2011-11-09,1.4971622030947684,1.1406731572932454
2011-11-10,1.5057830969300312,1.1483386624583007
2011-11-11,1.537180421183269,1.1727970379856194
2011-11-14,1.5237858469574919,1.1639594409158098
2011-11-15,1.531361987029749,1.1702740091156048
2011-11-16,1.5002734176167634,1.1500771823889522
2011-11-17,1.4721307734287172,1.1329929716086735
2011-11-18,1.473843661785287,1.1311446336486315
2011-11-21,1.4491865310141534,1.1185293604609106
2011-11-22,1.4428903166852243,1.117850747480617
2011-11-23,1.4122438057287332,1.0954060934902146
2011-11-25,1.4034737232992722,1.0912957910341403
2011-11-28,1.446795060892104,1.122766998945968
2011-11-29,1.449095563747551,1.1242497866010854
2011-11-30,1.5026853120692156,1.1612643129849893
2011-12-01,1.5026241730639707,1.165888075842217
2011-12-02,1.5003648951678756,1.1603398513462604
2011-12-05,1.5158721780224436,1.1689948251173632
2011-12-06,1.5164157460674583,1.1698377717361295
2011-12-07,1.5199252979515248,1.1713597306534276
2011-12-08,1.4910294898195504,1.1489008558741294
2011-12-09,1.5169717850861322,1.1691512881338384
2011-12-12,1.499251704923605,1.1562642956931823
2011-12-13,1.4838235084597866,1.1416185328468798
2011-12-14,1.4632598890699793,1.128728902959984
2011-12-15,1.4710733741680107,1.133644384378815
2011-12-16,1.4772970176349716,1.138922048457652
2011-12-19,1.4615028978931963,1.1295176244316862
2011-12-20,1.511314934760736,1.1621638048623308
2011-12-21,1.525481945472029,1.1675283712205122
2011-12-22,1.5414841645554351,1.1732682026041203
2011-12-23,1.5530003259025655,1.1844190489158708
2011-12-27,1.5539418857317941,1.186264482209119
2011-12-28,1.534317276984795,1.1712003823167527
2011-12-29,1.5492673876686183,1.182886447302641
2011-12-30,1.5417840267405682,1.1753281568058305
2012-01-03,1.5587998275068538,1.178393596583242
2012-01-04,1.5626346393169286,1.1779651998552612
2012-01-05,1.5737129295122878,1.185399384411713
2012-01-06,1.571969272555426,1.1830809151906252
2012-01-09,1.5745087832502913,1.180886162635486
2012-01-10,1.5883132355429512,1.1874329380590274
2012-01-11,1.590134383892473,1.189555211220063
2012-01-12,1.5915825553834422,1.1931372952218942
2012-01-13,1.5853794550530549,1.1828727777692312
2012-01-17,1.5968036787622228,1.1980617869256445
2012-01-18,1.6170187746856541,1.2106539153743316
2012-01-19,1.6281830380093945,1.2159755032173092
2012-01-20,1.6278451324048575,1.2097604006580613
2012-01-23,1.6256356476375426,1.2078999541975513
2012-01-24,1.6271761136469558,1.209789933616373
2012-01-25,1.645549936969566,1.2216557417571505
2012-01-26,1.6397085805824254,1.2184493478436982
2012-01-27,1.635712063907753,1.2185190547125082
2012-01-30,1.628092615697375,1.2147362579733727
2012-01-31,1.6308164940413614,1.217605982475849
2012-02-01,1.649181625253718,1.2292197819225819
2012-02-02,1.651392921472372,1.2346927818060103
2012-02-03,1.6742830910335398,1.2509957623309655
2012-02-06,1.671648345991938,1.25161788484265
2012-02-07,1.6736883323027567,1.2572628684633764
2012-02-08,1.6793506732152819,1.2620483176153066
2012-02-09,1.6839592603686075,1.267780763587023
2012-02-10,1.6724708047649743,1.2603348082199421
2012-02-13,1.6840087774838675,1.2723021491349142
2012-02-14,1.6868444648561327,1.2738137529078495
2012-02-15,1.6738669212531179,1.2626963799162232
2012-02-16,1.6958565265915768,1.2735191976828903
2012-02-17,1.6989109397191813,1.2766238060001005
2012-02-21,1.7001397542751102,1.275867731800784
2012-02-22,1.6937058355047925,1.2754267007989648
2012-02-23,1.6990284690818374,1.2808785775680884
2012-02-24,1.7040881865367694,1.2852574334333147
2012-02-27,1.7120284980995446,1.2914549039000478
2012-02-28,1.7112334215421154,1.2949131381433516
2012-02-29,1.7035969646734155,1.2900283804259483
2012-03-01,1.712464652768416,1.2996718541513803
2012-03-02,1.7054739452434686,1.294980684925665
2012-03-05,1.700254200499149,1.2923468102879279
2012-03-06,1.6761485641716594,1.2743186297526683
2012-03-07,1.685943616868325,1.2831792799644048
2012-03-08,1.7033323823728483,1.2977786462015375
2012-03-09,1.708725702063026,1.305928801196025
2012-03-12,1.7120051453516898,1.3084911544774778
2012-03-13,1.7374405419499834,1.3264349379783806
2012-03-14,1.7320866455761983,1.3235011404073844
2012-03-15,1.7428427172935181,1.3296957067808435
2012-03-16,1.743204463723429,1.3284737240059177
2012-03-19,1.748017072790185,1.3320785336705954
2012-03-20,1.7400739831145944,1.331692597723199
2012-03-21,1.739763006072614,1.333468987641408
2012-03-22,1.7278504008183604,1.3318678347004407
2012-03-23,1.7332128293097564,1.3346765332497634
2012-03-26,1.7596395449181421,1.3550403010016037
2012-03-27,1.7585788943018845,1.3538286558434007
2012-03-28,1.745897991951171,1.3486147723974173
2012-03-29,1.7483742953797392,1.3481657998498942
2012-03-30,1.7567192609094164,1.352576300724698
2012-04-02,1.7754155570917656,1.3691918129079768
2012-04-03,1.7714271740008902,1.371567818985368
2012-04-04,1.7556188033941416,1.3603384178134563
2012-04-05,1.7579700446864337,1.3662604274882355
2012-04-09,1.7385102641768546,1.3549148784824516
2012-04-10,1.7055905171270036,1.325403797398779
2012-04-11,1.7156460701372103,1.3405745525009531
2012-04-12,1.7448762529668453,1.360471696966196
2012-04-13,1.7271067561303055,1.354882916816693
2012-04-16,1.7320207806720342,1.35419968652298
2012-04-17,1.758545936996621,1.3706563079062408
2012-04-18,1.7527858133984158,1.3735986894265546
2012-04-19,1.7409072088725992,1.3647887649503583
2012-04-20,1.7404052022679202,1.364148406322521
2012-04-23,1.7213217271949197,1.3498839574938837
2012-04-24,1.7157160722213445,1.3443290880337864
2012-04-25,1.7374571708503523,1.3696164598957785
2012-04-26,1.7515118713709714,1.3893447594723265
2012-04-27,1.7619881378343625,1.3950894504083609
2012-04-30,1.751480226261429,1.38566588497269
2012-05-01,1.7573343005674436,1.3937549188450098
2012-05-02,1.7549538941197347,1.3955371224480309
2012-05-03,1.7384118351596263,1.377709047718285
2012-05-04,1.716935816501054,1.3564420057335906
2012-05-07,1.7187197624666737,1.3566833288219526
2012-05-08,1.711329703597164,1.347414544365055
2012-05-09,1.71350787720625,1.3448329970410329
2012-05-10,1.7174805245798952,1.3501441647490489
2012-05-11,1.7195699063953431,1.351739924525286
2012-05-14,1.7019028621336603,1.3351021906575646
2012-05-15,1.6886720278809744,1.3273903539290544
2012-05-16,1.6798521671376412,1.3164679606243237
2012-05-17,1.653739733181264,1.2860377154031697
2012-05-18,1.6391097191114268,1.2661035857380456
2012-05-21,1.6655419004645902,1.2931862692067222
2012-05-22,1.6658589659612786,1.2933957738694974
2012-05-23,1.678355455356535,1.3053518639536115
2012-05-24,1.6845315071808082,1.3070443714412598
2012-05-25,1.6827183540881587,1.3073577960040423
2012-05-29,1.70382454666959,1.3249970965710278
2012-05-30,1.6788710588096225,1.3067992679152665
2012-05-31,1.6744354647071205,1.3012638887726573
2012-06-01,1.6403063423130293,1.261636420150318
2012-06-04,1.6429081922958395,1.2658217428133407
2012-06-05,1.6561264890383824,1.2760799045476217
2012-06-06,1.6914198584792266,1.3068932685553993
2012-06-07,1.6904695723868788,1.303910790241836
2012-06-08,1.7063734605686984,1.3177880585703636
2012-06-11,1.6865593707950148,1.2988522392379356
2012-06-12,1.7135254081207896,1.3193848154546908
2012-06-13,1.698212544918859,1.303324803042998
2012-06-14,1.7122868160744065,1.3145457080163239
2012-06-15,1.7294710532008353,1.3277949715699113
2012-06-18,1.74079061225586,1.3391615183380776
2012-06-19,1.7570207237201094,1.3484197019504711
2012-06-20,1.7516866093586514,1.344828795093013
2012-06-21,1.710910584723403,1.3124611992200563
2012-06-22,1.7166902992106758,1.320014963655514
2012-06-25,1.6913932731707169,1.299495463831595
2012-06-26,1.700408645253027,1.3109589788026796
2012-06-27,1.7022366459123381,1.3072051391221353
2012-06-28,1.704421744408031,1.3003386503902896
2012-06-29,1.7518976536423307,1.3401443649492693
2012-07-02,1.756495061901938,1.3485305498099345
2012-07-03,1.7690643010846785,1.354028631729963
2012-07-05,1.762478375536945,1.3551461354427565
2012-07-06,1.7462530711144997,1.3444250112470566
2012-07-09,1.7437584499741299,1.3418187451640455
2012-07-10,1.720599588782889,1.3252086480427334
2012-07-11,1.7175601152025843,1.3196224567652606
2012-07-12,1.7109871677973907,1.3170920704943196
2012-07-13,1.7401838037369437,1.337695778837801
2012-07-16,1.7322579974519832,1.3298073909494257
2012-07-17,1.741955362847093,1.3413113793295999
2012-07-18,1.7652192345803146,1.3529730055493894
2012-07-19,1.7589488216588658,1.349418299587204
2012-07-20,1.7328030061066764,1.3281507450203838
2012-07-23,1.7185516244581585,1.316048322894707
2012-07-24,1.7051303422745432,1.3044191414945068
2012-07-25,1.708756594017412,1.3062544796779971
2012-07-26,1.7305951924401324,1.3310079816316784
2012-07-27,1.7583467977887925,1.3503603930690382
2012-07-30,1.7584017019746752,1.3483754961548493
2012-07-31,1.749511685824539,1.3374534625763614
2012-08-01,1.7415979218806108,1.333388927153525
2012-08-02,1.735267211646027,1.3321028737163676
2012-08-03,1.7715334181596203,1.358028133803012
2012-08-06,1.7735997946356956,1.3615662317950012
2012-08-07,1.7871342607591216,1.3715907796834916
2012-08-08,1.788140264714609,1.3722962270874053
2012-08-09,1.781246418989532,1.3678323438255306
2012-08-10,1.7801891152234643,1.36483098695237
2012-08-13,1.77764609188751,1.3623493647834597
2012-08-14,1.78118116030829,1.370827472022003
2012-08-15,1.7883375258277758,1.3772627632831338
2012-08-16,1.808555124497295,1.3888809650466167
2012-08-17,1.814145001676204,1.397910042102557
2012-08-20,1.812205981747529,1.3979413889497745
2012-08-21,1.8037516230935322,1.391323653626563
2012-08-22,1.8025429101942976,1.394662776439701
2012-08-23,1.7886209221057576,1.3835260799799278
2012-08-24,1.8016530956200667,1.3928597841304793
2012-08-27,1.8014015678948476,1.3932617943576788
2012-08-28,1.796906339685684,1.3908227914356746
2012-08-29,1.7971315604679068,1.3926747966495814
2012-08-30,1.7815477011381893,1.3794150857826422
2012-08-31,1.7925508488957465,1.3855577387180746
2012-09-04,1.785045983433734,1.384793044746704
2012-09-05,1.7788437676153088,1.380761328320643
2012-09-06,1.8148023969248033,1.4094605042003516
2012-09-07,1.815946214677698,1.408909477932109
2012-09-10,1.8098365898691693,1.3989891188363326
2012-09-11,1.8104318249795457,1.4019109241148369
2012-09-12,1.8072589743128549,1.4020247230835907
2012-09-13,1.8331592953341838,1.4289025782678444
2012-09-14,1.8421938775380575,1.4384504022579694
2012-09-17,1.8386111099065996,1.4333800091732622
2012-09-18,1.8344229744917102,1.4294529417273492
2012-09-19,1.8360288512324607,1.4326288695980114
2012-09-20,1.8308119619159964,1.4307555087392143
2012-09-21,1.8361397279006328,1.4366622602219061
2012-09-24,1.8333040481248446,1.4315209052833733
2012-09-25,1.8181854343668182,1.416486275385949
2012-09-26,1.8035358610160512,1.402792980200993
2012-09-27,1.8197093115861094,1.4249024792908143
2012-09-28,1.8139525330707063,1.418611645191669
2012-10-01,1.81724392778569,1.4209137600499369
2012-10-02,1.8208855441888543,1.423211059097943
2012-10-03,1.8300553949316072,1.4336555809439941
2012-10-04,1.8461173367559858,1.4452592667405906
2012-10-05,1.8458215623984626,1.4432208578940802
2012-10-08,1.8479328982476662,1.438990432497273
2012-10-09,1.8307342712060461,1.4211615600763146
2012-10-10,1.8120659046049845,1.4082331165512334
2012-10-11,1.8098619858885836,1.4048321914461404
2012-10-12,1.8103632509169234,1.4028528793443322
2012-10-15,1.829532784111655,1.4172980792871923
2012-10-16,1.851145781833592,1.4309115591652641
2012-10-17,1.8483143230525334,1.4318624949208394
2012-10-18,1.847181567670763,1.4277729861298367
2012-10-19,1.8173024595834255,1.4061546249116978
2012-10-22,1.8132827993528668,1.4061600027292251
2012-10-23,1.7916631407338572,1.3881202851501626
2012-10-24,1.7921182334487722,1.3903467065024149
2012-10-25,1.7973539414350372,1.3869782615665138
2012-10-26,1.7928298935801128,1.3865559244745689
2012-10-31,1.7891194054724593,1.3807739361437137
2012-11-01,1.811339695442261,1.3937797912778962
2012-11-02,1.794853536339922,1.3773155505725536
2012-11-05,1.802725354423293,1.383766199153389
2012-11-06,1.8170941211514546,1.3905863609895077
2012-11-07,1.7832373731847018,1.3643133854265919
2012-11-08,1.763531509730308,1.346992080905221
2012-11-09,1.759677410163011,1.3465059072663845
2012-11-12,1.764635868485343,1.3564343043919083
2012-11-13,1.765309490943492,1.3598199295994435
2012-11-14,1.7405046877466899,1.3406655496738964
2012-11-15,1.736764207266855,1.3341917734137065
2012-11-16,1.7432001051401487,1.3448382842198154
2012-11-19,1.77341589467904,1.3726390731815663
2012-11-20,1.7761628624577241,1.3801408357031106
2012-11-21,1.7838342247985877,1.3846752387288732
2012-11-23,1.8053154444975992,1.4016704445315695
2012-11-26,1.8066747906260587,1.3994355663959683
2012-11-27,1.8052065690661874,1.394496033121594
2012-11-28,1.815996353962419,1.403759861246632
2012-11-29,1.824230446326585,1.4130388598142976
2012-11-30,1.8255633652593168,1.4131437831059548
2012-12-03,1.8107966587837099,1.4063599698994396
2012-12-04,1.8103381753541157,1.405066073525961
2012-12-05,1.797876560395774,1.402018994842465
2012-12-06,1.8053236634188392,1.4081201942807207
2012-12-07,1.814173760488724,1.413310078713867
2012-12-10,1.8230192091162922,1.4203185170694146
2012-12-11,1.8317551067217543,1.4252106561900484
2012-12-12,1.8366280509327317,1.4231873963296695
2012-12-13,1.825662599177023,1.4133041677238163
2012-12-14,1.8251602800391478,1.411728699233918
2012-12-17,1.8409894180871047,1.4270901827626292
2012-12-18,1.8563235629205497,1.4390505036366286
2012-12-19,1.842052689073727,1.426591431008976
2012-12-20,1.8465273241121507,1.4289840580341813
2012-12-21,1.8327993462986343,1.4174916103138042
2012-12-24,1.828417302204621,1.4158214844371493
2012-12-26,1.8186371828620795,1.4074161071166524
2012-12-27,1.8203864592395087,1.407952729773949
2012-12-28,1.8023897584147976,1.3943258973680033
2012-12-31,1.8380754255430478,1.419468900965173
2013-01-02,1.88320878077495,1.455840154416677
2013-01-03,1.8721222033708744,1.447405417864657
2013-01-04,1.8872725445782852,1.4592848257947069
2013-01-07,1.871411706661289,1.4526181839534493
2013-01-08,1.8717724616155826,1.4523301709136056
2013-01-09,1.8749294439036337,1.4598558307928795
2013-01-10,1.8829431952829527,1.4680249255547824
2013-01-11,1.881364668101259,1.4636342873430235
2013-01-14,1.8818904220296055,1.466254576952771
2013-01-15,1.8852492341837097,1.4698944438199655
2013-01-16,1.8847291999778935,1.468605056732311
2013-01-17,1.8968547331564456,1.478060673259982
2013-01-18,1.8987336527056975,1.4805514676089329
2013-01-22,1.9115860153752375,1.493174430507155
2013-01-23,1.9218522675508671,1.4980662742171806
2013-01-24,1.9220771382318464,1.5023331237480657
2013-01-25,1.9278959907074074,1.5102379597046502
2013-01-28,1.9248844424516713,1.504101085360229
2013-01-29,1.935597187053381,1.5103841260409925
2013-01-30,1.9297794208977785,1.508701643637803
2013-01-31,1.9263977140401984,1.506891028159828
2013-02-01,1.9476801342517163,1.5277034535335388
2013-02-04,1.930175346791019,1.50938919942574
2013-02-05,1.9510394265176725,1.5215076744370328
2013-02-06,1.9521772677528264,1.5233543498670374
2013-02-07,1.9549251219412527,1.5215249469897258
2013-02-08,1.9687345092186108,1.5302823256084206
2013-02-11,1.969158794389452,1.5321947976516879
2013-02-12,1.9684473142496874,1.5360450513299964
2013-02-13,1.9695237148921687,1.5377290424232104
2013-02-14,1.9796507429166772,1.5482292697566045
2013-02-15,1.983346254706598,1.5514635064981261
2013-02-19,1.985433236148956,1.5588900457157826
2013-02-20,1.949441469958422,1.525833929954016
2013-02-21,1.9387080673025754,1.513000370309529
2013-02-22,1.9548174944852854,1.5277002113393903
2013-02-25,1.9197864497594566,1.4968440117793216
2013-02-26,1.9315825615527824,1.5074680047969462
2013-02-27,1.9591868534466605,1.5333764790013993
2013-02-28,1.9497077820505047,1.5300000275735692
2013-03-01,1.9565370532558741,1.53640700943518
2013-03-04,1.9563955986095225,1.540183436998872
2013-03-05,1.9695726056932816,1.5531296878157974
2013-03-06,1.9751977675423869,1.5599731865331927
2013-03-07,1.97405967736451,1.5603871916626586
2013-03-08,1.9819789879576544,1.5675773722080024
2013-03-11,1.986508367237306,1.5722051169946458
2013-03-12,1.983282601014758,1.5727138132864593
2013-03-13,1.9852169222959877,1.57620559777596
2013-03-14,1.9901638169471927,1.5827005394940987
2013-03-15,1.9864933667524438,1.578832129879655
2013-03-18,1.9844824392241063,1.5697720079947675
2013-03-19,1.9872324489986706,1.5639525097150557
2013-03-20,2.0083770251075737,1.5804512540577604
2013-03-21,1.9985541819722694,1.5649873385766124
2013-03-22,2.0089948900694825,1.5722518387030997
2013-03-25,1.9990000091093523,1.5616206283863616
2013-03-26,2.014334075825485,1.5799206190842605
2013-03-27,2.012802302877104,1.5827868782240178
2013-03-28,2.02209015369702,1.5898492320253699
2013-04-01,2.0101777108775067,1.5779431866338525
2013-04-02,2.0122646043783208,1.5789446651900123
2013-04-03,1.991419512523555,1.5522826543381996
2013-04-04,2.001840130388367,1.5620369916836088
2013-04-05,1.9955870299097611,1.5596226504173356
2013-04-08,2.010158378798847,1.5746933561791034
2013-04-09,2.023488006575259,1.5887733807785724
2013-04-10,2.0414308684517932,1.6061872777824504
2013-04-11,2.052228519494404,1.6092587763363189
2013-04-12,2.03998066918254,1.6006864959575042
2013-04-15,1.9833384226692021,1.5568626831836836
2013-04-16,2.010442189065128,1.584352665964409
2013-04-17,1.9772882885858105,1.5543551043046597
2013-04-18,1.9589415769690504,1.5357061825102387
2013-04-19,1.9774188978406746,1.552907575893413
2013-04-22,1.9906672710219997,1.5660662522002378
2013-04-23,2.022958817008473,1.6024881325419857
2013-04-24,2.0300802281664745,1.6067325207686882
2013-04-25,2.0380659174965166,1.619430384428692
2013-04-26,2.033951854514206,1.6158487380948308
2013-04-29,2.04571032074363,1.6267242287188104
2013-04-30,2.0429510315065786,1.6243314586886497
2013-05-01,2.0238794671042633,1.6077948628454777
2013-05-02,2.0406613594341194,1.6294200642292902
2013-05-03,2.0675917865878968,1.655930555272816
2013-05-06,2.0697717436625167,1.6665534640434594
2013-05-07,2.076980706993844,1.6695179481233529
2013-05-08,2.0964176585342496,1.6823150037781236
2013-05-09,2.0893137823573653,1.6756026013487457
2013-05-10,2.0973751766749547,1.6825353984941256
2013-05-13,2.0955847024833125,1.6851101064699179
2013-05-14,2.117177396382646,1.7090554268576097
2013-05-15,2.1273588373872343,1.7211379819862165
2013-05-16,2.1109590289505937,1.706901266476205
2013-05-17,2.125826894624933,1.7262835551252573
2013-05-20,2.1268826199357544,1.7234022801141469
2013-05-21,2.1313129215027233,1.7249464840132989
2013-05-22,2.1093016174060417,1.7046987225364179
2013-05-23,2.1026845545286585,1.6966473518873764
2013-05-24,2.102625736792493,1.7005884158777156
2013-05-28,2.106929721264192,1.7104583432456697
2013-05-29,2.095219385333816,1.7011215582008217
2013-05-30,2.104375003757681,1.7153923093715757
2013-05-31,2.0807988195169376,1.692657203776725
2013-06-03,2.090741440689786,1.6894488211229783
2013-06-04,2.0826484771164964,1.6803737157686973
2013-06-05,2.0543831769764953,1.6556756129672805
2013-06-06,2.0778040270635443,1.6800051068719037
2013-06-07,2.1027637826758077,1.7073369930436502
2013-06-10,2.098559638133308,1.7081537999358152
2013-06-11,2.0745987183915005,1.6838153083229035
2013-06-12,2.0636674518666447,1.6699680979177962
2013-06-13,2.094275564302006,1.6944059647280285
2013-06-14,2.0800843368162987,1.6837355437753396
2013-06-17,2.090711850972889,1.6958233248256929
2013-06-18,2.103793945662816,1.7085309737930228
2013-06-19,2.0750000723064224,1.687522535122993
2013-06-20,2.011573093695372,1.6316473804487088
2013-06-21,2.0180911029446653,1.6305638796537114
2013-06-24,1.9900092559131546,1.6047593045609385
2013-06-25,2.0086257278714132,1.6261513205310947
2013-06-26,2.0201154764500133,1.641876729623209
2013-06-27,2.0316369910345116,1.65901644875841
2013-06-28,2.033799928572698,1.6556924185249764
2013-07-01,2.042349423105219,1.6702723706962375
2013-07-02,2.034749355997241,1.6624364746822435
2013-07-03,2.038676708973698,1.663575709305021
2013-07-05,2.050455362076421,1.6797517655786283
2013-07-08,2.060609325919588,1.68723797475245
2013-07-09,2.0660658936944802,1.6971468857093992
2013-07-10,2.0654793045354767,1.6947569554338282
2013-07-11,2.105568543053394,1.7297835308280889
2013-07-12,2.107333446051294,1.7454241132022938
2013-07-15,2.1108371673336013,1.7489783742548302
2013-07-16,2.1013461652748564,1.7320315745110317
2013-07-17,2.1065747413910403,1.7436970052707286
2013-07-18,2.1198952062183505,1.759449990045912
2013-07-19,2.127384331487569,1.762877105805149
2013-07-22,2.1362155084376298,1.7717103172735174
2013-07-23,2.1433332195126,1.7644938225260935
2013-07-24,2.1266519252380833,1.7501977270753681
2013-07-25,2.135097709844509,1.7612351608983094
2013-07-26,2.1400518083093845,1.761787900514138
2013-07-29,2.1348886327633,1.7554850281208039
2013-07-30,2.1392426850126025,1.761754727165833
2013-07-31,2.1440524554761575,1.7668561106232055
2013-08-01,2.171949323502241,1.7933618953563115
2013-08-02,2.172427554962287,1.7914472167899622
2013-08-05,2.166056365057961,1.792514458109315
2013-08-06,2.1554398813518962,1.7835080673695518
2013-08-07,2.1542008932691554,1.7736455792550228
2013-08-08,2.165322874034461,1.7885348573408348
2013-08-09,2.159150772192819,1.7856634613121167
2013-08-12,2.1547250471118926,1.7812543014159052
2013-08-13,2.1642248680278167,1.7954651471779672
2013-08-14,2.154356681138328,1.7870360880436214
2013-08-15,2.119578118787492,1.751950690919757
2013-08-16,2.1121399162809174,1.7493091767183404
2013-08-19,2.1038306922695402,1.740953850562755
2013-08-20,2.1139948241992657,1.7544998918025212
2013-08-21,2.1031759483774444,1.746841560273395
2013-08-22,2.122840255497665,1.7638389864619555
2013-08-23,2.12923919137333,1.7690198419214167
2013-08-26,2.129378384759491,1.7680614838822024
2013-08-27,2.092206581764252,1.727198304246575
2013-08-28,2.0984574145559516,1.7360694752968904
2013-08-29,2.1005080800568448,1.7429197935042546
2013-08-30,2.0935962004196234,1.733569105997898
2013-09-03,2.0987107136298735,1.747892411564774
2013-09-04,2.1201870631408215,1.771749989467821
2013-09-05,2.120360484578966,1.777982892808309
2013-09-06,2.1200948006067937,1.7766960554562201
2013-09-09,2.1401664346725173,1.7936258532988294
2013-09-10,2.1528053648579513,1.811983511622287
2013-09-11,2.159177855544948,1.8174167302313045
2013-09-12,2.1540003631973295,1.8116127751182136
2013-09-13,2.1577496003224224,1.8107618878715577
2013-09-16,2.172922991387039,1.818994315076647
2013-09-17,2.180328828660718,1.8294606066359336
2013-09-18,2.206728106381372,1.8412651505118738
2013-09-19,2.2011918056563045,1.8394794699613433
2013-09-20,2.1862204594696837,1.8330006383667354
2013-09-23,2.1785872229516743,1.820299811568942
2013-09-24,2.1739792864679104,1.8235280481892162
2013-09-25,2.168761769826128,1.8254253567253358
2013-09-26,2.1696501719418757,1.834900803155425
2013-09-27,2.158537857989841,1.8318034942304713
2013-09-30,2.1482907596417617,1.8227008077712632
2013-10-01,2.1602036643962834,1.8387013844490327
2013-10-02,2.1576964212695477,1.838142404864151
2013-10-03,2.133582519018398,1.8175319010647033
2013-10-04,2.1466952575372815,1.8380460060482993
2013-10-07,2.1343707784843877,1.8219835746380348
2013-10-08,2.116595628893839,1.7859095714991458
2013-10-09,2.116768766547607,1.7762071063244298
2013-10-10,2.1666287579576418,1.8286245604882472
2013-10-11,2.1808955356873523,1.8358795089286826
2013-10-14,2.193734979404859,1.856347559525463
2013-10-15,2.1822916514357766,1.8482992452100304
2013-10-16,2.206195472356054,1.8790589696244355
2013-10-17,2.2175330383441283,1.8918501913403012
2013-10-18,2.221120663710885,1.890884357469946
2013-10-21,2.2212605064783704,1.886487738387581
2013-10-22,2.2407264693110776,1.8920233012557053
2013-10-23,2.2307880611757183,1.8830588324564572
2013-10-24,2.233217941112472,1.8941012835198385
2013-10-25,2.241949108049251,1.8964790317477784
2013-10-28,2.244716990952319,1.885049895679014
2013-10-29,2.251139581661974,1.8918796594964309
2013-10-30,2.2352613499910854,1.8771255046078859
2013-10-31,2.2290363934984394,1.8743881774605728
2013-11-01,2.232008835151616,1.877458749815122
2013-11-04,2.2414429709023387,1.889463075597672
2013-11-05,2.2391572641354345,1.8958644802402203
2013-11-06,2.2526235499682326,1.8833683043250664
2013-11-07,2.226974432493164,1.848501219094413
2013-11-08,2.253268386793243,1.8723687830098352
2013-11-11,2.2556475808964307,1.8727217255909947
2013-11-12,2.2499318482235813,1.8677439583827915
2013-11-13,2.265769307939725,1.883363610843095
2013-11-14,2.280152295394041,1.895864799287985
2013-11-15,2.2827277390658582,1.9002906393074601
2013-11-18,2.2688265714428386,1.878496380734626
2013-11-19,2.2672924337606033,1.8803322800693425
2013-11-20,2.2549494867364315,1.8725925983726173
2013-11-21,2.271696500514966,1.8922366740513863
2013-11-22,2.284406933772271,1.908802470783979
2013-11-25,2.282126744386223,1.9021004159625488
2013-11-26,2.2829524040834555,1.9161595011539667
2013-11-27,2.292802617522319,1.9287864256608314
2013-11-29,2.2868290692272857,1.9274030800208417
2013-12-02,2.2772025650035963,1.9218641219228123
2013-12-03,2.2758888090500644,1.924773013549418
2013-12-04,2.2694356672348652,1.920950672105987
2013-12-05,2.265018641249681,1.916077196897324
2013-12-06,2.287637917098942,1.9361280958726208
2013-12-09,2.293759840123979,1.9410869558972226
2013-12-10,2.29558939591849,1.939334086288497
2013-12-11,2.2658394185170176,1.9098628308916308
2013-12-12,2.2581350159112517,1.9128626105967441
2013-12-13,2.2572325694988513,1.9226115248824194
2013-12-16,2.270387902692326,1.9338215238011762
2013-12-17,2.265251747450093,1.9358637427951322
2013-12-18,2.305554958722278,1.961072028216451
2013-12-19,2.3042428000221404,1.9600284929855296
2013-12-20,2.3196079830927716,1.9877786347030815
2013-12-23,2.332918917222176,1.9980295638876522
2013-12-24,2.3417806824330825,2.0063372831643407
2013-12-26,2.354672677837411,2.01960257965237
2013-12-27,2.356109362333,2.013453119393299
2013-12-30,2.3558122853854115,2.0108406143393225
2013-12-31,2.3659842813582914,2.020306950672185
2014-01-02,2.3494986869168324,2.00329288037945
2014-01-03,2.3491418966270152,2.005754093961942
2014-01-06,2.3443981977829966,2.004457278484613
2014-01-07,2.365356631408213,2.0239876560833183
2014-01-08,2.3643781172874756,2.0364956017993676
2014-01-09,2.3667883715027394,2.0322198543995444
2014-01-10,2.3841758577757273,2.0438361683641055
2014-01-13,2.3519331818135303,2.016172524802921
2014-01-14,2.3751451547183886,2.05276912524885
2014-01-15,2.3820321268484683,2.0648613005555947
2014-01-16,2.3766702905332497,2.0657890921476527
2014-01-17,2.3749019978824415,2.0613458884635807
2014-01-21,2.3876085237072187,2.078290692066014
2014-01-22,2.39218757901714,2.080341024594374
2014-01-23,2.3781670546328733,2.070167151071697
2014-01-24,2.3225184246596244,2.016746009567632
2014-01-27,2.3150731260942594,2.004263168788564
2014-01-28,2.3274615428216925,2.020702695931132
2014-01-29,2.310304966011904,2.002356844487864
2014-01-30,2.3263487976901107,2.032845853497322
2014-01-31,2.304933894169435,2.016027253280605
2014-02-03,2.254017796946499,1.966650861539087
2014-02-04,2.2692222342344364,1.9819971610962044
2014-02-05,2.268382815252217,1.9817113421885986
2014-02-06,2.3034224690390057,2.0069516676755836
2014-02-07,2.334886734227405,2.0490341695289294
2014-02-10,2.3473179190939484,2.0551313695599904
2014-02-11,2.3778584044990168,2.077661821880505
2014-02-12,2.383675605201641,2.0817970292098056
2014-02-13,2.4022787548826927,2.101609010426634
2014-02-14,2.4225681012923768,2.115082156986356
2014-02-18,2.428163847433458,2.1220322851611635
2014-02-19,2.4191118777695,2.1081193156229494
2014-02-20,2.4304783053965977,2.1254631327440343
2014-02-21,2.428025762682306,2.1253906802377753
2014-02-24,2.4454570584945405,2.1426843161574864
2014-02-25,2.439781660570288,2.1439728003959266
2014-02-26,2.4397691499433045,2.1442112671024587
2014-02-27,2.4480693214173543,2.154120189174683
2014-02-28,2.458917341929776,2.154972074848403
2014-03-03,2.4445067823672013,2.1381026789712427
2014-03-04,2.4779828175081757,2.178528176609923
2014-03-05,2.4757988202827326,2.1787347457608814
2014-03-06,2.480324871453026,2.179603191418357
2014-03-07,2.4828721847103585,2.176290021126322
2014-03-10,2.4747878004038992,2.1690306230520613
2014-03-11,2.4662735997608625,2.1585875681203106
2014-03-12,2.469316850560616,2.1676661374754604
2014-03-13,2.438355874867864,2.1343333869407606
2014-03-14,2.4319922890709678,2.1200187776949497
2014-03-17,2.458791570416659,2.142804135268054
2014-03-18,2.4706034175535696,2.162985326119797
2014-03-19,2.4507311578166924,2.143549700636115
2014-03-20,2.4609924405694494,2.14893499665587
2014-03-21,2.463985424613547,2.1260810151715055
2014-03-24,2.4486000669412915,2.096509180041395
2014-03-25,2.466490630338397,2.102930641015626
2014-03-26,2.452364516466669,2.0758915576416457
2014-03-27,2.451352668119752,2.073590079626802
2014-03-28,2.4696409897865035,2.0828693435262413
2014-03-31,2.486461916785258,2.1024936080361023
2014-04-01,2.5085928500868424,2.1376606269795153
2014-04-02,2.5181331159362466,2.1416079082006623
2014-04-03,2.5166156035378675,2.1107150414110194
2014-04-04,2.482666427989883,2.059262887942288
2014-04-07,2.460905094106831,2.0297702759898946
2014-04-08,2.4716776360169352,2.049339058391608
2014-04-09,2.4951600510539502,2.089804357363471
2014-04-10,2.444988021793348,2.0224470395806535
2014-04-11,2.4236634935778727,1.9972095526240488
2014-04-14,2.4362371827829636,2.010335962133946
2014-04-15,2.4472166064666214,2.028055539243228
2014-04-16,2.4751523566877958,2.055754746372779
2014-04-17,2.491277095474117,2.0754330487338732
2014-04-21,2.4991925932395835,2.0876941368702364
2014-04-22,2.5150395933741976,2.115907399348376
2014-04-23,2.497251730035912,2.0956318716648235
2014-04-24,2.51554671567721,2.090936146564048
2014-04-25,2.49751193006146,2.049860611996878
2014-04-28,2.5050939129118244,2.036366086146135
2014-04-29,2.5090324033685976,2.059171224998014
2014-04-30,2.515271553878326,2.0714647464878166
2014-05-01,2.519915941741981,2.0771926572770973
2014-05-02,2.5183401475151466,2.077756039131273
2014-05-05,2.524670917797604,2.083904147799619
2014-05-06,2.5016645906785033,2.06304601119179
2014-05-07,2.516018584195856,2.062178784814831
2014-05-08,2.513078495024907,2.054121643559081
2014-05-09,2.5189365498474827,2.0551694221508394
2014-05-12,2.5490968375282166,2.0924293040393347
2014-05-13,2.548473737010489,2.0956370170385945
2014-05-14,2.5460053380162133,2.0899669669769008
2014-05-15,2.5264709340650144,2.071601825783631
2014-05-16,2.5412658749018924,2.089238768273358
2014-05-19,2.5510293377806987,2.1053546367755986
2014-05-20,2.535901150642795,2.091304735878007
2014-05-21,2.553081208713862,2.108922019109827
2014-05-22,2.5591668966451224,2.1193966311666723
2014-05-23,2.572308010602452,2.133658620580274
2014-05-27,2.5813099927236856,2.1505859671905
2014-05-28,2.577697351290701,2.1486983419129055
2014-05-29,2.5924965055206504,2.1667466778209437
2014-05-30,2.596792951046687,2.168381037661015
2014-06-02,2.598974921837498,2.1717943078828057
2014-06-03,2.5965981244564516,2.168551437619947
2014-06-04,2.6067957302537734,2.1762482824599747
2014-06-05,2.621298979950975,2.1871595051438506
2014-06-06,2.6320852203988094,2.1965405184017124
2014-06-09,2.6258474526841535,2.191818035930182
2014-06-10,2.628008026241402,2.189763929891595
2014-06-11,2.625009269578028,2.188457967190903
2014-06-12,2.6110121979665544,2.1698473707328465
2014-06-13,2.617359655083129,2.1748435941386823
2014-06-16,2.6226110601109074,2.1777074622863037
2014-06-17,2.6267314580403407,2.1847003269827714
2014-06-18,2.6468187064070774,2.1983134477525255
2014-06-19,2.6488595249308675,2.2028557318569053
2014-06-20,2.654963009204961,2.2104582244325965
2014-06-23,2.6546343687005862,2.2077142365790294
2014-06-24,2.637911830166812,2.1931341854776667
2014-06-25,2.647021069344439,2.196107803131326
2014-06-26,2.6464709184868056,2.195083853939558
2014-06-27,2.6535784322269897,2.199112959901294
2014-06-30,2.6539040269194323,2.199624649086607
2014-07-01,2.6754414056533844,2.2166206200619447
2014-07-02,2.6797827525482845,2.2177413744499006
2014-07-03,2.698140535530574,2.2318077431736962
2014-07-07,2.684157305641468,2.2168495779918187
2014-07-08,2.6680580311906814,2.197781634291942
2014-07-09,2.6855013064118736,2.2090685159641192
2014-07-10,2.6766200632002115,2.2009672218500196
2014-07-11,2.6803507314556185,2.207582848099474
2014-07-14,2.689775718704766,2.2179648754861616
2014-07-15,2.6793250903021466,2.2123887068997288
2014-07-16,2.6766172891827136,2.2141595095576063
2014-07-17,2.6563831534954825,2.1900644111129854
2014-07-18,2.6826948847125216,2.2201918170772035
2014-07-21,2.6746524236585567,2.2158071937980455
2014-07-22,2.679400938157395,2.2293293962283514
2014-07-23,2.6961406057857107,2.2346776110370046
2014-07-24,2.7005397721669846,2.2458830344568135
2014-07-25,2.6897320750637066,2.2356964163425674
2014-07-28,2.6918211367283282,2.231113546348439
2014-07-29,2.677894909572657,2.211935422659181
2014-07-30,2.6787237488439253,2.2162165856332505
2014-07-31,2.62953648426166,2.1732392487349386
2014-08-01,2.6242687699142135,2.172533749927945
2014-08-04,2.644848932967013,2.191377369541671
2014-08-05,2.619237198975335,2.172929183805865
2014-08-06,2.624899289896481,2.174797178792693
2014-08-07,2.6142618780160056,2.1620745976964826
2014-08-08,2.662115601719536,2.190347925654265
2014-08-11,2.668043547301543,2.2040390906631426
2014-08-12,2.6667552628938127,2.2003926412782815
2014-08-13,2.6843392159074937,2.2209328995553186
2014-08-14,2.697481144171493,2.2309741021343097
2014-08-15,2.7231591446964956,2.249897610377765
2014-08-18,2.74401282499417,2.265971419075269
2014-08-19,2.7646722675248894,2.279304709677322
2014-08-20,2.772539979833791,2.2868821435075306
2014-08-21,2.7738166581270565,2.2894367032110536
2014-08-22,2.768410054343764,2.2877596887429608
2014-08-25,2.776448650240856,2.2957240877306386
2014-08-26,2.7753556591736532,2.295805011308296
2014-08-27,2.774854302005298,2.295686225379186
2014-08-28,2.7762615284767134,2.296186797490453
2014-08-29,2.781495998176604,2.311994195109697
2014-09-02,2.781691780027858,2.3203225736922013
2014-09-03,2.788317333931237,2.324461350981274
2014-09-04,2.7812563255632887,2.31932303043216
2014-09-05,2.7955947409444484,2.3364489725936988
2014-09-08,2.791992038779108,2.334635341619753
2014-09-09,2.7815172428669532,2.3219203978334595
2014-09-10,2.786357646975519,2.3338675585268085
2014-09-11,2.7833574160690153,2.3384278096688473
2014-09-12,2.757931313234593,2.3156151840828283
2014-09-15,2.7541803992910716,2.297976249730405
2014-09-16,2.7757563405828507,2.3244132791455137
2014-09-17,2.781153479242602,2.329878377287527
2014-09-18,2.7922144178502983,2.344588501323142
2014-09-19,2.789913974821955,2.336759811141634
2014-09-22,2.764913105501305,2.309937466413262
2014-09-23,2.744182912639328,2.296777362640442
2014-09-24,2.769047388388804,2.3179344670138655
2014-09-25,2.7302556358757744,2.2817804176800593
2014-09-26,2.7513370031487554,2.306975530907046
2014-09-29,2.7476116494805707,2.3073509765255817
2014-09-30,2.746417375686757,2.2968650484567177
2014-10-01,2.7112997875228326,2.257064095086782
2014-10-02,2.711142578364936,2.258326371547179
2014-10-03,2.748034018125154,2.294518269436951
2014-10-06,2.7532711034673913,2.2902989068488497
2014-10-07,2.718098170573089,2.2553454079205286
2014-10-08,2.7826334942453457,2.30238489707988
2014-10-09,2.7281668618122246,2.251985251054807
2014-10-10,2.6982586347226,2.188926274131092
2014-10-13,2.6586460312666738,2.1432317422228553
2014-10-14,2.667231708428252,2.1627143505980078
2014-10-15,2.6507285986463103,2.156345664359762
2014-10-16,2.63490713254679,2.152945698368671
2014-10-17,2.6743005344034554,2.1876554040463225
2014-10-20,2.702461739870282,2.217562313235809
2014-10-21,2.7681494782972034,2.2785348433360633
2014-10-22,2.7553261929757884,2.2625895481722793
2014-10-23,2.8020255968762795,2.3002229491958643
2014-10-24,2.823994497637712,2.322424321542018
2014-10-27,2.8241550011458076,2.3196881320941416
2014-10-28,2.8597273953590645,2.3554390829089726
2014-10-29,2.853626376608948,2.347966540551535
2014-10-30,2.877935730608765,2.3556628641067436
2014-10-31,2.916438730936766,2.3942764661539235
2014-11-03,2.9197983315219616,2.3960937361335453
2014-11-04,2.913121178865692,2.392753033821786
2014-11-05,2.923155691822383,2.3918739317453652
2014-11-06,2.945290870839644,2.4098175555997927
2014-11-07,2.9516454996239583,2.412096528875819
2014-11-10,2.96179928355355,2.4225730642126417
2014-11-11,2.9647889468375603,2.4250677811518258
2014-11-12,2.960140781764992,2.423797928142433
2014-11-13,2.961725688704145,2.4251881265304296
2014-11-14,2.9615317717345055,2.422109226641149
2014-11-17,2.9660344087556556,2.427693519857343
2014-11-18,2.9875541449080707,2.444586876724864
2014-11-19,2.975743355922873,2.435307449712484
2014-11-20,2.9831345004785264,2.4435225695926968
2014-11-21,3.0008558834642955,2.4539082068996474
2014-11-24,3.0060670105549314,2.4634585217447165
2014-11-25,3.018126825958921,2.4747212088473027
2014-11-26,3.0227256916709293,2.484641338927527
2014-11-28,3.0238784384419652,2.4909607845693675
2014-12-01,3.014894008598325,2.4702126164119393
2014-12-02,3.032836448691007,2.4865737783251296
2014-12-03,3.059688946605582,2.506598102777441
2014-12-04,3.047633085607194,2.5047254073617538
2014-12-05,3.033377839179303,2.5041112328893367
2014-12-08,3.0127301365695818,2.4818529775027045
2014-12-09,3.028137660954864,2.492049813440893
2014-12-10,2.9747326873483106,2.445455804545985
2014-12-11,3.0011185252169446,2.4639726379130584
2014-12-12,2.9566300084899533,2.4250144989640123
2014-12-15,2.9356239530460093,2.4029684621097873
2014-12-16,2.9294412617389707,2.390496295411754
2014-12-17,2.9916064503566977,2.4413027456736756
2014-12-18,3.053935262694455,2.4978019897845813
2014-12-19,3.067394974983156,2.5050144611377525
2014-12-22,3.083322998126137,2.507989999809534
2014-12-23,3.088822578923448,2.5038667941608033
2014-12-24,3.0932455874421745,2.508283500429152
2014-12-26,3.100092286258737,2.519477219093038
2014-12-29,3.102121069137207,2.5212932169777873
2014-12-30,3.090074385548914,2.5057435006367266
2014-12-31,3.061516399455613,2.4839335085563152
2015-01-02,3.065857044091879,2.486629208857675
2015-01-05,3.0199804808986697,2.45640419088885
2015-01-06,3.0130585161336003,2.4452559829649543
2015-01-07,3.049424921649108,2.486152267726721
2015-01-08,3.1020969398348854,2.533076019041917
2015-01-09,3.0804352563542743,2.517609248518974
2015-01-12,3.058590912877628,2.4955873465049527
2015-01-13,3.029952948610524,2.4795016520724094
2015-01-14,3.005899939370031,2.473865625886011
2015-01-15,2.997822252447245,2.4576068603841765
2015-01-16,3.042636037199701,2.4976612650611605
2015-01-20,3.0521956043062426,2.503931544631747
2015-01-21,3.0770656582630593,2.5211172833185804
2015-01-22,3.1160641076468916,2.555656202224237
2015-01-23,3.100877875861067,2.5458589148283077
2015-01-26,3.118761639199995,2.5618596093857766
2015-01-27,3.094799883072385,2.536626843313409
2015-01-28,3.0512689435041125,2.5077264895029265
2015-01-29,3.0659241029937965,2.5196353770874054
2015-01-30,3.017225561057471,2.468815165593485
2015-02-02,3.0514300254725812,2.48740168472007
2015-02-03,3.1020911984029444,2.5169064263439287
2015-02-04,3.0961281056037118,2.5188982244386766
2015-02-05,3.1422803546083924,2.5509150603811075
2015-02-06,3.1124635492273613,2.5283488131987646
2015-02-09,3.109486153323079,2.512156497384054
2015-02-10,3.1457852064476275,2.5543841758790458
2015-02-11,3.134275038913162,2.5537106189805683
2015-02-12,3.1640166724257512,2.5784412681095383
2015-02-13,3.177833578157954,2.588669895430223
2015-02-17,3.184708648045172,2.59639013492576
2015-02-18,3.196771578154268,2.6053034063771108
2015-02-19,3.1898912362414613,2.610705482504443
2015-02-20,3.212508296673517,2.6338699738595186
2015-02-23,3.2168729413631145,2.63582523744757
2015-02-24,3.2200377261019852,2.642695744681159
2015-02-25,3.2168832043023943,2.6406626031834097
2015-02-26,3.215104993089293,2.6509491380614563
2015-02-27,3.2149718258665803,2.654602424941092
2015-03-02,3.226496003105958,2.6753482966782327
2015-03-03,3.2117036210275125,2.6659273654738067
2015-03-04,3.1881841504675514,2.648300892116061
2015-03-05,3.193950162343315,2.663336318192941
2015-03-06,3.1356209919879365,2.620206311257992
2015-03-09,3.1478895511180505,2.6322987029438143
2015-03-10,3.096225251934048,2.5909876619447565
2015-03-11,3.0989803546868377,2.592611593005658
2015-03-12,3.1394895622481793,2.629655306884747
2015-03-13,3.12223974633559,2.6161533923274747
2015-03-16,3.1624192699423683,2.662041010072471
2015-03-17,3.146878451823738,2.652554540846417
2015-03-18,3.1812289135132734,2.6754796230879174
2015-03-19,3.1709553496899034,2.6810522891575697
2015-03-20,3.199796352033742,2.6951566458310974
2015-03-23,3.1934408943902524,2.683789227958951
2015-03-24,3.1788895222704054,2.672535952379725
2015-03-25,3.1350973413885863,2.6203121394855744
2015-03-26,3.125153952499812,2.614504406093404
2015-03-27,3.13375038305506,2.637026103866271
2015-03-30,3.1777482884046497,2.672973400737339
2015-03-31,3.144354507675491,2.6456097668951
2015-04-01,3.135927456717326,2.630711189661313
2015-04-02,3.130001039317923,2.6295061607977006
2015-04-06,3.162132769567931,2.6468975200000577
2015-04-07,3.1508579269879093,2.638931731292324
2015-04-08,3.158030114508333,2.6514456953791
2015-04-09,3.167064152614776,2.655054861471693
2015-04-10,3.1833968969801822,2.6695887562134235
2015-04-13,3.178110012477325,2.6554946190634423
2015-04-14,3.191516343517329,2.657074679981506
2015-04-15,3.2091481559712474,2.664582108892483
2015-04-16,3.222879919433492,2.6731527699267676
2015-04-17,3.1858367219488555,2.638397030578537
2015-04-20,3.2130969131526688,2.6590317954681155
2015-04-21,3.2190537543380464,2.678172634777814
2015-04-22,3.218733339904721,2.6818603375975636
2015-04-23,3.2268528613800314,2.688797780020055
2015-04-24,3.2268748149562505,2.6849182602362376
2015-04-27,3.220172663188577,2.672258582287118
2015-04-28,3.235729299489258,2.6732295167181084
2015-04-29,3.2219097903297915,2.6514939998084284
2015-04-30,3.1916735561253926,2.6249385793241418
2015-05-01,3.2317640382380506,2.664543211258834
2015-05-04,3.2308278665520027,2.669327232870551
2015-05-05,3.201816288849289,2.6344232232977634
2015-05-06,3.1927614768809294,2.6342190496146625
2015-05-07,3.2185267712714105,2.6578484535884774
2015-05-08,3.239400277657938,2.6786487183035623
2015-05-11,3.2331666457582284,2.6754965897208183
2015-05-12,3.2203952591588383,2.668222181633379
2015-05-13,3.2224140490758604,2.6667129317398977
2015-05-14,3.2563695638370316,2.69575818321987
2015-05-15,3.2649271232066885,2.703409443613848
2015-05-18,3.274078479670955,2.7187988021572633
2015-05-19,3.2660590846707986,2.7183658410821954
2015-05-20,3.254257460117134,2.704567232079236
2015-05-21,3.2591286075206796,2.713900862714053
2015-05-22,3.2538225933323397,2.7120150170345054
2015-05-26,3.2190382643063287,2.686244215188017
2015-05-27,3.249968743358602,2.7180133625377456
2015-05-28,3.253191854354907,2.724804712168798
2015-05-29,3.235349920275243,2.7195301687024256
2015-06-01,3.2503726569351308,2.7309326146599653
2015-06-02,3.247789317460704,2.7191598146651303
2015-06-03,3.2514993565124244,2.7235973330888728
2015-06-04,3.232773026059262,2.7040596642178136
2015-06-05,3.2278604579358627,2.7094075772572337
2015-06-08,3.2146784379657087,2.69059249084686
2015-06-09,3.214867417884721,2.6882249632406183
2015-06-10,3.2481155308059546,2.7163648796646727
2015-06-11,3.261195285850302,2.7222962016144745
2015-06-12,3.2400924297432865,2.7059181157228873
2015-06-15,3.224768098608945,2.7069159663956217
2015-06-16,3.246449845801588,2.7285949856607976
2015-06-17,3.2544652550890474,2.73523818250712
2015-06-18,3.2965995194472892,2.771930390313841
2015-06-19,3.280533181334416,2.7610914574819496
2015-06-22,3.2919594562766457,2.7738254791637433
2015-06-23,3.2920918327568596,2.7764032228626734
2015-06-24,3.265698829329567,2.750053928952576
2015-06-25,3.2502772202334644,2.749700770059215
2015-06-26,3.246664221372319,2.7430952982890457
2015-06-29,3.1777333085835884,2.683302820471036
2015-06-30,3.184929191981925,2.6905812290868716
2015-07-01,3.202902602554625,2.706128254485167
2015-07-02,3.2078475257941657,2.708731659929727
2015-07-06,3.198444562954276,2.6984519423025515
2015-07-07,3.2127290294945863,2.7036275415522137
2015-07-08,3.158286962710385,2.6593093286768297
2015-07-09,3.15877162601689,2.666021535625131
2015-07-10,3.190674479447469,2.7005171049145478
2015-07-13,3.226468239424525,2.725721562318672
2015-07-14,3.2387236251675624,2.744083633155344
2015-07-15,3.231229520579244,2.7345159138973956
2015-07-16,3.2359841975441532,2.7573804482469364
2015-07-17,3.221073999001393,2.748710178719526
2015-07-20,3.2044466183082303,2.7416930224934073
2015-07-21,3.192298036920993,2.7349640989298036
2015-07-22,3.202647291627233,2.7324623248798527
2015-07-23,3.1851304835289524,2.7327458914098637
2015-07-24,3.1573728756142727,2.7101352127390417
2015-07-27,3.139468454551064,2.686781497370067
2015-07-28,3.182179593961646,2.7224054456925852
2015-07-29,3.205339422139805,2.733341922173967
2015-07-30,3.2070835130937576,2.7426870184037804
2015-07-31,3.2064613889220914,2.747301461575014
2015-08-03,3.1988519764992756,2.7437738107907443
2015-08-04,3.1710360781760945,2.7388496887319334
2015-08-05,3.1740895055971183,2.749454134214628
2015-08-06,3.145316373084836,2.708839047909292
2015-08-07,3.156436488507582,2.712291149790854
2015-08-10,3.1974636696412126,2.7407193132834338
2015-08-11,3.170266458906856,2.7141685724429427
2015-08-12,3.195819732581723,2.721092685664379
2015-08-13,3.195854956531179,2.7274702799916217
2015-08-14,3.2030091781579486,2.7328846228997743
2015-08-17,3.2282578183772226,2.7573623078309084
2015-08-18,3.209890491292052,2.741289428116936
2015-08-19,3.18093079394569,2.7210399955777684
2015-08-20,3.116336362676705,2.643356226921647
2015-08-21,3.0163400942937035,2.5623451286429155
2015-08-24,2.894366291636887,2.462706887719865
2015-08-25,2.8526436640768638,2.4422112050472125
2015-08-26,2.951563153307862,2.541844084343068
2015-08-27,3.0206312052673367,2.603944041819849
2015-08-28,3.031624135092203,2.6081465259346506
2015-08-31,3.002404010983529,2.5760327826982143
2015-09-01,2.9180816582252462,2.4970709415378733
2015-09-02,2.968693939770356,2.545817906950811
2015-09-03,2.970768992749015,2.5447025549526505
2015-09-04,2.9276221109765577,2.5135860046925362
2015-09-08,3.0105112921842903,2.5889202906770152
2015-09-09,2.965596856110218,2.5530330264745418
2015-09-10,2.979923014215657,2.5666256428193415
2015-09-11,2.992056230548911,2.575374061362417
2015-09-14,2.972712804116711,2.5611282440086547
2015-09-15,3.0023636179578475,2.5945655038697657
2015-09-16,3.027072108011835,2.610336425285741
2015-09-17,3.027156704825911,2.6215435589638347
2015-09-18,2.9870024588287496,2.5872272080357197
2015-09-21,2.9858078392358656,2.586848062936892
2015-09-22,2.936267680055535,2.5505295396019827
2015-09-23,2.9221358519360416,2.548661008683074
2015-09-24,2.9208538422600263,2.54508050987511
2015-09-25,2.9121501279572395,2.5297542628216965
2015-09-28,2.8386965987230397,2.446887327433464
2015-09-29,2.8454288523516498,2.4391469665123497
2015-09-30,2.8987446243547557,2.4946709028929273
2015-10-01,2.90614694000777,2.5095071610627406
2015-10-02,2.951631776606055,2.5478864131956445
2015-10-05,3.0116349682072996,2.5913889339759804
2015-10-06,3.0067497797371168,2.574800369768669
2015-10-07,3.044736892426733,2.592014374985816
2015-10-08,3.076967569742145,2.6049051621601502
2015-10-09,3.0730711416413015,2.6071769631988726
2015-10-12,3.0747367592676036,2.6173952430035374
2015-10-13,3.040681245140443,2.5900381221935262
2015-10-14,3.0289499427953146,2.5787935247448845
2015-10-15,3.071995946811784,2.6132991773041963
2015-10-16,3.0844693900948563,2.6281499205912695
2015-10-19,3.0711478138176678,2.6253255357636895
2015-10-20,3.0756398939380647,2.610788430669145
2015-10-21,3.0703225344701788,2.592572735091594
2015-10-22,3.1211238115967044,2.6249283560515386
2015-10-23,3.1478643166082816,2.649624290424685
2015-10-26,3.1385130786224162,2.654432540179872
2015-10-27,3.119802330584218,2.6415325189611933
2015-10-28,3.150402429249838,2.6720402274402155
2015-10-29,3.160092851135984,2.669718769546076
2015-10-30,3.1654650172419627,2.680014979370061
2015-11-02,3.199872433356865,2.7064776523224796
2015-11-03,3.203150668080087,2.707399873000698
2015-11-04,3.2003938913497323,2.7071934520434144
2015-11-05,3.1906673354157022,2.7003987114473436
2015-11-06,3.2145580403640417,2.719975494538157
2015-11-09,3.1878142805359255,2.6930451823702866
2015-11-10,3.1874287610596785,2.696363758310899
2015-11-11,3.167860279965773,2.687112654938209
2015-11-12,3.1233046556815918,2.6559140849099814
2015-11-13,3.0922394113023692,2.6201466973153384
2015-11-16,3.1457135424324654,2.662283529738144
2015-11-17,3.1427021219736,2.6673022217384053
2015-11-18,3.2011540139900574,2.7112838918168523
2015-11-19,3.2031079317430353,2.715476581323737
2015-11-20,3.2145846402084484,2.733363758404806
2015-11-23,3.2124364672832684,2.7340147332822764
2015-11-24,3.222512602691757,2.736340507729731
2015-11-25,3.2239433013954484,2.738955513823534
2015-11-27,3.2247586118650213,2.7434544240035055
2015-11-30,3.2077238722206447,2.7203412420604245
2015-12-01,3.238320064235691,2.7521606061274833
2015-12-02,3.188177278393577,2.7253965678302547
2015-12-03,3.134484800062238,2.676022620485779
2015-12-04,3.1998477892514012,2.7390871818077276
2015-12-07,3.1627152792074114,2.7074925739587483
2015-12-08,3.140562327911779,2.703561286680885
2015-12-09,3.1221211530129676,2.6776391984922423
2015-12-10,3.1271464311130224,2.682154740385732
2015-12-11,3.0671366935498954,2.6283181098125845
2015-12-14,3.077285586975938,2.6465959229829736
2015-12-15,3.109351264582346,2.6675071839330835
2015-12-16,3.1610934284457026,2.714396381073873
2015-12-17,3.1023966651358554,2.6705774491446013
2015-12-18,3.057429349229548,2.6295237989548585
2015-12-21,3.084295402602643,2.652237104684344
2015-12-22,3.121883430552458,2.6755562585631987
2015-12-23,3.172667131841502,2.7070732588905773
2015-12-24,3.1693165369963503,2.70197525245677
2015-12-28,3.1544061295238945,2.7010154302766156
2015-12-29,3.188054383490231,2.7340575527266764
2015-12-30,3.1691952317730645,2.717338288877071
2015-12-31,3.1431387934806847,2.6887132987326363
2016-01-04,3.1022694640495443,2.6423737823066937
2016-01-05,3.112323432711729,2.6503783415632776
2016-01-06,3.0623380802910924,2.6213484367043494
2016-01-07,2.9996745087167622,2.5576212790595325
2016-01-08,2.961262536922009,2.5305750631729667
2016-01-11,2.957653655462869,2.5402618245159494
2016-01-12,2.9863452871117935,2.5647707282779773
2016-01-13,2.9159084612241677,2.489527322249616
2016-01-14,2.9643060833354165,2.5273333045088
2016-01-15,2.918563911541229,2.473811787077622
2016-01-19,2.91071303577528,2.4764543563551755
2016-01-20,2.8912784667474356,2.4626058325105493
2016-01-21,2.9017285692250128,2.471361866702607
2016-01-22,2.9627473976512833,2.5188424450849984
2016-01-25,2.9307368351639522,2.4910570563291605
2016-01-26,2.97934295336875,2.5201595194334616
2016-01-27,2.955125767866014,2.4855422238856915
2016-01-28,2.9663875489827602,2.5133944496346667
2016-01-29,3.028399474676076,2.572041172140732
2016-02-01,3.0331202635248586,2.5825385427784866
2016-02-02,2.9765135633238424,2.5355720001495086
2016-02-03,2.9956153677893265,2.534831210586175
2016-02-04,2.9880466068537075,2.5159890668300524
2016-02-05,2.917914220958228,2.444380742896159
2016-02-08,2.86626706206137,2.3975328349474108
2016-02-09,2.866087774483497,2.402325737772474
2016-02-10,2.8749043682254585,2.4160140224099336
2016-02-11,2.8588422902532873,2.4005652431278457
2016-02-12,2.9161051747661895,2.436788647044839
2016-02-16,2.9644639876440224,2.482278349865822
2016-02-17,3.0082150872302216,2.520786163232007
2016-02-18,2.988232820072215,2.5074890014808866
2016-02-19,3.0084346153773636,2.5234256931278862
2016-02-22,3.0587068933911388,2.564145729243955
2016-02-23,3.023078363160558,2.5398780495920623
2016-02-24,3.0540627611132853,2.5598748023493094
2016-02-25,3.0829068730168228,2.5915899368306725
2016-02-26,3.0704829840533274,2.579309419750102
2016-02-29,3.0438805385659427,2.5547575902352846
2016-03-01,3.1097966979574494,2.6026795269736005
2016-03-02,3.112321429590061,2.606250577855281
2016-03-03,3.1310761917027,2.615267010336108
2016-03-04,3.128318223843402,2.616301847708087
2016-03-07,3.1499541785766594,2.6184660616745923
2016-03-08,3.1180928119074336,2.6082498063856994
2016-03-09,3.140179802339352,2.6266430412904302
2016-03-10,3.149462110075023,2.6327399603658566
2016-03-11,3.18993077789475,2.6610609752710146
2016-03-14,3.186210540242249,2.660849175428754
2016-03-15,3.182348403441413,2.664644827123287
2016-03-16,3.2136803762625923,2.6891979385002647
2016-03-17,3.2397108635316756,2.704454101987726
2016-03-18,3.2561925779405363,2.7112483542222674
2016-03-21,3.2659145355879873,2.7167134548561256
2016-03-22,3.262633234167189,2.7131127843449376
2016-03-23,3.2266086866471273,2.7032282178142393
2016-03-24,3.2312158199888468,2.705381282826719
2016-03-28,3.2421860088844965,2.7122214825914885
2016-03-29,3.2849808872726993,2.7472052155781737
2016-03-30,3.2881119272693113,2.752123906304465
2016-03-31,3.2862681561892066,2.748473527285279
2016-04-01,3.305143576376027,2.7636743983870535
2016-04-04,3.2947735280674757,2.7531892281593935
2016-04-05,3.2617092678712694,2.7308829401869326
2016-04-06,3.2880434940863124,2.7477678394252925
2016-04-07,3.25751868837118,2.7244626813196695
2016-04-08,3.271388692452393,2.7391544713523515
2016-04-11,3.2623562811097946,2.735106666876762
2016-04-12,3.2882420235802146,2.7517878983211714
2016-04-13,3.327654776743515,2.7618051295641184
2016-04-14,3.326412171538934,2.756011982037754
2016-04-15,3.324735188264399,2.7614570895040225
2016-04-18,3.342625899063534,2.7764337194551656
2016-04-19,3.347753338890283,2.7761709348460597
2016-04-20,3.346146923384505,2.767268938181118
2016-04-21,3.327613076878677,2.742626768213528
2016-04-22,3.3373292483048926,2.7840950016746504
2016-04-25,3.336058806854151,2.7796662342735554
2016-04-26,3.344701268366304,2.7914638636785383
2016-04-27,3.3558251999048085,2.805665343549095
2016-04-28,3.322175776501105,2.7874308086975916
2016-04-29,3.2926225338457824,2.7839297471942537
2016-05-02,3.3155945304834464,2.8066467313815955
2016-05-03,3.2858147523232426,2.779032139803376
2016-05-04,3.2609984951958566,2.7601800296879295
2016-05-05,3.2658661770437307,2.7653091794506492
2016-05-06,3.2880476287940117,2.7834063626987926
2016-05-09,3.2817547282114647,2.7752571691709944
2016-05-10,3.33003223851735,2.8125571404817173
2016-05-11,3.306269095446788,2.7989115649747247
2016-05-12,3.309062366588587,2.800396142862547
2016-05-13,3.297754132553733,2.7997898341721297
2016-05-16,3.3389524367499015,2.8374948496198074
2016-05-17,3.309520873836561,2.8111291313118887
2016-05-18,3.2980505615052964,2.8048525527000336
2016-05-19,3.299536109694719,2.798212265974138
2016-05-20,3.3221828686135786,2.829600559680031
2016-05-23,3.314754379434504,2.830763317666382
2016-05-24,3.3526004980371513,2.866857446072141
2016-05-25,3.377359344313474,2.884428651404077
2016-05-26,3.3756325862514576,2.88983773423261
2016-05-27,3.3863201496222133,2.9047020394841776
2016-05-31,3.3854341520553994,2.9051541504461396
2016-06-01,3.383497331397465,2.905143932500173
2016-06-02,3.399742083876808,2.913489615985494
2016-06-03,3.4013464592743636,2.9202460550715514
2016-06-06,3.410697375648013,2.9309315232698663
2016-06-07,3.419255918135724,2.9393485923175295
2016-06-08,3.4349834038702083,2.9523276699535015
2016-06-09,3.4394239826171478,2.962608096284337
2016-06-10,3.4094760979385574,2.933934141306324
2016-06-13,3.39101652065726,2.92090560028442
2016-06-14,3.3913454683960143,2.919079441465026
2016-06-15,3.391170937823218,2.9219426536765756
2016-06-16,3.3963307116548895,2.9326152549175486
2016-06-17,3.3776632183170254,2.926483276743109
2016-06-20,3.39460810877393,2.941464728813052
2016-06-21,3.3950320197480393,2.9488579585644357
2016-06-22,3.3979055022313784,2.944617566096377
2016-06-23,3.4390713934969392,2.9828253364140016
2016-06-24,3.330689369713644,2.8893195381584738
2016-06-27,3.2773401453576825,2.841591870440998
2016-06-28,3.3319252012357747,2.893738360319308
2016-06-29,3.3836574679047806,2.938683026110043
2016-06-30,3.4271426907951623,2.977837305376825
2016-07-01,3.438959150404655,2.986105898072111
2016-07-05,3.421915925306186,2.975570820262668
2016-07-06,3.4464698262219255,3.0006059727180596
2016-07-07,3.445695884617118,3.000809763498426
2016-07-08,3.5022963491786845,3.049118460070846
2016-07-11,3.5158335724276264,3.057611274002101
2016-07-12,3.5364118298788045,3.0711663854059124
2016-07-13,3.5447990317291502,3.0789069422111988
2016-07-14,3.5601805982309775,3.08773030276732
2016-07-15,3.554135563279464,3.0812142431932212
2016-07-18,3.557876944711814,3.0913115110284486
2016-07-19,3.555994306057369,3.089444083084272
2016-07-20,3.579183385854481,3.1097647471764103
2016-07-21,3.5705236586020677,3.0922110196063497
2016-07-22,3.5835106168055715,3.114986777374941
2016-07-25,3.57931876794117,3.119815044591409
2016-07-26,3.586475797208319,3.1371808701289563
2016-07-27,3.5878948681448914,3.134612989617417
2016-07-28,3.600503868136115,3.1467888869139324
2016-07-29,3.614494612679147,3.1530236118837855
2016-08-01,3.6153105699587,3.1513857020156553
2016-08-02,3.6027529999878984,3.1441312490934172
2016-08-03,3.6167180609396397,3.145551601521806
2016-08-04,3.626872200130423,3.156327155348105
2016-08-05,3.6545153780057453,3.1674300272434777
2016-08-08,3.6479293633184313,3.163100157103612
2016-08-09,3.656277917140212,3.1715095858630056
2016-08-10,3.650700687016187,3.1674979689920693
2016-08-11,3.669239198567733,3.1826495158242922
2016-08-12,3.6765918808342994,3.1904698949761534
2016-08-15,3.6869322382485663,3.194304184747951
2016-08-16,3.671412591876841,3.1687759351580222
2016-08-17,3.679835658048236,3.1738790173415206
2016-08-18,3.7003928143690095,3.1937971301691643
2016-08-19,3.695903179689548,3.197365215347888
2016-08-22,3.6895261247958726,3.192945506623912
2016-08-23,3.69349089017353,3.1960924227564016
2016-08-24,3.65818454362509,3.1574864392062825
2016-08-25,3.6502942985856652,3.1538425997594652
2016-08-26,3.6438140174463878,3.14686425373637
2016-08-29,3.662959657113711,3.167406022670801
2016-08-30,3.646393872051208,3.145298612591931
2016-08-31,3.6431611051577995,3.137229023719263
2016-09-01,3.6490618167812694,3.1519088835404903
2016-09-02,3.662090513962588,3.167757879628829
2016-09-06,3.67293444827847,3.1736798526841046
2016-09-07,3.6721600750847547,3.166578665530212
2016-09-08,3.664789554685011,3.1530717712405942
2016-09-09,3.571301649329878,3.0570673656892295
2016-09-12,3.626655752092843,3.109859770179363
2016-09-13,3.5747772360222183,3.050615939370021
2016-09-14,3.5760439355834626,3.050627262508609
2016-09-15,3.6161482202750377,3.0827948847963307
2016-09-16,3.606068216548102,3.076021867399491
2016-09-19,3.613268997476724,3.089682645923504
2016-09-20,3.6185918547780096,3.0900405714606043
2016-09-21,3.6610522646195434,3.136949048179651
2016-09-22,3.6822585918171935,3.159933922826477
2016-09-23,3.665704319078897,3.1405655876031315
2016-09-26,3.6410444376501827,3.1205148305463086
2016-09-27,3.6650032177191836,3.1414094517799542
2016-09-28,3.6805870645277823,3.1682032940183853
2016-09-29,3.6369599446218763,3.1456149308136094
2016-09-30,3.664278862501213,3.17652903701124
2016-10-03,3.65276315761591,3.1641786200746504
2016-10-04,3.629052327442146,3.1338101761600594
2016-10-05,3.6450405091694202,3.153473073072136
2016-10-06,3.6466216812694072,3.1535908405314643
2016-10-07,3.6305486823675848,3.132429856111397
2016-10-10,3.644853542906931,3.142954756905813
2016-10-11,3.584841640807453,3.0857503832643913
2016-10-12,3.586251913058066,3.0923662338681517
2016-10-13,3.5827396693672044,3.0726121056391014
2016-10-14,3.5823016384898865,3.0764161386634843
2016-10-17,3.571204151038202,3.064112530452621
2016-10-18,3.5953723636937878,3.0853427673460745
2016-10-19,3.5941512171804955,3.0985401222911833
2016-10-20,3.5938762858412567,3.103894107890175
2016-10-21,3.595075578813069,3.094182134457449
2016-10-24,3.6257818998145406,3.1242559208108953
2016-10-25,3.594576842289693,3.113550044299055
2016-10-26,3.5910233642626355,3.1084148752578824
2016-10-27,3.5643054615880776,3.0855342960446213
2016-10-28,3.5351812330227816,3.0741697961144707
2016-10-31,3.543149775898023,3.0906611260921086
2016-11-01,3.519880067944157,3.0603033983455195
2016-11-02,3.507143984789901,3.035960478074114
2016-11-03,3.49040514197005,3.026258961250484
2016-11-04,3.483116620256551,3.0220250956584365
2016-11-07,3.5536352142463787,3.092698652124708
2016-11-08,3.5471805591579346,3.0979135049551374
2016-11-09,3.59124365058617,3.1123531097462926
2016-11-10,3.5912533406317677,3.0829676388428
2016-11-11,3.5995959083827063,3.1125812720024473
2016-11-14,3.602156876540317,3.1097762453027715
2016-11-15,3.6373532415731766,3.1570352283832284
2016-11-16,3.6378260058841767,3.173474180971724
2016-11-17,3.633535992374815,3.192869338425477
2016-11-18,3.6245944700254444,3.189242307829027
2016-11-21,3.6673672715788115,3.2233842002558237
2016-11-22,3.678726900243797,3.227318001746377
2016-11-23,3.685057410078478,3.2331225435758695
2016-11-25,3.7024737009307844,3.2446665938167456
2016-11-28,3.695718861936764,3.2308280346347216
2016-11-29,3.7102932174291703,3.23692823577706
2016-11-30,3.70057846659538,3.2347074199926897
2016-12-01,3.6838753873794263,3.194028717705111
2016-12-02,3.6936730351496347,3.2114131078075783
2016-12-05,3.714542091388843,3.2364405313566946
2016-12-06,3.719270788728012,3.2553029943295684
2016-12-07,3.7729643370553987,3.307529884781234
2016-12-08,3.7601068261821458,3.310293441032643
2016-12-09,3.7816052791945816,3.310137786441045
2016-12-12,3.7881017347863786,3.2996967241960395
2016-12-13,3.8153551357390985,3.322732719749049
2016-12-14,3.7865826780060257,3.300715609518475
2016-12-15,3.795972423360807,3.3150345120603175
2016-12-16,3.8040046003816252,3.309370031048884
2016-12-19,3.813845819865853,3.3175112243942286
2016-12-20,3.8200838171424896,3.337393198582571
2016-12-21,3.8118672445769515,3.33014814908857
2016-12-22,3.808083220243565,3.3324964546706726
2016-12-23,3.810913238755862,3.345288681377136
2016-12-27,3.828857579527853,3.3690911720858896
2016-12-28,3.789747577359934,3.3245094527404464
2016-12-29,3.795088078044518,3.328629764275222
2016-12-30,3.7692269405528434,3.2989803377036138
2017-01-03,3.8039887635692162,3.32886901711809
2017-01-04,3.8380981942341625,3.3582564203723475
2017-01-05,3.833581492988158,3.346193619428744
2017-01-06,3.852522062760238,3.363727463059131
2017-01-09,3.8451695187493566,3.3595152293721515
2017-01-10,3.8508554377706212,3.3607928626515386
2017-01-11,3.866532847786658,3.371317362256852
2017-01-12,3.8528349858706865,3.3520977280107274
2017-01-13,3.864943290957257,3.362750402308973
2017-01-17,3.8384406449594484,3.308530771085261
2017-01-18,3.8422962953585635,3.323440312154225
2017-01-19,3.859392130686251,3.3449700951761097
2017-01-20,3.860197027480043,3.3462788647536175
2017-01-23,3.851231440095579,3.3452098898059606
2017-01-24,3.8727104549492273,3.3901509851640794
2017-01-25,3.9080623231884166,3.4428588078888076
2017-01-26,3.906728833297928,3.4503741059443787
2017-01-27,3.8975909652378173,3.451199745791687
2017-01-30,3.8766287782851894,3.427013557773605
2017-01-31,3.884267773725857,3.4275528622291493
2017-02-01,3.881378124019489,3.4538293369617095
2017-02-02,3.8743872277092213,3.444916214485064
2017-02-03,3.9046667254055434,3.4768895695425956
2017-02-06,3.9049509973570142,3.4832115469363547
2017-02-07,3.903131713957746,3.4844687889613852
2017-02-08,3.9104404774625947,3.4814146845583713
2017-02-09,3.91941374468374,3.497914030248237
2017-02-10,3.932361845166174,3.503315349975388
2017-02-13,3.9445723594206092,3.516446765011316
2017-02-14,3.9603608313481753,3.528026813071535
2017-02-15,3.977726739066236,3.5383039023615366
2017-02-16,3.9752967012744014,3.5253598420483465
2017-02-17,4.007089641961743,3.5637057194134867
2017-02-21,4.038519187316012,3.5997198705530944
2017-02-22,4.028695772228516,3.5883887024837664
2017-02-23,4.011234394316777,3.562617919793937
2017-02-24,4.029301837081132,3.570067910741033
2017-02-27,4.040260638877251,3.5954526610945057
2017-02-28,4.017750794828971,3.5689440879418943
2017-03-01,4.068239534579802,3.6297657938225263
2017-03-02,4.061551600172002,3.5958613302558393
2017-03-03,4.064118177092836,3.6049294185085086
2017-03-06,4.043960246311667,3.589904591730578
2017-03-07,4.03348859303046,3.5771979722733542
2017-03-08,4.029584942516087,3.572883511259868
2017-03-09,4.01940186152221,3.564289592991677
2017-03-10,4.035527798244239,3.584842534971439
2017-03-13,4.049318833164923,3.605973768656875
2017-03-14,4.035458862505437,3.590779076681873
2017-03-15,4.080602302398008,3.6246057865249086
2017-03-16,4.076790537715782,3.614426423861056
2017-03-17,4.07548208260884,3.6049812808730897
2017-03-20,4.079918895313842,3.613726235828483
2017-03-21,4.036355124080773,3.5424463028501894
2017-03-22,4.054184924491651,3.565598704856403
2017-03-23,4.043582895317161,3.5618174090496204
2017-03-24,4.046621184436414,3.5728635077380786
2017-03-27,4.034877954489361,3.564999120477476
2017-03-28,4.062014616736767,3.5931623083082473
2017-03-29,4.072022242502396,3.6012790881782357
2017-03-30,4.083466493234493,3.629413169234873
2017-03-31,4.077078299239457,3.617273344357477
2017-04-03,4.063708356023648,3.6053099048581094
2017-04-04,4.065461734868083,3.598826605841509
2017-04-05,4.057126709114626,3.5803178518711385
2017-04-06,4.061683310498092,3.588680309751966
2017-04-07,4.0575199295134485,3.5883026126057445
2017-04-10,4.066284251514729,3.585236069859595
2017-04-11,4.065276907656138,3.5825742612041607
2017-04-12,4.048241534649642,3.555160594374379
2017-04-13,4.019791789913251,3.5257035375420385
2017-04-17,4.059107195212209,3.5744311103135344
2017-04-18,4.0504107442297705,3.5580304767173456
2017-04-19,4.057327552360769,3.566054174130945
2017-04-20,4.101062758364094,3.6133677043204457
2017-04-21,4.096318452372788,3.6015249851683504
2017-04-24,4.130429439176439,3.647588299821549
2017-04-25,4.163578284939982,3.6889409608325106
2017-04-26,4.169868287002627,3.6740238709828335
2017-04-27,4.1742015558302725,3.6848035675982884
2017-04-28,4.156791404322442,3.6678265589672066
2017-05-01,4.16474712779443,3.6895386810301236
2017-05-02,4.170503339478062,3.661573450684704
2017-05-03,4.169847535875289,3.6606869224507577
2017-05-04,4.182495483591323,3.665325908925765
2017-05-05,4.217296886506262,3.693653997707352
2017-05-08,4.2116325819618154,3.6822319116998337
2017-05-09,4.207983453333987,3.6860110692472112
2017-05-10,4.237894375748539,3.724684234495657
2017-05-11,4.2431612160821714,3.729027879544426
2017-05-12,4.2298182537832885,3.7200648427910106
2017-05-15,4.256278314143205,3.7456796103269863
2017-05-16,4.249937687868952,3.7575701878466257
2017-05-17,4.177215069853858,3.643870376285723
2017-05-18,4.198557788763932,3.6721016365018264
2017-05-19,4.2427589016144776,3.7068433402562513
2017-05-22,4.265948921877907,3.731732951772842
2017-05-23,4.270196117713095,3.742498814474061
2017-05-24,4.274816970535345,3.7547532217259274
2017-05-25,4.298931374992759,3.781213078263218
2017-05-26,4.3038717306308385,3.7880447948295255
2017-05-30,4.301157252646517,3.788998464298156
2017-05-31,4.29748811372724,3.779033079212527
2017-06-01,4.331823335538254,3.8067178739292338
2017-06-02,4.341703550044664,3.8234747987108584
2017-06-05,4.3318250733439925,3.8199969189269054
2017-06-06,4.32217033249816,3.82038023030889
2017-06-07,4.3184259802914,3.836310488667469
2017-06-08,4.330447484614904,3.864597531759519
2017-06-09,4.310900609788629,3.793569661427407
2017-06-12,4.316625034331595,3.7888629086969856
2017-06-13,4.33423792604211,3.8161471926573967
2017-06-14,4.326357704416494,3.8001686534783454
2017-06-15,4.322892925610228,3.7898346369913902
2017-06-16,4.3113470346711,3.781251050780254
2017-06-19,4.35374567034096,3.8382406723524545
2017-06-20,4.3221163302680825,3.8109435183362863
2017-06-21,4.3205906734620125,3.8345995803469908
2017-06-22,4.325943317387672,3.835379223251913
2017-06-23,4.337485372584484,3.845724944892357
2017-06-26,4.338485865201802,3.829904025699734
2017-06-27,4.298578477945043,3.7708548475921937
2017-06-28,4.348581901500801,3.8237837837472215
2017-06-29,4.298228120809465,3.7620858110675233
2017-06-30,4.312579856951562,3.7599673670888256
2017-07-03,4.313430611714389,3.7417579896001256
2017-07-05,4.297170636927211,3.761522802242391
2017-07-06,4.268140793724978,3.732737395847876
2017-07-07,4.301279543444687,3.7695607322706617
2017-07-10,4.319232892162855,3.7977793981135863
2017-07-11,4.327728910097979,3.822102529369887
2017-07-12,4.365533118984102,3.853152628864317
2017-07-13,4.377316143150949,3.8485285296708405
2017-07-14,4.407132042245172,3.8810000942120886
2017-07-17,4.405795805482608,3.875062723999836
2017-07-18,4.415889288113557,3.884279798241247
2017-07-19,4.432018409631109,3.921525089345836
2017-07-20,4.4306282279132985,3.924507431669659
2017-07-21,4.431214233902186,3.9254989844493005
2017-07-24,4.438034025424172,3.9391764699235785
2017-07-25,4.4478150851723175,3.9386916427341156
2017-07-26,4.454576652921182,3.96046079007846
2017-07-27,4.424128410075886,3.9182163949119593
2017-07-28,4.416232254679585,3.9007718202378325
2017-07-31,4.396877752166273,3.874366488541974
2017-08-01,4.402493682177255,3.8721031471764724
2017-08-02,4.3932982475826705,3.855632269476182
2017-08-03,4.381549445080362,3.855904783777837
2017-08-04,4.417263179281794,3.8913135709938307
2017-08-07,4.432019872256629,3.926344807678873
2017-08-08,4.418682736175999,3.9180134144756065
2017-08-09,4.424547414444276,3.915386997224425
2017-08-10,4.357246298689741,3.836830216078643
2017-08-11,4.362051144616325,3.8547718853186166
2017-08-14,4.416509024574078,3.9217904130328956
2017-08-15,4.415062123999897,3.9326313901637273
2017-08-16,4.4309989004221055,3.94706020761272
2017-08-17,4.362378893651184,3.8698825419554286
2017-08-18,4.364460580712403,3.878823359065286
2017-08-21,4.369321186588717,3.87059506056467
2017-08-22,4.417314943426327,3.928393429344939
2017-08-23,4.404820661180052,3.9239836913309967
2017-08-24,4.388900158752633,3.9116955900588
2017-08-25,4.398836033747346,3.9096098169277242
2017-08-28,4.40639453706895,3.9126104164422686
2017-08-29,4.419047342280744,3.9215761600229997
2017-08-30,4.45770645072127,3.9588696514908603
2017-08-31,4.487372439025715,3.9875052733883964
2017-09-01,4.5024541769925035,3.9901853879460343
2017-09-05,4.488056348910331,3.958420262420667
2017-09-06,4.505577090542902,3.963872700341349
2017-09-07,4.530257389048568,3.9889445977095725
2017-09-08,4.5270295134836225,3.978519568197276
2017-09-11,4.570206341561741,4.029013752695085
2017-09-12,4.595651306426001,4.036850372986131
2017-09-13,4.6135843110385295,4.043473509605703
2017-09-14,4.615839871992731,4.047585717139089
2017-09-15,4.6237640566588185,4.060981072613203
2017-09-18,4.635581678761982,4.081871750642006
2017-09-19,4.6384382368517905,4.085263780228601
2017-09-20,4.653015143443349,4.084451838599435
2017-09-21,4.632143124739378,4.064814955658276
2017-09-22,4.6527995224612315,4.0768360551481075
2017-09-25,4.651068836933644,4.033331343103954
2017-09-26,4.647582546481992,4.035450920609172
2017-09-27,4.676174759485599,4.068294921632696
2017-09-28,4.686699166731124,4.082100857822722
2017-09-29,4.700583567454936,4.108203204689344
2017-10-02,4.717685837510393,4.121896648106593
2017-10-03,4.737247081887971,4.137910978204389
2017-10-04,4.74325787242986,4.1478919286778835
2017-10-05,4.767459767653082,4.172700054773316
2017-10-06,4.758550531147285,4.17894682274563
2017-10-09,4.751897057996838,4.178175210205657
2017-10-10,4.773459639730707,4.196722362931498
2017-10-11,4.783719381513787,4.213178785503493
2017-10-12,4.769778657000665,4.210895242314941
2017-10-13,4.778037603022152,4.221575460045972
2017-10-16,4.782178443271467,4.222737372321718
2017-10-17,4.793810610309297,4.231213126206703
2017-10-18,4.795035773749963,4.241481098007544
2017-10-19,4.799885426990766,4.249358875657141
2017-10-20,4.828080497116252,4.285155990934817
2017-10-23,4.8172062410356515,4.266455706672871
2017-10-24,4.812277970203981,4.270764217441058
2017-10-25,4.773948831555063,4.231986662212597
2017-10-26,4.800396170823411,4.251319762552704
2017-10-27,4.814596681015451,4.283753226571976
2017-10-30,4.789898155128663,4.2733243929802045
2017-10-31,4.795060878280019,4.294566401645465
2017-11-01,4.78990461166068,4.285224345872582
2017-11-02,4.783534733689032,4.2804902691619
2017-11-03,4.809613035419052,4.319318972762041
2017-11-06,4.810074360354905,4.327686975718169
2017-11-07,4.839207061613764,4.35406625238722
2017-11-08,4.8620958311223,4.366527695882884
2017-11-09,4.816886522784494,4.322272361904978
2017-11-10,4.828341605327705,4.341647673410017
2017-11-13,4.836473201839793,4.352013639127746
2017-11-14,4.827847489063252,4.352181251841106
2017-11-15,4.785485429306072,4.310948502415816
2017-11-16,4.849261207331982,4.377438488419234
2017-11-17,4.832305718012826,4.362283500118125
2017-11-20,4.836347988417319,4.381236235649649
2017-11-21,4.861777509056684,4.420118249374832
2017-11-22,4.8690251494353936,4.4149231145706525
2017-11-24,4.8776014344513765,4.429519203229552
2017-11-27,4.87014246460877,4.415621617070512
2017-11-28,4.92753459674282,4.448549527109541
2017-11-29,4.900416305734089,4.346173501093057
2017-11-30,4.950762251869955,4.384311562493642
2017-12-01,4.939413631515398,4.354689263483133
2017-12-04,4.893673300720433,4.266323076830836
2017-12-05,4.876848526060874,4.26130184689799
2017-12-06,4.882127288946304,4.282441543823622
2017-12-07,4.914679702211813,4.328436099742405
2017-12-08,4.942187930765203,4.348623922485114
2017-12-11,4.953573265784934,4.3549147966780355
2017-12-12,4.945497997169499,4.3352079760234
2017-12-13,4.952679673248119,4.353882870515039
2017-12-14,4.926145011469438,4.342015020018975
2017-12-15,4.9653904163808935,4.392905786935989
2017-12-18,5.0027263949692955,4.429802440047512
2017-12-19,4.983259550339235,4.409912027475702
2017-12-20,5.000780825024511,4.4236208936066035
2017-12-21,5.011762438885035,4.422120267302767
2017-12-22,5.0053831632049555,4.422295887627293
2017-12-26,5.0106063071217415,4.415374428965932
2017-12-27,5.017469866188431,4.4275184409969075
2017-12-28,5.028447063040211,4.437210519432254
2017-12-29,4.999014214320278,4.406601386070038
2018-01-02,5.069472967552495,4.453309790127588
2018-01-03,5.130169375399516,4.517127686199336
2018-01-04,5.142038485426133,4.529011245672859
2018-01-05,5.183322484819661,4.567364335669733
2018-01-08,5.226676401467578,4.608096391451237
2018-01-09,5.227741174724766,4.620896482543782
2018-01-10,5.228759327894641,4.623742655295893
2018-01-11,5.270638421217757,4.662526173342745
2018-01-12,5.293193529781142,4.691858828288494
2018-01-16,5.276129749503711,4.686477345941126
2018-01-17,5.35014647335079,4.775587879714589
2018-01-18,5.339691324861688,4.765030980503445
2018-01-19,5.365442725200429,4.795839348795431
2018-01-22,5.4079594075642206,4.830689566341455
2018-01-23,5.4364257680407935,4.849307128587079
2018-01-24,5.432845900433341,4.8329101195208475
2018-01-25,5.429948011397918,4.834204449543655
2018-01-26,5.488763103108387,4.902141130190031
2018-01-29,5.454025276699148,4.857002806352832
2018-01-30,5.382642827130428,4.780765834573595
2018-01-31,5.374934655507135,4.79307582973469
2018-02-01,5.354707498773863,4.782819834793391
2018-02-02,5.237830734495826,4.676228745641596
2018-02-05,5.029757817927992,4.482391618111457
2018-02-06,5.105568358551896,4.586725191668077
2018-02-07,5.079915784432891,4.56616449914843
2018-02-08,4.9086737104476335,4.387323816817577
2018-02-09,4.988721596230424,4.46763995660395
2018-02-12,5.052568427552211,4.531748136456551
2018-02-13,5.080330552332392,4.5580524279040135
2018-02-14,5.167571541572123,4.648061048578992
2018-02-15,5.228905339828365,4.715239073204187
2018-02-16,5.198157816425751,4.6782954045864225
2018-02-20,5.143838008795584,4.650275497900062
2018-02-21,5.0992692874234375,4.614294635748094
2018-02-22,5.1090789937321635,4.629451969842006
2018-02-23,5.187917675727661,4.712228330512561
2018-02-26,5.238529295358995,4.773312783497573
2018-02-27,5.167416578656202,4.719524842788325
2018-02-28,5.1146580575834255,4.676372982634241
2018-03-01,5.043736107190171,4.604430448839283
2018-03-02,5.0627950502260335,4.636371156179585
2018-03-05,5.123664912043586,4.689818669118349
2018-03-06,5.147519909911048,4.723072105283174
2018-03-07,5.137508140284163,4.71307899937304
2018-03-08,5.164053618269686,4.729215755188624
2018-03-09,5.256884643382214,4.81690261499566
2018-03-12,5.250118867314817,4.803016772092658
2018-03-13,5.233381670852054,4.780714600054639
2018-03-14,5.214982095138795,4.774672562101376
2018-03-15,5.2169203343318635,4.76771230891809
2018-03-16,5.228170664711859,4.774255930210661
2018-03-19,5.149234969044604,4.703709558498891
2018-03-20,5.171724785502084,4.7480879400123985
2018-03-21,5.169904529977336,4.749409299813714
2018-03-22,5.061671225674663,4.6119593591804975
2018-03-23,4.966079164018223,4.522135230376459
2018-03-26,5.082552460459368,4.652699284756302
2018-03-27,5.005425912620075,4.539569791895347
2018-03-28,4.990037012579733,4.502436890367302
2018-03-29,5.059530495798349,4.587595133172876
2018-04-02,4.951923776634731,4.4737398501776635
2018-04-03,5.01207410921205,4.524537872438552
2018-04-04,5.051907260630896,4.575579889831025
2018-04-05,5.096792095418098,4.604880866007993
2018-04-06,4.986432478698547,4.4937652301378375
2018-04-09,5.001218694370599,4.50604552429021
2018-04-10,5.088236647649606,4.608475014775502
2018-04-11,5.064139845409145,4.588391769902265
2018-04-12,5.09042382888701,4.641424588934777
2018-04-13,5.073527498862975,4.603151785649923
2018-04-16,5.140158106795746,4.647781562751996
2018-04-17,5.214614352627758,4.741084324576068
2018-04-18,5.24726530173388,4.771245164198895
2018-04-19,5.228944356931408,4.740188167580574
2018-04-20,5.186587890924433,4.701495653819896
2018-04-23,5.185709184039675,4.6845093863816905
2018-04-24,5.108004005621405,4.599305492039325
2018-04-25,5.1365253361307035,4.61157500208672
2018-04-26,5.204266440356807,4.69574425459462
2018-04-27,5.234499761670146,4.7049429643926945
2018-04-30,5.164882315401065,4.6564027759504345
2018-05-01,5.165257299564788,4.646889551514453
2018-05-02,5.122885084144351,4.617096906835623
2018-05-03,5.119366391157503,4.637853741156421
2018-05-04,5.163860927892968,4.670658208611604
2018-05-07,5.168296563194379,4.6994892410272975
2018-05-08,5.167160193792142,4.721673348792172
2018-05-09,5.191927773536064,4.769950647794871
2018-05-10,5.2558877856015656,4.811144691832798
2018-05-11,5.274167307263596,4.809713085815317
2018-05-14,5.284236904112837,4.808614393072646
2018-05-15,5.241427415160973,4.779190750870303
2018-05-16,5.270869770576933,4.800062799120483
2018-05-17,5.266377185699923,4.795411099447913
2018-05-18,5.252603284378249,4.778865281953117
2018-05-21,5.301415099207151,4.826871998221333
2018-05-22,5.2722423187635705,4.806098352986365
2018-05-23,5.288390890471931,4.840981295289703
2018-05-24,5.27652610881669,4.844914372804139
2018-05-25,5.257806735383412,4.820442845039137
2018-05-29,5.204160688816024,4.784955989355142
2018-05-30,5.288235654750158,4.857303579584977
2018-05-31,5.254511551070793,4.815561990039982
2018-06-01,5.314525943908341,4.893390723413873
2018-06-04,5.347426602863185,4.925238762788216
2018-06-05,5.353852185979724,4.941584807129112
2018-06-06,5.403936437837906,4.979451156895712
2018-06-07,5.395881732640482,4.934966436149275
2018-06-08,5.421520300071777,4.956493525069657
2018-06-11,5.429181709233897,4.965804144345155
2018-06-12,5.432087012689457,4.9769742042944065
2018-06-13,5.41743887062595,4.980279187001966
2018-06-14,5.422689895545484,5.003119693525901
2018-06-15,5.406588755409535,4.975416366174163
2018-06-18,5.384342328089133,4.965671651441333
2018-06-19,5.364507304224418,4.941433916774559
2018-06-20,5.384166679856994,4.970255421066095
2018-06-21,5.3471676351798605,4.925122314274922
2018-06-22,5.364151147987412,4.910229694998471
2018-06-25,5.29770498383824,4.799850223533098
2018-06-26,5.318086356615512,4.832561966043849
2018-06-27,5.291305996693092,4.779933284662909
2018-06-28,5.304643293539842,4.8197380273417565
2018-06-29,5.307802650763477,4.821212681376254
2018-07-02,5.317579050517229,4.849122645912518
2018-07-03,5.288453430598849,4.812370784247401
2018-07-05,5.3424386090411,4.85953235058828
2018-07-06,5.394628663388365,4.909133327654351
2018-07-09,5.461276578722215,4.968922442798494
2018-07-10,5.489501078309517,4.990837249754039
2018-07-11,5.415054904674639,4.940352787930841
2018-07-12,5.439592993343666,4.99200142990017
2018-07-13,5.449858364360313,4.991910577534041
2018-07-16,5.427260269215398,4.976953103571095
2018-07-17,5.462476056042831,5.004621006465474
2018-07-18,5.484331586379176,5.020626655661827
2018-07-19,5.451022031168108,4.996117310373163
2018-07-20,5.44154137334026,4.981359308500783
2018-07-23,5.444305895316453,4.986437730639989
2018-07-24,5.4830343580859,4.988574316999937
2018-07-25,5.531436441511843,5.042376764454801
2018-07-26,5.549383696832092,5.067894820517739
2018-07-27,5.527482918486233,5.006399412530606
2018-07-30,5.502529048927675,4.942740521450201
2018-07-31,5.531281949880017,4.956319205519897
2018-08-01,5.502076071443754,4.946532149892126
2018-08-02,5.523290464114371,5.002792400086137
2018-08-03,5.552205003191229,5.02089831182453
2018-08-06,5.573708608683149,5.052080478255356
2018-08-07,5.588544718834185,5.059615143607668
2018-08-08,5.585032081465396,5.057804909690148
2018-08-09,5.586305708938335,5.057326215401233
2018-08-10,5.549514955475422,5.034285500489162
2018-08-13,5.535029897675283,5.0165728620922385
2018-08-14,5.5623873294203205,5.057864461171258
2018-08-15,5.501509055880846,4.992638491541874
2018-08-16,5.566125478438633,5.034205235666052
2018-08-17,5.575191574015299,5.046599734128877
2018-08-20,5.586889932062488,5.073739519751884
2018-08-21,5.6118860497270875,5.112745546580303
2018-08-22,5.608652989900163,5.126045896108893
2018-08-23,5.589630497537618,5.135215021943882
2018-08-24,5.641968829975727,5.201844810078021
2018-08-27,5.6902745196395585,5.239055195124236
2018-08-28,5.678977778771825,5.236475651948542
2018-08-29,5.6949660985786945,5.267413237354921
2018-08-30,5.660714021261787,5.232673020141647
2018-08-31,5.659608423166479,5.240750094786804
2018-09-04,5.645495388899719,5.263848127328991
2018-09-05,5.65467608163433,5.207964893488983
2018-09-06,5.6179409516398495,5.197202395834143
2018-09-07,5.600303200174787,5.191033285435169
2018-09-10,5.618881223229783,5.229994808806484
2018-09-11,5.604286473285719,5.235650286665843
2018-09-12,5.6270466834499056,5.2707685497148
2018-09-13,5.6632097611379555,5.300422130077231
2018-09-14,5.6745719346113574,5.321320790806504
2018-09-17,5.656917208609425,5.268338943513791
2018-09-18,5.692538119295707,5.308643687998967
2018-09-19,5.707069380828662,5.274243239895256
2018-09-20,5.746897726667103,5.304873086006625
2018-09-21,5.754271659366284,5.302496636730414
2018-09-24,5.730389981305213,5.319424850794635
2018-09-25,5.722269038909488,5.338460103736282
2018-09-26,5.68374290563135,5.314305090698826
2018-09-27,5.70071990339604,5.336397815336161
2018-09-28,5.714888840403096,5.33995059561552
2018-10-01,5.748643855757489,5.366391021341506
2018-10-02,5.757259295382369,5.33213833821352
2018-10-03,5.772473182835796,5.343437048588249
2018-10-04,5.722171639723391,5.273179179268683
2018-10-05,5.703434767033327,5.246905474740609
2018-10-08,5.697931633448898,5.193121849886624
2018-10-09,5.679197624265848,5.19220090704024
2018-10-10,5.496157498003189,4.97421826462262
2018-10-11,5.399345429824624,4.904367417970658
2018-10-12,5.450303941991377,5.017306206953397
2018-10-15,5.422459510242972,4.972330203450262
2018-10-16,5.531605347805782,5.11420013796692
2018-10-17,5.489604995435646,5.097877271213255
2018-10-18,5.4273265821428,5.013050105868662
2018-10-19,5.386878305671517,4.9339873266107235
2018-10-22,5.362111705435302,4.94819820432202
2018-10-23,5.312901905239435,4.907907166570055
2018-10-24,5.113749973356324,4.703049114451586
2018-10-25,5.2039808024911585,4.7913090712791675
2018-10-26,5.134649345401718,4.687153071880557
2018-10-29,5.099401183534679,4.6361991765473745
2018-10-30,5.201680720931578,4.720933624646393
2018-10-31,5.239108592335107,4.805550574638723
2018-11-01,5.352026649729755,4.889354497065329
2018-11-02,5.311675953235394,4.831721478911579
2018-11-05,5.353703376950093,4.866999404358371
2018-11-06,5.406511791484785,4.896433219616116
2018-11-07,5.51550447380675,5.016311305107314
2018-11-08,5.494342111391472,4.993559337339539
2018-11-09,5.45530875443709,4.960850048974708
2018-11-12,5.34707883084766,4.863549497247925
2018-11-13,5.365380026472358,4.8639794298703505
2018-11-14,5.345953267656329,4.8503853731482724
2018-11-15,5.433929666973888,4.905960086341863
2018-11-16,5.433616975438748,4.914042409424699
2018-11-19,5.341237204684443,4.816663107774131
2018-11-20,5.245229799693986,4.714741180757284
2018-11-21,5.280360715235432,4.748977381087334
2018-11-23,5.245980652957368,4.722011319360367
2018-11-26,5.320858756516582,4.789946095818053
2018-11-27,5.323941161127192,4.798002532560973
2018-11-28,5.456377647920514,4.925434151600627
2018-11-29,5.447369471593449,4.921597282699086
2018-11-30,5.523660011152543,4.9621689542523155
2018-12-03,5.585346046452232,5.0013659484351285
2018-12-04,5.41162995523178,4.857800777052179
2018-12-06,5.39819886530812,4.859759306013227
2018-12-07,5.277055404822385,4.726019896666356
2018-12-10,5.280856925035435,4.744024764248601
2018-12-11,5.2890871224734735,4.751522982141702
2018-12-12,5.337562267924399,4.794769115335062
2018-12-13,5.3168321507461025,4.783064045870257
2018-12-14,5.21416512730398,4.678024187050959
2018-12-17,5.102562709466605,4.567595260150121
2018-12-18,5.107232280359307,4.565173426995582
2018-12-19,5.009600878441762,4.499784481841825
2018-12-20,4.947243306579069,4.430930613870483
2018-12-21,4.865643514294389,4.355761909817164
2018-12-24,4.742817362949138,4.232738967074323
2018-12-26,4.975018056481309,4.438278050650045
2018-12-27,5.005910428285109,4.467417649070317
2018-12-28,5.016385677465744,4.475861400336843
2018-12-31,5.044196631610306,4.521255756579608
2019-01-02,5.042198695508704,4.4841369514487806
2019-01-03,4.917848994835391,4.379743567631475
2019-01-04,5.076092430359016,4.503516670004533
2019-01-07,5.1407070189045205,4.557677429132539
2019-01-08,5.184015964457419,4.597281310155329
2019-01-09,5.210304680583292,4.613837914896242
2019-01-10,5.250100329410782,4.631523164492972
2019-01-11,5.271147133986527,4.643713061784543
2019-01-14,5.233939340359432,4.6045067922459655
2019-01-15,5.278170701185494,4.658571832551344
2019-01-16,5.283946222241931,4.652090879040662
2019-01-17,5.335560522133891,4.69406543593839
2019-01-18,5.4088196378569595,4.724306847600191
2019-01-22,5.3250003883583545,4.6697766366291455
2019-01-23,5.313927669973086,4.6783610519387295
2019-01-24,5.332902313122384,4.679474577046624
2019-01-25,5.377310158622285,4.719424252970454
2019-01-28,5.291117203428888,4.660369465966978
2019-01-29,5.30195781627777,4.6685895159748245
2019-01-30,5.38822977491041,4.778800210425948
2019-01-31,5.448924973853237,4.845459856821606
2019-02-01,5.447350743091019,4.855746108642645
2019-02-04,5.490010895740172,4.876803155431976
2019-02-05,5.508647309934326,4.888352186972924
2019-02-06,5.506973094145113,4.876280742596288
2019-02-07,5.4592642276660435,4.846725773840596
2019-02-08,5.463273237081073,4.8608465959438485
2019-02-11,5.490079982183396,4.876803985178082
2019-02-12,5.561348122697986,4.927323223094926
2019-02-13,5.59325986460722,4.940445579669326
2019-02-14,5.597674665760419,4.957975064863746
2019-02-15,5.675271702750332,5.023808211935094
2019-02-19,5.70746642885398,5.039634529845305
2019-02-20,5.706534606452014,5.031270675178434
2019-02-21,5.652210643384683,4.997585955773975
2019-02-22,5.687552217170075,5.041789441351182
2019-02-25,5.684116560546988,5.030878914309741
2019-02-26,5.6607592859459945,5.022916129168026
2019-02-27,5.6501474310486905,5.01621567169988
2019-02-28,5.658346957244213,5.031929197325967
2019-03-01,5.689014474199383,5.054852524268386
2019-03-04,5.675423244585845,5.018963674324083
2019-03-05,5.676359606189703,5.0176071487802085
2019-03-06,5.6238561664111515,4.970846434495886
2019-03-07,5.583623263203799,4.939987228371657
2019-03-08,5.570870084469461,4.923040994875918
2019-03-11,5.662432053828883,4.987884715612517
2019-03-12,5.69550032472744,5.009336687415588
2019-03-13,5.741730550967008,5.0412997188441455
2019-03-14,5.725774043245756,5.038180540683685
2019-03-15,5.760708111872866,5.064607806477266
2019-03-18,5.783952661714724,5.072564227280076
2019-03-19,5.792757153080783,5.099449586296488
2019-03-20,5.779838263142991,5.092923317247235
2019-03-21,5.869835115300831,5.176520505749094
2019-03-22,5.760602347159514,5.0828497581976455
2019-03-25,5.77135147369664,5.098468629952227
2019-03-26,5.819910722497096,5.124369347372478
2019-03-27,5.7892693708449015,5.089484088980538
2019-03-28,5.803563451984257,5.106235121842448
2019-03-29,5.84140035153255,5.147405484229871
2019-04-01,5.905534197217221,5.1884774141832075
2019-04-02,5.9098709610665745,5.197718163931811
2019-04-03,5.932243270725576,5.218831511422739
2019-04-04,5.929313223612835,5.196283504577879
2019-04-05,5.960380765610513,5.218469734580431
2019-04-08,5.981454693290056,5.21993699561421
2019-04-09,5.950037501499041,5.197757121750752
2019-04-10,5.9714964386130625,5.227739025735005
2019-04-11,5.964168828397506,5.2233618081403215
2019-04-12,5.978309245380644,5.240662948734342
2019-04-15,5.984181067371172,5.236950007857914
2019-04-16,5.972254337057692,5.230268626349279
2019-04-17,5.938016868512789,5.175896052073034
2019-04-18,5.927306589195266,5.172234699796663
2019-04-22,5.92781648138183,5.170644682837211
2019-04-23,5.975883506298017,5.2146490022791845
2019-04-24,5.959844183394354,5.216480855089497
2019-04-25,5.950694071094985,5.221680971350028
2019-04-26,5.964551455311107,5.2455633778058335
2019-04-29,5.967715335608062,5.242550978429523
2019-04-30,5.974483650381745,5.265552649657326
2019-05-01,5.930402141813488,5.216832682071139
2019-05-02,5.921599922555149,5.222673345598601
2019-05-03,5.9602207179711675,5.253413311530998
2019-05-06,5.9241988322636905,5.224979195083682
2019-05-07,5.825319982053369,5.135140448733163
2019-05-08,5.830220204369298,5.1450122594493095
2019-05-09,5.8198338313026845,5.138517673434217
2019-05-10,5.852807452284638,5.173356400105709
2019-05-13,5.698576883034294,5.0328086916338455
2019-05-14,5.745386280388027,5.093166838764174
2019-05-15,5.770543406383803,5.121814832605457
2019-05-16,5.837370492815332,5.191121481771997
2019-05-17,5.8019507396097385,5.1537843536479775
2019-05-20,5.765834942981968,5.087538576382945
2019-05-21,5.834847442051339,5.151102113360583
2019-05-22,5.814597700102847,5.148943490440714
2019-05-23,5.7357750300680825,5.07620103951377
2019-05-24,5.73297803161841,5.08546731745899
2019-05-28,5.685513148993744,5.070303600091381
2019-05-29,5.63718097120271,5.0230796787926195
2019-05-30,5.656079965972025,5.053810302866188
2019-05-31,5.562954138273877,4.986476348662794
2019-06-03,5.595104119012662,4.978215082728308
2019-06-04,5.722009811387314,5.080162118366597
2019-06-05,5.751565851221633,5.129380226381405
2019-06-06,5.792488766775915,5.173201752168307
2019-06-07,5.84099062230572,5.222585415604699
2019-06-10,5.877239020112994,5.247402913659273
2019-06-11,5.861625823891438,5.227226432614026
2019-06-12,5.848641299471128,5.2265327705116915
2019-06-13,5.873709460582938,5.250514798336061
2019-06-14,5.835754746506334,5.221588126687795
2019-06-17,5.828853799243564,5.213424181321117
2019-06-18,5.922673704336754,5.280780404739497
2019-06-19,5.931620146101652,5.31323303351623
2019-06-20,5.9949907124273505,5.369970464752325
2019-06-21,5.988531200697402,5.347434655690552
2019-06-24,5.982819147460684,5.333892328556553
2019-06-25,5.944009145276315,5.2874885625244055
2019-06-26,5.96342374562526,5.2842634028543385
2019-06-27,5.987819841392992,5.303147769476117
2019-06-28,6.023582391828904,5.328001460207227
2019-07-01,6.081061144976505,5.383637767719597
2019-07-02,6.06653046778257,5.400628256132654
2019-07-03,6.0843651388446585,5.438478980193678
2019-07-05,6.072507987238229,5.4265390446696635
2019-07-08,6.040958195890706,5.410486179886887
2019-07-09,6.02905731354849,5.412041140733941
2019-07-10,6.054106603538428,5.440272074750949
2019-07-11,6.092979471542342,5.462377426208928
2019-07-12,6.149234714582741,5.490810343089616
2019-07-15,6.1564311973426795,5.502541503366177
2019-07-16,6.150518091369865,5.483258793575153
2019-07-17,6.0957566335298585,5.456749312001262
2019-07-18,6.111863430332604,5.471233974633109
2019-07-19,6.098416550990292,5.434529291669683
2019-07-22,6.117447974523292,5.449810923340828
2019-07-23,6.165863971957658,5.488090989851542
2019-07-24,6.1933098887975415,5.50594398348271
2019-07-25,6.124014037768978,5.461947029538634
2019-07-26,6.158394327146103,5.499407676125798
2019-07-29,6.163966346477346,5.489674343194538
2019-07-30,6.147213680241203,5.480126774947274
2019-07-31,6.078677508812798,5.397839903298889
2019-08-01,5.9998119981026035,5.342367826571988
2019-08-02,5.929610368608177,5.278467244735672
2019-08-05,5.74380776356745,5.108516833923046
2019-08-06,5.810087665609771,5.196640264496238
2019-08-07,5.834960170257824,5.223469143774068
2019-08-08,5.934624701277187,5.35649803951693
2019-08-09,5.876341127210835,5.314756440243937
2019-08-12,5.795351739928218,5.237323253255196
2019-08-13,5.895699864408486,5.322999543743989
2019-08-14,5.708525898393492,5.149568899206291
2019-08-15,5.725346520332535,5.172623654451585
2019-08-16,5.8127027126435635,5.259450917683204
2019-08-19,5.891090243036785,5.3178410973071815
2019-08-20,5.843808396283589,5.280588282062607
2019-08-21,5.891988966821586,5.331554949163476
2019-08-22,5.875943227378187,5.3285497938719715
2019-08-23,5.713365729605775,5.192110102820109
2019-08-26,5.764482311768086,5.245448359808611
2019-08-27,5.725033769290587,5.227605957689954
2019-08-28,5.774524804848463,5.256599246116884
2019-08-29,5.862034600818713,5.337135937304641
2019-08-30,5.876569292727956,5.336689777083572
2019-09-03,5.848957552332589,5.3137193631967
2019-09-04,5.92512384371987,5.379414357308081
2019-09-05,6.0118237172964815,5.444053463967891
2019-09-06,6.013791455860608,5.443617987383234
2019-09-09,6.065347545458113,5.418252228142535
2019-09-10,6.104653214998325,5.382247482772039
2019-09-11,6.140789274177369,5.4086997404967185
2019-09-12,6.138917509458204,5.438864125452652
2019-09-13,6.138749075637939,5.435870105977245
2019-09-16,6.113074378037488,5.42936739627303
2019-09-17,6.12414446912875,5.469869799040364
2019-09-18,6.129039308535586,5.4771998046709935
2019-09-19,6.1395777511909575,5.481583816811289
2019-09-20,6.120764592157374,5.447313192547269
2019-09-23,6.1275552300288085,5.469480989668665
2019-09-24,6.071237614982119,5.413496170613692
2019-09-25,6.122437029155983,5.474013584858063
2019-09-26,6.111499895600707,5.48158170508639
2019-09-27,6.08462177122008,5.39831089965813
2019-09-30,6.10965493879376,5.416509121736417
2019-10-01,6.024445552699856,5.337044683980845
2019-10-02,5.922037115762086,5.246729481098189
2019-10-03,5.96427118398186,5.306829369272205
2019-10-04,6.041174250206118,5.38072535590806
2019-10-07,6.024104425785382,5.362550964248041
2019-10-08,5.942577856629337,5.277250277388319
2019-10-09,6.000417954289844,5.343427431417973
2019-10-10,6.051183964467737,5.380708438499228
2019-10-11,6.128689664548969,5.446806804310542
2019-10-14,6.120770862271707,5.445921868055067
2019-10-15,6.2180661266215225,5.5308106793739995
2019-10-16,6.21076510658072,5.507308638979352
2019-10-17,6.242156217328852,5.533966908816164
2019-10-18,6.207914943396742,5.492236744223582
2019-10-21,6.255368345828686,5.544302801627488
2019-10-22,6.298709510322208,5.522962658894733
2019-10-23,6.313510794433828,5.5292247429718495
2019-10-24,6.361246518576346,5.6222682012736325
2019-10-25,6.408402776968669,5.6642336534504825
2019-10-28,6.436817021567403,5.713760156520844
2019-10-29,6.4379067165320985,5.700061984292937
2019-10-30,6.44624254901539,5.714886794636256
2019-10-31,6.4131528727023595,5.65894264881746
2019-11-01,6.44069052368229,5.700149979647535
2019-11-04,6.508511366844753,5.718143923348641
2019-11-05,6.502093349011002,5.697925023138206
2019-11-06,6.514127225076348,5.707628889137878
2019-11-07,6.53183398103535,5.7148435992379865
2019-11-08,6.5545365839854215,5.7388320011379275
2019-11-11,6.5361936945655765,5.7343501709441105
2019-11-12,6.54917399851514,5.747362477912502
2019-11-13,6.530961825713378,5.755237251559324
2019-11-14,6.545650168462324,5.774027448045269
2019-11-15,6.5937478416025295,5.830885250984996
2019-11-18,6.589351030846778,5.830508492565888
2019-11-19,6.589645870839626,5.816284218618901
2019-11-20,6.578700584180181,5.793901404892631
2019-11-21,6.570035901987422,5.745527262475207
2019-11-22,6.569314092493171,5.732307645480457
2019-11-25,6.638334993208581,5.784163023658819
2019-11-26,6.634934672694459,5.800371226077752
2019-11-27,6.660532662675146,5.831980525317889
2019-11-29,6.623539516260212,5.799864201481016
2019-12-02,6.57831482742471,5.744184372887695
2019-12-03,6.533314551626578,5.701492496402115
2019-12-04,6.575381207296671,5.74889544532355
2019-12-05,6.575351787569858,5.761220060875186
2019-12-06,6.630025401553504,5.812527437032704
2019-12-09,6.605541686340384,5.779989810770897
2019-12-10,6.612816769496788,5.7937406440133055
2019-12-11,6.649853459527766,5.843216778578944
2019-12-12,6.71509617385538,5.91222046119936
2019-12-13,6.685178763090699,5.888805644471441
2019-12-16,6.7397764117256465,5.9388390397613025
2019-12-17,6.744596092120021,5.950805763563118
2019-12-18,6.757703312728211,5.943721406081226
2019-12-19,6.779784389877149,5.974517038166913
2019-12-20,6.822036937256788,6.025245273432805
2019-12-23,6.813136382246146,6.025366129580876
2019-12-24,6.814500025581783,6.031616879601175
2019-12-26,6.836796678888615,6.052666146155168
2019-12-27,6.823697553271457,6.0432618506882925
2019-12-30,6.794727167702195,6.018233452523418
2019-12-31,6.815296234393977,6.0272013562877
2020-01-02,6.854464680984959,6.076478453509177
2020-01-03,6.785311144018113,6.035378654092226
2020-01-06,6.803445049931334,6.051113340501366
2020-01-07,6.799009571584198,6.06421769885979
2020-01-08,6.810330413007476,6.088907108910068
2020-01-09,6.844679472781436,6.121991722830134
2020-01-10,6.829376008743106,6.105009730310879
2020-01-13,6.863541932839139,6.158157298354693
2020-01-14,6.873441652426253,6.176646592800552
2020-01-15,6.887749063694544,6.194782779937965
2020-01-16,6.9437646057413085,6.260037476399675
2020-01-17,6.949999482709062,6.266367099250604
2020-01-21,6.9120118209601555,6.264403198780432
2020-01-22,6.907237056989131,6.2841577316386275
2020-01-23,6.950658816095129,6.314771330006266
2020-01-24,6.878988324272147,6.2322072381034594
2020-01-27,6.75452677258075,6.1401807442756215
2020-01-28,6.820316675284402,6.215916567790023
2020-01-29,6.798543086148119,6.19354255756519
2020-01-30,6.8166138127283356,6.2071954634621695
2020-01-31,6.705332022157307,6.0925215862622375
2020-02-03,6.738778564595296,6.163762898531644
2020-02-04,6.837434566729835,6.31411080114151
2020-02-05,6.949128292750843,6.362764506456263
2020-02-06,6.971238763467568,6.395355832157892
2020-02-07,6.916238431377043,6.321839446849081
2020-02-10,6.9811036401673485,6.403907413224962
2020-02-11,7.041813144504041,6.467027151377367
2020-02-12,7.126225604904722,6.535460201346682
2020-02-13,7.1099263233258165,6.535345455536217
2020-02-14,7.102188794743,6.525345312178575
2020-02-18,7.100003611752894,6.511426793577661
2020-02-19,7.151948963379618,6.596585409562407
2020-02-20,7.165851403403782,6.569937813735074
2020-02-21,7.10714864814332,6.467170943071212
2020-02-24,6.8873048674926665,6.211232956873608
2020-02-25,6.678620728178523,5.996280188057115
2020-02-26,6.647587480246644,5.9836760705372605
2020-02-27,6.357873523341159,5.709451871301488
2020-02-28,6.327135086985928,5.725325126997673
2020-03-02,6.616984374251321,6.009353373014337
2020-03-03,6.484902683560417,5.860678773591294
2020-03-04,6.7986283027599725,6.126967063529014
2020-03-05,6.588622773500566,5.936019264820742
2020-03-06,6.501054425579632,5.806623298788986
2020-03-09,6.046879789559531,5.316410634730223
2020-03-10,6.3127701249505614,5.588236674598386
2020-03-11,6.045607900099905,5.334315365869972
2020-03-12,5.484863824725198,4.778137018500253
2020-03-13,5.895508243609107,5.21230007180702
2020-03-16,5.251363077114051,4.536858931097668
2020-03-17,5.571211962983123,4.797479029557594
2020-03-18,5.233856984529662,4.432603251303804
2020-03-19,5.29883194301467,4.563194396369592
2020-03-20,5.043129714641366,4.370619660871853
2020-03-23,4.913542084832639,4.332206326174261
2020-03-24,5.433305226371236,4.83909624346228
2020-03-25,5.520953916859645,4.941326930493416
2020-03-26,5.842838051232346,5.26405128496394
2020-03-27,5.655209976792289,5.068771863428724
2020-03-30,5.849343649697673,5.223531036353478
2020-03-31,5.757903934653582,5.111205746394461
2020-04-01,5.472499527016581,4.879460181942508
2020-04-02,5.56717351245575,4.9873452651363746
2020-04-03,5.500689763555165,4.922764942293143
2020-04-06,5.910620814013077,5.263905775922728
2020-04-07,5.959513288179423,5.266418724199123
2020-04-08,6.1718766944547685,5.441245262438085
2020-04-09,6.240690477538974,5.518524630921609
2020-04-13,6.16818336494731,5.507877289875251
2020-04-14,6.368849679210133,5.706940809505496
2020-04-15,6.189320418198683,5.583064627182087
2020-04-16,6.213756837327663,5.652700746542262
2020-04-17,6.411554674414575,5.786567861967323
2020-04-20,6.286900269723092,5.702428311925701
2020-04-21,6.069781485807981,5.511993560613156
2020-04-22,6.2142283757177035,5.663680507973671
2020-04-23,6.218478029440301,5.656641064070883
2020-04-24,6.306619223522935,5.726599532646272
2020-04-27,6.430892204447687,5.816624383487135
2020-04-28,6.419006297145578,5.754458594033071
2020-04-29,6.604267071621846,5.8454378622882475
2020-04-30,6.518297357231434,5.776527359266746
2020-05-01,6.282864319672199,5.597682244750075
2020-05-04,6.303960103313291,5.653674024261433
2020-05-05,6.348470302687497,5.726842869259812
2020-05-06,6.280198549113316,5.692353524349229
2020-05-07,6.399180765874691,5.786995873964351
2020-05-08,6.579811373072866,5.903249732188442
2020-05-11,6.5570679571337305,5.938256794121423
2020-05-12,6.415545482062003,5.80957786306492
2020-05-13,6.274562957088416,5.740432476963141
2020-05-14,6.3815495988011826,5.832044414515146
2020-05-15,6.396830804643846,5.863600280395893
2020-05-18,6.651985634126918,5.99268329836137
2020-05-19,6.585941053688463,5.950664695086612
2020-05-20,6.700005969586135,6.028149829966907
2020-05-21,6.649699513879447,5.96845909812691
2020-05-22,6.665560162391124,5.989293803504874
2020-05-26,6.814359077298024,6.012546554005509
2020-05-27,6.943686659671534,6.086342792237599
2020-05-28,6.905432209187424,6.081109098622163
2020-05-29,6.938946930108057,6.148712739188587
2020-06-01,6.9753236163200185,6.185076512590869
2020-06-02,7.043435411777085,6.225464624583498
2020-06-03,7.179818685167199,6.26413544815934
2020-06-04,7.186358703237642,6.235316287656367
2020-06-05,7.426493182725021,6.372009566644767
2020-06-08,7.53799790826642,6.441188486950768
2020-06-09,7.447560702343735,6.441617536883736
2020-06-10,7.3453543826120145,6.458630497430434
2020-06-11,6.888874007516836,6.1014602315041016
2020-06-12,6.9811394936418045,6.154053521980443
2020-06-15,7.0226196450027025,6.212648954063625
2020-06-16,7.156754827150696,6.332959294295965
2020-06-17,7.098233825963025,6.322678095146156
2020-06-18,7.096668139062774,6.3358076687326506
2020-06-19,7.051996033198005,6.341046351786155
2020-06-22,7.080773786236152,6.402016586079808
2020-06-23,7.0941777420206105,6.416743706800124
2020-06-24,6.881314331126078,6.256230421084255
2020-06-25,6.949909695718634,6.33765508837983
2020-06-26,6.808319034699439,6.212836936839774
2020-06-29,6.937872157087013,6.284511490835275
2020-06-30,7.049550896841834,6.410957436296939
2020-07-01,7.035312726354273,6.4427470369458835
2020-07-02,7.078528245570276,6.486800519477742
2020-07-06,7.158915249980206,6.59069400662564
2020-07-07,7.060427002952266,6.53948448044286
2020-07-08,7.081517777088596,6.6188216630559715
2020-07-09,6.989235765072365,6.618195283700995
2020-07-10,7.064526326168896,6.652983406258079
2020-07-13,7.028894815620541,6.5112139424015965
2020-07-14,7.15485786114831,6.617239692171976
2020-07-15,7.2366993709456695,6.652381612209324
2020-07-16,7.208982388599583,6.603473911864412
2020-07-17,7.22931461182139,6.632372271101256
2020-07-20,7.224270720643999,6.753732803191536
2020-07-21,7.335108780141298,6.755097399774297
2020-07-22,7.362483210019129,6.7910158869242085
2020-07-23,7.330899339912212,6.698770898664944
2020-07-24,7.286682721384529,6.670403431463973
2020-07-27,7.329066770094309,6.773281611418566
2020-07-28,7.297211951777906,6.720229261878205
2020-07-29,7.394638070845328,6.840529224430608
2020-07-30,7.3253685664381525,6.794996067110356
2020-07-31,7.310639421120384,6.817753839480107
2020-08-03,7.341298739149138,6.882675367543675
2020-08-04,7.410347805719707,6.9419247591508855
2020-08-05,7.415285200588975,6.947092779632835
2020-08-06,7.42148152468681,6.962898264195018
2020-08-07,7.433957557749926,6.906140565070441
2020-08-10,7.505248148943894,6.890800947098086
2020-08-11,7.461153773188297,6.782582925580577
2020-08-12,7.565413549304014,6.924107592247686
2020-08-13,7.510854074699704,6.93084638206694
2020-08-14,7.53228271578705,6.937384293408526
2020-08-17,7.568645591905979,7.039680832344034
2020-08-18,7.557412688104055,7.053668891779246
2020-08-19,7.498349315169174,7.006564246585875
2020-08-20,7.457419702919986,7.072837842363519
2020-08-21,7.472292097725927,7.077315980464042
2020-08-24,7.543840774869517,7.111081934674807
2020-08-25,7.538860795449975,7.143729728092225
2020-08-26,7.524236166769533,7.2253783419761115
2020-08-27,7.549223716033949,7.20348976592077
2020-08-28,7.63629666596881,7.266653642945403
2020-08-31,7.586087491629604,7.311378713931085
2020-09-01,7.6393345819190195,7.40249370334829
2020-09-02,7.780469389025133,7.493989216331947
2020-09-03,7.559007996893292,7.172342664385638
2020-09-04,7.511751855160714,7.097214482115206
2020-09-08,7.316730579587582,6.867429156018841
2020-09-09,7.425622403086557,7.033822986229845
2020-09-10,7.265242276533756,6.895788178855732
2020-09-11,7.289534634249263,6.881916905041475
2020-09-14,7.420447061571521,7.0207547037663804
2020-09-15,7.430239487293129,7.095109017279505
2020-09-16,7.480819561440491,7.064196025822178
2020-09-17,7.441885414129535,6.9868638247813895
2020-09-18,7.359683907374149,6.922396245984476
2020-09-21,7.2163109253611895,6.906688249957589
2020-09-22,7.264082936475079,6.9719049721277395
2020-09-23,7.059416056178776,6.759030460658729
2020-09-24,7.0786868483214205,6.790013555270527
2020-09-25,7.164256201050639,6.922282170701433
2020-09-28,7.301828517807968,7.050102253429782
2020-09-29,7.237955027503941,7.028433828100172
2020-09-30,7.281160044582756,7.066059361108995
2020-10-01,7.287895013090973,7.127122945512454
2020-10-02,7.256657501024611,7.029001307464342
2020-10-05,7.387967410608059,7.1836254610827135
2020-10-06,7.3047086091742806,7.080483469709
2020-10-07,7.41855386927435,7.215523889073927
2020-10-08,7.542973802669764,7.2816676790010195
2020-10-09,7.566957034636986,7.333969189237956
2020-10-12,7.650563162664017,7.438997052436665
2020-10-13,7.597668550867707,7.446055192467755
2020-10-14,7.579028426944568,7.406668078590272
2020-10-15,7.591293502714764,7.389004977314245
2020-10-16,7.544181579014274,7.3589977022977395
2020-10-19,7.413103651959714,7.240441176138315
2020-10-20,7.463269091860638,7.267611684925381
2020-10-21,7.417920239697343,7.210602246439518
2020-10-22,7.505603750941978,7.2137768226750145
2020-10-23,7.551460890355465,7.261037978180261
2020-10-26,7.361856280867619,7.111353869233725
2020-10-27,7.290691852764844,7.093203585458283
2020-10-28,7.063024471189238,6.848678820060398
2020-10-29,7.187761169511603,6.958448987458926
2020-10-30,7.164771965795697,6.853789330589863
2020-11-02,7.325924942671616,6.9698158298069774
2020-11-03,7.519705135662557,7.127961556068924
2020-11-04,7.622283563082415,7.297463364835697
2020-11-05,7.760654292929259,7.475628441748244
2020-11-06,7.7425749184533235,7.495537379814547
2020-11-09,7.992546545773665,7.460089556107606
2020-11-10,8.079856148287833,7.423648273809696
2020-11-11,8.115601078858127,7.548968474656554
2020-11-12,8.004607695872142,7.477846464790888
2020-11-13,8.175140645964468,7.570647091531725
2020-11-16,8.334317950052773,7.6695623914172435
2020-11-17,8.285258659771877,7.666284382348921
2020-11-18,8.195204476530112,7.605849668187583
2020-11-19,8.237747270978211,7.67030618834062
2020-11-20,8.180093945458696,7.624529260028914
2020-11-23,8.276421635925965,7.695594033370584
2020-11-24,8.395051118263584,7.786114096791483
2020-11-25,8.348118194703794,7.784224189228339
2020-11-27,8.354399220537298,7.8153398274547925
2020-11-30,8.25819664340448,7.7990155975562105
2020-12-01,8.312063272933539,7.853155753005115
2020-12-02,8.33280959444197,7.8626598432565284
2020-12-03,8.30944855162112,7.905013663932234
2020-12-04,8.43083791337481,8.01948641487015
2020-12-07,8.39796138416483,8.01724672738209
2020-12-08,8.436183233967217,8.05468352208564
2020-12-09,8.391989658776291,7.991501542668104
2020-12-10,8.337515912436315,7.9854021605602385
2020-12-11,8.30238527403296,7.924183787384391
2020-12-14,8.23318474116274,7.8753098773173456
2020-12-15,8.342563670180096,7.978856171272493
2020-12-16,8.321729104644316,7.974876117407878
2020-12-17,8.354269352868215,8.024798652387553
2020-12-18,8.314622703179456,8.023051634412152
2020-12-21,8.270266218444881,7.984939927584878
2020-12-22,8.231819439840095,7.972174778670482
2020-12-23,8.236964909585438,7.9934906131777534
2020-12-24,8.26825855102427,8.011290474298693
2020-12-28,8.30926325196102,8.020471959317826
2020-12-29,8.281210240830932,7.983061594948353
2020-12-30,8.328102471062506,8.06924999032606
2020-12-31,8.366347094222915,8.101175307807997
2021-01-04,8.270602727419858,7.980151137980347
2021-01-05,8.363510400163621,8.127007289003549
2021-01-06,8.483682695837457,8.244259000424904
2021-01-07,8.65898087990699,8.44283597080126
2021-01-08,8.682057859207756,8.45737507702982
2021-01-11,8.697270488449304,8.477205995168125
2021-01-12,8.789665102233487,8.608629895044789
2021-01-13,8.755794829709258,8.57206201075309
2021-01-14,8.807079756202894,8.669838344152812
2021-01-15,8.751933029435364,8.545629872335288
2021-01-19,8.828016417393785,8.666639086690486
2021-01-20,8.924219638607193,8.742685291207009
2021-01-21,8.912467039396326,8.725370170565494
2021-01-22,8.8795365949852,8.690744339839348
2021-01-25,8.875925393119882,8.62725711612765
2021-01-26,8.821766968110817,8.501677279089703
2021-01-27,8.539914201307155,8.193759892055144
2021-01-28,8.640622274622016,8.365301402226125
2021-01-29,8.501851015738948,8.220017561857338
2021-02-01,8.619373936492345,8.36962712887997
2021-02-02,8.713155921119771,8.530682263570583
2021-02-03,8.766954432591907,8.537466921123587
2021-02-04,8.808112042526465,8.633057172511455
2021-02-05,8.827904645915238,8.661863938969338
2021-02-08,8.945395247026486,8.789154463485152
2021-02-09,8.942456939804568,8.767227166588524
2021-02-10,8.97522472582899,8.783452232016668
2021-02-11,8.97053338394138,8.833234947927847
2021-02-12,9.021759260000742,8.913027630079297
2021-02-16,9.023543583278729,8.963718134541288
2021-02-17,9.036520557403312,8.952498593437328
2021-02-18,8.963084089528746,8.868081331732212
2021-02-19,8.975112415665754,8.994862021266185
2021-02-22,8.94196459587589,8.952141404934997
2021-02-23,8.91873372487864,8.921281793876766
2021-02-24,9.02826323082902,9.095471754204155
2021-02-25,8.807566471348085,8.842210358312613
2021-02-26,8.732153151191003,8.808477004483791
2021-03-01,8.905086470032318,9.058032926421012
2021-03-02,8.893615542509728,9.02163674646233
2021-03-03,8.807107728648935,8.918350269573683
2021-03-04,8.737702207461234,8.75066231675521
2021-03-05,8.945438707336274,8.954960007118144
2021-03-08,8.92243599263934,8.882362717800415
2021-03-09,9.011470140681809,9.045584149172003
2021-03-10,9.10787671509734,9.147089066127498
2021-03-11,9.202377537007434,9.306266635070742
2021-03-12,9.249228391967566,9.359288317707321
2021-03-15,9.327111472219727,9.425691860501791
2021-03-16,9.275288408081602,9.338475102363464
2021-03-17,9.285187294693962,9.406901660067241
2021-03-18,9.174774405701259,9.237846730240616
2021-03-19,9.17009103627546,9.263993764593478
2021-03-22,9.233762359931621,9.30153595993027
2021-03-23,9.163837251300178,9.134030768643857
2021-03-24,9.173146001136837,9.07751733914384
2021-03-25,9.239613015380904,9.13483583998008
2021-03-26,9.471391944875256,9.285212154175856
2021-03-29,9.471323433643393,9.20826771048611
2021-03-30,9.413457024761502,9.25205264884959
2021-03-31,9.421956417250035,9.305885425416994
2021-04-01,9.52789089016369,9.416336585691962
2021-04-05,9.670744658804287,9.556279174605065
2021-04-06,9.647474512234608,9.567974972826626
2021-04-07,9.651883150433736,9.544827873704177
2021-04-08,9.644589282758092,9.551583363188268
2021-04-09,9.718634705676807,9.610536127481105
2021-04-12,9.728438300946003,9.60075010875303
2021-04-13,9.73316200484803,9.609468893250861
2021-04-14,9.727768541125359,9.620575321337567
2021-04-15,9.855939254323715,9.69124757215188
2021-04-16,9.868639651107655,9.710086700594138
2021-04-19,9.79652863245376,9.62797259551713
2021-04-20,9.744646223231191,9.458665186497239
2021-04-21,9.872323072870593,9.643570689499919
2021-04-22,9.784104189318898,9.562652325599016
2021-04-23,9.880681997056877,9.711497673904924
2021-04-26,9.88965943467569,9.78158766330729
2021-04-27,9.886940520370937,9.79133153810156
2021-04-28,9.892442219598047,9.79402282551267
2021-04-29,9.934607224422376,9.766454193145487
2021-04-30,9.866378445601782,9.713702845486818
2021-05-03,9.94548957773645,9.750233709191368
2021-05-04,9.91346608848343,9.672841822825887
2021-05-05,10.04555226900174,9.772907326613465
2021-05-06,10.15419880050932,9.841877358524842
2021-05-07,10.282948250971659,9.98974344735088
2021-05-10,10.20078206910911,9.827398405038197
2021-05-11,10.135594515810721,9.77287248466452
2021-05-12,9.910707832203537,9.48300446165349
2021-05-13,10.019759394657386,9.606984532630364
2021-05-14,10.19979924575706,9.866373253249357
2021-05-17,10.236200516048592,9.907128153138885
2021-05-18,10.156132084135416,9.815475574483022
2021-05-19,10.100589263421293,9.78138502950776
2021-05-20,10.211203022425757,9.87692848435411
2021-05-21,10.219260178345635,9.899289793013583
2021-05-24,10.30968989492428,10.01442263453525
2021-05-25,10.267932687075358,9.962420634768163
2021-05-26,10.294282839307247,10.057692951201238
2021-05-27,10.324039473413405,10.17826741318312
2021-05-28,10.365547895368795,10.179789694771209
2021-06-01,10.436611015387463,10.286058664639201
2021-06-02,10.451254277827905,10.282525006172973
2021-06-03,10.463280890556058,10.285985787894061
2021-06-04,10.534652273301054,10.35327381897045
2021-06-07,10.481896364009579,10.305613008619058
2021-06-08,10.48304581697563,10.317902915570125
2021-06-09,10.48006411795401,10.24997506030822
2021-06-10,10.535234050636394,10.244057604341663
2021-06-11,10.545606474151187,10.272970904860978
2021-06-14,10.518481967316667,10.220547120134826
2021-06-15,10.516521191796556,10.21495389186904
2021-06-16,10.45546928586708,10.162530423320838
2021-06-17,10.36104592163171,9.981195685381111
2021-06-18,10.177557178502536,9.766352598477914
2021-06-21,10.353173125075491,9.97846490073977
2021-06-22,10.379118132073886,9.995948728218627
2021-06-23,10.391479496311709,10.040850936388079
2021-06-24,10.441077283955538,10.127770867351172
2021-06-25,10.484675735946789,10.175162055181076
2021-06-28,10.47246180531754,10.128299250040756
2021-06-29,10.473576442985246,10.133191555645904
2021-06-30,10.523548565736284,10.179710983328198
2021-07-01,10.539430916986381,10.205606156621883
2021-07-02,10.59316979646989,10.214683218104545
2021-07-06,10.546761156734405,10.063765042075241
2021-07-07,10.558598152841114,10.008448494732576
2021-07-08,10.439015332147358,9.878824087998748
2021-07-09,10.620506345775155,10.10577980754226
2021-07-12,10.663447160693359,10.158138446759253
2021-07-13,10.59962935805213,10.062850209786722
2021-07-14,10.557013687798289,9.966659595508636
2021-07-15,10.480917127821144,9.882652593464499
2021-07-16,10.381164149872646,9.720303941262475
2021-07-19,10.229057061645259,9.504470617031478
2021-07-20,10.39444315346949,9.71824671064232
2021-07-21,10.533812282923233,9.9232482778642
2021-07-22,10.524455204461777,9.85608447983771
2021-07-23,10.593829926802478,9.88538479569789
2021-07-26,10.631030341456086,9.991112646027876
2021-07-27,10.578381188145586,9.933255204688862
2021-07-28,10.595478056318855,9.977663268811954
2021-07-29,10.664070852876762,10.065742179140033
2021-07-30,10.608730897029027,9.979927500281454
2021-08-02,10.587054881667893,9.965942976783072
2021-08-03,10.696193785326187,10.10029000121412
2021-08-04,10.58192319216229,10.000666453246877
2021-08-05,10.579933467641622,10.059067422660274
2021-08-06,10.58771163094646,10.121340919058307
2021-08-09,10.543307108702654,10.082163802337789
2021-08-10,10.543002623969485,10.103078929954327
2021-08-11,10.596879253527051,10.154288591693811
2021-08-12,10.573420630427739,10.1229287209651
2021-08-13,10.565879721456525,10.100550160036002
2021-08-16,10.569355980530421,10.052408191259849
2021-08-17,10.535719826525476,9.966224561148923
2021-08-18,10.405838875448856,9.84618021442001
2021-08-19,10.417217311041403,9.795153349680664
2021-08-20,10.486992880801049,9.853149991402152
2021-08-23,10.600365148232298,10.017597002805205
2021-08-24,10.6636634891867,10.088846667868978
2021-08-25,10.697108465222623,10.16860091996404
2021-08-26,10.617798983208596,10.094596941697892
2021-08-27,10.755995754993195,10.264814594883502
2021-08-30,10.757952979083383,10.214489033443453
2021-08-31,10.740434035957957,10.185545761992604
2021-09-01,10.729648605142774,10.142086739418524
2021-09-02,10.773402884207032,10.185087560924012
2021-09-03,10.780673100892486,10.18467656827194
2021-09-07,10.678895938958261,10.112653758054407
2021-09-08,10.689574623915888,10.077206502442179
2021-09-09,10.648142505038527,10.0566713870801
2021-09-10,10.59415620239548,10.016350700977998
2021-09-13,10.657367135012516,10.093516810485578
2021-09-14,10.591344309704674,10.026937158267456
2021-09-15,10.729571512259934,10.181412798758842
2021-09-16,10.671500647744766,10.151044825348285
2021-09-17,10.581869575759713,10.060829995509247
2021-09-20,10.400713334732023,9.827982110884383
2021-09-21,10.384642078903354,9.844363787547639
2021-09-22,10.490165397745493,9.988150219788244
2021-09-23,10.585397859834632,10.127759232866048
2021-09-24,10.574275360699714,10.120337535668048
2021-09-27,10.570232859303934,10.132392575260617
2021-09-28,10.404062931242116,9.933018024290662
2021-09-29,10.433492343714226,9.935418811626525
2021-09-30,10.28217176475411,9.80034154903847
2021-10-01,10.329932991688729,9.899703380143267
2021-10-04,10.247556070165963,9.760496241748031
2021-10-05,10.314610067522626,9.867057699487198
2021-10-06,10.356321630079218,9.903427857188378
2021-10-07,10.473248761516903,10.014924968416134
2021-10-08,10.47727863070392,10.020371719332221
2021-10-11,10.447597199808653,9.97058244228999
2021-10-12,10.431922891295688,9.975135853173855
2021-10-13,10.480686822291032,10.024813780235624
2021-10-14,10.677981801065553,10.217203963004026
2021-10-15,10.733073690657521,10.270498831848233
2021-10-18,10.70609055929049,10.310677905487818
2021-10-19,10.775064419106352,10.384965548725685
2021-10-20,10.864773733500755,10.436092311196148
2021-10-21,10.893132642564673,10.488802054950416
2021-10-22,10.897338921107442,10.512098640123167
2021-10-25,10.928756147768809,10.537252114197594
2021-10-26,10.984542680212714,10.595885011105333
2021-10-27,10.875445715820621,10.521737979539648
2021-10-28,10.971099630900522,10.642175538265379
2021-10-29,10.939460563886742,10.640259421337301
2021-11-01,10.986069276810387,10.626745885264443
2021-11-02,11.120128159180089,10.731190450169255
2021-11-03,11.224263651071396,10.776595011722483
2021-11-04,11.287020521635961,10.82796313929224
2021-11-05,11.351700112590374,10.898660689769068
2021-11-08,11.362981036662301,10.94159435956081
2021-11-09,11.398625833579,10.964420641419977
2021-11-10,11.342750668146252,10.861525713475789
2021-11-11,11.390314463924346,10.909722688202093
2021-11-12,11.481427142007849,10.98960234015333
2021-11-15,11.496545316315714,10.98844831711481
2021-11-16,11.475768971868483,10.981743768459534
2021-11-17,11.447779151807627,10.935118657039546
2021-11-18,11.462809862813359,10.964877224142164
2021-11-19,11.404088537093953,10.902795085264527
2021-11-22,11.446473043108918,10.926193471728842
2021-11-23,11.533944337577749,11.002276317508075
2021-11-24,11.524447799340923,11.022553528109068
2021-11-26,11.236372401594705,10.704834365202109
2021-11-29,11.364749120362749,10.854860310950006
2021-11-30,11.084460519732316,10.554117086257628
2021-12-01,11.013613265245674,10.375451558597748
2021-12-02,11.153532607581623,10.539999889574984
2021-12-03,11.148567012398358,10.389278187370492
2021-12-06,11.315781261482803,10.459329621940505
2021-12-07,11.523233145345465,10.756993952650097
2021-12-08,11.539656970061415,10.778273083203347
2021-12-09,11.497016774207324,10.66100323069351
2021-12-10,11.618613905030807,10.782686550559516
2021-12-13,11.565426201483454,10.656136410852627
2021-12-14,11.517566557036266,10.55476231836155
2021-12-15,11.681593459476062,10.790701650232256
2021-12-16,11.640532340271374,10.616812706218202
2021-12-17,11.515738967061528,10.5545302140452
2021-12-20,11.416451504501357,10.448091059331352
2021-12-21,11.613570957898025,10.694096073175348
2021-12-22,11.681672193984255,10.825283651959415
2021-12-23,11.758495897106721,10.935261655445256
2021-12-27,11.918557445520863,11.12325592758107
2021-12-28,11.947959283694129,11.091226847292985
2021-12-29,12.003545728062063,11.083549917844207
2021-12-30,11.953659957873784,11.033958215034211
2021-12-31,11.958271767628496,11.007949846693457
2022-01-03,11.967298678822713,11.023207077926473
2022-01-04,12.088248773176648,11.02433304773532
2022-01-05,11.99776118375117,10.777299022280726
2022-01-06,12.005644928992796,10.82410015185644
2022-01-07,12.020617862561387,10.741418769598274
2022-01-10,11.999205403139216,10.752964834688454
2022-01-11,12.120409138098218,10.893233456047561
2022-01-12,12.163254984702904,10.93681746624849
2022-01-13,12.152991815758405,10.777142797425004
2022-01-14,12.162338525989188,10.79500402568955
2022-01-18,12.005076972542401,10.590562072394352
2022-01-19,11.87965413858623,10.453796914221082
2022-01-20,11.727718804548937,10.316424620383405
2022-01-21,11.569671028881412,10.111189766273686
2022-01-24,11.617856536708427,10.157648053742566
2022-01-25,11.566046346320022,10.015188488711411
2022-01-26,11.512735920330178,9.993773565573987
2022-01-27,11.456133870231536,9.909404369152766
2022-01-28,11.577239550058328,10.09054830477576
2022-01-31,11.716118044025174,10.354318181608683
2022-02-01,11.781374544882986,10.420068417965856
2022-02-02,11.879792865105658,10.553705630709729
2022-02-03,11.676607112322898,10.315722021341347
2022-02-04,11.650489704572482,10.337620485183544
2022-02-07,11.624355258317935,10.305602598944777
2022-02-08,11.6628278865733,10.35930776237585
2022-02-09,11.832479973609429,10.564747335174163
2022-02-10,11.65001794626488,10.352067990877574
2022-02-11,11.533865847339813,10.129442590561965
2022-02-14,11.449740834161716,10.085941439689492
2022-02-15,11.588623531893326,10.293920348676318
2022-02-16,11.6384201206079,10.310329990539255
2022-02-17,11.508960141425936,10.10743426195932
2022-02-18,11.439043554602101,10.030211855492938
2022-02-22,11.322581148183886,9.897825688455624
2022-02-23,11.188348229809884,9.715152813894456
2022-02-24,11.305758297997274,9.947613169239457
2022-02-25,11.6006524450744,10.193679181373076
2022-02-28,11.639589826901835,10.257709427445088
2022-03-01,11.534226764313921,10.112765230973446
2022-03-02,11.761160495951827,10.350287030068685
2022-03-03,11.762741417766758,10.301887663787916
2022-03-04,11.739404060953497,10.261243427973078
2022-03-07,11.45364602129907,10.00004277739083
2022-03-08,11.389698674548184,9.95239604179696
2022-03-09,11.612858386494949,10.150365158534914
2022-03-10,11.600301161184863,10.16204944557419
2022-03-11,11.512276641513871,10.068402614382922
2022-03-14,11.446035984206109,9.950991014239705
2022-03-15,11.631142409304056,10.105047558241237
2022-03-16,11.805229932420426,10.290112025046174
2022-03-17,11.966140155109528,10.446751143999206
2022-03-18,12.012879173693536,10.545292236546546
2022-03-21,12.083568760843775,10.63068882636908
2022-03-22,12.145785393136062,10.710530402480735
2022-03-23,12.045026031267705,10.64333934162312
2022-03-24,12.208619187430841,10.827663906843721
2022-03-25,12.288592071445171,10.885323050082103
2022-03-28,12.29505807349264,10.89582493021281
2022-03-29,12.40594110634929,10.973813425071972
2022-03-30,12.358050954722053,10.90126672044077
2022-03-31,12.218150220255986,10.764508645348652
2022-04-01,12.229908109239188,10.808738103050315
2022-04-04,12.269395037809478,10.838266504799089
2022-04-05,12.104453860071956,10.703033723939331
2022-04-06,12.063699491979992,10.692518272236395
2022-04-07,12.164952340177635,10.828390400173102
2022-04-08,12.175336106710034,10.89194357855786
2022-04-11,11.986445945077591,10.689800001667358
2022-04-12,11.947637875434971,10.708397928282583
2022-04-13,12.080134137228567,10.83042536927316
2022-04-14,12.002841799253366,10.784797817617262
2022-04-18,12.057512514210629,10.839822139460491
2022-04-19,12.21079122944521,10.910365048017914
2022-04-20,12.339771397277062,10.974672440061925
2022-04-21,12.136970908727086,10.720319875291008
2022-04-22,11.71804671350374,10.40153399390674
2022-04-25,11.740543837598377,10.342713387600456
2022-04-26,11.473336650943104,10.14806874867037
2022-04-27,11.49655587036444,10.19416085312206
2022-04-28,11.714341710710254,10.37933677996846
2022-04-29,11.328042361297936,10.037288644494739
2022-05-02,11.4233429254688,10.09709118629218
2022-05-03,11.482865171855247,10.182354891297997
2022-05-04,11.824054785255866,10.49524499065234
2022-05-05,11.485937840138702,10.224571356279258
2022-05-06,11.418776076707955,10.246097593278533
2022-05-09,11.054450076868433,9.755503528865926
2022-05-10,11.076712876332516,9.816783612769616
2022-05-11,10.942233070716277,9.730084466164856
2022-05-12,11.039184117223524,9.744471961043486
2022-05-13,11.290829749352291,9.981115982835275
2022-05-16,11.283510199556073,10.010752331216644
2022-05-17,11.509967162432396,10.196137798153202
2022-05-18,11.052287840561103,9.804645531901093
2022-05-19,11.021605682879889,9.819169855122459
2022-05-20,10.93069359737472,9.791174064117737
2022-05-23,11.09850514343861,9.979107686642356
2022-05-24,11.051637153080675,9.95164729061779
2022-05-25,11.169221018740583,10.10390141264663
2022-05-26,11.366750793270732,10.255409130817618
2022-05-27,11.615943715555385,10.456027916686175
2022-05-31,11.50910770574971,10.327276872955329
2022-06-01,11.44527050086772,10.303084003282086
2022-06-02,11.63248896382424,10.378004202857236
2022-06-03,11.50265543559271,10.340422204139436
2022-06-06,11.57916047912431,10.393849139580919
2022-06-07,11.738817832867838,10.595679687935053
2022-06-08,11.606076794283826,10.499085691655226
2022-06-09,11.310131069464337,10.241113004516178
2022-06-10,11.050323909556518,10.07270476811755
2022-06-13,10.578829926276338,9.659558808508352
2022-06-14,10.539831573179024,9.618623077551659
2022-06-15,10.649896153986186,9.64061810505172
2022-06-16,10.295118221620001,9.343101566915989
2022-06-17,10.216595909526049,9.20132779097937
2022-06-21,10.497550873190523,9.509566203736465
2022-06-22,10.453307470258236,9.42997932419245
2022-06-23,10.46673794874428,9.381387070613128
2022-06-24,10.770725892436184,9.59580215337868
2022-06-27,10.787548869249084,9.670037682946404
2022-06-28,10.663756244648294,9.616081828081919
2022-06-29,10.577453893880259,9.525831619484121
2022-06-30,10.449869256649103,9.422556033125838
2022-07-01,10.541352684189707,9.521764762984716
2022-07-05,10.409708125374896,9.331086852729293
2022-07-06,10.42732950890217,9.321001853925889
2022-07-07,10.620054621367812,9.495596311346317
2022-07-08,10.599066041308719,9.499785660216512
2022-07-11,10.466315317137388,9.425815701766734
2022-07-12,10.393643387677733,9.331766667518075
2022-07-13,10.344680601052696,9.289411421709156
2022-07-14,10.263929488696899,9.202933013226003
2022-07-15,10.473491158536028,9.388282004335013
2022-07-18,10.449509084738585,9.355687903460463
2022-07-19,10.769762626883102,9.596755898431038
2022-07-20,10.849308841857592,9.630314441218056
2022-07-21,10.935024381900845,9.64093010521369
2022-07-22,10.842817300011307,9.59683713079225
2022-07-25,10.86631997502172,9.711767793191514
2022-07-26,10.779976504827902,9.678090603096944
2022-07-27,11.018576720236096,9.83259120235524
2022-07-28,11.192940712561182,9.914694866799797
2022-07-29,11.330106778218004,10.046967316102002
2022-08-01,11.28551951092606,9.97299453200067
2022-08-02,11.200371617039519,9.921866417875545
2022-08-03,11.275843939593436,9.910087803925054
2022-08-04,11.224952522431204,9.83962459630604
2022-08-05,11.245331870490988,9.904991231920086
2022-08-08,11.330386590743048,9.955225823928352
2022-08-09,11.285603434900073,9.997106233442183
2022-08-10,11.513656463372447,10.126579478934088
2022-08-11,11.517751070482946,10.170063356708825
2022-08-12,11.725318988374054,10.327298813633652
2022-08-15,11.705409458409942,10.323421487195622
2022-08-16,11.734027728312254,10.346272582629132
2022-08-17,11.616051226521344,10.321729834925106
2022-08-18,11.649648980743827,10.369536747556555
2022-08-19,11.52384462188445,10.327736341885881
2022-08-22,11.291203125503625,10.17626021142539
2022-08-23,11.323301482303858,10.202160584394623
2022-08-24,11.370493833325442,10.250388581377706
2022-08-25,11.549731406661321,10.372078894496628
2022-08-26,11.227718663951142,10.141292953625841
2022-08-29,11.185881472265041,10.127714869154469
2022-08-30,11.041033838987758,9.996317740839052
2022-08-31,10.952901701252717,9.926593496366154
2022-09-01,10.975366268495222,9.91855714203843
2022-09-02,10.900774248093327,9.896814883316011
2022-09-06,10.881495301902072,9.858903203962843
2022-09-07,11.099643388042477,10.001188263323439
2022-09-08,11.185007901293769,10.06589854907567
2022-09-09,11.35597342523841,10.20621557192676
2022-09-12,11.487117201613621,10.311039274381113
2022-09-13,11.064244843402225,9.967881107798528
2022-09-14,11.054767048811506,10.037013112586669
2022-09-15,10.943490014316412,9.919027480150111
2022-09-16,10.898180384831644,9.849197090005244
2022-09-19,10.983805369379564,9.918127274725467
2022-09-20,10.84132337906381,9.832052870526692
2022-09-21,10.659513673537434,9.679586437956237
2022-09-22,10.576158791942769,9.645742775487147
2022-09-23,10.366082830620513,9.368069906939553
2022-09-26,10.237861763704192,9.223038117565059
2022-09-27,10.22527339562998,9.233634693079061
2022-09-28,10.514193010127755,9.506014496198988
2022-09-29,10.315116623446272,9.353855438095824
2022-09-30,10.202978000657541,9.262883812300164
2022-10-03,10.498652563073916,9.56099980107628
2022-10-04,10.833042579825538,9.861594208935701
2022-10-05,10.79107491717725,9.8229662837128
2022-10-06,10.677699320304331,9.73619330320664
2022-10-07,10.373720765640346,9.53857530398141
2022-10-10,10.29915713081329,9.488551913590273
2022-10-11,10.250400058330841,9.462876029939286
2022-10-12,10.19852803394655,9.373351155072198
2022-10-13,10.447002912749946,9.617711402667851
2022-10-14,10.236005191160897,9.385151659797458
2022-10-17,10.461427499676775,9.569586773748537
2022-10-18,10.568009964759849,9.696394290089193
2022-10-19,10.532847996757154,9.698243694416934
2022-10-20,10.473051607330627,9.636235268198025
2022-10-21,10.765720080685444,9.875726153041688
2022-10-24,10.857029979939348,9.964474577293567
2022-10-25,11.035288421291032,10.076292459654635
2022-10-26,11.103903465710472,10.145475314303344
2022-10-27,11.05101114805262,10.132097429403714
2022-10-28,11.279800598772388,10.365976543395075
2022-10-31,11.222576682394886,10.328994255132692
2022-11-01,11.25858593904889,10.35509272858307
2022-11-02,10.981013176511553,10.147019630649082
2022-11-03,10.982521422852718,10.208626108821761
2022-11-04,11.192139039423276,10.30714536302847
2022-11-07,11.253534182028442,10.393997687173352
2022-11-08,11.363345814319048,10.457976701855086
2022-11-09,11.138515213440055,10.251913345948411
2022-11-10,11.717625294950832,10.62671530772397
2022-11-11,11.811583865978601,10.590178842314987
2022-11-14,11.712984916755108,10.556614604229154
2022-11-15,11.841937227656414,10.620240400894094
2022-11-16,11.699800453443475,10.564827152575802
2022-11-17,11.648270780922026,10.57873044769111
2022-11-18,11.71967550571835,10.641861232971472
2022-11-21,11.70083726425191,10.630882960293622
2022-11-22,11.899740624768999,10.810163186691298
2022-11-23,11.945374994024071,10.811936512809085
2022-11-25,11.935414072866442,10.833288567400858
2022-11-28,11.729581250480198,10.663793096541303
2022-11-29,11.770939797926575,10.703700926214395
2022-11-30,12.097325846453938,10.925300662927082
2022-12-01,12.027707147145074,10.87534550979485
2022-12-02,12.01608832840869,10.892453563335792
2022-12-05,11.76285978825859,10.692858413320666
2022-12-06,11.613545787651077,10.565182049846019
2022-12-07,11.6221187034501,10.588205448913316
2022-12-08,11.687250679551834,10.615271548552887
2022-12-09,11.594283882322328,10.465621954478918
2022-12-12,11.779797713157574,10.628523473473575
2022-12-13,11.819340582198121,10.626210565582193
2022-12-14,11.762295522620427,10.61284198732933
2022-12-15,11.494694450760072,10.434601973207187
2022-12-16,11.411471354852186,10.382968733651465
2022-12-19,11.35224471898279,10.350768574673697
2022-12-20,11.389014670762663,10.390650038722184
2022-12-21,11.577707589374654,10.54664541569218
2022-12-22,11.415517275650853,10.41190524910423
2022-12-23,11.495218671742927,10.505079277997597
2022-12-27,11.47025753814181,10.512674662388175
2022-12-28,11.333948663617715,10.40135987880456
2022-12-29,11.54413716274369,10.524972362713797
2022-12-30,11.520005023988416,10.52198129247482
2023-01-03,11.493243360457999,10.452176910769676
2023-01-04,11.588061467757951,10.519975803314491
2023-01-05,11.492347488314262,10.469753004474923
2023-01-06,11.723081809511744,10.683344438032883
2023-01-09,11.624021508362404,10.57682502757304
2023-01-10,11.753652467005253,10.685773232715379
2023-01-11,11.873983648365128,10.772551195481268
2023-01-12,11.888414721267186,10.806865387313106
2023-01-13,11.932574626982575,10.849822232353306
2023-01-17,11.856935970455337,10.760522424460275
2023-01-18,11.693676742063184,10.598281363016794
2023-01-19,11.558297905120623,10.48621911405291
2023-01-20,11.761131393515992,10.656877497399199
2023-01-23,11.898861937125972,10.77628743481974
2023-01-24,11.977358223212315,10.883044236635946
2023-01-25,12.070916220576397,10.947567958421558
2023-01-26,12.16583333723524,11.038189294615878
2023-01-27,12.148543257873385,10.97529236924467
2023-01-30,12.046608008958046,10.866323620617926
2023-01-31,12.18142954158069,10.978296240819505
2023-02-01,12.238244487897784,11.027139276171393
2023-02-02,12.262391118096598,10.973348462977848
2023-02-03,12.128399115649296,10.879352728608742
2023-02-06,12.110137183875342,10.894344895159874
2023-02-07,12.175491223063561,10.96166588212703
2023-02-08,12.089486934006775,10.930110367612533
2023-02-09,12.151960289795916,10.942731613511414
2023-02-10,12.219113149784711,10.996947505991653
2023-02-13,12.36292022781978,11.117512009873119
2023-02-14,12.318792732087344,11.100751439054912
2023-02-15,12.366661445207033,11.150696052070419
2023-02-16,12.209536565956034,11.021872209708581
2023-02-17,12.19250171809434,11.013990283084674
2023-02-21,11.995777788313962,10.820367320956727
2023-02-22,11.996800870684968,10.794816445737759
2023-02-23,11.990455145350694,10.7869110452362
2023-02-24,11.897519507194925,10.697348695554647
2023-02-27,11.92571784477886,10.72833594932931
2023-02-28,11.872409018256086,10.670249061106976
2023-03-01,11.883213016425811,10.66902789417758
2023-03-02,11.989875073617068,10.756337622445775
2023-03-03,12.13527843257885,10.935538087168876
2023-03-06,12.090666334524494,10.896730764568428
2023-03-07,11.908616424820071,10.741521511514458
2023-03-08,11.917422931941443,10.771803611171476
2023-03-09,11.716971167438457,10.57417572032831
2023-03-10,11.568455458857386,10.387070444289568
2023-03-13,11.499859488250449,10.308361867972486
2023-03-14,11.629544319387945,10.46330043728917
2023-03-15,11.497665216463579,10.296217797347092
2023-03-16,11.650039084541474,10.46391324701701
2023-03-17,11.448317072196309,10.271272310740505
2023-03-20,11.616184953501667,10.398443146337033
2023-03-21,11.703699869037848,10.546934168854026
2023-03-22,11.491292739342216,10.319755437941758
2023-03-23,11.474929931280432,10.319023708532395
2023-03-24,11.54740385727162,10.358001662115742
2023-03-27,11.653990369888092,10.442094055234058
2023-03-28,11.670288662934269,10.47323596477627
2023-03-29,11.845280558311865,10.630771537656486
2023-03-30,11.905813380024851,10.702288153276658
2023-03-31,12.056454924489532,10.857242080806762
2023-04-03,12.111800102258325,10.911770751928414
2023-04-04,11.965728069393588,10.718284007567004
2023-04-05,11.971737747408014,10.66983684694291
2023-04-06,11.969363457731347,10.636526174034534
2023-04-10,12.042576671661545,10.714649053355254
2023-04-11,12.08252069382941,10.75326686579327
2023-04-12,12.041039534817866,10.726445139954668
2023-04-13,12.092526859720435,10.806064184489566
2023-04-14,12.057569932634719,10.785156529610605
2023-04-17,12.129579797076625,10.833400396417408
2023-04-18,12.171298436315565,10.87220582730389
2023-04-19,12.119111045430227,10.833540269184363
2023-04-20,12.061425125676198,10.771036192221286
2023-04-21,12.046734510289975,10.746714184238591
2023-04-24,12.085647070454355,10.781605238488792
2023-04-25,11.944771205320366,10.622531110530169
2023-04-26,11.80727150725355,10.515386592220876
2023-04-27,11.950941961426924,10.635856273117705
2023-04-28,12.042681102572432,10.755330668078525
2023-05-01,12.022811833520581,10.748382057712584
2023-05-02,11.764457721226183,10.553272147140067
2023-05-03,11.65873338757358,10.45118404971678
2023-05-04,11.57476960970312,10.371364222919956
2023-05-05,11.776510802625037,10.54611619034996
2023-05-08,11.802646952008734,10.59680809637882
2023-05-09,11.770377841745697,10.575705957157384
2023-05-10,11.798593209372552,10.588836305806646
2023-05-11,11.846902488520879,10.57754654955303
2023-05-12,11.805990476466253,10.54134405779628
2023-05-15,11.869586538969145,10.623868396774524
2023-05-16,11.709475716890202,10.503995155251777
2023-05-17,11.928292411303522,10.67583213389388
2023-05-18,12.022644065306089,10.777136984366207
2023-05-19,12.028702809862185,10.788726038043814
2023-05-22,12.004685310954471,10.759886472381579
2023-05-23,11.878347729271118,10.60735507810142
2023-05-24,11.801244060593023,10.547075415672456
2023-05-25,11.828403535886846,10.6105916066589
2023-05-26,11.985086812894922,10.727699422553133
2023-05-30,11.973039090516163,10.724231690019078
2023-05-31,11.919287353966476,10.682113277539845
2023-06-01,12.031175403266301,10.790265097011565
2023-06-02,12.225906885623512,10.925462838813507
2023-06-05,12.223247911834218,10.93408590818852
2023-06-06,12.259446710789257,10.932207777493494
2023-06-07,12.343504106316356,10.918553522195733
2023-06-08,12.412740218012486,11.013659129368595
2023-06-09,12.404937347303093,11.027751876066278
2023-06-12,12.462993878735137,11.117317886191298
2023-06-13,12.591411515621537,11.21719548456111
2023-06-14,12.541085764340838,11.243092042086953
2023-06-15,12.692004101478433,11.400318549650754
2023-06-16,12.670008592997316,11.363366094787873
2023-06-20,12.566275464466523,11.312586735757046
2023-06-21,12.557411244784465,11.299666613718994
2023-06-22,12.518858967548379,11.320737888847084
2023-06-23,12.42047006425319,11.25448381400466
2023-06-26,12.540089751206997,11.25793525762702
2023-06-27,12.70068265297485,11.431997643269865
2023-06-28,12.688254171239109,11.44346375371314
2023-06-29,12.776706703319512,11.500710710558407
2023-06-30,12.907057920947445,11.628860917030465
2023-07-03,12.951073797244227,11.656582475983592
2023-07-05,12.871389078580139,11.60158094482555
2023-07-06,12.724470847068694,11.461755438507321
2023-07-07,12.777559976052197,11.497314783690939
2023-07-10,12.876647929652265,11.620884528191027
2023-07-11,12.99967983382752,11.702052484591919
2023-07-12,13.08000195802066,11.79197720301778
2023-07-13,13.113820440357369,11.899303984350716
2023-07-14,13.000105158919794,11.81751927254114
2023-07-17,13.020459611616662,11.92360419525946
2023-07-18,13.095454718985923,12.01081792680671
2023-07-19,13.185318077391019,12.008655811793043
2023-07-20,13.184862810308696,11.884599607035279
2023-07-21,13.182956411133713,11.885874744140729
2023-07-24,13.274287325694653,11.94136248699296
2023-07-25,13.346889890677772,12.043492099442915
2023-07-26,13.353035217539116,12.013621992134468
2023-07-27,13.256438639271023,12.051381409206636
2023-07-28,13.367649517665674,12.217441996309018
2023-07-31,13.452711438418644,12.334229617350314
2023-08-01,13.442563820566361,12.314815748084525
2023-08-02,13.294048150422576,12.05197208880718
2023-08-03,13.254471176180312,12.027376040547049
2023-08-04,13.168776314991428,11.86730775488678
2023-08-07,13.322080607589138,11.97558732312828
2023-08-08,13.265587764369817,11.880313413732695
2023-08-09,13.211147174775482,11.71783184514819
2023-08-10,13.307257662685114,11.862700325408872
2023-08-11,13.357020093682374,11.84576030123976
2023-08-14,13.368151495881445,11.947500615785595
2023-08-15,13.19122002439806,11.806939494713482
2023-08-16,13.13035526835973,11.703555122833142
2023-08-17,13.015461712738718,11.525823387071611
2023-08-18,13.04152939866405,11.537118946005588
2023-08-21,13.0880965041865,11.725989721116603
2023-08-22,13.06121913586284,11.692703858587752
2023-08-23,13.17684460978253,11.876530652623218
2023-08-24,13.011624742691376,11.62353144343442
2023-08-25,13.098289028638447,11.734202222148848
2023-08-28,13.165249686837829,11.798969177909342
2023-08-29,13.328555837127807,12.062345022308678
2023-08-30,13.381966775036386,12.148796003050851
2023-08-31,13.369106264922074,12.135864380739237
2023-09-01,13.404117857351938,12.08691045810254
2023-09-05,13.294185042611051,12.065602490126487
2023-09-06,13.263672709974482,12.016845488170459
2023-09-07,13.290683242777709,12.0010539753586
2023-09-08,13.311832144962327,12.020343920897142
2023-09-11,13.35616010455033,12.135298061958405
2023-09-12,13.334981065931688,12.061984937656307
2023-09-13,13.283306276663627,12.043831602926234
2023-09-14,13.390084654571293,12.174999935770181
2023-09-15,13.283769567250738,11.99762646116115
2023-09-18,13.287655364431021,11.991713977966471
2023-09-19,13.222012844786713,11.910325413086897
2023-09-20,13.174227999105899,11.797630537065276
2023-09-21,12.987074002921894,11.571833751154484
2023-09-22,12.981345247447182,11.533598553316182
2023-09-25,13.04904781662677,11.593498579723295
2023-09-26,12.839920774418088,11.422706316738648
2023-09-27,12.833700596858,11.49912150578018
2023-09-28,12.895535981244091,11.623269477899193
2023-09-29,12.832012909039978,11.60303393283392
2023-10-02,12.732239863120393,11.587263927717196
2023-10-03,12.60306981904947,11.371064117628567
2023-10-04,12.630416113587952,11.487728385749593
2023-10-05,12.579818613256094,11.466108341075728
2023-10-06,12.67714000728683,11.675123903019067
2023-10-09,12.784064999101354,11.774043969787515
2023-10-10,12.839434896140075,11.846136352328953
2023-10-11,12.874315636491907,11.9178458260097
2023-10-12,12.794434305079463,11.862766018642713
2023-10-13,12.733846311992524,11.702552493338553
2023-10-16,12.885410767233344,11.852762071463083
2023-10-17,12.917764633198956,11.872180186899728
2023-10-18,12.729963188976248,11.663739712909269
2023-10-19,12.703397629320044,11.57315775224281
2023-10-20,12.60422955009484,11.401393772551824
2023-10-23,12.532938121078992,11.404730517209844
2023-10-24,12.661020808343453,11.574536341600336
2023-10-25,12.5001205817862,11.317865261661458
2023-10-26,12.529617426556259,11.20167825155966
2023-10-27,12.387392928952154,11.152363336776116
2023-10-30,12.525488359364322,11.270893029571774
2023-10-31,12.666889267762546,11.423620663647604
2023-11-01,12.787167538997425,11.604899144937994
2023-11-02,13.049395173583012,11.91128959319833
2023-11-03,13.189992316551658,12.072241661705448
2023-11-06,13.156580162186524,12.091439658779514
2023-11-07,13.082531053014156,12.12116396052304
2023-11-08,13.025381889198524,12.107899596659008
2023-11-09,12.897795645151502,12.000896816578571
2023-11-10,13.149411007003643,12.29954078193551
2023-11-13,13.105501813768058,12.281791880577607
2023-11-14,13.410437515003002,12.572758625266658
2023-11-15,13.433058154389535,12.517918946019472
2023-11-16,13.29894413463887,12.465187333736964
2023-11-17,13.34392872226285,12.525889505952044
2023-11-20,13.42597343791481,12.645248518496222
2023-11-21,13.423635466308895,12.591200199794752
2023-11-22,13.476467105576058,12.649854274969012
2023-11-24,13.505616761117187,12.650031465013573
2023-11-27,13.49154590557493,12.639708898344104
2023-11-28,13.491164357651835,12.655062993771729
2023-11-29,13.504349396493748,12.713281056494498
2023-11-30,13.55668976718472,12.691428489938824
2023-12-01,13.702575541004698,12.807270821341303
2023-12-04,13.679924055097592,12.75930498322659
2023-12-05,13.621159319321663,12.725954938687599
2023-12-06,13.60020098293658,12.64465136725005
2023-12-07,13.662044168161978,12.74106769310577
2023-12-08,13.7321140608721,12.868518429190742
2023-12-11,13.872961470342362,12.958741436244308
2023-12-12,13.875042930482115,13.009460196622147
2023-12-13,14.109650560044457,13.195577023075868
2023-12-14,14.310750353080492,13.265153279728773
2023-12-15,14.28455283131279,13.295421774107426
2023-12-18,14.374414531596075,13.407696753735532
2023-12-19,14.518233649113366,13.543323465368609
2023-12-20,14.329283954019584,13.329878158580321
2023-12-21,14.480321413108763,13.505940860725278
2023-12-22,14.476044560067315,13.492949554053968
2023-12-26,14.570242479456658,13.563817529608212
2023-12-27,14.573775395542441,13.614979109572294
2023-12-28,14.554028840668924,13.611625566505317
2023-12-29,14.513533574146296,13.520884326775336
2024-01-02,14.543567964182415,13.344511877232234
2024-01-03,14.415824776648172,13.221673753607883
2024-01-04,14.394461401087316,13.22522756035812
2024-01-05,14.412022011528434,13.26233200374707
2024-01-08,14.591696366668115,13.526360767721567
2024-01-09,14.533734648831397,13.518118118229134
2024-01-10,14.549807006877831,13.624681076426722
2024-01-11,14.52853163429088,13.613502319013632
2024-01-12,14.567403446210681,13.603603084568315
2024-01-16,14.473933222370258,13.573396732326582
2024-01-17,14.387630729502431,13.493655216078498
2024-01-18,14.454709474755157,13.581848987798422
2024-01-19,14.540145275875812,13.748312517772973
2024-01-22,14.622895982621998,13.830490956359276
2024-01-23,14.745429606126148,13.880963436496934
2024-01-24,14.689901860696107,13.856247731487827
2024-01-25,14.86383481047476,13.948991262332749
2024-01-26,14.89097297213132,13.97143944947945
2024-01-29,14.973040226029992,14.158235658366863
2024-01-30,14.993318953093837,14.12147831881837
2024-01-31,14.853173786036443,13.930380754323851
2024-02-01,15.080995357303074,14.176644145560036
2024-02-02,15.143390396825907,14.412812684701242
2024-02-05,14.998637035795248,14.306296868746099
2024-02-06,15.077355439666052,14.343432434808028
2024-02-07,15.180104979849359,14.534364838662139
2024-02-08,15.185756386903192,14.61717539380438
2024-02-09,15.225273001289034,14.730789148220028
2024-02-12,15.266113389990185,14.717751615626831
2024-02-13,15.105020121702712,14.550211208462523
2024-02-14,15.214952762672006,14.806168312057762
2024-02-15,15.524904924787391,15.102569073749436
2024-02-16,15.494164996562429,15.005784690852279
2024-02-20,15.415236285530055,14.862399060833656
2024-02-21,15.506908586677072,14.687297739820444
2024-02-22,15.694829123404809,15.092867797913247
2024-02-23,15.721215379102508,15.13688467516071
2024-02-26,15.709239769157913,15.263339100889688
2024-02-27,15.75961220332218,15.346856415988775
2024-02-28,15.732926454594308,15.328502075424343
2024-02-29,15.789235334615116,15.457822859556227
2024-03-01,15.905360909222354,15.792426806457161
2024-03-04,15.96175687841341,15.89565620779946
2024-03-05,15.913547415882944,15.75186543193196
2024-03-06,16.024369626579993,15.98734250021857
2024-03-07,16.104525800414716,16.140309193755726
2024-03-08,16.059376472220567,15.994794885149648
2024-03-11,16.105307463292696,15.882314570379899
2024-03-12,16.171087259365382,16.0392438688715
2024-03-13,16.20611696490876,16.065111243148394
2024-03-14,16.155705219051747,15.950607343096888
2024-03-15,16.159587083748324,15.909716727268666
2024-03-18,16.26460027967924,16.02818078826718
2024-03-19,16.348094648354067,16.061776685857716
2024-03-20,16.468819811179962,16.327764056247396
2024-03-21,16.54388989242867,16.49309544480767
2024-03-22,16.565309207334707,16.509458757096056
2024-03-25,16.5362096941142,16.557468320907578
2024-03-26,16.4979500063385,16.499336172611148
2024-03-27,16.616357767747864,16.470927835240563
2024-03-28,16.68364347698151,16.53329081788697
2024-04-01,16.651971175312543,16.575926352402977
2024-04-02,16.5578122190688,16.449324237456285
2024-04-03,16.594217606059793,16.628850070967793
2024-04-04,16.438345335574592,16.344412614286416
2024-04-05,16.60071280688919,16.633226288969748
2024-04-08,16.547273422039023,16.595377495975622
2024-04-09,16.51051048178329,16.474207797898043
2024-04-10,16.337523708405403,16.376452566581342
2024-04-11,16.343417092253382,16.551177354660688
2024-04-12,16.117488921273164,16.17358331510793
2024-04-15,15.97515702222145,15.902173435031129
2024-04-16,15.969118446458625,15.956769070945779
2024-04-17,15.879736990230272,15.737433995865942
2024-04-18,15.872754739612859,15.651696960218787
2024-04-19,15.836806938560507,15.386392341641047
2024-04-22,15.932319330598748,15.547185835170025
2024-04-23,16.080523769729336,15.84777735660574
2024-04-24,16.05217189826501,15.78215985787223
2024-04-25,15.898809488637468,15.75180040061017
2024-04-26,15.91966975822837,15.936857879524556
2024-04-29,15.994404753716497,15.964037370951939
2024-04-30,15.65969974185912,15.641553606871426
2024-05-01,15.433538491411289,15.46831944614456
2024-05-02,15.480619903343413,15.638918359720009
2024-05-03,15.611457505836839,15.812490144312216
2024-05-06,15.749504272747366,16.081351523799515
2024-05-07,15.80251986211594,16.044757656828505
2024-05-08,15.835833800717987,16.089353091833935
2024-05-09,15.984435824248937,16.25511555900984
2024-05-10,16.07123670893714,16.286740346813733
2024-05-13,16.082509759696297,16.247958207664414
2024-05-14,16.1088915058916,16.377218798587215
2024-05-15,16.280002534704835,16.729734952944533
2024-05-16,16.265878089984085,16.582409983210585
2024-05-17,16.30778240866429,16.662286852200722
2024-05-20,16.31881779381665,16.730018871899514
2024-05-21,16.33584640856837,16.77789257174065
2024-05-22,16.272209228179698,16.691899807027028
2024-05-23,16.109481267062513,16.597422518344672
2024-05-24,16.175715899471413,16.887533563152214
2024-05-28,16.13042422468129,16.973825104874116
2024-05-29,15.976992583021273,16.85074151269425
2024-05-30,15.989244726426348,16.761774314115527
2024-05-31,16.198612689156032,16.70866733819836
2024-06-03,16.15962720505327,16.64241213398878
2024-06-04,16.177226489523758,16.60764114613044
2024-06-05,16.367878122016705,16.96283190862845
2024-06-06,16.377040200076507,16.877277535500877
2024-06-07,16.340467517716018,16.78424997910549
2024-06-10,16.431099125718717,17.032347678460717
2024-06-11,16.42962570797008,17.009835235942155
2024-06-12,16.5308188256667,17.184432513708394
2024-06-13,16.585841491349083,17.272114525817315
2024-06-14,16.558034720534945,17.21740130190178
2024-06-17,16.676104768838492,17.417091936492643
2024-06-18,16.747702814729518,17.577170534545314
2024-06-20,16.734519025678946,17.43704736743288
2024-06-21,16.69891222331362,17.32898803724523
2024-06-24,16.751171448178496,17.19091348114248
2024-06-25,16.70636817353224,17.290871854462278
2024-06-26,16.657566349611837,17.182556575510727
2024-06-27,16.66922219522288,17.212043957955256
2024-06-28,16.692741617524007,17.19663971743455
2024-07-01,16.591734292617783,17.221522662096547
2024-07-02,16.61203348426519,17.25741175146799
2024-07-03,16.72057415968732,17.44869803716468
2024-07-05,16.702638514085663,17.379781888701622
2024-07-08,16.73940786782564,17.488401207289186
2024-07-09,16.749061406957132,17.520352969739115
2024-07-10,16.84590661752659,17.655269598772545
2024-07-11,16.912579931106944,17.495237533076786
2024-07-12,17.01792543399322,17.61148329851692
2024-07-15,17.076973703311705,17.742348341892924
2024-07-16,17.27300690841614,17.860890326523496
2024-07-17,17.160245975115423,17.286997226962686
2024-07-18,17.135943034904333,17.228381421807114
2024-07-19,17.002304468317984,17.102550352498117
2024-07-22,17.203472757989452,17.366951486814493
2024-07-23,17.019786887083573,17.30202539517858
2024-07-24,16.793391432410914,16.73417876861356
2024-07-25,16.78775922101634,16.547328197011755
2024-07-26,17.032271690116463,16.828167166230553
2024-07-29,17.010319796552942,16.764049345963677
2024-07-30,16.971436127806125,16.545619523097145
2024-07-31,17.21944481148914,17.103458862981935
2024-08-01,16.97284035777598,16.598655688513045
2024-08-02,16.6687054372172,15.988705859567139
2024-08-05,16.28963373566432,15.623616010473077
2024-08-06,16.519582570351528,15.907427236975847
2024-08-07,16.376449530393803,15.646706419016061
2024-08-08,16.780749812574488,16.296251494020126
2024-08-09,16.848007644746296,16.404335605331397
2024-08-12,16.80895944951509,16.412618918871736
2024-08-13,17.055958451152502,16.78711128950671
2024-08-14,17.16712120264513,16.925034032439715
2024-08-15,17.42508039321914,17.320623824465915
2024-08-16,17.4511983020686,17.344701796819624
2024-08-19,17.606141847455195,17.506849278443664
2024-08-20,17.57232969857638,17.42308950942132
2024-08-21,17.664430168228897,17.617167103594912
2024-08-22,17.565731023238875,17.40540142135686
2024-08-23,17.77248404994049,17.701368234090825
2024-08-26,17.755505499313607,17.556662651415582
2024-08-27,17.76873047245655,17.606592056180805
2024-08-28,17.662422444519954,17.413410031926592
2024-08-29,17.716893396683705,17.44667850235108
2024-08-30,17.88683687170221,17.66884910496095
2024-09-03,17.66745057412601,17.2104774807594
2024-09-04,17.658620493922957,17.21573384449732
2024-09-05,17.54566878764921,17.117635539255364
2024-09-06,17.300700410416898,16.830545254583694
2024-09-09,17.46904196185136,17.103709878413536
2024-09-10,17.544654964163612,17.17346268267734
2024-09-11,17.582142712778637,17.401539734129727
2024-09-12,17.768723862615392,17.654520648567317
2024-09-13,17.973018715550538,17.888919019375166
2024-09-16,18.06870008820441,18.035113060329397
2024-09-17,18.120542402747436,18.085821394715673
2024-09-18,18.094873110660878,18.073879517522137
2024-09-19,18.2310095937139,18.30324534790482
2024-09-20,18.21117297351851,18.499408781010487
2024-09-23,18.283894182457193,18.569236162220115
2024-09-24,18.384217052334787,18.60826453818816
2024-09-25,18.277588951004418,18.620701456948613
2024-09-26,18.307715108841588,18.57490277601256
2024-09-27,18.347457503396917,18.589045699402092
2024-09-30,18.40083382723758,18.680826729471786
2024-10-01,18.42238137318831,18.683937678962614
2024-10-02,18.44998191941291,18.734248539867362
2024-10-03,18.421846162771374,18.76663719550913
2024-10-04,18.544489877339778,18.948468069982372
2024-10-07,18.42240778574609,18.785002577222286
2024-10-08,18.421174563906668,18.908829757140268
2024-10-09,18.59453834162039,19.022151497727805
2024-10-10,18.589146139484843,18.996764560436734
2024-10-11,18.726384998078746,19.171952921385525
2024-10-14,18.831851605297214,19.297996248803127
2024-10-15,18.61974808601973,19.131826338174783
2024-10-16,18.741309726435635,19.30466512361159
2024-10-17,18.687789768968496,19.202930960529333
2024-10-18,18.721909630566596,19.340664689476817
2024-10-21,18.60577419436366,19.332617450674448
2024-10-22,18.658601235449527,19.329903564419183
2024-10-23,18.601336104310526,19.27338458267974
2024-10-24,18.516932361279697,19.154024667057406
2024-10-25,18.419557293471694,19.0611297566513
2024-10-28,18.45392684317888,19.16058224280076
2024-10-29,18.32912024580954,19.078035502027035
2024-10-30,18.298310370019255,18.994953910316017
2024-10-31,18.20339531879689,18.80251748587948
2024-11-01,18.16734272652813,18.775292489183666
2024-11-04,18.204944504827072,18.70757550852008
2024-11-05,18.44269837933545,19.130185517814617
2024-11-06,19.04347306314883,19.851502173340798
2024-11-07,19.353091916727614,20.300108974042136
2024-11-08,19.490258583134096,20.564501153427692
2024-11-11,19.608178039535325,20.680711141687073
2024-11-12,19.48677735073093,20.53767837253889
2024-11-13,19.551601111207013,20.4994649962969
2024-11-14,19.406724067302108,20.327733578181924
2024-11-15,19.176282754093357,20.220870330805724
2024-11-18,19.27455299125668,20.372081102481655
2024-11-19,19.283208946521796,20.554205611568005
2024-11-20,19.347022974317156,20.602965646617484
2024-11-21,19.59151365603082,20.87182913261384
2024-11-22,19.731390332515502,21.03819375346943
2024-11-25,19.764799998170773,20.938727185692386
2024-11-26,19.77956158783208,21.0746474636785
2024-11-27,19.779916925124237,20.915535462219193
2024-11-29,19.82256798481314,21.05362966639452
2024-12-02,19.820092638964045,20.968942330761156
2024-12-03,19.741532395052467,21.00936034835375
2024-12-04,19.75353438108672,21.108743387734233
2024-12-05,19.643154011494854,21.104306388709773
2024-12-06,19.595776784387194,21.208635753093215
2024-12-09,19.566928087543722,20.814790615953772
2024-12-10,19.475624954897178,20.618402590162866
2024-12-11,19.43787842174476,20.76046658897897
2024-12-12,19.34424850901331,20.660219487381582
2024-12-13,19.27632772055953,20.63974905112251
2024-12-16,19.219498483605218,20.685996101220322
2024-12-17,19.11265795933196,20.498720433528522
2024-12-18,18.614351663087426,19.815084986650497
2024-12-19,18.519908087884016,19.852459311711627
2024-12-20,18.750597144084466,20.194019805392372
2024-12-23,18.846202765904867,20.301670447645254
2024-12-24,18.985809930880354,20.552011618022078
2024-12-26,18.975875905484347,20.550178180388222
2024-12-27,18.855067755883983,20.305687241429553
2024-12-30,18.652699589383076,20.115637806633956
2024-12-31,18.67573232583313,20.03725087110918
2025-01-02,18.68274318788608,20.1534833745666
2025-01-03,18.85415091477239,20.53080731159724
2025-01-06,18.96643854821429,20.652186772235147
2025-01-07,19.00741608993419,20.398232345425395
2025-01-08,18.985170116033995,20.41019568045664
2025-01-10,18.7365886249825,20.08896547975531
2025-01-13,18.892658340290684,20.1205914430379
2025-01-14,19.038337507658635,20.360602062269887
2025-01-15,19.2171411007092,20.741210249705993
2025-01-16,19.369366404238935,20.88129549505024
2025-01-17,19.48860526779929,21.14268472074103
2025-01-21,19.748822738097214,21.53552266289174
2025-01-22,19.757493847510684,21.790006593938063
2025-01-23,19.897792892149646,21.962857658473098
2025-01-24,19.859795320848104,21.881723534868765
2025-01-27,19.784647643101653,21.0422001849732
2025-01-28,19.609737512131073,21.38024348411178
2025-01-29,19.644346791927656,21.388225824691347
2025-01-30,19.89381260198021,21.712779795868936
2025-01-31,19.758391207522855,21.579901441358725
2025-02-03,19.639696051961945,21.481866526627527
2025-02-04,19.657682669055013,21.59574998810248
2025-02-05,19.884910646101005,21.854494941838617
2025-02-06,19.847678210933385,21.834161427477973
2025-02-07,19.75899019340678,21.733729652966066
2025-02-10,19.950456187402743,21.927935038021907
2025-02-11,19.93777151691646,21.728330972494437
2025-02-12,19.876424542800574,21.760378984151863
2025-02-13,20.052916165033633,22.189057434913636
2025-02-14,19.932638389772134,22.19253701224146
2025-02-18,20.128245378147458,22.336393550998093
2025-02-19,20.124936198536368,22.272793930506086
2025-02-20,20.146337087738814,21.992796111355744
2025-02-21,19.88351380740144,21.427554948926694
2025-02-24,19.802731773325814,21.183696928137262
2025-02-25,19.851490244368918,20.993925594527834
2025-02-26,19.83648722780499,21.096936096677247
2025-02-27,19.61736807069777,20.728620378311213
2025-02-28,19.90242979065233,21.073022662603844
2025-03-03,19.66653858279153,20.736891486651743
2025-03-04,19.415077352376837,20.355299214783425
2025-03-05,19.6557728243521,20.62594324415634
2025-03-06,19.42632156998402,19.92149339142252
2025-03-07,19.647010348204383,20.040501937407583
2025-03-10,19.47820996807813,19.402081094263053
2025-03-11,19.300286730829498,19.48100085788362
2025-03-12,19.288592164034554,19.730343402736786
2025-03-13,19.020625399641673,19.33154162248235
2025-03-14,19.362739858552974,19.864206787620915
2025-03-17,19.630921312939797,20.190840654833803
2025-03-18,19.51857146040187,19.88517088343825
2025-03-19,19.69250215828498,20.26055441263396
2025-03-20,19.61753977780037,20.254186594079012
2025-03-21,19.459653517989942,20.23495995841432
2025-03-24,19.731050619114274,20.767380880319347
2025-03-25,19.66614379958952,20.780936425627264
2025-03-26,19.6168493823321,20.480237099935266
2025-03-27,19.575240328642362,20.219800267398327
2025-03-28,19.317303816589032,19.84651031464213
2025-03-31,19.422337667859175,19.927952060972242
2025-04-01,19.405926816158964,20.001328401967708
2025-04-02,19.559292196789038,20.18406290228125
2025-04-03,18.73846982789178,19.26546595091027
2025-04-04,17.618301578735135,17.950061511279337
2025-04-07,17.550333266560393,18.03299256423557
2025-04-08,17.324459480292507,17.824057830226305
2025-04-09,18.653806438300688,19.32575205392293
2025-04-10,18.0546243599667,18.723435079986334
2025-04-11,18.336091595512155,19.007711111893784
2025-04-14,18.542914380732388,19.193092783417768
2025-04-15,18.499722993405868,19.237454245133147
2025-04-16,18.33975687529386,18.936785495154425
2025-04-17,18.478253951006074,19.05854442871594
2025-04-21,18.182701425548423,18.646218215867542
2025-04-22,18.495685231001456,19.088650446180274
2025-04-23,18.72217330764951,19.422527659029235
2025-04-24,19.14860023236429,19.863858018798936
2025-04-25,19.198967168870766,19.901212478082837
2025-04-28,19.271259727299167,20.030023620324513
2025-04-29,19.27820474370507,20.126623648994876
2025-04-30,19.35389441962277,20.18269867952896
2025-05-01,19.425380114135734,20.289755356292503
2025-05-02,19.70885261659696,20.729870581643407
2025-05-05,19.6204278482299,20.686843547903315
2025-05-06,19.50911852798987,20.53742919196057
2025-05-07,19.55924939942404,20.549562415454623
2025-05-08,19.579024500538292,20.626030119900182
2025-05-09,19.544184884625444,20.551605786814658
2025-05-12,20.07073731163553,21.035592901493764
2025-05-13,20.191413941659487,21.32941025151524
2025-05-14,20.070759674323128,21.239088697159843
2025-05-15,20.203297436906997,21.36890241765063
2025-05-16,20.402964146371026,21.5950810486401
2025-05-19,20.40115818890247,21.69813461950483
2025-05-20,20.336027509974883,21.652330925229073
2025-05-21,20.01609817182118,21.319526552865952
2025-05-22,19.985193213852327,21.32162081297616
2025-05-23,19.917164169481246,21.36533385834827
2025-05-27,20.208142093967385,21.756696623802135
2025-05-28,20.07550542252641,21.688162360221284
2025-05-29,20.044571806044246,21.59186491205328
2025-05-30,20.044911464058604,21.73693192766304
2025-06-02,20.171978967708753,21.96182707288392
2025-06-03,20.33162423465049,22.127294647687187
2025-06-04,20.262657735859523,22.023455290333253
2025-06-05,20.26236487836907,21.99451674417905
2025-06-06,20.408505657544513,22.195107901066923
2025-06-09,20.473921664524443,22.108488490801445
2025-06-10,20.599203846006777,22.08166612844547
2025-06-11,20.626131617423283,22.217727996946376
2025-06-12,20.767261065798102,22.291456915645885
2025-06-13,20.643929822822294,22.138986261361648
2025-06-16,20.76285288108959,22.311650613069464
2025-06-17,20.643984580649263,22.201274626743558
2025-06-18,20.599765312659382,22.218093337029728
2025-06-20,20.628594962385364,22.23637010992361
2025-06-23,20.75616428634919,22.446236915103214
2025-06-24,20.89900047563088,22.679917316709123
2025-06-25,20.774282741244,22.567492775503883
2025-06-26,20.96736915862498,22.844672372061762
2025-06-27,21.009714335022856,22.91319132808503
2025-06-30,21.11694113934215,23.1909618771107
2025-07-01,21.237137335596344,22.96420903694711
2025-07-02,21.355899538724028,23.10505992376267
2025-07-03,21.488175086441874,23.327037423815447
2025-07-07,21.32253912503349,23.254428370815898
2025-07-08,21.38167550892246,23.210418046176734
2025-07-09,21.40282708440087,23.39284566189872
2025-07-10,21.438213825702007,23.391669397555855
2025-07-11,21.334361130137694,23.272748540175822
2025-07-14,21.352712717210515,23.470805083087605
2025-07-15,21.187823465874622,23.32181644169271
2025-07-16,21.256932716225386,23.407078343699197
2025-07-17,21.334787871055635,23.525191463513163
2025-07-18,21.264127919541227,23.562502372177654
2025-07-21,21.34677370498317,23.582211468214275
2025-07-22,21.314481945823086,23.378362981560358
2025-07-23,21.549154895024504,23.73501384282462
2025-07-24,21.651963496448467,23.750879413729113
2025-07-25,21.74986614462596,23.95522540639666
2025-07-28,21.742685256857612,23.97298957893935
2025-07-29,21.878862550421424,23.89909656311054
2025-07-30,21.849130237050698,24.002882116961963
2025-07-31,21.504222698110596,23.696058735596104
2025-08-01,21.223115036753903,23.366535792693213
2025-08-04,21.466060084855876,23.73821738027651
2025-08-05,21.450036895049067,23.637725556582627
2025-08-06,21.452326162673906,23.76290820757311
2025-08-07,21.425759570419388,23.847557605014185
2025-08-08,21.62931437629285,23.987677523621617
2025-08-11,21.57413465799414,23.940041727304028
2025-08-12,21.720258904260067,24.214264518101466
2025-08-13,21.841660672622815,24.15758557914785
2025-08-14,21.79556772565361,24.10902215275059
2025-08-15,21.683689052114694,23.941876539036393
2025-08-18,21.691089658584243,24.023085444946613
2025-08-19,21.701584570897605,23.797742996413454
2025-08-20,21.793426273009228,23.830098482850726
2025-08-21,21.666156949247608,23.736722791671905
2025-08-22,21.897778078729964,24.039496756755476
2025-08-25,21.761335191035762,23.917619390626285
2025-08-26,21.812363315151345,24.130611771106373
2025-08-27,21.936049927268666,24.15818965038261
2025-08-28,22.000390648909207,24.337806800065348
2025-08-29,21.899670069844092,24.09057381280819
2025-09-02,21.823811246356442,23.96762009388592
2025-09-03,21.762238517095824,23.995193990751847
2025-09-04,21.944890591845542,24.285278350135748
2025-09-05,22.06758300639001,24.322247618452824
2025-09-08,22.048914097826597,24.48026811225249
2025-09-09,22.12226861539576,24.704846810009006
2025-09-10,22.166224482804587,25.19978043969102
2025-09-11,22.533310303634103,25.44201335205127
2025-09-12,22.43127355054092,25.406510644110863
2025-09-15,22.47153285918867,25.63731184002707
2025-09-16,22.496184950238725,25.66001972669486
2025-09-17,22.54583168072111,25.603924453088535
2025-09-18,22.680375613069597,25.929689589349028
2025-09-19,22.661839870359426,26.105610247057484
2025-09-22,22.709053341451366,26.367859170517363
2025-09-23,22.731212584429656,26.333521100837263
2025-09-24,22.678401799740413,26.15114902471331
2025-09-25,22.535331754337243,25.893259738700944
2025-09-26,22.751743115124736,26.062446190973443
2025-09-29,22.75575102145181,26.249093234753502
2025-09-30,22.930239503364458,26.493513725230837
2025-10-01,23.248719359273387,26.75827097858707
2025-10-02,23.1767715813554,26.74879847909941
2025-10-03,23.285417200898845,26.725308063467317
2025-10-06,23.247915793929902,26.674959497280494
2025-10-07,23.125183463091574,26.565725139721295
2025-10-08,23.10662442085865,26.702914815384204
2025-10-09,22.962059198634417,26.539759922824192
2025-10-10,22.52515151166545,25.86507072314592
2025-10-13,22.72410875842982,26.355976099545387
2025-10-14,22.896871317561207,26.374068479909287
2025-10-15,23.05035043958445,26.596139882053784
2025-10-16,22.949039937606543,26.56630606622163
2025-10-17,23.106701666319587,26.508427854392455
2025-10-20,23.359953168306635,26.686647054576685
2025-10-21,23.50158092601977,26.682047262938962
2025-10-22,23.387925166642766,26.432930394054743
2025-10-23,23.484982908126828,26.830405757811917
2025-10-24,23.516272087808286,26.942363459197992
2025-10-27,23.60944522740924,27.123067726704306
2025-10-28,23.543584021506305,26.944269711656123
2025-10-29,23.37174214749285,27.150695804039053
2025-10-30,23.30052627026855,26.936507756235216
2025-10-31,23.28192641046194,27.08434718865333
2025-11-03,23.286455897627306,27.165681169647595
2025-11-04,23.124240655545044,26.541503509483892
2025-11-05,23.24751103660119,26.94177106947142
2025-11-06,23.275705959095554,26.644806885688936
2025-11-07,23.50187039669005,26.855947258610794
2025-11-10,23.6236185247111,27.39099897282655
2025-11-11,23.91300797570872,27.350883301163535
2025-11-12,24.034415324949126,27.428876168491943
2025-11-13,23.945290528662625,26.734563436381297
2025-11-14,23.87715198896702,26.76152117022248
2025-11-17,23.700192283324387,26.472184826564405
2025-11-18,23.685190805585528,26.258868973322137
2025-11-19,23.52782308917274,26.347653341034285
2025-11-20,23.256262604334673,25.461787789367463
2025-11-21,23.632970515842878,25.661192095967138
2025-11-24,23.72291794664037,26.299638855491395
2025-11-25,23.938155177962017,26.46993700895499
2025-11-26,24.090343476689263,26.949180067975103
2025-11-28,24.222512548469197,27.250445779346457
2025-12-01,24.145062590032136,27.06849858318434
2025-12-02,24.187689686211876,27.217266547628466
2025-12-03,24.21999898988196,27.309865417113514
2025-12-04,24.209432587469028,27.415231801409895
2025-12-05,24.288277413097347,27.65000295209729
2025-12-08,24.164308066715716,27.666821329950608
2025-12-09,24.09476168405171,27.79006511922098
2025-12-10,24.236837672632028,28.241628024127994
2025-12-11,24.441377659498762,28.342155287342003
2025-12-12,24.33282306715891,27.715337090868843
2025-12-15,24.245558205838652,27.62047328325431
2025-12-16,24.023068504455413,27.505767303579983
2025-12-17,23.930175835873097,26.959579771457097
2025-12-18,23.970572908124275,27.38474002159037
2025-12-19,24.037755354999053,27.802345649221326
2025-12-22,24.207215318205385,28.02003412087535
2025-12-23,24.24520451231402,28.07308967586157
2025-12-24,24.345680896761927,28.20498148128681
2025-12-26,24.379600177052648,28.162928355048336
2025-12-29,24.337327032825407,28.006909006078484
2025-12-30,24.354239497570564,27.94339828165185
2025-12-31,24.16125222157988,27.640952794833034
2026-01-02,24.309369428135,28.184041294820506
2026-01-05,24.459256778047866,28.488187536987287
2026-01-06,24.626443730399888,28.94651813879287
2026-01-07,24.376491156469623,28.595124285417555
2026-01-08,24.526210774885055,28.33439645358951
2026-01-09,24.596379348840056,28.85165809694189
2026-01-12,24.661012355575995,29.145527229535006
2026-01-13,24.695765169475866,29.395569898688382
2026-01-14,24.700992216150176,29.23719216215982
2026-01-15,24.78949479832584,29.51195890173694
2026-01-16,24.804926688288308,29.6334208873467
2026-01-20,24.647670634892595,29.33599224591028
2026-01-21,24.86147930763244,29.835174476585387
2026-01-22,24.830410449332543,29.84999224176157
2026-01-23,24.88646109058895,29.681825797762002
2026-01-26,24.938212042894676,29.827082286083417
2026-01-27,24.991572836454193,30.353279718355985
2026-01-28,25.029991291937023,30.658630173771645
2026-01-29,25.108816703654135,30.82819760120889
2026-01-30,24.958951675922684,30.052982400544938
2026-02-02,24.997893796318458,30.40510820719504
2026-02-03,24.907187051188785,30.33050336270326
2026-02-04,24.92295598505574,29.55408179348654
2026-02-05,24.696822768820976,29.0993467812262
2026-02-06,25.051776618739346,30.1483268554544
2026-02-09,25.064046280467554,30.46405414248077
2026-02-10,25.156351208722338,30.26988427860177
2026-02-11,25.323139896734776,30.533288493274046
2026-02-12,25.206859533401406,30.092845262847487
2026-02-13,25.50688175424914,30.539987723588784
2026-02-17,25.50284193327941,30.43963920075225
2026-02-18,25.623935651400814,30.72311229810616
2026-02-19,25.559469204310098,30.615292249448803
2026-02-20,25.643857348904298,30.838416427928177
2026-02-23,25.510002553241097,30.52525500301718
2026-02-24,25.72694833616384,30.869731904198474
2026-02-25,25.816618461045653,31.31951137324759
2026-02-26,25.8914451086872,31.113701420829898
2026-02-27,25.99470515131524,31.002007263681982
2026-03-02,25.910194627331652,30.852699919929016
2026-03-03,25.652919225316637,30.058522407430903
2026-03-04,25.952189715648938,30.568693562146528
2026-03-05,25.856311772373548,30.206658000942763
2026-03-06,25.542574309679786,29.466406838114754
