date,ticker,target_weight,raw_score,sleeve,n_names_day,n_sleeves_day,cash_target_weight,concentration_status,source,asof_date,generated_at,breaker_mode,exposure_multiplier,vix,regime
2026-02-03,ADBE,0.14285714285714288,,core,7,1,,pre_concentration_broad,signals_vm,,,,,,
2026-02-03,C,0.14285714285714288,,core,7,1,,pre_concentration_broad,signals_vm,,,,,,
2026-02-03,COIN,0.14285714285714288,,core,7,1,,pre_concentration_broad,signals_vm,,,,,,
2026-02-03,CRWD,0.14285714285714288,,core,7,1,,pre_concentration_broad,signals_vm,,,,,,
2026-02-03,INTC,0.14285714285714288,,core,7,1,,pre_concentration_broad,signals_vm,,,,,,
2026-02-03,MU,0.14285714285714288,,core,7,1,,pre_concentration_broad,signals_vm,,,,,,
2026-02-03,SNPS,0.14285714285714288,,core,7,1,,pre_concentration_broad,signals_vm,,,,,,
2026-02-04,ADBE,0.14285714285714288,,core,7,1,,pre_concentration_broad,signals_vm,,,,,,
2026-02-04,C,0.14285714285714288,,core,7,1,,pre_concentration_broad,signals_vm,,,,,,
2026-02-04,COIN,0.14285714285714288,,core,7,1,,pre_concentration_broad,signals_vm,,,,,,
2026-02-04,CRWD,0.14285714285714288,,core,7,1,,pre_concentration_broad,signals_vm,,,,,,
2026-02-04,INTC,0.14285714285714288,,core,7,1,,pre_concentration_broad,signals_vm,,,,,,
2026-02-04,MU,0.14285714285714288,,core,7,1,,pre_concentration_broad,signals_vm,,,,,,
2026-02-04,SNPS,0.14285714285714288,,core,7,1,,pre_concentration_broad,signals_vm,,,,,,
2026-02-05,ADBE,0.14285714285714288,,core,7,1,0.30000000000000004,pre_concentration_broad,signals_vm,,,,,,
2026-02-05,C,0.14285714285714288,,core,7,1,0.30000000000000004,pre_concentration_broad,signals_vm,,,,,,
2026-02-05,COIN,0.14285714285714288,,core,7,1,0.30000000000000004,pre_concentration_broad,signals_vm,,,,,,
2026-02-05,CRWD,0.14285714285714288,,core,7,1,0.30000000000000004,pre_concentration_broad,signals_vm,,,,,,
2026-02-05,INTC,0.14285714285714288,,core,7,1,0.30000000000000004,pre_concentration_broad,signals_vm,,,,,,
2026-02-05,MU,0.14285714285714288,,core,7,1,0.30000000000000004,pre_concentration_broad,signals_vm,,,,,,
2026-02-05,SNPS,0.14285714285714288,,core,7,1,0.30000000000000004,pre_concentration_broad,signals_vm,,,,,,
2026-02-09,ADBE,0.10885331402304406,,sleeve_2,13,3,0.03302323163110443,pre_concentration_broad,signals_vm,2026-02-06,2026-02-09T17:00:49.343777+00:00,,,,
2026-02-09,C,0.10885331402304406,,sleeve_2,13,3,0.03302323163110443,pre_concentration_broad,signals_vm,2026-02-06,2026-02-09T17:00:49.343777+00:00,,,,
2026-02-09,MU,0.10885331402304406,,sleeve_2,13,3,0.03302323163110443,pre_concentration_broad,signals_vm,2026-02-06,2026-02-09T17:00:49.343777+00:00,,,,
2026-02-09,INTC,0.08773025570467984,,sleeve_trend,13,3,0.03302323163110443,pre_concentration_broad,signals_vm,2026-02-06,2026-02-09T17:00:49.343777+00:00,,,,
2026-02-09,COIN,0.08503714150102801,,sleeve_trend,13,3,0.03302323163110443,pre_concentration_broad,signals_vm,2026-02-06,2026-02-09T17:00:49.343777+00:00,,,,
2026-02-09,CRWD,0.08432985819674652,,sleeve_trend,13,3,0.03302323163110443,pre_concentration_broad,signals_vm,2026-02-06,2026-02-09T17:00:49.343777+00:00,,,,
2026-02-09,CRM,0.06836838887003488,,sleeve_trend,13,3,0.03302323163110443,pre_concentration_broad,signals_vm,2026-02-06,2026-02-09T17:00:49.343777+00:00,,,,
2026-02-09,ADSK,0.06204906049729455,,charlie_munger,13,3,0.03302323163110443,pre_concentration_broad,signals_vm,2026-02-06,2026-02-09T17:00:49.343777+00:00,,,,
2026-02-09,AON,0.06204906049729455,,charlie_munger,13,3,0.03302323163110443,pre_concentration_broad,signals_vm,2026-02-06,2026-02-09T17:00:49.343777+00:00,,,,
2026-02-09,CI,0.06204906049729455,,charlie_munger,13,3,0.03302323163110443,pre_concentration_broad,signals_vm,2026-02-06,2026-02-09T17:00:49.343777+00:00,,,,
2026-02-09,EOG,0.06204906049729455,,charlie_munger,13,3,0.03302323163110443,pre_concentration_broad,signals_vm,2026-02-06,2026-02-09T17:00:49.343777+00:00,,,,
2026-02-09,MMC,0.06204906049729455,,charlie_munger,13,3,0.03302323163110443,pre_concentration_broad,signals_vm,2026-02-06,2026-02-09T17:00:49.343777+00:00,,,,
2026-02-09,SNPS,0.037729111171905604,,sleeve_trend,13,3,0.03302323163110443,pre_concentration_broad,signals_vm,2026-02-06,2026-02-09T17:00:49.343777+00:00,,,,
2026-02-10,ADBE,0.10885409400057823,,sleeve_2,13,3,0.033045325867038566,pre_concentration_broad,signals_vm,2026-02-09,2026-02-10T22:31:09.013087+00:00,,,,
2026-02-10,C,0.10885409400057823,,sleeve_2,13,3,0.033045325867038566,pre_concentration_broad,signals_vm,2026-02-09,2026-02-10T22:31:09.013087+00:00,,,,
2026-02-10,MU,0.10885409400057823,,sleeve_2,13,3,0.033045325867038566,pre_concentration_broad,signals_vm,2026-02-09,2026-02-10T22:31:09.013087+00:00,,,,
2026-02-10,INTC,0.07771021772024436,,sleeve_trend,13,3,0.033045325867038566,pre_concentration_broad,signals_vm,2026-02-09,2026-02-10T22:31:09.013087+00:00,,,,
2026-02-10,AMAT,0.07576369563871564,,sleeve_trend,13,3,0.033045325867038566,pre_concentration_broad,signals_vm,2026-02-09,2026-02-10T22:31:09.013087+00:00,,,,
2026-02-10,COIN,0.07532469530918749,,sleeve_trend,13,3,0.033045325867038566,pre_concentration_broad,signals_vm,2026-02-09,2026-02-10T22:31:09.013087+00:00,,,,
2026-02-10,CRWD,0.07469819377759924,,sleeve_trend,13,3,0.033045325867038566,pre_concentration_broad,signals_vm,2026-02-09,2026-02-10T22:31:09.013087+00:00,,,,
2026-02-10,ADSK,0.06205047827479624,,charlie_munger,13,3,0.033045325867038566,pre_concentration_broad,signals_vm,2026-02-09,2026-02-10T22:31:09.013087+00:00,,,,
2026-02-10,AON,0.06205047827479624,,charlie_munger,13,3,0.033045325867038566,pre_concentration_broad,signals_vm,2026-02-09,2026-02-10T22:31:09.013087+00:00,,,,
2026-02-10,CI,0.06205047827479624,,charlie_munger,13,3,0.033045325867038566,pre_concentration_broad,signals_vm,2026-02-09,2026-02-10T22:31:09.013087+00:00,,,,
2026-02-10,CMCSA,0.06205047827479624,,charlie_munger,13,3,0.033045325867038566,pre_concentration_broad,signals_vm,2026-02-09,2026-02-10T22:31:09.013087+00:00,,,,
2026-02-10,EOG,0.06205047827479624,,charlie_munger,13,3,0.033045325867038566,pre_concentration_broad,signals_vm,2026-02-09,2026-02-10T22:31:09.013087+00:00,,,,
2026-02-10,EQIX,0.05968852417853743,,sleeve_trend,13,3,0.033045325867038566,pre_concentration_broad,signals_vm,2026-02-09,2026-02-10T22:31:09.013087+00:00,,,,
2026-02-12,ADBE,0.125,,sleeve_2,8,2,0.19999999999999996,pre_concentration_broad,signals_vm,2026-02-11,2026-02-11T15:20:55.548187+00:00,,,,
2026-02-12,AMAT,0.125,,sleeve_trend,8,2,0.19999999999999996,pre_concentration_broad,signals_vm,2026-02-11,2026-02-11T15:20:55.548187+00:00,,,,
2026-02-12,C,0.125,,sleeve_2,8,2,0.19999999999999996,pre_concentration_broad,signals_vm,2026-02-11,2026-02-11T15:20:55.548187+00:00,,,,
2026-02-12,COIN,0.125,,sleeve_trend,8,2,0.19999999999999996,pre_concentration_broad,signals_vm,2026-02-11,2026-02-11T15:20:55.548187+00:00,,,,
2026-02-12,CRWD,0.125,,sleeve_trend,8,2,0.19999999999999996,pre_concentration_broad,signals_vm,2026-02-11,2026-02-11T15:20:55.548187+00:00,,,,
2026-02-12,EQIX,0.125,,sleeve_trend,8,2,0.19999999999999996,pre_concentration_broad,signals_vm,2026-02-11,2026-02-11T15:20:55.548187+00:00,,,,
2026-02-12,INTC,0.125,,sleeve_trend,8,2,0.19999999999999996,pre_concentration_broad,signals_vm,2026-02-11,2026-02-11T15:20:55.548187+00:00,,,,
2026-02-12,MU,0.125,,sleeve_2,8,2,0.19999999999999996,pre_concentration_broad,signals_vm,2026-02-11,2026-02-11T15:20:55.548187+00:00,,,,
2026-02-13,ADBE,0.10885370983695354,,sleeve_2,13,3,0.03303444367182051,pre_concentration_broad,signals_vm,2026-02-12,2026-02-13T18:30:46.622106+00:00,,,,
2026-02-13,C,0.10885370983695354,,sleeve_2,13,3,0.03303444367182051,pre_concentration_broad,signals_vm,2026-02-12,2026-02-13T18:30:46.622106+00:00,,,,
2026-02-13,MU,0.10885370983695354,,sleeve_2,13,3,0.03303444367182051,pre_concentration_broad,signals_vm,2026-02-12,2026-02-13T18:30:46.622106+00:00,,,,
2026-02-13,COIN,0.08793736737525235,,sleeve_trend,13,3,0.03303444367182051,pre_concentration_broad,signals_vm,2026-02-12,2026-02-13T18:30:46.622106+00:00,,,,
2026-02-13,CRWD,0.08720596188973005,,sleeve_trend,13,3,0.03303444367182051,pre_concentration_broad,signals_vm,2026-02-12,2026-02-13T18:30:46.622106+00:00,,,,
2026-02-13,DIS,0.07833064351419199,,sleeve_trend,13,3,0.03303444367182051,pre_concentration_broad,signals_vm,2026-02-12,2026-02-13T18:30:46.622106+00:00,,,,
2026-02-13,CRM,0.07070012023917441,,sleeve_trend,13,3,0.03303444367182051,pre_concentration_broad,signals_vm,2026-02-12,2026-02-13T18:30:46.622106+00:00,,,,
2026-02-13,ABNB,0.062049779960969505,,charlie_munger,13,3,0.03303444367182051,pre_concentration_broad,signals_vm,2026-02-12,2026-02-13T18:30:46.622106+00:00,,,,
2026-02-13,ADSK,0.062049779960969505,,charlie_munger,13,3,0.03303444367182051,pre_concentration_broad,signals_vm,2026-02-12,2026-02-13T18:30:46.622106+00:00,,,,
2026-02-13,AMT,0.062049779960969505,,charlie_munger,13,3,0.03303444367182051,pre_concentration_broad,signals_vm,2026-02-12,2026-02-13T18:30:46.622106+00:00,,,,
2026-02-13,AON,0.062049779960969505,,charlie_munger,13,3,0.03303444367182051,pre_concentration_broad,signals_vm,2026-02-12,2026-02-13T18:30:46.622106+00:00,,,,
2026-02-13,CI,0.062049779960969505,,charlie_munger,13,3,0.03303444367182051,pre_concentration_broad,signals_vm,2026-02-12,2026-02-13T18:30:46.622106+00:00,,,,
2026-02-13,SNPS,0.03901587766594308,,sleeve_trend,13,3,0.03303444367182051,pre_concentration_broad,signals_vm,2026-02-12,2026-02-13T18:30:46.622106+00:00,,,,
2026-02-17,ADBE,0.125,,sleeve_2,8,2,0.19999999999999996,pre_concentration_broad,signals_vm,2026-02-16,2026-02-18T15:28:14.709953+00:00,,,,
2026-02-17,C,0.125,,sleeve_2,8,2,0.19999999999999996,pre_concentration_broad,signals_vm,2026-02-16,2026-02-18T15:28:14.709953+00:00,,,,
2026-02-17,COIN,0.125,,sleeve_trend,8,2,0.19999999999999996,pre_concentration_broad,signals_vm,2026-02-16,2026-02-18T15:28:14.709953+00:00,,,,
2026-02-17,CRM,0.125,,sleeve_trend,8,2,0.19999999999999996,pre_concentration_broad,signals_vm,2026-02-16,2026-02-18T15:28:14.709953+00:00,,,,
2026-02-17,CRWD,0.125,,sleeve_trend,8,2,0.19999999999999996,pre_concentration_broad,signals_vm,2026-02-16,2026-02-18T15:28:14.709953+00:00,,,,
2026-02-17,MPC,0.125,,sleeve_trend,8,2,0.19999999999999996,pre_concentration_broad,signals_vm,2026-02-16,2026-02-18T15:28:14.709953+00:00,,,,
2026-02-17,MU,0.125,,sleeve_2,8,2,0.19999999999999996,pre_concentration_broad,signals_vm,2026-02-16,2026-02-18T15:28:14.709953+00:00,,,,
2026-02-17,SNPS,0.125,,sleeve_trend,8,2,0.19999999999999996,pre_concentration_broad,signals_vm,2026-02-16,2026-02-18T15:28:14.709953+00:00,,,,
2026-02-18,ABNB,0.2,,charlie_munger,5,1,0.5,pre_concentration_broad,signals_vm,2026-02-17,2026-02-18T23:11:55.702694+00:00,,,,
2026-02-18,AMT,0.2,,charlie_munger,5,1,0.5,pre_concentration_broad,signals_vm,2026-02-17,2026-02-18T23:11:55.702694+00:00,,,,
2026-02-18,AON,0.2,,charlie_munger,5,1,0.5,pre_concentration_broad,signals_vm,2026-02-17,2026-02-18T23:11:55.702694+00:00,,,,
2026-02-18,CI,0.2,,charlie_munger,5,1,0.5,pre_concentration_broad,signals_vm,2026-02-17,2026-02-18T23:11:55.702694+00:00,,,,
2026-02-18,CMCSA,0.2,,charlie_munger,5,1,0.5,pre_concentration_broad,signals_vm,2026-02-17,2026-02-18T23:11:55.702694+00:00,,,,
2026-02-19,ADBE,0.10341276075101169,,sleeve_2,13,3,0.033001350377141914,pre_concentration_broad,signals_vm,2026-02-18,2026-02-18T23:14:35.243310+00:00,,,,
2026-02-19,C,0.10341276075101169,,sleeve_2,13,3,0.033001350377141914,pre_concentration_broad,signals_vm,2026-02-18,2026-02-18T23:14:35.243310+00:00,,,,
2026-02-19,MU,0.10341276075101169,,sleeve_2,13,3,0.033001350377141914,pre_concentration_broad,signals_vm,2026-02-18,2026-02-18T23:14:35.243310+00:00,,,,
2026-02-19,AMAT,0.07414825155241324,,sleeve_trend,13,3,0.033001350377141914,pre_concentration_broad,signals_vm,2026-02-18,2026-02-18T23:14:35.243310+00:00,,,,
2026-02-19,COIN,0.07371861164914523,,sleeve_trend,13,3,0.033001350377141914,pre_concentration_broad,signals_vm,2026-02-18,2026-02-18T23:14:35.243310+00:00,,,,
2026-02-19,CRWD,0.07310546847060101,,sleeve_trend,13,3,0.033001350377141914,pre_concentration_broad,signals_vm,2026-02-18,2026-02-18T23:14:35.243310+00:00,,,,
2026-02-19,ABNB,0.06894166643613987,,charlie_munger,13,3,0.033001350377141914,pre_concentration_broad,signals_vm,2026-02-18,2026-02-18T23:14:35.243310+00:00,,,,
2026-02-19,AMT,0.06894166643613987,,charlie_munger,13,3,0.033001350377141914,pre_concentration_broad,signals_vm,2026-02-18,2026-02-18T23:14:35.243310+00:00,,,,
2026-02-19,AON,0.06894166643613987,,charlie_munger,13,3,0.033001350377141914,pre_concentration_broad,signals_vm,2026-02-18,2026-02-18T23:14:35.243310+00:00,,,,
2026-02-19,CI,0.06894166643613987,,charlie_munger,13,3,0.033001350377141914,pre_concentration_broad,signals_vm,2026-02-18,2026-02-18T23:14:35.243310+00:00,,,,
2026-02-19,CMCSA,0.06894166643613987,,charlie_munger,13,3,0.033001350377141914,pre_concentration_broad,signals_vm,2026-02-18,2026-02-18T23:14:35.243310+00:00,,,,
2026-02-19,DIS,0.06566521675375303,,sleeve_trend,13,3,0.033001350377141914,pre_concentration_broad,signals_vm,2026-02-18,2026-02-18T23:14:35.243310+00:00,,,,
2026-02-19,EQIX,0.0584158371403531,,sleeve_trend,13,3,0.033001350377141914,pre_concentration_broad,signals_vm,2026-02-18,2026-02-18T23:14:35.243310+00:00,,,,
2026-02-21,AAPL,0.1,,sleeve_trend,10,1,0.5,pre_concentration_broad,signals_vm,2026-02-20,2026-02-21T22:57:50.787030+00:00,partial,0.5,,
2026-02-21,ABBV,0.1,,sleeve_trend,10,1,0.5,pre_concentration_broad,signals_vm,2026-02-20,2026-02-21T22:57:50.787030+00:00,partial,0.5,,
2026-02-21,ABNB,0.1,,sleeve_trend,10,1,0.5,pre_concentration_broad,signals_vm,2026-02-20,2026-02-21T22:57:50.787030+00:00,partial,0.5,,
2026-02-21,ABT,0.1,,sleeve_trend,10,1,0.5,pre_concentration_broad,signals_vm,2026-02-20,2026-02-21T22:57:50.787030+00:00,partial,0.5,,
2026-02-21,ACN,0.1,,sleeve_trend,10,1,0.5,pre_concentration_broad,signals_vm,2026-02-20,2026-02-21T22:57:50.787030+00:00,partial,0.5,,
2026-02-21,COIN,0.1,,sleeve_trend,10,1,0.5,pre_concentration_broad,signals_vm,2026-02-20,2026-02-21T22:57:50.787030+00:00,partial,0.5,,
2026-02-21,CRM,0.1,,sleeve_trend,10,1,0.5,pre_concentration_broad,signals_vm,2026-02-20,2026-02-21T22:57:50.787030+00:00,partial,0.5,,
2026-02-21,CRWD,0.1,,sleeve_trend,10,1,0.5,pre_concentration_broad,signals_vm,2026-02-20,2026-02-21T22:57:50.787030+00:00,partial,0.5,,
2026-02-21,DIS,0.1,,sleeve_trend,10,1,0.5,pre_concentration_broad,signals_vm,2026-02-20,2026-02-21T22:57:50.787030+00:00,partial,0.5,,
2026-02-21,SNPS,0.1,,sleeve_trend,10,1,0.5,pre_concentration_broad,signals_vm,2026-02-20,2026-02-21T22:57:50.787030+00:00,partial,0.5,,
2026-02-23,AEP,0.1111111111111111,,sleeve_trend,10,1,0.5499999999999999,pre_concentration_broad,signals_vm,2026-02-20,2026-02-24T00:14:47.000303+00:00,partial,0.5,,
2026-02-23,JNJ,0.1111111111111111,,sleeve_trend,10,1,0.5499999999999999,pre_concentration_broad,signals_vm,2026-02-20,2026-02-24T00:14:47.000303+00:00,partial,0.5,,
2026-02-23,KMI,0.1111111111111111,,sleeve_trend,10,1,0.5499999999999999,pre_concentration_broad,signals_vm,2026-02-20,2026-02-24T00:14:47.000303+00:00,partial,0.5,,
2026-02-23,ROST,0.1111111111111111,,sleeve_trend,10,1,0.5499999999999999,pre_concentration_broad,signals_vm,2026-02-20,2026-02-24T00:14:47.000303+00:00,partial,0.5,,
2026-02-23,MRK,0.10967256855113054,,sleeve_trend,10,1,0.5499999999999999,pre_concentration_broad,signals_vm,2026-02-20,2026-02-24T00:14:47.000303+00:00,partial,0.5,,
2026-02-23,WMB,0.10575558577995665,,sleeve_trend,10,1,0.5499999999999999,pre_concentration_broad,signals_vm,2026-02-20,2026-02-24T00:14:47.000303+00:00,partial,0.5,,
2026-02-23,FDX,0.10304443340847491,,sleeve_trend,10,1,0.5499999999999999,pre_concentration_broad,signals_vm,2026-02-20,2026-02-24T00:14:47.000303+00:00,partial,0.5,,
2026-02-23,ADI,0.09552241094778663,,sleeve_trend,10,1,0.5499999999999999,pre_concentration_broad,signals_vm,2026-02-20,2026-02-24T00:14:47.000303+00:00,partial,0.5,,
2026-02-23,DE,0.07700308417338425,,sleeve_trend,10,1,0.5499999999999999,pre_concentration_broad,signals_vm,2026-02-20,2026-02-24T00:14:47.000303+00:00,partial,0.5,,
2026-02-23,GLW,0.06455747269482254,,sleeve_trend,10,1,0.5499999999999999,pre_concentration_broad,signals_vm,2026-02-20,2026-02-24T00:14:47.000303+00:00,partial,0.5,,
2026-02-24,JNJ,0.11111111111111112,,sleeve_trend,10,1,0.55,pre_concentration_broad,signals_vm,2026-02-23,2026-02-24T18:41:45.045613+00:00,partial,0.5,,
2026-02-24,NEE,0.11111111111111112,,sleeve_trend,10,1,0.55,pre_concentration_broad,signals_vm,2026-02-23,2026-02-24T18:41:45.045613+00:00,partial,0.5,,
2026-02-24,ROST,0.11111111111111112,,sleeve_trend,10,1,0.55,pre_concentration_broad,signals_vm,2026-02-23,2026-02-24T18:41:45.045613+00:00,partial,0.5,,
2026-02-24,WBD,0.11111111111111112,,sleeve_trend,10,1,0.55,pre_concentration_broad,signals_vm,2026-02-23,2026-02-24T18:41:45.045613+00:00,partial,0.5,,
2026-02-24,MRK,0.10808433837425616,,sleeve_trend,10,1,0.55,pre_concentration_broad,signals_vm,2026-02-23,2026-02-24T18:41:45.045613+00:00,partial,0.5,,
2026-02-24,WMB,0.10384596892602085,,sleeve_trend,10,1,0.55,pre_concentration_broad,signals_vm,2026-02-23,2026-02-24T18:41:45.045613+00:00,partial,0.5,,
2026-02-24,FDX,0.09994045571717576,,sleeve_trend,10,1,0.55,pre_concentration_broad,signals_vm,2026-02-23,2026-02-24T18:41:45.045613+00:00,partial,0.5,,
2026-02-24,JCI,0.09429077581392598,,sleeve_trend,10,1,0.55,pre_concentration_broad,signals_vm,2026-02-23,2026-02-24T18:41:45.045613+00:00,partial,0.5,,
2026-02-24,ADI,0.09180766826807503,,sleeve_trend,10,1,0.55,pre_concentration_broad,signals_vm,2026-02-23,2026-02-24T18:41:45.045613+00:00,partial,0.5,,
2026-02-24,GLW,0.05758634845610182,,sleeve_trend,10,1,0.55,pre_concentration_broad,signals_vm,2026-02-23,2026-02-24T18:41:45.045613+00:00,partial,0.5,,
2026-02-25,JNJ,0.11111111111111112,,sleeve_trend,10,1,0.55,pre_concentration_broad,signals_vm,2026-02-24,2026-02-25T14:33:04.059136+00:00,partial,0.5,,
2026-02-25,MRK,0.11111111111111112,,sleeve_trend,10,1,0.55,pre_concentration_broad,signals_vm,2026-02-24,2026-02-25T14:33:04.059136+00:00,partial,0.5,,
2026-02-25,ROST,0.11111111111111112,,sleeve_trend,10,1,0.55,pre_concentration_broad,signals_vm,2026-02-24,2026-02-25T14:33:04.059136+00:00,partial,0.5,,
2026-02-25,WBD,0.11111111111111112,,sleeve_trend,10,1,0.55,pre_concentration_broad,signals_vm,2026-02-24,2026-02-25T14:33:04.059136+00:00,partial,0.5,,
2026-02-25,WMB,0.11013891064239556,,sleeve_trend,10,1,0.55,pre_concentration_broad,signals_vm,2026-02-24,2026-02-25T14:33:04.059136+00:00,partial,0.5,,
2026-02-25,FDX,0.1063967032318943,,sleeve_trend,10,1,0.55,pre_concentration_broad,signals_vm,2026-02-24,2026-02-25T14:33:04.059136+00:00,partial,0.5,,
2026-02-25,CL,0.1053706628341822,,sleeve_trend,10,1,0.55,pre_concentration_broad,signals_vm,2026-02-24,2026-02-25T14:33:04.059136+00:00,partial,0.5,,
2026-02-25,GEV,0.08423350552442387,,sleeve_trend,10,1,0.55,pre_concentration_broad,signals_vm,2026-02-24,2026-02-25T14:33:04.059136+00:00,partial,0.5,,
2026-02-25,AMAT,0.07589828688717955,,sleeve_trend,10,1,0.55,pre_concentration_broad,signals_vm,2026-02-24,2026-02-25T14:33:04.059136+00:00,partial,0.5,,
2026-02-25,GLW,0.07351748643548009,,sleeve_trend,10,1,0.55,pre_concentration_broad,signals_vm,2026-02-24,2026-02-25T14:33:04.059136+00:00,partial,0.5,,
2026-02-27,CSX,0.11111111111111113,,sleeve_trend,10,1,0.55,pre_concentration_broad,signals_vm,2026-02-26,2026-02-27T20:20:18.952157+00:00,partial,0.5,,
2026-02-27,KMI,0.11111111111111113,,sleeve_trend,10,1,0.55,pre_concentration_broad,signals_vm,2026-02-26,2026-02-27T20:20:18.952157+00:00,partial,0.5,,
2026-02-27,MNST,0.11111111111111113,,sleeve_trend,10,1,0.55,pre_concentration_broad,signals_vm,2026-02-26,2026-02-27T20:20:18.952157+00:00,partial,0.5,,
2026-02-27,ROST,0.11111111111111113,,sleeve_trend,10,1,0.55,pre_concentration_broad,signals_vm,2026-02-26,2026-02-27T20:20:18.952157+00:00,partial,0.5,,
2026-02-27,WMB,0.10826480037592859,,sleeve_trend,10,1,0.55,pre_concentration_broad,signals_vm,2026-02-26,2026-02-27T20:20:18.952157+00:00,partial,0.5,,
2026-02-27,BMY,0.10239673867478971,,sleeve_trend,10,1,0.55,pre_concentration_broad,signals_vm,2026-02-26,2026-02-27T20:20:18.952157+00:00,partial,0.5,,
2026-02-27,FDX,0.10060416906020964,,sleeve_trend,10,1,0.55,pre_concentration_broad,signals_vm,2026-02-26,2026-02-27T20:20:18.952157+00:00,partial,0.5,,
2026-02-27,ADI,0.09769439709110782,,sleeve_trend,10,1,0.55,pre_concentration_broad,signals_vm,2026-02-26,2026-02-27T20:20:18.952157+00:00,partial,0.5,,
2026-02-27,EQIX,0.07824847770667014,,sleeve_trend,10,1,0.55,pre_concentration_broad,signals_vm,2026-02-26,2026-02-27T20:20:18.952157+00:00,partial,0.5,,
2026-02-27,GLW,0.06834697264684966,,sleeve_trend,10,1,0.55,pre_concentration_broad,signals_vm,2026-02-26,2026-02-27T20:20:18.952157+00:00,partial,0.5,,
2026-03-02,CL,0.11111111111111112,,sleeve_trend,10,1,0.55,pre_concentration_broad,signals_vm,2026-02-27,2026-03-02T15:11:28.821230+00:00,partial,0.5,,
2026-03-02,JNJ,0.11111111111111112,,sleeve_trend,10,1,0.55,pre_concentration_broad,signals_vm,2026-02-27,2026-03-02T15:11:28.821230+00:00,partial,0.5,,
2026-03-02,KMI,0.11111111111111112,,sleeve_trend,10,1,0.55,pre_concentration_broad,signals_vm,2026-02-27,2026-03-02T15:11:28.821230+00:00,partial,0.5,,
2026-03-02,ROST,0.11111111111111112,,sleeve_trend,10,1,0.55,pre_concentration_broad,signals_vm,2026-02-27,2026-03-02T15:11:28.821230+00:00,partial,0.5,,
2026-03-02,WMB,0.10611169053991097,,sleeve_trend,10,1,0.55,pre_concentration_broad,signals_vm,2026-02-27,2026-03-02T15:11:28.821230+00:00,partial,0.5,,
2026-03-02,VZ,0.10399852537314826,,sleeve_trend,10,1,0.55,pre_concentration_broad,signals_vm,2026-02-27,2026-03-02T15:11:28.821230+00:00,partial,0.5,,
2026-03-02,ADI,0.10120637853889057,,sleeve_trend,10,1,0.55,pre_concentration_broad,signals_vm,2026-02-27,2026-03-02T15:11:28.821230+00:00,partial,0.5,,
2026-03-02,FDX,0.09691005009531409,,sleeve_trend,10,1,0.55,pre_concentration_broad,signals_vm,2026-02-27,2026-03-02T15:11:28.821230+00:00,partial,0.5,,
2026-03-02,LMT,0.08820461847530117,,sleeve_trend,10,1,0.55,pre_concentration_broad,signals_vm,2026-02-27,2026-03-02T15:11:28.821230+00:00,partial,0.5,,
2026-03-02,GLW,0.059124292532990515,,sleeve_trend,10,1,0.55,pre_concentration_broad,signals_vm,2026-02-27,2026-03-02T15:11:28.821230+00:00,partial,0.5,,
2026-03-04,AAPL,0.1,,sleeve_trend,10,1,0.5,pre_concentration_broad,signals_vm,2026-03-03,2026-03-04T17:06:33.338662+00:00,partial,0.5,,
2026-03-04,ABBV,0.1,,sleeve_trend,10,1,0.5,pre_concentration_broad,signals_vm,2026-03-03,2026-03-04T17:06:33.338662+00:00,partial,0.5,,
2026-03-04,ABNB,0.1,,sleeve_trend,10,1,0.5,pre_concentration_broad,signals_vm,2026-03-03,2026-03-04T17:06:33.338662+00:00,partial,0.5,,
2026-03-04,FDX,0.1,,sleeve_trend,10,1,0.5,pre_concentration_broad,signals_vm,2026-03-03,2026-03-04T17:06:33.338662+00:00,partial,0.5,,
2026-03-04,GLW,0.1,,sleeve_trend,10,1,0.5,pre_concentration_broad,signals_vm,2026-03-03,2026-03-04T17:06:33.338662+00:00,partial,0.5,,
2026-03-04,KMI,0.1,,sleeve_trend,10,1,0.5,pre_concentration_broad,signals_vm,2026-03-03,2026-03-04T17:06:33.338662+00:00,partial,0.5,,
2026-03-04,LMT,0.1,,sleeve_trend,10,1,0.5,pre_concentration_broad,signals_vm,2026-03-03,2026-03-04T17:06:33.338662+00:00,partial,0.5,,
2026-03-04,ROST,0.1,,sleeve_trend,10,1,0.5,pre_concentration_broad,signals_vm,2026-03-03,2026-03-04T17:06:33.338662+00:00,partial,0.5,,
2026-03-04,VZ,0.1,,sleeve_trend,10,1,0.5,pre_concentration_broad,signals_vm,2026-03-03,2026-03-04T17:06:33.338662+00:00,partial,0.5,,
2026-03-04,WMB,0.1,,sleeve_trend,10,1,0.5,pre_concentration_broad,signals_vm,2026-03-03,2026-03-04T17:06:33.338662+00:00,partial,0.5,,
2026-03-21,AAPL,0.1,,sleeve_trend,10,1,0.0,pre_concentration_broad,signals_vm,2026-03-20,2026-03-22T03:03:09.560700+00:00,off,1.0,26.78,ELEVATED
2026-03-21,ABBV,0.1,,sleeve_trend,10,1,0.0,pre_concentration_broad,signals_vm,2026-03-20,2026-03-22T03:03:09.560700+00:00,off,1.0,26.78,ELEVATED
2026-03-21,ABNB,0.1,,sleeve_trend,10,1,0.0,pre_concentration_broad,signals_vm,2026-03-20,2026-03-22T03:03:09.560700+00:00,off,1.0,26.78,ELEVATED
2026-03-21,COP,0.1,,sleeve_trend,10,1,0.0,pre_concentration_broad,signals_vm,2026-03-20,2026-03-22T03:03:09.560700+00:00,off,1.0,26.78,ELEVATED
2026-03-21,CVX,0.1,,sleeve_trend,10,1,0.0,pre_concentration_broad,signals_vm,2026-03-20,2026-03-22T03:03:09.560700+00:00,off,1.0,26.78,ELEVATED
2026-03-21,DELL,0.1,,sleeve_trend,10,1,0.0,pre_concentration_broad,signals_vm,2026-03-20,2026-03-22T03:03:09.560700+00:00,off,1.0,26.78,ELEVATED
2026-03-21,EQIX,0.1,,sleeve_trend,10,1,0.0,pre_concentration_broad,signals_vm,2026-03-20,2026-03-22T03:03:09.560700+00:00,off,1.0,26.78,ELEVATED
2026-03-21,FDX,0.1,,sleeve_trend,10,1,0.0,pre_concentration_broad,signals_vm,2026-03-20,2026-03-22T03:03:09.560700+00:00,off,1.0,26.78,ELEVATED
2026-03-21,VZ,0.1,,sleeve_trend,10,1,0.0,pre_concentration_broad,signals_vm,2026-03-20,2026-03-22T03:03:09.560700+00:00,off,1.0,26.78,ELEVATED
2026-03-21,WDC,0.1,,sleeve_trend,10,1,0.0,pre_concentration_broad,signals_vm,2026-03-20,2026-03-22T03:03:09.560700+00:00,off,1.0,26.78,ELEVATED
2026-03-22,AAPL,0.1,,sleeve_trend,10,1,0.0,pre_concentration_broad,precompute_vm,2026-03-20,2026-03-22T00:15:44.170634+00:00,off,1.0,26.78,ELEVATED
2026-03-22,ABBV,0.1,,sleeve_trend,10,1,0.0,pre_concentration_broad,precompute_vm,2026-03-20,2026-03-22T00:15:44.170634+00:00,off,1.0,26.78,ELEVATED
2026-03-22,ABNB,0.1,,sleeve_trend,10,1,0.0,pre_concentration_broad,precompute_vm,2026-03-20,2026-03-22T00:15:44.170634+00:00,off,1.0,26.78,ELEVATED
2026-03-22,COP,0.1,,sleeve_trend,10,1,0.0,pre_concentration_broad,precompute_vm,2026-03-20,2026-03-22T00:15:44.170634+00:00,off,1.0,26.78,ELEVATED
2026-03-22,CVX,0.1,,sleeve_trend,10,1,0.0,pre_concentration_broad,precompute_vm,2026-03-20,2026-03-22T00:15:44.170634+00:00,off,1.0,26.78,ELEVATED
2026-03-22,DELL,0.1,,sleeve_trend,10,1,0.0,pre_concentration_broad,precompute_vm,2026-03-20,2026-03-22T00:15:44.170634+00:00,off,1.0,26.78,ELEVATED
2026-03-22,EQIX,0.1,,sleeve_trend,10,1,0.0,pre_concentration_broad,precompute_vm,2026-03-20,2026-03-22T00:15:44.170634+00:00,off,1.0,26.78,ELEVATED
2026-03-22,FDX,0.1,,sleeve_trend,10,1,0.0,pre_concentration_broad,precompute_vm,2026-03-20,2026-03-22T00:15:44.170634+00:00,off,1.0,26.78,ELEVATED
2026-03-22,VZ,0.1,,sleeve_trend,10,1,0.0,pre_concentration_broad,precompute_vm,2026-03-20,2026-03-22T00:15:44.170634+00:00,off,1.0,26.78,ELEVATED
2026-03-22,WDC,0.1,,sleeve_trend,10,1,0.0,pre_concentration_broad,precompute_vm,2026-03-20,2026-03-22T00:15:44.170634+00:00,off,1.0,26.78,ELEVATED
2026-03-23,AAPL,0.06344775046875752,,sleeve_trend,20,2,1.1102230246251565e-16,pre_concentration_broad,precompute_vm,2026-03-20,2026-03-23T07:01:15.334955+00:00,off,1.0,26.78,ELEVATED
2026-03-23,ABBV,0.06344775046875752,,sleeve_trend,20,2,1.1102230246251565e-16,pre_concentration_broad,precompute_vm,2026-03-20,2026-03-23T07:01:15.334955+00:00,off,1.0,26.78,ELEVATED
2026-03-23,ABNB,0.06344775046875752,,sleeve_trend,20,2,1.1102230246251565e-16,pre_concentration_broad,precompute_vm,2026-03-20,2026-03-23T07:01:15.334955+00:00,off,1.0,26.78,ELEVATED
2026-03-23,COP,0.06344775046875752,,sleeve_trend,20,2,1.1102230246251565e-16,pre_concentration_broad,precompute_vm,2026-03-20,2026-03-23T07:01:15.334955+00:00,off,1.0,26.78,ELEVATED
2026-03-23,CVX,0.06344775046875752,,sleeve_trend,20,2,1.1102230246251565e-16,pre_concentration_broad,precompute_vm,2026-03-20,2026-03-23T07:01:15.334955+00:00,off,1.0,26.78,ELEVATED
2026-03-23,DELL,0.06344775046875752,,sleeve_trend,20,2,1.1102230246251565e-16,pre_concentration_broad,precompute_vm,2026-03-20,2026-03-23T07:01:15.334955+00:00,off,1.0,26.78,ELEVATED
2026-03-23,FDX,0.06344775046875752,,sleeve_trend,20,2,1.1102230246251565e-16,pre_concentration_broad,precompute_vm,2026-03-20,2026-03-23T07:01:15.334955+00:00,off,1.0,26.78,ELEVATED
2026-03-23,JNJ,0.06344775046875752,,sleeve_trend,20,2,1.1102230246251565e-16,pre_concentration_broad,precompute_vm,2026-03-20,2026-03-23T07:01:15.334955+00:00,off,1.0,26.78,ELEVATED
2026-03-23,VZ,0.06344775046875752,,sleeve_trend,20,2,1.1102230246251565e-16,pre_concentration_broad,precompute_vm,2026-03-20,2026-03-23T07:01:15.334955+00:00,off,1.0,26.78,ELEVATED
2026-03-23,WDC,0.06344775046875752,,sleeve_trend,20,2,1.1102230246251565e-16,pre_concentration_broad,precompute_vm,2026-03-20,2026-03-23T07:01:15.334955+00:00,off,1.0,26.78,ELEVATED
2026-03-23,TRV,0.06104196931281234,,sleeve_mean_reversion,20,2,1.1102230246251565e-16,pre_concentration_broad,precompute_vm,2026-03-20,2026-03-23T07:01:15.334955+00:00,off,1.0,26.78,ELEVATED
2026-03-23,WBD,0.0546850935137693,,sleeve_mean_reversion,20,2,1.1102230246251565e-16,pre_concentration_broad,precompute_vm,2026-03-20,2026-03-23T07:01:15.334955+00:00,off,1.0,26.78,ELEVATED
2026-03-23,CB,0.053565632962371344,,sleeve_mean_reversion,20,2,1.1102230246251565e-16,pre_concentration_broad,precompute_vm,2026-03-20,2026-03-23T07:01:15.334955+00:00,off,1.0,26.78,ELEVATED
2026-03-23,BK,0.039998200471896644,,sleeve_mean_reversion,20,2,1.1102230246251565e-16,pre_concentration_broad,precompute_vm,2026-03-20,2026-03-23T07:01:15.334955+00:00,off,1.0,26.78,ELEVATED
2026-03-23,WM,0.03539886297679265,,sleeve_mean_reversion,20,2,1.1102230246251565e-16,pre_concentration_broad,precompute_vm,2026-03-20,2026-03-23T07:01:15.334955+00:00,off,1.0,26.78,ELEVATED
2026-03-23,MRK,0.03442355362173118,,sleeve_mean_reversion,20,2,1.1102230246251565e-16,pre_concentration_broad,precompute_vm,2026-03-20,2026-03-23T07:01:15.334955+00:00,off,1.0,26.78,ELEVATED
2026-03-23,RTX,0.026892678443992013,,sleeve_mean_reversion,20,2,1.1102230246251565e-16,pre_concentration_broad,precompute_vm,2026-03-20,2026-03-23T07:01:15.334955+00:00,off,1.0,26.78,ELEVATED
2026-03-23,NOC,0.026702853720451242,,sleeve_mean_reversion,20,2,1.1102230246251565e-16,pre_concentration_broad,precompute_vm,2026-03-20,2026-03-23T07:01:15.334955+00:00,off,1.0,26.78,ELEVATED
2026-03-23,MS,0.02171471483564735,,sleeve_mean_reversion,20,2,1.1102230246251565e-16,pre_concentration_broad,precompute_vm,2026-03-20,2026-03-23T07:01:15.334955+00:00,off,1.0,26.78,ELEVATED
2026-03-23,GLW,0.011098935452960994,,sleeve_mean_reversion,20,2,1.1102230246251565e-16,pre_concentration_broad,precompute_vm,2026-03-20,2026-03-23T07:01:15.334955+00:00,off,1.0,26.78,ELEVATED
2026-03-24,AAPL,0.07915066489946156,,"sleeve_quality, sleeve_trend",31,4,1.1102230246251565e-16,pre_concentration_broad,precompute_local,2026-03-23,2026-03-25T02:13:50.286276+00:00,off,1.0,26.15,ELEVATED
2026-03-24,PNC,0.05555492943145356,,"sleeve_2, sleeve_mean_reversion",31,4,1.1102230246251565e-16,pre_concentration_broad,precompute_local,2026-03-23,2026-03-25T02:13:50.286276+00:00,off,1.0,26.15,ELEVATED
2026-03-24,QCOM,0.05522786437805572,,sleeve_quality,31,4,1.1102230246251565e-16,pre_concentration_broad,precompute_local,2026-03-23,2026-03-25T02:13:50.286276+00:00,off,1.0,26.15,ELEVATED
2026-03-24,GM,0.054521371807794886,,sleeve_2,31,4,1.1102230246251565e-16,pre_concentration_broad,precompute_local,2026-03-23,2026-03-25T02:13:50.286276+00:00,off,1.0,26.15,ELEVATED
2026-03-24,VZ,0.052544739039911546,,"sleeve_2, sleeve_trend",31,4,1.1102230246251565e-16,pre_concentration_broad,precompute_local,2026-03-23,2026-03-25T02:13:50.286276+00:00,off,1.0,26.15,ELEVATED
2026-03-24,ABNB,0.051031701676085846,,"sleeve_quality, sleeve_trend",31,4,1.1102230246251565e-16,pre_concentration_broad,precompute_local,2026-03-23,2026-03-25T02:13:50.286276+00:00,off,1.0,26.15,ELEVATED
2026-03-24,COST,0.04109456562959709,,sleeve_mean_reversion,31,4,1.1102230246251565e-16,pre_concentration_broad,precompute_local,2026-03-23,2026-03-25T02:13:50.286276+00:00,off,1.0,26.15,ELEVATED
2026-03-24,FTNT,0.03927020122370014,,sleeve_quality,31,4,1.1102230246251565e-16,pre_concentration_broad,precompute_local,2026-03-23,2026-03-25T02:13:50.286276+00:00,off,1.0,26.15,ELEVATED
2026-03-24,PANW,0.03429981540329577,,sleeve_quality,31,4,1.1102230246251565e-16,pre_concentration_broad,precompute_local,2026-03-23,2026-03-25T02:13:50.286276+00:00,off,1.0,26.15,ELEVATED
2026-03-24,ADSK,0.03288046801393753,,sleeve_quality,31,4,1.1102230246251565e-16,pre_concentration_broad,precompute_local,2026-03-23,2026-03-25T02:13:50.286276+00:00,off,1.0,26.15,ELEVATED
2026-03-24,USB,0.02914493295135179,,sleeve_2,31,4,1.1102230246251565e-16,pre_concentration_broad,precompute_local,2026-03-23,2026-03-25T02:13:50.286276+00:00,off,1.0,26.15,ELEVATED
2026-03-24,MO,0.02913638921021647,,sleeve_2,31,4,1.1102230246251565e-16,pre_concentration_broad,precompute_local,2026-03-23,2026-03-25T02:13:50.286276+00:00,off,1.0,26.15,ELEVATED
2026-03-24,ALL,0.028819020282130427,,sleeve_2,31,4,1.1102230246251565e-16,pre_concentration_broad,precompute_local,2026-03-23,2026-03-25T02:13:50.286276+00:00,off,1.0,26.15,ELEVATED
2026-03-24,PFE,0.027631744427010555,,sleeve_2,31,4,1.1102230246251565e-16,pre_concentration_broad,precompute_local,2026-03-23,2026-03-25T02:13:50.286276+00:00,off,1.0,26.15,ELEVATED
2026-03-24,ADBE,0.027555054114916773,,sleeve_quality,31,4,1.1102230246251565e-16,pre_concentration_broad,precompute_local,2026-03-23,2026-03-25T02:13:50.286276+00:00,off,1.0,26.15,ELEVATED
2026-03-24,C,0.02670222665569284,,sleeve_2,31,4,1.1102230246251565e-16,pre_concentration_broad,precompute_local,2026-03-23,2026-03-25T02:13:50.286276+00:00,off,1.0,26.15,ELEVATED
2026-03-24,CSX,0.026658519663492416,,sleeve_mean_reversion,31,4,1.1102230246251565e-16,pre_concentration_broad,precompute_local,2026-03-23,2026-03-25T02:13:50.286276+00:00,off,1.0,26.15,ELEVATED
2026-03-24,BKNG,0.02609275217227057,,sleeve_quality,31,4,1.1102230246251565e-16,pre_concentration_broad,precompute_local,2026-03-23,2026-03-25T02:13:50.286276+00:00,off,1.0,26.15,ELEVATED
2026-03-24,CME,0.02565154106717083,,sleeve_mean_reversion,31,4,1.1102230246251565e-16,pre_concentration_broad,precompute_local,2026-03-23,2026-03-25T02:13:50.286276+00:00,off,1.0,26.15,ELEVATED
2026-03-24,TXN,0.025377678240845813,,sleeve_mean_reversion,31,4,1.1102230246251565e-16,pre_concentration_broad,precompute_local,2026-03-23,2026-03-25T02:13:50.286276+00:00,off,1.0,26.15,ELEVATED
2026-03-24,MRK,0.024366125320899223,,sleeve_2,31,4,1.1102230246251565e-16,pre_concentration_broad,precompute_local,2026-03-23,2026-03-25T02:13:50.286276+00:00,off,1.0,26.15,ELEVATED
2026-03-24,NOW,0.02358227802094177,,sleeve_quality,31,4,1.1102230246251565e-16,pre_concentration_broad,precompute_local,2026-03-23,2026-03-25T02:13:50.286276+00:00,off,1.0,26.15,ELEVATED
2026-03-24,GS,0.023110091870157414,,sleeve_2,31,4,1.1102230246251565e-16,pre_concentration_broad,precompute_local,2026-03-23,2026-03-25T02:13:50.286276+00:00,off,1.0,26.15,ELEVATED
2026-03-24,ABBV,0.020777978039085522,,sleeve_trend,31,4,1.1102230246251565e-16,pre_concentration_broad,precompute_local,2026-03-23,2026-03-25T02:13:50.286276+00:00,off,1.0,26.15,ELEVATED
2026-03-24,CVX,0.020777978039085522,,sleeve_trend,31,4,1.1102230246251565e-16,pre_concentration_broad,precompute_local,2026-03-23,2026-03-25T02:13:50.286276+00:00,off,1.0,26.15,ELEVATED
2026-03-24,DELL,0.020777978039085522,,sleeve_trend,31,4,1.1102230246251565e-16,pre_concentration_broad,precompute_local,2026-03-23,2026-03-25T02:13:50.286276+00:00,off,1.0,26.15,ELEVATED
2026-03-24,FDX,0.020777978039085522,,sleeve_trend,31,4,1.1102230246251565e-16,pre_concentration_broad,precompute_local,2026-03-23,2026-03-25T02:13:50.286276+00:00,off,1.0,26.15,ELEVATED
2026-03-24,GEV,0.020777978039085522,,sleeve_trend,31,4,1.1102230246251565e-16,pre_concentration_broad,precompute_local,2026-03-23,2026-03-25T02:13:50.286276+00:00,off,1.0,26.15,ELEVATED
2026-03-24,GLW,0.020777978039085522,,sleeve_trend,31,4,1.1102230246251565e-16,pre_concentration_broad,precompute_local,2026-03-23,2026-03-25T02:13:50.286276+00:00,off,1.0,26.15,ELEVATED
2026-03-24,MPC,0.020777978039085522,,sleeve_trend,31,4,1.1102230246251565e-16,pre_concentration_broad,precompute_local,2026-03-23,2026-03-25T02:13:50.286276+00:00,off,1.0,26.15,ELEVATED
2026-03-24,STX,0.01514947822601089,,sleeve_quality,31,4,1.1102230246251565e-16,pre_concentration_broad,precompute_local,2026-03-23,2026-03-25T02:13:50.286276+00:00,off,1.0,26.15,ELEVATED
2026-03-25,AAPL,0.08234971562874856,,"sleeve_quality, sleeve_trend",31,4,1.1102230246251565e-16,pre_concentration_broad,precompute_vm,2026-03-24,2026-03-25T11:02:46.891793+00:00,off,1.0,26.95,ELEVATED
2026-03-25,QCOM,0.05894422041795754,,sleeve_quality,31,4,1.1102230246251565e-16,pre_concentration_broad,precompute_vm,2026-03-24,2026-03-25T11:02:46.891793+00:00,off,1.0,26.95,ELEVATED
2026-03-25,PNC,0.05360597399208873,,"sleeve_2, sleeve_mean_reversion",31,4,1.1102230246251565e-16,pre_concentration_broad,precompute_vm,2026-03-24,2026-03-25T11:02:46.891793+00:00,off,1.0,26.95,ELEVATED
2026-03-25,GM,0.05260867521662122,,sleeve_2,31,4,1.1102230246251565e-16,pre_concentration_broad,precompute_vm,2026-03-24,2026-03-25T11:02:46.891793+00:00,off,1.0,26.95,ELEVATED
2026-03-25,ABNB,0.05233859017915265,,"sleeve_quality, sleeve_trend",31,4,1.1102230246251565e-16,pre_concentration_broad,precompute_vm,2026-03-24,2026-03-25T11:02:46.891793+00:00,off,1.0,26.95,ELEVATED
2026-03-25,VZ,0.05070138587557719,,"sleeve_2, sleeve_trend",31,4,1.1102230246251565e-16,pre_concentration_broad,precompute_vm,2026-03-24,2026-03-25T11:02:46.891793+00:00,off,1.0,26.95,ELEVATED
2026-03-25,FTNT,0.04191274500389828,,sleeve_quality,31,4,1.1102230246251565e-16,pre_concentration_broad,precompute_vm,2026-03-24,2026-03-25T11:02:46.891793+00:00,off,1.0,26.95,ELEVATED
2026-03-25,COST,0.03965290279190132,,sleeve_mean_reversion,31,4,1.1102230246251565e-16,pre_concentration_broad,precompute_vm,2026-03-24,2026-03-25T11:02:46.891793+00:00,off,1.0,26.95,ELEVATED
2026-03-25,PANW,0.036607895347669006,,sleeve_quality,31,4,1.1102230246251565e-16,pre_concentration_broad,precompute_vm,2026-03-24,2026-03-25T11:02:46.891793+00:00,off,1.0,26.95,ELEVATED
2026-03-25,ADSK,0.0350930381952127,,sleeve_quality,31,4,1.1102230246251565e-16,pre_concentration_broad,precompute_vm,2026-03-24,2026-03-25T11:02:46.891793+00:00,off,1.0,26.95,ELEVATED
2026-03-25,ADBE,0.029409270151386977,,sleeve_quality,31,4,1.1102230246251565e-16,pre_concentration_broad,precompute_vm,2026-03-24,2026-03-25T11:02:46.891793+00:00,off,1.0,26.95,ELEVATED
2026-03-25,USB,0.0281224822671952,,sleeve_2,31,4,1.1102230246251565e-16,pre_concentration_broad,precompute_vm,2026-03-24,2026-03-25T11:02:46.891793+00:00,off,1.0,26.95,ELEVATED
2026-03-25,MO,0.028114238254111534,,sleeve_2,31,4,1.1102230246251565e-16,pre_concentration_broad,precompute_vm,2026-03-24,2026-03-25T11:02:46.891793+00:00,off,1.0,26.95,ELEVATED
2026-03-25,BKNG,0.027848567976939076,,sleeve_quality,31,4,1.1102230246251565e-16,pre_concentration_broad,precompute_vm,2026-03-24,2026-03-25T11:02:46.891793+00:00,off,1.0,26.95,ELEVATED
2026-03-25,ALL,0.027808003133682323,,sleeve_2,31,4,1.1102230246251565e-16,pre_concentration_broad,precompute_vm,2026-03-24,2026-03-25T11:02:46.891793+00:00,off,1.0,26.95,ELEVATED
2026-03-25,PFE,0.026662378807230443,,sleeve_2,31,4,1.1102230246251565e-16,pre_concentration_broad,precompute_vm,2026-03-24,2026-03-25T11:02:46.891793+00:00,off,1.0,26.95,ELEVATED
2026-03-25,C,0.025765470000318504,,sleeve_2,31,4,1.1102230246251565e-16,pre_concentration_broad,precompute_vm,2026-03-24,2026-03-25T11:02:46.891793+00:00,off,1.0,26.95,ELEVATED
2026-03-25,CSX,0.025723296319042237,,sleeve_mean_reversion,31,4,1.1102230246251565e-16,pre_concentration_broad,precompute_vm,2026-03-24,2026-03-25T11:02:46.891793+00:00,off,1.0,26.95,ELEVATED
2026-03-25,NOW,0.025169160699544744,,sleeve_quality,31,4,1.1102230246251565e-16,pre_concentration_broad,precompute_vm,2026-03-24,2026-03-25T11:02:46.891793+00:00,off,1.0,26.95,ELEVATED
2026-03-25,CME,0.024751644136284844,,sleeve_mean_reversion,31,4,1.1102230246251565e-16,pre_concentration_broad,precompute_vm,2026-03-24,2026-03-25T11:02:46.891793+00:00,off,1.0,26.95,ELEVATED
2026-03-25,TXN,0.024487388854249205,,sleeve_mean_reversion,31,4,1.1102230246251565e-16,pre_concentration_broad,precompute_vm,2026-03-24,2026-03-25T11:02:46.891793+00:00,off,1.0,26.95,ELEVATED
2026-03-25,MRK,0.023511322822427766,,sleeve_2,31,4,1.1102230246251565e-16,pre_concentration_broad,precompute_vm,2026-03-24,2026-03-25T11:02:46.891793+00:00,off,1.0,26.95,ELEVATED
2026-03-25,GS,0.022299353026358902,,sleeve_2,31,4,1.1102230246251565e-16,pre_concentration_broad,precompute_vm,2026-03-24,2026-03-25T11:02:46.891793+00:00,off,1.0,26.95,ELEVATED
2026-03-25,ABBV,0.020049053464206094,,sleeve_trend,31,4,1.1102230246251565e-16,pre_concentration_broad,precompute_vm,2026-03-24,2026-03-25T11:02:46.891793+00:00,off,1.0,26.95,ELEVATED
2026-03-25,CVX,0.020049053464206094,,sleeve_trend,31,4,1.1102230246251565e-16,pre_concentration_broad,precompute_vm,2026-03-24,2026-03-25T11:02:46.891793+00:00,off,1.0,26.95,ELEVATED
2026-03-25,DELL,0.020049053464206094,,sleeve_trend,31,4,1.1102230246251565e-16,pre_concentration_broad,precompute_vm,2026-03-24,2026-03-25T11:02:46.891793+00:00,off,1.0,26.95,ELEVATED
2026-03-25,FDX,0.020049053464206094,,sleeve_trend,31,4,1.1102230246251565e-16,pre_concentration_broad,precompute_vm,2026-03-24,2026-03-25T11:02:46.891793+00:00,off,1.0,26.95,ELEVATED
2026-03-25,GEV,0.020049053464206094,,sleeve_trend,31,4,1.1102230246251565e-16,pre_concentration_broad,precompute_vm,2026-03-24,2026-03-25T11:02:46.891793+00:00,off,1.0,26.95,ELEVATED
2026-03-25,GLW,0.020049053464206094,,sleeve_trend,31,4,1.1102230246251565e-16,pre_concentration_broad,precompute_vm,2026-03-24,2026-03-25T11:02:46.891793+00:00,off,1.0,26.95,ELEVATED
2026-03-25,MPC,0.020049053464206094,,sleeve_trend,31,4,1.1102230246251565e-16,pre_concentration_broad,precompute_vm,2026-03-24,2026-03-25T11:02:46.891793+00:00,off,1.0,26.95,ELEVATED
2026-03-25,STX,0.01616890665295849,,sleeve_quality,31,4,1.1102230246251565e-16,pre_concentration_broad,precompute_vm,2026-03-24,2026-03-25T11:02:46.891793+00:00,off,1.0,26.95,ELEVATED
2026-03-26,FDX,0.11583037968046143,,sleeve_mean_reversion,31,4,0.13666863325607947,pre_concentration_broad,precompute_vm,2026-03-25,2026-03-26T16:40:31.039898+00:00,off,1.0,25.33,ELEVATED
2026-03-26,HON,0.11583037968046143,,sleeve_mean_reversion,31,4,0.13666863325607947,pre_concentration_broad,precompute_vm,2026-03-25,2026-03-26T16:40:31.039898+00:00,off,1.0,25.33,ELEVATED
2026-03-26,MO,0.11583037968046143,,"sleeve_2, sleeve_mean_reversion",31,4,0.13666863325607947,pre_concentration_broad,precompute_vm,2026-03-25,2026-03-26T16:40:31.039898+00:00,off,1.0,25.33,ELEVATED
2026-03-26,VRTX,0.0808976144393196,,sleeve_mean_reversion,31,4,0.13666863325607947,pre_concentration_broad,precompute_vm,2026-03-25,2026-03-26T16:40:31.039898+00:00,off,1.0,25.33,ELEVATED
2026-03-26,LRCX,0.0542369098350594,,sleeve_mean_reversion,31,4,0.13666863325607947,pre_concentration_broad,precompute_vm,2026-03-25,2026-03-26T16:40:31.039898+00:00,off,1.0,25.33,ELEVATED
2026-03-26,AAPL,0.04527746922236194,,"sleeve_quality, sleeve_trend",31,4,0.13666863325607947,pre_concentration_broad,precompute_vm,2026-03-25,2026-03-26T16:40:31.039898+00:00,off,1.0,25.33,ELEVATED
2026-03-26,GM,0.035867436220580654,,sleeve_2,31,4,0.13666863325607947,pre_concentration_broad,precompute_vm,2026-03-25,2026-03-26T16:40:31.039898+00:00,off,1.0,25.33,ELEVATED
2026-03-26,ABNB,0.03467962627609086,,"sleeve_quality, sleeve_trend",31,4,0.13666863325607947,pre_concentration_broad,precompute_vm,2026-03-25,2026-03-26T16:40:31.039898+00:00,off,1.0,25.33,ELEVATED
2026-03-26,VZ,0.032672776051266755,,"sleeve_2, sleeve_trend",31,4,0.13666863325607947,pre_concentration_broad,precompute_vm,2026-03-25,2026-03-26T16:40:31.039898+00:00,off,1.0,25.33,ELEVATED
2026-03-26,QCOM,0.030732933333591648,,sleeve_quality,31,4,0.13666863325607947,pre_concentration_broad,precompute_vm,2026-03-25,2026-03-26T16:40:31.039898+00:00,off,1.0,25.33,ELEVATED
2026-03-26,CL,0.027669804155830622,,sleeve_quality,31,4,0.13666863325607947,pre_concentration_broad,precompute_vm,2026-03-25,2026-03-26T16:40:31.039898+00:00,off,1.0,25.33,ELEVATED
2026-03-26,FTNT,0.024612640242192965,,sleeve_quality,31,4,0.13666863325607947,pre_concentration_broad,precompute_vm,2026-03-25,2026-03-26T16:40:31.039898+00:00,off,1.0,25.33,ELEVATED
2026-03-26,ADSK,0.020534775715134474,,sleeve_quality,31,4,0.13666863325607947,pre_concentration_broad,precompute_vm,2026-03-25,2026-03-26T16:40:31.039898+00:00,off,1.0,25.33,ELEVATED
2026-03-26,PANW,0.02018887292643831,,sleeve_quality,31,4,0.13666863325607947,pre_concentration_broad,precompute_vm,2026-03-25,2026-03-26T16:40:31.039898+00:00,off,1.0,25.33,ELEVATED
2026-03-26,USB,0.019248860267837273,,sleeve_2,31,4,0.13666863325607947,pre_concentration_broad,precompute_vm,2026-03-25,2026-03-26T16:40:31.039898+00:00,off,1.0,25.33,ELEVATED
2026-03-26,ALL,0.018867998522463708,,sleeve_2,31,4,0.13666863325607947,pre_concentration_broad,precompute_vm,2026-03-25,2026-03-26T16:40:31.039898+00:00,off,1.0,25.33,ELEVATED
2026-03-26,C,0.01761906029123366,,sleeve_2,31,4,0.13666863325607947,pre_concentration_broad,precompute_vm,2026-03-25,2026-03-26T16:40:31.039898+00:00,off,1.0,25.33,ELEVATED
2026-03-26,PFE,0.017533531418939607,,sleeve_2,31,4,0.13666863325607947,pre_concentration_broad,precompute_vm,2026-03-25,2026-03-26T16:40:31.039898+00:00,off,1.0,25.33,ELEVATED
2026-03-26,PNC,0.017020461011032387,,sleeve_2,31,4,0.13666863325607947,pre_concentration_broad,precompute_vm,2026-03-25,2026-03-26T16:40:31.039898+00:00,off,1.0,25.33,ELEVATED
2026-03-26,BKNG,0.015775243774089395,,sleeve_quality,31,4,0.13666863325607947,pre_concentration_broad,precompute_vm,2026-03-25,2026-03-26T16:40:31.039898+00:00,off,1.0,25.33,ELEVATED
2026-03-26,MRK,0.015445828851409249,,sleeve_2,31,4,0.13666863325607947,pre_concentration_broad,precompute_vm,2026-03-25,2026-03-26T16:40:31.039898+00:00,off,1.0,25.33,ELEVATED
2026-03-26,GS,0.015310308908260505,,sleeve_2,31,4,0.13666863325607947,pre_concentration_broad,precompute_vm,2026-03-25,2026-03-26T16:40:31.039898+00:00,off,1.0,25.33,ELEVATED
2026-03-26,NOW,0.01509675954488516,,sleeve_quality,31,4,0.13666863325607947,pre_concentration_broad,precompute_vm,2026-03-25,2026-03-26T16:40:31.039898+00:00,off,1.0,25.33,ELEVATED
2026-03-26,ABBV,0.012032250636276944,,sleeve_trend,31,4,0.13666863325607947,pre_concentration_broad,precompute_vm,2026-03-25,2026-03-26T16:40:31.039898+00:00,off,1.0,25.33,ELEVATED
2026-03-26,COP,0.012032250636276944,,sleeve_trend,31,4,0.13666863325607947,pre_concentration_broad,precompute_vm,2026-03-25,2026-03-26T16:40:31.039898+00:00,off,1.0,25.33,ELEVATED
2026-03-26,DELL,0.012032250636276944,,sleeve_trend,31,4,0.13666863325607947,pre_concentration_broad,precompute_vm,2026-03-25,2026-03-26T16:40:31.039898+00:00,off,1.0,25.33,ELEVATED
2026-03-26,GEV,0.012032250636276944,,sleeve_trend,31,4,0.13666863325607947,pre_concentration_broad,precompute_vm,2026-03-25,2026-03-26T16:40:31.039898+00:00,off,1.0,25.33,ELEVATED
2026-03-26,GLW,0.012032250636276944,,sleeve_trend,31,4,0.13666863325607947,pre_concentration_broad,precompute_vm,2026-03-25,2026-03-26T16:40:31.039898+00:00,off,1.0,25.33,ELEVATED
2026-03-26,PSX,0.012032250636276944,,sleeve_trend,31,4,0.13666863325607947,pre_concentration_broad,precompute_vm,2026-03-25,2026-03-26T16:40:31.039898+00:00,off,1.0,25.33,ELEVATED
2026-03-26,PWR,0.012032250636276944,,sleeve_trend,31,4,0.13666863325607947,pre_concentration_broad,precompute_vm,2026-03-25,2026-03-26T16:40:31.039898+00:00,off,1.0,25.33,ELEVATED
2026-03-26,STX,0.008994195496658742,,sleeve_quality,31,4,0.13666863325607947,pre_concentration_broad,precompute_vm,2026-03-25,2026-03-26T16:40:31.039898+00:00,off,1.0,25.33,ELEVATED
2026-03-27,GM,0.0891478864128436,,"sleeve_2, sleeve_mean_reversion",31,4,0.0,pre_concentration_broad,precompute_vm,2026-03-26,2026-03-27T13:54:24.221211+00:00,off,1.0,27.44,ELEVATED
2026-03-27,AAPL,0.08408291010875943,,"sleeve_quality, sleeve_trend",31,4,0.0,pre_concentration_broad,precompute_vm,2026-03-26,2026-03-27T13:54:24.221211+00:00,off,1.0,27.44,ELEVATED
2026-03-27,QCOM,0.0545974684232754,,sleeve_quality,31,4,0.0,pre_concentration_broad,precompute_vm,2026-03-26,2026-03-27T13:54:24.221211+00:00,off,1.0,27.44,ELEVATED
2026-03-27,ABNB,0.05112901912493866,,"sleeve_quality, sleeve_trend",31,4,0.0,pre_concentration_broad,precompute_vm,2026-03-26,2026-03-27T13:54:24.221211+00:00,off,1.0,27.44,ELEVATED
2026-03-27,VZ,0.05027943316481719,,"sleeve_2, sleeve_trend",31,4,0.0,pre_concentration_broad,precompute_vm,2026-03-26,2026-03-27T13:54:24.221211+00:00,off,1.0,27.44,ELEVATED
2026-03-27,BK,0.04839165092065913,,sleeve_mean_reversion,31,4,0.0,pre_concentration_broad,precompute_vm,2026-03-26,2026-03-27T13:54:24.221211+00:00,off,1.0,27.44,ELEVATED
2026-03-27,CL,0.047407285819657655,,sleeve_quality,31,4,0.0,pre_concentration_broad,precompute_vm,2026-03-26,2026-03-27T13:54:24.221211+00:00,off,1.0,27.44,ELEVATED
2026-03-27,ADSK,0.039401513232422615,,sleeve_quality,31,4,0.0,pre_concentration_broad,precompute_vm,2026-03-26,2026-03-27T13:54:24.221211+00:00,off,1.0,27.44,ELEVATED
2026-03-27,FTNT,0.033556847691316345,,sleeve_quality,31,4,0.0,pre_concentration_broad,precompute_vm,2026-03-26,2026-03-27T13:54:24.221211+00:00,off,1.0,27.44,ELEVATED
2026-03-27,USB,0.032406708160804994,,sleeve_2,31,4,0.0,pre_concentration_broad,precompute_vm,2026-03-26,2026-03-27T13:54:24.221211+00:00,off,1.0,27.44,ELEVATED
2026-03-27,AMGN,0.03231458442669965,,sleeve_mean_reversion,31,4,0.0,pre_concentration_broad,precompute_vm,2026-03-26,2026-03-27T13:54:24.221211+00:00,off,1.0,27.44,ELEVATED
2026-03-27,ALL,0.03158057717867598,,sleeve_2,31,4,0.0,pre_concentration_broad,precompute_vm,2026-03-26,2026-03-27T13:54:24.221211+00:00,off,1.0,27.44,ELEVATED
2026-03-27,MO,0.03084019018991959,,sleeve_2,31,4,0.0,pre_concentration_broad,precompute_vm,2026-03-26,2026-03-27T13:54:24.221211+00:00,off,1.0,27.44,ELEVATED
2026-03-27,C,0.029643106622960904,,sleeve_2,31,4,0.0,pre_concentration_broad,precompute_vm,2026-03-26,2026-03-27T13:54:24.221211+00:00,off,1.0,27.44,ELEVATED
2026-03-27,PFE,0.029239010882527127,,sleeve_2,31,4,0.0,pre_concentration_broad,precompute_vm,2026-03-26,2026-03-27T13:54:24.221211+00:00,off,1.0,27.44,ELEVATED
2026-03-27,PNC,0.028592874264034767,,sleeve_2,31,4,0.0,pre_concentration_broad,precompute_vm,2026-03-26,2026-03-27T13:54:24.221211+00:00,off,1.0,27.44,ELEVATED
2026-03-27,GS,0.025976678063415862,,sleeve_2,31,4,0.0,pre_concentration_broad,precompute_vm,2026-03-26,2026-03-27T13:54:24.221211+00:00,off,1.0,27.44,ELEVATED
2026-03-27,PANW,0.02581478235842085,,sleeve_quality,31,4,0.0,pre_concentration_broad,precompute_vm,2026-03-26,2026-03-27T13:54:24.221211+00:00,off,1.0,27.44,ELEVATED
2026-03-27,MRK,0.02562006690800892,,sleeve_2,31,4,0.0,pre_concentration_broad,precompute_vm,2026-03-26,2026-03-27T13:54:24.221211+00:00,off,1.0,27.44,ELEVATED
2026-03-27,BKNG,0.025593732964982095,,sleeve_quality,31,4,0.0,pre_concentration_broad,precompute_vm,2026-03-26,2026-03-27T13:54:24.221211+00:00,off,1.0,27.44,ELEVATED
2026-03-27,TXN,0.02392651065007461,,sleeve_mean_reversion,31,4,0.0,pre_concentration_broad,precompute_vm,2026-03-26,2026-03-27T13:54:24.221211+00:00,off,1.0,27.44,ELEVATED
2026-03-27,NOW,0.02368079016738311,,sleeve_quality,31,4,0.0,pre_concentration_broad,precompute_vm,2026-03-26,2026-03-27T13:54:24.221211+00:00,off,1.0,27.44,ELEVATED
2026-03-27,ABBV,0.015958967364430126,,sleeve_trend,31,4,0.0,pre_concentration_broad,precompute_vm,2026-03-26,2026-03-27T13:54:24.221211+00:00,off,1.0,27.44,ELEVATED
2026-03-27,CVX,0.015958967364430126,,sleeve_trend,31,4,0.0,pre_concentration_broad,precompute_vm,2026-03-26,2026-03-27T13:54:24.221211+00:00,off,1.0,27.44,ELEVATED
2026-03-27,DELL,0.015958967364430126,,sleeve_trend,31,4,0.0,pre_concentration_broad,precompute_vm,2026-03-26,2026-03-27T13:54:24.221211+00:00,off,1.0,27.44,ELEVATED
2026-03-27,GEV,0.015958967364430126,,sleeve_trend,31,4,0.0,pre_concentration_broad,precompute_vm,2026-03-26,2026-03-27T13:54:24.221211+00:00,off,1.0,27.44,ELEVATED
2026-03-27,MPC,0.015958967364430126,,sleeve_trend,31,4,0.0,pre_concentration_broad,precompute_vm,2026-03-26,2026-03-27T13:54:24.221211+00:00,off,1.0,27.44,ELEVATED
2026-03-27,MU,0.015958967364430126,,sleeve_trend,31,4,0.0,pre_concentration_broad,precompute_vm,2026-03-26,2026-03-27T13:54:24.221211+00:00,off,1.0,27.44,ELEVATED
2026-03-27,PWR,0.015958967364430126,,sleeve_trend,31,4,0.0,pre_concentration_broad,precompute_vm,2026-03-26,2026-03-27T13:54:24.221211+00:00,off,1.0,27.44,ELEVATED
2026-03-27,STX,0.014266685617591476,,sleeve_quality,31,4,0.0,pre_concentration_broad,precompute_vm,2026-03-26,2026-03-27T13:54:24.221211+00:00,off,1.0,27.44,ELEVATED
2026-03-27,LRCX,0.010796915094798914,,sleeve_mean_reversion,31,4,0.0,pre_concentration_broad,precompute_vm,2026-03-26,2026-03-27T13:54:24.221211+00:00,off,1.0,27.44,ELEVATED
2026-03-30,AAPL,0.08404688046457263,,"sleeve_quality, sleeve_trend",33,4,0.0,pre_concentration_broad,precompute_vm,2026-03-27,2026-03-30T11:02:18.701117+00:00,off,1.0,31.05,HIGH
2026-03-30,GM,0.06301094884946613,,sleeve_2,33,4,0.0,pre_concentration_broad,precompute_vm,2026-03-27,2026-03-30T11:02:18.701117+00:00,off,1.0,31.05,HIGH
2026-03-30,QCOM,0.052013080532442246,,sleeve_quality,33,4,0.0,pre_concentration_broad,precompute_vm,2026-03-27,2026-03-30T11:02:18.701117+00:00,off,1.0,31.05,HIGH
2026-03-30,CL,0.04932538697128294,,sleeve_quality,33,4,0.0,pre_concentration_broad,precompute_vm,2026-03-27,2026-03-30T11:02:18.701117+00:00,off,1.0,31.05,HIGH
2026-03-30,ABNB,0.046715421789093166,,"sleeve_quality, sleeve_trend",33,4,0.0,pre_concentration_broad,precompute_vm,2026-03-27,2026-03-30T11:02:18.701117+00:00,off,1.0,31.05,HIGH
2026-03-30,KO,0.046158165577129026,,sleeve_mean_reversion,33,4,0.0,pre_concentration_broad,precompute_vm,2026-03-27,2026-03-30T11:02:18.701117+00:00,off,1.0,31.05,HIGH
2026-03-30,PEP,0.042297523213669426,,sleeve_mean_reversion,33,4,0.0,pre_concentration_broad,precompute_vm,2026-03-27,2026-03-30T11:02:18.701117+00:00,off,1.0,31.05,HIGH
2026-03-30,ADSK,0.03791294892060845,,sleeve_quality,33,4,0.0,pre_concentration_broad,precompute_vm,2026-03-27,2026-03-30T11:02:18.701117+00:00,off,1.0,31.05,HIGH
2026-03-30,FTNT,0.03687961674013664,,sleeve_quality,33,4,0.0,pre_concentration_broad,precompute_vm,2026-03-27,2026-03-30T11:02:18.701117+00:00,off,1.0,31.05,HIGH
2026-03-30,VZ,0.035409205370741124,,sleeve_2,33,4,0.0,pre_concentration_broad,precompute_vm,2026-03-27,2026-03-30T11:02:18.701117+00:00,off,1.0,31.05,HIGH
2026-03-30,USB,0.0329183165088104,,sleeve_2,33,4,0.0,pre_concentration_broad,precompute_vm,2026-03-27,2026-03-30T11:02:18.701117+00:00,off,1.0,31.05,HIGH
2026-03-30,C,0.031155288973753394,,sleeve_2,33,4,0.0,pre_concentration_broad,precompute_vm,2026-03-27,2026-03-30T11:02:18.701117+00:00,off,1.0,31.05,HIGH
2026-03-30,MO,0.031051687686396316,,sleeve_2,33,4,0.0,pre_concentration_broad,precompute_vm,2026-03-27,2026-03-30T11:02:18.701117+00:00,off,1.0,31.05,HIGH
2026-03-30,PFE,0.030347013163641207,,sleeve_2,33,4,0.0,pre_concentration_broad,precompute_vm,2026-03-27,2026-03-30T11:02:18.701117+00:00,off,1.0,31.05,HIGH
2026-03-30,DE,0.02937723313488688,,sleeve_mean_reversion,33,4,0.0,pre_concentration_broad,precompute_vm,2026-03-27,2026-03-30T11:02:18.701117+00:00,off,1.0,31.05,HIGH
2026-03-30,PNC,0.02912053403562237,,sleeve_2,33,4,0.0,pre_concentration_broad,precompute_vm,2026-03-27,2026-03-30T11:02:18.701117+00:00,off,1.0,31.05,HIGH
2026-03-30,PANW,0.02815979848914959,,sleeve_quality,33,4,0.0,pre_concentration_broad,precompute_vm,2026-03-27,2026-03-30T11:02:18.701117+00:00,off,1.0,31.05,HIGH
2026-03-30,MRK,0.026108498961804113,,sleeve_2,33,4,0.0,pre_concentration_broad,precompute_vm,2026-03-27,2026-03-30T11:02:18.701117+00:00,off,1.0,31.05,HIGH
2026-03-30,BKNG,0.025484815383794775,,sleeve_quality,33,4,0.0,pre_concentration_broad,precompute_vm,2026-03-27,2026-03-30T11:02:18.701117+00:00,off,1.0,31.05,HIGH
2026-03-30,CB,0.02491775902224723,,sleeve_2,33,4,0.0,pre_concentration_broad,precompute_vm,2026-03-27,2026-03-30T11:02:18.701117+00:00,off,1.0,31.05,HIGH
2026-03-30,T,0.024824529343570836,,sleeve_2,33,4,0.0,pre_concentration_broad,precompute_vm,2026-03-27,2026-03-30T11:02:18.701117+00:00,off,1.0,31.05,HIGH
2026-03-30,NOW,0.02438787939006492,,sleeve_quality,33,4,0.0,pre_concentration_broad,precompute_vm,2026-03-27,2026-03-30T11:02:18.701117+00:00,off,1.0,31.05,HIGH
2026-03-30,ABBV,0.01595896736443013,,sleeve_trend,33,4,0.0,pre_concentration_broad,precompute_vm,2026-03-27,2026-03-30T11:02:18.701117+00:00,off,1.0,31.05,HIGH
2026-03-30,ABT,0.01595896736443013,,sleeve_trend,33,4,0.0,pre_concentration_broad,precompute_vm,2026-03-27,2026-03-30T11:02:18.701117+00:00,off,1.0,31.05,HIGH
2026-03-30,ACN,0.01595896736443013,,sleeve_trend,33,4,0.0,pre_concentration_broad,precompute_vm,2026-03-27,2026-03-30T11:02:18.701117+00:00,off,1.0,31.05,HIGH
2026-03-30,ADBE,0.01595896736443013,,sleeve_trend,33,4,0.0,pre_concentration_broad,precompute_vm,2026-03-27,2026-03-30T11:02:18.701117+00:00,off,1.0,31.05,HIGH
2026-03-30,CVX,0.01595896736443013,,sleeve_trend,33,4,0.0,pre_concentration_broad,precompute_vm,2026-03-27,2026-03-30T11:02:18.701117+00:00,off,1.0,31.05,HIGH
2026-03-30,DELL,0.01595896736443013,,sleeve_trend,33,4,0.0,pre_concentration_broad,precompute_vm,2026-03-27,2026-03-30T11:02:18.701117+00:00,off,1.0,31.05,HIGH
2026-03-30,PSX,0.01595896736443013,,sleeve_trend,33,4,0.0,pre_concentration_broad,precompute_vm,2026-03-27,2026-03-30T11:02:18.701117+00:00,off,1.0,31.05,HIGH
2026-03-30,PWR,0.01595896736443013,,sleeve_trend,33,4,0.0,pre_concentration_broad,precompute_vm,2026-03-27,2026-03-30T11:02:18.701117+00:00,off,1.0,31.05,HIGH
2026-03-30,STX,0.014605206827602371,,sleeve_quality,33,4,0.0,pre_concentration_broad,precompute_vm,2026-03-27,2026-03-30T11:02:18.701117+00:00,off,1.0,31.05,HIGH
2026-03-30,FCX,0.013386018280711957,,sleeve_mean_reversion,33,4,0.0,pre_concentration_broad,precompute_vm,2026-03-27,2026-03-30T11:02:18.701117+00:00,off,1.0,31.05,HIGH
2026-03-30,AMAT,0.012714503453360788,,sleeve_mean_reversion,33,4,0.0,pre_concentration_broad,precompute_vm,2026-03-27,2026-03-30T11:02:18.701117+00:00,off,1.0,31.05,HIGH
2026-03-31,AAPL,0.08579312471907735,,"sleeve_quality, sleeve_trend",32,4,0.0,pre_concentration_broad,precompute_vm,2026-03-30,2026-03-31T11:02:24.452438+00:00,off,1.0,30.61,HIGH
2026-03-31,GM,0.061708363056453566,,sleeve_2,32,4,0.0,pre_concentration_broad,precompute_vm,2026-03-30,2026-03-31T11:02:24.452438+00:00,off,1.0,30.61,HIGH
2026-03-31,C,0.053896437242414,,"sleeve_2, sleeve_mean_reversion",32,4,0.0,pre_concentration_broad,precompute_vm,2026-03-30,2026-03-31T11:02:24.452438+00:00,off,1.0,30.61,HIGH
2026-03-31,QCOM,0.053310343315402055,,sleeve_quality,32,4,0.0,pre_concentration_broad,precompute_vm,2026-03-30,2026-03-31T11:02:24.452438+00:00,off,1.0,30.61,HIGH
2026-03-31,CL,0.0478065953570093,,sleeve_quality,32,4,0.0,pre_concentration_broad,precompute_vm,2026-03-30,2026-03-31T11:02:24.452438+00:00,off,1.0,30.61,HIGH
2026-03-31,ABNB,0.04761861365976309,,"sleeve_quality, sleeve_trend",32,4,0.0,pre_concentration_broad,precompute_vm,2026-03-30,2026-03-31T11:02:24.452438+00:00,off,1.0,30.61,HIGH
2026-03-31,BK,0.043563748859288154,,sleeve_mean_reversion,32,4,0.0,pre_concentration_broad,precompute_vm,2026-03-30,2026-03-31T11:02:24.452438+00:00,off,1.0,30.61,HIGH
2026-03-31,TRV,0.039390165172952435,,sleeve_mean_reversion,32,4,0.0,pre_concentration_broad,precompute_vm,2026-03-30,2026-03-31T11:02:24.452438+00:00,off,1.0,30.61,HIGH
2026-03-31,FTNT,0.03752414196668322,,sleeve_quality,32,4,0.0,pre_concentration_broad,precompute_vm,2026-03-30,2026-03-31T11:02:24.452438+00:00,off,1.0,30.61,HIGH
2026-03-31,ADSK,0.036817328535483765,,sleeve_quality,32,4,0.0,pre_concentration_broad,precompute_vm,2026-03-30,2026-03-31T11:02:24.452438+00:00,off,1.0,30.61,HIGH
2026-03-31,VZ,0.03457955197422951,,sleeve_2,32,4,0.0,pre_concentration_broad,precompute_vm,2026-03-30,2026-03-31T11:02:24.452438+00:00,off,1.0,30.61,HIGH
2026-03-31,USB,0.03212168210642133,,sleeve_2,32,4,0.0,pre_concentration_broad,precompute_vm,2026-03-30,2026-03-31T11:02:24.452438+00:00,off,1.0,30.61,HIGH
2026-03-31,ALL,0.031000900703156857,,sleeve_2,32,4,0.0,pre_concentration_broad,precompute_vm,2026-03-30,2026-03-31T11:02:24.452438+00:00,off,1.0,30.61,HIGH
2026-03-31,MO,0.030073825195228162,,sleeve_2,32,4,0.0,pre_concentration_broad,precompute_vm,2026-03-30,2026-03-31T11:02:24.452438+00:00,off,1.0,30.61,HIGH
2026-03-31,PFE,0.02885118122744027,,sleeve_2,32,4,0.0,pre_concentration_broad,precompute_vm,2026-03-30,2026-03-31T11:02:24.452438+00:00,off,1.0,30.61,HIGH
2026-03-31,PNC,0.02853549720633291,,sleeve_2,32,4,0.0,pre_concentration_broad,precompute_vm,2026-03-30,2026-03-31T11:02:24.452438+00:00,off,1.0,30.61,HIGH
2026-03-31,PANW,0.026317563499454362,,sleeve_quality,32,4,0.0,pre_concentration_broad,precompute_vm,2026-03-30,2026-03-31T11:02:24.452438+00:00,off,1.0,30.61,HIGH
2026-03-31,BKNG,0.02611034287994483,,sleeve_quality,32,4,0.0,pre_concentration_broad,precompute_vm,2026-03-30,2026-03-31T11:02:24.452438+00:00,off,1.0,30.61,HIGH
2026-03-31,MRK,0.02582194402500433,,sleeve_2,32,4,0.0,pre_concentration_broad,precompute_vm,2026-03-30,2026-03-31T11:02:24.452438+00:00,off,1.0,30.61,HIGH
2026-03-31,MAR,0.025814277539646092,,sleeve_mean_reversion,32,4,0.0,pre_concentration_broad,precompute_vm,2026-03-30,2026-03-31T11:02:24.452438+00:00,off,1.0,30.61,HIGH
2026-03-31,GS,0.025720384957692775,,sleeve_2,32,4,0.0,pre_concentration_broad,precompute_vm,2026-03-30,2026-03-31T11:02:24.452438+00:00,off,1.0,30.61,HIGH
2026-03-31,NOW,0.022766907127309728,,sleeve_quality,32,4,0.0,pre_concentration_broad,precompute_vm,2026-03-30,2026-03-31T11:02:24.452438+00:00,off,1.0,30.61,HIGH
2026-03-31,ABBV,0.01595896736443013,,sleeve_trend,32,4,0.0,pre_concentration_broad,precompute_vm,2026-03-30,2026-03-31T11:02:24.452438+00:00,off,1.0,30.61,HIGH
2026-03-31,ABT,0.01595896736443013,,sleeve_trend,32,4,0.0,pre_concentration_broad,precompute_vm,2026-03-30,2026-03-31T11:02:24.452438+00:00,off,1.0,30.61,HIGH
2026-03-31,ACN,0.01595896736443013,,sleeve_trend,32,4,0.0,pre_concentration_broad,precompute_vm,2026-03-30,2026-03-31T11:02:24.452438+00:00,off,1.0,30.61,HIGH
2026-03-31,ADBE,0.01595896736443013,,sleeve_trend,32,4,0.0,pre_concentration_broad,precompute_vm,2026-03-30,2026-03-31T11:02:24.452438+00:00,off,1.0,30.61,HIGH
2026-03-31,DELL,0.01595896736443013,,sleeve_trend,32,4,0.0,pre_concentration_broad,precompute_vm,2026-03-30,2026-03-31T11:02:24.452438+00:00,off,1.0,30.61,HIGH
2026-03-31,EOG,0.01595896736443013,,sleeve_trend,32,4,0.0,pre_concentration_broad,precompute_vm,2026-03-30,2026-03-31T11:02:24.452438+00:00,off,1.0,30.61,HIGH
2026-03-31,PWR,0.01595896736443013,,sleeve_trend,32,4,0.0,pre_concentration_broad,precompute_vm,2026-03-30,2026-03-31T11:02:24.452438+00:00,off,1.0,30.61,HIGH
2026-03-31,XOM,0.01595896736443013,,sleeve_trend,32,4,0.0,pre_concentration_broad,precompute_vm,2026-03-30,2026-03-31T11:02:24.452438+00:00,off,1.0,30.61,HIGH
2026-03-31,STX,0.015466074448620049,,sleeve_quality,32,4,0.0,pre_concentration_broad,precompute_vm,2026-03-30,2026-03-31T11:02:24.452438+00:00,off,1.0,30.61,HIGH
2026-03-31,AMD,0.011719266309550828,,sleeve_mean_reversion,32,4,0.0,pre_concentration_broad,precompute_vm,2026-03-30,2026-03-31T11:02:24.452438+00:00,off,1.0,30.61,HIGH
2026-04-01,AAPL,0.07497755135599099,,"sleeve_quality, sleeve_trend",30,4,0.0,pre_concentration_broad,precompute_vm,2026-03-31,2026-04-01T11:02:30.218935+00:00,off,1.0,25.25,ELEVATED
2026-04-01,USB,0.06651025732319836,,"sleeve_2, sleeve_mean_reversion",30,4,0.0,pre_concentration_broad,precompute_vm,2026-03-31,2026-04-01T11:02:30.218935+00:00,off,1.0,25.25,ELEVATED
2026-04-01,GM,0.061397858006887976,,sleeve_2,30,4,0.0,pre_concentration_broad,precompute_vm,2026-03-31,2026-04-01T11:02:30.218935+00:00,off,1.0,25.25,ELEVATED
2026-04-01,QCOM,0.0549981122066474,,sleeve_quality,30,4,0.0,pre_concentration_broad,precompute_vm,2026-03-31,2026-04-01T11:02:30.218935+00:00,off,1.0,25.25,ELEVATED
2026-04-01,VZ,0.051257477930407004,,"sleeve_2, sleeve_trend",30,4,0.0,pre_concentration_broad,precompute_vm,2026-03-31,2026-04-01T11:02:30.218935+00:00,off,1.0,25.25,ELEVATED
2026-04-01,CL,0.050627428325872054,,sleeve_quality,30,4,0.0,pre_concentration_broad,precompute_vm,2026-03-31,2026-04-01T11:02:30.218935+00:00,off,1.0,25.25,ELEVATED
2026-04-01,ABNB,0.04750995396468758,,"sleeve_quality, sleeve_trend",30,4,0.0,pre_concentration_broad,precompute_vm,2026-03-31,2026-04-01T11:02:30.218935+00:00,off,1.0,25.25,ELEVATED
2026-04-01,ADSK,0.03964134733233629,,sleeve_quality,30,4,0.0,pre_concentration_broad,precompute_vm,2026-03-31,2026-04-01T11:02:30.218935+00:00,off,1.0,25.25,ELEVATED
2026-04-01,FTNT,0.03750969604210468,,sleeve_quality,30,4,0.0,pre_concentration_broad,precompute_vm,2026-03-31,2026-04-01T11:02:30.218935+00:00,off,1.0,25.25,ELEVATED
2026-04-01,ALL,0.031571880157800575,,sleeve_2,30,4,0.0,pre_concentration_broad,precompute_vm,2026-03-31,2026-04-01T11:02:30.218935+00:00,off,1.0,25.25,ELEVATED
2026-04-01,STX,0.0315273586641914,,"sleeve_quality, sleeve_trend",30,4,0.0,pre_concentration_broad,precompute_vm,2026-03-31,2026-04-01T11:02:30.218935+00:00,off,1.0,25.25,ELEVATED
2026-04-01,MO,0.031116283682624653,,sleeve_2,30,4,0.0,pre_concentration_broad,precompute_vm,2026-03-31,2026-04-01T11:02:30.218935+00:00,off,1.0,25.25,ELEVATED
2026-04-01,NSC,0.029692148664702066,,sleeve_mean_reversion,30,4,0.0,pre_concentration_broad,precompute_vm,2026-03-31,2026-04-01T11:02:30.218935+00:00,off,1.0,25.25,ELEVATED
2026-04-01,C,0.029342249272516274,,sleeve_2,30,4,0.0,pre_concentration_broad,precompute_vm,2026-03-31,2026-04-01T11:02:30.218935+00:00,off,1.0,25.25,ELEVATED
2026-04-01,PFE,0.029067999707302936,,sleeve_2,30,4,0.0,pre_concentration_broad,precompute_vm,2026-03-31,2026-04-01T11:02:30.218935+00:00,off,1.0,25.25,ELEVATED
2026-04-01,PNC,0.02817259007262053,,sleeve_2,30,4,0.0,pre_concentration_broad,precompute_vm,2026-03-31,2026-04-01T11:02:30.218935+00:00,off,1.0,25.25,ELEVATED
2026-04-01,AMGN,0.02789813615641757,,sleeve_mean_reversion,30,4,0.0,pre_concentration_broad,precompute_vm,2026-03-31,2026-04-01T11:02:30.218935+00:00,off,1.0,25.25,ELEVATED
2026-04-01,PANW,0.02741047211258154,,sleeve_quality,30,4,0.0,pre_concentration_broad,precompute_vm,2026-03-31,2026-04-01T11:02:30.218935+00:00,off,1.0,25.25,ELEVATED
2026-04-01,BKNG,0.02670324103940478,,sleeve_quality,30,4,0.0,pre_concentration_broad,precompute_vm,2026-03-31,2026-04-01T11:02:30.218935+00:00,off,1.0,25.25,ELEVATED
2026-04-01,HON,0.026332014855762906,,sleeve_mean_reversion,30,4,0.0,pre_concentration_broad,precompute_vm,2026-03-31,2026-04-01T11:02:30.218935+00:00,off,1.0,25.25,ELEVATED
2026-04-01,MRK,0.02582748172441237,,sleeve_2,30,4,0.0,pre_concentration_broad,precompute_vm,2026-03-31,2026-04-01T11:02:30.218935+00:00,off,1.0,25.25,ELEVATED
2026-04-01,WELL,0.02551425086740258,,sleeve_mean_reversion,30,4,0.0,pre_concentration_broad,precompute_vm,2026-03-31,2026-04-01T11:02:30.218935+00:00,off,1.0,25.25,ELEVATED
2026-04-01,UPS,0.025055564518185476,,sleeve_2,30,4,0.0,pre_concentration_broad,precompute_vm,2026-03-31,2026-04-01T11:02:30.218935+00:00,off,1.0,25.25,ELEVATED
2026-04-01,NOW,0.02458484182936117,,sleeve_quality,30,4,0.0,pre_concentration_broad,precompute_vm,2026-03-31,2026-04-01T11:02:30.218935+00:00,off,1.0,25.25,ELEVATED
2026-04-01,ABBV,0.01595896736443013,,sleeve_trend,30,4,0.0,pre_concentration_broad,precompute_vm,2026-03-31,2026-04-01T11:02:30.218935+00:00,off,1.0,25.25,ELEVATED
2026-04-01,COP,0.01595896736443013,,sleeve_trend,30,4,0.0,pre_concentration_broad,precompute_vm,2026-03-31,2026-04-01T11:02:30.218935+00:00,off,1.0,25.25,ELEVATED
2026-04-01,DELL,0.01595896736443013,,sleeve_trend,30,4,0.0,pre_concentration_broad,precompute_vm,2026-03-31,2026-04-01T11:02:30.218935+00:00,off,1.0,25.25,ELEVATED
2026-04-01,GEV,0.01595896736443013,,sleeve_trend,30,4,0.0,pre_concentration_broad,precompute_vm,2026-03-31,2026-04-01T11:02:30.218935+00:00,off,1.0,25.25,ELEVATED
2026-04-01,PWR,0.01595896736443013,,sleeve_trend,30,4,0.0,pre_concentration_broad,precompute_vm,2026-03-31,2026-04-01T11:02:30.218935+00:00,off,1.0,25.25,ELEVATED
2026-04-01,XOM,0.01595896736443013,,sleeve_trend,30,4,0.0,pre_concentration_broad,precompute_vm,2026-03-31,2026-04-01T11:02:30.218935+00:00,off,1.0,25.25,ELEVATED
2026-04-02,GM,0.10094527646430644,,sleeve_2,32,4,0.00936424662367119,pre_concentration_broad,precompute_vm,2026-04-01,2026-04-02T11:03:09.270437+00:00,off,1.0,24.54,ELEVATED
2026-04-02,VZ,0.06497791754479756,,sleeve_2,32,4,0.00936424662367119,pre_concentration_broad,precompute_vm,2026-04-01,2026-04-02T11:03:09.270437+00:00,off,1.0,24.54,ELEVATED
2026-04-02,ALL,0.058087838944148686,,sleeve_2,32,4,0.00936424662367119,pre_concentration_broad,precompute_vm,2026-04-01,2026-04-02T11:03:09.270437+00:00,off,1.0,24.54,ELEVATED
2026-04-02,USB,0.05716634111880125,,sleeve_2,32,4,0.00936424662367119,pre_concentration_broad,precompute_vm,2026-04-01,2026-04-02T11:03:09.270437+00:00,off,1.0,24.54,ELEVATED
2026-04-02,MO,0.05679392043689737,,sleeve_2,32,4,0.00936424662367119,pre_concentration_broad,precompute_vm,2026-04-01,2026-04-02T11:03:09.270437+00:00,off,1.0,24.54,ELEVATED
2026-04-02,TFC,0.0552713985575939,,sleeve_2,32,4,0.00936424662367119,pre_concentration_broad,precompute_vm,2026-04-01,2026-04-02T11:03:09.270437+00:00,off,1.0,24.54,ELEVATED
2026-04-02,C,0.05227092109390329,,sleeve_2,32,4,0.00936424662367119,pre_concentration_broad,precompute_vm,2026-04-01,2026-04-02T11:03:09.270437+00:00,off,1.0,24.54,ELEVATED
2026-04-02,PFE,0.05177866556197299,,sleeve_2,32,4,0.00936424662367119,pre_concentration_broad,precompute_vm,2026-04-01,2026-04-02T11:03:09.270437+00:00,off,1.0,24.54,ELEVATED
2026-04-02,PNC,0.05074321279937996,,sleeve_2,32,4,0.00936424662367119,pre_concentration_broad,precompute_vm,2026-04-01,2026-04-02T11:03:09.270437+00:00,off,1.0,24.54,ELEVATED
2026-04-02,MRK,0.04656349739554918,,sleeve_2,32,4,0.00936424662367119,pre_concentration_broad,precompute_vm,2026-04-01,2026-04-02T11:03:09.270437+00:00,off,1.0,24.54,ELEVATED
2026-04-02,AAPL,0.04456503203104121,,"sleeve_quality, sleeve_trend",32,4,0.00936424662367119,pre_concentration_broad,precompute_vm,2026-04-01,2026-04-02T11:03:09.270437+00:00,off,1.0,24.54,ELEVATED
2026-04-02,QCOM,0.03358726585075514,,sleeve_quality,32,4,0.00936424662367119,pre_concentration_broad,precompute_vm,2026-04-01,2026-04-02T11:03:09.270437+00:00,off,1.0,24.54,ELEVATED
2026-04-02,CL,0.030120769547163202,,sleeve_quality,32,4,0.00936424662367119,pre_concentration_broad,precompute_vm,2026-04-01,2026-04-02T11:03:09.270437+00:00,off,1.0,24.54,ELEVATED
2026-04-02,ABNB,0.028940787633549573,,"sleeve_quality, sleeve_trend",32,4,0.00936424662367119,pre_concentration_broad,precompute_vm,2026-04-01,2026-04-02T11:03:09.270437+00:00,off,1.0,24.54,ELEVATED
2026-04-02,WMB,0.025245135143481468,,sleeve_mean_reversion,32,4,0.00936424662367119,pre_concentration_broad,precompute_vm,2026-04-01,2026-04-02T11:03:09.270437+00:00,off,1.0,24.54,ELEVATED
2026-04-02,ADSK,0.024542997161358597,,sleeve_quality,32,4,0.00936424662367119,pre_concentration_broad,precompute_vm,2026-04-01,2026-04-02T11:03:09.270437+00:00,off,1.0,24.54,ELEVATED
2026-04-02,NSC,0.02318642987158937,,sleeve_mean_reversion,32,4,0.00936424662367119,pre_concentration_broad,precompute_vm,2026-04-01,2026-04-02T11:03:09.270437+00:00,off,1.0,24.54,ELEVATED
2026-04-02,FTNT,0.02307472771031844,,sleeve_quality,32,4,0.00936424662367119,pre_concentration_broad,precompute_vm,2026-04-01,2026-04-02T11:03:09.270437+00:00,off,1.0,24.54,ELEVATED
2026-04-02,AMGN,0.021814993142893847,,sleeve_mean_reversion,32,4,0.00936424662367119,pre_concentration_broad,precompute_vm,2026-04-01,2026-04-02T11:03:09.270437+00:00,off,1.0,24.54,ELEVATED
2026-04-02,STX,0.01858344959295648,,"sleeve_quality, sleeve_trend",32,4,0.00936424662367119,pre_concentration_broad,precompute_vm,2026-04-01,2026-04-02T11:03:09.270437+00:00,off,1.0,24.54,ELEVATED
2026-04-02,PANW,0.01653086978475528,,sleeve_quality,32,4,0.00936424662367119,pre_concentration_broad,precompute_vm,2026-04-01,2026-04-02T11:03:09.270437+00:00,off,1.0,24.54,ELEVATED
2026-04-02,BKNG,0.016277515711600896,,sleeve_quality,32,4,0.00936424662367119,pre_concentration_broad,precompute_vm,2026-04-01,2026-04-02T11:03:09.270437+00:00,off,1.0,24.54,ELEVATED
2026-04-02,NOW,0.014754050214356133,,sleeve_quality,32,4,0.00936424662367119,pre_concentration_broad,precompute_vm,2026-04-01,2026-04-02T11:03:09.270437+00:00,off,1.0,24.54,ELEVATED
2026-04-02,VRTX,0.010967935426567734,,sleeve_mean_reversion,32,4,0.00936424662367119,pre_concentration_broad,precompute_vm,2026-04-01,2026-04-02T11:03:09.270437+00:00,off,1.0,24.54,ELEVATED
2026-04-02,ABBV,0.009640042237456422,,sleeve_trend,32,4,0.00936424662367119,pre_concentration_broad,precompute_vm,2026-04-01,2026-04-02T11:03:09.270437+00:00,off,1.0,24.54,ELEVATED
2026-04-02,COP,0.009640042237456422,,sleeve_trend,32,4,0.00936424662367119,pre_concentration_broad,precompute_vm,2026-04-01,2026-04-02T11:03:09.270437+00:00,off,1.0,24.54,ELEVATED
2026-04-02,DELL,0.009640042237456422,,sleeve_trend,32,4,0.00936424662367119,pre_concentration_broad,precompute_vm,2026-04-01,2026-04-02T11:03:09.270437+00:00,off,1.0,24.54,ELEVATED
2026-04-02,GEV,0.009640042237456422,,sleeve_trend,32,4,0.00936424662367119,pre_concentration_broad,precompute_vm,2026-04-01,2026-04-02T11:03:09.270437+00:00,off,1.0,24.54,ELEVATED
2026-04-02,JNJ,0.009640042237456422,,sleeve_trend,32,4,0.00936424662367119,pre_concentration_broad,precompute_vm,2026-04-01,2026-04-02T11:03:09.270437+00:00,off,1.0,24.54,ELEVATED
2026-04-02,MPC,0.009640042237456422,,sleeve_trend,32,4,0.00936424662367119,pre_concentration_broad,precompute_vm,2026-04-01,2026-04-02T11:03:09.270437+00:00,off,1.0,24.54,ELEVATED
2026-04-02,PWR,0.009640042237456422,,sleeve_trend,32,4,0.00936424662367119,pre_concentration_broad,precompute_vm,2026-04-01,2026-04-02T11:03:09.270437+00:00,off,1.0,24.54,ELEVATED
2026-04-02,MU,0.005728755598067083,,sleeve_mean_reversion,32,4,0.00936424662367119,pre_concentration_broad,precompute_vm,2026-04-01,2026-04-02T11:03:09.270437+00:00,off,1.0,24.54,ELEVATED
2026-04-03,AAPL,0.07045330796022221,,"sleeve_quality, sleeve_trend",33,4,0.0,pre_concentration_broad,precompute_vm,2026-04-02,2026-04-03T11:02:24.740160+00:00,off,1.0,23.87,ELEVATED
2026-04-03,GM,0.061987974455213285,,sleeve_2,33,4,0.0,pre_concentration_broad,precompute_vm,2026-04-02,2026-04-03T11:02:24.740160+00:00,off,1.0,23.87,ELEVATED
2026-04-03,QCOM,0.05355023793294086,,sleeve_quality,33,4,0.0,pre_concentration_broad,precompute_vm,2026-04-02,2026-04-03T11:02:24.740160+00:00,off,1.0,23.87,ELEVATED
2026-04-03,WBD,0.05022311045320955,,sleeve_mean_reversion,33,4,0.0,pre_concentration_broad,precompute_vm,2026-04-02,2026-04-03T11:02:24.740160+00:00,off,1.0,23.87,ELEVATED
2026-04-03,CL,0.04982032811530901,,sleeve_quality,33,4,0.0,pre_concentration_broad,precompute_vm,2026-04-02,2026-04-03T11:02:24.740160+00:00,off,1.0,23.87,ELEVATED
2026-04-03,ABNB,0.04586903706913499,,"sleeve_quality, sleeve_trend",33,4,0.0,pre_concentration_broad,precompute_vm,2026-04-02,2026-04-03T11:02:24.740160+00:00,off,1.0,23.87,ELEVATED
2026-04-03,ADSK,0.040676268500113154,,sleeve_quality,33,4,0.0,pre_concentration_broad,precompute_vm,2026-04-02,2026-04-03T11:02:24.740160+00:00,off,1.0,23.87,ELEVATED
2026-04-03,BKNG,0.03718918549023793,,sleeve_quality,33,4,0.0,pre_concentration_broad,precompute_vm,2026-04-02,2026-04-03T11:02:24.740160+00:00,off,1.0,23.87,ELEVATED
2026-04-03,FTNT,0.03596604898038985,,sleeve_quality,33,4,0.0,pre_concentration_broad,precompute_vm,2026-04-02,2026-04-03T11:02:24.740160+00:00,off,1.0,23.87,ELEVATED
2026-04-03,VZ,0.035262138850224244,,sleeve_2,33,4,0.0,pre_concentration_broad,precompute_vm,2026-04-02,2026-04-03T11:02:24.740160+00:00,off,1.0,23.87,ELEVATED
2026-04-03,NSC,0.03152168431647771,,sleeve_mean_reversion,33,4,0.0,pre_concentration_broad,precompute_vm,2026-04-02,2026-04-03T11:02:24.740160+00:00,off,1.0,23.87,ELEVATED
2026-04-03,ALL,0.031083202790845817,,sleeve_2,33,4,0.0,pre_concentration_broad,precompute_vm,2026-04-02,2026-04-03T11:02:24.740160+00:00,off,1.0,23.87,ELEVATED
2026-04-03,USB,0.030912041928870423,,sleeve_2,33,4,0.0,pre_concentration_broad,precompute_vm,2026-04-02,2026-04-03T11:02:24.740160+00:00,off,1.0,23.87,ELEVATED
2026-04-03,MO,0.03069584033042507,,sleeve_2,33,4,0.0,pre_concentration_broad,precompute_vm,2026-04-02,2026-04-03T11:02:24.740160+00:00,off,1.0,23.87,ELEVATED
2026-04-03,MCK,0.029786822574591972,,sleeve_mean_reversion,33,4,0.0,pre_concentration_broad,precompute_vm,2026-04-02,2026-04-03T11:02:24.740160+00:00,off,1.0,23.87,ELEVATED
2026-04-03,TFC,0.029714424384519513,,sleeve_2,33,4,0.0,pre_concentration_broad,precompute_vm,2026-04-02,2026-04-03T11:02:24.740160+00:00,off,1.0,23.87,ELEVATED
2026-04-03,C,0.028384375394273277,,sleeve_2,33,4,0.0,pre_concentration_broad,precompute_vm,2026-04-02,2026-04-03T11:02:24.740160+00:00,off,1.0,23.87,ELEVATED
2026-04-03,PFE,0.028333127393627342,,sleeve_2,33,4,0.0,pre_concentration_broad,precompute_vm,2026-04-02,2026-04-03T11:02:24.740160+00:00,off,1.0,23.87,ELEVATED
2026-04-03,PNC,0.027222790197310196,,sleeve_2,33,4,0.0,pre_concentration_broad,precompute_vm,2026-04-02,2026-04-03T11:02:24.740160+00:00,off,1.0,23.87,ELEVATED
2026-04-03,PANW,0.02613407640196635,,sleeve_quality,33,4,0.0,pre_concentration_broad,precompute_vm,2026-04-02,2026-04-03T11:02:24.740160+00:00,off,1.0,23.87,ELEVATED
2026-04-03,NOW,0.02591999325977023,,sleeve_quality,33,4,0.0,pre_concentration_broad,precompute_vm,2026-04-02,2026-04-03T11:02:24.740160+00:00,off,1.0,23.87,ELEVATED
2026-04-03,MRK,0.025267866190744007,,sleeve_2,33,4,0.0,pre_concentration_broad,precompute_vm,2026-04-02,2026-04-03T11:02:24.740160+00:00,off,1.0,23.87,ELEVATED
2026-04-03,UPS,0.02492738189180975,,sleeve_mean_reversion,33,4,0.0,pre_concentration_broad,precompute_vm,2026-04-02,2026-04-03T11:02:24.740160+00:00,off,1.0,23.87,ELEVATED
2026-04-03,ABBV,0.01595896736443013,,sleeve_trend,33,4,0.0,pre_concentration_broad,precompute_vm,2026-04-02,2026-04-03T11:02:24.740160+00:00,off,1.0,23.87,ELEVATED
2026-04-03,COP,0.01595896736443013,,sleeve_trend,33,4,0.0,pre_concentration_broad,precompute_vm,2026-04-02,2026-04-03T11:02:24.740160+00:00,off,1.0,23.87,ELEVATED
2026-04-03,DELL,0.01595896736443013,,sleeve_trend,33,4,0.0,pre_concentration_broad,precompute_vm,2026-04-02,2026-04-03T11:02:24.740160+00:00,off,1.0,23.87,ELEVATED
2026-04-03,EQIX,0.01595896736443013,,sleeve_trend,33,4,0.0,pre_concentration_broad,precompute_vm,2026-04-02,2026-04-03T11:02:24.740160+00:00,off,1.0,23.87,ELEVATED
2026-04-03,MPC,0.01595896736443013,,sleeve_trend,33,4,0.0,pre_concentration_broad,precompute_vm,2026-04-02,2026-04-03T11:02:24.740160+00:00,off,1.0,23.87,ELEVATED
2026-04-03,NEE,0.01595896736443013,,sleeve_trend,33,4,0.0,pre_concentration_broad,precompute_vm,2026-04-02,2026-04-03T11:02:24.740160+00:00,off,1.0,23.87,ELEVATED
2026-04-03,PWR,0.01595896736443013,,sleeve_trend,33,4,0.0,pre_concentration_broad,precompute_vm,2026-04-02,2026-04-03T11:02:24.740160+00:00,off,1.0,23.87,ELEVATED
2026-04-03,WDC,0.01595896736443013,,sleeve_trend,33,4,0.0,pre_concentration_broad,precompute_vm,2026-04-02,2026-04-03T11:02:24.740160+00:00,off,1.0,23.87,ELEVATED
2026-04-03,STX,0.01395255179866316,,sleeve_quality,33,4,0.0,pre_concentration_broad,precompute_vm,2026-04-02,2026-04-03T11:02:24.740160+00:00,off,1.0,23.87,ELEVATED
2026-04-03,MU,0.00747444442366909,,sleeve_mean_reversion,33,4,0.0,pre_concentration_broad,precompute_vm,2026-04-02,2026-04-03T11:02:24.740160+00:00,off,1.0,23.87,ELEVATED
2026-04-06,CL,0.08238165509396095,,"sleeve_mean_reversion, sleeve_quality",31,4,0.0,pre_concentration_broad,precompute_vm,2026-04-02,2026-04-06T14:29:36.177076+00:00,off,1.0,23.87,ELEVATED
2026-04-06,AAPL,0.06738997019010073,,"sleeve_quality, sleeve_trend",31,4,0.0,pre_concentration_broad,precompute_vm,2026-04-02,2026-04-06T14:29:36.177076+00:00,off,1.0,23.87,ELEVATED
2026-04-06,GM,0.06182804208701551,,sleeve_2,31,4,0.0,pre_concentration_broad,precompute_vm,2026-04-02,2026-04-06T14:29:36.177076+00:00,off,1.0,23.87,ELEVATED
2026-04-06,QCOM,0.053875296116830985,,sleeve_quality,31,4,0.0,pre_concentration_broad,precompute_vm,2026-04-02,2026-04-06T14:29:36.177076+00:00,off,1.0,23.87,ELEVATED
2026-04-06,ABNB,0.04616872914102288,,"sleeve_quality, sleeve_trend",31,4,0.0,pre_concentration_broad,precompute_vm,2026-04-02,2026-04-06T14:29:36.177076+00:00,off,1.0,23.87,ELEVATED
2026-04-06,ADSK,0.040928625273263144,,sleeve_quality,31,4,0.0,pre_concentration_broad,precompute_vm,2026-04-02,2026-04-06T14:29:36.177076+00:00,off,1.0,23.87,ELEVATED
2026-04-06,MCD,0.03868076188231846,,sleeve_mean_reversion,31,4,0.0,pre_concentration_broad,precompute_vm,2026-04-02,2026-04-06T14:29:36.177076+00:00,off,1.0,23.87,ELEVATED
2026-04-06,FTNT,0.03633239176780185,,sleeve_quality,31,4,0.0,pre_concentration_broad,precompute_vm,2026-04-02,2026-04-06T14:29:36.177076+00:00,off,1.0,23.87,ELEVATED
2026-04-06,BKNG,0.03585093638353551,,sleeve_quality,31,4,0.0,pre_concentration_broad,precompute_vm,2026-04-02,2026-04-06T14:29:36.177076+00:00,off,1.0,23.87,ELEVATED
2026-04-06,VZ,0.035328921735159176,,sleeve_2,31,4,0.0,pre_concentration_broad,precompute_vm,2026-04-02,2026-04-06T14:29:36.177076+00:00,off,1.0,23.87,ELEVATED
2026-04-06,MSI,0.03187484767797835,,sleeve_mean_reversion,31,4,0.0,pre_concentration_broad,precompute_vm,2026-04-02,2026-04-06T14:29:36.177076+00:00,off,1.0,23.87,ELEVATED
2026-04-06,ALL,0.03114386351643844,,sleeve_2,31,4,0.0,pre_concentration_broad,precompute_vm,2026-04-02,2026-04-06T14:29:36.177076+00:00,off,1.0,23.87,ELEVATED
2026-04-06,USB,0.03083305218308148,,sleeve_2,31,4,0.0,pre_concentration_broad,precompute_vm,2026-04-02,2026-04-06T14:29:36.177076+00:00,off,1.0,23.87,ELEVATED
2026-04-06,MO,0.030741420678298034,,sleeve_2,31,4,0.0,pre_concentration_broad,precompute_vm,2026-04-02,2026-04-06T14:29:36.177076+00:00,off,1.0,23.87,ELEVATED
2026-04-06,STX,0.029789254523080587,,"sleeve_quality, sleeve_trend",31,4,0.0,pre_concentration_broad,precompute_vm,2026-04-02,2026-04-06T14:29:36.177076+00:00,off,1.0,23.87,ELEVATED
2026-04-06,TFC,0.029688913761479183,,sleeve_2,31,4,0.0,pre_concentration_broad,precompute_vm,2026-04-02,2026-04-06T14:29:36.177076+00:00,off,1.0,23.87,ELEVATED
2026-04-06,PFE,0.028568879214966904,,sleeve_2,31,4,0.0,pre_concentration_broad,precompute_vm,2026-04-02,2026-04-06T14:29:36.177076+00:00,off,1.0,23.87,ELEVATED
2026-04-06,C,0.028073212293738277,,sleeve_2,31,4,0.0,pre_concentration_broad,precompute_vm,2026-04-02,2026-04-06T14:29:36.177076+00:00,off,1.0,23.87,ELEVATED
2026-04-06,UPS,0.02781174075377084,,sleeve_mean_reversion,31,4,0.0,pre_concentration_broad,precompute_vm,2026-04-02,2026-04-06T14:29:36.177076+00:00,off,1.0,23.87,ELEVATED
2026-04-06,NOW,0.02752805734414078,,sleeve_quality,31,4,0.0,pre_concentration_broad,precompute_vm,2026-04-02,2026-04-06T14:29:36.177076+00:00,off,1.0,23.87,ELEVATED
2026-04-06,PNC,0.02734042260263706,,sleeve_2,31,4,0.0,pre_concentration_broad,precompute_vm,2026-04-02,2026-04-06T14:29:36.177076+00:00,off,1.0,23.87,ELEVATED
2026-04-06,PANW,0.02629487858442029,,sleeve_quality,31,4,0.0,pre_concentration_broad,precompute_vm,2026-04-02,2026-04-06T14:29:36.177076+00:00,off,1.0,23.87,ELEVATED
2026-04-06,MRK,0.0253170538432391,,sleeve_2,31,4,0.0,pre_concentration_broad,precompute_vm,2026-04-02,2026-04-06T14:29:36.177076+00:00,off,1.0,23.87,ELEVATED
2026-04-06,ABBV,0.01595896736443013,,sleeve_trend,31,4,0.0,pre_concentration_broad,precompute_vm,2026-04-02,2026-04-06T14:29:36.177076+00:00,off,1.0,23.87,ELEVATED
2026-04-06,COP,0.01595896736443013,,sleeve_trend,31,4,0.0,pre_concentration_broad,precompute_vm,2026-04-02,2026-04-06T14:29:36.177076+00:00,off,1.0,23.87,ELEVATED
2026-04-06,DELL,0.01595896736443013,,sleeve_trend,31,4,0.0,pre_concentration_broad,precompute_vm,2026-04-02,2026-04-06T14:29:36.177076+00:00,off,1.0,23.87,ELEVATED
2026-04-06,EQIX,0.01595896736443013,,sleeve_trend,31,4,0.0,pre_concentration_broad,precompute_vm,2026-04-02,2026-04-06T14:29:36.177076+00:00,off,1.0,23.87,ELEVATED
2026-04-06,MPC,0.01595896736443013,,sleeve_trend,31,4,0.0,pre_concentration_broad,precompute_vm,2026-04-02,2026-04-06T14:29:36.177076+00:00,off,1.0,23.87,ELEVATED
2026-04-06,NEE,0.01595896736443013,,sleeve_trend,31,4,0.0,pre_concentration_broad,precompute_vm,2026-04-02,2026-04-06T14:29:36.177076+00:00,off,1.0,23.87,ELEVATED
2026-04-06,PWR,0.01595896736443013,,sleeve_trend,31,4,0.0,pre_concentration_broad,precompute_vm,2026-04-02,2026-04-06T14:29:36.177076+00:00,off,1.0,23.87,ELEVATED
2026-04-06,APH,0.014516301800710597,,sleeve_mean_reversion,31,4,0.0,pre_concentration_broad,precompute_vm,2026-04-02,2026-04-06T14:29:36.177076+00:00,off,1.0,23.87,ELEVATED
2026-04-07,GM,0.09689738689161848,,sleeve_2,17,4,0.0,pre_concentration_broad,precompute_vm,2026-04-06,2026-04-07T14:08:32.506882+00:00,off,1.0,24.17,ELEVATED
2026-04-07,QCOM,0.08693026970742945,,sleeve_quality,17,4,0.0,pre_concentration_broad,precompute_vm,2026-04-06,2026-04-07T14:08:32.506882+00:00,off,1.0,24.17,ELEVATED
2026-04-07,NSC,0.080187027667951,,sleeve_mean_reversion,17,4,0.0,pre_concentration_broad,precompute_vm,2026-04-06,2026-04-07T14:08:32.506882+00:00,off,1.0,24.17,ELEVATED
2026-04-07,EQIX,0.07677034228228875,,sleeve_trend,17,4,0.0,pre_concentration_broad,precompute_vm,2026-04-06,2026-04-07T14:08:32.506882+00:00,off,1.0,24.17,ELEVATED
2026-04-07,AAPL,0.06917040716590017,,sleeve_quality,17,4,0.0,pre_concentration_broad,precompute_vm,2026-04-06,2026-04-07T14:08:32.506882+00:00,off,1.0,24.17,ELEVATED
2026-04-07,GILD,0.06893010598814135,,sleeve_mean_reversion,17,4,0.0,pre_concentration_broad,precompute_vm,2026-04-06,2026-04-07T14:08:32.506882+00:00,off,1.0,24.17,ELEVATED
2026-04-07,ADSK,0.06136401731711186,,sleeve_quality,17,4,0.0,pre_concentration_broad,precompute_vm,2026-04-06,2026-04-07T14:08:32.506882+00:00,off,1.0,24.17,ELEVATED
2026-04-07,VZ,0.055442248612054865,,sleeve_2,17,4,0.0,pre_concentration_broad,precompute_vm,2026-04-06,2026-04-07T14:08:32.506882+00:00,off,1.0,24.17,ELEVATED
2026-04-07,FTNT,0.05447301023163586,,sleeve_quality,17,4,0.0,pre_concentration_broad,precompute_vm,2026-04-06,2026-04-07T14:08:32.506882+00:00,off,1.0,24.17,ELEVATED
2026-04-07,COP,0.052552379562789735,,sleeve_trend,17,4,0.0,pre_concentration_broad,precompute_vm,2026-04-06,2026-04-07T14:08:32.506882+00:00,off,1.0,24.17,ELEVATED
2026-04-07,ALL,0.04791625103879305,,sleeve_2,17,4,0.0,pre_concentration_broad,precompute_vm,2026-04-06,2026-04-07T14:08:32.506882+00:00,off,1.0,24.17,ELEVATED
2026-04-07,BKNG,0.04791609591553085,,sleeve_quality,17,4,0.0,pre_concentration_broad,precompute_vm,2026-04-06,2026-04-07T14:08:32.506882+00:00,off,1.0,24.17,ELEVATED
2026-04-07,USB,0.04763822065015291,,sleeve_2,17,4,0.0,pre_concentration_broad,precompute_vm,2026-04-06,2026-04-07T14:08:32.506882+00:00,off,1.0,24.17,ELEVATED
2026-04-07,MO,0.04664949197943631,,sleeve_2,17,4,0.0,pre_concentration_broad,precompute_vm,2026-04-06,2026-04-07T14:08:32.506882+00:00,off,1.0,24.17,ELEVATED
2026-04-07,PFE,0.046164045109332676,,sleeve_2,17,4,0.0,pre_concentration_broad,precompute_vm,2026-04-06,2026-04-07T14:08:32.506882+00:00,off,1.0,24.17,ELEVATED
2026-04-07,PANW,0.03943068052469859,,sleeve_quality,17,4,0.0,pre_concentration_broad,precompute_vm,2026-04-06,2026-04-07T14:08:32.506882+00:00,off,1.0,24.17,ELEVATED
2026-04-07,STX,0.02156801935513413,,sleeve_quality,17,4,0.0,pre_concentration_broad,precompute_vm,2026-04-06,2026-04-07T14:08:32.506882+00:00,off,1.0,24.17,ELEVATED
2026-04-08,GM,0.11337089301564379,,sleeve_2,16,4,0.0,pre_concentration_broad,precompute_vm,2026-04-07,2026-04-08T11:02:18.486590+00:00,off,1.0,25.78,ELEVATED
2026-04-08,GILD,0.08986790853472729,,sleeve_mean_reversion,16,4,0.0,pre_concentration_broad,precompute_vm,2026-04-07,2026-04-08T11:02:18.486590+00:00,off,1.0,25.78,ELEVATED
2026-04-08,QCOM,0.08335085459778067,,sleeve_quality,16,4,0.0,pre_concentration_broad,precompute_vm,2026-04-07,2026-04-08T11:02:18.486590+00:00,off,1.0,25.78,ELEVATED
2026-04-08,COP,0.07793847865288994,,sleeve_trend,16,4,0.0,pre_concentration_broad,precompute_vm,2026-04-07,2026-04-08T11:02:18.486590+00:00,off,1.0,25.78,ELEVATED
2026-04-08,AAPL,0.0744964842256562,,sleeve_quality,16,4,0.0,pre_concentration_broad,precompute_vm,2026-04-07,2026-04-08T11:02:18.486590+00:00,off,1.0,25.78,ELEVATED
2026-04-08,VZ,0.06572490047744155,,sleeve_2,16,4,0.0,pre_concentration_broad,precompute_vm,2026-04-07,2026-04-08T11:02:18.486590+00:00,off,1.0,25.78,ELEVATED
2026-04-08,ALL,0.05607306840675083,,sleeve_2,16,4,0.0,pre_concentration_broad,precompute_vm,2026-04-07,2026-04-08T11:02:18.486590+00:00,off,1.0,25.78,ELEVATED
2026-04-08,USB,0.05591504016817041,,sleeve_2,16,4,0.0,pre_concentration_broad,precompute_vm,2026-04-07,2026-04-08T11:02:18.486590+00:00,off,1.0,25.78,ELEVATED
2026-04-08,MO,0.055893940947122335,,sleeve_2,16,4,0.0,pre_concentration_broad,precompute_vm,2026-04-07,2026-04-08T11:02:18.486590+00:00,off,1.0,25.78,ELEVATED
2026-04-08,PFE,0.054315993823616564,,sleeve_2,16,4,0.0,pre_concentration_broad,precompute_vm,2026-04-07,2026-04-08T11:02:18.486590+00:00,off,1.0,25.78,ELEVATED
2026-04-08,TFC,0.053746475221448375,,sleeve_2,16,4,0.0,pre_concentration_broad,precompute_vm,2026-04-07,2026-04-08T11:02:18.486590+00:00,off,1.0,25.78,ELEVATED
2026-04-08,C,0.05123437131416625,,sleeve_2,16,4,0.0,pre_concentration_broad,precompute_vm,2026-04-07,2026-04-08T11:02:18.486590+00:00,off,1.0,25.78,ELEVATED
2026-04-08,FTNT,0.050977455344182604,,sleeve_quality,16,4,0.0,pre_concentration_broad,precompute_vm,2026-04-07,2026-04-08T11:02:18.486590+00:00,off,1.0,25.78,ELEVATED
2026-04-08,PNC,0.04942098195817276,,sleeve_2,16,4,0.0,pre_concentration_broad,precompute_vm,2026-04-07,2026-04-08T11:02:18.486590+00:00,off,1.0,25.78,ELEVATED
2026-04-08,MRK,0.04697088499151586,,sleeve_2,16,4,0.0,pre_concentration_broad,precompute_vm,2026-04-07,2026-04-08T11:02:18.486590+00:00,off,1.0,25.78,ELEVATED
2026-04-08,STX,0.0207022683207146,,sleeve_quality,16,4,0.0,pre_concentration_broad,precompute_vm,2026-04-07,2026-04-08T11:02:18.486590+00:00,off,1.0,25.78,ELEVATED
2026-04-09,GM,0.09320453817825565,,sleeve_2,17,4,1.1102230246251565e-16,pre_concentration_broad,precompute_vm,2026-04-08,2026-04-09T11:02:35.157311+00:00,off,1.0,21.04,ELEVATED
2026-04-09,EQIX,0.0858769130741679,,sleeve_trend,17,4,1.1102230246251565e-16,pre_concentration_broad,precompute_vm,2026-04-08,2026-04-09T11:02:35.157311+00:00,off,1.0,21.04,ELEVATED
2026-04-09,QCOM,0.08073948729203485,,sleeve_quality,17,4,1.1102230246251565e-16,pre_concentration_broad,precompute_vm,2026-04-08,2026-04-09T11:02:35.157311+00:00,off,1.0,21.04,ELEVATED
2026-04-09,BDX,0.07811183485426011,,sleeve_mean_reversion,17,4,1.1102230246251565e-16,pre_concentration_broad,precompute_vm,2026-04-08,2026-04-09T11:02:35.157311+00:00,off,1.0,21.04,ELEVATED
2026-04-09,AAPL,0.07621034932065797,,sleeve_quality,17,4,1.1102230246251565e-16,pre_concentration_broad,precompute_vm,2026-04-08,2026-04-09T11:02:35.157311+00:00,off,1.0,21.04,ELEVATED
2026-04-09,AMGN,0.07100529880183229,,sleeve_mean_reversion,17,4,1.1102230246251565e-16,pre_concentration_broad,precompute_vm,2026-04-08,2026-04-09T11:02:35.157311+00:00,off,1.0,21.04,ELEVATED
2026-04-09,ADSK,0.06258649267361642,,sleeve_quality,17,4,1.1102230246251565e-16,pre_concentration_broad,precompute_vm,2026-04-08,2026-04-09T11:02:35.157311+00:00,off,1.0,21.04,ELEVATED
2026-04-09,VZ,0.05767750242002991,,sleeve_2,17,4,1.1102230246251565e-16,pre_concentration_broad,precompute_vm,2026-04-08,2026-04-09T11:02:35.157311+00:00,off,1.0,21.04,ELEVATED
2026-04-09,FTNT,0.05575001402792444,,sleeve_quality,17,4,1.1102230246251565e-16,pre_concentration_broad,precompute_vm,2026-04-08,2026-04-09T11:02:35.157311+00:00,off,1.0,21.04,ELEVATED
2026-04-09,ALL,0.048267369333128356,,sleeve_2,17,4,1.1102230246251565e-16,pre_concentration_broad,precompute_vm,2026-04-08,2026-04-09T11:02:35.157311+00:00,off,1.0,21.04,ELEVATED
2026-04-09,MO,0.04806607978547575,,sleeve_2,17,4,1.1102230246251565e-16,pre_concentration_broad,precompute_vm,2026-04-08,2026-04-09T11:02:35.157311+00:00,off,1.0,21.04,ELEVATED
2026-04-09,USB,0.04702961438697153,,sleeve_2,17,4,1.1102230246251565e-16,pre_concentration_broad,precompute_vm,2026-04-08,2026-04-09T11:02:35.157311+00:00,off,1.0,21.04,ELEVATED
2026-04-09,PFE,0.04646254017752714,,sleeve_2,17,4,1.1102230246251565e-16,pre_concentration_broad,precompute_vm,2026-04-08,2026-04-09T11:02:35.157311+00:00,off,1.0,21.04,ELEVATED
2026-04-09,BKNG,0.04594515186777343,,sleeve_quality,17,4,1.1102230246251565e-16,pre_concentration_broad,precompute_vm,2026-04-08,2026-04-09T11:02:35.157311+00:00,off,1.0,21.04,ELEVATED
2026-04-09,COP,0.04344580877091062,,sleeve_trend,17,4,1.1102230246251565e-16,pre_concentration_broad,precompute_vm,2026-04-08,2026-04-09T11:02:35.157311+00:00,off,1.0,21.04,ELEVATED
2026-04-09,PANW,0.037490938146343994,,sleeve_quality,17,4,1.1102230246251565e-16,pre_concentration_broad,precompute_vm,2026-04-08,2026-04-09T11:02:35.157311+00:00,off,1.0,21.04,ELEVATED
2026-04-09,STX,0.022130066889089774,,sleeve_quality,17,4,1.1102230246251565e-16,pre_concentration_broad,precompute_vm,2026-04-08,2026-04-09T11:02:35.157311+00:00,off,1.0,21.04,ELEVATED
2026-04-10,GM,0.10711907718967877,,sleeve_2,17,4,0.0,pre_concentration_broad,precompute_vm,2026-04-09,2026-04-10T13:48:50.754064+00:00,off,1.0,19.49,LOW
2026-04-10,KMI,0.08182336666216983,,sleeve_mean_reversion,17,4,0.0,pre_concentration_broad,precompute_vm,2026-04-09,2026-04-10T13:48:50.754064+00:00,off,1.0,19.49,LOW
2026-04-10,BK,0.07799745201324429,,sleeve_trend,17,4,0.0,pre_concentration_broad,precompute_vm,2026-04-09,2026-04-10T13:48:50.754064+00:00,off,1.0,19.49,LOW
2026-04-10,QCOM,0.0732796693963511,,sleeve_quality,17,4,0.0,pre_concentration_broad,precompute_vm,2026-04-09,2026-04-10T13:48:50.754064+00:00,off,1.0,19.49,LOW
2026-04-10,AAPL,0.07147923517015177,,sleeve_quality,17,4,0.0,pre_concentration_broad,precompute_vm,2026-04-09,2026-04-10T13:48:50.754064+00:00,off,1.0,19.49,LOW
2026-04-10,VZ,0.06859438206617294,,sleeve_2,17,4,0.0,pre_concentration_broad,precompute_vm,2026-04-09,2026-04-10T13:48:50.754064+00:00,off,1.0,19.49,LOW
2026-04-10,ALL,0.0565034425939552,,sleeve_2,17,4,0.0,pre_concentration_broad,precompute_vm,2026-04-09,2026-04-10T13:48:50.754064+00:00,off,1.0,19.49,LOW
2026-04-10,MO,0.05504056962822464,,sleeve_2,17,4,0.0,pre_concentration_broad,precompute_vm,2026-04-09,2026-04-10T13:48:50.754064+00:00,off,1.0,19.49,LOW
2026-04-10,PFE,0.05446145551070975,,sleeve_2,17,4,0.0,pre_concentration_broad,precompute_vm,2026-04-09,2026-04-10T13:48:50.754064+00:00,off,1.0,19.49,LOW
2026-04-10,USB,0.05380923607790269,,sleeve_2,17,4,0.0,pre_concentration_broad,precompute_vm,2026-04-09,2026-04-10T13:48:50.754064+00:00,off,1.0,19.49,LOW
2026-04-10,TFC,0.05127180252402039,,sleeve_2,17,4,0.0,pre_concentration_broad,precompute_vm,2026-04-09,2026-04-10T13:48:50.754064+00:00,off,1.0,19.49,LOW
2026-04-10,BAC,0.049248413645608786,,sleeve_2,17,4,0.0,pre_concentration_broad,precompute_vm,2026-04-09,2026-04-10T13:48:50.754064+00:00,off,1.0,19.49,LOW
2026-04-10,WFC,0.04902502599722915,,sleeve_2,17,4,0.0,pre_concentration_broad,precompute_vm,2026-04-09,2026-04-10T13:48:50.754064+00:00,off,1.0,19.49,LOW
2026-04-10,C,0.04840293051385254,,sleeve_2,17,4,0.0,pre_concentration_broad,precompute_vm,2026-04-09,2026-04-10T13:48:50.754064+00:00,off,1.0,19.49,LOW
2026-04-10,FTNT,0.04392625809705536,,sleeve_quality,17,4,0.0,pre_concentration_broad,precompute_vm,2026-04-09,2026-04-10T13:48:50.754064+00:00,off,1.0,19.49,LOW
2026-04-10,CAT,0.037721939054672055,,sleeve_trend,17,4,0.0,pre_concentration_broad,precompute_vm,2026-04-09,2026-04-10T13:48:50.754064+00:00,off,1.0,19.49,LOW
2026-04-10,STX,0.020295743859000775,,sleeve_quality,17,4,0.0,pre_concentration_broad,precompute_vm,2026-04-09,2026-04-10T13:48:50.754064+00:00,off,1.0,19.49,LOW
2026-04-13,EQIX,0.09858241103008906,,sleeve_trend,19,4,1.1102230246251565e-16,pre_concentration_broad,precompute_vm,2026-04-10,2026-04-13T11:02:20.630220+00:00,off,1.0,19.23,LOW
2026-04-13,QCOM,0.08431696627276096,,sleeve_quality,19,4,1.1102230246251565e-16,pre_concentration_broad,precompute_vm,2026-04-10,2026-04-13T11:02:20.630220+00:00,off,1.0,19.23,LOW
2026-04-13,GM,0.08268203736924484,,sleeve_2,19,4,1.1102230246251565e-16,pre_concentration_broad,precompute_vm,2026-04-10,2026-04-13T11:02:20.630220+00:00,off,1.0,19.23,LOW
2026-04-13,AAPL,0.07838630137340546,,sleeve_quality,19,4,1.1102230246251565e-16,pre_concentration_broad,precompute_vm,2026-04-10,2026-04-13T11:02:20.630220+00:00,off,1.0,19.23,LOW
2026-04-13,BK,0.07167828206940403,,sleeve_trend,19,4,1.1102230246251565e-16,pre_concentration_broad,precompute_vm,2026-04-10,2026-04-13T11:02:20.630220+00:00,off,1.0,19.23,LOW
2026-04-13,KMI,0.06848452142059094,,sleeve_mean_reversion,19,4,1.1102230246251565e-16,pre_concentration_broad,precompute_vm,2026-04-10,2026-04-13T11:02:20.630220+00:00,off,1.0,19.23,LOW
2026-04-13,LMT,0.055170888686975915,,sleeve_mean_reversion,19,4,1.1102230246251565e-16,pre_concentration_broad,precompute_vm,2026-04-10,2026-04-13T11:02:20.630220+00:00,off,1.0,19.23,LOW
2026-04-13,VZ,0.05316593797949229,,sleeve_2,19,4,1.1102230246251565e-16,pre_concentration_broad,precompute_vm,2026-04-10,2026-04-13T11:02:20.630220+00:00,off,1.0,19.23,LOW
2026-04-13,COP,0.05080124372536574,,sleeve_trend,19,4,1.1102230246251565e-16,pre_concentration_broad,precompute_vm,2026-04-10,2026-04-13T11:02:20.630220+00:00,off,1.0,19.23,LOW
2026-04-13,FTNT,0.04580286659503699,,sleeve_quality,19,4,1.1102230246251565e-16,pre_concentration_broad,precompute_vm,2026-04-10,2026-04-13T11:02:20.630220+00:00,off,1.0,19.23,LOW
2026-04-13,BKNG,0.04452250702355674,,sleeve_quality,19,4,1.1102230246251565e-16,pre_concentration_broad,precompute_vm,2026-04-10,2026-04-13T11:02:20.630220+00:00,off,1.0,19.23,LOW
2026-04-13,ALL,0.042857846823646385,,sleeve_2,19,4,1.1102230246251565e-16,pre_concentration_broad,precompute_vm,2026-04-10,2026-04-13T11:02:20.630220+00:00,off,1.0,19.23,LOW
2026-04-13,MO,0.042096263306701846,,sleeve_2,19,4,1.1102230246251565e-16,pre_concentration_broad,precompute_vm,2026-04-10,2026-04-13T11:02:20.630220+00:00,off,1.0,19.23,LOW
2026-04-13,PFE,0.04188378217153766,,sleeve_2,19,4,1.1102230246251565e-16,pre_concentration_broad,precompute_vm,2026-04-10,2026-04-13T11:02:20.630220+00:00,off,1.0,19.23,LOW
2026-04-13,USB,0.041322220809416416,,sleeve_2,19,4,1.1102230246251565e-16,pre_concentration_broad,precompute_vm,2026-04-10,2026-04-13T11:02:20.630220+00:00,off,1.0,19.23,LOW
2026-04-13,PANW,0.03148044087698462,,sleeve_quality,19,4,1.1102230246251565e-16,pre_concentration_broad,precompute_vm,2026-04-10,2026-04-13T11:02:20.630220+00:00,off,1.0,19.23,LOW
2026-04-13,FCX,0.02544611443814669,,sleeve_trend,19,4,1.1102230246251565e-16,pre_concentration_broad,precompute_vm,2026-04-10,2026-04-13T11:02:20.630220+00:00,off,1.0,19.23,LOW
2026-04-13,STX,0.0221899652558785,,sleeve_quality,19,4,1.1102230246251565e-16,pre_concentration_broad,precompute_vm,2026-04-10,2026-04-13T11:02:20.630220+00:00,off,1.0,19.23,LOW
2026-04-13,INTC,0.019129402771764965,,sleeve_trend,19,4,1.1102230246251565e-16,pre_concentration_broad,precompute_vm,2026-04-10,2026-04-13T11:02:20.630220+00:00,off,1.0,19.23,LOW
2026-04-14,EQIX,0.09211132676005612,0.09211132676005612,sleeve_trend,18,4,0.0,pre_concentration_broad,precompute_vm,2026-04-13,2026-04-14T11:03:08.184476+00:00,off,1.0,19.12,LOW
2026-04-14,AAPL,0.09042200114569526,0.09042200114569526,sleeve_quality,18,4,0.0,pre_concentration_broad,precompute_vm,2026-04-13,2026-04-14T11:03:08.184476+00:00,off,1.0,19.12,LOW
2026-04-14,GM,0.09029459140804144,0.09029459140804144,sleeve_2,18,4,0.0,pre_concentration_broad,precompute_vm,2026-04-13,2026-04-14T11:03:08.184476+00:00,off,1.0,19.12,LOW
2026-04-14,QCOM,0.08263716653753293,0.08263716653753293,sleeve_quality,18,4,0.0,pre_concentration_broad,precompute_vm,2026-04-13,2026-04-14T11:03:08.184476+00:00,off,1.0,19.12,LOW
2026-04-14,BK,0.07724737945380178,0.07724737945380178,sleeve_trend,18,4,0.0,pre_concentration_broad,precompute_vm,2026-04-13,2026-04-14T11:03:08.184476+00:00,off,1.0,19.12,LOW
2026-04-14,COST,0.06955883374316149,0.06955883374316149,sleeve_mean_reversion,18,4,0.0,pre_concentration_broad,precompute_vm,2026-04-13,2026-04-14T11:03:08.184476+00:00,off,1.0,19.12,LOW
2026-04-14,VZ,0.05916925208250276,0.05916925208250276,sleeve_2,18,4,0.0,pre_concentration_broad,precompute_vm,2026-04-13,2026-04-14T11:03:08.184476+00:00,off,1.0,19.12,LOW
2026-04-14,BMY,0.04738752880350321,0.04738752880350321,sleeve_mean_reversion,18,4,0.0,pre_concentration_broad,precompute_vm,2026-04-13,2026-04-14T11:03:08.184476+00:00,off,1.0,19.12,LOW
2026-04-14,FTNT,0.04680524203225089,0.04680524203225089,sleeve_quality,18,4,0.0,pre_concentration_broad,precompute_vm,2026-04-13,2026-04-14T11:03:08.184476+00:00,off,1.0,19.12,LOW
2026-04-14,MO,0.046613044383239585,0.046613044383239585,sleeve_2,18,4,0.0,pre_concentration_broad,precompute_vm,2026-04-13,2026-04-14T11:03:08.184476+00:00,off,1.0,19.12,LOW
2026-04-14,BKNG,0.04655706585022862,0.04655706585022862,sleeve_quality,18,4,0.0,pre_concentration_broad,precompute_vm,2026-04-13,2026-04-14T11:03:08.184476+00:00,off,1.0,19.12,LOW
2026-04-14,ALL,0.04615793887970266,0.04615793887970266,sleeve_2,18,4,0.0,pre_concentration_broad,precompute_vm,2026-04-13,2026-04-14T11:03:08.184476+00:00,off,1.0,19.12,LOW
2026-04-14,PFE,0.045278999768270725,0.045278999768270725,sleeve_2,18,4,0.0,pre_concentration_broad,precompute_vm,2026-04-13,2026-04-14T11:03:08.184476+00:00,off,1.0,19.12,LOW
2026-04-14,C,0.04422020882563504,0.04422020882563504,sleeve_trend,18,4,0.0,pre_concentration_broad,precompute_vm,2026-04-13,2026-04-14T11:03:08.184476+00:00,off,1.0,19.12,LOW
2026-04-14,JCI,0.04296629124104409,0.04296629124104409,sleeve_trend,18,4,0.0,pre_concentration_broad,precompute_vm,2026-04-13,2026-04-14T11:03:08.184476+00:00,off,1.0,19.12,LOW
2026-04-14,FCX,0.02884790415248471,0.02884790415248471,sleeve_trend,18,4,0.0,pre_concentration_broad,precompute_vm,2026-04-13,2026-04-14T11:03:08.184476+00:00,off,1.0,19.12,LOW
2026-04-14,STX,0.023637309233563733,0.023637309233563733,sleeve_quality,18,4,0.0,pre_concentration_broad,precompute_vm,2026-04-13,2026-04-14T11:03:08.184476+00:00,off,1.0,19.12,LOW
2026-04-14,INTC,0.020087915699284913,0.020087915699284913,sleeve_trend,18,4,0.0,pre_concentration_broad,precompute_vm,2026-04-13,2026-04-14T11:03:08.184476+00:00,off,1.0,19.12,LOW
2026-04-15,EQIX,0.09894641263419163,0.09894641263419163,sleeve_trend,18,4,0.0,pre_concentration_broad,precompute_vm,2026-04-14,2026-04-15T11:02:42.881419+00:00,off,1.0,18.36,LOW
2026-04-15,GM,0.08691016312276453,0.08691016312276453,sleeve_2,18,4,0.0,pre_concentration_broad,precompute_vm,2026-04-14,2026-04-15T11:02:42.881419+00:00,off,1.0,18.36,LOW
2026-04-15,BK,0.08271067229843616,0.08271067229843616,sleeve_trend,18,4,0.0,pre_concentration_broad,precompute_vm,2026-04-14,2026-04-15T11:02:42.881419+00:00,off,1.0,18.36,LOW
2026-04-15,AAPL,0.07922698998789084,0.07922698998789084,sleeve_quality,18,4,0.0,pre_concentration_broad,precompute_vm,2026-04-14,2026-04-15T11:02:42.881419+00:00,off,1.0,18.36,LOW
2026-04-15,DLR,0.07137754261326305,0.07137754261326305,sleeve_trend,18,4,0.0,pre_concentration_broad,precompute_vm,2026-04-14,2026-04-15T11:02:42.881419+00:00,off,1.0,18.36,LOW
2026-04-15,QCOM,0.07039099562972015,0.07039099562972015,sleeve_quality,18,4,0.0,pre_concentration_broad,precompute_vm,2026-04-14,2026-04-15T11:02:42.881419+00:00,off,1.0,18.36,LOW
2026-04-15,CME,0.06519622480670605,0.06519622480670605,sleeve_mean_reversion,18,4,0.0,pre_concentration_broad,precompute_vm,2026-04-14,2026-04-15T11:02:42.881419+00:00,off,1.0,18.36,LOW
2026-04-15,VZ,0.05882328587007084,0.05882328587007084,sleeve_2,18,4,0.0,pre_concentration_broad,precompute_vm,2026-04-14,2026-04-15T11:02:42.881419+00:00,off,1.0,18.36,LOW
2026-04-15,EOG,0.05152313068317365,0.05152313068317365,sleeve_mean_reversion,18,4,0.0,pre_concentration_broad,precompute_vm,2026-04-14,2026-04-15T11:02:42.881419+00:00,off,1.0,18.36,LOW
2026-04-15,F,0.05082612872045897,0.05082612872045897,sleeve_2,18,4,0.0,pre_concentration_broad,precompute_vm,2026-04-14,2026-04-15T11:02:42.881419+00:00,off,1.0,18.36,LOW
2026-04-15,MO,0.047243190589872995,0.047243190589872995,sleeve_2,18,4,0.0,pre_concentration_broad,precompute_vm,2026-04-14,2026-04-15T11:02:42.881419+00:00,off,1.0,18.36,LOW
2026-04-15,C,0.04565191201870563,0.04565191201870563,sleeve_trend,18,4,0.0,pre_concentration_broad,precompute_vm,2026-04-14,2026-04-15T11:02:42.881419+00:00,off,1.0,18.36,LOW
2026-04-15,FTNT,0.04091319542328029,0.04091319542328029,sleeve_quality,18,4,0.0,pre_concentration_broad,precompute_vm,2026-04-14,2026-04-15T11:02:42.881419+00:00,off,1.0,18.36,LOW
2026-04-15,BKNG,0.039760332533048594,0.039760332533048594,sleeve_quality,18,4,0.0,pre_concentration_broad,precompute_vm,2026-04-14,2026-04-15T11:02:42.881419+00:00,off,1.0,18.36,LOW
2026-04-15,CAT,0.03895379321064439,0.03895379321064439,sleeve_trend,18,4,0.0,pre_concentration_broad,precompute_vm,2026-04-14,2026-04-15T11:02:42.881419+00:00,off,1.0,18.36,LOW
2026-04-15,FCX,0.03038095264992132,0.03038095264992132,sleeve_trend,18,4,0.0,pre_concentration_broad,precompute_vm,2026-04-14,2026-04-15T11:02:42.881419+00:00,off,1.0,18.36,LOW
2026-04-15,INTC,0.02072755740619058,0.02072755740619058,sleeve_trend,18,4,0.0,pre_concentration_broad,precompute_vm,2026-04-14,2026-04-15T11:02:42.881419+00:00,off,1.0,18.36,LOW
2026-04-15,STX,0.02043751980166039,0.02043751980166039,sleeve_quality,18,4,0.0,pre_concentration_broad,precompute_vm,2026-04-14,2026-04-15T11:02:42.881419+00:00,off,1.0,18.36,LOW
2026-04-16,EQIX,0.09442531470367548,0.09442531470367548,sleeve_trend,18,4,0.0,pre_concentration_broad,precompute_vm,2026-04-15,2026-04-16T11:02:17.834483+00:00,off,1.0,18.17,LOW
2026-04-16,NFLX,0.09435077347522083,0.09435077347522083,sleeve_2,18,4,0.0,pre_concentration_broad,precompute_vm,2026-04-15,2026-04-16T11:02:17.834483+00:00,off,1.0,18.17,LOW
2026-04-16,BK,0.07725848511302459,0.07725848511302459,sleeve_trend,18,4,0.0,pre_concentration_broad,precompute_vm,2026-04-15,2026-04-16T11:02:17.834483+00:00,off,1.0,18.17,LOW
2026-04-16,QCOM,0.07711192629599642,0.07711192629599642,sleeve_quality,18,4,0.0,pre_concentration_broad,precompute_vm,2026-04-15,2026-04-16T11:02:17.834483+00:00,off,1.0,18.17,LOW
2026-04-16,AAPL,0.07448972041357392,0.07448972041357392,sleeve_quality,18,4,0.0,pre_concentration_broad,precompute_vm,2026-04-15,2026-04-16T11:02:17.834483+00:00,off,1.0,18.17,LOW
2026-04-16,DLR,0.06743650794388276,0.06743650794388276,sleeve_trend,18,4,0.0,pre_concentration_broad,precompute_vm,2026-04-15,2026-04-16T11:02:17.834483+00:00,off,1.0,18.17,LOW
2026-04-16,GM,0.06611855814547626,0.06611855814547626,sleeve_2,18,4,0.0,pre_concentration_broad,precompute_vm,2026-04-15,2026-04-16T11:02:17.834483+00:00,off,1.0,18.17,LOW
2026-04-16,HCA,0.06299826818779869,0.06299826818779869,sleeve_mean_reversion,18,4,0.0,pre_concentration_broad,precompute_vm,2026-04-15,2026-04-16T11:02:17.834483+00:00,off,1.0,18.17,LOW
2026-04-16,BMY,0.053126732682352885,0.053126732682352885,sleeve_mean_reversion,18,4,0.0,pre_concentration_broad,precompute_vm,2026-04-15,2026-04-16T11:02:17.834483+00:00,off,1.0,18.17,LOW
2026-04-16,MS,0.05147548246519281,0.05147548246519281,sleeve_trend,18,4,0.0,pre_concentration_broad,precompute_vm,2026-04-15,2026-04-16T11:02:17.834483+00:00,off,1.0,18.17,LOW
2026-04-16,MAR,0.05087433085068553,0.05087433085068553,sleeve_trend,18,4,0.0,pre_concentration_broad,precompute_vm,2026-04-15,2026-04-16T11:02:17.834483+00:00,off,1.0,18.17,LOW
2026-04-16,VZ,0.044242532900756144,0.044242532900756144,sleeve_2,18,4,0.0,pre_concentration_broad,precompute_vm,2026-04-15,2026-04-16T11:02:17.834483+00:00,off,1.0,18.17,LOW
2026-04-16,FTNT,0.04312714497476579,0.04312714497476579,sleeve_quality,18,4,0.0,pre_concentration_broad,precompute_vm,2026-04-15,2026-04-16T11:02:17.834483+00:00,off,1.0,18.17,LOW
2026-04-16,F,0.03784941901641698,0.03784941901641698,sleeve_2,18,4,0.0,pre_concentration_broad,precompute_vm,2026-04-15,2026-04-16T11:02:17.834483+00:00,off,1.0,18.17,LOW
2026-04-16,CAT,0.03481027938814492,0.03481027938814492,sleeve_trend,18,4,0.0,pre_concentration_broad,precompute_vm,2026-04-15,2026-04-16T11:02:17.834483+00:00,off,1.0,18.17,LOW
2026-04-16,FCX,0.028510690589198417,0.028510690589198417,sleeve_trend,18,4,0.0,pre_concentration_broad,precompute_vm,2026-04-15,2026-04-16T11:02:17.834483+00:00,off,1.0,18.17,LOW
2026-04-16,STX,0.021636749100841363,0.021636749100841363,sleeve_quality,18,4,0.0,pre_concentration_broad,precompute_vm,2026-04-15,2026-04-16T11:02:17.834483+00:00,off,1.0,18.17,LOW
2026-04-16,INTC,0.020157083752996175,0.020157083752996175,sleeve_trend,18,4,0.0,pre_concentration_broad,precompute_vm,2026-04-15,2026-04-16T11:02:17.834483+00:00,off,1.0,18.17,LOW
2026-04-17,EQIX,0.09503468166025415,0.09503468166025415,sleeve_trend,18,4,0.0,pre_concentration_broad,precompute_vm,2026-04-16,2026-04-17T11:03:00.651467+00:00,off,1.0,17.94,LOW
2026-04-17,BK,0.08252551903924639,0.08252551903924639,sleeve_trend,18,4,0.0,pre_concentration_broad,precompute_vm,2026-04-16,2026-04-17T11:03:00.651467+00:00,off,1.0,17.94,LOW
2026-04-17,NFLX,0.08199039542381267,0.08199039542381267,sleeve_2,18,4,0.0,pre_concentration_broad,precompute_vm,2026-04-16,2026-04-17T11:03:00.651467+00:00,off,1.0,17.94,LOW
2026-04-17,QCOM,0.07705007568620337,0.07705007568620337,sleeve_quality,18,4,0.0,pre_concentration_broad,precompute_vm,2026-04-16,2026-04-17T11:03:00.651467+00:00,off,1.0,17.94,LOW
2026-04-17,AAPL,0.07639740008818836,0.07639740008818836,sleeve_quality,18,4,0.0,pre_concentration_broad,precompute_vm,2026-04-16,2026-04-17T11:03:00.651467+00:00,off,1.0,17.94,LOW
2026-04-17,DLR,0.06975818362081171,0.06975818362081171,sleeve_trend,18,4,0.0,pre_concentration_broad,precompute_vm,2026-04-16,2026-04-17T11:03:00.651467+00:00,off,1.0,17.94,LOW
2026-04-17,CMCSA,0.06623460023259953,0.06623460023259953,sleeve_2,18,4,0.0,pre_concentration_broad,precompute_vm,2026-04-16,2026-04-17T11:03:00.651467+00:00,off,1.0,17.94,LOW
2026-04-17,DUK,0.05878243631919547,0.05878243631919547,sleeve_mean_reversion,18,4,0.0,pre_concentration_broad,precompute_vm,2026-04-16,2026-04-17T11:03:00.651467+00:00,off,1.0,17.94,LOW
2026-04-17,SO,0.057342564551012706,0.057342564551012706,sleeve_mean_reversion,18,4,0.0,pre_concentration_broad,precompute_vm,2026-04-16,2026-04-17T11:03:00.651467+00:00,off,1.0,17.94,LOW
2026-04-17,GM,0.0573004920640319,0.0573004920640319,sleeve_2,18,4,0.0,pre_concentration_broad,precompute_vm,2026-04-16,2026-04-17T11:03:00.651467+00:00,off,1.0,17.94,LOW
2026-04-17,MAR,0.05387418194208093,0.05387418194208093,sleeve_trend,18,4,0.0,pre_concentration_broad,precompute_vm,2026-04-16,2026-04-17T11:03:00.651467+00:00,off,1.0,17.94,LOW
2026-04-17,AMZN,0.04302242493418444,0.04302242493418444,sleeve_trend,18,4,0.0,pre_concentration_broad,precompute_vm,2026-04-16,2026-04-17T11:03:00.651467+00:00,off,1.0,17.94,LOW
2026-04-17,FTNT,0.04074666484952768,0.04074666484952768,sleeve_quality,18,4,0.0,pre_concentration_broad,precompute_vm,2026-04-16,2026-04-17T11:03:00.651467+00:00,off,1.0,17.94,LOW
2026-04-17,VZ,0.037035795817410615,0.037035795817410615,sleeve_2,18,4,0.0,pre_concentration_broad,precompute_vm,2026-04-16,2026-04-17T11:03:00.651467+00:00,off,1.0,17.94,LOW
2026-04-17,FCX,0.031627230124296676,0.031627230124296676,sleeve_trend,18,4,0.0,pre_concentration_broad,precompute_vm,2026-04-16,2026-04-17T11:03:00.651467+00:00,off,1.0,17.94,LOW
2026-04-17,AMD,0.02855784242155408,0.02855784242155408,sleeve_trend,18,4,0.0,pre_concentration_broad,precompute_vm,2026-04-16,2026-04-17T11:03:00.651467+00:00,off,1.0,17.94,LOW
2026-04-17,STX,0.022171400161244206,0.022171400161244206,sleeve_quality,18,4,0.0,pre_concentration_broad,precompute_vm,2026-04-16,2026-04-17T11:03:00.651467+00:00,off,1.0,17.94,LOW
2026-04-17,INTC,0.020548111064345193,0.020548111064345193,sleeve_trend,18,4,0.0,pre_concentration_broad,precompute_vm,2026-04-16,2026-04-17T11:03:00.651467+00:00,off,1.0,17.94,LOW
2026-04-20,EQIX,0.08689079911517497,0.08689079911517497,sleeve_trend,19,4,0.0,pre_concentration_broad,precompute_vm,2026-04-17,2026-04-20T11:03:26.033523+00:00,off,1.0,,
2026-04-20,CMCSA,0.07925602690514026,0.07925602690514026,sleeve_2,19,4,0.0,pre_concentration_broad,precompute_vm,2026-04-17,2026-04-20T11:03:26.033523+00:00,off,1.0,,
2026-04-20,BK,0.07749705781374296,0.07749705781374296,sleeve_trend,19,4,0.0,pre_concentration_broad,precompute_vm,2026-04-17,2026-04-20T11:03:26.033523+00:00,off,1.0,,
2026-04-20,QCOM,0.073643665075958,0.073643665075958,sleeve_quality,19,4,0.0,pre_concentration_broad,precompute_vm,2026-04-17,2026-04-20T11:03:26.033523+00:00,off,1.0,,
2026-04-20,AAPL,0.06967209821580014,0.06967209821580014,sleeve_quality,19,4,0.0,pre_concentration_broad,precompute_vm,2026-04-17,2026-04-20T11:03:26.033523+00:00,off,1.0,,
2026-04-20,GM,0.06643620453097407,0.06643620453097407,sleeve_2,19,4,0.0,pre_concentration_broad,precompute_vm,2026-04-17,2026-04-20T11:03:26.033523+00:00,off,1.0,,
2026-04-20,DLR,0.063132257625036,0.063132257625036,sleeve_trend,19,4,0.0,pre_concentration_broad,precompute_vm,2026-04-17,2026-04-20T11:03:26.033523+00:00,off,1.0,,
2026-04-20,DUK,0.056045690836398446,0.056045690836398446,sleeve_mean_reversion,19,4,0.0,pre_concentration_broad,precompute_vm,2026-04-17,2026-04-20T11:03:26.033523+00:00,off,1.0,,
2026-04-20,SO,0.05402773448365143,0.05402773448365143,sleeve_mean_reversion,19,4,0.0,pre_concentration_broad,precompute_vm,2026-04-17,2026-04-20T11:03:26.033523+00:00,off,1.0,,
2026-04-20,HLT,0.049937454074551045,0.049937454074551045,sleeve_trend,19,4,0.0,pre_concentration_broad,precompute_vm,2026-04-17,2026-04-20T11:03:26.033523+00:00,off,1.0,,
2026-04-20,MAR,0.046111184580853476,0.046111184580853476,sleeve_trend,19,4,0.0,pre_concentration_broad,precompute_vm,2026-04-17,2026-04-20T11:03:26.033523+00:00,off,1.0,,
2026-04-20,VZ,0.044960705258646205,0.044960705258646205,sleeve_2,19,4,0.0,pre_concentration_broad,precompute_vm,2026-04-17,2026-04-20T11:03:26.033523+00:00,off,1.0,,
2026-04-20,PWR,0.041185308490583036,0.041185308490583036,sleeve_trend,19,4,0.0,pre_concentration_broad,precompute_vm,2026-04-17,2026-04-20T11:03:26.033523+00:00,off,1.0,,
2026-04-20,C,0.03965147143437736,0.03965147143437736,sleeve_trend,19,4,0.0,pre_concentration_broad,precompute_vm,2026-04-17,2026-04-20T11:03:26.033523+00:00,off,1.0,,
2026-04-20,FTNT,0.03948873561477518,0.03948873561477518,sleeve_quality,19,4,0.0,pre_concentration_broad,precompute_vm,2026-04-17,2026-04-20T11:03:26.033523+00:00,off,1.0,,
2026-04-20,F,0.039267848053933914,0.039267848053933914,sleeve_2,19,4,0.0,pre_concentration_broad,precompute_vm,2026-04-17,2026-04-20T11:03:26.033523+00:00,off,1.0,,
2026-04-20,FCX,0.031306922240228977,0.031306922240228977,sleeve_trend,19,4,0.0,pre_concentration_broad,precompute_vm,2026-04-17,2026-04-20T11:03:26.033523+00:00,off,1.0,,
2026-04-20,STX,0.0222856713148691,0.0222856713148691,sleeve_quality,19,4,0.0,pre_concentration_broad,precompute_vm,2026-04-17,2026-04-20T11:03:26.033523+00:00,off,1.0,,
2026-04-20,INTC,0.01920316433530551,0.01920316433530551,sleeve_trend,19,4,0.0,pre_concentration_broad,precompute_vm,2026-04-17,2026-04-20T11:03:26.033523+00:00,off,1.0,,
2026-04-21,EQIX,0.09713364764200715,0.09713364764200715,sleeve_trend,19,4,0.0,pre_concentration_broad,precompute_vm,2026-04-20,2026-04-21T11:02:04.524675+00:00,off,1.0,,
2026-04-21,DLR,0.08585729622380783,0.08585729622380783,sleeve_trend,19,4,0.0,pre_concentration_broad,precompute_vm,2026-04-20,2026-04-21T11:02:04.524675+00:00,off,1.0,,
2026-04-21,BK,0.07755101866544016,0.07755101866544016,sleeve_trend,19,4,0.0,pre_concentration_broad,precompute_vm,2026-04-20,2026-04-21T11:02:04.524675+00:00,off,1.0,,
2026-04-21,QCOM,0.07517732651499402,0.07517732651499402,sleeve_quality,19,4,0.0,pre_concentration_broad,precompute_vm,2026-04-20,2026-04-21T11:02:04.524675+00:00,off,1.0,,
2026-04-21,RTX,0.07031687631994883,0.07031687631994883,sleeve_mean_reversion,19,4,0.0,pre_concentration_broad,precompute_vm,2026-04-20,2026-04-21T11:02:04.524675+00:00,off,1.0,,
2026-04-21,AAPL,0.07026734825228032,0.07026734825228032,sleeve_quality,19,4,0.0,pre_concentration_broad,precompute_vm,2026-04-20,2026-04-21T11:02:04.524675+00:00,off,1.0,,
2026-04-21,CMCSA,0.06994947051777063,0.06994947051777063,sleeve_2,19,4,0.0,pre_concentration_broad,precompute_vm,2026-04-20,2026-04-21T11:02:04.524675+00:00,off,1.0,,
2026-04-21,GM,0.059402667687167225,0.059402667687167225,sleeve_2,19,4,0.0,pre_concentration_broad,precompute_vm,2026-04-20,2026-04-21T11:02:04.524675+00:00,off,1.0,,
2026-04-21,HLT,0.05236450571656633,0.05236450571656633,sleeve_trend,19,4,0.0,pre_concentration_broad,precompute_vm,2026-04-20,2026-04-21T11:02:04.524675+00:00,off,1.0,,
2026-04-21,LLY,0.05224448719468186,0.05224448719468186,sleeve_mean_reversion,19,4,0.0,pre_concentration_broad,precompute_vm,2026-04-20,2026-04-21T11:02:04.524675+00:00,off,1.0,,
2026-04-21,FTNT,0.040240119210108734,0.040240119210108734,sleeve_quality,19,4,0.0,pre_concentration_broad,precompute_vm,2026-04-20,2026-04-21T11:02:04.524675+00:00,off,1.0,,
2026-04-21,VZ,0.03990947293955806,0.03990947293955806,sleeve_2,19,4,0.0,pre_concentration_broad,precompute_vm,2026-04-20,2026-04-21T11:02:04.524675+00:00,off,1.0,,
2026-04-21,C,0.03980502916195519,0.03980502916195519,sleeve_trend,19,4,0.0,pre_concentration_broad,precompute_vm,2026-04-20,2026-04-21T11:02:04.524675+00:00,off,1.0,,
2026-04-21,F,0.03477382780331839,0.03477382780331839,sleeve_2,19,4,0.0,pre_concentration_broad,precompute_vm,2026-04-20,2026-04-21T11:02:04.524675+00:00,off,1.0,,
2026-04-21,FCX,0.03287195652620138,0.03287195652620138,sleeve_trend,19,4,0.0,pre_concentration_broad,precompute_vm,2026-04-20,2026-04-21T11:02:04.524675+00:00,off,1.0,,
2026-04-21,GEV,0.03223218531738017,0.03223218531738017,sleeve_trend,19,4,0.0,pre_concentration_broad,precompute_vm,2026-04-20,2026-04-21T11:02:04.524675+00:00,off,1.0,,
2026-04-21,AMD,0.026928737904735767,0.026928737904735767,sleeve_trend,19,4,0.0,pre_concentration_broad,precompute_vm,2026-04-20,2026-04-21T11:02:04.524675+00:00,off,1.0,,
2026-04-21,STX,0.02356848609611261,0.02356848609611261,sleeve_quality,19,4,0.0,pre_concentration_broad,precompute_vm,2026-04-20,2026-04-21T11:02:04.524675+00:00,off,1.0,,
2026-04-21,INTC,0.01940554030596527,0.01940554030596527,sleeve_trend,19,4,0.0,pre_concentration_broad,precompute_vm,2026-04-20,2026-04-21T11:02:04.524675+00:00,off,1.0,,
2026-04-22,EQIX,0.09805592991656399,0.09805592991656399,sleeve_trend,17,4,0.0,pre_concentration_broad,precompute_vm,2026-04-21,2026-04-22T11:02:18.878302+00:00,off,1.0,,
2026-04-22,QCOM,0.09514535846936215,0.09514535846936215,sleeve_quality,17,4,0.0,pre_concentration_broad,precompute_vm,2026-04-21,2026-04-22T11:02:18.878302+00:00,off,1.0,,
2026-04-22,DLR,0.08672528068365665,0.08672528068365665,sleeve_trend,17,4,0.0,pre_concentration_broad,precompute_vm,2026-04-21,2026-04-22T11:02:18.878302+00:00,off,1.0,,
2026-04-22,MO,0.08655703246457755,0.08655703246457755,sleeve_mean_reversion,17,4,0.0,pre_concentration_broad,precompute_vm,2026-04-21,2026-04-22T11:02:18.878302+00:00,off,1.0,,
2026-04-22,BK,0.08211349270025757,0.08211349270025757,sleeve_trend,17,4,0.0,pre_concentration_broad,precompute_vm,2026-04-21,2026-04-22T11:02:18.878302+00:00,off,1.0,,
2026-04-22,GM,0.06748644661938875,0.06748644661938875,sleeve_2,17,4,0.0,pre_concentration_broad,precompute_vm,2026-04-21,2026-04-22T11:02:18.878302+00:00,off,1.0,,
2026-04-22,HLT,0.05734938521982092,0.05734938521982092,sleeve_trend,17,4,0.0,pre_concentration_broad,precompute_vm,2026-04-21,2026-04-22T11:02:18.878302+00:00,off,1.0,,
2026-04-22,STX,0.05408542623397331,0.05408542623397331,"sleeve_quality, sleeve_trend",17,4,0.0,pre_concentration_broad,precompute_vm,2026-04-21,2026-04-22T11:02:18.878302+00:00,off,1.0,,
2026-04-22,ELV,0.05274525423834324,0.05274525423834324,sleeve_2,17,4,0.0,pre_concentration_broad,precompute_vm,2026-04-21,2026-04-22T11:02:18.878302+00:00,off,1.0,,
2026-04-22,MAR,0.05098445684374967,0.05098445684374967,sleeve_trend,17,4,0.0,pre_concentration_broad,precompute_vm,2026-04-21,2026-04-22T11:02:18.878302+00:00,off,1.0,,
2026-04-22,FTNT,0.04998827878918375,0.04998827878918375,sleeve_quality,17,4,0.0,pre_concentration_broad,precompute_vm,2026-04-21,2026-04-22T11:02:18.878302+00:00,off,1.0,,
2026-04-22,VZ,0.04466522852842699,0.04466522852842699,sleeve_2,17,4,0.0,pre_concentration_broad,precompute_vm,2026-04-21,2026-04-22T11:02:18.878302+00:00,off,1.0,,
2026-04-22,F,0.039048204679777175,0.039048204679777175,sleeve_2,17,4,0.0,pre_concentration_broad,precompute_vm,2026-04-21,2026-04-22T11:02:18.878302+00:00,off,1.0,,
2026-04-22,NEM,0.035950086113428016,0.035950086113428016,sleeve_mean_reversion,17,4,0.0,pre_concentration_broad,precompute_vm,2026-04-21,2026-04-22T11:02:18.878302+00:00,off,1.0,,
2026-04-22,GEV,0.035735493525547994,0.035735493525547994,sleeve_trend,17,4,0.0,pre_concentration_broad,precompute_vm,2026-04-21,2026-04-22T11:02:18.878302+00:00,off,1.0,,
2026-04-22,FCX,0.034495662405646665,0.034495662405646665,sleeve_trend,17,4,0.0,pre_concentration_broad,precompute_vm,2026-04-21,2026-04-22T11:02:18.878302+00:00,off,1.0,,
2026-04-22,AMD,0.028868982568295683,0.028868982568295683,sleeve_trend,17,4,0.0,pre_concentration_broad,precompute_vm,2026-04-21,2026-04-22T11:02:18.878302+00:00,off,1.0,,
2026-04-23,EQIX,0.09843062738579691,0.09843062738579691,sleeve_trend,18,4,0.0,pre_concentration_broad,precompute_vm,2026-04-22,2026-04-23T11:04:47.140534+00:00,off,1.0,,
2026-04-23,QCOM,0.09474059153708238,0.09474059153708238,sleeve_quality,18,4,0.0,pre_concentration_broad,precompute_vm,2026-04-22,2026-04-23T11:04:47.140534+00:00,off,1.0,,
2026-04-23,DLR,0.08897642525677718,0.08897642525677718,sleeve_trend,18,4,0.0,pre_concentration_broad,precompute_vm,2026-04-22,2026-04-23T11:04:47.140534+00:00,off,1.0,,
2026-04-23,BK,0.07438666356946123,0.07438666356946123,sleeve_trend,18,4,0.0,pre_concentration_broad,precompute_vm,2026-04-22,2026-04-23T11:04:47.140534+00:00,off,1.0,,
2026-04-23,CMCSA,0.06724207728111284,0.06724207728111284,sleeve_2,18,4,0.0,pre_concentration_broad,precompute_vm,2026-04-22,2026-04-23T11:04:47.140534+00:00,off,1.0,,
2026-04-23,GM,0.057511703853316824,0.057511703853316824,sleeve_2,18,4,0.0,pre_concentration_broad,precompute_vm,2026-04-22,2026-04-23T11:04:47.140534+00:00,off,1.0,,
2026-04-23,BDX,0.056968258986881216,0.056968258986881216,sleeve_mean_reversion,18,4,0.0,pre_concentration_broad,precompute_vm,2026-04-22,2026-04-23T11:04:47.140534+00:00,off,1.0,,
2026-04-23,STX,0.054261267273042535,0.054261267273042535,"sleeve_quality, sleeve_trend",18,4,0.0,pre_concentration_broad,precompute_vm,2026-04-22,2026-04-23T11:04:47.140534+00:00,off,1.0,,
2026-04-23,HLT,0.053748974501183815,0.053748974501183815,sleeve_trend,18,4,0.0,pre_concentration_broad,precompute_vm,2026-04-22,2026-04-23T11:04:47.140534+00:00,off,1.0,,
2026-04-23,FTNT,0.053556938116249675,0.053556938116249675,sleeve_quality,18,4,0.0,pre_concentration_broad,precompute_vm,2026-04-22,2026-04-23T11:04:47.140534+00:00,off,1.0,,
2026-04-23,PWR,0.04976999474257109,0.04976999474257109,sleeve_trend,18,4,0.0,pre_concentration_broad,precompute_vm,2026-04-22,2026-04-23T11:04:47.140534+00:00,off,1.0,,
2026-04-23,WELL,0.04834314784332568,0.04834314784332568,sleeve_mean_reversion,18,4,0.0,pre_concentration_broad,precompute_vm,2026-04-22,2026-04-23T11:04:47.140534+00:00,off,1.0,,
2026-04-23,ELV,0.04490855874278335,0.04490855874278335,sleeve_2,18,4,0.0,pre_concentration_broad,precompute_vm,2026-04-22,2026-04-23T11:04:47.140534+00:00,off,1.0,,
2026-04-23,VZ,0.03827938699535745,0.03827938699535745,sleeve_2,18,4,0.0,pre_concentration_broad,precompute_vm,2026-04-22,2026-04-23T11:04:47.140534+00:00,off,1.0,,
2026-04-23,UNH,0.03439276366574275,0.03439276366574275,sleeve_trend,18,4,0.0,pre_concentration_broad,precompute_vm,2026-04-22,2026-04-23T11:04:47.140534+00:00,off,1.0,,
2026-04-23,FCX,0.03323872245209892,0.03323872245209892,sleeve_trend,18,4,0.0,pre_concentration_broad,precompute_vm,2026-04-22,2026-04-23T11:04:47.140534+00:00,off,1.0,,
2026-04-23,AMD,0.02704101849479568,0.02704101849479568,sleeve_trend,18,4,0.0,pre_concentration_broad,precompute_vm,2026-04-22,2026-04-23T11:04:47.140534+00:00,off,1.0,,
2026-04-23,GEV,0.02420287930242039,0.02420287930242039,sleeve_trend,18,4,0.0,pre_concentration_broad,precompute_vm,2026-04-22,2026-04-23T11:04:47.140534+00:00,off,1.0,,
2026-04-24,EQIX,0.1010848406674506,0.1010848406674506,sleeve_trend,19,4,1.1102230246251565e-16,pre_concentration_broad,precompute_vm,2026-04-23,2026-04-24T13:46:40.647319+00:00,off,1.0,19.100000381469727,LOW
2026-04-24,DLR,0.08963435203664258,0.08963435203664258,sleeve_trend,19,4,1.1102230246251565e-16,pre_concentration_broad,precompute_vm,2026-04-23,2026-04-24T13:46:40.647319+00:00,off,1.0,19.100000381469727,LOW
2026-04-24,DUK,0.0872271670455454,0.0872271670455454,sleeve_mean_reversion,19,4,1.1102230246251565e-16,pre_concentration_broad,precompute_vm,2026-04-23,2026-04-24T13:46:40.647319+00:00,off,1.0,19.100000381469727,LOW
2026-04-24,CMCSA,0.06661159749204008,0.06661159749204008,sleeve_2,19,4,1.1102230246251565e-16,pre_concentration_broad,precompute_vm,2026-04-23,2026-04-24T13:46:40.647319+00:00,off,1.0,19.100000381469727,LOW
2026-04-24,QCOM,0.06428169645362143,0.06428169645362143,sleeve_quality,19,4,1.1102230246251565e-16,pre_concentration_broad,precompute_vm,2026-04-23,2026-04-24T13:46:40.647319+00:00,off,1.0,19.100000381469727,LOW
2026-04-24,FTNT,0.0633471686891731,0.0633471686891731,sleeve_quality,19,4,1.1102230246251565e-16,pre_concentration_broad,precompute_vm,2026-04-23,2026-04-24T13:46:40.647319+00:00,off,1.0,19.100000381469727,LOW
2026-04-24,PWR,0.06078416745516115,0.06078416745516115,sleeve_trend,19,4,1.1102230246251565e-16,pre_concentration_broad,precompute_vm,2026-04-23,2026-04-24T13:46:40.647319+00:00,off,1.0,19.100000381469727,LOW
2026-04-24,GM,0.05939203478220144,0.05939203478220144,sleeve_2,19,4,1.1102230246251565e-16,pre_concentration_broad,precompute_vm,2026-04-23,2026-04-24T13:46:40.647319+00:00,off,1.0,19.100000381469727,LOW
2026-04-24,STX,0.0510438952293886,0.0510438952293886,sleeve_quality,19,4,1.1102230246251565e-16,pre_concentration_broad,precompute_vm,2026-04-23,2026-04-24T13:46:40.647319+00:00,off,1.0,19.100000381469727,LOW
2026-04-24,GOOG,0.05094955670043272,0.05094955670043272,sleeve_trend,19,4,1.1102230246251565e-16,pre_concentration_broad,precompute_vm,2026-04-23,2026-04-24T13:46:40.647319+00:00,off,1.0,19.100000381469727,LOW
2026-04-24,GOOGL,0.04894757065829083,0.04894757065829083,sleeve_trend,19,4,1.1102230246251565e-16,pre_concentration_broad,precompute_vm,2026-04-23,2026-04-24T13:46:40.647319+00:00,off,1.0,19.100000381469727,LOW
2026-04-24,AMZN,0.04745431506067196,0.04745431506067196,sleeve_trend,19,4,1.1102230246251565e-16,pre_concentration_broad,precompute_vm,2026-04-23,2026-04-24T13:46:40.647319+00:00,off,1.0,19.100000381469727,LOW
2026-04-24,ELV,0.0435326830319476,0.0435326830319476,sleeve_2,19,4,1.1102230246251565e-16,pre_concentration_broad,precompute_vm,2026-04-23,2026-04-24T13:46:40.647319+00:00,off,1.0,19.100000381469727,LOW
2026-04-24,VZ,0.03799028845671382,0.03799028845671382,sleeve_2,19,4,1.1102230246251565e-16,pre_concentration_broad,precompute_vm,2026-04-23,2026-04-24T13:46:40.647319+00:00,off,1.0,19.100000381469727,LOW
2026-04-24,UNH,0.034797871790456764,0.034797871790456764,sleeve_trend,19,4,1.1102230246251565e-16,pre_concentration_broad,precompute_vm,2026-04-23,2026-04-24T13:46:40.647319+00:00,off,1.0,19.100000381469727,LOW
2026-04-24,AMD,0.027809922029085235,0.027809922029085235,sleeve_trend,19,4,1.1102230246251565e-16,pre_concentration_broad,precompute_vm,2026-04-23,2026-04-24T13:46:40.647319+00:00,off,1.0,19.100000381469727,LOW
2026-04-24,GEV,0.02604051295311472,0.02604051295311472,sleeve_trend,19,4,1.1102230246251565e-16,pre_concentration_broad,precompute_vm,2026-04-23,2026-04-24T13:46:40.647319+00:00,off,1.0,19.100000381469727,LOW
2026-04-24,FCX,0.019870345519987804,0.019870345519987804,sleeve_mean_reversion,19,4,1.1102230246251565e-16,pre_concentration_broad,precompute_vm,2026-04-23,2026-04-24T13:46:40.647319+00:00,off,1.0,19.100000381469727,LOW
2026-04-24,INTC,0.019200013948074083,0.019200013948074083,sleeve_trend,19,4,1.1102230246251565e-16,pre_concentration_broad,precompute_vm,2026-04-23,2026-04-24T13:46:40.647319+00:00,off,1.0,19.100000381469727,LOW
2026-04-27,EQIX,0.10474625969089967,0.10474625969089967,sleeve_trend,18,4,0.0,pre_concentration_broad,precompute_vm,2026-04-24,2026-04-27T11:02:00.279826+00:00,off,1.0,18.979999542236328,LOW
2026-04-27,DLR,0.09867398059882772,0.09867398059882772,sleeve_trend,18,4,0.0,pre_concentration_broad,precompute_vm,2026-04-24,2026-04-27T11:02:00.279826+00:00,off,1.0,18.979999542236328,LOW
2026-04-27,MSI,0.09387336417762471,0.09387336417762471,sleeve_mean_reversion,18,4,0.0,pre_concentration_broad,precompute_vm,2026-04-24,2026-04-27T11:02:00.279826+00:00,off,1.0,18.979999542236328,LOW
2026-04-27,GM,0.07005939097524018,0.07005939097524018,sleeve_2,18,4,0.0,pre_concentration_broad,precompute_vm,2026-04-24,2026-04-27T11:02:00.279826+00:00,off,1.0,18.979999542236328,LOW
2026-04-27,FTNT,0.0640639187817413,0.0640639187817413,sleeve_quality,18,4,0.0,pre_concentration_broad,precompute_vm,2026-04-24,2026-04-27T11:02:00.279826+00:00,off,1.0,18.979999542236328,LOW
2026-04-27,QCOM,0.059797294840609395,0.059797294840609395,sleeve_quality,18,4,0.0,pre_concentration_broad,precompute_vm,2026-04-24,2026-04-27T11:02:00.279826+00:00,off,1.0,18.979999542236328,LOW
2026-04-27,CSX,0.05730061682516915,0.05730061682516915,sleeve_trend,18,4,0.0,pre_concentration_broad,precompute_vm,2026-04-24,2026-04-27T11:02:00.279826+00:00,off,1.0,18.979999542236328,LOW
2026-04-27,GOOG,0.05598166544766211,0.05598166544766211,sleeve_trend,18,4,0.0,pre_concentration_broad,precompute_vm,2026-04-24,2026-04-27T11:02:00.279826+00:00,off,1.0,18.979999542236328,LOW
2026-04-27,GOOGL,0.05359723652760207,0.05359723652760207,sleeve_trend,18,4,0.0,pre_concentration_broad,precompute_vm,2026-04-24,2026-04-27T11:02:00.279826+00:00,off,1.0,18.979999542236328,LOW
2026-04-27,STX,0.05172803328531389,0.05172803328531389,sleeve_quality,18,4,0.0,pre_concentration_broad,precompute_vm,2026-04-24,2026-04-27T11:02:00.279826+00:00,off,1.0,18.979999542236328,LOW
2026-04-27,ELV,0.05145253567203721,0.05145253567203721,sleeve_2,18,4,0.0,pre_concentration_broad,precompute_vm,2026-04-24,2026-04-27T11:02:00.279826+00:00,off,1.0,18.979999542236328,LOW
2026-04-27,AMZN,0.050002567108921196,0.050002567108921196,sleeve_trend,18,4,0.0,pre_concentration_broad,precompute_vm,2026-04-24,2026-04-27T11:02:00.279826+00:00,off,1.0,18.979999542236328,LOW
2026-04-27,VZ,0.04567295796512783,0.04567295796512783,sleeve_2,18,4,0.0,pre_concentration_broad,precompute_vm,2026-04-24,2026-04-27T11:02:00.279826+00:00,off,1.0,18.979999542236328,LOW
2026-04-27,ALL,0.036760249453517815,0.036760249453517815,sleeve_2,18,4,0.0,pre_concentration_broad,precompute_vm,2026-04-24,2026-04-27T11:02:00.279826+00:00,off,1.0,18.979999542236328,LOW
2026-04-27,FCX,0.0286337544004371,0.0286337544004371,sleeve_mean_reversion,18,4,0.0,pre_concentration_broad,precompute_vm,2026-04-24,2026-04-27T11:02:00.279826+00:00,off,1.0,18.979999542236328,LOW
2026-04-27,AMD,0.028466165495287545,0.028466165495287545,sleeve_trend,18,4,0.0,pre_concentration_broad,precompute_vm,2026-04-24,2026-04-27T11:02:00.279826+00:00,off,1.0,18.979999542236328,LOW
2026-04-27,GEV,0.02831086423973583,0.02831086423973583,sleeve_trend,18,4,0.0,pre_concentration_broad,precompute_vm,2026-04-24,2026-04-27T11:02:00.279826+00:00,off,1.0,18.979999542236328,LOW
2026-04-27,INTC,0.02087914451424516,0.02087914451424516,sleeve_trend,18,4,0.0,pre_concentration_broad,precompute_vm,2026-04-24,2026-04-27T11:02:00.279826+00:00,off,1.0,18.979999542236328,LOW
2026-04-28,SO,0.09477368683300294,0.09477368683300294,sleeve_mean_reversion,18,4,0.0,pre_concentration_broad,precompute_vm,2026-04-27,2026-04-28T11:02:08.705469+00:00,off,1.0,18.459999084472656,LOW
2026-04-28,EQIX,0.08654375680183278,0.08654375680183278,sleeve_trend,18,4,0.0,pre_concentration_broad,precompute_vm,2026-04-27,2026-04-28T11:02:08.705469+00:00,off,1.0,18.459999084472656,LOW
2026-04-28,GM,0.0840003076737965,0.0840003076737965,sleeve_2,18,4,0.0,pre_concentration_broad,precompute_vm,2026-04-27,2026-04-28T11:02:08.705469+00:00,off,1.0,18.459999084472656,LOW
2026-04-28,BK,0.08240237057756832,0.08240237057756832,sleeve_trend,18,4,0.0,pre_concentration_broad,precompute_vm,2026-04-27,2026-04-28T11:02:08.705469+00:00,off,1.0,18.459999084472656,LOW
2026-04-28,FTNT,0.0631576198360553,0.0631576198360553,sleeve_quality,18,4,0.0,pre_concentration_broad,precompute_vm,2026-04-27,2026-04-28T11:02:08.705469+00:00,off,1.0,18.459999084472656,LOW
2026-04-28,ELV,0.05965248238680496,0.05965248238680496,sleeve_2,18,4,0.0,pre_concentration_broad,precompute_vm,2026-04-27,2026-04-28T11:02:08.705469+00:00,off,1.0,18.459999084472656,LOW
2026-04-28,QCOM,0.058154701038301275,0.058154701038301275,sleeve_quality,18,4,0.0,pre_concentration_broad,precompute_vm,2026-04-27,2026-04-28T11:02:08.705469+00:00,off,1.0,18.459999084472656,LOW
2026-04-28,PWR,0.05796751997095708,0.05796751997095708,sleeve_trend,18,4,0.0,pre_concentration_broad,precompute_vm,2026-04-27,2026-04-28T11:02:08.705469+00:00,off,1.0,18.459999084472656,LOW
2026-04-28,GOOG,0.05774683209902885,0.05774683209902885,sleeve_trend,18,4,0.0,pre_concentration_broad,precompute_vm,2026-04-27,2026-04-28T11:02:08.705469+00:00,off,1.0,18.459999084472656,LOW
2026-04-28,GOOGL,0.05444426652146115,0.05444426652146115,sleeve_trend,18,4,0.0,pre_concentration_broad,precompute_vm,2026-04-27,2026-04-28T11:02:08.705469+00:00,off,1.0,18.459999084472656,LOW
2026-04-28,AMZN,0.05407989895773889,0.05407989895773889,sleeve_trend,18,4,0.0,pre_concentration_broad,precompute_vm,2026-04-27,2026-04-28T11:02:08.705469+00:00,off,1.0,18.459999084472656,LOW
2026-04-28,VZ,0.0538619931694852,0.0538619931694852,sleeve_2,18,4,0.0,pre_concentration_broad,precompute_vm,2026-04-27,2026-04-28T11:02:08.705469+00:00,off,1.0,18.459999084472656,LOW
2026-04-28,SLB,0.0528777444141673,0.0528777444141673,sleeve_trend,18,4,0.0,pre_concentration_broad,precompute_vm,2026-04-27,2026-04-28T11:02:08.705469+00:00,off,1.0,18.459999084472656,LOW
2026-04-28,STX,0.048740630863590345,0.048740630863590345,sleeve_quality,18,4,0.0,pre_concentration_broad,precompute_vm,2026-04-27,2026-04-28T11:02:08.705469+00:00,off,1.0,18.459999084472656,LOW
2026-04-28,GEV,0.026246868590171852,0.026246868590171852,sleeve_trend,18,4,0.0,pre_concentration_broad,precompute_vm,2026-04-27,2026-04-28T11:02:08.705469+00:00,off,1.0,18.459999084472656,LOW
2026-04-28,AMD,0.025101048889785687,0.025101048889785687,sleeve_trend,18,4,0.0,pre_concentration_broad,precompute_vm,2026-04-27,2026-04-28T11:02:08.705469+00:00,off,1.0,18.459999084472656,LOW
2026-04-28,FCX,0.020825154479448493,0.020825154479448493,sleeve_mean_reversion,18,4,0.0,pre_concentration_broad,precompute_vm,2026-04-27,2026-04-28T11:02:08.705469+00:00,off,1.0,18.459999084472656,LOW
2026-04-28,INTC,0.019423116896803094,0.019423116896803094,sleeve_trend,18,4,0.0,pre_concentration_broad,precompute_vm,2026-04-27,2026-04-28T11:02:08.705469+00:00,off,1.0,18.459999084472656,LOW
2026-04-29,GM,0.08392423876203851,0.08392423876203851,sleeve_2,17,4,0.0,pre_concentration_broad,precompute_vm,2026-04-28,2026-04-29T11:02:00.261568+00:00,off,1.0,17.959999084472656,LOW
2026-04-29,STX,0.08366295501532539,0.08366295501532539,"sleeve_quality, sleeve_trend",17,4,0.0,pre_concentration_broad,precompute_vm,2026-04-28,2026-04-29T11:02:00.261568+00:00,off,1.0,17.959999084472656,LOW
2026-04-29,EQIX,0.08310939870121661,0.08310939870121661,sleeve_trend,17,4,0.0,pre_concentration_broad,precompute_vm,2026-04-28,2026-04-29T11:02:00.261568+00:00,off,1.0,17.959999084472656,LOW
2026-04-29,DLR,0.0805107602467549,0.0805107602467549,sleeve_trend,17,4,0.0,pre_concentration_broad,precompute_vm,2026-04-28,2026-04-29T11:02:00.261568+00:00,off,1.0,17.959999084472656,LOW
2026-04-29,KMI,0.07519623642069095,0.07519623642069095,sleeve_mean_reversion,17,4,0.0,pre_concentration_broad,precompute_vm,2026-04-28,2026-04-29T11:02:00.261568+00:00,off,1.0,17.959999084472656,LOW
2026-04-29,PWR,0.06607715322253999,0.06607715322253999,sleeve_trend,17,4,0.0,pre_concentration_broad,precompute_vm,2026-04-28,2026-04-29T11:02:00.261568+00:00,off,1.0,17.959999084472656,LOW
2026-04-29,FTNT,0.062127386813574194,0.062127386813574194,sleeve_quality,17,4,0.0,pre_concentration_broad,precompute_vm,2026-04-28,2026-04-29T11:02:00.261568+00:00,off,1.0,17.959999084472656,LOW
2026-04-29,ELV,0.05925547392269945,0.05925547392269945,sleeve_2,17,4,0.0,pre_concentration_broad,precompute_vm,2026-04-28,2026-04-29T11:02:00.261568+00:00,off,1.0,17.959999084472656,LOW
2026-04-29,GOOG,0.058784633613857634,0.058784633613857634,sleeve_trend,17,4,0.0,pre_concentration_broad,precompute_vm,2026-04-28,2026-04-29T11:02:00.261568+00:00,off,1.0,17.959999084472656,LOW
2026-04-29,QCOM,0.057093936317405836,0.057093936317405836,sleeve_quality,17,4,0.0,pre_concentration_broad,precompute_vm,2026-04-28,2026-04-29T11:02:00.261568+00:00,off,1.0,17.959999084472656,LOW
2026-04-29,GOOGL,0.055719811411200915,0.055719811411200915,sleeve_trend,17,4,0.0,pre_concentration_broad,precompute_vm,2026-04-28,2026-04-29T11:02:00.261568+00:00,off,1.0,17.959999084472656,LOW
2026-04-29,VZ,0.05433507054534869,0.05433507054534869,sleeve_2,17,4,0.0,pre_concentration_broad,precompute_vm,2026-04-28,2026-04-29T11:02:00.261568+00:00,off,1.0,17.959999084472656,LOW
2026-04-29,AMZN,0.05375842856818535,0.05375842856818535,sleeve_trend,17,4,0.0,pre_concentration_broad,precompute_vm,2026-04-28,2026-04-29T11:02:00.261568+00:00,off,1.0,17.959999084472656,LOW
2026-04-29,PCAR,0.040402604891760494,0.040402604891760494,sleeve_mean_reversion,17,4,0.0,pre_concentration_broad,precompute_vm,2026-04-28,2026-04-29T11:02:00.261568+00:00,off,1.0,17.959999084472656,LOW
2026-04-29,UNH,0.038732530440387894,0.038732530440387894,sleeve_trend,17,4,0.0,pre_concentration_broad,precompute_vm,2026-04-28,2026-04-29T11:02:00.261568+00:00,off,1.0,17.959999084472656,LOW
2026-04-29,GEV,0.027501740142962833,0.027501740142962833,sleeve_trend,17,4,0.0,pre_concentration_broad,precompute_vm,2026-04-28,2026-04-29T11:02:00.261568+00:00,off,1.0,17.959999084472656,LOW
2026-04-29,INTC,0.01980764096405041,0.01980764096405041,sleeve_trend,17,4,0.0,pre_concentration_broad,precompute_vm,2026-04-28,2026-04-29T11:02:00.261568+00:00,off,1.0,17.959999084472656,LOW
2026-04-30,ELV,0.11140613528431871,0.11140613528431871,"sleeve_2, sleeve_trend",16,4,0.0,pre_concentration_broad,precompute_vm,2026-04-29,2026-04-30T11:02:37.205173+00:00,off,1.0,18.209999084472656,LOW
2026-04-30,GM,0.08688764767035702,0.08688764767035702,sleeve_2,16,4,0.0,pre_concentration_broad,precompute_vm,2026-04-29,2026-04-30T11:02:37.205173+00:00,off,1.0,18.209999084472656,LOW
2026-04-30,EQIX,0.08625785748366135,0.08625785748366135,sleeve_trend,16,4,0.0,pre_concentration_broad,precompute_vm,2026-04-29,2026-04-30T11:02:37.205173+00:00,off,1.0,18.209999084472656,LOW
2026-04-30,STX,0.07737228523981138,0.07737228523981138,"sleeve_quality, sleeve_trend",16,4,0.0,pre_concentration_broad,precompute_vm,2026-04-29,2026-04-30T11:02:37.205173+00:00,off,1.0,18.209999084472656,LOW
2026-04-30,PWR,0.06996721311962453,0.06996721311962453,sleeve_trend,16,4,0.0,pre_concentration_broad,precompute_vm,2026-04-29,2026-04-30T11:02:37.205173+00:00,off,1.0,18.209999084472656,LOW
2026-04-30,GOOG,0.06962883643122834,0.06962883643122834,sleeve_trend,16,4,0.0,pre_concentration_broad,precompute_vm,2026-04-29,2026-04-30T11:02:37.205173+00:00,off,1.0,18.209999084472656,LOW
2026-04-30,FTNT,0.06712262265234592,0.06712262265234592,sleeve_quality,16,4,0.0,pre_concentration_broad,precompute_vm,2026-04-29,2026-04-30T11:02:37.205173+00:00,off,1.0,18.209999084472656,LOW
2026-04-30,KMI,0.06550311369876123,0.06550311369876123,sleeve_mean_reversion,16,4,0.0,pre_concentration_broad,precompute_vm,2026-04-29,2026-04-30T11:02:37.205173+00:00,off,1.0,18.209999084472656,LOW
2026-04-30,GOOGL,0.06548581074336517,0.06548581074336517,sleeve_trend,16,4,0.0,pre_concentration_broad,precompute_vm,2026-04-29,2026-04-30T11:02:37.205173+00:00,off,1.0,18.209999084472656,LOW
2026-04-30,AMZN,0.05745876374641117,0.05745876374641117,sleeve_trend,16,4,0.0,pre_concentration_broad,precompute_vm,2026-04-29,2026-04-30T11:02:37.205173+00:00,off,1.0,18.209999084472656,LOW
2026-04-30,QCOM,0.05738066540991586,0.05738066540991586,sleeve_quality,16,4,0.0,pre_concentration_broad,precompute_vm,2026-04-29,2026-04-30T11:02:37.205173+00:00,off,1.0,18.209999084472656,LOW
2026-04-30,VZ,0.05533140595375192,0.05533140595375192,sleeve_2,16,4,0.0,pre_concentration_broad,precompute_vm,2026-04-29,2026-04-30T11:02:37.205173+00:00,off,1.0,18.209999084472656,LOW
2026-04-30,HLT,0.04093512541452735,0.04093512541452735,sleeve_mean_reversion,16,4,0.0,pre_concentration_broad,precompute_vm,2026-04-29,2026-04-30T11:02:37.205173+00:00,off,1.0,18.209999084472656,LOW
2026-04-30,UNH,0.03994307044568077,0.03994307044568077,sleeve_trend,16,4,0.0,pre_concentration_broad,precompute_vm,2026-04-29,2026-04-30T11:02:37.205173+00:00,off,1.0,18.209999084472656,LOW
2026-04-30,GEV,0.029096217712091883,0.029096217712091883,sleeve_trend,16,4,0.0,pre_concentration_broad,precompute_vm,2026-04-29,2026-04-30T11:02:37.205173+00:00,off,1.0,18.209999084472656,LOW
2026-04-30,INTC,0.020223228994147423,0.020223228994147423,sleeve_trend,16,4,0.0,pre_concentration_broad,precompute_vm,2026-04-29,2026-04-30T11:02:37.205173+00:00,off,1.0,18.209999084472656,LOW
2026-05-01,WBD,0.09437401477127617,0.09437401477127617,sleeve_mean_reversion,17,4,0.0,pre_concentration_broad,precompute_vm,2026-04-30,2026-05-01T11:02:07.883515+00:00,off,1.0,17.110000610351562,LOW
2026-05-01,BK,0.0893314044591483,0.0893314044591483,sleeve_trend,17,4,0.0,pre_concentration_broad,precompute_vm,2026-04-30,2026-05-01T11:02:07.883515+00:00,off,1.0,17.110000610351562,LOW
2026-05-01,STX,0.08885801585908046,0.08885801585908046,"sleeve_quality, sleeve_trend",17,4,0.0,pre_concentration_broad,precompute_vm,2026-04-30,2026-05-01T11:02:07.883515+00:00,off,1.0,17.110000610351562,LOW
2026-05-01,EQIX,0.08695301594991266,0.08695301594991266,sleeve_trend,17,4,0.0,pre_concentration_broad,precompute_vm,2026-04-30,2026-05-01T11:02:07.883515+00:00,off,1.0,17.110000610351562,LOW
2026-05-01,DLR,0.07966172567582731,0.07966172567582731,sleeve_trend,17,4,0.0,pre_concentration_broad,precompute_vm,2026-04-30,2026-05-01T11:02:07.883515+00:00,off,1.0,17.110000610351562,LOW
2026-05-01,FTNT,0.07405885110134496,0.07405885110134496,sleeve_quality,17,4,0.0,pre_concentration_broad,precompute_vm,2026-04-30,2026-05-01T11:02:07.883515+00:00,off,1.0,17.110000610351562,LOW
2026-05-01,GM,0.06284379525215811,0.06284379525215811,sleeve_2,17,4,0.0,pre_concentration_broad,precompute_vm,2026-04-30,2026-05-01T11:02:07.883515+00:00,off,1.0,17.110000610351562,LOW
2026-05-01,ORLY,0.058794398752351214,0.058794398752351214,sleeve_2,17,4,0.0,pre_concentration_broad,precompute_vm,2026-04-30,2026-05-01T11:02:07.883515+00:00,off,1.0,17.110000610351562,LOW
2026-05-01,AMZN,0.057668776657180995,0.057668776657180995,sleeve_trend,17,4,0.0,pre_concentration_broad,precompute_vm,2026-04-30,2026-05-01T11:02:07.883515+00:00,off,1.0,17.110000610351562,LOW
2026-05-01,QCOM,0.043366197630949926,0.043366197630949926,sleeve_quality,17,4,0.0,pre_concentration_broad,precompute_vm,2026-04-30,2026-05-01T11:02:07.883515+00:00,off,1.0,17.110000610351562,LOW
2026-05-01,ELV,0.04164318528829512,0.04164318528829512,sleeve_2,17,4,0.0,pre_concentration_broad,precompute_vm,2026-04-30,2026-05-01T11:02:07.883515+00:00,off,1.0,17.110000610351562,LOW
2026-05-01,GOOG,0.041493194459522285,0.041493194459522285,sleeve_trend,17,4,0.0,pre_concentration_broad,precompute_vm,2026-04-30,2026-05-01T11:02:07.883515+00:00,off,1.0,17.110000610351562,LOW
2026-05-01,GOOGL,0.04103752189466873,0.04103752189466873,sleeve_trend,17,4,0.0,pre_concentration_broad,precompute_vm,2026-04-30,2026-05-01T11:02:07.883515+00:00,off,1.0,17.110000610351562,LOW
2026-05-01,VZ,0.038973579786438346,0.038973579786438346,sleeve_2,17,4,0.0,pre_concentration_broad,precompute_vm,2026-04-30,2026-05-01T11:02:07.883515+00:00,off,1.0,17.110000610351562,LOW
2026-05-01,WDC,0.03768957224860182,0.03768957224860182,sleeve_trend,17,4,0.0,pre_concentration_broad,precompute_vm,2026-04-30,2026-05-01T11:02:07.883515+00:00,off,1.0,17.110000610351562,LOW
2026-05-01,CAT,0.035385806075770763,0.035385806075770763,sleeve_trend,17,4,0.0,pre_concentration_broad,precompute_vm,2026-04-30,2026-05-01T11:02:07.883515+00:00,off,1.0,17.110000610351562,LOW
2026-05-01,PWR,0.02786694413747284,0.02786694413747284,sleeve_trend,17,4,0.0,pre_concentration_broad,precompute_vm,2026-04-30,2026-05-01T11:02:07.883515+00:00,off,1.0,17.110000610351562,LOW
2026-05-04,GM,0.12926909809296502,0.12926909809296502,"sleeve_2, sleeve_mean_reversion",16,4,0.0,pre_concentration_broad,precompute_vm,2026-05-01,2026-05-04T11:02:37.377762+00:00,off,1.0,18.1299991607666,LOW
2026-05-04,EQIX,0.09604677296359936,0.09604677296359936,sleeve_trend,16,4,0.0,pre_concentration_broad,precompute_vm,2026-05-01,2026-05-04T11:02:37.377762+00:00,off,1.0,18.1299991607666,LOW
2026-05-04,STX,0.08652704834418845,0.08652704834418845,"sleeve_quality, sleeve_trend",16,4,0.0,pre_concentration_broad,precompute_vm,2026-05-01,2026-05-04T11:02:37.377762+00:00,off,1.0,18.1299991607666,LOW
2026-05-04,SLB,0.079543248077416,0.079543248077416,sleeve_trend,16,4,0.0,pre_concentration_broad,precompute_vm,2026-05-01,2026-05-04T11:02:37.377762+00:00,off,1.0,18.1299991607666,LOW
2026-05-04,FTNT,0.07360798263519343,0.07360798263519343,sleeve_quality,16,4,0.0,pre_concentration_broad,precompute_vm,2026-05-01,2026-05-04T11:02:37.377762+00:00,off,1.0,18.1299991607666,LOW
2026-05-04,CME,0.07335358498882892,0.07335358498882892,sleeve_mean_reversion,16,4,0.0,pre_concentration_broad,precompute_vm,2026-05-01,2026-05-04T11:02:37.377762+00:00,off,1.0,18.1299991607666,LOW
2026-05-04,AMZN,0.06514736989315724,0.06514736989315724,sleeve_trend,16,4,0.0,pre_concentration_broad,precompute_vm,2026-05-01,2026-05-04T11:02:37.377762+00:00,off,1.0,18.1299991607666,LOW
2026-05-04,MO,0.057531829394663205,0.057531829394663205,sleeve_trend,16,4,0.0,pre_concentration_broad,precompute_vm,2026-05-01,2026-05-04T11:02:37.377762+00:00,off,1.0,18.1299991607666,LOW
2026-05-04,ELV,0.05739629066112478,0.05739629066112478,sleeve_2,16,4,0.0,pre_concentration_broad,precompute_vm,2026-05-01,2026-05-04T11:02:37.377762+00:00,off,1.0,18.1299991607666,LOW
2026-05-04,VZ,0.05309465080079325,0.05309465080079325,sleeve_2,16,4,0.0,pre_concentration_broad,precompute_vm,2026-05-01,2026-05-04T11:02:37.377762+00:00,off,1.0,18.1299991607666,LOW
2026-05-04,GOOG,0.04611446223129491,0.04611446223129491,sleeve_trend,16,4,0.0,pre_concentration_broad,precompute_vm,2026-05-01,2026-05-04T11:02:37.377762+00:00,off,1.0,18.1299991607666,LOW
2026-05-04,GOOGL,0.04582193451347017,0.04582193451347017,sleeve_trend,16,4,0.0,pre_concentration_broad,precompute_vm,2026-05-01,2026-05-04T11:02:37.377762+00:00,off,1.0,18.1299991607666,LOW
2026-05-04,QCOM,0.04317201690717862,0.04317201690717862,sleeve_quality,16,4,0.0,pre_concentration_broad,precompute_vm,2026-05-01,2026-05-04T11:02:37.377762+00:00,off,1.0,18.1299991607666,LOW
2026-05-04,CAT,0.04000652482978813,0.04000652482978813,sleeve_trend,16,4,0.0,pre_concentration_broad,precompute_vm,2026-05-01,2026-05-04T11:02:37.377762+00:00,off,1.0,18.1299991607666,LOW
2026-05-04,PWR,0.0308963020698998,0.0308963020698998,sleeve_trend,16,4,0.0,pre_concentration_broad,precompute_vm,2026-05-01,2026-05-04T11:02:37.377762+00:00,off,1.0,18.1299991607666,LOW
2026-05-04,INTC,0.02247088359643867,0.02247088359643867,sleeve_trend,16,4,0.0,pre_concentration_broad,precompute_vm,2026-05-01,2026-05-04T11:02:37.377762+00:00,off,1.0,18.1299991607666,LOW
2026-05-05,GM,0.1286430713583313,0.1286430713583313,"sleeve_2, sleeve_mean_reversion",16,4,0.0,pre_concentration_broad,precompute_vm,2026-05-04,2026-05-05T11:09:52.917370+00:00,off,1.0,17.690000534057617,LOW
2026-05-05,EQIX,0.10255300846374985,0.10255300846374985,sleeve_trend,16,4,0.0,pre_concentration_broad,precompute_vm,2026-05-04,2026-05-05T11:09:52.917370+00:00,off,1.0,17.690000534057617,LOW
2026-05-05,STX,0.0913590729900644,0.0913590729900644,"sleeve_quality, sleeve_trend",16,4,0.0,pre_concentration_broad,precompute_vm,2026-05-04,2026-05-05T11:09:52.917370+00:00,off,1.0,17.690000534057617,LOW
2026-05-05,FTNT,0.07321756028320339,0.07321756028320339,sleeve_quality,16,4,0.0,pre_concentration_broad,precompute_vm,2026-05-04,2026-05-05T11:09:52.917370+00:00,off,1.0,17.690000534057617,LOW
2026-05-05,AMZN,0.06803440089906332,0.06803440089906332,sleeve_trend,16,4,0.0,pre_concentration_broad,precompute_vm,2026-05-04,2026-05-05T11:09:52.917370+00:00,off,1.0,17.690000534057617,LOW
2026-05-05,GILD,0.06652932387261247,0.06652932387261247,sleeve_mean_reversion,16,4,0.0,pre_concentration_broad,precompute_vm,2026-05-04,2026-05-05T11:09:52.917370+00:00,off,1.0,17.690000534057617,LOW
2026-05-05,MO,0.05848654559862603,0.05848654559862603,sleeve_trend,16,4,0.0,pre_concentration_broad,precompute_vm,2026-05-04,2026-05-05T11:09:52.917370+00:00,off,1.0,17.690000534057617,LOW
2026-05-05,ELV,0.05779909717125673,0.05779909717125673,sleeve_2,16,4,0.0,pre_concentration_broad,precompute_vm,2026-05-04,2026-05-05T11:09:52.917370+00:00,off,1.0,17.690000534057617,LOW
2026-05-05,VZ,0.05396103909889568,0.05396103909889568,sleeve_2,16,4,0.0,pre_concentration_broad,precompute_vm,2026-05-04,2026-05-05T11:09:52.917370+00:00,off,1.0,17.690000534057617,LOW
2026-05-05,GOOG,0.04714530593103576,0.04714530593103576,sleeve_trend,16,4,0.0,pre_concentration_broad,precompute_vm,2026-05-04,2026-05-05T11:09:52.917370+00:00,off,1.0,17.690000534057617,LOW
2026-05-05,GOOGL,0.04709002859956783,0.04709002859956783,sleeve_trend,16,4,0.0,pre_concentration_broad,precompute_vm,2026-05-04,2026-05-05T11:09:52.917370+00:00,off,1.0,17.690000534057617,LOW
2026-05-05,MPC,0.04542545084442032,0.04542545084442032,sleeve_trend,16,4,0.0,pre_concentration_broad,precompute_vm,2026-05-04,2026-05-05T11:09:52.917370+00:00,off,1.0,17.690000534057617,LOW
2026-05-05,WDC,0.0438802929846139,0.0438802929846139,sleeve_trend,16,4,0.0,pre_concentration_broad,precompute_vm,2026-05-04,2026-05-05T11:09:52.917370+00:00,off,1.0,17.690000534057617,LOW
2026-05-05,QCOM,0.04235330066239645,0.04235330066239645,sleeve_quality,16,4,0.0,pre_concentration_broad,precompute_vm,2026-05-04,2026-05-05T11:09:52.917370+00:00,off,1.0,17.690000534057617,LOW
2026-05-05,CAT,0.040816572962216774,0.040816572962216774,sleeve_trend,16,4,0.0,pre_concentration_broad,precompute_vm,2026-05-04,2026-05-05T11:09:52.917370+00:00,off,1.0,17.690000534057617,LOW
2026-05-05,PWR,0.03270592827994569,0.03270592827994569,sleeve_trend,16,4,0.0,pre_concentration_broad,precompute_vm,2026-05-04,2026-05-05T11:09:52.917370+00:00,off,1.0,17.690000534057617,LOW
2026-05-06,STX,0.09603787416358858,0.09603787416358858,"sleeve_quality, sleeve_trend",17,4,0.0,pre_concentration_broad,precompute_vm,2026-05-05,2026-05-06T11:02:46.151829+00:00,off,1.0,16.5,LOW
2026-05-06,GM,0.08693270973999094,0.08693270973999094,sleeve_2,17,4,0.0,pre_concentration_broad,precompute_vm,2026-05-05,2026-05-06T11:02:46.151829+00:00,off,1.0,16.5,LOW
2026-05-06,AMZN,0.07614966279000379,0.07614966279000379,sleeve_trend,17,4,0.0,pre_concentration_broad,precompute_vm,2026-05-05,2026-05-06T11:02:46.151829+00:00,off,1.0,16.5,LOW
2026-05-06,FTNT,0.07516946665330827,0.07516946665330827,sleeve_quality,17,4,0.0,pre_concentration_broad,precompute_vm,2026-05-05,2026-05-06T11:02:46.151829+00:00,off,1.0,16.5,LOW
2026-05-06,UNH,0.06785494245897966,0.06785494245897966,sleeve_trend,17,4,0.0,pre_concentration_broad,precompute_vm,2026-05-05,2026-05-06T11:02:46.151829+00:00,off,1.0,16.5,LOW
2026-05-06,MO,0.06500816273516093,0.06500816273516093,sleeve_trend,17,4,0.0,pre_concentration_broad,precompute_vm,2026-05-05,2026-05-06T11:02:46.151829+00:00,off,1.0,16.5,LOW
2026-05-06,WM,0.06460252463880137,0.06460252463880137,sleeve_mean_reversion,17,4,0.0,pre_concentration_broad,precompute_vm,2026-05-05,2026-05-06T11:02:46.151829+00:00,off,1.0,16.5,LOW
2026-05-06,ELV,0.058187374905845544,0.058187374905845544,sleeve_2,17,4,0.0,pre_concentration_broad,precompute_vm,2026-05-05,2026-05-06T11:02:46.151829+00:00,off,1.0,16.5,LOW
2026-05-06,CMI,0.055076504951660686,0.055076504951660686,sleeve_trend,17,4,0.0,pre_concentration_broad,precompute_vm,2026-05-05,2026-05-06T11:02:46.151829+00:00,off,1.0,16.5,LOW
2026-05-06,VZ,0.05417207734124229,0.05417207734124229,sleeve_2,17,4,0.0,pre_concentration_broad,precompute_vm,2026-05-05,2026-05-06T11:02:46.151829+00:00,off,1.0,16.5,LOW
2026-05-06,GOOG,0.052876365062525084,0.052876365062525084,sleeve_trend,17,4,0.0,pre_concentration_broad,precompute_vm,2026-05-05,2026-05-06T11:02:46.151829+00:00,off,1.0,16.5,LOW
2026-05-06,GOOGL,0.052715226587591944,0.052715226587591944,sleeve_trend,17,4,0.0,pre_concentration_broad,precompute_vm,2026-05-05,2026-05-06T11:02:46.151829+00:00,off,1.0,16.5,LOW
2026-05-06,MPC,0.04958475971049287,0.04958475971049287,sleeve_trend,17,4,0.0,pre_concentration_broad,precompute_vm,2026-05-05,2026-05-06T11:02:46.151829+00:00,off,1.0,16.5,LOW
2026-05-06,HLT,0.04303784487521608,0.04303784487521608,sleeve_mean_reversion,17,4,0.0,pre_concentration_broad,precompute_vm,2026-05-05,2026-05-06T11:02:46.151829+00:00,off,1.0,16.5,LOW
2026-05-06,QCOM,0.039644636962926465,0.039644636962926465,sleeve_quality,17,4,0.0,pre_concentration_broad,precompute_vm,2026-05-05,2026-05-06T11:02:46.151829+00:00,off,1.0,16.5,LOW
2026-05-06,PWR,0.03671766996777379,0.03671766996777379,sleeve_trend,17,4,0.0,pre_concentration_broad,precompute_vm,2026-05-05,2026-05-06T11:02:46.151829+00:00,off,1.0,16.5,LOW
2026-05-06,INTC,0.026232196454891703,0.026232196454891703,sleeve_trend,17,4,0.0,pre_concentration_broad,precompute_vm,2026-05-05,2026-05-06T11:02:46.151829+00:00,off,1.0,16.5,LOW
2026-05-07,STX,0.09705606465525385,0.09705606465525385,"sleeve_quality, sleeve_trend",17,4,0.0,pre_concentration_broad,precompute_vm,2026-05-06,2026-05-07T11:02:21.048742+00:00,off,1.0,17.520000457763672,LOW
2026-05-07,GM,0.08473112439457674,0.08473112439457674,sleeve_2,17,4,0.0,pre_concentration_broad,precompute_vm,2026-05-06,2026-05-07T11:02:21.048742+00:00,off,1.0,17.520000457763672,LOW
2026-05-07,AMZN,0.07889200881714464,0.07889200881714464,sleeve_trend,17,4,0.0,pre_concentration_broad,precompute_vm,2026-05-06,2026-05-07T11:02:21.048742+00:00,off,1.0,17.520000457763672,LOW
2026-05-07,FTNT,0.07366452987885215,0.07366452987885215,sleeve_quality,17,4,0.0,pre_concentration_broad,precompute_vm,2026-05-06,2026-05-07T11:02:21.048742+00:00,off,1.0,17.520000457763672,LOW
2026-05-07,UNH,0.0682136861032363,0.0682136861032363,sleeve_trend,17,4,0.0,pre_concentration_broad,precompute_vm,2026-05-06,2026-05-07T11:02:21.048742+00:00,off,1.0,17.520000457763672,LOW
2026-05-07,CME,0.06519393722012798,0.06519393722012798,sleeve_mean_reversion,17,4,0.0,pre_concentration_broad,precompute_vm,2026-05-06,2026-05-07T11:02:21.048742+00:00,off,1.0,17.520000457763672,LOW
2026-05-07,CMI,0.057933146883592454,0.057933146883592454,sleeve_trend,17,4,0.0,pre_concentration_broad,precompute_vm,2026-05-06,2026-05-07T11:02:21.048742+00:00,off,1.0,17.520000457763672,LOW
2026-05-07,ELV,0.05773069639211513,0.05773069639211513,sleeve_2,17,4,0.0,pre_concentration_broad,precompute_vm,2026-05-06,2026-05-07T11:02:21.048742+00:00,off,1.0,17.520000457763672,LOW
2026-05-07,VZ,0.05445322785192119,0.05445322785192119,sleeve_2,17,4,0.0,pre_concentration_broad,precompute_vm,2026-05-06,2026-05-07T11:02:21.048742+00:00,off,1.0,17.520000457763672,LOW
2026-05-07,GOOGL,0.05346014362749139,0.05346014362749139,sleeve_trend,17,4,0.0,pre_concentration_broad,precompute_vm,2026-05-06,2026-05-07T11:02:21.048742+00:00,off,1.0,17.520000457763672,LOW
2026-05-07,SO,0.0530903029213637,0.0530903029213637,sleeve_mean_reversion,17,4,0.0,pre_concentration_broad,precompute_vm,2026-05-06,2026-05-07T11:02:21.048742+00:00,off,1.0,17.520000457763672,LOW
2026-05-07,GOOG,0.05301444061902146,0.05301444061902146,sleeve_trend,17,4,0.0,pre_concentration_broad,precompute_vm,2026-05-06,2026-05-07T11:02:21.048742+00:00,off,1.0,17.520000457763672,LOW
2026-05-07,CVS,0.052421372222779976,0.052421372222779976,sleeve_trend,17,4,0.0,pre_concentration_broad,precompute_vm,2026-05-06,2026-05-07T11:02:21.048742+00:00,off,1.0,17.520000457763672,LOW
2026-05-07,MPC,0.04872281014787002,0.04872281014787002,sleeve_trend,17,4,0.0,pre_concentration_broad,precompute_vm,2026-05-06,2026-05-07T11:02:21.048742+00:00,off,1.0,17.520000457763672,LOW
2026-05-07,QCOM,0.03877263844518339,0.03877263844518339,sleeve_quality,17,4,0.0,pre_concentration_broad,precompute_vm,2026-05-06,2026-05-07T11:02:21.048742+00:00,off,1.0,17.520000457763672,LOW
2026-05-07,PWR,0.03667388627496747,0.03667388627496747,sleeve_trend,17,4,0.0,pre_concentration_broad,precompute_vm,2026-05-06,2026-05-07T11:02:21.048742+00:00,off,1.0,17.520000457763672,LOW
2026-05-07,AMD,0.025975983544502073,0.025975983544502073,sleeve_trend,17,4,0.0,pre_concentration_broad,precompute_vm,2026-05-06,2026-05-07T11:02:21.048742+00:00,off,1.0,17.520000457763672,LOW
2026-05-08,STX,0.10819587376023967,0.10819587376023967,"sleeve_quality, sleeve_trend",16,4,0.0,pre_concentration_broad,precompute_vm,2026-05-07,2026-05-08T11:02:21.315300+00:00,off,1.0,17.110000610351562,LOW
2026-05-08,AMZN,0.09461691778363926,0.09461691778363926,sleeve_trend,16,4,0.0,pre_concentration_broad,precompute_vm,2026-05-07,2026-05-08T11:02:21.315300+00:00,off,1.0,17.110000610351562,LOW
2026-05-08,GM,0.08461684650425695,0.08461684650425695,sleeve_2,16,4,0.0,pre_concentration_broad,precompute_vm,2026-05-07,2026-05-08T11:02:21.315300+00:00,off,1.0,17.110000610351562,LOW
2026-05-08,HON,0.07703143118402954,0.07703143118402954,sleeve_mean_reversion,16,4,0.0,pre_concentration_broad,precompute_vm,2026-05-07,2026-05-08T11:02:21.315300+00:00,off,1.0,17.110000610351562,LOW
2026-05-08,QCOM,0.07690578067810575,0.07690578067810575,"sleeve_quality, sleeve_trend",16,4,0.0,pre_concentration_broad,precompute_vm,2026-05-07,2026-05-08T11:02:21.315300+00:00,off,1.0,17.110000610351562,LOW
2026-05-08,UNH,0.06789222951297119,0.06789222951297119,sleeve_trend,16,4,0.0,pre_concentration_broad,precompute_vm,2026-05-07,2026-05-08T11:02:21.315300+00:00,off,1.0,17.110000610351562,LOW
2026-05-08,ELV,0.05771610351953352,0.05771610351953352,sleeve_2,16,4,0.0,pre_concentration_broad,precompute_vm,2026-05-07,2026-05-08T11:02:21.315300+00:00,off,1.0,17.110000610351562,LOW
2026-05-08,VZ,0.05458209861477608,0.05458209861477608,sleeve_2,16,4,0.0,pre_concentration_broad,precompute_vm,2026-05-07,2026-05-08T11:02:21.315300+00:00,off,1.0,17.110000610351562,LOW
2026-05-08,GOOGL,0.05290834922702227,0.05290834922702227,sleeve_trend,16,4,0.0,pre_concentration_broad,precompute_vm,2026-05-07,2026-05-08T11:02:21.315300+00:00,off,1.0,17.110000610351562,LOW
2026-05-08,GOOG,0.052448733641909946,0.052448733641909946,sleeve_trend,16,4,0.0,pre_concentration_broad,precompute_vm,2026-05-07,2026-05-08T11:02:21.315300+00:00,off,1.0,17.110000610351562,LOW
2026-05-08,CVS,0.052097323519660385,0.052097323519660385,sleeve_trend,16,4,0.0,pre_concentration_broad,precompute_vm,2026-05-07,2026-05-08T11:02:21.315300+00:00,off,1.0,17.110000610351562,LOW
2026-05-08,MPC,0.05083286539649262,0.05083286539649262,sleeve_trend,16,4,0.0,pre_concentration_broad,precompute_vm,2026-05-07,2026-05-08T11:02:21.315300+00:00,off,1.0,17.110000610351562,LOW
2026-05-08,FTNT,0.049003208657715916,0.049003208657715916,sleeve_quality,16,4,0.0,pre_concentration_broad,precompute_vm,2026-05-07,2026-05-08T11:02:21.315300+00:00,off,1.0,17.110000610351562,LOW
2026-05-08,CAT,0.0458193456171844,0.0458193456171844,sleeve_trend,16,4,0.0,pre_concentration_broad,precompute_vm,2026-05-07,2026-05-08T11:02:21.315300+00:00,off,1.0,17.110000610351562,LOW
2026-05-08,UPS,0.0412528089576706,0.0412528089576706,sleeve_mean_reversion,16,4,0.0,pre_concentration_broad,precompute_vm,2026-05-07,2026-05-08T11:02:21.315300+00:00,off,1.0,17.110000610351562,LOW
2026-05-08,PWR,0.034080083424791886,0.034080083424791886,sleeve_trend,16,4,0.0,pre_concentration_broad,precompute_vm,2026-05-07,2026-05-08T11:02:21.315300+00:00,off,1.0,17.110000610351562,LOW
2026-05-11,AMZN,0.09958339830509998,0.09958339830509998,sleeve_trend,18,4,0.0,pre_concentration_broad,precompute_vm,2026-05-08,2026-05-11T11:02:49.304780+00:00,off,1.0,18.170000076293945,LOW
2026-05-11,GM,0.0860065580136882,0.0860065580136882,sleeve_2,18,4,0.0,pre_concentration_broad,precompute_vm,2026-05-08,2026-05-11T11:02:49.304780+00:00,off,1.0,18.170000076293945,LOW
2026-05-11,STX,0.07160584285257075,0.07160584285257075,sleeve_quality,18,4,0.0,pre_concentration_broad,precompute_vm,2026-05-08,2026-05-11T11:02:49.304780+00:00,off,1.0,18.170000076293945,LOW
2026-05-11,UNH,0.07005085780498008,0.07005085780498008,sleeve_trend,18,4,0.0,pre_concentration_broad,precompute_vm,2026-05-08,2026-05-11T11:02:49.304780+00:00,off,1.0,18.170000076293945,LOW
2026-05-11,GILD,0.0637778558483463,0.0637778558483463,sleeve_mean_reversion,18,4,0.0,pre_concentration_broad,precompute_vm,2026-05-08,2026-05-11T11:02:49.304780+00:00,off,1.0,18.170000076293945,LOW
2026-05-11,ELV,0.05815271034120664,0.05815271034120664,sleeve_2,18,4,0.0,pre_concentration_broad,precompute_vm,2026-05-08,2026-05-11T11:02:49.304780+00:00,off,1.0,18.170000076293945,LOW
2026-05-11,VZ,0.05560097653602282,0.05560097653602282,sleeve_2,18,4,0.0,pre_concentration_broad,precompute_vm,2026-05-08,2026-05-11T11:02:49.304780+00:00,off,1.0,18.170000076293945,LOW
2026-05-11,GOOGL,0.05490640753311731,0.05490640753311731,sleeve_trend,18,4,0.0,pre_concentration_broad,precompute_vm,2026-05-08,2026-05-11T11:02:49.304780+00:00,off,1.0,18.170000076293945,LOW
2026-05-11,GOOG,0.054211727161346854,0.054211727161346854,sleeve_trend,18,4,0.0,pre_concentration_broad,precompute_vm,2026-05-08,2026-05-11T11:02:49.304780+00:00,off,1.0,18.170000076293945,LOW
2026-05-11,MPC,0.0523189975705411,0.0523189975705411,sleeve_trend,18,4,0.0,pre_concentration_broad,precompute_vm,2026-05-08,2026-05-11T11:02:49.304780+00:00,off,1.0,18.170000076293945,LOW
2026-05-11,CMI,0.0522782262620399,0.0522782262620399,sleeve_trend,18,4,0.0,pre_concentration_broad,precompute_vm,2026-05-08,2026-05-11T11:02:49.304780+00:00,off,1.0,18.170000076293945,LOW
2026-05-11,CVS,0.05156734190868563,0.05156734190868563,sleeve_trend,18,4,0.0,pre_concentration_broad,precompute_vm,2026-05-08,2026-05-11T11:02:49.304780+00:00,off,1.0,18.170000076293945,LOW
2026-05-11,FTNT,0.05119099138249122,0.05119099138249122,sleeve_quality,18,4,0.0,pre_concentration_broad,precompute_vm,2026-05-08,2026-05-11T11:02:49.304780+00:00,off,1.0,18.170000076293945,LOW
2026-05-11,QCOM,0.04918937726802309,0.04918937726802309,sleeve_quality,18,4,0.0,pre_concentration_broad,precompute_vm,2026-05-08,2026-05-11T11:02:49.304780+00:00,off,1.0,18.170000076293945,LOW
2026-05-11,REGN,0.04176660440892074,0.04176660440892074,sleeve_mean_reversion,18,4,0.0,pre_concentration_broad,precompute_vm,2026-05-08,2026-05-11T11:02:49.304780+00:00,off,1.0,18.170000076293945,LOW
2026-05-11,PWR,0.034785244078691296,0.034785244078691296,sleeve_trend,18,4,0.0,pre_concentration_broad,precompute_vm,2026-05-08,2026-05-11T11:02:49.304780+00:00,off,1.0,18.170000076293945,LOW
2026-05-11,INTC,0.026503441362114015,0.026503441362114015,sleeve_trend,18,4,0.0,pre_concentration_broad,precompute_vm,2026-05-08,2026-05-11T11:02:49.304780+00:00,off,1.0,18.170000076293945,LOW
2026-05-11,MU,0.026503441362114015,0.026503441362114015,sleeve_trend,18,4,0.0,pre_concentration_broad,precompute_vm,2026-05-08,2026-05-11T11:02:49.304780+00:00,off,1.0,18.170000076293945,LOW
2026-05-12,ELV,0.1221648116961251,0.1221648116961251,"sleeve_2, sleeve_trend",17,4,0.0,pre_concentration_broad,precompute_vm,2026-05-11,2026-05-12T11:04:46.009786+00:00,off,1.0,18.920000076293945,LOW
2026-05-12,AMZN,0.09972092414630679,0.09972092414630679,sleeve_trend,17,4,0.0,pre_concentration_broad,precompute_vm,2026-05-11,2026-05-12T11:04:46.009786+00:00,off,1.0,18.920000076293945,LOW
2026-05-12,QCOM,0.07699268209519225,0.07699268209519225,"sleeve_quality, sleeve_trend",17,4,0.0,pre_concentration_broad,precompute_vm,2026-05-11,2026-05-12T11:04:46.009786+00:00,off,1.0,18.920000076293945,LOW
2026-05-12,SRE,0.07514254092210933,0.07514254092210933,sleeve_mean_reversion,17,4,0.0,pre_concentration_broad,precompute_vm,2026-05-11,2026-05-12T11:04:46.009786+00:00,off,1.0,18.920000076293945,LOW
2026-05-12,GM,0.07201218633267978,0.07201218633267978,sleeve_2,17,4,0.0,pre_concentration_broad,precompute_vm,2026-05-11,2026-05-12T11:04:46.009786+00:00,off,1.0,18.920000076293945,LOW
2026-05-12,STX,0.07077416243970595,0.07077416243970595,sleeve_quality,17,4,0.0,pre_concentration_broad,precompute_vm,2026-05-11,2026-05-12T11:04:46.009786+00:00,off,1.0,18.920000076293945,LOW
2026-05-12,CVS,0.05549508242165619,0.05549508242165619,sleeve_trend,17,4,0.0,pre_concentration_broad,precompute_vm,2026-05-11,2026-05-12T11:04:46.009786+00:00,off,1.0,18.920000076293945,LOW
2026-05-12,GOOG,0.0542435261716427,0.0542435261716427,sleeve_trend,17,4,0.0,pre_concentration_broad,precompute_vm,2026-05-11,2026-05-12T11:04:46.009786+00:00,off,1.0,18.920000076293945,LOW
2026-05-12,GOOGL,0.05411946978048704,0.05411946978048704,sleeve_trend,17,4,0.0,pre_concentration_broad,precompute_vm,2026-05-11,2026-05-12T11:04:46.009786+00:00,off,1.0,18.920000076293945,LOW
2026-05-12,FTNT,0.05249186510288318,0.05249186510288318,sleeve_quality,17,4,0.0,pre_concentration_broad,precompute_vm,2026-05-11,2026-05-12T11:04:46.009786+00:00,off,1.0,18.920000076293945,LOW
2026-05-12,CAT,0.04882430331242495,0.04882430331242495,sleeve_trend,17,4,0.0,pre_concentration_broad,precompute_vm,2026-05-11,2026-05-12T11:04:46.009786+00:00,off,1.0,18.920000076293945,LOW
2026-05-12,VZ,0.04447090514696151,0.04447090514696151,sleeve_2,17,4,0.0,pre_concentration_broad,precompute_vm,2026-05-11,2026-05-12T11:04:46.009786+00:00,off,1.0,18.920000076293945,LOW
2026-05-12,MNST,0.04287901854134458,0.04287901854134458,sleeve_trend,17,4,0.0,pre_concentration_broad,precompute_vm,2026-05-11,2026-05-12T11:04:46.009786+00:00,off,1.0,18.920000076293945,LOW
2026-05-12,PFE,0.037485047021957596,0.037485047021957596,sleeve_2,17,4,0.0,pre_concentration_broad,precompute_vm,2026-05-11,2026-05-12T11:04:46.009786+00:00,off,1.0,18.920000076293945,LOW
2026-05-12,PWR,0.036009853895201956,0.036009853895201956,sleeve_trend,17,4,0.0,pre_concentration_broad,precompute_vm,2026-05-11,2026-05-12T11:04:46.009786+00:00,off,1.0,18.920000076293945,LOW
2026-05-12,UPS,0.02914315790840172,0.02914315790840172,sleeve_mean_reversion,17,4,0.0,pre_concentration_broad,precompute_vm,2026-05-11,2026-05-12T11:04:46.009786+00:00,off,1.0,18.920000076293945,LOW
2026-05-12,MU,0.02803046306491939,0.02803046306491939,sleeve_trend,17,4,0.0,pre_concentration_broad,precompute_vm,2026-05-11,2026-05-12T11:04:46.009786+00:00,off,1.0,18.920000076293945,LOW
2026-05-13,AMZN,0.10557073525161198,0.10557073525161198,sleeve_trend,19,4,0.0,pre_concentration_broad,precompute_vm,2026-05-12,2026-05-13T17:45:18.055768+00:00,off,1.0,17.979999542236328,LOW
2026-05-13,STX,0.07378236264822868,0.07378236264822868,sleeve_quality,19,4,0.0,pre_concentration_broad,precompute_vm,2026-05-12,2026-05-13T17:45:18.055768+00:00,off,1.0,17.979999542236328,LOW
2026-05-13,GM,0.07227579558404823,0.07227579558404823,sleeve_2,19,4,0.0,pre_concentration_broad,precompute_vm,2026-05-12,2026-05-13T17:45:18.055768+00:00,off,1.0,17.979999542236328,LOW
2026-05-13,UNH,0.07039828734053914,0.07039828734053914,sleeve_trend,19,4,0.0,pre_concentration_broad,precompute_vm,2026-05-12,2026-05-13T17:45:18.055768+00:00,off,1.0,17.979999542236328,LOW
2026-05-13,CVS,0.05641546743030178,0.05641546743030178,sleeve_trend,19,4,0.0,pre_concentration_broad,precompute_vm,2026-05-12,2026-05-13T17:45:18.055768+00:00,off,1.0,17.979999542236328,LOW
2026-05-13,FTNT,0.05478320527393244,0.05478320527393244,sleeve_quality,19,4,0.0,pre_concentration_broad,precompute_vm,2026-05-12,2026-05-13T17:45:18.055768+00:00,off,1.0,17.979999542236328,LOW
2026-05-13,CVX,0.05402031838070618,0.05402031838070618,sleeve_mean_reversion,19,4,0.0,pre_concentration_broad,precompute_vm,2026-05-12,2026-05-13T17:45:18.055768+00:00,off,1.0,17.979999542236328,LOW
2026-05-13,CMI,0.05263513854954207,0.05263513854954207,sleeve_trend,19,4,0.0,pre_concentration_broad,precompute_vm,2026-05-12,2026-05-13T17:45:18.055768+00:00,off,1.0,17.979999542236328,LOW
2026-05-13,MPC,0.05094074300993819,0.05094074300993819,sleeve_trend,19,4,0.0,pre_concentration_broad,precompute_vm,2026-05-12,2026-05-13T17:45:18.055768+00:00,off,1.0,17.979999542236328,LOW
2026-05-13,GOOGL,0.05060154983426216,0.05060154983426216,sleeve_trend,19,4,0.0,pre_concentration_broad,precompute_vm,2026-05-12,2026-05-13T17:45:18.055768+00:00,off,1.0,17.979999542236328,LOW
2026-05-13,GOOG,0.05050785295394424,0.05050785295394424,sleeve_trend,19,4,0.0,pre_concentration_broad,precompute_vm,2026-05-12,2026-05-13T17:45:18.055768+00:00,off,1.0,17.979999542236328,LOW
2026-05-13,AMGN,0.05026538044980487,0.05026538044980487,sleeve_mean_reversion,19,4,0.0,pre_concentration_broad,precompute_vm,2026-05-12,2026-05-13T17:45:18.055768+00:00,off,1.0,17.979999542236328,LOW
2026-05-13,ELV,0.04489860545979372,0.04489860545979372,sleeve_2,19,4,0.0,pre_concentration_broad,precompute_vm,2026-05-12,2026-05-13T17:45:18.055768+00:00,off,1.0,17.979999542236328,LOW
2026-05-13,VZ,0.04487148109605239,0.04487148109605239,sleeve_2,19,4,0.0,pre_concentration_broad,precompute_vm,2026-05-12,2026-05-13T17:45:18.055768+00:00,off,1.0,17.979999542236328,LOW
2026-05-13,QCOM,0.043662678650700906,0.043662678650700906,sleeve_quality,19,4,0.0,pre_concentration_broad,precompute_vm,2026-05-12,2026-05-13T17:45:18.055768+00:00,off,1.0,17.979999542236328,LOW
2026-05-13,PFE,0.03799548403620243,0.03799548403620243,sleeve_2,19,4,0.0,pre_concentration_broad,precompute_vm,2026-05-12,2026-05-13T17:45:18.055768+00:00,off,1.0,17.979999542236328,LOW
2026-05-13,PWR,0.03359059331710223,0.03359059331710223,sleeve_trend,19,4,0.0,pre_concentration_broad,precompute_vm,2026-05-12,2026-05-13T17:45:18.055768+00:00,off,1.0,17.979999542236328,LOW
2026-05-13,INTC,0.026392160366644234,0.026392160366644234,sleeve_trend,19,4,0.0,pre_concentration_broad,precompute_vm,2026-05-12,2026-05-13T17:45:18.055768+00:00,off,1.0,17.979999542236328,LOW
2026-05-13,MU,0.026392160366644234,0.026392160366644234,sleeve_trend,19,4,0.0,pre_concentration_broad,precompute_vm,2026-05-12,2026-05-13T17:45:18.055768+00:00,off,1.0,17.979999542236328,LOW
2026-05-14,ELV,0.1283341199775977,0.1283341199775977,"sleeve_2, sleeve_trend",18,4,0.0,pre_concentration_broad,precompute_vm,2026-05-13,2026-05-14T11:02:10.814871+00:00,off,1.0,17.889999389648438,LOW
2026-05-14,STX,0.07384779867853986,0.07384779867853986,sleeve_quality,18,4,0.0,pre_concentration_broad,precompute_vm,2026-05-13,2026-05-14T11:02:10.814871+00:00,off,1.0,17.889999389648438,LOW
2026-05-14,GM,0.0724607386293766,0.0724607386293766,sleeve_2,18,4,0.0,pre_concentration_broad,precompute_vm,2026-05-13,2026-05-14T11:02:10.814871+00:00,off,1.0,17.889999389648438,LOW
2026-05-14,SO,0.06666142950467019,0.06666142950467019,sleeve_mean_reversion,18,4,0.0,pre_concentration_broad,precompute_vm,2026-05-13,2026-05-14T11:02:10.814871+00:00,off,1.0,17.889999389648438,LOW
2026-05-14,CVS,0.06353839704232311,0.06353839704232311,sleeve_trend,18,4,0.0,pre_concentration_broad,precompute_vm,2026-05-13,2026-05-14T11:02:10.814871+00:00,off,1.0,17.889999389648438,LOW
2026-05-14,CMI,0.05995593801231396,0.05995593801231396,sleeve_trend,18,4,0.0,pre_concentration_broad,precompute_vm,2026-05-13,2026-05-14T11:02:10.814871+00:00,off,1.0,17.889999389648438,LOW
2026-05-14,MPC,0.05764754462798605,0.05764754462798605,sleeve_trend,18,4,0.0,pre_concentration_broad,precompute_vm,2026-05-13,2026-05-14T11:02:10.814871+00:00,off,1.0,17.889999389648438,LOW
2026-05-14,GOOGL,0.057274328191925766,0.057274328191925766,sleeve_trend,18,4,0.0,pre_concentration_broad,precompute_vm,2026-05-13,2026-05-14T11:02:10.814871+00:00,off,1.0,17.889999389648438,LOW
2026-05-14,GOOG,0.05702830894234887,0.05702830894234887,sleeve_trend,18,4,0.0,pre_concentration_broad,precompute_vm,2026-05-13,2026-05-14T11:02:10.814871+00:00,off,1.0,17.889999389648438,LOW
2026-05-14,FTNT,0.05473136129969886,0.05473136129969886,sleeve_quality,18,4,0.0,pre_concentration_broad,precompute_vm,2026-05-13,2026-05-14T11:02:10.814871+00:00,off,1.0,17.889999389648438,LOW
2026-05-14,MNST,0.0458998637380832,0.0458998637380832,sleeve_trend,18,4,0.0,pre_concentration_broad,precompute_vm,2026-05-13,2026-05-14T11:02:10.814871+00:00,off,1.0,17.889999389648438,LOW
2026-05-14,VZ,0.045076050707658216,0.045076050707658216,sleeve_2,18,4,0.0,pre_concentration_broad,precompute_vm,2026-05-13,2026-05-14T11:02:10.814871+00:00,off,1.0,17.889999389648438,LOW
2026-05-14,QCOM,0.043649086594623306,0.043649086594623306,sleeve_quality,18,4,0.0,pre_concentration_broad,precompute_vm,2026-05-13,2026-05-14T11:02:10.814871+00:00,off,1.0,17.889999389648438,LOW
2026-05-14,PWR,0.03824657129539418,0.03824657129539418,sleeve_trend,18,4,0.0,pre_concentration_broad,precompute_vm,2026-05-13,2026-05-14T11:02:10.814871+00:00,off,1.0,17.889999389648438,LOW
2026-05-14,USB,0.03791383908180498,0.03791383908180498,sleeve_2,18,4,0.0,pre_concentration_broad,precompute_vm,2026-05-13,2026-05-14T11:02:10.814871+00:00,off,1.0,17.889999389648438,LOW
2026-05-14,COP,0.037624269325840856,0.037624269325840856,sleeve_mean_reversion,18,4,0.0,pre_concentration_broad,precompute_vm,2026-05-13,2026-05-14T11:02:10.814871+00:00,off,1.0,17.889999389648438,LOW
2026-05-14,GLW,0.030055177174907178,0.030055177174907178,sleeve_trend,18,4,0.0,pre_concentration_broad,precompute_vm,2026-05-13,2026-05-14T11:02:10.814871+00:00,off,1.0,17.889999389648438,LOW
2026-05-14,MU,0.030055177174907178,0.030055177174907178,sleeve_trend,18,4,0.0,pre_concentration_broad,precompute_vm,2026-05-13,2026-05-14T11:02:10.814871+00:00,off,1.0,17.889999389648438,LOW
2026-05-15,ELV,0.12407223014570487,0.12407223014570487,"sleeve_2, sleeve_trend",17,4,0.0,pre_concentration_broad,precompute_vm,2026-05-14,2026-05-15T11:01:53.175338+00:00,off,1.0,18.610000610351562,LOW
2026-05-15,GILD,0.09437402140377828,0.09437402140377828,sleeve_mean_reversion,17,4,0.0,pre_concentration_broad,precompute_vm,2026-05-14,2026-05-15T11:01:53.175338+00:00,off,1.0,18.610000610351562,LOW
2026-05-15,STX,0.07435116095419084,0.07435116095419084,sleeve_quality,17,4,0.0,pre_concentration_broad,precompute_vm,2026-05-14,2026-05-15T11:01:53.175338+00:00,off,1.0,18.610000610351562,LOW
2026-05-15,GM,0.07185888498833498,0.07185888498833498,sleeve_2,17,4,0.0,pre_concentration_broad,precompute_vm,2026-05-14,2026-05-15T11:01:53.175338+00:00,off,1.0,18.610000610351562,LOW
2026-05-15,SBUX,0.06799583458236477,0.06799583458236477,sleeve_trend,17,4,0.0,pre_concentration_broad,precompute_vm,2026-05-14,2026-05-15T11:01:53.175338+00:00,off,1.0,18.610000610351562,LOW
2026-05-15,CVS,0.06014513361026194,0.06014513361026194,sleeve_trend,17,4,0.0,pre_concentration_broad,precompute_vm,2026-05-14,2026-05-15T11:01:53.175338+00:00,off,1.0,18.610000610351562,LOW
2026-05-15,CMI,0.05781331559198737,0.05781331559198737,sleeve_trend,17,4,0.0,pre_concentration_broad,precompute_vm,2026-05-14,2026-05-15T11:01:53.175338+00:00,off,1.0,18.610000610351562,LOW
2026-05-15,FTNT,0.05669329171798079,0.05669329171798079,sleeve_quality,17,4,0.0,pre_concentration_broad,precompute_vm,2026-05-14,2026-05-15T11:01:53.175338+00:00,off,1.0,18.610000610351562,LOW
2026-05-15,PM,0.05560798520566187,0.05560798520566187,sleeve_trend,17,4,0.0,pre_concentration_broad,precompute_vm,2026-05-14,2026-05-15T11:01:53.175338+00:00,off,1.0,18.610000610351562,LOW
2026-05-15,GOOGL,0.05516607234927075,0.05516607234927075,sleeve_trend,17,4,0.0,pre_concentration_broad,precompute_vm,2026-05-14,2026-05-15T11:01:53.175338+00:00,off,1.0,18.610000610351562,LOW
2026-05-15,GOOG,0.05498295636326916,0.05498295636326916,sleeve_trend,17,4,0.0,pre_concentration_broad,precompute_vm,2026-05-14,2026-05-15T11:01:53.175338+00:00,off,1.0,18.610000610351562,LOW
2026-05-15,VZ,0.04599170899463631,0.04599170899463631,sleeve_2,17,4,0.0,pre_concentration_broad,precompute_vm,2026-05-14,2026-05-15T11:01:53.175338+00:00,off,1.0,18.610000610351562,LOW
2026-05-15,QCOM,0.043089614564235885,0.043089614564235885,sleeve_quality,17,4,0.0,pre_concentration_broad,precompute_vm,2026-05-14,2026-05-15T11:01:53.175338+00:00,off,1.0,18.610000610351562,LOW
2026-05-15,PFE,0.03871741869098197,0.03871741869098197,sleeve_2,17,4,0.0,pre_concentration_broad,precompute_vm,2026-05-14,2026-05-15T11:01:53.175338+00:00,off,1.0,18.610000610351562,LOW
2026-05-15,PWR,0.037137615519374376,0.037137615519374376,sleeve_trend,17,4,0.0,pre_concentration_broad,precompute_vm,2026-05-14,2026-05-15T11:01:53.175338+00:00,off,1.0,18.610000610351562,LOW
2026-05-15,DELL,0.033037616838581564,0.033037616838581564,sleeve_trend,17,4,0.0,pre_concentration_broad,precompute_vm,2026-05-14,2026-05-15T11:01:53.175338+00:00,off,1.0,18.610000610351562,LOW
2026-05-15,MU,0.028965138479384367,0.028965138479384367,sleeve_trend,17,4,0.0,pre_concentration_broad,precompute_vm,2026-05-14,2026-05-15T11:01:53.175338+00:00,off,1.0,18.610000610351562,LOW
2026-05-18,GM,0.08802515188301481,0.08802515188301481,sleeve_2,18,4,1.1102230246251565e-16,pre_concentration_broad,precompute_vm,2026-05-15,2026-05-18T11:01:37.300819+00:00,off,1.0,19.110000610351562,LOW
2026-05-18,MRK,0.0820421769901716,0.0820421769901716,sleeve_mean_reversion,18,4,1.1102230246251565e-16,pre_concentration_broad,precompute_vm,2026-05-15,2026-05-18T11:01:37.300819+00:00,off,1.0,19.110000610351562,LOW
2026-05-18,UNH,0.07289566368426695,0.07289566368426695,sleeve_trend,18,4,1.1102230246251565e-16,pre_concentration_broad,precompute_vm,2026-05-15,2026-05-18T11:01:37.300819+00:00,off,1.0,19.110000610351562,LOW
2026-05-18,STX,0.07172279662762168,0.07172279662762168,sleeve_quality,18,4,1.1102230246251565e-16,pre_concentration_broad,precompute_vm,2026-05-15,2026-05-18T11:01:37.300819+00:00,off,1.0,19.110000610351562,LOW
2026-05-18,CVS,0.05782533295272026,0.05782533295272026,sleeve_trend,18,4,1.1102230246251565e-16,pre_concentration_broad,precompute_vm,2026-05-15,2026-05-18T11:01:37.300819+00:00,off,1.0,19.110000610351562,LOW
2026-05-18,FTNT,0.05605241971236977,0.05605241971236977,sleeve_quality,18,4,1.1102230246251565e-16,pre_concentration_broad,precompute_vm,2026-05-15,2026-05-18T11:01:37.300819+00:00,off,1.0,19.110000610351562,LOW
2026-05-18,VZ,0.05505162399248323,0.05505162399248323,sleeve_2,18,4,1.1102230246251565e-16,pre_concentration_broad,precompute_vm,2026-05-15,2026-05-18T11:01:37.300819+00:00,off,1.0,19.110000610351562,LOW
2026-05-18,ELV,0.05443800734987151,0.05443800734987151,sleeve_2,18,4,1.1102230246251565e-16,pre_concentration_broad,precompute_vm,2026-05-15,2026-05-18T11:01:37.300819+00:00,off,1.0,19.110000610351562,LOW
2026-05-18,PM,0.05385864039246028,0.05385864039246028,sleeve_trend,18,4,1.1102230246251565e-16,pre_concentration_broad,precompute_vm,2026-05-15,2026-05-18T11:01:37.300819+00:00,off,1.0,19.110000610351562,LOW
2026-05-18,GOOG,0.05381626009409658,0.05381626009409658,sleeve_trend,18,4,1.1102230246251565e-16,pre_concentration_broad,precompute_vm,2026-05-15,2026-05-18T11:01:37.300819+00:00,off,1.0,19.110000610351562,LOW
2026-05-18,GOOGL,0.05379093528165975,0.05379093528165975,sleeve_trend,18,4,1.1102230246251565e-16,pre_concentration_broad,precompute_vm,2026-05-15,2026-05-18T11:01:37.300819+00:00,off,1.0,19.110000610351562,LOW
2026-05-18,PANW,0.0527112713391994,0.0527112713391994,sleeve_trend,18,4,1.1102230246251565e-16,pre_concentration_broad,precompute_vm,2026-05-15,2026-05-18T11:01:37.300819+00:00,off,1.0,19.110000610351562,LOW
2026-05-18,CAT,0.04843913053097673,0.04843913053097673,sleeve_trend,18,4,1.1102230246251565e-16,pre_concentration_broad,precompute_vm,2026-05-15,2026-05-18T11:01:37.300819+00:00,off,1.0,19.110000610351562,LOW
2026-05-18,CSCO,0.04364860631715917,0.04364860631715917,sleeve_trend,18,4,1.1102230246251565e-16,pre_concentration_broad,precompute_vm,2026-05-15,2026-05-18T11:01:37.300819+00:00,off,1.0,19.110000610351562,LOW
2026-05-18,MNST,0.04360777651751611,0.04360777651751611,sleeve_trend,18,4,1.1102230246251565e-16,pre_concentration_broad,precompute_vm,2026-05-15,2026-05-18T11:01:37.300819+00:00,off,1.0,19.110000610351562,LOW
2026-05-18,QCOM,0.0422777353938942,0.0422777353938942,sleeve_quality,18,4,1.1102230246251565e-16,pre_concentration_broad,precompute_vm,2026-05-15,2026-05-18T11:01:37.300819+00:00,off,1.0,19.110000610351562,LOW
2026-05-18,PWR,0.036239806597116585,0.036239806597116585,sleeve_trend,18,4,1.1102230246251565e-16,pre_concentration_broad,precompute_vm,2026-05-15,2026-05-18T11:01:37.300819+00:00,off,1.0,19.110000610351562,LOW
2026-05-18,NEM,0.03355666434340128,0.03355666434340128,sleeve_mean_reversion,18,4,1.1102230246251565e-16,pre_concentration_broad,precompute_vm,2026-05-15,2026-05-18T11:01:37.300819+00:00,off,1.0,19.110000610351562,LOW
2026-05-19,GM,0.0733989230642327,0.0733989230642327,sleeve_2,19,4,0.0,pre_concentration_broad,precompute_vm,2026-05-18,2026-05-19T11:01:40.009890+00:00,off,1.0,18.239999771118164,LOW
2026-05-19,UNH,0.07160548932885653,0.07160548932885653,sleeve_trend,19,4,0.0,pre_concentration_broad,precompute_vm,2026-05-18,2026-05-19T11:01:40.009890+00:00,off,1.0,18.239999771118164,LOW
2026-05-19,STX,0.06827637026828978,0.06827637026828978,sleeve_quality,19,4,0.0,pre_concentration_broad,precompute_vm,2026-05-18,2026-05-19T11:01:40.009890+00:00,off,1.0,18.239999771118164,LOW
2026-05-19,PNC,0.067661548978719,0.067661548978719,sleeve_mean_reversion,19,4,0.0,pre_concentration_broad,precompute_vm,2026-05-18,2026-05-19T11:01:40.009890+00:00,off,1.0,18.239999771118164,LOW
2026-05-19,FTNT,0.05952443963917098,0.05952443963917098,sleeve_quality,19,4,0.0,pre_concentration_broad,precompute_vm,2026-05-18,2026-05-19T11:01:40.009890+00:00,off,1.0,18.239999771118164,LOW
2026-05-19,CVS,0.05798523928107773,0.05798523928107773,sleeve_trend,19,4,0.0,pre_concentration_broad,precompute_vm,2026-05-18,2026-05-19T11:01:40.009890+00:00,off,1.0,18.239999771118164,LOW
2026-05-19,GOOGL,0.053927395483132225,0.053927395483132225,sleeve_trend,19,4,0.0,pre_concentration_broad,precompute_vm,2026-05-18,2026-05-19T11:01:40.009890+00:00,off,1.0,18.239999771118164,LOW
2026-05-19,GOOG,0.053858654045458504,0.053858654045458504,sleeve_trend,19,4,0.0,pre_concentration_broad,precompute_vm,2026-05-18,2026-05-19T11:01:40.009890+00:00,off,1.0,18.239999771118164,LOW
2026-05-19,PM,0.05352071903887931,0.05352071903887931,sleeve_trend,19,4,0.0,pre_concentration_broad,precompute_vm,2026-05-18,2026-05-19T11:01:40.009890+00:00,off,1.0,18.239999771118164,LOW
2026-05-19,CMI,0.05307521155349774,0.05307521155349774,sleeve_trend,19,4,0.0,pre_concentration_broad,precompute_vm,2026-05-18,2026-05-19T11:01:40.009890+00:00,off,1.0,18.239999771118164,LOW
2026-05-19,CRWD,0.05237572806938273,0.05237572806938273,sleeve_trend,19,4,0.0,pre_concentration_broad,precompute_vm,2026-05-18,2026-05-19T11:01:40.009890+00:00,off,1.0,18.239999771118164,LOW
2026-05-19,PANW,0.05228127418555625,0.05228127418555625,sleeve_trend,19,4,0.0,pre_concentration_broad,precompute_vm,2026-05-18,2026-05-19T11:01:40.009890+00:00,off,1.0,18.239999771118164,LOW
2026-05-19,QCOM,0.04485522645823232,0.04485522645823232,sleeve_quality,19,4,0.0,pre_concentration_broad,precompute_vm,2026-05-18,2026-05-19T11:01:40.009890+00:00,off,1.0,18.239999771118164,LOW
2026-05-19,VZ,0.04445116833357349,0.04445116833357349,sleeve_2,19,4,0.0,pre_concentration_broad,precompute_vm,2026-05-18,2026-05-19T11:01:40.009890+00:00,off,1.0,18.239999771118164,LOW
2026-05-19,ELV,0.044169050003537276,0.044169050003537276,sleeve_2,19,4,0.0,pre_concentration_broad,precompute_vm,2026-05-18,2026-05-19T11:01:40.009890+00:00,off,1.0,18.239999771118164,LOW
2026-05-19,MNST,0.04303266472754648,0.04303266472754648,sleeve_trend,19,4,0.0,pre_concentration_broad,precompute_vm,2026-05-18,2026-05-19T11:01:40.009890+00:00,off,1.0,18.239999771118164,LOW
2026-05-19,F,0.03851909829171104,0.03851909829171104,sleeve_2,19,4,0.0,pre_concentration_broad,precompute_vm,2026-05-18,2026-05-19T11:01:40.009890+00:00,off,1.0,18.239999771118164,LOW
2026-05-19,BA,0.03439932643892056,0.03439932643892056,sleeve_mean_reversion,19,4,0.0,pre_concentration_broad,precompute_vm,2026-05-18,2026-05-19T11:01:40.009890+00:00,off,1.0,18.239999771118164,LOW
2026-05-19,PWR,0.03308247281022557,0.03308247281022557,sleeve_trend,19,4,0.0,pre_concentration_broad,precompute_vm,2026-05-18,2026-05-19T11:01:40.009890+00:00,off,1.0,18.239999771118164,LOW
2026-05-20,ELV,0.1193160519020691,0.1193160519020691,"sleeve_2, sleeve_trend",17,4,0.0,pre_concentration_broad,precompute_vm,2026-05-19,2026-05-20T11:01:38.687156+00:00,off,1.0,17.899999618530273,LOW
2026-05-20,FTNT,0.08849165148867681,0.08849165148867681,"sleeve_quality, sleeve_trend",17,4,0.0,pre_concentration_broad,precompute_vm,2026-05-19,2026-05-20T11:01:38.687156+00:00,off,1.0,17.899999618530273,LOW
2026-05-20,WMB,0.0816853746497506,0.0816853746497506,sleeve_trend,17,4,0.0,pre_concentration_broad,precompute_vm,2026-05-19,2026-05-20T11:01:38.687156+00:00,off,1.0,17.899999618530273,LOW
2026-05-20,GM,0.07440310072673748,0.07440310072673748,sleeve_2,17,4,0.0,pre_concentration_broad,precompute_vm,2026-05-19,2026-05-20T11:01:38.687156+00:00,off,1.0,17.899999618530273,LOW
2026-05-20,STX,0.0684499804072286,0.0684499804072286,sleeve_quality,17,4,0.0,pre_concentration_broad,precompute_vm,2026-05-19,2026-05-20T11:01:38.687156+00:00,off,1.0,17.899999618530273,LOW
2026-05-20,PM,0.054554518877390025,0.054554518877390025,sleeve_trend,17,4,0.0,pre_concentration_broad,precompute_vm,2026-05-19,2026-05-20T11:01:38.687156+00:00,off,1.0,17.899999618530273,LOW
2026-05-20,CVS,0.05402295287740161,0.05402295287740161,sleeve_trend,17,4,0.0,pre_concentration_broad,precompute_vm,2026-05-19,2026-05-20T11:01:38.687156+00:00,off,1.0,17.899999618530273,LOW
2026-05-20,AEP,0.051941794913860785,0.051941794913860785,sleeve_mean_reversion,17,4,0.0,pre_concentration_broad,precompute_vm,2026-05-19,2026-05-20T11:01:38.687156+00:00,off,1.0,17.899999618530273,LOW
2026-05-20,GOOG,0.051464824298977564,0.051464824298977564,sleeve_trend,17,4,0.0,pre_concentration_broad,precompute_vm,2026-05-19,2026-05-20T11:01:38.687156+00:00,off,1.0,17.899999618530273,LOW
2026-05-20,GOOGL,0.051283262762949935,0.051283262762949935,sleeve_trend,17,4,0.0,pre_concentration_broad,precompute_vm,2026-05-19,2026-05-20T11:01:38.687156+00:00,off,1.0,17.899999618530273,LOW
2026-05-20,CRWD,0.05066511394953793,0.05066511394953793,sleeve_trend,17,4,0.0,pre_concentration_broad,precompute_vm,2026-05-19,2026-05-20T11:01:38.687156+00:00,off,1.0,17.899999618530273,LOW
2026-05-20,AMGN,0.050119080503778765,0.050119080503778765,sleeve_mean_reversion,17,4,0.0,pre_concentration_broad,precompute_vm,2026-05-19,2026-05-20T11:01:38.687156+00:00,off,1.0,17.899999618530273,LOW
2026-05-20,CAT,0.044834155023702464,0.044834155023702464,sleeve_trend,17,4,0.0,pre_concentration_broad,precompute_vm,2026-05-19,2026-05-20T11:01:38.687156+00:00,off,1.0,17.899999618530273,LOW
2026-05-20,QCOM,0.04440480037242026,0.04440480037242026,sleeve_quality,17,4,0.0,pre_concentration_broad,precompute_vm,2026-05-19,2026-05-20T11:01:38.687156+00:00,off,1.0,17.899999618530273,LOW
2026-05-20,VZ,0.04385057012463175,0.04385057012463175,sleeve_2,17,4,0.0,pre_concentration_broad,precompute_vm,2026-05-19,2026-05-20T11:01:38.687156+00:00,off,1.0,17.899999618530273,LOW
2026-05-20,F,0.0387059146793285,0.0387059146793285,sleeve_2,17,4,0.0,pre_concentration_broad,precompute_vm,2026-05-19,2026-05-20T11:01:38.687156+00:00,off,1.0,17.899999618530273,LOW
2026-05-20,PWR,0.031806852441557835,0.031806852441557835,sleeve_trend,17,4,0.0,pre_concentration_broad,precompute_vm,2026-05-19,2026-05-20T11:01:38.687156+00:00,off,1.0,17.899999618530273,LOW
2026-05-21,UNH,0.08961679487029335,0.08961679487029335,sleeve_trend,18,4,0.0,pre_concentration_broad,precompute_vm,2026-05-20,2026-05-21T11:01:53.200841+00:00,off,1.0,17.790000915527344,LOW
2026-05-21,GM,0.0878998401424313,0.0878998401424313,sleeve_2,18,4,0.0,pre_concentration_broad,precompute_vm,2026-05-20,2026-05-21T11:01:53.200841+00:00,off,1.0,17.790000915527344,LOW
2026-05-21,STX,0.06742628564086722,0.06742628564086722,sleeve_quality,18,4,0.0,pre_concentration_broad,precompute_vm,2026-05-20,2026-05-21T11:01:53.200841+00:00,off,1.0,17.790000915527344,LOW
2026-05-21,GILD,0.06533693497402046,0.06533693497402046,sleeve_mean_reversion,18,4,0.0,pre_concentration_broad,precompute_vm,2026-05-20,2026-05-21T11:01:53.200841+00:00,off,1.0,17.790000915527344,LOW
2026-05-21,PM,0.059475390293998245,0.059475390293998245,sleeve_trend,18,4,0.0,pre_concentration_broad,precompute_vm,2026-05-20,2026-05-21T11:01:53.200841+00:00,off,1.0,17.790000915527344,LOW
2026-05-21,FTNT,0.05857925971608516,0.05857925971608516,sleeve_quality,18,4,0.0,pre_concentration_broad,precompute_vm,2026-05-20,2026-05-21T11:01:53.200841+00:00,off,1.0,17.790000915527344,LOW
2026-05-21,MPC,0.05714845757836242,0.05714845757836242,sleeve_trend,18,4,0.0,pre_concentration_broad,precompute_vm,2026-05-20,2026-05-21T11:01:53.200841+00:00,off,1.0,17.790000915527344,LOW
2026-05-21,ELV,0.05479739532835354,0.05479739532835354,sleeve_2,18,4,0.0,pre_concentration_broad,precompute_vm,2026-05-20,2026-05-21T11:01:53.200841+00:00,off,1.0,17.790000915527344,LOW
2026-05-21,VZ,0.05421781316587383,0.05421781316587383,sleeve_2,18,4,0.0,pre_concentration_broad,precompute_vm,2026-05-20,2026-05-21T11:01:53.200841+00:00,off,1.0,17.790000915527344,LOW
2026-05-21,AMGN,0.05294730517622257,0.05294730517622257,sleeve_mean_reversion,18,4,0.0,pre_concentration_broad,precompute_vm,2026-05-20,2026-05-21T11:01:53.200841+00:00,off,1.0,17.790000915527344,LOW
2026-05-21,CVS,0.051175000764286674,0.051175000764286674,sleeve_trend,18,4,0.0,pre_concentration_broad,precompute_vm,2026-05-20,2026-05-21T11:01:53.200841+00:00,off,1.0,17.790000915527344,LOW
2026-05-21,GOOG,0.04882745748429623,0.04882745748429623,sleeve_trend,18,4,0.0,pre_concentration_broad,precompute_vm,2026-05-20,2026-05-21T11:01:53.200841+00:00,off,1.0,17.790000915527344,LOW
2026-05-21,GOOGL,0.04866772561054798,0.04866772561054798,sleeve_trend,18,4,0.0,pre_concentration_broad,precompute_vm,2026-05-20,2026-05-21T11:01:53.200841+00:00,off,1.0,17.790000915527344,LOW
2026-05-21,CRWD,0.04628256805061038,0.04628256805061038,sleeve_trend,18,4,0.0,pre_concentration_broad,precompute_vm,2026-05-20,2026-05-21T11:01:53.200841+00:00,off,1.0,17.790000915527344,LOW
2026-05-21,PANW,0.04485271014850909,0.04485271014850909,sleeve_trend,18,4,0.0,pre_concentration_broad,precompute_vm,2026-05-20,2026-05-21T11:01:53.200841+00:00,off,1.0,17.790000915527344,LOW
2026-05-21,QCOM,0.04353105699081758,0.04353105699081758,sleeve_quality,18,4,0.0,pre_concentration_broad,precompute_vm,2026-05-20,2026-05-21T11:01:53.200841+00:00,off,1.0,17.790000915527344,LOW
2026-05-21,MNST,0.039295071470287664,0.039295071470287664,sleeve_trend,18,4,0.0,pre_concentration_broad,precompute_vm,2026-05-20,2026-05-21T11:01:53.200841+00:00,off,1.0,17.790000915527344,LOW
2026-05-21,PWR,0.02992293259413621,0.02992293259413621,sleeve_trend,18,4,0.0,pre_concentration_broad,precompute_vm,2026-05-20,2026-05-21T11:01:53.200841+00:00,off,1.0,17.790000915527344,LOW
2026-05-22,ELV,0.12561902155158988,0.12561902155158988,"sleeve_2, sleeve_trend",17,4,0.0,pre_concentration_broad,precompute_vm,2026-05-21,2026-05-22T11:01:27.068478+00:00,off,1.0,17.1299991607666,LOW
2026-05-22,BK,0.10768916822428914,0.10768916822428914,sleeve_trend,17,4,0.0,pre_concentration_broad,precompute_vm,2026-05-21,2026-05-22T11:01:27.068478+00:00,off,1.0,17.1299991607666,LOW
2026-05-22,GM,0.08704654255363593,0.08704654255363593,sleeve_2,17,4,0.0,pre_concentration_broad,precompute_vm,2026-05-21,2026-05-22T11:01:27.068478+00:00,off,1.0,17.1299991607666,LOW
2026-05-22,PFE,0.08533213449893849,0.08533213449893849,sleeve_mean_reversion,17,4,0.0,pre_concentration_broad,precompute_vm,2026-05-21,2026-05-22T11:01:27.068478+00:00,off,1.0,17.1299991607666,LOW
2026-05-22,SLB,0.06422973222629183,0.06422973222629183,sleeve_trend,17,4,0.0,pre_concentration_broad,precompute_vm,2026-05-21,2026-05-22T11:01:27.068478+00:00,off,1.0,17.1299991607666,LOW
2026-05-22,STX,0.0637725529327231,0.0637725529327231,sleeve_quality,17,4,0.0,pre_concentration_broad,precompute_vm,2026-05-21,2026-05-22T11:01:27.068478+00:00,off,1.0,17.1299991607666,LOW
2026-05-22,FTNT,0.061966554648101455,0.061966554648101455,sleeve_quality,17,4,0.0,pre_concentration_broad,precompute_vm,2026-05-21,2026-05-22T11:01:27.068478+00:00,off,1.0,17.1299991607666,LOW
2026-05-22,VZ,0.05393843999050119,0.05393843999050119,sleeve_2,17,4,0.0,pre_concentration_broad,precompute_vm,2026-05-21,2026-05-22T11:01:27.068478+00:00,off,1.0,17.1299991607666,LOW
2026-05-22,CRWD,0.046983842502624815,0.046983842502624815,sleeve_trend,17,4,0.0,pre_concentration_broad,precompute_vm,2026-05-21,2026-05-22T11:01:27.068478+00:00,off,1.0,17.1299991607666,LOW
2026-05-22,CVS,0.046003294903457254,0.046003294903457254,sleeve_trend,17,4,0.0,pre_concentration_broad,precompute_vm,2026-05-21,2026-05-22T11:01:27.068478+00:00,off,1.0,17.1299991607666,LOW
2026-05-22,QCOM,0.043797494766399506,0.043797494766399506,sleeve_quality,17,4,0.0,pre_concentration_broad,precompute_vm,2026-05-21,2026-05-22T11:01:27.068478+00:00,off,1.0,17.1299991607666,LOW
2026-05-22,GOOG,0.04304155680570888,0.04304155680570888,sleeve_trend,17,4,0.0,pre_concentration_broad,precompute_vm,2026-05-21,2026-05-22T11:01:27.068478+00:00,off,1.0,17.1299991607666,LOW
2026-05-22,GOOGL,0.04294674820967797,0.04294674820967797,sleeve_trend,17,4,0.0,pre_concentration_broad,precompute_vm,2026-05-21,2026-05-22T11:01:27.068478+00:00,off,1.0,17.1299991607666,LOW
2026-05-22,MNST,0.034761262576269714,0.034761262576269714,sleeve_trend,17,4,0.0,pre_concentration_broad,precompute_vm,2026-05-21,2026-05-22T11:01:27.068478+00:00,off,1.0,17.1299991607666,LOW
2026-05-22,CSCO,0.03325720664249667,0.03325720664249667,sleeve_trend,17,4,0.0,pre_concentration_broad,precompute_vm,2026-05-21,2026-05-22T11:01:27.068478+00:00,off,1.0,17.1299991607666,LOW
2026-05-22,CMI,0.03295210565414369,0.03295210565414369,sleeve_mean_reversion,17,4,0.0,pre_concentration_broad,precompute_vm,2026-05-21,2026-05-22T11:01:27.068478+00:00,off,1.0,17.1299991607666,LOW
2026-05-22,PWR,0.026662341313150564,0.026662341313150564,sleeve_trend,17,4,0.0,pre_concentration_broad,precompute_vm,2026-05-21,2026-05-22T11:01:27.068478+00:00,off,1.0,17.1299991607666,LOW
2026-05-25,BK,0.12273642599494085,0.12273642599494085,sleeve_trend,17,4,0.0,pre_concentration_broad,precompute_vm,2026-05-22,2026-05-25T11:01:44.739891+00:00,off,1.0,16.639999389648438,LOW
2026-05-25,FTNT,0.08975435218394023,0.08975435218394023,"sleeve_quality, sleeve_trend",17,4,0.0,pre_concentration_broad,precompute_vm,2026-05-22,2026-05-25T11:01:44.739891+00:00,off,1.0,16.639999389648438,LOW
2026-05-25,GM,0.08640894087574691,0.08640894087574691,sleeve_2,17,4,0.0,pre_concentration_broad,precompute_vm,2026-05-22,2026-05-25T11:01:44.739891+00:00,off,1.0,16.639999389648438,LOW
2026-05-25,PFE,0.08629985907648612,0.08629985907648612,sleeve_mean_reversion,17,4,0.0,pre_concentration_broad,precompute_vm,2026-05-22,2026-05-25T11:01:44.739891+00:00,off,1.0,16.639999389648438,LOW
2026-05-25,UNH,0.08565853598536932,0.08565853598536932,sleeve_trend,17,4,0.0,pre_concentration_broad,precompute_vm,2026-05-22,2026-05-25T11:01:44.739891+00:00,off,1.0,16.639999389648438,LOW
2026-05-25,STX,0.0639801959014673,0.0639801959014673,sleeve_quality,17,4,0.0,pre_concentration_broad,precompute_vm,2026-05-22,2026-05-25T11:01:44.739891+00:00,off,1.0,16.639999389648438,LOW
2026-05-25,ELV,0.05595746689017348,0.05595746689017348,sleeve_2,17,4,0.0,pre_concentration_broad,precompute_vm,2026-05-22,2026-05-25T11:01:44.739891+00:00,off,1.0,16.639999389648438,LOW
2026-05-25,VZ,0.05454864086931161,0.05454864086931161,sleeve_2,17,4,0.0,pre_concentration_broad,precompute_vm,2026-05-22,2026-05-25T11:01:44.739891+00:00,off,1.0,16.639999389648438,LOW
2026-05-25,CVS,0.051460457080225244,0.051460457080225244,sleeve_trend,17,4,0.0,pre_concentration_broad,precompute_vm,2026-05-22,2026-05-25T11:01:44.739891+00:00,off,1.0,16.639999389648438,LOW
2026-05-25,ROST,0.05140171697181502,0.05140171697181502,sleeve_trend,17,4,0.0,pre_concentration_broad,precompute_vm,2026-05-22,2026-05-25T11:01:44.739891+00:00,off,1.0,16.639999389648438,LOW
2026-05-25,GOOG,0.047069891608615584,0.047069891608615584,sleeve_trend,17,4,0.0,pre_concentration_broad,precompute_vm,2026-05-22,2026-05-25T11:01:44.739891+00:00,off,1.0,16.639999389648438,LOW
2026-05-25,GOOGL,0.046937983996747014,0.046937983996747014,sleeve_trend,17,4,0.0,pre_concentration_broad,precompute_vm,2026-05-22,2026-05-25T11:01:44.739891+00:00,off,1.0,16.639999389648438,LOW
2026-05-25,QCOM,0.043605705575305846,0.043605705575305846,sleeve_quality,17,4,0.0,pre_concentration_broad,precompute_vm,2026-05-22,2026-05-25T11:01:44.739891+00:00,off,1.0,16.639999389648438,LOW
2026-05-25,CMI,0.031984381080145015,0.031984381080145015,sleeve_mean_reversion,17,4,0.0,pre_concentration_broad,precompute_vm,2026-05-22,2026-05-25T11:01:44.739891+00:00,off,1.0,16.639999389648438,LOW
2026-05-25,PWR,0.029588526187268246,0.029588526187268246,sleeve_trend,17,4,0.0,pre_concentration_broad,precompute_vm,2026-05-22,2026-05-25T11:01:44.739891+00:00,off,1.0,16.639999389648438,LOW
2026-05-25,F,0.02750273707459651,0.02750273707459651,sleeve_trend,17,4,0.0,pre_concentration_broad,precompute_vm,2026-05-22,2026-05-25T11:01:44.739891+00:00,off,1.0,16.639999389648438,LOW
2026-05-25,DELL,0.025104182647845783,0.025104182647845783,sleeve_trend,17,4,0.0,pre_concentration_broad,precompute_vm,2026-05-22,2026-05-25T11:01:44.739891+00:00,off,1.0,16.639999389648438,LOW
2026-05-26,BK,0.12273642599494085,0.12273642599494085,sleeve_trend,17,4,0.0,pre_concentration_broad,precompute_vm,2026-05-22,2026-05-26T11:01:35.025767+00:00,off,1.0,16.639999389648438,LOW
2026-05-26,FTNT,0.08975435218394023,0.08975435218394023,"sleeve_quality, sleeve_trend",17,4,0.0,pre_concentration_broad,precompute_vm,2026-05-22,2026-05-26T11:01:35.025767+00:00,off,1.0,16.639999389648438,LOW
2026-05-26,GM,0.08640894087574691,0.08640894087574691,sleeve_2,17,4,0.0,pre_concentration_broad,precompute_vm,2026-05-22,2026-05-26T11:01:35.025767+00:00,off,1.0,16.639999389648438,LOW
2026-05-26,PFE,0.08629985907648612,0.08629985907648612,sleeve_mean_reversion,17,4,0.0,pre_concentration_broad,precompute_vm,2026-05-22,2026-05-26T11:01:35.025767+00:00,off,1.0,16.639999389648438,LOW
2026-05-26,UNH,0.08565853598536932,0.08565853598536932,sleeve_trend,17,4,0.0,pre_concentration_broad,precompute_vm,2026-05-22,2026-05-26T11:01:35.025767+00:00,off,1.0,16.639999389648438,LOW
2026-05-26,STX,0.0639801959014673,0.0639801959014673,sleeve_quality,17,4,0.0,pre_concentration_broad,precompute_vm,2026-05-22,2026-05-26T11:01:35.025767+00:00,off,1.0,16.639999389648438,LOW
2026-05-26,ELV,0.05595746689017348,0.05595746689017348,sleeve_2,17,4,0.0,pre_concentration_broad,precompute_vm,2026-05-22,2026-05-26T11:01:35.025767+00:00,off,1.0,16.639999389648438,LOW
2026-05-26,VZ,0.05454864086931161,0.05454864086931161,sleeve_2,17,4,0.0,pre_concentration_broad,precompute_vm,2026-05-22,2026-05-26T11:01:35.025767+00:00,off,1.0,16.639999389648438,LOW
2026-05-26,CVS,0.051460457080225244,0.051460457080225244,sleeve_trend,17,4,0.0,pre_concentration_broad,precompute_vm,2026-05-22,2026-05-26T11:01:35.025767+00:00,off,1.0,16.639999389648438,LOW
2026-05-26,ROST,0.05140171697181502,0.05140171697181502,sleeve_trend,17,4,0.0,pre_concentration_broad,precompute_vm,2026-05-22,2026-05-26T11:01:35.025767+00:00,off,1.0,16.639999389648438,LOW
2026-05-26,GOOG,0.047069891608615584,0.047069891608615584,sleeve_trend,17,4,0.0,pre_concentration_broad,precompute_vm,2026-05-22,2026-05-26T11:01:35.025767+00:00,off,1.0,16.639999389648438,LOW
2026-05-26,GOOGL,0.046937983996747014,0.046937983996747014,sleeve_trend,17,4,0.0,pre_concentration_broad,precompute_vm,2026-05-22,2026-05-26T11:01:35.025767+00:00,off,1.0,16.639999389648438,LOW
2026-05-26,QCOM,0.043605705575305846,0.043605705575305846,sleeve_quality,17,4,0.0,pre_concentration_broad,precompute_vm,2026-05-22,2026-05-26T11:01:35.025767+00:00,off,1.0,16.639999389648438,LOW
2026-05-26,CMI,0.031984381080145015,0.031984381080145015,sleeve_mean_reversion,17,4,0.0,pre_concentration_broad,precompute_vm,2026-05-22,2026-05-26T11:01:35.025767+00:00,off,1.0,16.639999389648438,LOW
2026-05-26,PWR,0.029588526187268246,0.029588526187268246,sleeve_trend,17,4,0.0,pre_concentration_broad,precompute_vm,2026-05-22,2026-05-26T11:01:35.025767+00:00,off,1.0,16.639999389648438,LOW
2026-05-26,F,0.02750273707459651,0.02750273707459651,sleeve_trend,17,4,0.0,pre_concentration_broad,precompute_vm,2026-05-22,2026-05-26T11:01:35.025767+00:00,off,1.0,16.639999389648438,LOW
2026-05-26,DELL,0.025104182647845783,0.025104182647845783,sleeve_trend,17,4,0.0,pre_concentration_broad,precompute_vm,2026-05-22,2026-05-26T11:01:35.025767+00:00,off,1.0,16.639999389648438,LOW
2026-05-27,GM,0.084619853073469,0.084619853073469,sleeve_2,18,4,0.0,pre_concentration_broad,precompute_vm,2026-05-26,2026-05-27T14:40:47.997789+00:00,off,1.0,16.950000762939453,LOW
2026-05-27,STX,0.06837874286707986,0.06837874286707986,sleeve_quality,18,4,0.0,pre_concentration_broad,precompute_vm,2026-05-26,2026-05-27T14:40:47.997789+00:00,off,1.0,16.950000762939453,LOW
2026-05-27,ROST,0.06722084602514605,0.06722084602514605,sleeve_trend,18,4,0.0,pre_concentration_broad,precompute_vm,2026-05-26,2026-05-27T14:40:47.997789+00:00,off,1.0,16.950000762939453,LOW
2026-05-27,GOOG,0.06183000700871377,0.06183000700871377,sleeve_trend,18,4,0.0,pre_concentration_broad,precompute_vm,2026-05-26,2026-05-27T14:40:47.997789+00:00,off,1.0,16.950000762939453,LOW
2026-05-27,CRWD,0.061722336576545356,0.061722336576545356,sleeve_trend,18,4,0.0,pre_concentration_broad,precompute_vm,2026-05-26,2026-05-27T14:40:47.997789+00:00,off,1.0,16.950000762939453,LOW
2026-05-27,GOOGL,0.06152215320023223,0.06152215320023223,sleeve_trend,18,4,0.0,pre_concentration_broad,precompute_vm,2026-05-26,2026-05-27T14:40:47.997789+00:00,off,1.0,16.950000762939453,LOW
2026-05-27,FTNT,0.06128687659718514,0.06128687659718514,sleeve_quality,18,4,0.0,pre_concentration_broad,precompute_vm,2026-05-26,2026-05-27T14:40:47.997789+00:00,off,1.0,16.950000762939453,LOW
2026-05-27,LLY,0.059379720668881066,0.059379720668881066,sleeve_trend,18,4,0.0,pre_concentration_broad,precompute_vm,2026-05-26,2026-05-27T14:40:47.997789+00:00,off,1.0,16.950000762939453,LOW
2026-05-27,ELV,0.058770038823208234,0.058770038823208234,sleeve_2,18,4,0.0,pre_concentration_broad,precompute_vm,2026-05-26,2026-05-27T14:40:47.997789+00:00,off,1.0,16.950000762939453,LOW
2026-05-27,SRE,0.0572536953029274,0.0572536953029274,sleeve_mean_reversion,18,4,0.0,pre_concentration_broad,precompute_vm,2026-05-26,2026-05-27T14:40:47.997789+00:00,off,1.0,16.950000762939453,LOW
2026-05-27,VZ,0.05635598166449998,0.05635598166449998,sleeve_2,18,4,0.0,pre_concentration_broad,precompute_vm,2026-05-26,2026-05-27T14:40:47.997789+00:00,off,1.0,16.950000762939453,LOW
2026-05-27,CAT,0.053672142419953335,0.053672142419953335,sleeve_trend,18,4,0.0,pre_concentration_broad,precompute_vm,2026-05-26,2026-05-27T14:40:47.997789+00:00,off,1.0,16.950000762939453,LOW
2026-05-27,MNST,0.05046554969493763,0.05046554969493763,sleeve_trend,18,4,0.0,pre_concentration_broad,precompute_vm,2026-05-26,2026-05-27T14:40:47.997789+00:00,off,1.0,16.950000762939453,LOW
2026-05-27,COST,0.048355114672707526,0.048355114672707526,sleeve_mean_reversion,18,4,0.0,pre_concentration_broad,precompute_vm,2026-05-26,2026-05-27T14:40:47.997789+00:00,off,1.0,16.950000762939453,LOW
2026-05-27,QCOM,0.04230821885336633,0.04230821885336633,sleeve_quality,18,4,0.0,pre_concentration_broad,precompute_vm,2026-05-26,2026-05-27T14:40:47.997789+00:00,off,1.0,16.950000762939453,LOW
2026-05-27,PWR,0.03838346372403897,0.03838346372403897,sleeve_trend,18,4,0.0,pre_concentration_broad,precompute_vm,2026-05-26,2026-05-27T14:40:47.997789+00:00,off,1.0,16.950000762939453,LOW
2026-05-27,F,0.035673409399799925,0.035673409399799925,sleeve_trend,18,4,0.0,pre_concentration_broad,precompute_vm,2026-05-26,2026-05-27T14:40:47.997789+00:00,off,1.0,16.950000762939453,LOW
2026-05-27,DELL,0.032801849427308266,0.032801849427308266,sleeve_trend,18,4,0.0,pre_concentration_broad,precompute_vm,2026-05-26,2026-05-27T14:40:47.997789+00:00,off,1.0,16.950000762939453,LOW
2026-05-28,MAR,0.09322943422830107,0.09322943422830107,sleeve_trend,18,4,0.0,pre_concentration_broad,precompute_vm,2026-05-27,2026-05-28T18:11:34.221835+00:00,off,1.0,15.739999771118164,LOW
2026-05-28,GM,0.08351658466762442,0.08351658466762442,sleeve_2,18,4,0.0,pre_concentration_broad,precompute_vm,2026-05-27,2026-05-28T18:11:34.221835+00:00,off,1.0,15.739999771118164,LOW
2026-05-28,SLB,0.07742071270031058,0.07742071270031058,sleeve_trend,18,4,0.0,pre_concentration_broad,precompute_vm,2026-05-27,2026-05-28T18:11:34.221835+00:00,off,1.0,15.739999771118164,LOW
2026-05-28,STX,0.07358775202895143,0.07358775202895143,sleeve_quality,18,4,0.0,pre_concentration_broad,precompute_vm,2026-05-27,2026-05-28T18:11:34.221835+00:00,off,1.0,15.739999771118164,LOW
2026-05-28,CVS,0.05921711045945712,0.05921711045945712,sleeve_trend,18,4,0.0,pre_concentration_broad,precompute_vm,2026-05-27,2026-05-28T18:11:34.221835+00:00,off,1.0,15.739999771118164,LOW
2026-05-28,ELV,0.05915065126360722,0.05915065126360722,sleeve_2,18,4,0.0,pre_concentration_broad,precompute_vm,2026-05-27,2026-05-28T18:11:34.221835+00:00,off,1.0,15.739999771118164,LOW
2026-05-28,ABNB,0.058447248122218236,0.058447248122218236,sleeve_mean_reversion,18,4,0.0,pre_concentration_broad,precompute_vm,2026-05-27,2026-05-28T18:11:34.221835+00:00,off,1.0,15.739999771118164,LOW
2026-05-28,FTNT,0.05755216146861977,0.05755216146861977,sleeve_quality,18,4,0.0,pre_concentration_broad,precompute_vm,2026-05-27,2026-05-28T18:11:34.221835+00:00,off,1.0,15.739999771118164,LOW
2026-05-28,VZ,0.05707863762994557,0.05707863762994557,sleeve_2,18,4,0.0,pre_concentration_broad,precompute_vm,2026-05-27,2026-05-28T18:11:34.221835+00:00,off,1.0,15.739999771118164,LOW
2026-05-28,GOOG,0.05379857524552214,0.05379857524552214,sleeve_trend,18,4,0.0,pre_concentration_broad,precompute_vm,2026-05-27,2026-05-28T18:11:34.221835+00:00,off,1.0,15.739999771118164,LOW
2026-05-28,LLY,0.05352992210575532,0.05352992210575532,sleeve_trend,18,4,0.0,pre_concentration_broad,precompute_vm,2026-05-27,2026-05-28T18:11:34.221835+00:00,off,1.0,15.739999771118164,LOW
2026-05-28,GOOGL,0.05350378853184805,0.05350378853184805,sleeve_trend,18,4,0.0,pre_concentration_broad,precompute_vm,2026-05-27,2026-05-28T18:11:34.221835+00:00,off,1.0,15.739999771118164,LOW
2026-05-28,BMY,0.0471615618534167,0.0471615618534167,sleeve_mean_reversion,18,4,0.0,pre_concentration_broad,precompute_vm,2026-05-27,2026-05-28T18:11:34.221835+00:00,off,1.0,15.739999771118164,LOW
2026-05-28,MNST,0.0436984716018374,0.0436984716018374,sleeve_trend,18,4,0.0,pre_concentration_broad,precompute_vm,2026-05-27,2026-05-28T18:11:34.221835+00:00,off,1.0,15.739999771118164,LOW
2026-05-28,QCOM,0.04083392482006013,0.04083392482006013,sleeve_quality,18,4,0.0,pre_concentration_broad,precompute_vm,2026-05-27,2026-05-28T18:11:34.221835+00:00,off,1.0,15.739999771118164,LOW
2026-05-28,F,0.031198783201986418,0.031198783201986418,sleeve_trend,18,4,0.0,pre_concentration_broad,precompute_vm,2026-05-27,2026-05-28T18:11:34.221835+00:00,off,1.0,15.739999771118164,LOW
2026-05-28,DELL,0.028537340035269244,0.028537340035269244,sleeve_trend,18,4,0.0,pre_concentration_broad,precompute_vm,2026-05-27,2026-05-28T18:11:34.221835+00:00,off,1.0,15.739999771118164,LOW
2026-05-28,MU,0.028537340035269244,0.028537340035269244,sleeve_trend,18,4,0.0,pre_concentration_broad,precompute_vm,2026-05-27,2026-05-28T18:11:34.221835+00:00,off,1.0,15.739999771118164,LOW
2026-05-29,ELV,0.1470656498303539,0.1470656498303539,"sleeve_2, sleeve_trend",16,4,0.0,pre_concentration_broad,precompute_vm,2026-05-28,2026-05-29T11:02:15.049003+00:00,off,1.0,15.84000015258789,LOW
2026-05-29,BK,0.11418868952238455,0.11418868952238455,sleeve_trend,16,4,0.0,pre_concentration_broad,precompute_vm,2026-05-28,2026-05-29T11:02:15.049003+00:00,off,1.0,15.84000015258789,LOW
2026-05-29,GM,0.08401586131379081,0.08401586131379081,sleeve_2,16,4,0.0,pre_concentration_broad,precompute_vm,2026-05-28,2026-05-29T11:02:15.049003+00:00,off,1.0,15.84000015258789,LOW
2026-05-29,FTNT,0.08234047550778216,0.08234047550778216,"sleeve_quality, sleeve_trend",16,4,0.0,pre_concentration_broad,precompute_vm,2026-05-28,2026-05-29T11:02:15.049003+00:00,off,1.0,15.84000015258789,LOW
2026-05-29,MAR,0.07703222252051069,0.07703222252051069,sleeve_trend,16,4,0.0,pre_concentration_broad,precompute_vm,2026-05-28,2026-05-29T11:02:15.049003+00:00,off,1.0,15.84000015258789,LOW
2026-05-29,STX,0.07353322222234396,0.07353322222234396,sleeve_quality,16,4,0.0,pre_concentration_broad,precompute_vm,2026-05-28,2026-05-29T11:02:15.049003+00:00,off,1.0,15.84000015258789,LOW
2026-05-29,VZ,0.05718278244110613,0.05718278244110613,sleeve_2,16,4,0.0,pre_concentration_broad,precompute_vm,2026-05-28,2026-05-29T11:02:15.049003+00:00,off,1.0,15.84000015258789,LOW
2026-05-29,PCAR,0.05686804383482177,0.05686804383482177,sleeve_mean_reversion,16,4,0.0,pre_concentration_broad,precompute_vm,2026-05-28,2026-05-29T11:02:15.049003+00:00,off,1.0,15.84000015258789,LOW
2026-05-29,BMY,0.048796171771227324,0.048796171771227324,sleeve_mean_reversion,16,4,0.0,pre_concentration_broad,precompute_vm,2026-05-28,2026-05-29T11:02:15.049003+00:00,off,1.0,15.84000015258789,LOW
2026-05-29,GOOG,0.04448333721453974,0.04448333721453974,sleeve_trend,16,4,0.0,pre_concentration_broad,precompute_vm,2026-05-28,2026-05-29T11:02:15.049003+00:00,off,1.0,15.84000015258789,LOW
2026-05-29,GOOGL,0.04423926499902402,0.04423926499902402,sleeve_trend,16,4,0.0,pre_concentration_broad,precompute_vm,2026-05-28,2026-05-29T11:02:15.049003+00:00,off,1.0,15.84000015258789,LOW
2026-05-29,LLY,0.04409344883600713,0.04409344883600713,sleeve_trend,16,4,0.0,pre_concentration_broad,precompute_vm,2026-05-28,2026-05-29T11:02:15.049003+00:00,off,1.0,15.84000015258789,LOW
2026-05-29,QCOM,0.04088868765870004,0.04088868765870004,sleeve_quality,16,4,0.0,pre_concentration_broad,precompute_vm,2026-05-28,2026-05-29T11:02:15.049003+00:00,off,1.0,15.84000015258789,LOW
2026-05-29,MNST,0.036081922087312104,0.036081922087312104,sleeve_trend,16,4,0.0,pre_concentration_broad,precompute_vm,2026-05-28,2026-05-29T11:02:15.049003+00:00,off,1.0,15.84000015258789,LOW
2026-05-29,F,0.025597792230255392,0.025597792230255392,sleeve_trend,16,4,0.0,pre_concentration_broad,precompute_vm,2026-05-28,2026-05-29T11:02:15.049003+00:00,off,1.0,15.84000015258789,LOW
2026-05-29,DELL,0.02359242800984031,0.02359242800984031,sleeve_trend,16,4,0.0,pre_concentration_broad,precompute_vm,2026-05-28,2026-05-29T11:02:15.049003+00:00,off,1.0,15.84000015258789,LOW
2026-06-01,ELV,0.13778973424282084,0.13778973424282084,"sleeve_2, sleeve_trend",17,4,1.1102230246251565e-16,pre_concentration_broad,precompute_vm,2026-05-29,2026-06-01T11:02:16.067786+00:00,off,1.0,15.770000457763672,LOW
2026-06-01,BK,0.10443808108765275,0.10443808108765275,sleeve_trend,17,4,1.1102230246251565e-16,pre_concentration_broad,precompute_vm,2026-05-29,2026-06-01T11:02:16.067786+00:00,off,1.0,15.770000457763672,LOW
2026-06-01,GM,0.08458398031391043,0.08458398031391043,sleeve_2,17,4,1.1102230246251565e-16,pre_concentration_broad,precompute_vm,2026-05-29,2026-06-01T11:02:16.067786+00:00,off,1.0,15.770000457763672,LOW
2026-06-01,STX,0.0720911210812101,0.0720911210812101,sleeve_quality,17,4,1.1102230246251565e-16,pre_concentration_broad,precompute_vm,2026-05-29,2026-06-01T11:02:16.067786+00:00,off,1.0,15.770000457763672,LOW
2026-06-01,GOOG,0.06666251599403834,0.06666251599403834,sleeve_trend,17,4,1.1102230246251565e-16,pre_concentration_broad,precompute_vm,2026-05-29,2026-06-01T11:02:16.067786+00:00,off,1.0,15.770000457763672,LOW
2026-06-01,GOOGL,0.06530946906634724,0.06530946906634724,sleeve_trend,17,4,1.1102230246251565e-16,pre_concentration_broad,precompute_vm,2026-05-29,2026-06-01T11:02:16.067786+00:00,off,1.0,15.770000457763672,LOW
2026-06-01,VZ,0.05704952512802109,0.05704952512802109,sleeve_2,17,4,1.1102230246251565e-16,pre_concentration_broad,precompute_vm,2026-05-29,2026-06-01T11:02:16.067786+00:00,off,1.0,15.770000457763672,LOW
2026-06-01,FTNT,0.055874387234004314,0.055874387234004314,sleeve_quality,17,4,1.1102230246251565e-16,pre_concentration_broad,precompute_vm,2026-05-29,2026-06-01T11:02:16.067786+00:00,off,1.0,15.770000457763672,LOW
2026-06-01,LLY,0.05457393797765259,0.05457393797765259,sleeve_trend,17,4,1.1102230246251565e-16,pre_concentration_broad,precompute_vm,2026-05-29,2026-06-01T11:02:16.067786+00:00,off,1.0,15.770000457763672,LOW
2026-06-01,JNJ,0.05431124939467209,0.05431124939467209,sleeve_mean_reversion,17,4,1.1102230246251565e-16,pre_concentration_broad,precompute_vm,2026-05-29,2026-06-01T11:02:16.067786+00:00,off,1.0,15.770000457763672,LOW
2026-06-01,LIN,0.0513972857734976,0.0513972857734976,sleeve_mean_reversion,17,4,1.1102230246251565e-16,pre_concentration_broad,precompute_vm,2026-05-29,2026-06-01T11:02:16.067786+00:00,off,1.0,15.770000457763672,LOW
2026-06-01,QCOM,0.04398915480891269,0.04398915480891269,sleeve_quality,17,4,1.1102230246251565e-16,pre_concentration_broad,precompute_vm,2026-05-29,2026-06-01T11:02:16.067786+00:00,off,1.0,15.770000457763672,LOW
2026-06-01,ROST,0.04159012265453264,0.04159012265453264,sleeve_trend,17,4,1.1102230246251565e-16,pre_concentration_broad,precompute_vm,2026-05-29,2026-06-01T11:02:16.067786+00:00,off,1.0,15.770000457763672,LOW
2026-06-01,PANW,0.033629670432597236,0.033629670432597236,sleeve_trend,17,4,1.1102230246251565e-16,pre_concentration_broad,precompute_vm,2026-05-29,2026-06-01T11:02:16.067786+00:00,off,1.0,15.770000457763672,LOW
2026-06-01,MNST,0.032440201600065395,0.032440201600065395,sleeve_trend,17,4,1.1102230246251565e-16,pre_concentration_broad,precompute_vm,2026-05-29,2026-06-01T11:02:16.067786+00:00,off,1.0,15.770000457763672,LOW
2026-06-01,F,0.02305092346066864,0.02305092346066864,sleeve_trend,17,4,1.1102230246251565e-16,pre_concentration_broad,precompute_vm,2026-05-29,2026-06-01T11:02:16.067786+00:00,off,1.0,15.770000457763672,LOW
2026-06-01,DELL,0.021218639749395956,0.021218639749395956,sleeve_trend,17,4,1.1102230246251565e-16,pre_concentration_broad,precompute_vm,2026-05-29,2026-06-01T11:02:16.067786+00:00,off,1.0,15.770000457763672,LOW
2026-06-02,ELV,0.14037315440848233,0.14037315440848233,"sleeve_2, sleeve_trend",17,4,0.0,pre_concentration_broad,precompute_vm,2026-06-01,2026-06-02T11:01:49.812972+00:00,off,1.0,16.1299991607666,LOW
2026-06-02,GM,0.08547515515614454,0.08547515515614454,sleeve_2,17,4,0.0,pre_concentration_broad,precompute_vm,2026-06-01,2026-06-02T11:01:49.812972+00:00,off,1.0,16.1299991607666,LOW
2026-06-02,MS,0.07989519926379843,0.07989519926379843,sleeve_trend,17,4,0.0,pre_concentration_broad,precompute_vm,2026-06-01,2026-06-02T11:01:49.812972+00:00,off,1.0,16.1299991607666,LOW
2026-06-02,STX,0.07650985124093178,0.07650985124093178,sleeve_quality,17,4,0.0,pre_concentration_broad,precompute_vm,2026-06-01,2026-06-02T11:01:49.812972+00:00,off,1.0,16.1299991607666,LOW
2026-06-02,MAR,0.07467726769405449,0.07467726769405449,sleeve_trend,17,4,0.0,pre_concentration_broad,precompute_vm,2026-06-01,2026-06-02T11:01:49.812972+00:00,off,1.0,16.1299991607666,LOW
2026-06-02,GS,0.0645215900205436,0.0645215900205436,sleeve_trend,17,4,0.0,pre_concentration_broad,precompute_vm,2026-06-01,2026-06-02T11:01:49.812972+00:00,off,1.0,16.1299991607666,LOW
2026-06-02,LLY,0.05841971512436835,0.05841971512436835,sleeve_trend,17,4,0.0,pre_concentration_broad,precompute_vm,2026-06-01,2026-06-02T11:01:49.812972+00:00,off,1.0,16.1299991607666,LOW
2026-06-02,VZ,0.057358732864482564,0.057358732864482564,sleeve_2,17,4,0.0,pre_concentration_broad,precompute_vm,2026-06-01,2026-06-02T11:01:49.812972+00:00,off,1.0,16.1299991607666,LOW
2026-06-02,LIN,0.057054423103124224,0.057054423103124224,sleeve_mean_reversion,17,4,0.0,pre_concentration_broad,precompute_vm,2026-06-01,2026-06-02T11:01:49.812972+00:00,off,1.0,16.1299991607666,LOW
2026-06-02,FTNT,0.05457777113443376,0.05457777113443376,sleeve_quality,17,4,0.0,pre_concentration_broad,precompute_vm,2026-06-01,2026-06-02T11:01:49.812972+00:00,off,1.0,16.1299991607666,LOW
2026-06-02,GILD,0.048447265970165417,0.048447265970165417,sleeve_mean_reversion,17,4,0.0,pre_concentration_broad,precompute_vm,2026-06-01,2026-06-02T11:01:49.812972+00:00,off,1.0,16.1299991607666,LOW
2026-06-02,FDX,0.04237334712232166,0.04237334712232166,sleeve_trend,17,4,0.0,pre_concentration_broad,precompute_vm,2026-06-01,2026-06-02T11:01:49.812972+00:00,off,1.0,16.1299991607666,LOW
2026-06-02,QCOM,0.040906813185335504,0.040906813185335504,sleeve_quality,17,4,0.0,pre_concentration_broad,precompute_vm,2026-06-01,2026-06-02T11:01:49.812972+00:00,off,1.0,16.1299991607666,LOW
2026-06-02,CRWD,0.036850138850841534,0.036850138850841534,sleeve_trend,17,4,0.0,pre_concentration_broad,precompute_vm,2026-06-01,2026-06-02T11:01:49.812972+00:00,off,1.0,16.1299991607666,LOW
2026-06-02,MNST,0.03529814137232322,0.03529814137232322,sleeve_trend,17,4,0.0,pre_concentration_broad,precompute_vm,2026-06-01,2026-06-02T11:01:49.812972+00:00,off,1.0,16.1299991607666,LOW
2026-06-02,F,0.024190042208121744,0.024190042208121744,sleeve_trend,17,4,0.0,pre_concentration_broad,precompute_vm,2026-06-01,2026-06-02T11:01:49.812972+00:00,off,1.0,16.1299991607666,LOW
2026-06-02,DELL,0.023071391280526873,0.023071391280526873,sleeve_trend,17,4,0.0,pre_concentration_broad,precompute_vm,2026-06-01,2026-06-02T11:01:49.812972+00:00,off,1.0,16.1299991607666,LOW
2026-06-03,BK,0.1,0.1,sleeve_trend,17,4,1.1102230246251565e-16,pre_concentration_broad,precompute_vm,2026-06-02,2026-06-03T11:02:04.467597+00:00,off,1.0,16.110000610351562,LOW
2026-06-03,ELV,0.1,0.1,"sleeve_2, sleeve_trend",17,4,1.1102230246251565e-16,pre_concentration_broad,precompute_vm,2026-06-02,2026-06-03T11:02:04.467597+00:00,off,1.0,16.110000610351562,LOW
2026-06-03,GM,0.08606310781790168,0.08606310781790168,sleeve_2,17,4,1.1102230246251565e-16,pre_concentration_broad,precompute_vm,2026-06-02,2026-06-03T11:02:04.467597+00:00,off,1.0,16.110000610351562,LOW
2026-06-03,MS,0.08336640360511507,0.08336640360511507,sleeve_trend,17,4,1.1102230246251565e-16,pre_concentration_broad,precompute_vm,2026-06-02,2026-06-03T11:02:04.467597+00:00,off,1.0,16.110000610351562,LOW
2026-06-03,STX,0.07745502316574539,0.07745502316574539,sleeve_quality,17,4,1.1102230246251565e-16,pre_concentration_broad,precompute_vm,2026-06-02,2026-06-03T11:02:04.467597+00:00,off,1.0,16.110000610351562,LOW
2026-06-03,GOOGL,0.06564858114049985,0.06564858114049985,sleeve_trend,17,4,1.1102230246251565e-16,pre_concentration_broad,precompute_vm,2026-06-02,2026-06-03T11:02:04.467597+00:00,off,1.0,16.110000610351562,LOW
2026-06-03,VZ,0.05875708599195496,0.05875708599195496,sleeve_2,17,4,1.1102230246251565e-16,pre_concentration_broad,precompute_vm,2026-06-02,2026-06-03T11:02:04.467597+00:00,off,1.0,16.110000610351562,LOW
2026-06-03,COP,0.058349188691059053,0.058349188691059053,sleeve_mean_reversion,17,4,1.1102230246251565e-16,pre_concentration_broad,precompute_vm,2026-06-02,2026-06-03T11:02:04.467597+00:00,off,1.0,16.110000610351562,LOW
2026-06-03,FTNT,0.05671817214274282,0.05671817214274282,sleeve_quality,17,4,1.1102230246251565e-16,pre_concentration_broad,precompute_vm,2026-06-02,2026-06-03T11:02:04.467597+00:00,off,1.0,16.110000610351562,LOW
2026-06-03,PM,0.052272018567428045,0.052272018567428045,sleeve_mean_reversion,17,4,1.1102230246251565e-16,pre_concentration_broad,precompute_vm,2026-06-02,2026-06-03T11:02:04.467597+00:00,off,1.0,16.110000610351562,LOW
2026-06-03,QCOM,0.04475603949388081,0.04475603949388081,sleeve_quality,17,4,1.1102230246251565e-16,pre_concentration_broad,precompute_vm,2026-06-02,2026-06-03T11:02:04.467597+00:00,off,1.0,16.110000610351562,LOW
2026-06-03,CMI,0.04191769480674045,0.04191769480674045,sleeve_trend,17,4,1.1102230246251565e-16,pre_concentration_broad,precompute_vm,2026-06-02,2026-06-03T11:02:04.467597+00:00,off,1.0,16.110000610351562,LOW
2026-06-03,FCX,0.04044730737483494,0.04044730737483494,sleeve_trend,17,4,1.1102230246251565e-16,pre_concentration_broad,precompute_vm,2026-06-02,2026-06-03T11:02:04.467597+00:00,off,1.0,16.110000610351562,LOW
2026-06-03,MNST,0.03989999100391382,0.03989999100391382,sleeve_trend,17,4,1.1102230246251565e-16,pre_concentration_broad,precompute_vm,2026-06-02,2026-06-03T11:02:04.467597+00:00,off,1.0,16.110000610351562,LOW
2026-06-03,PANW,0.038138888101275165,0.038138888101275165,sleeve_trend,17,4,1.1102230246251565e-16,pre_concentration_broad,precompute_vm,2026-06-02,2026-06-03T11:02:04.467597+00:00,off,1.0,16.110000610351562,LOW
2026-06-03,F,0.02868173584926153,0.02868173584926153,sleeve_trend,17,4,1.1102230246251565e-16,pre_concentration_broad,precompute_vm,2026-06-02,2026-06-03T11:02:04.467597+00:00,off,1.0,16.110000610351562,LOW
2026-06-03,DELL,0.02752876224764632,0.02752876224764632,sleeve_trend,17,4,1.1102230246251565e-16,pre_concentration_broad,precompute_vm,2026-06-02,2026-06-03T11:02:04.467597+00:00,off,1.0,16.110000610351562,LOW
2026-06-04,ELV,0.1,0.1,"sleeve_2, sleeve_trend",17,4,0.0,pre_concentration_broad,precompute_vm,2026-06-03,2026-06-04T11:02:12.289227+00:00,off,1.0,16.6299991607666,LOW
2026-06-04,GM,0.0854165312444735,0.0854165312444735,sleeve_2,17,4,0.0,pre_concentration_broad,precompute_vm,2026-06-03,2026-06-04T11:02:12.289227+00:00,off,1.0,16.6299991607666,LOW
2026-06-04,MS,0.08315240092579042,0.08315240092579042,sleeve_trend,17,4,0.0,pre_concentration_broad,precompute_vm,2026-06-03,2026-06-04T11:02:12.289227+00:00,off,1.0,16.6299991607666,LOW
2026-06-04,STX,0.07760624935351561,0.07760624935351561,sleeve_quality,17,4,0.0,pre_concentration_broad,precompute_vm,2026-06-03,2026-06-04T11:02:12.289227+00:00,off,1.0,16.6299991607666,LOW
2026-06-04,GS,0.07344994927204627,0.07344994927204627,sleeve_trend,17,4,0.0,pre_concentration_broad,precompute_vm,2026-06-03,2026-06-04T11:02:12.289227+00:00,off,1.0,16.6299991607666,LOW
2026-06-04,LLY,0.06564382288028624,0.06564382288028624,sleeve_trend,17,4,0.0,pre_concentration_broad,precompute_vm,2026-06-03,2026-06-04T11:02:12.289227+00:00,off,1.0,16.6299991607666,LOW
2026-06-04,ALL,0.0618659583827701,0.0618659583827701,sleeve_mean_reversion,17,4,0.0,pre_concentration_broad,precompute_vm,2026-06-03,2026-06-04T11:02:12.289227+00:00,off,1.0,16.6299991607666,LOW
2026-06-04,VZ,0.05959036473996118,0.05959036473996118,sleeve_2,17,4,0.0,pre_concentration_broad,precompute_vm,2026-06-03,2026-06-04T11:02:12.289227+00:00,off,1.0,16.6299991607666,LOW
2026-06-04,CAT,0.05617011855579448,0.05617011855579448,sleeve_trend,17,4,0.0,pre_concentration_broad,precompute_vm,2026-06-03,2026-06-04T11:02:12.289227+00:00,off,1.0,16.6299991607666,LOW
2026-06-04,FTNT,0.05473866506371422,0.05473866506371422,sleeve_quality,17,4,0.0,pre_concentration_broad,precompute_vm,2026-06-03,2026-06-04T11:02:12.289227+00:00,off,1.0,16.6299991607666,LOW
2026-06-04,NSC,0.05010282528766018,0.05010282528766018,sleeve_mean_reversion,17,4,0.0,pre_concentration_broad,precompute_vm,2026-06-03,2026-06-04T11:02:12.289227+00:00,off,1.0,16.6299991607666,LOW
2026-06-04,QCOM,0.04585744154725127,0.04585744154725127,sleeve_quality,17,4,0.0,pre_concentration_broad,precompute_vm,2026-06-03,2026-06-04T11:02:12.289227+00:00,off,1.0,16.6299991607666,LOW
2026-06-04,FCX,0.04363704248357437,0.04363704248357437,sleeve_trend,17,4,0.0,pre_concentration_broad,precompute_vm,2026-06-03,2026-06-04T11:02:12.289227+00:00,off,1.0,16.6299991607666,LOW
2026-06-04,MNST,0.04309092061308653,0.04309092061308653,sleeve_trend,17,4,0.0,pre_concentration_broad,precompute_vm,2026-06-03,2026-06-04T11:02:12.289227+00:00,off,1.0,16.6299991607666,LOW
2026-06-04,CRWD,0.040046402588036885,0.040046402588036885,sleeve_trend,17,4,0.0,pre_concentration_broad,precompute_vm,2026-06-03,2026-06-04T11:02:12.289227+00:00,off,1.0,16.6299991607666,LOW
2026-06-04,F,0.03017115262713024,0.03017115262713024,sleeve_trend,17,4,0.0,pre_concentration_broad,precompute_vm,2026-06-03,2026-06-04T11:02:12.289227+00:00,off,1.0,16.6299991607666,LOW
2026-06-04,DELL,0.02946015443490853,0.02946015443490853,sleeve_trend,17,4,0.0,pre_concentration_broad,precompute_vm,2026-06-03,2026-06-04T11:02:12.289227+00:00,off,1.0,16.6299991607666,LOW
2026-06-05,GM,0.08465102342457098,0.08465102342457098,sleeve_2,8,4,0.5169528278539424,pre_conc_riskoff_narrow,precompute_vm,2026-06-04,2026-06-05T11:02:02.314559+00:00,off,1.0,15.619999885559082,LOW
2026-06-05,STX,0.07706161142566091,0.07706161142566091,sleeve_quality,8,4,0.5169528278539424,pre_conc_riskoff_narrow,precompute_vm,2026-06-04,2026-06-05T11:02:02.314559+00:00,off,1.0,15.619999885559082,LOW
2026-06-05,VZ,0.06195023297465775,0.06195023297465775,sleeve_2,8,4,0.5169528278539424,pre_conc_riskoff_narrow,precompute_vm,2026-06-04,2026-06-05T11:02:02.314559+00:00,off,1.0,15.619999885559082,LOW
2026-06-05,WMB,0.05613389169032131,0.05613389169032131,sleeve_mean_reversion,8,4,0.5169528278539424,pre_conc_riskoff_narrow,precompute_vm,2026-06-04,2026-06-05T11:02:02.314559+00:00,off,1.0,15.619999885559082,LOW
2026-06-05,FTNT,0.05498993333649738,0.05498993333649738,sleeve_quality,8,4,0.5169528278539424,pre_conc_riskoff_narrow,precompute_vm,2026-06-04,2026-06-05T11:02:02.314559+00:00,off,1.0,15.619999885559082,LOW
2026-06-05,HON,0.05318942393695265,0.05318942393695265,sleeve_mean_reversion,8,4,0.5169528278539424,pre_conc_riskoff_narrow,precompute_vm,2026-06-04,2026-06-05T11:02:02.314559+00:00,off,1.0,15.619999885559082,LOW
2026-06-05,ELV,0.049999999999999996,0.049999999999999996,"sleeve_2, sleeve_trend",8,4,0.5169528278539424,pre_conc_riskoff_narrow,precompute_vm,2026-06-04,2026-06-05T11:02:02.314559+00:00,off,1.0,15.619999885559082,LOW
2026-06-05,QCOM,0.045071055357396625,0.045071055357396625,sleeve_quality,8,4,0.5169528278539424,pre_conc_riskoff_narrow,precompute_vm,2026-06-04,2026-06-05T11:02:02.314559+00:00,off,1.0,15.619999885559082,LOW
2026-06-08,ELV,0.1,0.1,"sleeve_2, sleeve_trend",16,4,0.0,pre_concentration_broad,precompute_vm,2026-06-05,2026-06-08T11:03:37.868586+00:00,off,1.0,19.610000610351562,LOW
2026-06-08,FTNT,0.1,0.1,"sleeve_quality, sleeve_trend",16,4,0.0,pre_concentration_broad,precompute_vm,2026-06-05,2026-06-08T11:03:37.868586+00:00,off,1.0,19.610000610351562,LOW
2026-06-08,MAR,0.09047892242732936,0.09047892242732936,sleeve_trend,16,4,0.0,pre_concentration_broad,precompute_vm,2026-06-05,2026-06-08T11:03:37.868586+00:00,off,1.0,19.610000610351562,LOW
2026-06-08,GM,0.08627372210066171,0.08627372210066171,sleeve_2,16,4,0.0,pre_concentration_broad,precompute_vm,2026-06-05,2026-06-08T11:03:37.868586+00:00,off,1.0,19.610000610351562,LOW
2026-06-08,MS,0.07138636696316479,0.07138636696316479,sleeve_trend,16,4,0.0,pre_concentration_broad,precompute_vm,2026-06-05,2026-06-08T11:03:37.868586+00:00,off,1.0,19.610000610351562,LOW
2026-06-08,VZ,0.062485151576552364,0.062485151576552364,sleeve_2,16,4,0.0,pre_concentration_broad,precompute_vm,2026-06-05,2026-06-08T11:03:37.868586+00:00,off,1.0,19.610000610351562,LOW
2026-06-08,STX,0.06134000774011326,0.06134000774011326,sleeve_quality,16,4,0.0,pre_concentration_broad,precompute_vm,2026-06-05,2026-06-08T11:03:37.868586+00:00,off,1.0,19.610000610351562,LOW
2026-06-08,LLY,0.06128990522935613,0.06128990522935613,sleeve_trend,16,4,0.0,pre_concentration_broad,precompute_vm,2026-06-05,2026-06-08T11:03:37.868586+00:00,off,1.0,19.610000610351562,LOW
2026-06-08,DLR,0.056875671331161226,0.056875671331161226,sleeve_mean_reversion,16,4,0.0,pre_concentration_broad,precompute_vm,2026-06-05,2026-06-08T11:03:37.868586+00:00,off,1.0,19.610000610351562,LOW
2026-06-08,GS,0.056465064675209495,0.056465064675209495,sleeve_trend,16,4,0.0,pre_concentration_broad,precompute_vm,2026-06-05,2026-06-08T11:03:37.868586+00:00,off,1.0,19.610000610351562,LOW
2026-06-08,CAT,0.05550126716863916,0.05550126716863916,sleeve_trend,16,4,0.0,pre_concentration_broad,precompute_vm,2026-06-05,2026-06-08T11:03:37.868586+00:00,off,1.0,19.610000610351562,LOW
2026-06-08,KMI,0.054986993321873505,0.054986993321873505,sleeve_mean_reversion,16,4,0.0,pre_concentration_broad,precompute_vm,2026-06-05,2026-06-08T11:03:37.868586+00:00,off,1.0,19.610000610351562,LOW
2026-06-08,MNST,0.04346501662732531,0.04346501662732531,sleeve_trend,16,4,0.0,pre_concentration_broad,precompute_vm,2026-06-05,2026-06-08T11:03:37.868586+00:00,off,1.0,19.610000610351562,LOW
2026-06-08,QCOM,0.03938919633493492,0.03938919633493492,sleeve_quality,16,4,0.0,pre_concentration_broad,precompute_vm,2026-06-05,2026-06-08T11:03:37.868586+00:00,off,1.0,19.610000610351562,LOW
2026-06-08,F,0.030084522195268634,0.030084522195268634,sleeve_trend,16,4,0.0,pre_concentration_broad,precompute_vm,2026-06-05,2026-06-08T11:03:37.868586+00:00,off,1.0,19.610000610351562,LOW
2026-06-08,MU,0.02997819230841017,0.02997819230841017,sleeve_trend,16,4,0.0,pre_concentration_broad,precompute_vm,2026-06-05,2026-06-08T11:03:37.868586+00:00,off,1.0,19.610000610351562,LOW
2026-06-09,ELV,0.1,0.1,"sleeve_2, sleeve_trend",16,4,1.1102230246251565e-16,pre_concentration_broad,precompute_vm,2026-06-08,2026-06-09T11:02:08.466024+00:00,off,1.0,18.09000015258789,LOW
2026-06-09,FTNT,0.1,0.1,"sleeve_quality, sleeve_trend",16,4,1.1102230246251565e-16,pre_concentration_broad,precompute_vm,2026-06-08,2026-06-09T11:02:08.466024+00:00,off,1.0,18.09000015258789,LOW
2026-06-09,MNST,0.09550999371966583,0.09550999371966583,sleeve_trend,16,4,1.1102230246251565e-16,pre_concentration_broad,precompute_vm,2026-06-08,2026-06-09T11:02:08.466024+00:00,off,1.0,18.09000015258789,LOW
2026-06-09,GM,0.0852914670173872,0.0852914670173872,sleeve_2,16,4,1.1102230246251565e-16,pre_concentration_broad,precompute_vm,2026-06-08,2026-06-09T11:02:08.466024+00:00,off,1.0,18.09000015258789,LOW
2026-06-09,MAR,0.07890490633151588,0.07890490633151588,sleeve_trend,16,4,1.1102230246251565e-16,pre_concentration_broad,precompute_vm,2026-06-08,2026-06-09T11:02:08.466024+00:00,off,1.0,18.09000015258789,LOW
2026-06-09,MS,0.0629733064492828,0.0629733064492828,sleeve_trend,16,4,1.1102230246251565e-16,pre_concentration_broad,precompute_vm,2026-06-08,2026-06-09T11:02:08.466024+00:00,off,1.0,18.09000015258789,LOW
2026-06-09,VZ,0.0623759041390871,0.0623759041390871,sleeve_2,16,4,1.1102230246251565e-16,pre_concentration_broad,precompute_vm,2026-06-08,2026-06-09T11:02:08.466024+00:00,off,1.0,18.09000015258789,LOW
2026-06-09,STX,0.058934440354333,0.058934440354333,sleeve_quality,16,4,1.1102230246251565e-16,pre_concentration_broad,precompute_vm,2026-06-08,2026-06-09T11:02:08.466024+00:00,off,1.0,18.09000015258789,LOW
2026-06-09,AEP,0.05749358442880996,0.05749358442880996,sleeve_mean_reversion,16,4,1.1102230246251565e-16,pre_concentration_broad,precompute_vm,2026-06-08,2026-06-09T11:02:08.466024+00:00,off,1.0,18.09000015258789,LOW
2026-06-09,LLY,0.057451006465200315,0.057451006465200315,sleeve_trend,16,4,1.1102230246251565e-16,pre_concentration_broad,precompute_vm,2026-06-08,2026-06-09T11:02:08.466024+00:00,off,1.0,18.09000015258789,LOW
2026-06-09,CL,0.05289712695847612,0.05289712695847612,sleeve_mean_reversion,16,4,1.1102230246251565e-16,pre_concentration_broad,precompute_vm,2026-06-08,2026-06-09T11:02:08.466024+00:00,off,1.0,18.09000015258789,LOW
2026-06-09,GS,0.0493810589716224,0.0493810589716224,sleeve_trend,16,4,1.1102230246251565e-16,pre_concentration_broad,precompute_vm,2026-06-08,2026-06-09T11:02:08.466024+00:00,off,1.0,18.09000015258789,LOW
2026-06-09,CAT,0.048201711925178914,0.048201711925178914,sleeve_trend,16,4,1.1102230246251565e-16,pre_concentration_broad,precompute_vm,2026-06-08,2026-06-09T11:02:08.466024+00:00,off,1.0,18.09000015258789,LOW
2026-06-09,QCOM,0.0388970771272815,0.0388970771272815,sleeve_quality,16,4,1.1102230246251565e-16,pre_concentration_broad,precompute_vm,2026-06-08,2026-06-09T11:02:08.466024+00:00,off,1.0,18.09000015258789,LOW
2026-06-09,F,0.025889338662146072,0.025889338662146072,sleeve_trend,16,4,1.1102230246251565e-16,pre_concentration_broad,precompute_vm,2026-06-08,2026-06-09T11:02:08.466024+00:00,off,1.0,18.09000015258789,LOW
2026-06-09,MU,0.025799077450012888,0.025799077450012888,sleeve_trend,16,4,1.1102230246251565e-16,pre_concentration_broad,precompute_vm,2026-06-08,2026-06-09T11:02:08.466024+00:00,off,1.0,18.09000015258789,LOW
2026-06-10,FTNT,0.1,0.1,sleeve_quality,4,3,0.6867179277124075,pre_conc_riskoff_narrow,precompute_vm,2026-06-09,2026-06-10T11:02:14.383015+00:00,off,1.0,20.850000381469727,ELEVATED
2026-06-10,STX,0.1,0.1,sleeve_quality,4,3,0.6867179277124075,pre_conc_riskoff_narrow,precompute_vm,2026-06-09,2026-06-10T11:02:14.383015+00:00,off,1.0,20.850000381469727,ELEVATED
2026-06-10,QCOM,0.06328207228759251,0.06328207228759251,sleeve_quality,4,3,0.6867179277124075,pre_conc_riskoff_narrow,precompute_vm,2026-06-09,2026-06-10T11:02:14.383015+00:00,off,1.0,20.850000381469727,ELEVATED
2026-06-10,BK,0.05,0.05,"sleeve_2, sleeve_trend",4,3,0.6867179277124075,pre_conc_riskoff_narrow,precompute_vm,2026-06-09,2026-06-10T11:02:14.383015+00:00,off,1.0,20.850000381469727,ELEVATED
2026-06-11,ELV,0.1,0.1,"sleeve_2, sleeve_trend",13,4,0.06137640209031936,pre_concentration_broad,precompute_vm,2026-06-10,2026-06-11T11:02:39.944501+00:00,off,1.0,20.799999237060547,ELEVATED
2026-06-11,FTNT,0.1,0.1,"sleeve_quality, sleeve_trend",13,4,0.06137640209031936,pre_concentration_broad,precompute_vm,2026-06-10,2026-06-11T11:02:39.944501+00:00,off,1.0,20.799999237060547,ELEVATED
2026-06-11,MNST,0.1,0.1,sleeve_trend,13,4,0.06137640209031936,pre_concentration_broad,precompute_vm,2026-06-10,2026-06-11T11:02:39.944501+00:00,off,1.0,20.799999237060547,ELEVATED
2026-06-11,MAR,0.09618522307581179,0.09618522307581179,sleeve_trend,13,4,0.06137640209031936,pre_concentration_broad,precompute_vm,2026-06-10,2026-06-11T11:02:39.944501+00:00,off,1.0,20.799999237060547,ELEVATED
2026-06-11,GM,0.08618270380181545,0.08618270380181545,sleeve_2,13,4,0.06137640209031936,pre_concentration_broad,precompute_vm,2026-06-10,2026-06-11T11:02:39.944501+00:00,off,1.0,20.799999237060547,ELEVATED
2026-06-11,C,0.078620555974452,0.078620555974452,sleeve_trend,13,4,0.06137640209031936,pre_concentration_broad,precompute_vm,2026-06-10,2026-06-11T11:02:39.944501+00:00,off,1.0,20.799999237060547,ELEVATED
2026-06-11,MS,0.07623639209807792,0.07623639209807792,sleeve_trend,13,4,0.06137640209031936,pre_concentration_broad,precompute_vm,2026-06-10,2026-06-11T11:02:39.944501+00:00,off,1.0,20.799999237060547,ELEVATED
2026-06-11,WMB,0.07197047830620822,0.07197047830620822,sleeve_mean_reversion,13,4,0.06137640209031936,pre_concentration_broad,precompute_vm,2026-06-10,2026-06-11T11:02:39.944501+00:00,off,1.0,20.799999237060547,ELEVATED
2026-06-11,STX,0.05732947227360722,0.05732947227360722,sleeve_quality,13,4,0.06137640209031936,pre_concentration_broad,precompute_vm,2026-06-10,2026-06-11T11:02:39.944501+00:00,off,1.0,20.799999237060547,ELEVATED
2026-06-11,VZ,0.05646191886093167,0.05646191886093167,sleeve_2,13,4,0.06137640209031936,pre_concentration_broad,precompute_vm,2026-06-10,2026-06-11T11:02:39.944501+00:00,off,1.0,20.799999237060547,ELEVATED
2026-06-11,CAT,0.04362505836491989,0.04362505836491989,sleeve_mean_reversion,13,4,0.06137640209031936,pre_concentration_broad,precompute_vm,2026-06-10,2026-06-11T11:02:39.944501+00:00,off,1.0,20.799999237060547,ELEVATED
2026-06-11,QCOM,0.03800606213631736,0.03800606213631736,sleeve_quality,13,4,0.06137640209031936,pre_concentration_broad,precompute_vm,2026-06-10,2026-06-11T11:02:39.944501+00:00,off,1.0,20.799999237060547,ELEVATED
2026-06-11,KLAC,0.03400573301753918,0.03400573301753918,sleeve_trend,13,4,0.06137640209031936,pre_concentration_broad,precompute_vm,2026-06-10,2026-06-11T11:02:39.944501+00:00,off,1.0,20.799999237060547,ELEVATED
2026-06-12,FTNT,0.1,0.1,"sleeve_quality, sleeve_trend",16,4,0.0,pre_concentration_broad,precompute_vm,2026-06-11,2026-06-12T11:02:07.703669+00:00,off,1.0,19.110000610351562,LOW
2026-06-12,KLAC,0.08869320883209862,0.08869320883209862,"sleeve_2, sleeve_trend",16,4,0.0,pre_concentration_broad,precompute_vm,2026-06-11,2026-06-12T11:02:07.703669+00:00,off,1.0,19.110000610351562,LOW
2026-06-12,MNST,0.0824615979200006,0.0824615979200006,sleeve_trend,16,4,0.0,pre_concentration_broad,precompute_vm,2026-06-11,2026-06-12T11:02:07.703669+00:00,off,1.0,19.110000610351562,LOW
2026-06-12,GM,0.07788004165891806,0.07788004165891806,sleeve_2,16,4,0.0,pre_concentration_broad,precompute_vm,2026-06-11,2026-06-12T11:02:07.703669+00:00,off,1.0,19.110000610351562,LOW
2026-06-12,MAR,0.06531712237422145,0.06531712237422145,sleeve_trend,16,4,0.0,pre_concentration_broad,precompute_vm,2026-06-11,2026-06-12T11:02:07.703669+00:00,off,1.0,19.110000610351562,LOW
2026-06-12,CVS,0.06132860292006193,0.06132860292006193,sleeve_trend,16,4,0.0,pre_concentration_broad,precompute_vm,2026-06-11,2026-06-12T11:02:07.703669+00:00,off,1.0,19.110000610351562,LOW
2026-06-12,WMB,0.05915197052681687,0.05915197052681687,sleeve_mean_reversion,16,4,0.0,pre_concentration_broad,precompute_vm,2026-06-11,2026-06-12T11:02:07.703669+00:00,off,1.0,19.110000610351562,LOW
2026-06-12,TJX,0.05908318403123308,0.05908318403123308,sleeve_trend,16,4,0.0,pre_concentration_broad,precompute_vm,2026-06-11,2026-06-12T11:02:07.703669+00:00,off,1.0,19.110000610351562,LOW
2026-06-12,COST,0.05773394432922682,0.05773394432922682,sleeve_mean_reversion,16,4,0.0,pre_concentration_broad,precompute_vm,2026-06-11,2026-06-12T11:02:07.703669+00:00,off,1.0,19.110000610351562,LOW
2026-06-12,STX,0.056510060781165786,0.056510060781165786,sleeve_quality,16,4,0.0,pre_concentration_broad,precompute_vm,2026-06-11,2026-06-12T11:02:07.703669+00:00,off,1.0,19.110000610351562,LOW
2026-06-12,C,0.05452771157567844,0.05452771157567844,sleeve_trend,16,4,0.0,pre_concentration_broad,precompute_vm,2026-06-11,2026-06-12T11:02:07.703669+00:00,off,1.0,19.110000610351562,LOW
2026-06-12,MS,0.05255813517047271,0.05255813517047271,sleeve_trend,16,4,0.0,pre_concentration_broad,precompute_vm,2026-06-11,2026-06-12T11:02:07.703669+00:00,off,1.0,19.110000610351562,LOW
2026-06-12,VZ,0.05247404629231313,0.05247404629231313,sleeve_2,16,4,0.0,pre_concentration_broad,precompute_vm,2026-06-11,2026-06-12T11:02:07.703669+00:00,off,1.0,19.110000610351562,LOW
2026-06-12,LLY,0.05167564279666736,0.05167564279666736,sleeve_trend,16,4,0.0,pre_concentration_broad,precompute_vm,2026-06-11,2026-06-12T11:02:07.703669+00:00,off,1.0,19.110000610351562,LOW
2026-06-12,GE,0.04141094343837427,0.04141094343837427,sleeve_trend,16,4,0.0,pre_concentration_broad,precompute_vm,2026-06-11,2026-06-12T11:02:07.703669+00:00,off,1.0,19.110000610351562,LOW
2026-06-12,QCOM,0.03919378735275092,0.03919378735275092,sleeve_quality,16,4,0.0,pre_concentration_broad,precompute_vm,2026-06-11,2026-06-12T11:02:07.703669+00:00,off,1.0,19.110000610351562,LOW
2026-06-15,FTNT,0.1,0.1,"sleeve_quality, sleeve_trend",16,4,0.0,pre_concentration_broad,precompute_vm,2026-06-12,2026-06-15T11:01:53.606883+00:00,off,1.0,16.770000457763672,LOW
2026-06-15,SPG,0.08539099897419397,0.08539099897419397,sleeve_trend,16,4,0.0,pre_concentration_broad,precompute_vm,2026-06-12,2026-06-15T11:01:53.606883+00:00,off,1.0,16.770000457763672,LOW
2026-06-15,KLAC,0.08521816608098706,0.08521816608098706,"sleeve_2, sleeve_trend",16,4,0.0,pre_concentration_broad,precompute_vm,2026-06-12,2026-06-15T11:01:53.606883+00:00,off,1.0,16.770000457763672,LOW
2026-06-15,GM,0.07942570285220789,0.07942570285220789,sleeve_2,16,4,0.0,pre_concentration_broad,precompute_vm,2026-06-12,2026-06-15T11:01:53.606883+00:00,off,1.0,16.770000457763672,LOW
2026-06-15,WMB,0.0765176710839027,0.0765176710839027,sleeve_mean_reversion,16,4,0.0,pre_concentration_broad,precompute_vm,2026-06-12,2026-06-15T11:01:53.606883+00:00,off,1.0,16.770000457763672,LOW
2026-06-15,MNST,0.07644301799529893,0.07644301799529893,sleeve_trend,16,4,0.0,pre_concentration_broad,precompute_vm,2026-06-12,2026-06-15T11:01:53.606883+00:00,off,1.0,16.770000457763672,LOW
2026-06-15,MAR,0.06023568081785094,0.06023568081785094,sleeve_trend,16,4,0.0,pre_concentration_broad,precompute_vm,2026-06-12,2026-06-15T11:01:53.606883+00:00,off,1.0,16.770000457763672,LOW
2026-06-15,CVS,0.056733743773386344,0.056733743773386344,sleeve_trend,16,4,0.0,pre_concentration_broad,precompute_vm,2026-06-12,2026-06-15T11:01:53.606883+00:00,off,1.0,16.770000457763672,LOW
2026-06-15,UNH,0.055112806484239454,0.055112806484239454,sleeve_trend,16,4,0.0,pre_concentration_broad,precompute_vm,2026-06-12,2026-06-15T11:01:53.606883+00:00,off,1.0,16.770000457763672,LOW
2026-06-15,STX,0.05373049364479878,0.05373049364479878,sleeve_quality,16,4,0.0,pre_concentration_broad,precompute_vm,2026-06-12,2026-06-15T11:01:53.606883+00:00,off,1.0,16.770000457763672,LOW
2026-06-15,VZ,0.05264938929567034,0.05264938929567034,sleeve_2,16,4,0.0,pre_concentration_broad,precompute_vm,2026-06-12,2026-06-15T11:01:53.606883+00:00,off,1.0,16.770000457763672,LOW
2026-06-15,C,0.05039605709779883,0.05039605709779883,sleeve_trend,16,4,0.0,pre_concentration_broad,precompute_vm,2026-06-12,2026-06-15T11:01:53.606883+00:00,off,1.0,16.770000457763672,LOW
2026-06-15,MS,0.04875272695442197,0.04875272695442197,sleeve_trend,16,4,0.0,pre_concentration_broad,precompute_vm,2026-06-12,2026-06-15T11:01:53.606883+00:00,off,1.0,16.770000457763672,LOW
2026-06-15,GEV,0.04036905263850104,0.04036905263850104,sleeve_mean_reversion,16,4,0.0,pre_concentration_broad,precompute_vm,2026-06-12,2026-06-15T11:01:53.606883+00:00,off,1.0,16.770000457763672,LOW
2026-06-15,QCOM,0.04008950514664712,0.04008950514664712,sleeve_quality,16,4,0.0,pre_concentration_broad,precompute_vm,2026-06-12,2026-06-15T11:01:53.606883+00:00,off,1.0,16.770000457763672,LOW
2026-06-15,GE,0.038934987160094595,0.038934987160094595,sleeve_trend,16,4,0.0,pre_concentration_broad,precompute_vm,2026-06-12,2026-06-15T11:01:53.606883+00:00,off,1.0,16.770000457763672,LOW
2026-06-16,KLAC,0.1,0.1,"sleeve_2, sleeve_trend",16,4,0.0,pre_concentration_broad,precompute_vm,2026-06-15,2026-06-16T11:01:59.406440+00:00,off,1.0,16.18000030517578,LOW
2026-06-16,PSX,0.1,0.1,sleeve_mean_reversion,16,4,0.0,pre_concentration_broad,precompute_vm,2026-06-15,2026-06-16T11:01:59.406440+00:00,off,1.0,16.18000030517578,LOW
2026-06-16,SPG,0.1,0.1,sleeve_trend,16,4,0.0,pre_concentration_broad,precompute_vm,2026-06-15,2026-06-16T11:01:59.406440+00:00,off,1.0,16.18000030517578,LOW
2026-06-16,MNST,0.09595144369161991,0.09595144369161991,sleeve_trend,16,4,0.0,pre_concentration_broad,precompute_vm,2026-06-15,2026-06-16T11:01:59.406440+00:00,off,1.0,16.18000030517578,LOW
2026-06-16,PLD,0.08371783240704,0.08371783240704,sleeve_trend,16,4,0.0,pre_concentration_broad,precompute_vm,2026-06-15,2026-06-16T11:01:59.406440+00:00,off,1.0,16.18000030517578,LOW
2026-06-16,FTNT,0.07964830065732685,0.07964830065732685,sleeve_quality,16,4,0.0,pre_concentration_broad,precompute_vm,2026-06-15,2026-06-16T11:01:59.406440+00:00,off,1.0,16.18000030517578,LOW
2026-06-16,MAR,0.07378117945187941,0.07378117945187941,sleeve_trend,16,4,0.0,pre_concentration_broad,precompute_vm,2026-06-15,2026-06-16T11:01:59.406440+00:00,off,1.0,16.18000030517578,LOW
2026-06-16,ALL,0.059992101962030066,0.059992101962030066,sleeve_2,16,4,0.0,pre_concentration_broad,precompute_vm,2026-06-15,2026-06-16T11:01:59.406440+00:00,off,1.0,16.18000030517578,LOW
2026-06-16,STX,0.05563115535993206,0.05563115535993206,sleeve_quality,16,4,0.0,pre_concentration_broad,precompute_vm,2026-06-15,2026-06-16T11:01:59.406440+00:00,off,1.0,16.18000030517578,LOW
2026-06-16,CB,0.04976309034166487,0.04976309034166487,sleeve_2,16,4,0.0,pre_concentration_broad,precompute_vm,2026-06-15,2026-06-16T11:01:59.406440+00:00,off,1.0,16.18000030517578,LOW
2026-06-16,QCOM,0.04176891233866875,0.04176891233866875,sleeve_quality,16,4,0.0,pre_concentration_broad,precompute_vm,2026-06-15,2026-06-16T11:01:59.406440+00:00,off,1.0,16.18000030517578,LOW
2026-06-16,PWR,0.04101623955101538,0.04101623955101538,sleeve_trend,16,4,0.0,pre_concentration_broad,precompute_vm,2026-06-15,2026-06-16T11:01:59.406440+00:00,off,1.0,16.18000030517578,LOW
2026-06-16,RCL,0.03588468263474661,0.03588468263474661,sleeve_trend,16,4,0.0,pre_concentration_broad,precompute_vm,2026-06-15,2026-06-16T11:01:59.406440+00:00,off,1.0,16.18000030517578,LOW
2026-06-16,FCX,0.032213017954497845,0.032213017954497845,sleeve_trend,16,4,0.0,pre_concentration_broad,precompute_vm,2026-06-15,2026-06-16T11:01:59.406440+00:00,off,1.0,16.18000030517578,LOW
2026-06-16,DELL,0.025316021824789092,0.025316021824789092,sleeve_trend,16,4,0.0,pre_concentration_broad,precompute_vm,2026-06-15,2026-06-16T11:01:59.406440+00:00,off,1.0,16.18000030517578,LOW
2026-06-16,HOOD,0.025316021824789092,0.025316021824789092,sleeve_trend,16,4,0.0,pre_concentration_broad,precompute_vm,2026-06-15,2026-06-16T11:01:59.406440+00:00,off,1.0,16.18000030517578,LOW
2026-06-17,FTNT,0.07758732104459468,0.07758732104459468,sleeve_quality,8,4,0.5583412399742469,pre_conc_riskoff_narrow,precompute_vm,2026-06-16,2026-06-17T11:01:47.939495+00:00,off,1.0,16.3799991607666,LOW
2026-06-17,GM,0.07606332586009085,0.07606332586009085,sleeve_2,8,4,0.5583412399742469,pre_conc_riskoff_narrow,precompute_vm,2026-06-16,2026-06-17T11:01:47.939495+00:00,off,1.0,16.3799991607666,LOW
2026-06-17,KMI,0.057892201021462614,0.057892201021462614,sleeve_mean_reversion,8,4,0.5583412399742469,pre_conc_riskoff_narrow,precompute_vm,2026-06-16,2026-06-17T11:01:47.939495+00:00,off,1.0,16.3799991607666,LOW
2026-06-17,NEE,0.05770333937579384,0.05770333937579384,sleeve_mean_reversion,8,4,0.5583412399742469,pre_conc_riskoff_narrow,precompute_vm,2026-06-16,2026-06-17T11:01:47.939495+00:00,off,1.0,16.3799991607666,LOW
2026-06-17,VZ,0.05202795356640721,0.05202795356640721,sleeve_2,8,4,0.5583412399742469,pre_conc_riskoff_narrow,precompute_vm,2026-06-16,2026-06-17T11:01:47.939495+00:00,off,1.0,16.3799991607666,LOW
2026-06-17,KLAC,0.04399474185402976,0.04399474185402976,"sleeve_2, sleeve_trend",8,4,0.5583412399742469,pre_conc_riskoff_narrow,precompute_vm,2026-06-16,2026-06-17T11:01:47.939495+00:00,off,1.0,16.3799991607666,LOW
2026-06-17,QCOM,0.038641549201440924,0.038641549201440924,sleeve_quality,8,4,0.5583412399742469,pre_conc_riskoff_narrow,precompute_vm,2026-06-16,2026-06-17T11:01:47.939495+00:00,off,1.0,16.3799991607666,LOW
2026-06-17,STX,0.037748328101933244,0.037748328101933244,"sleeve_quality, sleeve_trend",8,4,0.5583412399742469,pre_conc_riskoff_narrow,precompute_vm,2026-06-16,2026-06-17T11:01:47.939495+00:00,off,1.0,16.3799991607666,LOW
2026-06-18,MNST,0.09078004795328476,0.09078004795328476,sleeve_trend,17,4,0.0,pre_concentration_broad,precompute_vm,2026-06-17,2026-06-18T11:05:37.015570+00:00,off,1.0,17.170000076293945,LOW
2026-06-18,GM,0.07715094887125423,0.07715094887125423,sleeve_2,17,4,0.0,pre_concentration_broad,precompute_vm,2026-06-17,2026-06-18T11:05:37.015570+00:00,off,1.0,17.170000076293945,LOW
2026-06-18,STX,0.07650287122722928,0.07650287122722928,"sleeve_quality, sleeve_trend",17,4,0.0,pre_concentration_broad,precompute_vm,2026-06-17,2026-06-18T11:05:37.015570+00:00,off,1.0,17.170000076293945,LOW
2026-06-18,FTNT,0.07589393341583078,0.07589393341583078,sleeve_quality,17,4,0.0,pre_concentration_broad,precompute_vm,2026-06-17,2026-06-18T11:05:37.015570+00:00,off,1.0,17.170000076293945,LOW
2026-06-18,SPG,0.07415096016816032,0.07415096016816032,sleeve_trend,17,4,0.0,pre_concentration_broad,precompute_vm,2026-06-17,2026-06-18T11:05:37.015570+00:00,off,1.0,17.170000076293945,LOW
2026-06-18,APD,0.07097722942333086,0.07097722942333086,sleeve_mean_reversion,17,4,0.0,pre_concentration_broad,precompute_vm,2026-06-17,2026-06-18T11:05:37.015570+00:00,off,1.0,17.170000076293945,LOW
2026-06-18,KLAC,0.0675180825100947,0.0675180825100947,sleeve_2,17,4,0.0,pre_concentration_broad,precompute_vm,2026-06-17,2026-06-18T11:05:37.015570+00:00,off,1.0,17.170000076293945,LOW
2026-06-18,MAR,0.059335374904697064,0.059335374904697064,sleeve_trend,17,4,0.0,pre_concentration_broad,precompute_vm,2026-06-17,2026-06-18T11:05:37.015570+00:00,off,1.0,17.170000076293945,LOW
2026-06-18,CVS,0.05820386453950859,0.05820386453950859,sleeve_trend,17,4,0.0,pre_concentration_broad,precompute_vm,2026-06-17,2026-06-18T11:05:37.015570+00:00,off,1.0,17.170000076293945,LOW
2026-06-18,C,0.05669741278512812,0.05669741278512812,sleeve_trend,17,4,0.0,pre_concentration_broad,precompute_vm,2026-06-17,2026-06-18T11:05:37.015570+00:00,off,1.0,17.170000076293945,LOW
2026-06-18,VZ,0.05188612261108128,0.05188612261108128,sleeve_2,17,4,0.0,pre_concentration_broad,precompute_vm,2026-06-17,2026-06-18T11:05:37.015570+00:00,off,1.0,17.170000076293945,LOW
2026-06-18,MS,0.051099522414804775,0.051099522414804775,sleeve_trend,17,4,0.0,pre_concentration_broad,precompute_vm,2026-06-17,2026-06-18T11:05:37.015570+00:00,off,1.0,17.170000076293945,LOW
2026-06-18,PLD,0.04891849132171056,0.04891849132171056,sleeve_mean_reversion,17,4,0.0,pre_concentration_broad,precompute_vm,2026-06-17,2026-06-18T11:05:37.015570+00:00,off,1.0,17.170000076293945,LOW
2026-06-18,GE,0.04194406059175022,0.04194406059175022,sleeve_trend,17,4,0.0,pre_concentration_broad,precompute_vm,2026-06-17,2026-06-18T11:05:37.015570+00:00,off,1.0,17.170000076293945,LOW
2026-06-18,HWM,0.04088249814004612,0.04088249814004612,sleeve_trend,17,4,0.0,pre_concentration_broad,precompute_vm,2026-06-17,2026-06-18T11:05:37.015570+00:00,off,1.0,17.170000076293945,LOW
2026-06-18,QCOM,0.039123781806445816,0.039123781806445816,sleeve_quality,17,4,0.0,pre_concentration_broad,precompute_vm,2026-06-17,2026-06-18T11:05:37.015570+00:00,off,1.0,17.170000076293945,LOW
2026-06-18,WDC,0.018934797315642585,0.018934797315642585,sleeve_trend,17,4,0.0,pre_concentration_broad,precompute_vm,2026-06-17,2026-06-18T11:05:37.015570+00:00,off,1.0,17.170000076293945,LOW
2026-06-19,MNST,0.09137811407273203,0.09137811407273203,sleeve_trend,17,4,0.0,pre_concentration_broad,precompute_vm,2026-06-18,2026-06-19T11:02:08.349876+00:00,off,1.0,17.219999313354492,LOW
2026-06-19,GM,0.07928820216889612,0.07928820216889612,sleeve_2,17,4,0.0,pre_concentration_broad,precompute_vm,2026-06-18,2026-06-19T11:02:08.349876+00:00,off,1.0,17.219999313354492,LOW
2026-06-19,STX,0.07672310371745501,0.07672310371745501,"sleeve_quality, sleeve_trend",17,4,0.0,pre_concentration_broad,precompute_vm,2026-06-18,2026-06-19T11:02:08.349876+00:00,off,1.0,17.219999313354492,LOW
2026-06-19,FTNT,0.07642698780132323,0.07642698780132323,sleeve_quality,17,4,0.0,pre_concentration_broad,precompute_vm,2026-06-18,2026-06-19T11:02:08.349876+00:00,off,1.0,17.219999313354492,LOW
2026-06-19,MAR,0.06498926146170278,0.06498926146170278,sleeve_trend,17,4,0.0,pre_concentration_broad,precompute_vm,2026-06-18,2026-06-19T11:02:08.349876+00:00,off,1.0,17.219999313354492,LOW
2026-06-19,JNJ,0.06446228951791051,0.06446228951791051,sleeve_mean_reversion,17,4,0.0,pre_concentration_broad,precompute_vm,2026-06-18,2026-06-19T11:02:08.349876+00:00,off,1.0,17.219999313354492,LOW
2026-06-19,KLAC,0.06358740556106338,0.06358740556106338,sleeve_2,17,4,0.0,pre_concentration_broad,precompute_vm,2026-06-18,2026-06-19T11:02:08.349876+00:00,off,1.0,17.219999313354492,LOW
2026-06-19,C,0.06277973252241491,0.06277973252241491,sleeve_trend,17,4,0.0,pre_concentration_broad,precompute_vm,2026-06-18,2026-06-19T11:02:08.349876+00:00,off,1.0,17.219999313354492,LOW
2026-06-19,CVS,0.05913061524488991,0.05913061524488991,sleeve_trend,17,4,0.0,pre_concentration_broad,precompute_vm,2026-06-18,2026-06-19T11:02:08.349876+00:00,off,1.0,17.219999313354492,LOW
2026-06-19,UNH,0.056670096984751846,0.056670096984751846,sleeve_trend,17,4,0.0,pre_concentration_broad,precompute_vm,2026-06-18,2026-06-19T11:02:08.349876+00:00,off,1.0,17.219999313354492,LOW
2026-06-19,MS,0.05638773399879537,0.05638773399879537,sleeve_trend,17,4,0.0,pre_concentration_broad,precompute_vm,2026-06-18,2026-06-19T11:02:08.349876+00:00,off,1.0,17.219999313354492,LOW
2026-06-19,MO,0.0554334314892736,0.0554334314892736,sleeve_mean_reversion,17,4,0.0,pre_concentration_broad,precompute_vm,2026-06-18,2026-06-19T11:02:08.349876+00:00,off,1.0,17.219999313354492,LOW
2026-06-19,VZ,0.05367954620392594,0.05367954620392594,sleeve_2,17,4,0.0,pre_concentration_broad,precompute_vm,2026-06-18,2026-06-19T11:02:08.349876+00:00,off,1.0,17.219999313354492,LOW
2026-06-19,GE,0.046693785803335025,0.046693785803335025,sleeve_trend,17,4,0.0,pre_concentration_broad,precompute_vm,2026-06-18,2026-06-19T11:02:08.349876+00:00,off,1.0,17.219999313354492,LOW
2026-06-19,QCOM,0.03860088900554083,0.03860088900554083,sleeve_quality,17,4,0.0,pre_concentration_broad,precompute_vm,2026-06-18,2026-06-19T11:02:08.349876+00:00,off,1.0,17.219999313354492,LOW
2026-06-19,CAT,0.03458046513803992,0.03458046513803992,sleeve_trend,17,4,0.0,pre_concentration_broad,precompute_vm,2026-06-18,2026-06-19T11:02:08.349876+00:00,off,1.0,17.219999313354492,LOW
2026-06-19,WDC,0.01918833930794963,0.01918833930794963,sleeve_trend,17,4,0.0,pre_concentration_broad,precompute_vm,2026-06-18,2026-06-19T11:02:08.349876+00:00,off,1.0,17.219999313354492,LOW
2026-06-22,MNST,0.09137811407273203,0.09137811407273203,sleeve_trend,17,4,0.0,pre_concentration_broad,precompute_vm,2026-06-18,2026-06-22T11:02:31.013068+00:00,off,1.0,17.420000076293945,LOW
2026-06-22,GM,0.07928820216889612,0.07928820216889612,sleeve_2,17,4,0.0,pre_concentration_broad,precompute_vm,2026-06-18,2026-06-22T11:02:31.013068+00:00,off,1.0,17.420000076293945,LOW
2026-06-22,STX,0.07672310371745501,0.07672310371745501,"sleeve_quality, sleeve_trend",17,4,0.0,pre_concentration_broad,precompute_vm,2026-06-18,2026-06-22T11:02:31.013068+00:00,off,1.0,17.420000076293945,LOW
2026-06-22,FTNT,0.07642698780132323,0.07642698780132323,sleeve_quality,17,4,0.0,pre_concentration_broad,precompute_vm,2026-06-18,2026-06-22T11:02:31.013068+00:00,off,1.0,17.420000076293945,LOW
2026-06-22,MAR,0.06498926146170278,0.06498926146170278,sleeve_trend,17,4,0.0,pre_concentration_broad,precompute_vm,2026-06-18,2026-06-22T11:02:31.013068+00:00,off,1.0,17.420000076293945,LOW
2026-06-22,JNJ,0.06446228951791051,0.06446228951791051,sleeve_mean_reversion,17,4,0.0,pre_concentration_broad,precompute_vm,2026-06-18,2026-06-22T11:02:31.013068+00:00,off,1.0,17.420000076293945,LOW
2026-06-22,KLAC,0.06358740556106338,0.06358740556106338,sleeve_2,17,4,0.0,pre_concentration_broad,precompute_vm,2026-06-18,2026-06-22T11:02:31.013068+00:00,off,1.0,17.420000076293945,LOW
2026-06-22,C,0.06277973252241491,0.06277973252241491,sleeve_trend,17,4,0.0,pre_concentration_broad,precompute_vm,2026-06-18,2026-06-22T11:02:31.013068+00:00,off,1.0,17.420000076293945,LOW
2026-06-22,CVS,0.05913061524488991,0.05913061524488991,sleeve_trend,17,4,0.0,pre_concentration_broad,precompute_vm,2026-06-18,2026-06-22T11:02:31.013068+00:00,off,1.0,17.420000076293945,LOW
2026-06-22,UNH,0.056670096984751846,0.056670096984751846,sleeve_trend,17,4,0.0,pre_concentration_broad,precompute_vm,2026-06-18,2026-06-22T11:02:31.013068+00:00,off,1.0,17.420000076293945,LOW
2026-06-22,MS,0.05638773399879537,0.05638773399879537,sleeve_trend,17,4,0.0,pre_concentration_broad,precompute_vm,2026-06-18,2026-06-22T11:02:31.013068+00:00,off,1.0,17.420000076293945,LOW
2026-06-22,MO,0.0554334314892736,0.0554334314892736,sleeve_mean_reversion,17,4,0.0,pre_concentration_broad,precompute_vm,2026-06-18,2026-06-22T11:02:31.013068+00:00,off,1.0,17.420000076293945,LOW
2026-06-22,VZ,0.05367954620392594,0.05367954620392594,sleeve_2,17,4,0.0,pre_concentration_broad,precompute_vm,2026-06-18,2026-06-22T11:02:31.013068+00:00,off,1.0,17.420000076293945,LOW
2026-06-22,GE,0.046693785803335025,0.046693785803335025,sleeve_trend,17,4,0.0,pre_concentration_broad,precompute_vm,2026-06-18,2026-06-22T11:02:31.013068+00:00,off,1.0,17.420000076293945,LOW
2026-06-22,QCOM,0.03860088900554083,0.03860088900554083,sleeve_quality,17,4,0.0,pre_concentration_broad,precompute_vm,2026-06-18,2026-06-22T11:02:31.013068+00:00,off,1.0,17.420000076293945,LOW
2026-06-22,CAT,0.03458046513803992,0.03458046513803992,sleeve_trend,17,4,0.0,pre_concentration_broad,precompute_vm,2026-06-18,2026-06-22T11:02:31.013068+00:00,off,1.0,17.420000076293945,LOW
2026-06-22,WDC,0.01918833930794963,0.01918833930794963,sleeve_trend,17,4,0.0,pre_concentration_broad,precompute_vm,2026-06-18,2026-06-22T11:02:31.013068+00:00,off,1.0,17.420000076293945,LOW
2026-06-23,MNST,0.08785820143826177,0.08785820143826177,sleeve_trend,17,4,0.0,pre_concentration_broad,precompute_vm,2026-06-22,2026-06-23T11:04:03.731664+00:00,off,1.0,19.959999084472656,LOW
2026-06-23,STX,0.07976353639452542,0.07976353639452542,"sleeve_quality, sleeve_trend",17,4,0.0,pre_concentration_broad,precompute_vm,2026-06-22,2026-06-23T11:04:03.731664+00:00,off,1.0,19.959999084472656,LOW
2026-06-23,GM,0.07953202396560691,0.07953202396560691,sleeve_2,17,4,0.0,pre_concentration_broad,precompute_vm,2026-06-22,2026-06-23T11:04:03.731664+00:00,off,1.0,19.959999084472656,LOW
2026-06-23,FTNT,0.07491426640521529,0.07491426640521529,sleeve_quality,17,4,0.0,pre_concentration_broad,precompute_vm,2026-06-22,2026-06-23T11:04:03.731664+00:00,off,1.0,19.959999084472656,LOW
2026-06-23,EQIX,0.07482782769796706,0.07482782769796706,sleeve_trend,17,4,0.0,pre_concentration_broad,precompute_vm,2026-06-22,2026-06-23T11:04:03.731664+00:00,off,1.0,19.959999084472656,LOW
2026-06-23,NEE,0.06805097226053429,0.06805097226053429,sleeve_mean_reversion,17,4,0.0,pre_concentration_broad,precompute_vm,2026-06-22,2026-06-23T11:04:03.731664+00:00,off,1.0,19.959999084472656,LOW
2026-06-23,KLAC,0.06239236574687032,0.06239236574687032,sleeve_2,17,4,0.0,pre_concentration_broad,precompute_vm,2026-06-22,2026-06-23T11:04:03.731664+00:00,off,1.0,19.959999084472656,LOW
2026-06-23,C,0.06160509714777023,0.06160509714777023,sleeve_trend,17,4,0.0,pre_concentration_broad,precompute_vm,2026-06-22,2026-06-23T11:04:03.731664+00:00,off,1.0,19.959999084472656,LOW
2026-06-23,MAR,0.057457081982367555,0.057457081982367555,sleeve_trend,17,4,0.0,pre_concentration_broad,precompute_vm,2026-06-22,2026-06-23T11:04:03.731664+00:00,off,1.0,19.959999084472656,LOW
2026-06-23,MS,0.05560860504443114,0.05560860504443114,sleeve_trend,17,4,0.0,pre_concentration_broad,precompute_vm,2026-06-22,2026-06-23T11:04:03.731664+00:00,off,1.0,19.959999084472656,LOW
2026-06-23,CVS,0.054968787206147084,0.054968787206147084,sleeve_trend,17,4,0.0,pre_concentration_broad,precompute_vm,2026-06-22,2026-06-23T11:04:03.731664+00:00,off,1.0,19.959999084472656,LOW
2026-06-23,VZ,0.05463081314375698,0.05463081314375698,sleeve_2,17,4,0.0,pre_concentration_broad,precompute_vm,2026-06-22,2026-06-23T11:04:03.731664+00:00,off,1.0,19.959999084472656,LOW
2026-06-23,NSC,0.05184452968972033,0.05184452968972033,sleeve_mean_reversion,17,4,0.0,pre_concentration_broad,precompute_vm,2026-06-22,2026-06-23T11:04:03.731664+00:00,off,1.0,19.959999084472656,LOW
2026-06-23,GE,0.04567908479852117,0.04567908479852117,sleeve_trend,17,4,0.0,pre_concentration_broad,precompute_vm,2026-06-22,2026-06-23T11:04:03.731664+00:00,off,1.0,19.959999084472656,LOW
2026-06-23,QCOM,0.03821761669744766,0.03821761669744766,sleeve_quality,17,4,0.0,pre_concentration_broad,precompute_vm,2026-06-22,2026-06-23T11:04:03.731664+00:00,off,1.0,19.959999084472656,LOW
2026-06-23,CAT,0.03360792349263141,0.03360792349263141,sleeve_trend,17,4,0.0,pre_concentration_broad,precompute_vm,2026-06-22,2026-06-23T11:04:03.731664+00:00,off,1.0,19.959999084472656,LOW
2026-06-23,WDC,0.019041266888225397,0.019041266888225397,sleeve_trend,17,4,0.0,pre_concentration_broad,precompute_vm,2026-06-22,2026-06-23T11:04:03.731664+00:00,off,1.0,19.959999084472656,LOW
2026-06-24,MNST,0.08844135530277794,0.08844135530277794,sleeve_trend,17,4,0.0,pre_concentration_broad,precompute_vm,2026-06-23,2026-06-24T11:02:17.974028+00:00,off,1.0,19.100000381469727,LOW
2026-06-24,GM,0.07855120112163044,0.07855120112163044,sleeve_2,17,4,0.0,pre_concentration_broad,precompute_vm,2026-06-23,2026-06-24T11:02:17.974028+00:00,off,1.0,19.100000381469727,LOW
2026-06-24,FTNT,0.07619846941935167,0.07619846941935167,sleeve_quality,17,4,0.0,pre_concentration_broad,precompute_vm,2026-06-23,2026-06-24T11:02:17.974028+00:00,off,1.0,19.100000381469727,LOW
2026-06-24,EQIX,0.07543413910566323,0.07543413910566323,sleeve_trend,17,4,0.0,pre_concentration_broad,precompute_vm,2026-06-23,2026-06-24T11:02:17.974028+00:00,off,1.0,19.100000381469727,LOW
2026-06-24,STX,0.07502240654094519,0.07502240654094519,"sleeve_quality, sleeve_trend",17,4,0.0,pre_concentration_broad,precompute_vm,2026-06-23,2026-06-24T11:02:17.974028+00:00,off,1.0,19.100000381469727,LOW
2026-06-24,NSC,0.07439575110588824,0.07439575110588824,sleeve_mean_reversion,17,4,0.0,pre_concentration_broad,precompute_vm,2026-06-23,2026-06-24T11:02:17.974028+00:00,off,1.0,19.100000381469727,LOW
2026-06-24,KLAC,0.06659256006906697,0.06659256006906697,sleeve_2,17,4,0.0,pre_concentration_broad,precompute_vm,2026-06-23,2026-06-24T11:02:17.974028+00:00,off,1.0,19.100000381469727,LOW
2026-06-24,C,0.061605035542673096,0.061605035542673096,sleeve_trend,17,4,0.0,pre_concentration_broad,precompute_vm,2026-06-23,2026-06-24T11:02:17.974028+00:00,off,1.0,19.100000381469727,LOW
2026-06-24,MAR,0.058028436830346655,0.058028436830346655,sleeve_trend,17,4,0.0,pre_concentration_broad,precompute_vm,2026-06-23,2026-06-24T11:02:17.974028+00:00,off,1.0,19.100000381469727,LOW
2026-06-24,MS,0.05557151821533611,0.05557151821533611,sleeve_trend,17,4,0.0,pre_concentration_broad,precompute_vm,2026-06-23,2026-06-24T11:02:17.974028+00:00,off,1.0,19.100000381469727,LOW
2026-06-24,CVS,0.055545287767489016,0.055545287767489016,sleeve_trend,17,4,0.0,pre_concentration_broad,precompute_vm,2026-06-23,2026-06-24T11:02:17.974028+00:00,off,1.0,19.100000381469727,LOW
2026-06-24,VZ,0.05141144166553681,0.05141144166553681,sleeve_2,17,4,0.0,pre_concentration_broad,precompute_vm,2026-06-23,2026-06-24T11:02:17.974028+00:00,off,1.0,19.100000381469727,LOW
2026-06-24,GE,0.04607609609469033,0.04607609609469033,sleeve_trend,17,4,0.0,pre_concentration_broad,precompute_vm,2026-06-23,2026-06-24T11:02:17.974028+00:00,off,1.0,19.100000381469727,LOW
2026-06-24,SNPS,0.0454997508443664,0.0454997508443664,sleeve_mean_reversion,17,4,0.0,pre_concentration_broad,precompute_vm,2026-06-23,2026-06-24T11:02:17.974028+00:00,off,1.0,19.100000381469727,LOW
2026-06-24,QCOM,0.04044426043198128,0.04044426043198128,sleeve_quality,17,4,0.0,pre_concentration_broad,precompute_vm,2026-06-23,2026-06-24T11:02:17.974028+00:00,off,1.0,19.100000381469727,LOW
2026-06-24,CAT,0.03197800186064085,0.03197800186064085,sleeve_trend,17,4,0.0,pre_concentration_broad,precompute_vm,2026-06-23,2026-06-24T11:02:17.974028+00:00,off,1.0,19.100000381469727,LOW
2026-06-24,WDC,0.0192042880816159,0.0192042880816159,sleeve_trend,17,4,0.0,pre_concentration_broad,precompute_vm,2026-06-23,2026-06-24T11:02:17.974028+00:00,off,1.0,19.100000381469727,LOW
2026-06-25,MNST,0.08902630712636446,0.08902630712636446,sleeve_trend,17,4,0.0,pre_concentration_broad,precompute_vm,2026-06-24,2026-06-25T11:02:42.490868+00:00,off,1.0,17.950000762939453,LOW
2026-06-25,GM,0.07890785857050417,0.07890785857050417,sleeve_2,17,4,0.0,pre_concentration_broad,precompute_vm,2026-06-24,2026-06-25T11:02:42.490868+00:00,off,1.0,17.950000762939453,LOW
2026-06-25,FTNT,0.07713467236199344,0.07713467236199344,sleeve_quality,17,4,0.0,pre_concentration_broad,precompute_vm,2026-06-24,2026-06-25T11:02:42.490868+00:00,off,1.0,17.950000762939453,LOW
2026-06-25,STX,0.07459914796722929,0.07459914796722929,"sleeve_quality, sleeve_trend",17,4,0.0,pre_concentration_broad,precompute_vm,2026-06-24,2026-06-25T11:02:42.490868+00:00,off,1.0,17.950000762939453,LOW
2026-06-25,SPG,0.07172919698620511,0.07172919698620511,sleeve_trend,17,4,0.0,pre_concentration_broad,precompute_vm,2026-06-24,2026-06-25T11:02:42.490868+00:00,off,1.0,17.950000762939453,LOW
2026-06-25,KLAC,0.0680103943737874,0.0680103943737874,sleeve_2,17,4,0.0,pre_concentration_broad,precompute_vm,2026-06-24,2026-06-25T11:02:42.490868+00:00,off,1.0,17.950000762939453,LOW
2026-06-25,UNH,0.06360776655204092,0.06360776655204092,sleeve_trend,17,4,0.0,pre_concentration_broad,precompute_vm,2026-06-24,2026-06-25T11:02:42.490868+00:00,off,1.0,17.950000762939453,LOW
2026-06-25,CVS,0.06222631844819899,0.06222631844819899,sleeve_trend,17,4,0.0,pre_concentration_broad,precompute_vm,2026-06-24,2026-06-25T11:02:42.490868+00:00,off,1.0,17.950000762939453,LOW
2026-06-25,C,0.06108896276376461,0.06108896276376461,sleeve_trend,17,4,0.0,pre_concentration_broad,precompute_vm,2026-06-24,2026-06-25T11:02:42.490868+00:00,off,1.0,17.950000762939453,LOW
2026-06-25,NSC,0.05535726029108403,0.05535726029108403,sleeve_mean_reversion,17,4,0.0,pre_concentration_broad,precompute_vm,2026-06-24,2026-06-25T11:02:42.490868+00:00,off,1.0,17.950000762939453,LOW
2026-06-25,VZ,0.05283198014175895,0.05283198014175895,sleeve_2,17,4,0.0,pre_concentration_broad,precompute_vm,2026-06-24,2026-06-25T11:02:42.490868+00:00,off,1.0,17.950000762939453,LOW
2026-06-25,MS,0.05182285909940223,0.05182285909940223,sleeve_trend,17,4,0.0,pre_concentration_broad,precompute_vm,2026-06-24,2026-06-25T11:02:42.490868+00:00,off,1.0,17.950000762939453,LOW
2026-06-25,UNP,0.05023202927809701,0.05023202927809701,sleeve_mean_reversion,17,4,0.0,pre_concentration_broad,precompute_vm,2026-06-24,2026-06-25T11:02:42.490868+00:00,off,1.0,17.950000762939453,LOW
2026-06-25,GE,0.048471423139570785,0.048471423139570785,sleeve_trend,17,4,0.0,pre_concentration_broad,precompute_vm,2026-06-24,2026-06-25T11:02:42.490868+00:00,off,1.0,17.950000762939453,LOW
2026-06-25,QCOM,0.042350077131228285,0.042350077131228285,sleeve_quality,17,4,0.0,pre_concentration_broad,precompute_vm,2026-06-24,2026-06-25T11:02:42.490868+00:00,off,1.0,17.950000762939453,LOW
2026-06-25,CAT,0.0331218255362692,0.0331218255362692,sleeve_trend,17,4,0.0,pre_concentration_broad,precompute_vm,2026-06-24,2026-06-25T11:02:42.490868+00:00,off,1.0,17.950000762939453,LOW
2026-06-25,WDC,0.0194819202325011,0.0194819202325011,sleeve_trend,17,4,0.0,pre_concentration_broad,precompute_vm,2026-06-24,2026-06-25T11:02:42.490868+00:00,off,1.0,17.950000762939453,LOW
2026-06-26,MNST,0.1,0.1,sleeve_trend,14,4,0.0452271908154489,pre_concentration_broad,precompute_vm,2026-06-25,2026-06-26T11:03:09.812720+00:00,off,1.0,20.190000534057617,ELEVATED
2026-06-26,C,0.09811159090727474,0.09811159090727474,sleeve_trend,14,4,0.0452271908154489,pre_concentration_broad,precompute_vm,2026-06-25,2026-06-26T11:03:09.812720+00:00,off,1.0,20.190000534057617,ELEVATED
2026-06-26,CVS,0.09288529369308121,0.09288529369308121,sleeve_trend,14,4,0.0452271908154489,pre_concentration_broad,precompute_vm,2026-06-25,2026-06-26T11:03:09.812720+00:00,off,1.0,20.190000534057617,ELEVATED
2026-06-26,STX,0.08512138347446149,0.08512138347446149,"sleeve_quality, sleeve_trend",14,4,0.0452271908154489,pre_concentration_broad,precompute_vm,2026-06-25,2026-06-26T11:03:09.812720+00:00,off,1.0,20.190000534057617,ELEVATED
2026-06-26,GM,0.08129955033732336,0.08129955033732336,sleeve_2,14,4,0.0452271908154489,pre_concentration_broad,precompute_vm,2026-06-25,2026-06-26T11:03:09.812720+00:00,off,1.0,20.190000534057617,ELEVATED
2026-06-26,FTNT,0.07962245691949167,0.07962245691949167,sleeve_quality,14,4,0.0452271908154489,pre_concentration_broad,precompute_vm,2026-06-25,2026-06-26T11:03:09.812720+00:00,off,1.0,20.190000534057617,ELEVATED
2026-06-26,GE,0.07492855393974397,0.07492855393974397,sleeve_trend,14,4,0.0452271908154489,pre_concentration_broad,precompute_vm,2026-06-25,2026-06-26T11:03:09.812720+00:00,off,1.0,20.190000534057617,ELEVATED
2026-06-26,PLD,0.07238676302327518,0.07238676302327518,sleeve_mean_reversion,14,4,0.0452271908154489,pre_concentration_broad,precompute_vm,2026-06-25,2026-06-26T11:03:09.812720+00:00,off,1.0,20.190000534057617,ELEVATED
2026-06-26,KLAC,0.06476514712104907,0.06476514712104907,sleeve_2,14,4,0.0452271908154489,pre_concentration_broad,precompute_vm,2026-06-25,2026-06-26T11:03:09.812720+00:00,off,1.0,20.190000534057617,ELEVATED
2026-06-26,VZ,0.0536853929521478,0.0536853929521478,sleeve_2,14,4,0.0452271908154489,pre_concentration_broad,precompute_vm,2026-06-25,2026-06-26T11:03:09.812720+00:00,off,1.0,20.190000534057617,ELEVATED
2026-06-26,CAT,0.04709730603853754,0.04709730603853754,sleeve_trend,14,4,0.0452271908154489,pre_concentration_broad,precompute_vm,2026-06-25,2026-06-26T11:03:09.812720+00:00,off,1.0,20.190000534057617,ELEVATED
2026-06-26,QCOM,0.04145623174586916,0.04145623174586916,sleeve_quality,14,4,0.0452271908154489,pre_concentration_broad,precompute_vm,2026-06-25,2026-06-26T11:03:09.812720+00:00,off,1.0,20.190000534057617,ELEVATED
2026-06-26,FCX,0.03320316539633645,0.03320316539633645,sleeve_mean_reversion,14,4,0.0452271908154489,pre_concentration_broad,precompute_vm,2026-06-25,2026-06-26T11:03:09.812720+00:00,off,1.0,20.190000534057617,ELEVATED
2026-06-26,AMAT,0.03020997363595939,0.03020997363595939,sleeve_trend,14,4,0.0452271908154489,pre_concentration_broad,precompute_vm,2026-06-25,2026-06-26T11:03:09.812720+00:00,off,1.0,20.190000534057617,ELEVATED
2026-06-29,MNST,0.1,0.1,sleeve_trend,17,4,0.0,pre_concentration_broad,precompute_vm,2026-06-26,2026-06-29T11:04:06.275637+00:00,off,1.0,18.399999618530273,LOW
2026-06-29,FTNT,0.08324687869215039,0.08324687869215039,sleeve_quality,17,4,0.0,pre_concentration_broad,precompute_vm,2026-06-26,2026-06-29T11:04:06.275637+00:00,off,1.0,18.399999618530273,LOW
2026-06-29,GM,0.07993164542855848,0.07993164542855848,sleeve_2,17,4,0.0,pre_concentration_broad,precompute_vm,2026-06-26,2026-06-29T11:04:06.275637+00:00,off,1.0,18.399999618530273,LOW
2026-06-29,SPG,0.07874407491942999,0.07874407491942999,sleeve_trend,17,4,0.0,pre_concentration_broad,precompute_vm,2026-06-26,2026-06-29T11:04:06.275637+00:00,off,1.0,18.399999618530273,LOW
2026-06-29,EOG,0.0735278016280037,0.0735278016280037,sleeve_mean_reversion,17,4,0.0,pre_concentration_broad,precompute_vm,2026-06-26,2026-06-29T11:04:06.275637+00:00,off,1.0,18.399999618530273,LOW
2026-06-29,STX,0.06632895329563931,0.06632895329563931,"sleeve_quality, sleeve_trend",17,4,0.0,pre_concentration_broad,precompute_vm,2026-06-26,2026-06-29T11:04:06.275637+00:00,off,1.0,18.399999618530273,LOW
2026-06-29,CVS,0.0662931216994902,0.0662931216994902,sleeve_trend,17,4,0.0,pre_concentration_broad,precompute_vm,2026-06-26,2026-06-29T11:04:06.275637+00:00,off,1.0,18.399999618530273,LOW
2026-06-29,KLAC,0.06622445210610367,0.06622445210610367,sleeve_2,17,4,0.0,pre_concentration_broad,precompute_vm,2026-06-26,2026-06-29T11:04:06.275637+00:00,off,1.0,18.399999618530273,LOW
2026-06-29,C,0.06574394147900828,0.06574394147900828,sleeve_trend,17,4,0.0,pre_concentration_broad,precompute_vm,2026-06-26,2026-06-29T11:04:06.275637+00:00,off,1.0,18.399999618530273,LOW
2026-06-29,VZ,0.05258151817929032,0.05258151817929032,sleeve_2,17,4,0.0,pre_concentration_broad,precompute_vm,2026-06-26,2026-06-29T11:04:06.275637+00:00,off,1.0,18.399999618530273,LOW
2026-06-29,MS,0.05155940092713247,0.05155940092713247,sleeve_trend,17,4,0.0,pre_concentration_broad,precompute_vm,2026-06-26,2026-06-29T11:04:06.275637+00:00,off,1.0,18.399999618530273,LOW
2026-06-29,ABBV,0.04794594692342703,0.04794594692342703,sleeve_trend,17,4,0.0,pre_concentration_broad,precompute_vm,2026-06-26,2026-06-29T11:04:06.275637+00:00,off,1.0,18.399999618530273,LOW
2026-06-29,JCI,0.04619962528778197,0.04619962528778197,sleeve_mean_reversion,17,4,0.0,pre_concentration_broad,precompute_vm,2026-06-26,2026-06-29T11:04:06.275637+00:00,off,1.0,18.399999618530273,LOW
2026-06-29,QCOM,0.043404386204817895,0.043404386204817895,sleeve_quality,17,4,0.0,pre_concentration_broad,precompute_vm,2026-06-26,2026-06-29T11:04:06.275637+00:00,off,1.0,18.399999618530273,LOW
2026-06-29,CAT,0.03245855854895173,0.03245855854895173,sleeve_trend,17,4,0.0,pre_concentration_broad,precompute_vm,2026-06-26,2026-06-29T11:04:06.275637+00:00,off,1.0,18.399999618530273,LOW
2026-06-29,AMAT,0.022904847340107313,0.022904847340107313,sleeve_trend,17,4,0.0,pre_concentration_broad,precompute_vm,2026-06-26,2026-06-29T11:04:06.275637+00:00,off,1.0,18.399999618530273,LOW
2026-06-29,HON,0.022904847340107313,0.022904847340107313,sleeve_trend,17,4,0.0,pre_concentration_broad,precompute_vm,2026-06-26,2026-06-29T11:04:06.275637+00:00,off,1.0,18.399999618530273,LOW
2026-06-30,MNST,0.1,0.1,sleeve_trend,18,4,1.1102230246251565e-16,pre_concentration_broad,precompute_vm,2026-06-29,2026-06-30T11:02:46.559832+00:00,off,1.0,17.540000915527344,LOW
2026-06-30,MDLZ,0.0892772349945632,0.0892772349945632,sleeve_mean_reversion,18,4,1.1102230246251565e-16,pre_concentration_broad,precompute_vm,2026-06-29,2026-06-30T11:02:46.559832+00:00,off,1.0,17.540000915527344,LOW
2026-06-30,FTNT,0.08800843402965973,0.08800843402965973,sleeve_quality,18,4,1.1102230246251565e-16,pre_concentration_broad,precompute_vm,2026-06-29,2026-06-30T11:02:46.559832+00:00,off,1.0,17.540000915527344,LOW
2026-06-30,GM,0.08307508489634408,0.08307508489634408,sleeve_2,18,4,1.1102230246251565e-16,pre_concentration_broad,precompute_vm,2026-06-29,2026-06-30T11:02:46.559832+00:00,off,1.0,17.540000915527344,LOW
2026-06-30,C,0.06457486863483045,0.06457486863483045,sleeve_trend,18,4,1.1102230246251565e-16,pre_concentration_broad,precompute_vm,2026-06-29,2026-06-30T11:02:46.559832+00:00,off,1.0,17.540000915527344,LOW
2026-06-30,PNC,0.0642794305197927,0.0642794305197927,sleeve_trend,18,4,1.1102230246251565e-16,pre_concentration_broad,precompute_vm,2026-06-29,2026-06-30T11:02:46.559832+00:00,off,1.0,17.540000915527344,LOW
2026-06-30,KLAC,0.060899607683245795,0.060899607683245795,sleeve_2,18,4,1.1102230246251565e-16,pre_concentration_broad,precompute_vm,2026-06-29,2026-06-30T11:02:46.559832+00:00,off,1.0,17.540000915527344,LOW
2026-06-30,ELV,0.054118686130124896,0.054118686130124896,sleeve_2,18,4,1.1102230246251565e-16,pre_concentration_broad,precompute_vm,2026-06-29,2026-06-30T11:02:46.559832+00:00,off,1.0,17.540000915527344,LOW
2026-06-30,GE,0.052398233910731035,0.052398233910731035,sleeve_trend,18,4,1.1102230246251565e-16,pre_concentration_broad,precompute_vm,2026-06-29,2026-06-30T11:02:46.559832+00:00,off,1.0,17.540000915527344,LOW
2026-06-30,ABNB,0.05042236417240091,0.05042236417240091,sleeve_trend,18,4,1.1102230246251565e-16,pre_concentration_broad,precompute_vm,2026-06-29,2026-06-30T11:02:46.559832+00:00,off,1.0,17.540000915527344,LOW
2026-06-30,LLY,0.0485595759194818,0.0485595759194818,sleeve_trend,18,4,1.1102230246251565e-16,pre_concentration_broad,precompute_vm,2026-06-29,2026-06-30T11:02:46.559832+00:00,off,1.0,17.540000915527344,LOW
2026-06-30,ABBV,0.04717916679577088,0.04717916679577088,sleeve_trend,18,4,1.1102230246251565e-16,pre_concentration_broad,precompute_vm,2026-06-29,2026-06-30T11:02:46.559832+00:00,off,1.0,17.540000915527344,LOW
2026-06-30,QCOM,0.0418983278366055,0.0418983278366055,sleeve_quality,18,4,1.1102230246251565e-16,pre_concentration_broad,precompute_vm,2026-06-29,2026-06-30T11:02:46.559832+00:00,off,1.0,17.540000915527344,LOW
2026-06-30,STX,0.04112100366225063,0.04112100366225063,sleeve_quality,18,4,1.1102230246251565e-16,pre_concentration_broad,precompute_vm,2026-06-29,2026-06-30T11:02:46.559832+00:00,off,1.0,17.540000915527344,LOW
2026-06-30,CAT,0.031312611890061924,0.031312611890061924,sleeve_trend,18,4,1.1102230246251565e-16,pre_concentration_broad,precompute_vm,2026-06-29,2026-06-30T11:02:46.559832+00:00,off,1.0,17.540000915527344,LOW
2026-06-30,PANW,0.03085417343569299,0.03085417343569299,sleeve_trend,18,4,1.1102230246251565e-16,pre_concentration_broad,precompute_vm,2026-06-29,2026-06-30T11:02:46.559832+00:00,off,1.0,17.540000915527344,LOW
2026-06-30,TXN,0.029939496565130203,0.029939496565130203,sleeve_mean_reversion,18,4,1.1102230246251565e-16,pre_concentration_broad,precompute_vm,2026-06-29,2026-06-30T11:02:46.559832+00:00,off,1.0,17.540000915527344,LOW
2026-06-30,AMAT,0.022081698923313152,0.022081698923313152,sleeve_trend,18,4,1.1102230246251565e-16,pre_concentration_broad,precompute_vm,2026-06-29,2026-06-30T11:02:46.559832+00:00,off,1.0,17.540000915527344,LOW
2026-07-01,MNST,0.09758283016678287,0.09758283016678287,sleeve_trend,18,4,0.0,pre_concentration_broad,precompute_vm,2026-06-30,2026-07-01T11:02:26.458150+00:00,off,1.0,16.739999771118164,LOW
2026-07-01,FTNT,0.09357684030271678,0.09357684030271678,sleeve_quality,18,4,0.0,pre_concentration_broad,precompute_vm,2026-06-30,2026-07-01T11:02:26.458150+00:00,off,1.0,16.739999771118164,LOW
2026-07-01,GM,0.08497683852487772,0.08497683852487772,sleeve_2,18,4,0.0,pre_concentration_broad,precompute_vm,2026-06-30,2026-07-01T11:02:26.458150+00:00,off,1.0,16.739999771118164,LOW
2026-07-01,CVS,0.06739245935862515,0.06739245935862515,sleeve_trend,18,4,0.0,pre_concentration_broad,precompute_vm,2026-06-30,2026-07-01T11:02:26.458150+00:00,off,1.0,16.739999771118164,LOW
2026-07-01,F,0.06628332182038237,0.06628332182038237,sleeve_mean_reversion,18,4,0.0,pre_concentration_broad,precompute_vm,2026-06-30,2026-07-01T11:02:26.458150+00:00,off,1.0,16.739999771118164,LOW
2026-07-01,C,0.06192035159676969,0.06192035159676969,sleeve_trend,18,4,0.0,pre_concentration_broad,precompute_vm,2026-06-30,2026-07-01T11:02:26.458150+00:00,off,1.0,16.739999771118164,LOW
2026-07-01,KLAC,0.05699469934096312,0.05699469934096312,sleeve_2,18,4,0.0,pre_concentration_broad,precompute_vm,2026-06-30,2026-07-01T11:02:26.458150+00:00,off,1.0,16.739999771118164,LOW
2026-07-01,WELL,0.055291990556420485,0.055291990556420485,sleeve_trend,18,4,0.0,pre_concentration_broad,precompute_vm,2026-06-30,2026-07-01T11:02:26.458150+00:00,off,1.0,16.739999771118164,LOW
2026-07-01,ELV,0.05494381296821535,0.05494381296821535,sleeve_2,18,4,0.0,pre_concentration_broad,precompute_vm,2026-06-30,2026-07-01T11:02:26.458150+00:00,off,1.0,16.739999771118164,LOW
2026-07-01,ALL,0.0543016524096892,0.0543016524096892,sleeve_trend,18,4,0.0,pre_concentration_broad,precompute_vm,2026-06-30,2026-07-01T11:02:26.458150+00:00,off,1.0,16.739999771118164,LOW
2026-07-01,AMZN,0.05199956519707653,0.05199956519707653,sleeve_mean_reversion,18,4,0.0,pre_concentration_broad,precompute_vm,2026-06-30,2026-07-01T11:02:26.458150+00:00,off,1.0,16.739999771118164,LOW
2026-07-01,GE,0.05053764608197224,0.05053764608197224,sleeve_trend,18,4,0.0,pre_concentration_broad,precompute_vm,2026-06-30,2026-07-01T11:02:26.458150+00:00,off,1.0,16.739999771118164,LOW
2026-07-01,LLY,0.04626713486443382,0.04626713486443382,sleeve_trend,18,4,0.0,pre_concentration_broad,precompute_vm,2026-06-30,2026-07-01T11:02:26.458150+00:00,off,1.0,16.739999771118164,LOW
2026-07-01,QCOM,0.0390884711375767,0.0390884711375767,sleeve_quality,18,4,0.0,pre_concentration_broad,precompute_vm,2026-06-30,2026-07-01T11:02:26.458150+00:00,off,1.0,16.739999771118164,LOW
2026-07-01,STX,0.036871551088302576,0.036871551088302576,sleeve_quality,18,4,0.0,pre_concentration_broad,precompute_vm,2026-06-30,2026-07-01T11:02:26.458150+00:00,off,1.0,16.739999771118164,LOW
2026-07-01,PANW,0.03144916169913822,0.03144916169913822,sleeve_trend,18,4,0.0,pre_concentration_broad,precompute_vm,2026-06-30,2026-07-01T11:02:26.458150+00:00,off,1.0,16.739999771118164,LOW
2026-07-01,CAT,0.029836899440489846,0.029836899440489846,sleeve_trend,18,4,0.0,pre_concentration_broad,precompute_vm,2026-06-30,2026-07-01T11:02:26.458150+00:00,off,1.0,16.739999771118164,LOW
2026-07-01,AMAT,0.020684773445567375,0.020684773445567375,sleeve_trend,18,4,0.0,pre_concentration_broad,precompute_vm,2026-06-30,2026-07-01T11:02:26.458150+00:00,off,1.0,16.739999771118164,LOW
2026-07-02,MNST,0.09691723447127985,0.09691723447127985,sleeve_trend,18,4,0.0,pre_concentration_broad,precompute_vm,2026-07-01,2026-07-02T11:02:12.467826+00:00,off,1.0,16.690000534057617,LOW
2026-07-02,FTNT,0.09091284719957984,0.09091284719957984,sleeve_quality,18,4,0.0,pre_concentration_broad,precompute_vm,2026-07-01,2026-07-02T11:02:12.467826+00:00,off,1.0,16.690000534057617,LOW
2026-07-02,GM,0.08423311578124022,0.08423311578124022,sleeve_2,18,4,0.0,pre_concentration_broad,precompute_vm,2026-07-01,2026-07-02T11:02:12.467826+00:00,off,1.0,16.690000534057617,LOW
2026-07-02,HLT,0.0805199926356328,0.0805199926356328,sleeve_mean_reversion,18,4,0.0,pre_concentration_broad,precompute_vm,2026-07-01,2026-07-02T11:02:12.467826+00:00,off,1.0,16.690000534057617,LOW
2026-07-02,CVS,0.06764358739346693,0.06764358739346693,sleeve_trend,18,4,0.0,pre_concentration_broad,precompute_vm,2026-07-01,2026-07-02T11:02:12.467826+00:00,off,1.0,16.690000534057617,LOW
2026-07-02,PNC,0.06521341745403467,0.06521341745403467,sleeve_trend,18,4,0.0,pre_concentration_broad,precompute_vm,2026-07-01,2026-07-02T11:02:12.467826+00:00,off,1.0,16.690000534057617,LOW
2026-07-02,KLAC,0.06273861989236383,0.06273861989236383,sleeve_2,18,4,0.0,pre_concentration_broad,precompute_vm,2026-07-01,2026-07-02T11:02:12.467826+00:00,off,1.0,16.690000534057617,LOW
2026-07-02,USB,0.057281548500399876,0.057281548500399876,sleeve_trend,18,4,0.0,pre_concentration_broad,precompute_vm,2026-07-01,2026-07-02T11:02:12.467826+00:00,off,1.0,16.690000534057617,LOW
2026-07-02,WELL,0.05442346292295541,0.05442346292295541,sleeve_trend,18,4,0.0,pre_concentration_broad,precompute_vm,2026-07-01,2026-07-02T11:02:12.467826+00:00,off,1.0,16.690000534057617,LOW
2026-07-02,GE,0.05138227882732305,0.05138227882732305,sleeve_trend,18,4,0.0,pre_concentration_broad,precompute_vm,2026-07-01,2026-07-02T11:02:12.467826+00:00,off,1.0,16.690000534057617,LOW
2026-07-02,ELV,0.049583544433447896,0.049583544433447896,sleeve_2,18,4,0.0,pre_concentration_broad,precompute_vm,2026-07-01,2026-07-02T11:02:12.467826+00:00,off,1.0,16.690000534057617,LOW
2026-07-02,ABBV,0.04487508092812792,0.04487508092812792,sleeve_trend,18,4,0.0,pre_concentration_broad,precompute_vm,2026-07-01,2026-07-02T11:02:12.467826+00:00,off,1.0,16.690000534057617,LOW
2026-07-02,QCOM,0.04156116097300552,0.04156116097300552,sleeve_quality,18,4,0.0,pre_concentration_broad,precompute_vm,2026-07-01,2026-07-02T11:02:12.467826+00:00,off,1.0,16.690000534057617,LOW
2026-07-02,EMR,0.03937516341285385,0.03937516341285385,sleeve_mean_reversion,18,4,0.0,pre_concentration_broad,precompute_vm,2026-07-01,2026-07-02T11:02:12.467826+00:00,off,1.0,16.690000534057617,LOW
2026-07-02,STX,0.03675284672539109,0.03675284672539109,sleeve_quality,18,4,0.0,pre_concentration_broad,precompute_vm,2026-07-01,2026-07-02T11:02:12.467826+00:00,off,1.0,16.690000534057617,LOW
2026-07-02,PANW,0.03013153564055854,0.03013153564055854,sleeve_trend,18,4,0.0,pre_concentration_broad,precompute_vm,2026-07-01,2026-07-02T11:02:12.467826+00:00,off,1.0,16.690000534057617,LOW
2026-07-02,CAT,0.026524597696592735,0.026524597696592735,sleeve_trend,18,4,0.0,pre_concentration_broad,precompute_vm,2026-07-01,2026-07-02T11:02:12.467826+00:00,off,1.0,16.690000534057617,LOW
2026-07-02,AMAT,0.019929965111746075,0.019929965111746075,sleeve_trend,18,4,0.0,pre_concentration_broad,precompute_vm,2026-07-01,2026-07-02T11:02:12.467826+00:00,off,1.0,16.690000534057617,LOW
2026-07-03,MNST,0.1,0.1,sleeve_trend,18,4,0.0,pre_concentration_broad,precompute_vm,2026-07-02,2026-07-03T11:02:08.574489+00:00,off,1.0,15.899999618530273,LOW
2026-07-03,WBD,0.09857042800229794,0.09857042800229794,sleeve_mean_reversion,18,4,0.0,pre_concentration_broad,precompute_vm,2026-07-02,2026-07-03T11:02:08.574489+00:00,off,1.0,15.899999618530273,LOW
2026-07-03,FTNT,0.09210053267733491,0.09210053267733491,sleeve_quality,18,4,0.0,pre_concentration_broad,precompute_vm,2026-07-02,2026-07-03T11:02:08.574489+00:00,off,1.0,15.899999618530273,LOW
2026-07-03,GM,0.08110157510201213,0.08110157510201213,sleeve_2,18,4,0.0,pre_concentration_broad,precompute_vm,2026-07-02,2026-07-03T11:02:08.574489+00:00,off,1.0,15.899999618530273,LOW
2026-07-03,CVS,0.07409208827033067,0.07409208827033067,sleeve_trend,18,4,0.0,pre_concentration_broad,precompute_vm,2026-07-02,2026-07-03T11:02:08.574489+00:00,off,1.0,15.899999618530273,LOW
2026-07-03,KLAC,0.06879005026810713,0.06879005026810713,sleeve_2,18,4,0.0,pre_concentration_broad,precompute_vm,2026-07-02,2026-07-03T11:02:08.574489+00:00,off,1.0,15.899999618530273,LOW
2026-07-03,VRTX,0.05886736418819441,0.05886736418819441,sleeve_trend,18,4,0.0,pre_concentration_broad,precompute_vm,2026-07-02,2026-07-03T11:02:08.574489+00:00,off,1.0,15.899999618530273,LOW
2026-07-03,WELL,0.05843719733223735,0.05843719733223735,sleeve_trend,18,4,0.0,pre_concentration_broad,precompute_vm,2026-07-02,2026-07-03T11:02:08.574489+00:00,off,1.0,15.899999618530273,LOW
2026-07-03,GE,0.05703222515472607,0.05703222515472607,sleeve_trend,18,4,0.0,pre_concentration_broad,precompute_vm,2026-07-02,2026-07-03T11:02:08.574489+00:00,off,1.0,15.899999618530273,LOW
2026-07-03,ALL,0.0551159806758625,0.0551159806758625,sleeve_trend,18,4,0.0,pre_concentration_broad,precompute_vm,2026-07-02,2026-07-03T11:02:08.574489+00:00,off,1.0,15.899999618530273,LOW
2026-07-03,ELV,0.04809597837866313,0.04809597837866313,sleeve_2,18,4,0.0,pre_concentration_broad,precompute_vm,2026-07-02,2026-07-03T11:02:08.574489+00:00,off,1.0,15.899999618530273,LOW
2026-07-03,QCOM,0.043680651457145954,0.043680651457145954,sleeve_quality,18,4,0.0,pre_concentration_broad,precompute_vm,2026-07-02,2026-07-03T11:02:08.574489+00:00,off,1.0,15.899999618530273,LOW
2026-07-03,PANW,0.036445815141239686,0.036445815141239686,sleeve_trend,18,4,0.0,pre_concentration_broad,precompute_vm,2026-07-02,2026-07-03T11:02:08.574489+00:00,off,1.0,15.899999618530273,LOW
2026-07-03,STX,0.03493094809647679,0.03493094809647679,sleeve_quality,18,4,0.0,pre_concentration_broad,precompute_vm,2026-07-02,2026-07-03T11:02:08.574489+00:00,off,1.0,15.899999618530273,LOW
2026-07-03,CAT,0.02861965298620245,0.02861965298620245,sleeve_trend,18,4,0.0,pre_concentration_broad,precompute_vm,2026-07-02,2026-07-03T11:02:08.574489+00:00,off,1.0,15.899999618530273,LOW
2026-07-03,HOOD,0.023955063224768407,0.023955063224768407,sleeve_trend,18,4,0.0,pre_concentration_broad,precompute_vm,2026-07-02,2026-07-03T11:02:08.574489+00:00,off,1.0,15.899999618530273,LOW
2026-07-03,AMAT,0.021969519789396243,0.021969519789396243,sleeve_trend,18,4,0.0,pre_concentration_broad,precompute_vm,2026-07-02,2026-07-03T11:02:08.574489+00:00,off,1.0,15.899999618530273,LOW
2026-07-03,WDC,0.018194929255004242,0.018194929255004242,sleeve_mean_reversion,18,4,0.0,pre_concentration_broad,precompute_vm,2026-07-02,2026-07-03T11:02:08.574489+00:00,off,1.0,15.899999618530273,LOW
2026-07-06,MNST,0.1,0.1,sleeve_trend,18,4,0.0,pre_concentration_broad,precompute_vm,2026-07-02,2026-07-06T11:02:29.086984+00:00,off,1.0,16.360000610351562,LOW
2026-07-06,WBD,0.09857042800229794,0.09857042800229794,sleeve_mean_reversion,18,4,0.0,pre_concentration_broad,precompute_vm,2026-07-02,2026-07-06T11:02:29.086984+00:00,off,1.0,16.360000610351562,LOW
2026-07-06,FTNT,0.09210053267733491,0.09210053267733491,sleeve_quality,18,4,0.0,pre_concentration_broad,precompute_vm,2026-07-02,2026-07-06T11:02:29.086984+00:00,off,1.0,16.360000610351562,LOW
2026-07-06,GM,0.08110157510201213,0.08110157510201213,sleeve_2,18,4,0.0,pre_concentration_broad,precompute_vm,2026-07-02,2026-07-06T11:02:29.086984+00:00,off,1.0,16.360000610351562,LOW
2026-07-06,CVS,0.07409208827033067,0.07409208827033067,sleeve_trend,18,4,0.0,pre_concentration_broad,precompute_vm,2026-07-02,2026-07-06T11:02:29.086984+00:00,off,1.0,16.360000610351562,LOW
2026-07-06,KLAC,0.06879005026810713,0.06879005026810713,sleeve_2,18,4,0.0,pre_concentration_broad,precompute_vm,2026-07-02,2026-07-06T11:02:29.086984+00:00,off,1.0,16.360000610351562,LOW
2026-07-06,VRTX,0.05886736418819441,0.05886736418819441,sleeve_trend,18,4,0.0,pre_concentration_broad,precompute_vm,2026-07-02,2026-07-06T11:02:29.086984+00:00,off,1.0,16.360000610351562,LOW
2026-07-06,WELL,0.05843719733223735,0.05843719733223735,sleeve_trend,18,4,0.0,pre_concentration_broad,precompute_vm,2026-07-02,2026-07-06T11:02:29.086984+00:00,off,1.0,16.360000610351562,LOW
2026-07-06,GE,0.05703222515472607,0.05703222515472607,sleeve_trend,18,4,0.0,pre_concentration_broad,precompute_vm,2026-07-02,2026-07-06T11:02:29.086984+00:00,off,1.0,16.360000610351562,LOW
2026-07-06,ALL,0.0551159806758625,0.0551159806758625,sleeve_trend,18,4,0.0,pre_concentration_broad,precompute_vm,2026-07-02,2026-07-06T11:02:29.086984+00:00,off,1.0,16.360000610351562,LOW
2026-07-06,ELV,0.04809597837866313,0.04809597837866313,sleeve_2,18,4,0.0,pre_concentration_broad,precompute_vm,2026-07-02,2026-07-06T11:02:29.086984+00:00,off,1.0,16.360000610351562,LOW
2026-07-06,QCOM,0.043680651457145954,0.043680651457145954,sleeve_quality,18,4,0.0,pre_concentration_broad,precompute_vm,2026-07-02,2026-07-06T11:02:29.086984+00:00,off,1.0,16.360000610351562,LOW
2026-07-06,PANW,0.036445815141239686,0.036445815141239686,sleeve_trend,18,4,0.0,pre_concentration_broad,precompute_vm,2026-07-02,2026-07-06T11:02:29.086984+00:00,off,1.0,16.360000610351562,LOW
2026-07-06,STX,0.03493094809647679,0.03493094809647679,sleeve_quality,18,4,0.0,pre_concentration_broad,precompute_vm,2026-07-02,2026-07-06T11:02:29.086984+00:00,off,1.0,16.360000610351562,LOW
2026-07-06,CAT,0.02861965298620245,0.02861965298620245,sleeve_trend,18,4,0.0,pre_concentration_broad,precompute_vm,2026-07-02,2026-07-06T11:02:29.086984+00:00,off,1.0,16.360000610351562,LOW
2026-07-06,HOOD,0.023955063224768407,0.023955063224768407,sleeve_trend,18,4,0.0,pre_concentration_broad,precompute_vm,2026-07-02,2026-07-06T11:02:29.086984+00:00,off,1.0,16.360000610351562,LOW
2026-07-06,AMAT,0.021969519789396243,0.021969519789396243,sleeve_trend,18,4,0.0,pre_concentration_broad,precompute_vm,2026-07-02,2026-07-06T11:02:29.086984+00:00,off,1.0,16.360000610351562,LOW
2026-07-06,WDC,0.018194929255004242,0.018194929255004242,sleeve_mean_reversion,18,4,0.0,pre_concentration_broad,precompute_vm,2026-07-02,2026-07-06T11:02:29.086984+00:00,off,1.0,16.360000610351562,LOW
2026-07-07,FTNT,0.09999999999999999,0.09999999999999999,"sleeve_quality, sleeve_trend",18,4,0.0,pre_concentration_broad,precompute_vm,2026-07-06,2026-07-07T11:02:06.065866+00:00,off,1.0,15.9399995803833,LOW
2026-07-07,MNST,0.09729222185917542,0.09729222185917542,sleeve_trend,18,4,0.0,pre_concentration_broad,precompute_vm,2026-07-06,2026-07-07T11:02:06.065866+00:00,off,1.0,15.9399995803833,LOW
2026-07-07,PNC,0.07635669199061548,0.07635669199061548,sleeve_trend,18,4,0.0,pre_concentration_broad,precompute_vm,2026-07-06,2026-07-07T11:02:06.065866+00:00,off,1.0,15.9399995803833,LOW
2026-07-07,GM,0.06763945600474888,0.06763945600474888,sleeve_2,18,4,0.0,pre_concentration_broad,precompute_vm,2026-07-06,2026-07-07T11:02:06.065866+00:00,off,1.0,15.9399995803833,LOW
2026-07-07,KLAC,0.05976720637772973,0.05976720637772973,sleeve_2,18,4,0.0,pre_concentration_broad,precompute_vm,2026-07-06,2026-07-07T11:02:06.065866+00:00,off,1.0,15.9399995803833,LOW
2026-07-07,GE,0.05817375012970794,0.05817375012970794,sleeve_trend,18,4,0.0,pre_concentration_broad,precompute_vm,2026-07-06,2026-07-07T11:02:06.065866+00:00,off,1.0,15.9399995803833,LOW
2026-07-07,VRTX,0.05716035202842234,0.05716035202842234,sleeve_trend,18,4,0.0,pre_concentration_broad,precompute_vm,2026-07-06,2026-07-07T11:02:06.065866+00:00,off,1.0,15.9399995803833,LOW
2026-07-07,AVGO,0.05636495786523324,0.05636495786523324,sleeve_mean_reversion,18,4,0.0,pre_concentration_broad,precompute_vm,2026-07-06,2026-07-07T11:02:06.065866+00:00,off,1.0,15.9399995803833,LOW
2026-07-07,WELL,0.05328243537139778,0.05328243537139778,sleeve_trend,18,4,0.0,pre_concentration_broad,precompute_vm,2026-07-06,2026-07-07T11:02:06.065866+00:00,off,1.0,15.9399995803833,LOW
2026-07-07,NXPI,0.051532578948756534,0.051532578948756534,sleeve_mean_reversion,18,4,0.0,pre_concentration_broad,precompute_vm,2026-07-06,2026-07-07T11:02:06.065866+00:00,off,1.0,15.9399995803833,LOW
2026-07-07,ALL,0.05131285926964211,0.05131285926964211,sleeve_trend,18,4,0.0,pre_concentration_broad,precompute_vm,2026-07-06,2026-07-07T11:02:06.065866+00:00,off,1.0,15.9399995803833,LOW
2026-07-07,QCOM,0.04585084839919176,0.04585084839919176,sleeve_quality,18,4,0.0,pre_concentration_broad,precompute_vm,2026-07-06,2026-07-07T11:02:06.065866+00:00,off,1.0,15.9399995803833,LOW
2026-07-07,ABBV,0.04404490260465175,0.04404490260465175,sleeve_trend,18,4,0.0,pre_concentration_broad,precompute_vm,2026-07-06,2026-07-07T11:02:06.065866+00:00,off,1.0,15.9399995803833,LOW
2026-07-07,ELV,0.04343306659790342,0.04343306659790342,sleeve_2,18,4,0.0,pre_concentration_broad,precompute_vm,2026-07-06,2026-07-07T11:02:06.065866+00:00,off,1.0,15.9399995803833,LOW
2026-07-07,STX,0.03829066887869586,0.03829066887869586,sleeve_quality,18,4,0.0,pre_concentration_broad,precompute_vm,2026-07-06,2026-07-07T11:02:06.065866+00:00,off,1.0,15.9399995803833,LOW
2026-07-07,F,0.03758137528084109,0.03758137528084109,sleeve_2,18,4,0.0,pre_concentration_broad,precompute_vm,2026-07-06,2026-07-07T11:02:06.065866+00:00,off,1.0,15.9399995803833,LOW
2026-07-07,PANW,0.035759030461995606,0.035759030461995606,sleeve_trend,18,4,0.0,pre_concentration_broad,precompute_vm,2026-07-06,2026-07-07T11:02:06.065866+00:00,off,1.0,15.9399995803833,LOW
2026-07-07,GEV,0.026157597931291136,0.026157597931291136,sleeve_trend,18,4,0.0,pre_concentration_broad,precompute_vm,2026-07-06,2026-07-07T11:02:06.065866+00:00,off,1.0,15.9399995803833,LOW
2026-07-08,FTNT,0.2254781549,0.2254781549,"sleeve_quality, sleeve_trend",5,4,0.049999999900000036,post_concentration,precompute_vm,2026-07-07,2026-07-08T23:58:11.349654+00:00,off,1.0,16.899999618530273,LOW
2026-07-08,MNST,0.2154294552,0.2154294552,sleeve_trend,5,4,0.049999999900000036,post_concentration,precompute_vm,2026-07-07,2026-07-08T23:58:11.349654+00:00,off,1.0,16.899999618530273,LOW
2026-07-08,QCOM,0.2045125657,0.2045125657,"sleeve_mean_reversion, sleeve_quality",5,4,0.049999999900000036,post_concentration,precompute_vm,2026-07-07,2026-07-08T23:58:11.349654+00:00,off,1.0,16.899999618530273,LOW
2026-07-08,GM,0.1533693421,0.1533693421,sleeve_2,5,4,0.049999999900000036,post_concentration,precompute_vm,2026-07-07,2026-07-08T23:58:11.349654+00:00,off,1.0,16.899999618530273,LOW
2026-07-08,UNH,0.1512104822,0.1512104822,sleeve_trend,5,4,0.049999999900000036,post_concentration,precompute_vm,2026-07-07,2026-07-08T23:58:11.349654+00:00,off,1.0,16.899999618530273,LOW
2026-07-09,FTNT,0.27424606,0.27424606,"sleeve_quality, sleeve_trend",5,4,0.050000000000000044,post_concentration,precompute_vm,2026-07-08,2026-07-09T11:02:02.882492+00:00,off,1.0,17.0,LOW
2026-07-09,QCOM,0.1861247603,0.1861247603,"sleeve_mean_reversion, sleeve_quality",5,4,0.050000000000000044,post_concentration,precompute_vm,2026-07-08,2026-07-09T11:02:02.882492+00:00,off,1.0,17.0,LOW
2026-07-09,MNST,0.1810856555,0.1810856555,sleeve_trend,5,4,0.050000000000000044,post_concentration,precompute_vm,2026-07-08,2026-07-09T11:02:02.882492+00:00,off,1.0,17.0,LOW
2026-07-09,TRV,0.171651524,0.171651524,sleeve_trend,5,4,0.050000000000000044,post_concentration,precompute_vm,2026-07-08,2026-07-09T11:02:02.882492+00:00,off,1.0,17.0,LOW
2026-07-09,GM,0.1368920002,0.1368920002,sleeve_2,5,4,0.050000000000000044,post_concentration,precompute_vm,2026-07-08,2026-07-09T11:02:02.882492+00:00,off,1.0,17.0,LOW
2026-07-10,FTNT,0.2854578383,0.2854578383,"sleeve_quality, sleeve_trend",5,4,0.049999999900000036,post_concentration,precompute_vm,2026-07-09,2026-07-10T12:54:06.233466+00:00,off,1.0,15.84000015258789,LOW
2026-07-10,MNST,0.2109378778,0.2109378778,sleeve_trend,5,4,0.049999999900000036,post_concentration,precompute_vm,2026-07-09,2026-07-10T12:54:06.233466+00:00,off,1.0,15.84000015258789,LOW
2026-07-10,GM,0.1547261032,0.1547261032,sleeve_2,5,4,0.049999999900000036,post_concentration,precompute_vm,2026-07-09,2026-07-10T12:54:06.233466+00:00,off,1.0,15.84000015258789,LOW
2026-07-10,PNC,0.1498345996,0.1498345996,sleeve_trend,5,4,0.049999999900000036,post_concentration,precompute_vm,2026-07-09,2026-07-10T12:54:06.233466+00:00,off,1.0,15.84000015258789,LOW
2026-07-10,MAR,0.1490435812,0.1490435812,sleeve_mean_reversion,5,4,0.049999999900000036,post_concentration,precompute_vm,2026-07-09,2026-07-10T12:54:06.233466+00:00,off,1.0,15.84000015258789,LOW
2026-07-13,XOM,0.1716094378,0.1716094378,sleeve_mean_reversion,7,4,0.050000000000000044,post_concentration,precompute_vm,2026-07-10,2026-07-13T11:02:15.371890+00:00,off,1.0,16.309999465942383,LOW
2026-07-13,MNST,0.1668267433,0.1668267433,sleeve_trend,7,4,0.050000000000000044,post_concentration,precompute_vm,2026-07-10,2026-07-13T11:02:15.371890+00:00,off,1.0,16.309999465942383,LOW
2026-07-13,FTNT,0.1399868225,0.1399868225,sleeve_quality,7,4,0.050000000000000044,post_concentration,precompute_vm,2026-07-10,2026-07-13T11:02:15.371890+00:00,off,1.0,16.309999465942383,LOW
2026-07-13,GM,0.1221004995,0.1221004995,sleeve_2,7,4,0.050000000000000044,post_concentration,precompute_vm,2026-07-10,2026-07-13T11:02:15.371890+00:00,off,1.0,16.309999465942383,LOW
2026-07-13,UNP,0.1196086881,0.1196086881,sleeve_trend,7,4,0.050000000000000044,post_concentration,precompute_vm,2026-07-10,2026-07-13T11:02:15.371890+00:00,off,1.0,16.309999465942383,LOW
2026-07-13,PNC,0.1173931781,0.1173931781,sleeve_trend,7,4,0.050000000000000044,post_concentration,precompute_vm,2026-07-10,2026-07-13T11:02:15.371890+00:00,off,1.0,16.309999465942383,LOW
2026-07-13,CVS,0.1124746307,0.1124746307,sleeve_trend,7,4,0.050000000000000044,post_concentration,precompute_vm,2026-07-10,2026-07-13T11:02:15.371890+00:00,off,1.0,16.309999465942383,LOW
2026-07-14,FTNT,0.19650818570000003,0.19650818570000003,"sleeve_quality, sleeve_trend",7,4,0.04999999999999993,post_concentration,precompute_vm,2026-07-13,2026-07-14T11:02:01.107426+00:00,off,1.0,17.31999969482422,LOW
2026-07-14,MNST,0.15008053020000003,0.15008053020000003,sleeve_trend,7,4,0.04999999999999993,post_concentration,precompute_vm,2026-07-13,2026-07-14T11:02:01.107426+00:00,off,1.0,17.31999969482422,LOW
2026-07-14,GOOG,0.14317931710000004,0.14317931710000004,sleeve_mean_reversion,7,4,0.04999999999999993,post_concentration,precompute_vm,2026-07-13,2026-07-14T11:02:01.107426+00:00,off,1.0,17.31999969482422,LOW
2026-07-14,ELV,0.13443157640000003,0.13443157640000003,"sleeve_2, sleeve_trend",7,4,0.04999999999999993,post_concentration,precompute_vm,2026-07-13,2026-07-14T11:02:01.107426+00:00,off,1.0,17.31999969482422,LOW
2026-07-14,GM,0.11251719130000001,0.11251719130000001,sleeve_2,7,4,0.04999999999999993,post_concentration,precompute_vm,2026-07-13,2026-07-14T11:02:01.107426+00:00,off,1.0,17.31999969482422,LOW
2026-07-14,UNP,0.10753572210000001,0.10753572210000001,sleeve_trend,7,4,0.04999999999999993,post_concentration,precompute_vm,2026-07-13,2026-07-14T11:02:01.107426+00:00,off,1.0,17.31999969482422,LOW
2026-07-14,PNC,0.10574747720000001,0.10574747720000001,sleeve_trend,7,4,0.04999999999999993,post_concentration,precompute_vm,2026-07-13,2026-07-14T11:02:01.107426+00:00,off,1.0,17.31999969482422,LOW
