date,gross_return,net_return,turnover,cost,n_names,invested,cash_weight
2014-01-02,0.0018871259895215553,0.0013871259895215553,0.9999999999999999,0.0004999999999999999,1154,0.9999999999999999,1.1102230246251565e-16
2014-01-03,-0.0039048436756667303,-0.0039048436756667303,0.0,0.0,1154,0.9999999999999999,1.1102230246251565e-16
2014-01-06,0.00797501959808736,0.00797501959808736,0.0,0.0,1154,0.9999999999999999,1.1102230246251565e-16
2014-01-07,0.0013111397795800104,0.0013111397795800104,0.0,0.0,1154,0.9999999999999999,1.1102230246251565e-16
2014-01-08,-0.0008123942900702449,-0.0008123942900702449,0.0,0.0,1154,0.9999999999999999,1.1102230246251565e-16
2014-01-09,0.006482362861844392,0.006482362861844392,0.0,0.0,1154,0.9999999999999999,1.1102230246251565e-16
2014-01-10,-0.010953085939901476,-0.010953951740767277,0.0017316017316016774,8.658008658008387e-07,1155,1.0,0.0
2014-01-13,0.011223004193984677,0.011223004193984677,0.0,0.0,1155,1.0,0.0
2014-01-14,0.005142510618638883,0.005142510618638883,0.0,0.0,1155,1.0,0.0
2014-01-15,0.0004219086486151746,0.0004219086486151746,0.0,0.0,1155,1.0,0.0
2014-01-16,-0.0025716935502572225,-0.0025716935502572225,0.0,0.0,1155,1.0,0.0
2014-01-17,0.0037486631305095105,0.0037486631305095105,0.0,0.0,1155,1.0,0.0
2014-01-21,0.0036883456145966617,0.00368661700612648,0.0034572169403629767,1.7286084701814883e-06,1157,1.0000000000000002,0.0
2014-01-22,-0.009413764112039667,-0.009413764112039667,0.0,0.0,1157,1.0000000000000002,0.0
2014-01-23,-0.023278294728232094,-0.023278294728232094,0.0,0.0,1157,1.0000000000000002,0.0
2014-01-24,-0.007842574805142409,-0.007842574805142409,0.0,0.0,1157,1.0000000000000002,0.0
2014-01-27,0.010814562315106992,0.010813698757248616,0.001727115716753099,8.635578583765494e-07,1158,1.0,0.0
2014-01-28,-0.009355374419984488,-0.009355374419984488,0.0,0.0,1158,1.0,0.0
2014-01-29,0.011847789402680527,0.011847789402680527,0.0,0.0,1158,1.0,0.0
2014-01-30,-0.004855907734063228,-0.004855907734063228,0.0,0.0,1158,1.0,0.0
2014-01-31,-0.02632232385912203,-0.02632232385912203,0.0,0.0,1158,1.0,0.0
2014-02-03,0.009215098321723384,0.009214235508953755,0.0017256255392578894,8.628127696289447e-07,1159,1.0000000000000002,0.0
2014-02-04,-0.0025206137216295804,-0.0025223393471688386,0.003451251078515947,1.7256255392579735e-06,1157,1.0000000000000002,0.0
2014-02-05,0.013450882220390583,0.013450882220390583,0.0,0.0,1157,1.0000000000000002,0.0
2014-02-06,0.013607316004064497,0.013607316004064497,0.0,0.0,1157,1.0000000000000002,0.0
2014-02-07,0.0022465243295779766,0.0022465243295779766,0.0,0.0,1157,1.0000000000000002,0.0
2014-02-10,0.01071255010784706,0.01071255010784706,0.0,0.0,1157,1.0000000000000002,0.0
2014-02-11,0.0020403464948693154,0.002039482937010939,0.001727115716753099,8.635578583765494e-07,1158,1.0,0.0
2014-02-12,0.00871038811556483,0.00871038811556483,0.0,0.0,1158,1.0,0.0
2014-02-13,0.004220623767247498,0.004219760954477869,0.0017256255392578894,8.628127696289447e-07,1159,1.0000000000000002,0.0
2014-02-14,0.005176509503050051,0.005176509503050051,0.0,0.0,1159,1.0000000000000002,0.0
2014-02-18,-0.006110841662036561,-0.006110841662036561,0.0,0.0,1159,1.0000000000000002,0.0
2014-02-19,0.008047982625247332,0.008047982625247332,0.0,0.0,1159,1.0000000000000002,0.0
2014-02-20,0.0010030680459464072,0.0010030680459464072,0.0,0.0,1159,1.0000000000000002,0.0
2014-02-21,0.006200231302500595,0.006200231302500595,0.0,0.0,1159,1.0000000000000002,0.0
2014-02-24,-0.002234227616757583,-0.002234227616757583,0.0,0.0,1159,1.0000000000000002,0.0
2014-02-25,0.0024725603426750615,0.0024725603426750615,0.0,0.0,1159,1.0000000000000002,0.0
2014-02-26,0.005704034783840871,0.005704034783840871,0.0,0.0,1159,1.0000000000000002,0.0
2014-02-27,-0.0005113640997568799,-0.0005113640997568799,0.0,0.0,1159,1.0000000000000002,0.0
2014-02-28,-0.007166552189991168,-0.007166552189991168,0.0,0.0,1159,1.0000000000000002,0.0
2014-03-03,0.017552414569723118,0.017552414569723118,0.0,0.0,1159,1.0000000000000002,0.0
2014-03-04,0.00035289176753671873,0.00035289176753671873,0.0,0.0,1159,1.0000000000000002,0.0
2014-03-05,0.0023006150290243955,0.0023006150290243955,0.0,0.0,1159,1.0000000000000002,0.0
2014-03-06,-0.001925834960641484,-0.001925834960641484,0.0,0.0,1159,1.0000000000000002,0.0
2014-03-07,-0.0037212815795260217,-0.0037212815795260217,0.0,0.0,1159,1.0000000000000002,0.0
2014-03-10,-0.0071316518890074555,-0.0071316518890074555,0.0,0.0,1159,1.0000000000000002,0.0
2014-03-11,0.0016812289203298305,0.0016812289203298305,0.0,0.0,1159,1.0000000000000002,0.0
2014-03-12,-0.011787155051326832,-0.011787155051326832,0.0,0.0,1159,1.0000000000000002,0.0
2014-03-13,0.0006187583201667384,0.0006187583201667384,0.0,0.0,1159,1.0000000000000002,0.0
2014-03-14,0.007706013930720097,0.007706013930720097,0.0,0.0,1159,1.0000000000000002,0.0
2014-03-17,0.009080441453860244,0.009080441453860244,0.0,0.0,1159,1.0000000000000002,0.0
2014-03-18,-0.006549437953318123,-0.006549437953318123,0.0,0.0,1159,1.0000000000000002,0.0
2014-03-19,0.003631235095627864,0.003631235095627864,0.0,0.0,1159,1.0000000000000002,0.0
2014-03-20,-0.0021927958974394795,-0.0021927958974394795,0.0,0.0,1159,1.0000000000000002,0.0
2014-03-21,-0.008052587804914425,-0.008052587804914425,0.0,0.0,1159,1.0000000000000002,0.0
2014-03-24,0.003318559557742591,0.003318559557742591,0.0,0.0,1159,1.0000000000000002,0.0
2014-03-25,-0.010084960826202968,-0.010084960826202968,0.0,0.0,1159,1.0000000000000002,0.0
2014-03-26,0.000833143233577585,0.000833143233577585,0.0,0.0,1159,1.0000000000000002,0.0
2014-03-27,0.004880925507997071,0.004880925507997071,0.0,0.0,1159,1.0000000000000002,0.0
2014-03-28,0.011571273803596177,0.011571273803596177,0.0,0.0,1159,1.0000000000000002,0.0
2014-03-31,0.010018633826665803,0.010018633826665803,0.0,0.0,1159,1.0000000000000002,0.0
2014-04-01,0.0037390198096962316,0.0037390198096962316,0.0,0.0,1159,1.0000000000000002,0.0
2014-04-02,-0.005385608645568619,-0.005385608645568619,0.0,0.0,1159,1.0000000000000002,0.0
2014-04-03,-0.012920398666965994,-0.012920398666965994,0.0,0.0,1159,1.0000000000000002,0.0
2014-04-04,-0.013008718213290084,-0.013008718213290084,0.0,0.0,1159,1.0000000000000002,0.0
2014-04-07,0.006677920925423365,0.006677920925423365,0.0,0.0,1159,1.0000000000000002,0.0
2014-04-08,0.012327597068563314,0.012327597068563314,0.0,0.0,1159,1.0000000000000002,0.0
2014-04-09,-0.02189736535265724,-0.02189736535265724,0.0,0.0,1159,1.0000000000000002,0.0
2014-04-10,-0.011689012623250627,-0.011689012623250627,0.0,0.0,1159,1.0000000000000002,0.0
2014-04-11,0.005155808127794909,0.005155808127794909,0.0,0.0,1159,1.0000000000000002,0.0
2014-04-14,0.002403620602810007,0.002403620602810007,0.0,0.0,1159,1.0000000000000002,0.0
2014-04-15,0.0112112237517412,0.0112112237517412,0.0,0.0,1159,1.0000000000000002,0.0
2014-04-16,0.004291844328651206,0.004291844328651206,0.0,0.0,1159,1.0000000000000002,0.0
2014-04-17,0.0036584181314069882,0.0036584181314069882,0.0,0.0,1159,1.0000000000000002,0.0
2014-04-21,0.007697469471201449,0.007697469471201449,0.0,0.0,1159,1.0000000000000002,0.0
2014-04-22,-0.003305893874742373,-0.003305893874742373,0.0,0.0,1159,1.0000000000000002,0.0
2014-04-23,0.00024869565658010425,0.00024869565658010425,0.0,0.0,1159,1.0000000000000002,0.0
2014-04-24,-0.011712882002015283,-0.011712882002015283,0.0,0.0,1159,1.0000000000000002,0.0
2014-04-25,-0.0029828386167984455,-0.0029828386167984455,0.0,0.0,1159,1.0000000000000002,0.0
2014-04-28,0.006757425189173633,0.006757425189173633,0.0,0.0,1159,1.0000000000000002,0.0
2014-04-29,0.005339460494952776,0.0053385984259872584,0.0017241379310345421,8.620689655172711e-07,1160,0.9999999999999999,1.1102230246251565e-16
2014-04-30,0.001348965259291904,0.001348965259291904,0.0,0.0,1160,0.9999999999999999,1.1102230246251565e-16
2014-05-01,0.0021801343426282272,0.00217927227366271,0.0017241379310345421,8.620689655172711e-07,1159,1.0000000000000002,0.0
2014-05-02,0.0001729141087451104,0.00017205203977959312,0.0017241379310345421,8.620689655172711e-07,1160,0.9999999999999999,1.1102230246251565e-16
2014-05-05,-0.008255007258053084,-0.008255007258053084,0.0,0.0,1160,0.9999999999999999,1.1102230246251565e-16
2014-05-06,0.0015998182368580742,0.0015998182368580742,0.0,0.0,1160,0.9999999999999999,1.1102230246251565e-16
2014-05-07,-0.0038899612958448924,-0.0038908233648104096,0.0017241379310345421,8.620689655172711e-07,1159,1.0000000000000002,0.0
2014-05-08,0.002307050041907015,0.002307050041907015,0.0,0.0,1159,1.0000000000000002,0.0
2014-05-09,0.015583360805376785,0.015582498736411267,0.0017241379310345421,8.620689655172711e-07,1160,0.9999999999999999,1.1102230246251565e-16
2014-05-12,-0.0027521233214839033,-0.0027521233214839033,0.0,0.0,1160,0.9999999999999999,1.1102230246251565e-16
2014-05-13,-0.006569718286821798,-0.006569718286821798,0.0,0.0,1160,0.9999999999999999,1.1102230246251565e-16
2014-05-14,-0.008235272601483674,-0.008235272601483674,0.0,0.0,1160,0.9999999999999999,1.1102230246251565e-16
2014-05-15,0.0047820170703069395,0.0047820170703069395,0.0,0.0,1160,0.9999999999999999,1.1102230246251565e-16
2014-05-16,0.00509858501111234,0.00509858501111234,0.0,0.0,1160,0.9999999999999999,1.1102230246251565e-16
2014-05-19,-0.009189841713678511,-0.009190703040121232,0.001722652885443569,8.613264427217845e-07,1161,1.0,0.0
2014-05-20,0.007043044745960091,0.007043044745960091,0.0,0.0,1161,1.0,0.0
2014-05-21,0.005291024400988494,0.005291024400988494,0.0,0.0,1161,1.0,0.0
2014-05-22,0.005781986418692195,0.005781986418692195,0.0,0.0,1161,1.0,0.0
2014-05-23,0.006020977996689724,0.006020116670247003,0.001722652885443569,8.613264427217845e-07,1160,0.9999999999999999,1.1102230246251565e-16
2014-05-27,-0.0008880070387843339,-0.0008880070387843339,0.0,0.0,1160,0.9999999999999999,1.1102230246251565e-16
2014-05-28,0.004411367609487803,0.004411367609487803,0.0,0.0,1160,0.9999999999999999,1.1102230246251565e-16
2014-05-29,-0.0013885645675322613,-0.0013885645675322613,0.0,0.0,1160,0.9999999999999999,1.1102230246251565e-16
2014-05-30,0.00020352785821512186,0.00020352785821512186,0.0,0.0,1160,0.9999999999999999,1.1102230246251565e-16
2014-06-02,0.000117508798905331,0.000117508798905331,0.0,0.0,1160,0.9999999999999999,1.1102230246251565e-16
2014-06-03,0.0036641908658789036,0.0036641908658789036,0.0,0.0,1160,0.9999999999999999,1.1102230246251565e-16
2014-06-04,0.009255477824214027,0.009255477824214027,0.0,0.0,1160,0.9999999999999999,1.1102230246251565e-16
2014-06-05,0.006838177432136912,0.006838177432136912,0.0,0.0,1160,0.9999999999999999,1.1102230246251565e-16
2014-06-06,0.003994356155424253,0.003994356155424253,0.0,0.0,1160,0.9999999999999999,1.1102230246251565e-16
2014-06-09,-0.00034490787463846244,-0.00034490787463846244,0.0,0.0,1160,0.9999999999999999,1.1102230246251565e-16
2014-06-10,-0.00190633767338647,-0.0019071997423519872,0.0017241379310345421,8.620689655172711e-07,1159,1.0000000000000002,0.0
2014-06-11,-0.00485475770413334,-0.004855619773098857,0.0017241379310345421,8.620689655172711e-07,1160,0.9999999999999999,1.1102230246251565e-16
2014-06-12,0.002743895229016133,0.002743895229016133,0.0,0.0,1160,0.9999999999999999,1.1102230246251565e-16
2014-06-13,0.0014657577893628306,0.0014648964629201087,0.001722652885443569,8.613264427217845e-07,1161,1.0,0.0
2014-06-16,0.004639224100988351,0.004639224100988351,0.0,0.0,1161,1.0,0.0
2014-06-17,0.0077843671046450465,0.007783506519447112,0.001721170395869157,8.605851979345785e-07,1162,1.0,0.0
2014-06-18,0.002311890171391938,0.002311890171391938,0.0,0.0,1162,1.0,0.0
2014-06-19,0.002327902200097647,0.002327042354869788,0.0017196904557179832,8.598452278589916e-07,1163,1.0000000000000002,0.0
2014-06-20,-0.0004474228121313766,-0.0004474228121313766,0.0,0.0,1163,1.0000000000000002,0.0
2014-06-23,-0.007917957893201079,-0.007917957893201079,0.0,0.0,1163,1.0000000000000002,0.0
2014-06-24,0.004589522433130941,0.004589522433130941,0.0,0.0,1163,1.0000000000000002,0.0
2014-06-25,-0.0001979667207348508,-0.0001979667207348508,0.0,0.0,1163,1.0000000000000002,0.0
2014-06-26,0.0031053857860752834,0.0031053857860752834,0.0,0.0,1163,1.0000000000000002,0.0
2014-06-27,0.003149142987579924,0.003148283881050714,0.0017182130584192847,8.591065292096424e-07,1164,1.0000000000000004,0.0
2014-06-30,0.007106107132300489,0.007106107132300489,0.0,0.0,1164,1.0000000000000004,0.0
2014-07-01,-0.0013109401971007348,-0.0013117993036299445,0.001718213058419244,8.591065292096219e-07,1164,1.0000000000000004,0.0
2014-07-02,0.005704805121703011,0.005704805121703011,0.0,0.0,1164,1.0000000000000004,0.0
2014-07-03,-0.009161759383290849,-0.009161759383290849,0.0,0.0,1164,1.0000000000000004,0.0
2014-07-07,-0.009862257707400037,-0.009862257707400037,0.0,0.0,1164,1.0000000000000004,0.0
2014-07-08,0.004854349088028393,0.004854349088028393,0.0,0.0,1164,1.0000000000000004,0.0
2014-07-09,-0.0065673688657946865,-0.0065673688657946865,0.0,0.0,1164,1.0000000000000004,0.0
2014-07-10,0.0010189461241681727,0.0010189461241681727,0.0,0.0,1164,1.0000000000000004,0.0
2014-07-11,0.0043623584413950145,0.0043623584413950145,0.0,0.0,1164,1.0000000000000004,0.0
2014-07-14,-0.005121586676192126,-0.005121586676192126,0.0,0.0,1164,1.0000000000000004,0.0
2014-07-15,0.002791152306771552,0.0027902939376728397,0.0017167381974249275,8.583690987124638e-07,1165,1.0,0.0
2014-07-16,-0.011943600809550845,-0.011943600809550845,0.0,0.0,1165,1.0,0.0
2014-07-17,0.01675316210629426,0.01675316210629426,0.0,0.0,1165,1.0,0.0
2014-07-18,-0.0017764047107452306,-0.0017764047107452306,0.0,0.0,1165,1.0,0.0
2014-07-21,0.00641607311245749,0.006415215479524386,0.0017152658662092236,8.576329331046118e-07,1166,1.0,0.0
2014-07-22,3.466573740253299e-05,3.466573740253299e-05,0.0,0.0,1166,1.0,0.0
2014-07-23,0.0008829547393038836,0.0008820978412747491,0.001713796058268997,8.568980291344985e-07,1167,1.0000000000000004,0.0
2014-07-24,-0.0053490487535599665,-0.0053490487535599665,0.0,0.0,1167,1.0000000000000004,0.0
2014-07-25,-0.0011400578753841541,-0.0011400578753841541,0.0,0.0,1167,1.0000000000000004,0.0
2014-07-28,-0.002693278066692153,-0.002693278066692153,0.0,0.0,1167,1.0000000000000004,0.0
2014-07-29,0.001532503831264717,0.001532503831264717,0.0,0.0,1167,1.0000000000000004,0.0
2014-07-30,-0.019169025966928155,-0.019169025966928155,0.0,0.0,1167,1.0000000000000004,0.0
2014-07-31,-0.002440407373681777,-0.002440407373681777,0.0,0.0,1167,1.0000000000000004,0.0
2014-08-01,0.006724336130371222,0.006722625266384908,0.0034217279726262784,1.7108639863131392e-06,1169,1.0,0.0
2014-08-04,-0.007001023530075915,-0.007001023530075915,0.0,0.0,1169,1.0,0.0
2014-08-05,0.0004069328703523638,0.0004069328703523638,0.0,0.0,1169,1.0,0.0
2014-08-06,-0.0056389502958122326,-0.0056389502958122326,0.0,0.0,1169,1.0,0.0
2014-08-07,0.010601698275412488,0.010601698275412488,0.0,0.0,1169,1.0,0.0
2014-08-08,0.0069347130702677,0.006933857638274543,0.0017108639863130804,8.554319931565403e-07,1168,1.0,0.0
2014-08-11,-0.0040825413911050375,-0.0040825413911050375,0.0,0.0,1168,1.0,0.0
2014-08-12,0.006751310282154912,0.006751310282154912,0.0,0.0,1168,1.0,0.0
2014-08-13,0.003973566016567147,0.003973566016567147,0.0,0.0,1168,1.0,0.0
2014-08-14,-0.00011596240196560566,-0.00011596240196560566,0.0,0.0,1168,1.0,0.0
2014-08-15,0.010405551918121935,0.010405551918121935,0.0,0.0,1168,1.0,0.0
2014-08-18,0.0044025566694579745,0.0044025566694579745,0.0,0.0,1168,1.0,0.0
2014-08-19,0.0010145270435870776,0.0010136716115939212,0.0017108639863130804,8.554319931565403e-07,1169,1.0,0.0
2014-08-20,0.0011091295630289916,0.0011091295630289916,0.0,0.0,1169,1.0,0.0
2014-08-21,-0.00113530627245124,-0.00113530627245124,0.0,0.0,1169,1.0,0.0
2014-08-22,0.004573113906527432,0.004573113906527432,0.0,0.0,1169,1.0,0.0
2014-08-25,0.0037135386661188013,0.0037135386661188013,0.0,0.0,1169,1.0,0.0
2014-08-26,0.0012791890980260652,0.0012791890980260652,0.0,0.0,1169,1.0,0.0
2014-08-27,-0.002169271432942879,-0.0021701268649360356,0.0017108639863130804,8.554319931565403e-07,1168,1.0,0.0
2014-08-28,0.005245213743106976,0.005245213743106976,0.0,0.0,1168,1.0,0.0
2014-08-29,0.0014935126193082221,0.0014926564549246604,0.0017123287671233973,8.561643835616987e-07,1167,1.0000000000000004,0.0
2014-09-02,0.0006034595822917942,0.0006034595822917942,0.0,0.0,1167,1.0000000000000004,0.0
2014-09-03,-0.0031443208479483595,-0.0031443208479483595,0.0,0.0,1167,1.0000000000000004,0.0
2014-09-04,0.0033395343150870085,0.0033395343150870085,0.0,0.0,1167,1.0000000000000004,0.0
2014-09-05,-0.002253021854023849,-0.002253021854023849,0.0,0.0,1167,1.0000000000000004,0.0
2014-09-08,-0.007840586773607758,-0.007840586773607758,0.0,0.0,1167,1.0000000000000004,0.0
2014-09-09,0.0025545739406397424,0.0025545739406397424,0.0,0.0,1167,1.0000000000000004,0.0
2014-09-10,0.0024420908080247244,0.0024420908080247244,0.0,0.0,1167,1.0000000000000004,0.0
2014-09-11,-0.007326848251996932,-0.007326848251996932,0.0,0.0,1167,1.0000000000000004,0.0
2014-09-12,-0.006156490742716694,-0.006156490742716694,0.0,0.0,1167,1.0000000000000004,0.0
2014-09-15,0.006053509832824628,0.006053509832824628,0.0,0.0,1167,1.0000000000000004,0.0
2014-09-16,5.2199468081094236e-05,5.2199468081094236e-05,0.0,0.0,1167,1.0000000000000004,0.0
2014-09-17,0.004562275408225035,0.004562275408225035,0.0,0.0,1167,1.0000000000000004,0.0
2014-09-18,-0.006062672853609353,-0.006062672853609353,0.0,0.0,1167,1.0000000000000004,0.0
2014-09-19,-0.012880278562954026,-0.012881134727337587,0.0017123287671233973,8.561643835616987e-07,1168,1.0,0.0
2014-09-22,-0.006615011674268312,-0.0066158671062614685,0.0017108639863130804,8.554319931565403e-07,1169,1.0,0.0
2014-09-23,0.006955294942708376,0.006955294942708376,0.0,0.0,1169,1.0,0.0
2014-09-24,-0.014937628147209591,-0.014937628147209591,0.0,0.0,1169,1.0,0.0
2014-09-25,0.007910286589311234,0.007910286589311234,0.0,0.0,1169,1.0,0.0
2014-09-26,-0.003411973968549681,-0.003412828669404382,0.0017094017094016623,8.547008547008312e-07,1170,1.0000000000000004,0.0
2014-09-29,-0.00633843336162606,-0.0063392873325910475,0.0017079419299743906,8.539709649871953e-07,1171,1.0,0.0
2014-09-30,-0.01383198027812059,-0.013832833520441408,0.0017064846416382047,8.532423208191024e-07,1172,0.9999999999999999,1.1102230246251565e-16
2014-10-01,0.001915526056307979,0.001915526056307979,0.0,0.0,1172,0.9999999999999999,1.1102230246251565e-16
2014-10-02,0.007130929086460956,0.007130076571541945,0.001705029838022178,8.52514919011089e-07,1173,1.0,0.0
2014-10-03,-0.0018875543202825742,-0.0018875543202825742,0.0,0.0,1173,1.0,0.0
2014-10-06,-0.016094236646596573,-0.016094236646596573,0.0,0.0,1173,1.0,0.0
2014-10-07,0.01608807569842445,0.01608807569842445,0.0,0.0,1173,1.0,0.0
2014-10-08,-0.023684307910468758,-0.023684307910468758,0.0,0.0,1173,1.0,0.0
2014-10-09,-0.01786516090312367,-0.01786516090312367,0.0,0.0,1173,1.0,0.0
2014-10-10,-0.013117654536522918,-0.013118506325279305,0.001703577512776815,8.517887563884076e-07,1174,0.9999999999999999,1.1102230246251565e-16
2014-10-13,0.0056667548482465906,0.0056667548482465906,0.0,0.0,1174,0.9999999999999999,1.1102230246251565e-16
2014-10-14,-0.0003755046300622937,-0.00037635569389208093,0.0017021276595744904,8.510638297872452e-07,1175,0.9999999999999999,1.1102230246251565e-16
2014-10-15,0.007240099405451479,0.007240099405451479,0.0,0.0,1175,0.9999999999999999,1.1102230246251565e-16
2014-10-16,0.008929558261834352,0.008928707921698297,0.0017006802721088719,8.50340136054436e-07,1176,0.9999999999999998,2.220446049250313e-16
2014-10-17,0.009913284669646198,0.009913284669646198,0.0,0.0,1176,0.9999999999999998,2.220446049250313e-16
2014-10-20,0.01931946801072811,0.01931946801072811,0.0,0.0,1176,0.9999999999999998,2.220446049250313e-16
2014-10-21,-0.01120452576648259,-0.01120452576648259,0.0,0.0,1176,0.9999999999999998,2.220446049250313e-16
2014-10-22,0.013352133466644493,0.013351283848972445,0.0016992353440951017,8.496176720475509e-07,1177,1.0,0.0
2014-10-23,0.006451646325334986,0.006451646325334986,0.0,0.0,1177,1.0,0.0
2014-10-24,-0.003486162612005612,-0.003486162612005612,0.0,0.0,1177,1.0,0.0
2014-10-27,0.017644910932201715,0.017644910932201715,0.0,0.0,1177,1.0,0.0
2014-10-28,-0.003938156133475803,-0.003938156133475803,0.0,0.0,1177,1.0,0.0
2014-10-29,0.005725797347432419,0.005725797347432419,0.0,0.0,1177,1.0,0.0
2014-10-30,0.013436940155131579,0.013436940155131579,0.0,0.0,1177,1.0,0.0
2014-10-31,-0.000775944502796248,-0.000776793399230883,0.0016977928692699816,8.488964346349908e-07,1178,1.0000000000000002,0.0
2014-11-03,-0.00518177602801617,-0.005182624924450805,0.0016977928692699816,8.488964346349908e-07,1177,1.0,0.0
2014-11-04,0.002709575486536253,0.002709575486536253,0.0,0.0,1177,1.0,0.0
2014-11-05,0.0038907537823455185,0.0038907537823455185,0.0,0.0,1177,1.0,0.0
2014-11-06,0.004274767321013485,0.00427391842457885,0.0016977928692699816,8.488964346349908e-07,1178,1.0000000000000002,0.0
2014-11-07,0.00133815157417619,0.0013373033977554945,0.0016963528413910056,8.481764206955029e-07,1179,0.9999999999999998,2.220446049250313e-16
2014-11-10,0.0017207855092911705,0.0017207855092911705,0.0,0.0,1179,0.9999999999999998,2.220446049250313e-16
2014-11-11,0.0010480194234344475,0.0010480194234344475,0.0,0.0,1179,0.9999999999999998,2.220446049250313e-16
2014-11-12,-0.0038981623835619397,-0.0038981623835619397,0.0,0.0,1179,0.9999999999999998,2.220446049250313e-16
2014-11-13,0.0032120751706484567,0.0032112277130213382,0.0016949152542373065,8.474576271186533e-07,1180,0.9999999999999997,3.3306690738754696e-16
2014-11-14,-0.00223382137589716,-0.00223382137589716,0.0,0.0,1180,0.9999999999999997,3.3306690738754696e-16
2014-11-17,0.007122397020196604,0.007122397020196604,0.0,0.0,1180,0.9999999999999997,3.3306690738754696e-16
2014-11-18,-0.00413166161010917,-0.004132508350159974,0.0016934801016088145,8.467400508044073e-07,1181,0.9999999999999998,2.220446049250313e-16
2014-11-19,0.005465870070870906,0.005465870070870906,0.0,0.0,1181,0.9999999999999998,2.220446049250313e-16
2014-11-20,0.008479489689160617,0.008479489689160617,0.0,0.0,1181,0.9999999999999998,2.220446049250313e-16
2014-11-21,0.0035493393516390376,0.0035493393516390376,0.0,0.0,1181,0.9999999999999998,2.220446049250313e-16
2014-11-24,0.0001927781343138395,0.0001927781343138395,0.0,0.0,1181,0.9999999999999998,2.220446049250313e-16
2014-11-25,0.0019052093402829985,0.0019052093402829985,0.0,0.0,1181,0.9999999999999998,2.220446049250313e-16
2014-11-26,-0.010488837904558299,-0.010488837904558299,0.0,0.0,1181,0.9999999999999998,2.220446049250313e-16
2014-11-28,-0.01190040182125875,-0.011902095301360358,0.003386960203217639,1.6934801016088194e-06,1179,0.9999999999999998,2.220446049250313e-16
2014-12-01,0.004931746617814536,0.004931746617814536,0.0,0.0,1179,0.9999999999999998,2.220446049250313e-16
2014-12-02,0.008357124355518664,0.008357124355518664,0.0,0.0,1179,0.9999999999999998,2.220446049250313e-16
2014-12-03,-0.003950277136410779,-0.003950277136410779,0.0,0.0,1179,0.9999999999999998,2.220446049250313e-16
2014-12-04,0.002192429720437233,0.0021915815440165373,0.0016963528413910056,8.481764206955029e-07,1178,1.0000000000000002,0.0
2014-12-05,-0.012880952293213972,-0.012880952293213972,0.0,0.0,1178,1.0000000000000002,0.0
2014-12-08,0.005771359010698979,0.005770510114264344,0.0016977928692699816,8.488964346349908e-07,1177,1.0,0.0
2014-12-09,-0.020073447298321077,-0.020074296194755713,0.0016977928692699816,8.488964346349908e-07,1178,1.0000000000000002,0.0
2014-12-10,0.0027779912074015266,0.0027779912074015266,0.0,0.0,1178,1.0000000000000002,0.0
2014-12-11,-0.014816911169636363,-0.014817759346057058,0.0016963528413910056,8.481764206955029e-07,1179,0.9999999999999998,2.220446049250313e-16
2014-12-12,-0.011184029598649716,-0.011185723078751325,0.003386960203217639,1.6934801016088194e-06,1181,0.9999999999999998,2.220446049250313e-16
2014-12-15,-0.003744762133807471,-0.00374645561390908,0.003386960203217639,1.6934801016088194e-06,1179,0.9999999999999998,2.220446049250313e-16
2014-12-16,0.025207997887568848,0.025207149711148152,0.0016963528413910056,8.481764206955029e-07,1178,1.0000000000000002,0.0
2014-12-17,0.02100146685818543,0.02100146685818543,0.0,0.0,1178,1.0000000000000002,0.0
2014-12-18,0.006246557003424698,0.006245708827004003,0.0016963528413910056,8.481764206955029e-07,1179,0.9999999999999998,2.220446049250313e-16
2014-12-19,0.002262941607600452,0.002262941607600452,0.0,0.0,1179,0.9999999999999998,2.220446049250313e-16
2014-12-22,0.0026557006527437354,0.0026557006527437354,0.0,0.0,1179,0.9999999999999998,2.220446049250313e-16
2014-12-23,0.0017309526935725588,0.0017301045171518633,0.0016963528413910056,8.481764206955029e-07,1178,1.0000000000000002,0.0
2014-12-24,0.00392985557060121,0.00392985557060121,0.0,0.0,1178,1.0000000000000002,0.0
2014-12-26,0.0005166898084125711,0.0005166898084125711,0.0,0.0,1178,1.0000000000000002,0.0
2014-12-29,-0.004279542865711094,-0.004279542865711094,0.0,0.0,1178,1.0000000000000002,0.0
2014-12-30,-0.006948169044358162,-0.006948169044358162,0.0,0.0,1178,1.0000000000000002,0.0
2014-12-31,-0.0004165563142588754,-0.0004165563142588754,0.0,0.0,1178,1.0000000000000002,0.0
2015-01-02,-0.018046848031409525,-0.018046848031409525,0.0,0.0,1178,1.0000000000000002,0.0
2015-01-05,-0.009819390598881064,-0.009819390598881064,0.0,0.0,1178,1.0000000000000002,0.0
2015-01-06,0.011207159420398561,0.011207159420398561,0.0,0.0,1178,1.0000000000000002,0.0
2015-01-07,0.01688785427356989,0.016887006097149194,0.0016963528413910056,8.481764206955029e-07,1179,0.9999999999999998,2.220446049250313e-16
2015-01-08,-0.0056934294423366125,-0.0056934294423366125,0.0,0.0,1179,0.9999999999999998,2.220446049250313e-16
2015-01-09,-0.008165388972635877,-0.008165388972635877,0.0,0.0,1179,0.9999999999999998,2.220446049250313e-16
2015-01-12,-0.002336897538227831,-0.002336897538227831,0.0,0.0,1179,0.9999999999999998,2.220446049250313e-16
2015-01-13,-0.004401145722577299,-0.004401145722577299,0.0,0.0,1179,0.9999999999999998,2.220446049250313e-16
2015-01-14,-0.009602950776706701,-0.009602950776706701,0.0,0.0,1179,0.9999999999999998,2.220446049250313e-16
2015-01-15,0.015589287536967977,0.015589287536967977,0.0,0.0,1179,0.9999999999999998,2.220446049250313e-16
2015-01-16,-0.0004782515329154969,-0.0004782515329154969,0.0,0.0,1179,0.9999999999999998,2.220446049250313e-16
2015-01-20,0.0064769147661883734,0.0064769147661883734,0.0,0.0,1179,0.9999999999999998,2.220446049250313e-16
2015-01-21,0.014560475853317031,0.014560475853317031,0.0,0.0,1179,0.9999999999999998,2.220446049250313e-16
2015-01-22,-0.004272963575410125,-0.004272963575410125,0.0,0.0,1179,0.9999999999999998,2.220446049250313e-16
2015-01-23,0.007305308323449432,0.007304460865822314,0.0016949152542373065,8.474576271186533e-07,1180,0.9999999999999997,3.3306690738754696e-16
2015-01-26,-0.005478694355684389,-0.005478694355684389,0.0,0.0,1180,0.9999999999999997,3.3306690738754696e-16
2015-01-27,-0.014341499534884372,-0.01434234699251149,0.0016949152542373065,8.474576271186533e-07,1179,0.9999999999999998,2.220446049250313e-16
2015-01-28,0.007362129710055455,0.007362129710055455,0.0,0.0,1179,0.9999999999999998,2.220446049250313e-16
2015-01-29,-0.012855651784501826,-0.012855651784501826,0.0,0.0,1179,0.9999999999999998,2.220446049250313e-16
2015-01-30,0.011754675317357882,0.011753827140937187,0.0016963528413910056,8.481764206955029e-07,1178,1.0000000000000002,0.0
2015-02-02,0.017879981540232744,0.017879132643798108,0.001697792869269949,8.488964346349746e-07,1178,1.0000000000000002,0.0
2015-02-03,-0.004730549907103949,-0.004731398803538584,0.0016977928692699816,8.488964346349908e-07,1177,1.0,0.0
2015-02-04,0.012009427047298894,0.012009427047298894,0.0,0.0,1177,1.0,0.0
2015-02-05,-0.004397144373887642,-0.004397144373887642,0.0,0.0,1177,1.0,0.0
2015-02-06,-0.002649986291195261,-0.002649986291195261,0.0,0.0,1177,1.0,0.0
2015-02-09,0.008329305422769136,0.008329305422769136,0.0,0.0,1177,1.0,0.0
2015-02-10,-0.000895593902476246,-0.000895593902476246,0.0,0.0,1177,1.0,0.0
2015-02-11,0.012702353387925611,0.012702353387925611,0.0,0.0,1177,1.0,0.0
2015-02-12,0.006483900707391504,0.006483900707391504,0.0,0.0,1177,1.0,0.0
2015-02-13,0.0019466989460269648,0.0019466989460269648,0.0,0.0,1177,1.0,0.0
2015-02-17,0.002918339385621532,0.002918339385621532,0.0,0.0,1177,1.0,0.0
2015-02-18,-0.0005144855853713171,-0.0005144855853713171,0.0,0.0,1177,1.0,0.0
2015-02-19,0.005744179969777665,0.005744179969777665,0.0,0.0,1177,1.0,0.0
2015-02-20,-0.0015458688946774451,-0.0015458688946774451,0.0,0.0,1177,1.0,0.0
2015-02-23,0.0037485920512350794,0.0037485920512350794,0.0,0.0,1177,1.0,0.0
2015-02-24,0.0019515474065968717,0.0019515474065968717,0.0,0.0,1177,1.0,0.0
2015-02-25,-0.0021212632375398064,-0.0021212632375398064,0.0,0.0,1177,1.0,0.0
2015-02-26,-0.0011085105263531226,-0.0011085105263531226,0.0,0.0,1177,1.0,0.0
2015-02-27,0.0043489009588399095,0.0043489009588399095,0.0,0.0,1177,1.0,0.0
2015-03-02,-0.004987972669488748,-0.004987972669488748,0.0,0.0,1177,1.0,0.0
2015-03-03,-0.004561291906175539,-0.004561291906175539,0.0,0.0,1177,1.0,0.0
2015-03-04,0.0019894825383985565,0.0019894825383985565,0.0,0.0,1177,1.0,0.0
2015-03-05,-0.015441251361971654,-0.015441251361971654,0.0,0.0,1177,1.0,0.0
2015-03-06,-0.0007912246964783297,-0.0007912246964783297,0.0,0.0,1177,1.0,0.0
2015-03-09,-0.014847866562452587,-0.014847866562452587,0.0,0.0,1177,1.0,0.0
2015-03-10,0.0023613565926148684,0.0023613565926148684,0.0,0.0,1177,1.0,0.0
2015-03-11,0.01148009072093184,0.01148009072093184,0.0,0.0,1177,1.0,0.0
2015-03-12,-0.006511250636801712,-0.006511250636801712,0.0,0.0,1177,1.0,0.0
2015-03-13,0.010956269304252246,0.010956269304252246,0.0,0.0,1177,1.0,0.0
2015-03-16,0.000336994835292584,0.000336994835292584,0.0,0.0,1177,1.0,0.0
2015-03-17,0.014466849266041389,0.014465150030697293,0.003398470688190287,1.6992353440951437e-06,1175,0.9999999999999999,1.1102230246251565e-16
2015-03-18,-0.00534428106090943,-0.00534428106090943,0.0,0.0,1175,0.9999999999999999,1.1102230246251565e-16
2015-03-19,0.0114389574660007,0.011438107125864645,0.0017006802721088719,8.50340136054436e-07,1176,0.9999999999999998,2.220446049250313e-16
2015-03-20,0.0006182788043107032,0.0006182788043107032,0.0,0.0,1176,0.9999999999999998,2.220446049250313e-16
2015-03-23,-0.0033179124875314407,-0.0033179124875314407,0.0,0.0,1176,0.9999999999999998,2.220446049250313e-16
2015-03-24,-0.01544015554125062,-0.01544015554125062,0.0,0.0,1176,0.9999999999999998,2.220446049250313e-16
2015-03-25,-0.0038186605024678167,-0.0038186605024678167,0.0,0.0,1176,0.9999999999999998,2.220446049250313e-16
2015-03-26,0.004202474598541593,0.004202474598541593,0.0,0.0,1176,0.9999999999999998,2.220446049250313e-16
2015-03-27,0.011174598704602107,0.011174598704602107,0.0,0.0,1176,0.9999999999999998,2.220446049250313e-16
2015-03-30,-0.006657272651078348,-0.006657272651078348,0.0,0.0,1176,0.9999999999999998,2.220446049250313e-16
2015-03-31,0.00010917972511627263,0.00010917972511627263,0.0,0.0,1176,0.9999999999999998,2.220446049250313e-16
2015-04-01,0.005841252652641415,0.005840402312505361,0.0017006802721088719,8.50340136054436e-07,1175,0.9999999999999999,1.1102230246251565e-16
2015-04-02,0.008676613833127712,0.008676613833127712,0.0,0.0,1175,0.9999999999999999,1.1102230246251565e-16
2015-04-06,-0.0031223471065883056,-0.0031223471065883056,0.0,0.0,1175,0.9999999999999999,1.1102230246251565e-16
2015-04-07,0.005690540289025888,0.005687144703287348,0.006791171477079801,3.395585738539901e-06,1178,1.0000000000000002,0.0
2015-04-08,0.002475137715182987,0.002475137715182987,0.0,0.0,1178,1.0000000000000002,0.0
2015-04-09,0.0033043371692785426,0.0033043371692785426,0.0,0.0,1178,1.0000000000000002,0.0
2015-04-10,-0.0032736629300519422,-0.0032736629300519422,0.0,0.0,1178,1.0000000000000002,0.0
2015-04-13,0.0036336558388911982,0.0036328076624705026,0.0016963528413910056,8.481764206955029e-07,1179,0.9999999999999998,2.220446049250313e-16
2015-04-14,0.008136625938890557,0.008135778481263439,0.0016949152542373065,8.474576271186533e-07,1180,0.9999999999999997,3.3306690738754696e-16
2015-04-15,-0.00032092332237219895,-0.00032092332237219895,0.0,0.0,1180,0.9999999999999997,3.3306690738754696e-16
2015-04-16,-0.012074201878793062,-0.012075048618843866,0.0016934801016088145,8.467400508044073e-07,1181,0.9999999999999998,2.220446049250313e-16
2015-04-17,0.006441906271604493,0.006441906271604493,0.0,0.0,1181,0.9999999999999998,2.220446049250313e-16
2015-04-20,0.0011604019498671055,0.0011595559261784421,0.0016920473773265631,8.460236886632816e-07,1182,0.9999999999999998,2.220446049250313e-16
2015-04-21,0.003954474785589348,0.003954474785589348,0.0,0.0,1182,0.9999999999999998,2.220446049250313e-16
2015-04-22,0.005652191572139158,0.005652191572139158,0.0,0.0,1182,0.9999999999999998,2.220446049250313e-16
2015-04-23,-0.0010243318492076292,-0.0010243318492076292,0.0,0.0,1182,0.9999999999999998,2.220446049250313e-16
2015-04-24,-0.004660839038605728,-0.004660839038605728,0.0,0.0,1182,0.9999999999999998,2.220446049250313e-16
2015-04-27,0.0015545627333797864,0.0015545627333797864,0.0,0.0,1182,0.9999999999999998,2.220446049250313e-16
2015-04-28,-0.004465998280021213,-0.004466844303709877,0.0016920473773265631,8.460236886632816e-07,1181,0.9999999999999998,2.220446049250313e-16
2015-04-29,-0.011493392450489553,-0.011493392450489553,0.0,0.0,1181,0.9999999999999998,2.220446049250313e-16
2015-04-30,0.009377441894344637,0.009376595154293833,0.0016934801016088145,8.467400508044073e-07,1180,0.9999999999999997,3.3306690738754696e-16
2015-05-01,0.003709793461861596,0.003709793461861596,0.0,0.0,1180,0.9999999999999997,3.3306690738754696e-16
2015-05-04,-0.012055087368594654,-0.012055934108645458,0.0016934801016088145,8.467400508044073e-07,1181,0.9999999999999998,2.220446049250313e-16
2015-05-05,-0.0021230667791460314,-0.0021230667791460314,0.0,0.0,1181,0.9999999999999998,2.220446049250313e-16
2015-05-06,0.003196424485870038,0.003196424485870038,0.0,0.0,1181,0.9999999999999998,2.220446049250313e-16
2015-05-07,0.011944842538089345,0.011944842538089345,0.0,0.0,1181,0.9999999999999998,2.220446049250313e-16
2015-05-08,-0.0020161149253147075,-0.002016961665365512,0.0016934801016088145,8.467400508044073e-07,1180,0.9999999999999997,3.3306690738754696e-16
2015-05-11,-0.001991884295050859,-0.001991884295050859,0.0,0.0,1180,0.9999999999999997,3.3306690738754696e-16
2015-05-12,0.0012108941353121284,0.0012108941353121284,0.0,0.0,1180,0.9999999999999997,3.3306690738754696e-16
2015-05-13,0.008891241010946668,0.008891241010946668,0.0,0.0,1180,0.9999999999999997,3.3306690738754696e-16
2015-05-14,0.0017379210457052641,0.0017379210457052641,0.0,0.0,1180,0.9999999999999997,3.3306690738754696e-16
2015-05-15,0.002621847453931402,0.0026209999963042836,0.001694915254237288,8.474576271186441e-07,1180,0.9999999999999997,3.3306690738754696e-16
2015-05-18,-0.003344729568944335,-0.003344729568944335,0.0,0.0,1180,0.9999999999999997,3.3306690738754696e-16
2015-05-19,0.0010657680272600312,0.0010657680272600312,0.0,0.0,1180,0.9999999999999997,3.3306690738754696e-16
2015-05-20,0.0018983185445685458,0.0018983185445685458,0.0,0.0,1180,0.9999999999999997,3.3306690738754696e-16
2015-05-21,-0.0020782722403136513,-0.0020782722403136513,0.0,0.0,1180,0.9999999999999997,3.3306690738754696e-16
2015-05-22,-0.011340039241509364,-0.011340885981560168,0.0016934801016088145,8.467400508044073e-07,1181,0.9999999999999998,2.220446049250313e-16
2015-05-26,0.008499028881606863,0.008498182141556058,0.001693480101608806,8.46740050804403e-07,1181,0.9999999999999998,2.220446049250313e-16
2015-05-27,-0.0015540290562905635,-0.0015540290562905635,0.0,0.0,1181,0.9999999999999998,2.220446049250313e-16
2015-05-28,-0.006146009997260718,-0.006146009997260718,0.0,0.0,1181,0.9999999999999998,2.220446049250313e-16
2015-05-29,0.00020466452078142473,0.00020466452078142473,0.0,0.0,1181,0.9999999999999998,2.220446049250313e-16
2015-06-01,0.003875466879280347,0.003875466879280347,0.0,0.0,1181,0.9999999999999998,2.220446049250313e-16
2015-06-02,0.002506922554088623,0.002506922554088623,0.0,0.0,1181,0.9999999999999998,2.220446049250313e-16
2015-06-03,-0.009416441535099556,-0.009416441535099556,0.0,0.0,1181,0.9999999999999998,2.220446049250313e-16
2015-06-04,0.002287702648597555,0.002287702648597555,0.0,0.0,1181,0.9999999999999998,2.220446049250313e-16
2015-06-05,-0.00645050230733004,-0.00645050230733004,0.0,0.0,1181,0.9999999999999998,2.220446049250313e-16
2015-06-08,-0.001782701577461338,-0.0017835476011500012,0.0016920473773265631,8.460236886632816e-07,1182,0.9999999999999998,2.220446049250313e-16
2015-06-09,0.011573049852794046,0.011573049852794046,0.0,0.0,1182,0.9999999999999998,2.220446049250313e-16
2015-06-10,0.001840236653006469,0.001840236653006469,0.0,0.0,1182,0.9999999999999998,2.220446049250313e-16
2015-06-11,-0.005180976397653908,-0.005180976397653908,0.0,0.0,1182,0.9999999999999998,2.220446049250313e-16
2015-06-12,-0.005015767786152699,-0.005016613809841363,0.0016920473773265631,8.460236886632816e-07,1181,0.9999999999999998,2.220446049250313e-16
2015-06-15,0.004052017240133069,0.004052017240133069,0.0,0.0,1181,0.9999999999999998,2.220446049250313e-16
2015-06-16,0.0027322701485160746,0.0027322701485160746,0.0,0.0,1181,0.9999999999999998,2.220446049250313e-16
2015-06-17,0.008688269350489452,0.008688269350489452,0.0,0.0,1181,0.9999999999999998,2.220446049250313e-16
2015-06-18,-0.0043056604309929195,-0.004306506454681583,0.0016920473773265631,8.460236886632816e-07,1182,0.9999999999999998,2.220446049250313e-16
2015-06-19,0.006520148461412011,0.006519303152874394,0.0016906170752324845,8.453085376162422e-07,1183,0.9999999999999998,2.220446049250313e-16
2015-06-22,0.0011168353520864091,0.0011168353520864091,0.0,0.0,1183,0.9999999999999998,2.220446049250313e-16
2015-06-23,-0.008917923486843322,-0.008917923486843322,0.0,0.0,1183,0.9999999999999998,2.220446049250313e-16
2015-06-24,-0.0034686885489700597,-0.0034686885489700597,0.0,0.0,1183,0.9999999999999998,2.220446049250313e-16
2015-06-25,-0.001580224842954127,-0.001580224842954127,0.0,0.0,1183,0.9999999999999998,2.220446049250313e-16
2015-06-26,-0.023200527798343532,-0.023201373106881147,0.0016906170752324597,8.453085376162298e-07,1183,0.9999999999999998,2.220446049250313e-16
2015-06-29,0.0034056305043333977,0.0034056305043333977,0.0,0.0,1183,0.9999999999999998,2.220446049250313e-16
2015-06-30,0.0019716890383165535,0.0019716890383165535,0.0,0.0,1183,0.9999999999999998,2.220446049250313e-16
2015-07-01,-0.00021312671716638997,-0.00021312671716638997,0.0,0.0,1183,0.9999999999999998,2.220446049250313e-16
2015-07-02,-0.008097485162911283,-0.008097485162911283,0.0,0.0,1183,0.9999999999999998,2.220446049250313e-16
2015-07-06,0.0027920507104072963,0.00279120540186968,0.0016906170752324845,8.453085376162422e-07,1182,0.9999999999999998,2.220446049250313e-16
2015-07-07,-0.019987404960885437,-0.019987404960885437,0.0,0.0,1182,0.9999999999999998,2.220446049250313e-16
2015-07-08,0.005295337388337825,0.005295337388337825,0.0,0.0,1182,0.9999999999999998,2.220446049250313e-16
2015-07-09,0.012960292366913113,0.012960292366913113,0.0,0.0,1182,0.9999999999999998,2.220446049250313e-16
2015-07-10,0.010140570369431817,0.010140570369431817,0.0,0.0,1182,0.9999999999999998,2.220446049250313e-16
2015-07-13,0.004942215350484395,0.004942215350484395,0.0,0.0,1182,0.9999999999999998,2.220446049250313e-16
2015-07-14,-0.007024081331397556,-0.007024081331397556,0.0,0.0,1182,0.9999999999999998,2.220446049250313e-16
2015-07-15,0.005044296964084779,0.005044296964084779,0.0,0.0,1182,0.9999999999999998,2.220446049250313e-16
2015-07-16,-0.005743880559827408,-0.005743880559827408,0.0,0.0,1182,0.9999999999999998,2.220446049250313e-16
2015-07-17,-0.006026752181357609,-0.006026752181357609,0.0,0.0,1182,0.9999999999999998,2.220446049250313e-16
2015-07-20,-0.0024054103634248087,-0.002406255671962425,0.0016906170752324845,8.453085376162422e-07,1183,0.9999999999999998,2.220446049250313e-16
2015-07-21,-0.0027020228776102103,-0.0027020228776102103,0.0,0.0,1183,0.9999999999999998,2.220446049250313e-16
2015-07-22,-0.004842650779854605,-0.004842650779854605,0.0,0.0,1183,0.9999999999999998,2.220446049250313e-16
2015-07-23,-0.012697180175007984,-0.012697180175007984,0.0,0.0,1183,0.9999999999999998,2.220446049250313e-16
2015-07-24,-0.010136392532198316,-0.010137237840735933,0.0016906170752324845,8.453085376162422e-07,1182,0.9999999999999998,2.220446049250313e-16
2015-07-27,0.01302487587608648,0.013024029852397817,0.001692047377326565,8.460236886632826e-07,1182,0.9999999999999998,2.220446049250313e-16
2015-07-28,0.009420360833487892,0.009420360833487892,0.0,0.0,1182,0.9999999999999998,2.220446049250313e-16
2015-07-29,0.0008008496423783807,0.0008008496423783807,0.0,0.0,1182,0.9999999999999998,2.220446049250313e-16
2015-07-30,0.001817601935366377,0.001817601935366377,0.0,0.0,1182,0.9999999999999998,2.220446049250313e-16
2015-07-31,-0.006693363748343207,-0.006695052937532396,0.0033783783783782875,1.6891891891891439e-06,1184,1.0,0.0
2015-08-03,-0.0011566689126736212,-0.0011575127945301614,0.0016877637130802057,8.438818565401028e-07,1185,1.0000000000000004,0.0
2015-08-04,0.0022098000123931404,0.0022098000123931404,0.0,0.0,1185,1.0000000000000004,0.0
2015-08-05,-0.00615360394757927,-0.00615360394757927,0.0,0.0,1185,1.0000000000000004,0.0
2015-08-06,-0.004207963266256359,-0.004207963266256359,0.0,0.0,1185,1.0000000000000004,0.0
2015-08-07,0.017877452703767678,0.017877452703767678,0.0,0.0,1185,1.0000000000000004,0.0
2015-08-10,-0.011057799750076643,-0.011057799750076643,0.0,0.0,1185,1.0000000000000004,0.0
2015-08-11,0.0018670437757932754,0.0018670437757932754,0.0,0.0,1185,1.0000000000000004,0.0
2015-08-12,-0.0053686500721234305,-0.0053686500721234305,0.0,0.0,1185,1.0000000000000004,0.0
2015-08-13,0.003560568191105578,0.003560568191105578,0.0,0.0,1185,1.0000000000000004,0.0
2015-08-14,0.006478957771550829,0.006478957771550829,0.0,0.0,1185,1.0000000000000004,0.0
2015-08-17,-0.0049211646774064794,-0.0049211646774064794,0.0,0.0,1185,1.0000000000000004,0.0
2015-08-18,-0.009211991468365087,-0.009211991468365087,0.0,0.0,1185,1.0000000000000004,0.0
2015-08-19,-0.022306148017603694,-0.022306148017603694,0.0,0.0,1185,1.0000000000000004,0.0
2015-08-20,-0.024264218059329566,-0.024264218059329566,0.0,0.0,1185,1.0000000000000004,0.0
2015-08-21,-0.04065849170654952,-0.04065849170654952,0.0,0.0,1185,1.0000000000000004,0.0
2015-08-24,-0.006358321170689861,-0.006358321170689861,0.0,0.0,1185,1.0000000000000004,0.0
2015-08-25,0.027036021857921963,0.027036021857921963,0.0,0.0,1185,1.0000000000000004,0.0
2015-08-26,0.0316478805304013,0.0316478805304013,0.0,0.0,1185,1.0000000000000004,0.0
2015-08-27,0.005601088060135628,0.005601088060135628,0.0,0.0,1185,1.0000000000000004,0.0
2015-08-28,-0.005792036629799176,-0.005792036629799176,0.0,0.0,1185,1.0000000000000004,0.0
2015-08-31,-0.02926033829705721,-0.02926118217891375,0.0016877637130802057,8.438818565401028e-07,1184,1.0,0.0
2015-09-01,0.01452986922783317,0.01452986922783317,0.0,0.0,1184,1.0,0.0
2015-09-02,0.0026929044982742668,0.0026929044982742668,0.0,0.0,1184,1.0,0.0
2015-09-03,-0.014691896632584921,-0.014692741227179515,0.0016891891891890737,8.445945945945369e-07,1183,0.9999999999999998,2.220446049250313e-16
2015-09-04,0.02421629159088867,0.02421629159088867,0.0,0.0,1183,0.9999999999999998,2.220446049250313e-16
2015-09-08,-0.011683909877549154,-0.011683909877549154,0.0,0.0,1183,0.9999999999999998,2.220446049250313e-16
2015-09-09,0.0030271011665704882,0.0030271011665704882,0.0,0.0,1183,0.9999999999999998,2.220446049250313e-16
2015-09-10,0.0013124374864810662,0.0013124374864810662,0.0,0.0,1183,0.9999999999999998,2.220446049250313e-16
2015-09-11,-0.004345726981576623,-0.004345726981576623,0.0,0.0,1183,0.9999999999999998,2.220446049250313e-16
2015-09-14,0.010453743034265108,0.010452897725727491,0.0016906170752324845,8.453085376162422e-07,1182,0.9999999999999998,2.220446049250313e-16
2015-09-15,0.01503515591030468,0.01503515591030468,0.0,0.0,1182,0.9999999999999998,2.220446049250313e-16
2015-09-16,-0.0001563372192656203,-0.0001563372192656203,0.0,0.0,1182,0.9999999999999998,2.220446049250313e-16
2015-09-17,-0.016884611606813947,-0.016884611606813947,0.0,0.0,1182,0.9999999999999998,2.220446049250313e-16
2015-09-18,0.0010823502456999662,0.0010823502456999662,0.0,0.0,1182,0.9999999999999998,2.220446049250313e-16
2015-09-21,-0.018855657290749075,-0.01885650259928669,0.0016906170752324845,8.453085376162422e-07,1183,0.9999999999999998,2.220446049250313e-16
2015-09-22,-0.008163267377894372,-0.008164111972488966,0.0016891891891890737,8.445945945945369e-07,1184,1.0,0.0
2015-09-23,-0.0016317047425062684,-0.0016317047425062684,0.0,0.0,1184,1.0,0.0
2015-09-24,-0.00415364750540948,-0.004156174885358932,0.00505475989890491,2.527379949452455e-06,1187,1.0,0.0
2015-09-25,-0.03072422476069378,-0.03072422476069378,0.0,0.0,1187,1.0,0.0
2015-09-28,-0.0012372600138447173,-0.0012372600138447173,0.0,0.0,1187,1.0,0.0
2015-09-29,0.02167170418163411,0.02167170418163411,0.0,0.0,1187,1.0,0.0
2015-09-30,-8.037399000274071e-05,-8.037399000274071e-05,0.0,0.0,1187,1.0,0.0
2015-10-01,0.02162262513130573,0.02162262513130573,0.0,0.0,1187,1.0,0.0
2015-10-02,0.02309611262167617,0.02309527087083442,0.001683501683501674,8.417508417508371e-07,1188,0.9999999999999998,2.220446049250313e-16
2015-10-05,-0.0002717231251853792,-0.0002717231251853792,0.0,0.0,1188,0.9999999999999998,2.220446049250313e-16
2015-10-06,0.012221664363820082,0.012221664363820082,0.0,0.0,1188,0.9999999999999998,2.220446049250313e-16
2015-10-07,0.010247801078941337,0.010247801078941337,0.0,0.0,1188,0.9999999999999998,2.220446049250313e-16
2015-10-08,0.0025330250472106997,0.002532183296368949,0.001683501683501674,8.417508417508371e-07,1187,1.0,0.0
2015-10-09,-0.0038940021409999527,-0.0038948438918417036,0.001683501683501674,8.417508417508371e-07,1188,0.9999999999999998,2.220446049250313e-16
2015-10-12,-0.010831622854475979,-0.010831622854475979,0.0,0.0,1188,0.9999999999999998,2.220446049250313e-16
2015-10-13,-0.0011994767366993587,-0.0012003177795925463,0.0016820857863751066,8.410428931875533e-07,1189,1.0,0.0
2015-10-14,0.015462073340993754,0.015462073340993754,0.0,0.0,1189,1.0,0.0
2015-10-15,0.0004336281068172288,0.0004336281068172288,0.0,0.0,1189,1.0,0.0
2015-10-16,-0.0027881952239557227,-0.0027881952239557227,0.0,0.0,1189,1.0,0.0
2015-10-19,-0.00012685092890880705,-0.00012685092890880705,0.0,0.0,1189,1.0,0.0
2015-10-20,-0.011608358461449725,-0.011609198797584179,0.001680672268907458,8.40336134453729e-07,1190,1.0000000000000004,0.0
2015-10-21,0.012943166881545424,0.012943166881545424,0.0,0.0,1190,1.0000000000000004,0.0
2015-10-22,0.007397240764699962,0.007397240764699962,0.0,0.0,1190,1.0000000000000004,0.0
2015-10-23,-0.004853499550051679,-0.004853499550051679,0.0,0.0,1190,1.0000000000000004,0.0
2015-10-26,-0.008393976017274233,-0.008393976017274233,0.0,0.0,1190,1.0000000000000004,0.0
2015-10-27,0.016574238654891497,0.016574238654891497,0.0,0.0,1190,1.0000000000000004,0.0
2015-10-28,-0.00526776343400373,-0.00526776343400373,0.0,0.0,1190,1.0000000000000004,0.0
2015-10-29,0.0006503980407078071,0.0006503980407078071,0.0,0.0,1190,1.0000000000000004,0.0
2015-10-30,0.014845602121863526,0.014845602121863526,0.0,0.0,1190,1.0000000000000004,0.0
2015-11-02,0.005712792971676102,0.005712792971676102,0.0,0.0,1190,1.0000000000000004,0.0
2015-11-03,-0.004474366235711158,-0.004474366235711158,0.0,0.0,1190,1.0000000000000004,0.0
2015-11-04,-0.0034616868078192714,-0.003462526438381824,0.0016792611251050405,8.396305625525203e-07,1191,0.9999999999999999,1.1102230246251565e-16
2015-11-05,-0.0006607676485548427,-0.0006607676485548427,0.0,0.0,1191,0.9999999999999999,1.1102230246251565e-16
2015-11-06,-0.009368245250979273,-0.009368245250979273,0.0,0.0,1191,0.9999999999999999,1.1102230246251565e-16
2015-11-09,-0.00013013068926660907,-0.00013096961544110572,0.0016778523489932834,8.389261744966417e-07,1192,0.9999999999999999,1.1102230246251565e-16
2015-11-10,-0.005895733119557404,-0.005895733119557404,0.0,0.0,1192,0.9999999999999999,1.1102230246251565e-16
2015-11-11,-0.015703587450781598,-0.015703587450781598,0.0,0.0,1192,0.9999999999999999,1.1102230246251565e-16
2015-11-12,-0.008439913361322179,-0.008439913361322179,0.0,0.0,1192,0.9999999999999999,1.1102230246251565e-16
2015-11-13,0.013455614189878156,0.013454775966910847,0.0016764459346185773,8.382229673092886e-07,1193,1.0,0.0
2015-11-16,-0.003342264760062521,-0.003342264760062521,0.0,0.0,1193,1.0,0.0
2015-11-17,0.016160064350700595,0.016160064350700595,0.0,0.0,1193,1.0,0.0
2015-11-18,-0.0001243965862759647,-0.0001243965862759647,0.0,0.0,1193,1.0,0.0
2015-11-19,0.0016262767728107122,0.001625438549843403,0.0016764459346185773,8.382229673092886e-07,1192,0.9999999999999999,1.1102230246251565e-16
2015-11-20,0.0002828925981788381,0.0002828925981788381,0.0,0.0,1192,0.9999999999999999,1.1102230246251565e-16
2015-11-23,0.005970348006102461,0.005970348006102461,0.0,0.0,1192,0.9999999999999999,1.1102230246251565e-16
2015-11-24,0.001990808202479812,0.001990808202479812,0.0,0.0,1192,0.9999999999999999,1.1102230246251565e-16
2015-11-25,-0.0009400851409138531,-0.0009400851409138531,0.0,0.0,1192,0.9999999999999999,1.1102230246251565e-16
2015-11-27,-0.0024193385034240646,-0.0024193385034240646,0.0,0.0,1192,0.9999999999999999,1.1102230246251565e-16
2015-11-30,0.00841954708001891,0.008418708153844413,0.0016778523489932834,8.389261744966417e-07,1191,0.9999999999999999,1.1102230246251565e-16
2015-12-01,-0.01092779690703379,-0.01092779690703379,0.0,0.0,1191,0.9999999999999999,1.1102230246251565e-16
2015-12-02,-0.01305591580473546,-0.01305591580473546,0.0,0.0,1191,0.9999999999999999,1.1102230246251565e-16
2015-12-03,0.01100765653120243,0.01100765653120243,0.0,0.0,1191,0.9999999999999999,1.1102230246251565e-16
2015-12-04,-0.014742219522454966,-0.014743059153017518,0.0016792611251050405,8.396305625525203e-07,1190,1.0000000000000004,0.0
2015-12-07,-0.007194959158716771,-0.007194959158716771,0.0,0.0,1190,1.0000000000000004,0.0
2015-12-08,-0.004218336887065639,-0.004219177223200093,0.001680672268907458,8.40336134453729e-07,1189,1.0,0.0
2015-12-09,0.0025875225262220166,0.0025875225262220166,0.0,0.0,1189,1.0,0.0
2015-12-10,-0.02214066405605771,-0.02214066405605771,0.0,0.0,1189,1.0,0.0
2015-12-11,-0.005172420948220373,-0.005172420948220373,0.0,0.0,1189,1.0,0.0
2015-12-14,0.013482211091408874,0.013482211091408874,0.0,0.0,1189,1.0,0.0
2015-12-15,0.016781626613442846,0.016780786277308394,0.001680672268907458,8.40336134453729e-07,1190,1.0000000000000004,0.0
2015-12-16,-0.01628426999215642,-0.01628426999215642,0.0,0.0,1190,1.0000000000000004,0.0
2015-12-17,-0.010945228088242526,-0.010945228088242526,0.0,0.0,1190,1.0000000000000004,0.0
2015-12-18,0.006791346653236467,0.006791346653236467,0.0,0.0,1190,1.0000000000000004,0.0
2015-12-21,0.010257122809488007,0.010257122809488007,0.0,0.0,1190,1.0000000000000004,0.0
2015-12-22,0.019171191909019773,0.019171191909019773,0.0,0.0,1190,1.0000000000000004,0.0
2015-12-23,0.00039355509641945767,0.00039355509641945767,0.0,0.0,1190,1.0000000000000004,0.0
2015-12-24,-0.005937459246029095,-0.005937459246029095,0.0,0.0,1190,1.0000000000000004,0.0
2015-12-28,0.008531811867283225,0.00853097153114877,0.001680672268907458,8.40336134453729e-07,1189,1.0,0.0
2015-12-29,-0.009790538131794542,-0.009791378467928996,0.001680672268907458,8.40336134453729e-07,1190,1.0000000000000004,0.0
2015-12-30,-0.005637025521309185,-0.005637025521309185,0.0,0.0,1190,1.0000000000000004,0.0
2015-12-31,-0.014671079618086226,-0.014671079618086226,0.0,0.0,1190,1.0000000000000004,0.0
2016-01-04,0.0001247598287466864,0.0001239201981841339,0.0016792611251050405,8.396305625525203e-07,1191,0.9999999999999999,1.1102230246251565e-16
2016-01-05,-0.01906965536977251,-0.01906965536977251,0.0,0.0,1191,0.9999999999999999,1.1102230246251565e-16
2016-01-06,-0.026779603202839182,-0.026779603202839182,0.0,0.0,1191,0.9999999999999999,1.1102230246251565e-16
2016-01-07,-0.012353633476184995,-0.012353633476184995,0.0,0.0,1191,0.9999999999999999,1.1102230246251565e-16
2016-01-08,-0.00889398239057793,-0.00889398239057793,0.0,0.0,1191,0.9999999999999999,1.1102230246251565e-16
2016-01-11,0.003484395183600839,0.003484395183600839,0.0,0.0,1191,0.9999999999999999,1.1102230246251565e-16
2016-01-12,-0.02626669095919983,-0.02626669095919983,0.0,0.0,1191,0.9999999999999999,1.1102230246251565e-16
2016-01-13,0.01406593853575155,0.01406593853575155,0.0,0.0,1191,0.9999999999999999,1.1102230246251565e-16
2016-01-14,-0.023714968691879983,-0.023714968691879983,0.0,0.0,1191,0.9999999999999999,1.1102230246251565e-16
2016-01-15,-0.008925361976031318,-0.008927041237156423,0.0033585222502098893,1.6792611251049447e-06,1189,1.0,0.0
2016-01-19,-0.007119714228038395,-0.007119714228038395,0.0,0.0,1189,1.0,0.0
2016-01-20,0.009315404654477619,0.009315404654477619,0.0,0.0,1189,1.0,0.0
2016-01-21,0.027180039910465942,0.027180039910465942,0.0,0.0,1189,1.0,0.0
2016-01-22,-0.019851780405806214,-0.019851780405806214,0.0,0.0,1189,1.0,0.0
2016-01-25,0.020896365574428026,0.020896365574428026,0.0,0.0,1189,1.0,0.0
2016-01-26,-0.008701704270632566,-0.008701704270632566,0.0,0.0,1189,1.0,0.0
2016-01-27,0.0007240548006609268,0.0007240548006609268,0.0,0.0,1189,1.0,0.0
2016-01-28,0.030738677486723747,0.030737837150589295,0.001680672268907458,8.40336134453729e-07,1190,1.0000000000000004,0.0
2016-01-29,0.0005082202481568452,0.0005082202481568452,0.0,0.0,1190,1.0000000000000004,0.0
2016-02-01,-0.026265383273480387,-0.026267063945749295,0.003361344537815022,1.6806722689075111e-06,1188,0.9999999999999998,2.220446049250313e-16
2016-02-02,0.011717023321073775,0.011717023321073775,0.0,0.0,1188,0.9999999999999998,2.220446049250313e-16
2016-02-03,0.01166443014852558,0.01166443014852558,0.0,0.0,1188,0.9999999999999998,2.220446049250313e-16
2016-02-04,-0.022376111109620622,-0.022376111109620622,0.0,0.0,1188,0.9999999999999998,2.220446049250313e-16
2016-02-05,-0.02629377979134281,-0.02629377979134281,0.0,0.0,1188,0.9999999999999998,2.220446049250313e-16
2016-02-08,-0.007643583416302554,-0.007643583416302554,0.0,0.0,1188,0.9999999999999998,2.220446049250313e-16
2016-02-09,0.002183281170277083,0.002183281170277083,0.0,0.0,1188,0.9999999999999998,2.220446049250313e-16
2016-02-10,-0.013282932347779386,-0.013282932347779386,0.0,0.0,1188,0.9999999999999998,2.220446049250313e-16
2016-02-11,0.022539033819618567,0.022539033819618567,0.0,0.0,1188,0.9999999999999998,2.220446049250313e-16
2016-02-12,0.0244424486730005,0.0244424486730005,0.0,0.0,1188,0.9999999999999998,2.220446049250313e-16
2016-02-16,0.025126652630929634,0.025126652630929634,0.0,0.0,1188,0.9999999999999998,2.220446049250313e-16
2016-02-17,-0.004309779264122878,-0.004309779264122878,0.0,0.0,1188,0.9999999999999998,2.220446049250313e-16
2016-02-18,-0.002030309343105013,-0.002030309343105013,0.0,0.0,1188,0.9999999999999998,2.220446049250313e-16
2016-02-19,0.019633944411142898,0.019633944411142898,0.0,0.0,1188,0.9999999999999998,2.220446049250313e-16
2016-02-22,-0.013668716678972268,-0.013668716678972268,0.0,0.0,1188,0.9999999999999998,2.220446049250313e-16
2016-02-23,0.006812073498752435,0.006812073498752435,0.0,0.0,1188,0.9999999999999998,2.220446049250313e-16
2016-02-24,0.009704368060016786,0.009704368060016786,0.0,0.0,1188,0.9999999999999998,2.220446049250313e-16
2016-02-25,0.006073715666127235,0.006073715666127235,0.0,0.0,1188,0.9999999999999998,2.220446049250313e-16
2016-02-26,-0.0014159016390998585,-0.0014159016390998585,0.0,0.0,1188,0.9999999999999998,2.220446049250313e-16
2016-02-29,0.022612499148780614,0.022612499148780614,0.0,0.0,1188,0.9999999999999998,2.220446049250313e-16
2016-03-01,0.013252995648964783,0.013252995648964783,0.0,0.0,1188,0.9999999999999998,2.220446049250313e-16
2016-03-02,0.013848863962412512,0.013848863962412512,0.0,0.0,1188,0.9999999999999998,2.220446049250313e-16
2016-03-03,0.008655743631232591,0.00865490188039084,0.001683501683501674,8.417508417508371e-07,1187,1.0,0.0
2016-03-04,0.00929466468115923,0.00929382293031748,0.001683501683501674,8.417508417508371e-07,1188,0.9999999999999998,2.220446049250313e-16
2016-03-07,-0.022057865553908595,-0.022057865553908595,0.0,0.0,1188,0.9999999999999998,2.220446049250313e-16
2016-03-08,0.0060981889602476375,0.006097347209405887,0.001683501683501674,8.417508417508371e-07,1187,1.0,0.0
2016-03-09,-0.0018080310612472112,-0.0018080310612472112,0.0,0.0,1187,1.0,0.0
2016-03-10,0.021457866064179692,0.021457866064179692,0.0,0.0,1187,1.0,0.0
2016-03-11,-0.0033524117938359783,-0.0033524117938359783,0.0,0.0,1187,1.0,0.0
2016-03-14,-0.012869200555850257,-0.012869200555850257,0.0,0.0,1187,1.0,0.0
2016-03-15,0.012630425817099711,0.012630425817099711,0.0,0.0,1187,1.0,0.0
2016-03-16,0.012703641465708288,0.012703641465708288,0.0,0.0,1187,1.0,0.0
2016-03-17,0.0049762171663775305,0.0049762171663775305,0.0,0.0,1187,1.0,0.0
2016-03-18,0.00035601760003182666,0.00035601760003182666,0.0,0.0,1187,1.0,0.0
2016-03-21,0.0008560734806245854,0.0008560734806245854,0.0,0.0,1187,1.0,0.0
2016-03-22,-0.01772628386476282,-0.01772628386476282,0.0,0.0,1187,1.0,0.0
2016-03-23,0.0008389349443517507,0.0008389349443517507,0.0,0.0,1187,1.0,0.0
2016-03-24,0.0007429441696279655,0.0007429441696279655,0.0,0.0,1187,1.0,0.0
2016-03-28,0.014336692966490143,0.014335851215648392,0.001683501683501674,8.417508417508371e-07,1188,0.9999999999999998,2.220446049250313e-16
2016-03-29,0.0048036079429991385,0.0048036079429991385,0.0,0.0,1188,0.9999999999999998,2.220446049250313e-16
2016-03-30,0.0010386199266599352,0.0010386199266599352,0.0,0.0,1188,0.9999999999999998,2.220446049250313e-16
2016-03-31,0.0017419872895174564,0.0017419872895174564,0.0,0.0,1188,0.9999999999999998,2.220446049250313e-16
2016-04-01,-0.008697231844775652,-0.008698072887668839,0.0016820857863751064,8.410428931875532e-07,1189,1.0,0.0
2016-04-04,-0.01002432913170177,-0.010025170174594956,0.0016820857863751064,8.410428931875532e-07,1188,0.9999999999999998,2.220446049250313e-16
2016-04-05,0.012624670452522703,0.012623828701680951,0.001683501683501674,8.417508417508371e-07,1187,1.0,0.0
2016-04-06,-0.012704569299785966,-0.012704569299785966,0.0,0.0,1187,1.0,0.0
2016-04-07,0.008175892103197323,0.008175892103197323,0.0,0.0,1187,1.0,0.0
2016-04-08,0.0016186311691624333,0.0016186311691624333,0.0,0.0,1187,1.0,0.0
2016-04-11,0.013510079107774856,0.013510079107774856,0.0,0.0,1187,1.0,0.0
2016-04-12,0.01691783705803846,0.01691783705803846,0.0,0.0,1187,1.0,0.0
2016-04-13,-0.002375869715006723,-0.002375869715006723,0.0,0.0,1187,1.0,0.0
2016-04-14,-0.0004579183295073887,-0.0004579183295073887,0.0,0.0,1187,1.0,0.0
2016-04-15,0.006623923836513853,0.006623082085672103,0.001683501683501674,8.417508417508371e-07,1188,0.9999999999999998,2.220446049250313e-16
2016-04-18,0.007223268324788779,0.0072224265739470285,0.001683501683501674,8.417508417508371e-07,1187,1.0,0.0
2016-04-19,0.0022436261448584727,0.0022436261448584727,0.0,0.0,1187,1.0,0.0
2016-04-20,-0.005241656615630731,-0.005241656615630731,0.0,0.0,1187,1.0,0.0
2016-04-21,0.006170519098817712,0.006170519098817712,0.0,0.0,1187,1.0,0.0
2016-04-22,-0.006886200407584822,-0.006886200407584822,0.0,0.0,1187,1.0,0.0
2016-04-25,0.008270467503264768,0.008269625043281617,0.0016849199663016,8.424599831508e-07,1186,1.0,0.0
2016-04-26,0.006135315366830496,0.006135315366830496,0.0,0.0,1186,1.0,0.0
2016-04-27,-0.009282216064942377,-0.009282216064942377,0.0,0.0,1186,1.0,0.0
2016-04-28,-0.00481361305702277,-0.00481361305702277,0.0,0.0,1186,1.0,0.0
2016-04-29,0.004548576772529027,0.004548576772529027,0.0,0.0,1186,1.0,0.0
2016-05-02,-0.016250886019495318,-0.01625172918981572,0.0016863406408095158,8.431703204047579e-07,1185,1.0000000000000004,0.0
2016-05-03,-0.008606962024629652,-0.008606962024629652,0.0,0.0,1185,1.0000000000000004,0.0
2016-05-04,-0.0018890565992934166,-0.0018890565992934166,0.0,0.0,1185,1.0000000000000004,0.0
2016-05-05,0.0027257752100772743,0.0027257752100772743,0.0,0.0,1185,1.0000000000000004,0.0
2016-05-06,-0.0028806779822779104,-0.0028806779822779104,0.0,0.0,1185,1.0000000000000004,0.0
2016-05-09,0.013583297654015176,0.013583297654015176,0.0,0.0,1185,1.0000000000000004,0.0
2016-05-10,-0.00816334637736078,-0.00816334637736078,0.0,0.0,1185,1.0000000000000004,0.0
2016-05-11,-0.0043941037764726795,-0.0043941037764726795,0.0,0.0,1185,1.0000000000000004,0.0
2016-05-12,-0.008316178648934507,-0.008317022530791047,0.0016877637130802057,8.438818565401028e-07,1184,1.0,0.0
2016-05-13,0.011425510745072032,0.011424666863215492,0.0016877637130802057,8.438818565401028e-07,1185,1.0000000000000004,0.0
2016-05-16,-0.0066821766839042975,-0.006683019854224702,0.0016863406408095158,8.431703204047579e-07,1186,1.0,0.0
2016-05-17,-0.0028094340038669805,-0.0028094340038669805,0.0,0.0,1186,1.0,0.0
2016-05-18,-0.004733953952099753,-0.004734797122420158,0.0016863406408095158,8.431703204047579e-07,1185,1.0000000000000004,0.0
2016-05-19,0.011837183792114358,0.011836340621793954,0.0016863406408095158,8.431703204047579e-07,1186,1.0,0.0
2016-05-20,-0.0006809195278056051,-0.0006817619877887559,0.0016849199663016,8.424599831508e-07,1187,1.0,0.0
2016-05-23,0.013579555855443763,0.013578713395460611,0.0016849199663016,8.424599831508e-07,1186,1.0,0.0
2016-05-24,0.009394658504250747,0.009393815333930343,0.0016863406408095158,8.431703204047579e-07,1185,1.0000000000000004,0.0
2016-05-25,-3.104954063388142e-05,-3.104954063388142e-05,0.0,0.0,1185,1.0000000000000004,0.0
2016-05-26,0.004445091642450693,0.004445091642450693,0.0,0.0,1185,1.0000000000000004,0.0
2016-05-27,0.0022474637258722324,0.0022474637258722324,0.0,0.0,1185,1.0000000000000004,0.0
2016-05-31,0.0034203273542400704,0.0034194834723835304,0.0016877637130802057,8.438818565401028e-07,1184,1.0,0.0
2016-06-01,0.005898688596404193,0.005898688596404193,0.0,0.0,1184,1.0,0.0
2016-06-02,-0.0006633845591626818,-0.0006633845591626818,0.0,0.0,1184,1.0,0.0
2016-06-03,0.00980568182396267,0.00980568182396267,0.0,0.0,1184,1.0,0.0
2016-06-06,0.003967971006711626,0.003967971006711626,0.0,0.0,1184,1.0,0.0
2016-06-07,0.005743180973445391,0.005743180973445391,0.0,0.0,1184,1.0,0.0
2016-06-08,-0.0061243193581307,-0.0061243193581307,0.0,0.0,1184,1.0,0.0
2016-06-09,-0.01815131002124521,-0.01815131002124521,0.0,0.0,1184,1.0,0.0
2016-06-10,-0.009268916499871329,-0.009268916499871329,0.0,0.0,1184,1.0,0.0
2016-06-13,-0.005317012257721224,-0.005317856139577764,0.0016877637130802057,8.438818565401028e-07,1185,1.0000000000000004,0.0
2016-06-14,0.0033164189150360476,0.0033164189150360476,0.0,0.0,1185,1.0000000000000004,0.0
2016-06-15,-0.000705645865813481,-0.000705645865813481,0.0,0.0,1185,1.0000000000000004,0.0
2016-06-16,0.001909057321643781,0.001909057321643781,0.0,0.0,1185,1.0000000000000004,0.0
2016-06-17,0.011751789851159095,0.011751789851159095,0.0,0.0,1185,1.0000000000000004,0.0
2016-06-20,0.00017433267098591876,0.00017433267098591876,0.0,0.0,1185,1.0000000000000004,0.0
2016-06-21,-0.00087960340883274,-0.0008804472906892801,0.0016877637130802057,8.438818565401028e-07,1184,1.0,0.0
2016-06-22,0.018471995454088293,0.018471995454088293,0.0,0.0,1184,1.0,0.0
2016-06-23,-0.043232508767783596,-0.04323335336237819,0.0016891891891891893,8.445945945945947e-07,1184,1.0,0.0
2016-06-24,-0.03043281144570003,-0.03043365532755657,0.0016877637130802057,8.438818565401028e-07,1185,1.0000000000000004,0.0
2016-06-27,0.02296934859708756,0.02296934859708756,0.0,0.0,1185,1.0000000000000004,0.0
2016-06-28,0.02180168031646073,0.02180168031646073,0.0,0.0,1185,1.0000000000000004,0.0
2016-06-29,0.014832094330535159,0.014831251160214755,0.0016863406408095158,8.431703204047579e-07,1186,1.0,0.0
2016-06-30,0.0052398554037122996,0.005238171902028798,0.003367003367003357,1.6835016835016785e-06,1188,0.9999999999999998,2.220446049250313e-16
2016-07-01,-0.01440453501021892,-0.014405376053112108,0.0016820857863751064,8.410428931875532e-07,1189,1.0,0.0
2016-07-05,0.004921013317977415,0.00491933405685231,0.0033585222502098893,1.6792611251049447e-06,1191,0.9999999999999999,1.1102230246251565e-16
2016-07-06,0.0009015048451592651,0.0009015048451592651,0.0,0.0,1191,0.9999999999999999,1.1102230246251565e-16
2016-07-07,0.019596464235818727,0.019596464235818727,0.0,0.0,1191,0.9999999999999999,1.1102230246251565e-16
2016-07-08,0.007124023891547298,0.007124023891547298,0.0,0.0,1191,0.9999999999999999,1.1102230246251565e-16
2016-07-11,0.013672130960893678,0.013672130960893678,0.0,0.0,1191,0.9999999999999999,1.1102230246251565e-16
2016-07-12,-0.0009133524552258251,-0.0009133524552258251,0.0,0.0,1191,0.9999999999999999,1.1102230246251565e-16
2016-07-13,0.004706074096801366,0.004706074096801366,0.0,0.0,1191,0.9999999999999999,1.1102230246251565e-16
2016-07-14,-0.00059445302885411,-0.00059445302885411,0.0,0.0,1191,0.9999999999999999,1.1102230246251565e-16
2016-07-15,0.004121130851025217,0.004121130851025217,0.0,0.0,1191,0.9999999999999999,1.1102230246251565e-16
2016-07-18,-0.005615879284704629,-0.005616718915267181,0.0016792611251050405,8.396305625525203e-07,1190,1.0000000000000004,0.0
2016-07-19,0.0065519354698183735,0.0065519354698183735,0.0,0.0,1190,1.0000000000000004,0.0
2016-07-20,-0.0029497387522468095,-0.0029497387522468095,0.0,0.0,1190,1.0000000000000004,0.0
2016-07-21,0.006089991187420891,0.006089991187420891,0.0,0.0,1190,1.0000000000000004,0.0
2016-07-22,-0.0031393634950103704,-0.003140203125572923,0.0016792611251050405,8.396305625525203e-07,1191,0.9999999999999999,1.1102230246251565e-16
2016-07-25,0.006452765511934149,0.006451925881371596,0.0016792611251050405,8.396305625525203e-07,1190,1.0000000000000004,0.0
2016-07-26,-0.0010946286457834194,-0.0010946286457834194,0.0,0.0,1190,1.0000000000000004,0.0
2016-07-27,0.0021180255653558888,0.002117185934793336,0.0016792611251050405,8.396305625525203e-07,1191,0.9999999999999999,1.1102230246251565e-16
2016-07-28,0.0033877444693544588,0.0033877444693544588,0.0,0.0,1191,0.9999999999999999,1.1102230246251565e-16
2016-07-29,-0.00402369264509649,-0.00402369264509649,0.0,0.0,1191,0.9999999999999999,1.1102230246251565e-16
2016-08-01,-0.009273798857965563,-0.009273798857965563,0.0,0.0,1191,0.9999999999999999,1.1102230246251565e-16
2016-08-02,0.00840502918923732,0.00840502918923732,0.0,0.0,1191,0.9999999999999999,1.1102230246251565e-16
2016-08-03,0.002401497787767914,0.002401497787767914,0.0,0.0,1191,0.9999999999999999,1.1102230246251565e-16
2016-08-04,0.01003850783999855,0.010037668913824054,0.0016778523489932834,8.389261744966417e-07,1192,0.9999999999999999,1.1102230246251565e-16
2016-08-05,0.0018429652917498086,0.0018429652917498086,0.0,0.0,1192,0.9999999999999999,1.1102230246251565e-16
2016-08-08,0.001658100252498594,0.001658100252498594,0.0,0.0,1192,0.9999999999999999,1.1102230246251565e-16
2016-08-09,-0.004141658301647693,-0.004141658301647693,0.0,0.0,1192,0.9999999999999999,1.1102230246251565e-16
2016-08-10,0.0076863171480027245,0.0076863171480027245,0.0,0.0,1192,0.9999999999999999,1.1102230246251565e-16
2016-08-11,-0.000634195768950327,-0.000634195768950327,0.0,0.0,1192,0.9999999999999999,1.1102230246251565e-16
2016-08-12,0.008330379005140841,0.008329540782173532,0.0016764459346185773,8.382229673092886e-07,1193,1.0,0.0
2016-08-15,-0.005922420467996394,-0.005922420467996394,0.0,0.0,1193,1.0,0.0
2016-08-16,-0.0017700645723619404,-0.0017709027953292497,0.0016764459346185773,8.382229673092886e-07,1192,0.9999999999999999,1.1102230246251565e-16
2016-08-17,0.006484484481702073,0.006484484481702073,0.0,0.0,1192,0.9999999999999999,1.1102230246251565e-16
2016-08-18,-0.0011404305296041507,-0.0011404305296041507,0.0,0.0,1192,0.9999999999999999,1.1102230246251565e-16
2016-08-19,-0.0013908551833568003,-0.0013908551833568003,0.0,0.0,1192,0.9999999999999999,1.1102230246251565e-16
2016-08-22,0.004735256487821765,0.004735256487821765,0.0,0.0,1192,0.9999999999999999,1.1102230246251565e-16
2016-08-23,-0.00958347251236736,-0.00958347251236736,0.0,0.0,1192,0.9999999999999999,1.1102230246251565e-16
2016-08-24,0.0004898421261075,0.0004898421261075,0.0,0.0,1192,0.9999999999999999,1.1102230246251565e-16
2016-08-25,-0.00245179974315988,-0.00245179974315988,0.0,0.0,1192,0.9999999999999999,1.1102230246251565e-16
2016-08-26,0.006161100060060669,0.006161100060060669,0.0,0.0,1192,0.9999999999999999,1.1102230246251565e-16
2016-08-29,-0.0015824864308984488,-0.0015824864308984488,0.0,0.0,1192,0.9999999999999999,1.1102230246251565e-16
2016-08-30,-0.00436707603640444,-0.00436707603640444,0.0,0.0,1192,0.9999999999999999,1.1102230246251565e-16
2016-08-31,0.0021597494344843295,0.0021597494344843295,0.0,0.0,1192,0.9999999999999999,1.1102230246251565e-16
2016-09-01,0.009193014278808522,0.009193014278808522,0.0,0.0,1192,0.9999999999999999,1.1102230246251565e-16
2016-09-02,0.004253758913575477,0.004253758913575477,0.0,0.0,1192,0.9999999999999999,1.1102230246251565e-16
2016-09-06,0.00187599512387374,0.0018743172715247466,0.0033557046979866586,1.6778523489933293e-06,1190,1.0000000000000004,0.0
2016-09-07,-0.0014323073896298456,-0.0014331477257642994,0.001680672268907458,8.40336134453729e-07,1189,1.0,0.0
2016-09-08,-0.02866348783396142,-0.02866348783396142,0.0,0.0,1189,1.0,0.0
2016-09-09,0.013085881937530172,0.013085881937530172,0.0,0.0,1189,1.0,0.0
2016-09-12,-0.02008874079530724,-0.02008874079530724,0.0,0.0,1189,1.0,0.0
2016-09-13,-0.0006562810296776472,-0.0006562810296776472,0.0,0.0,1189,1.0,0.0
2016-09-14,0.010910547785763083,0.010910547785763083,0.0,0.0,1189,1.0,0.0
2016-09-15,-0.004687148767980725,-0.004687148767980725,0.0,0.0,1189,1.0,0.0
2016-09-16,0.004647818075592995,0.004647818075592995,0.0,0.0,1189,1.0,0.0
2016-09-19,-0.0011696187962542896,-0.0011704598391474772,0.001682085786375105,8.410428931875525e-07,1189,1.0,0.0
2016-09-20,0.016829487837979898,0.016829487837979898,0.0,0.0,1189,1.0,0.0
2016-09-21,0.009906681306052,0.009906681306052,0.0,0.0,1189,1.0,0.0
2016-09-22,-0.007154184668328692,-0.007154184668328692,0.0,0.0,1189,1.0,0.0
2016-09-23,-0.007805062590035776,-0.007805903632928964,0.0016820857863751064,8.410428931875532e-07,1188,0.9999999999999998,2.220446049250313e-16
2016-09-26,0.004132111358962545,0.004132111358962545,0.0,0.0,1188,0.9999999999999998,2.220446049250313e-16
2016-09-27,0.0093917452572615,0.009390904214368313,0.0016820857863751064,8.410428931875532e-07,1189,1.0,0.0
2016-09-28,-0.010791986988916445,-0.010791986988916445,0.0,0.0,1189,1.0,0.0
2016-09-29,0.007895164722823289,0.007894323679930102,0.0016820857863751064,8.410428931875532e-07,1188,0.9999999999999998,2.220446049250313e-16
2016-09-30,-0.0033643105219181763,-0.0033651515648113637,0.0016820857863751064,8.410428931875532e-07,1189,1.0,0.0
2016-10-03,-0.006423522244413048,-0.006424363287306236,0.001682085786375105,8.410428931875525e-07,1189,1.0,0.0
2016-10-04,0.007627419091931058,0.007627419091931058,0.0,0.0,1189,1.0,0.0
2016-10-05,-0.0011311691241049754,-0.001132010166998163,0.0016820857863751064,8.410428931875532e-07,1188,0.9999999999999998,2.220446049250313e-16
2016-10-06,-0.005460971102858149,-0.005461812145751337,0.0016820857863751064,8.410428931875532e-07,1189,1.0,0.0
2016-10-07,0.006810395954602074,0.006810395954602074,0.0,0.0,1189,1.0,0.0
2016-10-10,-0.01601354822770598,-0.01601354822770598,0.0,0.0,1189,1.0,0.0
2016-10-11,-0.0005177149724946893,-0.0005177149724946893,0.0,0.0,1189,1.0,0.0
2016-10-12,-0.004771006352113289,-0.004771006352113289,0.0,0.0,1189,1.0,0.0
2016-10-13,-0.0015758242818653654,-0.0015758242818653654,0.0,0.0,1189,1.0,0.0
2016-10-14,-0.0024816859187388397,-0.0024825262548732936,0.001680672268907458,8.40336134453729e-07,1190,1.0000000000000004,0.0
2016-10-17,0.009728772095146752,0.009728772095146752,0.0,0.0,1190,1.0000000000000004,0.0
2016-10-18,0.005571113077733477,0.005571113077733477,0.0,0.0,1190,1.0000000000000004,0.0
2016-10-19,-5.216935635255957e-06,-5.216935635255957e-06,0.0,0.0,1190,1.0000000000000004,0.0
2016-10-20,0.0004555516992576395,0.00045471206869508697,0.0016792611251050405,8.396305625525203e-07,1191,0.9999999999999999,1.1102230246251565e-16
2016-10-21,0.004664387755387141,0.004664387755387141,0.0,0.0,1191,0.9999999999999999,1.1102230246251565e-16
2016-10-24,-0.006854058999903655,-0.006854058999903655,0.0,0.0,1191,0.9999999999999999,1.1102230246251565e-16
2016-10-25,-0.004047265578548857,-0.004047265578548857,0.0,0.0,1191,0.9999999999999999,1.1102230246251565e-16
2016-10-26,-0.006655991614562962,-0.006655991614562962,0.0,0.0,1191,0.9999999999999999,1.1102230246251565e-16
2016-10-27,-0.0010413003971074739,-0.0010413003971074739,0.0,0.0,1191,0.9999999999999999,1.1102230246251565e-16
2016-10-28,0.0015059542269739508,0.0015051153007994542,0.0016778523489932834,8.389261744966417e-07,1192,0.9999999999999999,1.1102230246251565e-16
2016-10-31,-0.007143299087110776,-0.007143299087110776,0.0,0.0,1192,0.9999999999999999,1.1102230246251565e-16
2016-11-01,-0.0100487290110482,-0.010049567234015509,0.0016764459346185773,8.382229673092886e-07,1193,1.0,0.0
2016-11-02,-0.003447020702661703,-0.0034478582235997262,0.001675041876046896,8.375209380234481e-07,1194,0.9999999999999998,2.220446049250313e-16
2016-11-03,0.0009406721775403115,0.000939834656602288,0.001675041876046896,8.375209380234481e-07,1193,1.0,0.0
2016-11-04,0.02263122505406954,0.022630387533131516,0.001675041876046896,8.375209380234481e-07,1194,0.9999999999999998,2.220446049250313e-16
2016-11-07,0.003262579839654438,0.003262579839654438,0.0,0.0,1194,0.9999999999999998,2.220446049250313e-16
2016-11-08,0.014789000566237994,0.014789000566237994,0.0,0.0,1194,0.9999999999999998,2.220446049250313e-16
2016-11-09,0.0017689385831811586,0.0017689385831811586,0.0,0.0,1194,0.9999999999999998,2.220446049250313e-16
2016-11-10,0.0016500945237279527,0.0016500945237279527,0.0,0.0,1194,0.9999999999999998,2.220446049250313e-16
2016-11-11,0.0071255796331139536,0.0071255796331139536,0.0,0.0,1194,0.9999999999999998,2.220446049250313e-16
2016-11-14,0.008753404498636213,0.008753404498636213,0.0,0.0,1194,0.9999999999999998,2.220446049250313e-16
2016-11-15,-0.0036403505169059825,-0.0036403505169059825,0.0,0.0,1194,0.9999999999999998,2.220446049250313e-16
2016-11-16,0.005400535484101328,0.005400535484101328,0.0,0.0,1194,0.9999999999999998,2.220446049250313e-16
2016-11-17,-0.0015802597169697833,-0.0015802597169697833,0.0,0.0,1194,0.9999999999999998,2.220446049250313e-16
2016-11-18,0.008890394203315123,0.008887887937650963,0.005012531328320872,2.506265664160436e-06,1197,1.0,0.0
2016-11-21,0.004139650379742812,0.004139650379742812,0.0,0.0,1197,1.0,0.0
2016-11-22,0.0026850570145561504,0.002684221592668097,0.0016708437761069716,8.354218880534859e-07,1196,1.0000000000000002,0.0
2016-11-23,0.002764472300942839,0.002764472300942839,0.0,0.0,1196,1.0000000000000002,0.0
2016-11-25,-0.007210510947129475,-0.007210510947129475,0.0,0.0,1196,1.0000000000000002,0.0
2016-11-28,-0.0015854015009105242,-0.0015854015009105242,0.0,0.0,1196,1.0000000000000002,0.0
2016-11-29,0.0001328023371030677,0.00013196621670172993,0.001672240802675543,8.361204013377715e-07,1195,1.0000000000000002,0.0
2016-11-30,-0.0074160079481620685,-0.0074160079481620685,0.0,0.0,1195,1.0000000000000002,0.0
2016-12-01,0.0020868891864287897,0.0020868891864287897,0.0,0.0,1195,1.0000000000000002,0.0
2016-12-02,0.010628950031750475,0.010628950031750475,0.0,0.0,1195,1.0000000000000002,0.0
2016-12-05,0.006898014598895753,0.006898014598895753,0.0,0.0,1195,1.0000000000000002,0.0
2016-12-06,0.011599163149682947,0.011599163149682947,0.0,0.0,1195,1.0000000000000002,0.0
2016-12-07,0.0056612479589755425,0.0056612479589755425,0.0,0.0,1195,1.0000000000000002,0.0
2016-12-08,-0.00022954950793507714,-0.0002303863280187592,0.0016736401673640914,8.368200836820457e-07,1194,0.9999999999999998,2.220446049250313e-16
2016-12-09,-0.005712591522888536,-0.0057134290438265595,0.0016750418760469012,8.375209380234506e-07,1194,0.9999999999999998,2.220446049250313e-16
2016-12-12,0.004422783947594568,0.004422783947594568,0.0,0.0,1194,0.9999999999999998,2.220446049250313e-16
2016-12-13,-0.013859144476512987,-0.013859144476512987,0.0,0.0,1194,0.9999999999999998,2.220446049250313e-16
2016-12-14,0.0030674282725343645,0.0030674282725343645,0.0,0.0,1194,0.9999999999999998,2.220446049250313e-16
2016-12-15,-0.002039809019009491,-0.002039809019009491,0.0,0.0,1194,0.9999999999999998,2.220446049250313e-16
2016-12-16,0.0014756901067826855,0.0014748532866990034,0.0016736401673640914,8.368200836820457e-07,1195,1.0000000000000002,0.0
2016-12-19,0.004133845920376832,0.004133845920376832,0.0,0.0,1195,1.0000000000000002,0.0
2016-12-20,-0.0022828403332718706,-0.0022828403332718706,0.0,0.0,1195,1.0000000000000002,0.0
2016-12-21,-0.005870069491405387,-0.005870069491405387,0.0,0.0,1195,1.0000000000000002,0.0
2016-12-22,0.003972339700161338,0.003972339700161338,0.0,0.0,1195,1.0000000000000002,0.0
2016-12-23,0.0034274382519709806,0.0034274382519709806,0.0,0.0,1195,1.0000000000000002,0.0
2016-12-27,-0.008894855047881784,-0.008894855047881784,0.0,0.0,1195,1.0000000000000002,0.0
2016-12-28,0.001562087312409085,0.001562087312409085,0.0,0.0,1195,1.0000000000000002,0.0
2016-12-29,-0.0035739339665790877,-0.0035739339665790877,0.0,0.0,1195,1.0000000000000002,0.0
2016-12-30,0.010334622608003042,0.010334622608003042,0.0,0.0,1195,1.0000000000000002,0.0
2017-01-03,0.014085107905312958,0.014085107905312958,0.0,0.0,1195,1.0000000000000002,0.0
2017-01-04,0.000436114308492612,0.000436114308492612,0.0,0.0,1195,1.0000000000000002,0.0
2017-01-05,0.00024111142109909246,0.0002402746010154104,0.0016736401673640914,8.368200836820457e-07,1194,0.9999999999999998,2.220446049250313e-16
2017-01-06,-0.004977993829568434,-0.004977993829568434,0.0,0.0,1194,0.9999999999999998,2.220446049250313e-16
2017-01-09,0.005066517867308773,0.005066517867308773,0.0,0.0,1194,0.9999999999999998,2.220446049250313e-16
2017-01-10,0.004396505985100885,0.004396505985100885,0.0,0.0,1194,0.9999999999999998,2.220446049250313e-16
2017-01-11,-0.0015159974557844187,-0.0015159974557844187,0.0,0.0,1194,0.9999999999999998,2.220446049250313e-16
2017-01-12,0.004238332708329148,0.004238332708329148,0.0,0.0,1194,0.9999999999999998,2.220446049250313e-16
2017-01-13,-0.004629606201921908,-0.004629606201921908,0.0,0.0,1194,0.9999999999999998,2.220446049250313e-16
2017-01-17,0.0007795590055631548,0.0007787214846251314,0.001675041876046896,8.375209380234481e-07,1193,1.0,0.0
2017-01-18,-0.0040296420765799845,-0.0040296420765799845,0.0,0.0,1193,1.0,0.0
2017-01-19,0.003302285587961619,0.003302285587961619,0.0,0.0,1193,1.0,0.0
2017-01-20,-0.0007871144106225603,-0.0007871144106225603,0.0,0.0,1193,1.0,0.0
2017-01-23,0.011582486560219001,0.011582486560219001,0.0,0.0,1193,1.0,0.0
2017-01-24,0.00854859462503308,0.00854859462503308,0.0,0.0,1193,1.0,0.0
2017-01-25,-0.003577832099604856,-0.003577832099604856,0.0,0.0,1193,1.0,0.0
2017-01-26,-0.0021552593256417094,-0.0021552593256417094,0.0,0.0,1193,1.0,0.0
2017-01-27,-0.009027472726077736,-0.009028310949045045,0.0016764459346185773,8.382229673092886e-07,1192,0.9999999999999999,1.1102230246251565e-16
2017-01-30,0.003987181104334816,0.003987181104334816,0.0,0.0,1192,0.9999999999999999,1.1102230246251565e-16
2017-01-31,-0.00022353704762937592,-0.00022353704762937592,0.0,0.0,1192,0.9999999999999999,1.1102230246251565e-16
2017-02-01,0.0023822705619342237,0.0023822705619342237,0.0,0.0,1192,0.9999999999999999,1.1102230246251565e-16
2017-02-02,0.008350399975554174,0.008349561049379678,0.0016778523489932886,8.389261744966443e-07,1192,0.9999999999999999,1.1102230246251565e-16
2017-02-03,-0.0037731452925295044,-0.0037731452925295044,0.0,0.0,1192,0.9999999999999999,1.1102230246251565e-16
2017-02-06,-0.0017669145171544105,-0.0017669145171544105,0.0,0.0,1192,0.9999999999999999,1.1102230246251565e-16
2017-02-07,0.002046185220927758,0.002046185220927758,0.0,0.0,1192,0.9999999999999999,1.1102230246251565e-16
2017-02-08,0.008441685166053408,0.008441685166053408,0.0,0.0,1192,0.9999999999999999,1.1102230246251565e-16
2017-02-09,0.007011279135284407,0.007011279135284407,0.0,0.0,1192,0.9999999999999999,1.1102230246251565e-16
2017-02-10,0.003825163274357855,0.003825163274357855,0.0,0.0,1192,0.9999999999999999,1.1102230246251565e-16
2017-02-13,0.003638483155571143,0.003638483155571143,0.0,0.0,1192,0.9999999999999999,1.1102230246251565e-16
2017-02-14,0.0058840341616330435,0.0058840341616330435,0.0,0.0,1192,0.9999999999999999,1.1102230246251565e-16
2017-02-15,-0.0029761526342057514,-0.0029761526342057514,0.0,0.0,1192,0.9999999999999999,1.1102230246251565e-16
2017-02-16,0.0013955081594840023,0.0013955081594840023,0.0,0.0,1192,0.9999999999999999,1.1102230246251565e-16
2017-02-17,0.0074782178352637944,0.007477378909089298,0.0016778523489932834,8.389261744966417e-07,1191,0.9999999999999999,1.1102230246251565e-16
2017-02-21,-0.003534857467981858,-0.003534857467981858,0.0,0.0,1191,0.9999999999999999,1.1102230246251565e-16
2017-02-22,-0.003445479821743932,-0.003445479821743932,0.0,0.0,1191,0.9999999999999999,1.1102230246251565e-16
2017-02-23,0.000339699778100665,0.000339699778100665,0.0,0.0,1191,0.9999999999999999,1.1102230246251565e-16
2017-02-24,0.003314339550946301,0.003314339550946301,0.0,0.0,1191,0.9999999999999999,1.1102230246251565e-16
2017-02-27,-0.008662793579720955,-0.008663633210283508,0.0016792611251050405,8.396305625525203e-07,1190,1.0000000000000004,0.0
2017-02-28,0.014386017037677125,0.014386017037677125,0.0,0.0,1190,1.0000000000000004,0.0
2017-03-01,-0.00945337876779452,-0.00945337876779452,0.0,0.0,1190,1.0000000000000004,0.0
2017-03-02,0.0015165311793356622,0.0015165311793356622,0.0,0.0,1190,1.0000000000000004,0.0
2017-03-03,-0.006388964498902384,-0.006388964498902384,0.0,0.0,1190,1.0000000000000004,0.0
2017-03-06,-0.004545068396299476,-0.004545068396299476,0.0,0.0,1190,1.0000000000000004,0.0
2017-03-07,-0.003868439450996907,-0.003868439450996907,0.0,0.0,1190,1.0000000000000004,0.0
2017-03-08,-0.001476284452708624,-0.001476284452708624,0.0,0.0,1190,1.0000000000000004,0.0
2017-03-09,0.00602531605097165,0.00602531605097165,0.0,0.0,1190,1.0000000000000004,0.0
2017-03-10,0.003986046087887296,0.003986046087887296,0.0,0.0,1190,1.0000000000000004,0.0
2017-03-13,-0.006982778694805381,-0.006983619030939835,0.001680672268907458,8.40336134453729e-07,1189,1.0,0.0
2017-03-14,0.01600331406771121,0.01600331406771121,0.0,0.0,1189,1.0,0.0
2017-03-15,0.0012520695077236075,0.0012520695077236075,0.0,0.0,1189,1.0,0.0
2017-03-16,0.00026563777828215573,0.00026563777828215573,0.0,0.0,1189,1.0,0.0
2017-03-17,-0.0019499404971504717,-0.0019499404971504717,0.0,0.0,1189,1.0,0.0
2017-03-20,-0.01743461861595726,-0.01743461861595726,0.0,0.0,1189,1.0,0.0
2017-03-21,0.0024236351703563323,0.0024236351703563323,0.0,0.0,1189,1.0,0.0
2017-03-22,0.0018027682150646579,0.0018027682150646579,0.0,0.0,1189,1.0,0.0
2017-03-23,0.0012845532357655684,0.0012845532357655684,0.0,0.0,1189,1.0,0.0
2017-03-24,0.0011800133378620605,0.0011800133378620605,0.0,0.0,1189,1.0,0.0
2017-03-27,0.006670970887545664,0.006670970887545664,0.0,0.0,1189,1.0,0.0
2017-03-28,0.004685790226407668,0.004685790226407668,0.0,0.0,1189,1.0,0.0
2017-03-29,0.0006409237837416198,0.0006409237837416198,0.0,0.0,1189,1.0,0.0
2017-03-30,-7.741147580288423e-05,-7.741147580288423e-05,0.0,0.0,1189,1.0,0.0
2017-03-31,-0.00466849148284396,-0.00466849148284396,0.0,0.0,1189,1.0,0.0
2017-04-03,-0.0008529603231944432,-0.0008538013660876308,0.0016820857863751064,8.410428931875532e-07,1188,0.9999999999999998,2.220446049250313e-16
2017-04-04,-0.005947237027639115,-0.005948078778480866,0.001683501683501674,8.417508417508371e-07,1187,1.0,0.0
2017-04-05,0.005748646007455076,0.005748646007455076,0.0,0.0,1187,1.0,0.0
2017-04-06,-0.0009004485243364546,-0.0009012909843196053,0.0016849199663016,8.424599831508e-07,1186,1.0,0.0
2017-04-07,0.003039366152858833,0.003039366152858833,0.0,0.0,1186,1.0,0.0
2017-04-10,0.0012407789632717051,0.0012407789632717051,0.0,0.0,1186,1.0,0.0
2017-04-11,-0.006281412568997941,-0.006281412568997941,0.0,0.0,1186,1.0,0.0
2017-04-12,-0.0074498354825267045,-0.007450678652847109,0.0016863406408095158,8.431703204047579e-07,1185,1.0000000000000004,0.0
2017-04-13,0.009170740354993386,0.009170740354993386,0.0,0.0,1185,1.0000000000000004,0.0
2017-04-17,-0.0026291267701233434,-0.0026299699404437483,0.0016863406408095158,8.431703204047579e-07,1186,1.0,0.0
2017-04-18,-0.0005798664232972161,-0.0005798664232972161,0.0,0.0,1186,1.0,0.0
2017-04-19,0.00874052908832553,0.00874052908832553,0.0,0.0,1186,1.0,0.0
2017-04-20,-0.0029521896034525627,-0.0029521896034525627,0.0,0.0,1186,1.0,0.0
2017-04-21,0.01125523116434928,0.01125523116434928,0.0,0.0,1186,1.0,0.0
2017-04-24,0.006744774198070789,0.006744774198070789,0.0,0.0,1186,1.0,0.0
2017-04-25,0.000445415772564951,0.000445415772564951,0.0,0.0,1186,1.0,0.0
2017-04-26,0.000829255481699172,0.000829255481699172,0.0,0.0,1186,1.0,0.0
2017-04-27,-0.00344980723801932,-0.00344980723801932,0.0,0.0,1186,1.0,0.0
2017-04-28,0.0011164075632911362,0.0011155643929707314,0.0016863406408095158,8.431703204047579e-07,1185,1.0000000000000004,0.0
2017-05-01,0.0014095470467491548,0.0014095470467491548,0.0,0.0,1185,1.0000000000000004,0.0
2017-05-02,-0.005102668987983797,-0.005102668987983797,0.0,0.0,1185,1.0000000000000004,0.0
2017-05-03,-0.0009688487876754112,-0.0009688487876754112,0.0,0.0,1185,1.0000000000000004,0.0
2017-05-04,0.010578475422504037,0.010578475422504037,0.0,0.0,1185,1.0000000000000004,0.0
2017-05-05,-0.0028744273299495774,-0.0028744273299495774,0.0,0.0,1185,1.0000000000000004,0.0
2017-05-08,0.001325911505902773,0.001325068335582368,0.0016863406408095158,8.431703204047579e-07,1186,1.0,0.0
2017-05-09,0.006378342174650458,0.006378342174650458,0.0,0.0,1186,1.0,0.0
2017-05-10,-0.003699130990503754,-0.003699130990503754,0.0,0.0,1186,1.0,0.0
2017-05-11,-0.002022847845172893,-0.002022847845172893,0.0,0.0,1186,1.0,0.0
2017-05-12,0.007895165226147383,0.007894322766164232,0.0016849199663016,8.424599831508e-07,1187,1.0,0.0
2017-05-15,0.00028318955454906627,0.00028318955454906627,0.0,0.0,1187,1.0,0.0
2017-05-16,-0.020078408193993022,-0.020078408193993022,0.0,0.0,1187,1.0,0.0
2017-05-17,-0.0009054378200022513,-0.0009054378200022513,0.0,0.0,1187,1.0,0.0
2017-05-18,0.010350216386488347,0.010350216386488347,0.0,0.0,1187,1.0,0.0
2017-05-19,0.005867282241924772,0.005867282241924772,0.0,0.0,1187,1.0,0.0
2017-05-22,0.0003958386930497166,0.0003958386930497166,0.0,0.0,1187,1.0,0.0
2017-05-23,0.0023522582677016593,0.0023522582677016593,0.0,0.0,1187,1.0,0.0
2017-05-24,0.0013722007886639567,0.0013722007886639567,0.0,0.0,1187,1.0,0.0
2017-05-25,-0.00018983943974083188,-0.00018983943974083188,0.0,0.0,1187,1.0,0.0
2017-05-26,-0.004418908412021362,-0.004419750162863113,0.001683501683501674,8.417508417508371e-07,1188,0.9999999999999998,2.220446049250313e-16
2017-05-30,-0.00046161494069760223,-0.00046245669153935305,0.001683501683501674,8.417508417508371e-07,1187,1.0,0.0
2017-05-31,0.012233395700763205,0.012232553949921454,0.001683501683501674,8.417508417508371e-07,1188,0.9999999999999998,2.220446049250313e-16
2017-06-01,0.002890376261382541,0.002890376261382541,0.0,0.0,1188,0.9999999999999998,2.220446049250313e-16
2017-06-02,-0.002709778402813951,-0.002709778402813951,0.0,0.0,1188,0.9999999999999998,2.220446049250313e-16
2017-06-05,-0.0004163658551522594,-0.0004163658551522594,0.0,0.0,1188,0.9999999999999998,2.220446049250313e-16
2017-06-06,-0.0008166710058060515,-0.0008166710058060515,0.0,0.0,1188,0.9999999999999998,2.220446049250313e-16
2017-06-07,0.003328008952217464,0.003328008952217464,0.0,0.0,1188,0.9999999999999998,2.220446049250313e-16
2017-06-08,-0.0012476198809040877,-0.0012476198809040877,0.0,0.0,1188,0.9999999999999998,2.220446049250313e-16
2017-06-09,-0.0009671029606711057,-0.0009671029606711057,0.0,0.0,1188,0.9999999999999998,2.220446049250313e-16
2017-06-12,0.007176416983012286,0.007176416983012286,0.0,0.0,1188,0.9999999999999998,2.220446049250313e-16
2017-06-13,-0.004279001361246616,-0.004279001361246616,0.0,0.0,1188,0.9999999999999998,2.220446049250313e-16
2017-06-14,-0.00506689660889385,-0.00506689660889385,0.0,0.0,1188,0.9999999999999998,2.220446049250313e-16
2017-06-15,0.0013628942127201628,0.001362052461878412,0.001683501683501674,8.417508417508371e-07,1187,1.0,0.0
2017-06-16,0.008201376909716698,0.008201376909716698,0.0,0.0,1187,1.0,0.0
2017-06-19,-0.0100454935309122,-0.010048020910861653,0.00505475989890491,2.527379949452455e-06,1184,1.0,0.0
2017-06-20,-0.00043054753264549117,-0.00043054753264549117,0.0,0.0,1184,1.0,0.0
2017-06-21,0.0038768357883298614,0.0038768357883298614,0.0,0.0,1184,1.0,0.0
2017-06-22,0.005774825385583281,0.005774825385583281,0.0,0.0,1184,1.0,0.0
2017-06-23,0.0030657468637790824,0.0030649029819225424,0.0016877637130802057,8.438818565401028e-07,1185,1.0000000000000004,0.0
2017-06-26,-0.008011186977257882,-0.008011186977257882,0.0,0.0,1185,1.0000000000000004,0.0
2017-06-27,0.011526105486755846,0.011526105486755846,0.0,0.0,1185,1.0000000000000004,0.0
2017-06-28,-0.008723779115452628,-0.008723779115452628,0.0,0.0,1185,1.0000000000000004,0.0
2017-06-29,0.002880097594248083,0.002880097594248083,0.0,0.0,1185,1.0000000000000004,0.0
2017-06-30,0.0034585163659832554,0.0034585163659832554,0.0,0.0,1185,1.0000000000000004,0.0
2017-07-03,-0.001288051474564495,-0.0012888953564210352,0.0016877637130802057,8.438818565401028e-07,1184,1.0,0.0
2017-07-05,-0.010745409664440283,-0.010746254259034877,0.0016891891891891893,8.445945945945947e-07,1184,1.0,0.0
2017-07-06,0.00689251049132315,0.00689251049132315,0.0,0.0,1184,1.0,0.0
2017-07-07,0.0015689339030817756,0.0015689339030817756,0.0,0.0,1184,1.0,0.0
2017-07-10,0.0017785816672077695,0.0017785816672077695,0.0,0.0,1184,1.0,0.0
2017-07-11,0.009610430717988231,0.009610430717988231,0.0,0.0,1184,1.0,0.0
2017-07-12,0.002607846561921918,0.002607846561921918,0.0,0.0,1184,1.0,0.0
2017-07-13,0.0049352481554083595,0.0049352481554083595,0.0,0.0,1184,1.0,0.0
2017-07-14,0.0014177211845277482,0.001416877302671208,0.0016877637130802057,8.438818565401028e-07,1185,1.0000000000000004,0.0
2017-07-17,8.275530971343014e-05,8.275530971343014e-05,0.0,0.0,1185,1.0000000000000004,0.0
2017-07-18,0.008493171590016016,0.008493171590016016,0.0,0.0,1185,1.0000000000000004,0.0
2017-07-19,-0.0003825106372153156,-0.0003825106372153156,0.0,0.0,1185,1.0000000000000004,0.0
2017-07-20,-0.001104013029509677,-0.001104013029509677,0.0,0.0,1185,1.0000000000000004,0.0
2017-07-21,0.0005737592229042591,0.0005737592229042591,0.0,0.0,1185,1.0000000000000004,0.0
2017-07-24,0.005141556029770898,0.005141556029770898,0.0,0.0,1185,1.0000000000000004,0.0
2017-07-25,-0.00039137550851512444,-0.00039221939037166454,0.0016877637130802057,8.438818565401028e-07,1184,1.0,0.0
2017-07-26,-0.0044807352795516,-0.0044807352795516,0.0,0.0,1184,1.0,0.0
2017-07-27,-0.0005297970999158037,-0.0005297970999158037,0.0,0.0,1184,1.0,0.0
2017-07-28,-0.001593110678535074,-0.0015939545603916143,0.0016877637130802057,8.438818565401028e-07,1185,1.0000000000000004,0.0
2017-07-31,0.0015938194923358464,0.0015938194923358464,0.0,0.0,1185,1.0000000000000004,0.0
2017-08-01,-0.0051896569505370605,-0.0051896569505370605,0.0,0.0,1185,1.0000000000000004,0.0
2017-08-02,-0.0021634544993704027,-0.0021634544993704027,0.0,0.0,1185,1.0000000000000004,0.0
2017-08-03,0.00223799541530526,0.00223799541530526,0.0,0.0,1185,1.0000000000000004,0.0
2017-08-04,0.003228021606317554,0.003228021606317554,0.0,0.0,1185,1.0000000000000004,0.0
2017-08-07,-0.0034607994322464475,-0.0034607994322464475,0.0,0.0,1185,1.0000000000000004,0.0
2017-08-08,-0.0030938762997987403,-0.0030938762997987403,0.0,0.0,1185,1.0000000000000004,0.0
2017-08-09,-0.017367394653974307,-0.017367394653974307,0.0,0.0,1185,1.0000000000000004,0.0
2017-08-10,0.0025013701582539483,0.0025013701582539483,0.0,0.0,1185,1.0000000000000004,0.0
2017-08-11,0.00901261084953662,0.009011767679216217,0.0016863406408095158,8.431703204047579e-07,1186,1.0,0.0
2017-08-14,-0.0032481020730737316,-0.0032481020730737316,0.0,0.0,1186,1.0,0.0
2017-08-15,0.003170505102191189,0.003170505102191189,0.0,0.0,1186,1.0,0.0
2017-08-16,-0.014926956781921148,-0.014926956781921148,0.0,0.0,1186,1.0,0.0
2017-08-17,-0.0002175400123184391,-0.0002175400123184391,0.0,0.0,1186,1.0,0.0
2017-08-18,0.00030308068020245367,0.00030308068020245367,0.0,0.0,1186,1.0,0.0
2017-08-21,0.010472785850799204,0.010472785850799204,0.0,0.0,1186,1.0,0.0
2017-08-22,0.0003421395946328241,0.0003421395946328241,0.0,0.0,1186,1.0,0.0
2017-08-23,0.0025685152067028774,0.0025685152067028774,0.0,0.0,1186,1.0,0.0
2017-08-24,0.00210213045723262,0.00210213045723262,0.0,0.0,1186,1.0,0.0
2017-08-25,0.0007203950701154718,0.0007203950701154718,0.0,0.0,1186,1.0,0.0
2017-08-28,0.0006721745623625649,0.0006721745623625649,0.0,0.0,1186,1.0,0.0
2017-08-29,0.0051569020187292956,0.005156058848408891,0.0016863406408095158,8.431703204047579e-07,1185,1.0000000000000004,0.0
2017-08-30,0.008722507347870393,0.008722507347870393,0.0,0.0,1185,1.0000000000000004,0.0
2017-08-31,0.0059478649813532215,0.0059478649813532215,0.0,0.0,1185,1.0000000000000004,0.0
2017-09-01,-0.006097619720367795,-0.006099307484080875,0.0033755274261602587,1.6877637130801295e-06,1183,0.9999999999999998,2.220446049250313e-16
2017-09-05,0.003632716719963736,0.003632716719963736,0.0,0.0,1183,0.9999999999999998,2.220446049250313e-16
2017-09-06,0.0011824092584544516,0.0011824092584544516,0.0,0.0,1183,0.9999999999999998,2.220446049250313e-16
2017-09-07,-0.0014313722691922204,-0.001432216863786815,0.0016891891891890737,8.445945945945369e-07,1184,1.0,0.0
2017-09-08,0.010029059556573848,0.010029059556573848,0.0,0.0,1184,1.0,0.0
2017-09-11,0.004709317901032495,0.004709317901032495,0.0,0.0,1184,1.0,0.0
2017-09-12,0.0005318148604055702,0.0005318148604055702,0.0,0.0,1184,1.0,0.0
2017-09-13,-0.001029264996987356,-0.0010301095915819505,0.0016891891891890737,8.445945945945369e-07,1183,0.9999999999999998,2.220446049250313e-16
2017-09-14,0.003745499994843438,0.003745499994843438,0.0,0.0,1183,0.9999999999999998,2.220446049250313e-16
2017-09-15,0.002898369054823235,0.002898369054823235,0.0,0.0,1183,0.9999999999999998,2.220446049250313e-16
2017-09-18,2.7851742472349513e-05,2.7851742472349513e-05,0.0,0.0,1183,0.9999999999999998,2.220446049250313e-16
2017-09-19,0.0018097009171559346,0.0018097009171559346,0.0,0.0,1183,0.9999999999999998,2.220446049250313e-16
2017-09-20,-0.0027093293939286353,-0.0027093293939286353,0.0,0.0,1183,0.9999999999999998,2.220446049250313e-16
2017-09-21,0.003501191401224845,0.0035003468066302505,0.0016891891891890737,8.445945945945369e-07,1184,1.0,0.0
2017-09-22,-0.001991097068106039,-0.001991940949962579,0.0016877637130802057,8.438818565401028e-07,1185,1.0000000000000004,0.0
2017-09-25,-7.389993530200001e-05,-7.389993530200001e-05,0.0,0.0,1185,1.0000000000000004,0.0
2017-09-26,0.007050164801759057,0.007050164801759057,0.0,0.0,1185,1.0000000000000004,0.0
2017-09-27,0.0014851187029059697,0.0014851187029059697,0.0,0.0,1185,1.0000000000000004,0.0
2017-09-28,0.0032553330714199845,0.0032553330714199845,0.0,0.0,1185,1.0000000000000004,0.0
2017-09-29,0.005782352166983813,0.005782352166983813,0.0,0.0,1185,1.0000000000000004,0.0
2017-10-02,0.0035622082110679768,0.003561365040747572,0.0016863406408095158,8.431703204047579e-07,1186,1.0,0.0
2017-10-03,0.0011383640102873094,0.0011383640102873094,0.0,0.0,1186,1.0,0.0
2017-10-04,0.002263753039607892,0.002263753039607892,0.0,0.0,1186,1.0,0.0
2017-10-05,-0.0015435084815900587,-0.0015443509415732095,0.0016849199663016,8.424599831508e-07,1187,1.0,0.0
2017-10-06,-0.003196636416830863,-0.0031974781676726138,0.001683501683501674,8.417508417508371e-07,1188,0.9999999999999998,2.220446049250313e-16
2017-10-09,0.0022623718636096642,0.0022623718636096642,0.0,0.0,1188,0.9999999999999998,2.220446049250313e-16
2017-10-10,0.0008906273724312785,0.0008906273724312785,0.0,0.0,1188,0.9999999999999998,2.220446049250313e-16
2017-10-11,-0.0013295091772426498,-0.0013295091772426498,0.0,0.0,1188,0.9999999999999998,2.220446049250313e-16
2017-10-12,0.0019236541048982367,0.0019236541048982367,0.0,0.0,1188,0.9999999999999998,2.220446049250313e-16
2017-10-13,-0.00043215067567060504,-0.00043215067567060504,0.0,0.0,1188,0.9999999999999998,2.220446049250313e-16
2017-10-16,-0.00190653642247306,-0.0019073774653662475,0.0016820857863751064,8.410428931875532e-07,1189,1.0,0.0
2017-10-17,0.001151246208084179,0.0011504058719497253,0.001680672268907458,8.40336134453729e-07,1190,1.0000000000000004,0.0
2017-10-18,-0.0003651582163972209,-0.0003651582163972209,0.0,0.0,1190,1.0000000000000004,0.0
2017-10-19,0.005588188911839978,0.005587349281277425,0.0016792611251050405,8.396305625525203e-07,1191,0.9999999999999999,1.1102230246251565e-16
2017-10-20,-0.004998469602711643,-0.004998469602711643,0.0,0.0,1191,0.9999999999999999,1.1102230246251565e-16
2017-10-23,0.0014185910144941397,0.0014185910144941397,0.0,0.0,1191,0.9999999999999999,1.1102230246251565e-16
2017-10-24,-0.006559203138863708,-0.006559203138863708,0.0,0.0,1191,0.9999999999999999,1.1102230246251565e-16
2017-10-25,0.001501734125977728,0.001501734125977728,0.0,0.0,1191,0.9999999999999999,1.1102230246251565e-16
2017-10-26,0.004322847478096821,0.004322847478096821,0.0,0.0,1191,0.9999999999999999,1.1102230246251565e-16
2017-10-27,-0.003453880546278188,-0.0034547194724526844,0.0016778523489932834,8.389261744966417e-07,1192,0.9999999999999999,1.1102230246251565e-16
2017-10-30,0.003887818099803054,0.003887818099803054,0.0,0.0,1192,0.9999999999999999,1.1102230246251565e-16
2017-10-31,-0.0007777797019516469,-0.0007777797019516469,0.0,0.0,1192,0.9999999999999999,1.1102230246251565e-16
2017-11-01,6.827004346284925e-05,6.743111728835261e-05,0.0016778523489932886,8.389261744966443e-07,1192,0.9999999999999999,1.1102230246251565e-16
2017-11-02,0.002592041675584168,0.0025912034526168587,0.0016764459346185773,8.382229673092886e-07,1193,1.0,0.0
2017-11-03,0.006369694213435547,0.006369694213435547,0.0,0.0,1193,1.0,0.0
2017-11-06,-0.005641421865740856,-0.005641421865740856,0.0,0.0,1193,1.0,0.0
2017-11-07,0.002281976699848437,0.002281976699848437,0.0,0.0,1193,1.0,0.0
2017-11-08,-0.003882229005554889,-0.003882229005554889,0.0,0.0,1193,1.0,0.0
2017-11-09,-4.442978206474908e-05,-4.442978206474908e-05,0.0,0.0,1193,1.0,0.0
2017-11-10,-0.0009329017695379342,-0.0009337392904759577,0.001675041876046896,8.375209380234481e-07,1194,0.9999999999999998,2.220446049250313e-16
2017-11-13,-0.004318797325402321,-0.004318797325402321,0.0,0.0,1194,0.9999999999999998,2.220446049250313e-16
2017-11-14,-0.004131181764900112,-0.004131181764900112,0.0,0.0,1194,0.9999999999999998,2.220446049250313e-16
2017-11-15,0.011394854745636063,0.011394854745636063,0.0,0.0,1194,0.9999999999999998,2.220446049250313e-16
2017-11-16,0.004236902137208125,0.004236902137208125,0.0,0.0,1194,0.9999999999999998,2.220446049250313e-16
2017-11-17,0.001968898149753754,0.001968898149753754,0.0,0.0,1194,0.9999999999999998,2.220446049250313e-16
2017-11-20,0.006292025806210633,0.006291188285272609,0.001675041876046896,8.375209380234481e-07,1193,1.0,0.0
2017-11-21,0.0018710959077331765,0.0018710959077331765,0.0,0.0,1193,1.0,0.0
2017-11-22,0.002057864203810809,0.002057864203810809,0.0,0.0,1193,1.0,0.0
2017-11-24,-0.004063224273607075,-0.004063224273607075,0.0,0.0,1193,1.0,0.0
2017-11-27,0.008619918998216295,0.008619918998216295,0.0,0.0,1193,1.0,0.0
2017-11-28,-0.0013485584169538913,-0.0013485584169538913,0.0,0.0,1193,1.0,0.0
2017-11-29,0.0059287053146533574,0.0059287053146533574,0.0,0.0,1193,1.0,0.0
2017-11-30,-0.0011809066357691975,-0.0011809066357691975,0.0,0.0,1193,1.0,0.0
2017-12-01,-0.00240666204438079,-0.00240666204438079,0.0,0.0,1193,1.0,0.0
2017-12-04,-0.006002632931477175,-0.006002632931477175,0.0,0.0,1193,1.0,0.0
2017-12-05,-0.002085571828659783,-0.002085571828659783,0.0,0.0,1193,1.0,0.0
2017-12-06,0.005511292678864031,0.005511292678864031,0.0,0.0,1193,1.0,0.0
2017-12-07,0.005662116251245641,0.005662116251245641,0.0,0.0,1193,1.0,0.0
2017-12-08,0.002207206594468365,0.002207206594468365,0.0,0.0,1193,1.0,0.0
2017-12-11,-0.0015558823955787989,-0.0015567199165168223,0.001675041876046896,8.375209380234481e-07,1194,0.9999999999999998,2.220446049250313e-16
2017-12-12,0.002081814425918292,0.002081814425918292,0.0,0.0,1194,0.9999999999999998,2.220446049250313e-16
2017-12-13,-0.006180990923945075,-0.006180990923945075,0.0,0.0,1194,0.9999999999999998,2.220446049250313e-16
2017-12-14,0.007605279868303796,0.007605279868303796,0.0,0.0,1194,0.9999999999999998,2.220446049250313e-16
2017-12-15,0.010492864770345427,0.010492864770345427,0.0,0.0,1194,0.9999999999999998,2.220446049250313e-16
2017-12-18,-0.0035596566798037185,-0.0035596566798037185,0.0,0.0,1194,0.9999999999999998,2.220446049250313e-16
2017-12-19,0.0025571084185500234,0.0025571084185500234,0.0,0.0,1194,0.9999999999999998,2.220446049250313e-16
2017-12-20,0.004090774767496529,0.004090774767496529,0.0,0.0,1194,0.9999999999999998,2.220446049250313e-16
2017-12-21,0.0009300860545238237,0.0009300860545238237,0.0,0.0,1194,0.9999999999999998,2.220446049250313e-16
2017-12-22,0.001955760377784997,0.001955760377784997,0.0,0.0,1194,0.9999999999999998,2.220446049250313e-16
2017-12-26,0.0005246668390212956,0.0005246668390212956,0.0,0.0,1194,0.9999999999999998,2.220446049250313e-16
2017-12-27,0.0035495886623237993,0.003548751141385776,0.001675041876046896,8.375209380234481e-07,1193,1.0,0.0
2017-12-28,-0.004738971251503612,-0.004738971251503612,0.0,0.0,1193,1.0,0.0
2017-12-29,0.011797073527588728,0.011796235304621419,0.0016764459346185773,8.382229673092886e-07,1192,0.9999999999999999,1.1102230246251565e-16
2018-01-02,0.00600074968534213,0.00599823290681864,0.005033557046979842,2.5167785234899212e-06,1189,1.0,0.0
2018-01-03,0.0034433937761643883,0.0034433937761643883,0.0,0.0,1189,1.0,0.0
2018-01-04,0.004894646004081132,0.004894646004081132,0.0,0.0,1189,1.0,0.0
2018-01-05,0.00251119329492688,0.00251119329492688,0.0,0.0,1189,1.0,0.0
2018-01-08,-0.0006014363134104559,-0.0006022773563036435,0.0016820857863751066,8.410428931875533e-07,1188,0.9999999999999998,2.220446049250313e-16
2018-01-09,-0.001875028901683981,-0.001875028901683981,0.0,0.0,1188,0.9999999999999998,2.220446049250313e-16
2018-01-10,0.011334509413430251,0.011334509413430251,0.0,0.0,1188,0.9999999999999998,2.220446049250313e-16
2018-01-11,0.0063405627211238595,0.0063405627211238595,0.0,0.0,1188,0.9999999999999998,2.220446049250313e-16
2018-01-12,-0.007597224527409645,-0.007597224527409645,0.0,0.0,1188,0.9999999999999998,2.220446049250313e-16
2018-01-16,0.008472319100132828,0.008472319100132828,0.0,0.0,1188,0.9999999999999998,2.220446049250313e-16
2018-01-17,-0.0024136251292021993,-0.0024144661720953866,0.0016820857863751064,8.410428931875532e-07,1189,1.0,0.0
2018-01-18,0.007825971497762811,0.007825971497762811,0.0,0.0,1189,1.0,0.0
2018-01-19,0.006717853408891442,0.006717853408891442,0.0,0.0,1189,1.0,0.0
2018-01-22,0.003667955758563221,0.003667955758563221,0.0,0.0,1189,1.0,0.0
2018-01-23,-0.0001881946187759242,-0.0001881946187759242,0.0,0.0,1189,1.0,0.0
2018-01-24,-0.0007003120704403036,-0.0007003120704403036,0.0,0.0,1189,1.0,0.0
2018-01-25,0.008850497048710868,0.008850497048710868,0.0,0.0,1189,1.0,0.0
2018-01-26,-0.008510135749591143,-0.008510135749591143,0.0,0.0,1189,1.0,0.0
2018-01-29,-0.010956003848458132,-0.010956003848458132,0.0,0.0,1189,1.0,0.0
2018-01-30,-0.001003144440689255,-0.001003144440689255,0.0,0.0,1189,1.0,0.0
2018-01-31,0.0005853459186856534,0.0005853459186856534,0.0,0.0,1189,1.0,0.0
2018-02-01,-0.0217350615822684,-0.021735901918402852,0.001680672268907458,8.40336134453729e-07,1190,1.0000000000000004,0.0
2018-02-02,-0.03492844596927039,-0.03492928559983294,0.0016792611251050405,8.396305625525203e-07,1191,0.9999999999999999,1.1102230246251565e-16
2018-02-05,0.013502431462172981,0.013502431462172981,0.0,0.0,1191,0.9999999999999999,1.1102230246251565e-16
2018-02-06,-0.004764103672715382,-0.004764103672715382,0.0,0.0,1191,0.9999999999999999,1.1102230246251565e-16
2018-02-07,-0.03205834581543751,-0.03205834581543751,0.0,0.0,1191,0.9999999999999999,1.1102230246251565e-16
2018-02-08,0.008712552331295913,0.008712552331295913,0.0,0.0,1191,0.9999999999999999,1.1102230246251565e-16
2018-02-09,0.014144774301309972,0.014144774301309972,0.0,0.0,1191,0.9999999999999999,1.1102230246251565e-16
2018-02-12,0.003855005308850105,0.003855005308850105,0.0,0.0,1191,0.9999999999999999,1.1102230246251565e-16
2018-02-13,0.018020907097811432,0.018020907097811432,0.0,0.0,1191,0.9999999999999999,1.1102230246251565e-16
2018-02-14,0.01079312027850906,0.01079312027850906,0.0,0.0,1191,0.9999999999999999,1.1102230246251565e-16
2018-02-15,0.0004062707685030502,0.0004062707685030502,0.0,0.0,1191,0.9999999999999999,1.1102230246251565e-16
2018-02-16,-0.005700997934414833,-0.005700997934414833,0.0,0.0,1191,0.9999999999999999,1.1102230246251565e-16
2018-02-20,-0.004022005200260997,-0.004022844126435494,0.0016778523489932834,8.389261744966417e-07,1192,0.9999999999999999,1.1102230246251565e-16
2018-02-21,5.682315603301128e-05,5.682315603301128e-05,0.0,0.0,1192,0.9999999999999999,1.1102230246251565e-16
2018-02-22,0.013961570205114536,0.013961570205114536,0.0,0.0,1192,0.9999999999999999,1.1102230246251565e-16
2018-02-23,0.007539865141146046,0.007539865141146046,0.0,0.0,1192,0.9999999999999999,1.1102230246251565e-16
2018-02-26,-0.01333607134111102,-0.01333607134111102,0.0,0.0,1192,0.9999999999999999,1.1102230246251565e-16
2018-02-27,-0.010382047287159048,-0.010382047287159048,0.0,0.0,1192,0.9999999999999999,1.1102230246251565e-16
2018-02-28,-0.007690299549875778,-0.007690299549875778,0.0,0.0,1192,0.9999999999999999,1.1102230246251565e-16
2018-03-01,0.008732432874535859,0.00873159465156855,0.0016764459346185773,8.382229673092886e-07,1193,1.0,0.0
2018-03-02,0.010317093992108462,0.010316256471170439,0.001675041876046896,8.375209380234481e-07,1194,0.9999999999999998,2.220446049250313e-16
2018-03-05,0.006659759332602674,0.006659759332602674,0.0,0.0,1194,0.9999999999999998,2.220446049250313e-16
2018-03-06,-0.00037484691188562416,-0.0003756844328236476,0.001675041876046896,8.375209380234481e-07,1193,1.0,0.0
2018-03-07,0.002679761720295356,0.002678923497328047,0.0016764459346185773,8.382229673092886e-07,1192,0.9999999999999999,1.1102230246251565e-16
2018-03-08,0.013881640044254209,0.013881640044254209,0.0,0.0,1192,0.9999999999999999,1.1102230246251565e-16
2018-03-09,0.001237560849148107,0.0012358829967991137,0.0033557046979866586,1.6778523489933293e-06,1190,1.0000000000000004,0.0
2018-03-12,-0.005737596456598533,-0.005737596456598533,0.0,0.0,1190,1.0000000000000004,0.0
2018-03-13,-0.0037938866326619053,-0.0037938866326619053,0.0,0.0,1190,1.0000000000000004,0.0
2018-03-14,-0.00469476081405883,-0.00469476081405883,0.0,0.0,1190,1.0000000000000004,0.0
2018-03-15,0.003709524403399326,0.0037086847728367736,0.0016792611251050405,8.396305625525203e-07,1191,0.9999999999999999,1.1102230246251565e-16
2018-03-16,-0.011300251511562259,-0.011300251511562259,0.0,0.0,1191,0.9999999999999999,1.1102230246251565e-16
2018-03-19,0.0017259455756233606,0.0017259455756233606,0.0,0.0,1191,0.9999999999999999,1.1102230246251565e-16
2018-03-20,0.0042420713392187625,0.0042420713392187625,0.0,0.0,1191,0.9999999999999999,1.1102230246251565e-16
2018-03-21,-0.022879912645509294,-0.022879912645509294,0.0,0.0,1191,0.9999999999999999,1.1102230246251565e-16
2018-03-22,-0.01665260286681247,-0.01665260286681247,0.0,0.0,1191,0.9999999999999999,1.1102230246251565e-16
2018-03-23,0.020707910628639834,0.020707910628639834,0.0,0.0,1191,0.9999999999999999,1.1102230246251565e-16
2018-03-26,-0.015480635383646763,-0.01548147430982126,0.0016778523489932834,8.389261744966417e-07,1192,0.9999999999999999,1.1102230246251565e-16
2018-03-27,-0.0023924511923047323,-0.0023924511923047323,0.0,0.0,1192,0.9999999999999999,1.1102230246251565e-16
2018-03-28,0.013825937458872383,0.013825937458872383,0.0,0.0,1192,0.9999999999999999,1.1102230246251565e-16
2018-03-29,-0.021508707924848804,-0.021508707924848804,0.0,0.0,1192,0.9999999999999999,1.1102230246251565e-16
2018-04-02,0.01043449755335819,0.01043449755335819,0.0,0.0,1192,0.9999999999999999,1.1102230246251565e-16
2018-04-03,0.009711239765434025,0.009711239765434025,0.0,0.0,1192,0.9999999999999999,1.1102230246251565e-16
2018-04-04,0.007397570448320228,0.007396732225352919,0.0016764459346185773,8.382229673092886e-07,1193,1.0,0.0
2018-04-05,-0.01921181967262249,-0.01921181967262249,0.0,0.0,1193,1.0,0.0
2018-04-06,0.0014078669644416006,0.0014078669644416006,0.0,0.0,1193,1.0,0.0
2018-04-09,0.01780702310025494,0.01780702310025494,0.0,0.0,1193,1.0,0.0
2018-04-10,-3.357808300609639e-05,-3.441560394411984e-05,0.001675041876046896,8.375209380234481e-07,1194,0.9999999999999998,2.220446049250313e-16
2018-04-11,0.005172046779347155,0.005171209258409131,0.001675041876046896,8.375209380234481e-07,1193,1.0,0.0
2018-04-12,-0.0036513111186992453,-0.0036513111186992453,0.0,0.0,1193,1.0,0.0
2018-04-13,0.007607097569906709,0.007607097569906709,0.0,0.0,1193,1.0,0.0
2018-04-16,0.010069088854552304,0.010069088854552304,0.0,0.0,1193,1.0,0.0
2018-04-17,0.005244247142927334,0.005244247142927334,0.0,0.0,1193,1.0,0.0
2018-04-18,-0.006327196948284168,-0.006327196948284168,0.0,0.0,1193,1.0,0.0
2018-04-19,-0.006486719913909158,-0.006487557434847181,0.001675041876046896,8.375209380234481e-07,1194,0.9999999999999998,2.220446049250313e-16
2018-04-20,-0.0010221010093885217,-0.0010229385303265452,0.001675041876046896,8.375209380234481e-07,1193,1.0,0.0
2018-04-23,-0.008505591657227406,-0.008505591657227406,0.0,0.0,1193,1.0,0.0
2018-04-24,-0.0010174241053643059,-0.0010174241053643059,0.0,0.0,1193,1.0,0.0
2018-04-25,0.00732392594174836,0.00732392594174836,0.0,0.0,1193,1.0,0.0
2018-04-26,0.0009357246278298018,0.0009357246278298018,0.0,0.0,1193,1.0,0.0
2018-04-27,-0.007149085734409467,-0.00714992325534749,0.001675041876046896,8.375209380234481e-07,1194,0.9999999999999998,2.220446049250313e-16
2018-04-30,0.0011392462632532228,0.0011384094431695407,0.0016736401673640914,8.368200836820457e-07,1195,1.0000000000000002,0.0
2018-05-01,-0.003119761373155167,-0.003119761373155167,0.0,0.0,1195,1.0000000000000002,0.0
2018-05-02,-0.0028727797760566567,-0.0028727797760566567,0.0,0.0,1195,1.0000000000000002,0.0
2018-05-03,0.01154977681056318,0.01154977681056318,0.0,0.0,1195,1.0000000000000002,0.0
2018-05-04,0.003970509875928415,0.003968839032152309,0.0033416875522138635,1.6708437761069317e-06,1197,1.0,0.0
2018-05-07,0.0009875389502162536,0.0009875389502162536,0.0,0.0,1197,1.0,0.0
2018-05-08,0.007699167494279376,0.007699167494279376,0.0,0.0,1197,1.0,0.0
2018-05-09,0.008493302640573082,0.008493302640573082,0.0,0.0,1197,1.0,0.0
2018-05-10,0.0014310141239715108,0.0014310141239715108,0.0,0.0,1197,1.0,0.0
2018-05-11,0.00035775810323470514,0.00035775810323470514,0.0,0.0,1197,1.0,0.0
2018-05-14,-0.0045572725216292695,-0.004558107246170171,0.0016694490818029198,8.347245409014599e-07,1198,1.0,0.0
2018-05-15,0.006237049940432212,0.006237049940432212,0.0,0.0,1198,1.0,0.0
2018-05-16,0.0017529803734938258,0.0017529803734938258,0.0,0.0,1198,1.0,0.0
2018-05-17,-0.0019340280594164424,-0.0019340280594164424,0.0,0.0,1198,1.0,0.0
2018-05-18,0.005024643202624709,0.005023809174267745,0.001668056713928342,8.340283569641711e-07,1199,1.0,0.0
2018-05-21,-0.003996853307901682,-0.003996853307901682,0.0,0.0,1199,1.0,0.0
2018-05-22,0.0004755239639534214,0.0004755239639534214,0.0,0.0,1199,1.0,0.0
2018-05-23,-0.0007767256305787717,-0.0007767256305787717,0.0,0.0,1199,1.0,0.0
2018-05-24,-0.002051420016369084,-0.002052253349702417,0.0016666666666665636,8.333333333332818e-07,1200,1.0,0.0
2018-05-25,-0.009156122866615667,-0.009156955506082778,0.001665278934221518,8.32639467110759e-07,1201,1.0,0.0
2018-05-29,0.013303622865170388,0.013303622865170388,0.0,0.0,1201,1.0,0.0
2018-05-30,-0.006166683176660902,-0.006166683176660902,0.0,0.0,1201,1.0,0.0
2018-05-31,0.008390520981867391,0.008390520981867391,0.0,0.0,1201,1.0,0.0
2018-06-01,0.004584297188177388,0.004584297188177388,0.0,0.0,1201,1.0,0.0
2018-06-04,0.0035049224049863107,0.0035049224049863107,0.0,0.0,1201,1.0,0.0
2018-06-05,0.00786365214649428,0.00786365214649428,0.0,0.0,1201,1.0,0.0
2018-06-06,-0.0023345004684211463,-0.0023345004684211463,0.0,0.0,1201,1.0,0.0
2018-06-07,0.004502196441035663,0.004501363801568552,0.001665278934221518,8.32639467110759e-07,1200,1.0,0.0
2018-06-08,0.002960550076421829,0.002960550076421829,0.0,0.0,1200,1.0,0.0
2018-06-11,0.0040614152088711015,0.0040614152088711015,0.0,0.0,1200,1.0,0.0
2018-06-12,-0.0036635363000464783,-0.0036635363000464783,0.0,0.0,1200,1.0,0.0
2018-06-13,0.0022958731107292304,0.0022958731107292304,0.0,0.0,1200,1.0,0.0
2018-06-14,-0.002674965408362902,-0.002674965408362902,0.0,0.0,1200,1.0,0.0
2018-06-15,0.00026887027859430566,0.00026887027859430566,0.0,0.0,1200,1.0,0.0
2018-06-18,-0.004910974683817248,-0.0049118080171505814,0.0016666666666665636,8.333333333332818e-07,1199,1.0,0.0
2018-06-19,0.004196473449481882,0.004196473449481882,0.0,0.0,1199,1.0,0.0
2018-06-20,-0.008501281257676713,-0.008501281257676713,0.0,0.0,1199,1.0,0.0
2018-06-21,0.003368744864215239,0.003368744864215239,0.0,0.0,1199,1.0,0.0
2018-06-22,-0.01576029636891606,-0.015761129702249393,0.0016666666666665636,8.333333333332818e-07,1200,1.0,0.0
2018-06-25,0.00349039018490356,0.00349039018490356,0.0,0.0,1200,1.0,0.0
2018-06-26,-0.013477394694396051,-0.013477394694396051,0.0,0.0,1200,1.0,0.0
2018-06-27,0.005095630978683381,0.005095630978683381,0.0,0.0,1200,1.0,0.0
2018-06-28,0.0026938514811997213,0.002693018147866388,0.0016666666666665636,8.333333333332818e-07,1199,1.0,0.0
2018-06-29,-3.718076779306561e-05,-3.718076779306561e-05,0.0,0.0,1199,1.0,0.0
2018-07-02,0.0012283043185344325,0.0012283043185344325,0.0,0.0,1199,1.0,0.0
2018-07-03,0.008139009395394522,0.008138175367037558,0.0016680567139283422,8.340283569641712e-07,1198,1.0,0.0
2018-07-05,0.009742416328103213,0.009741582299746249,0.001668056713928342,8.340283569641711e-07,1199,1.0,0.0
2018-07-06,0.00859861638199403,0.00859861638199403,0.0,0.0,1199,1.0,0.0
2018-07-09,0.0008853661882765857,0.0008853661882765857,0.0,0.0,1199,1.0,0.0
2018-07-10,-0.009993276488570225,-0.009993276488570225,0.0,0.0,1199,1.0,0.0
2018-07-11,0.007685418575872021,0.007685418575872021,0.0,0.0,1199,1.0,0.0
2018-07-12,0.00035329304190703537,0.00035329304190703537,0.0,0.0,1199,1.0,0.0
2018-07-13,-0.004001763269999267,-0.004001763269999267,0.0,0.0,1199,1.0,0.0
2018-07-16,0.004413510752899402,0.004413510752899402,0.0,0.0,1199,1.0,0.0
2018-07-17,0.0027948148380816406,0.0027948148380816406,0.0,0.0,1199,1.0,0.0
2018-07-18,-0.0005845477048472486,-0.0005845477048472486,0.0,0.0,1199,1.0,0.0
2018-07-19,-0.0013777744285085377,-0.0013777744285085377,0.0,0.0,1199,1.0,0.0
2018-07-20,-0.00042694276717172776,-0.00042694276717172776,0.0,0.0,1199,1.0,0.0
2018-07-23,-0.0028117500418837933,-0.0028117500418837933,0.0,0.0,1199,1.0,0.0
2018-07-24,0.0088824594048065,0.0088824594048065,0.0,0.0,1199,1.0,0.0
2018-07-25,0.0008645525009761226,0.0008645525009761226,0.0,0.0,1199,1.0,0.0
2018-07-26,-0.008181876573492392,-0.008181876573492392,0.0,0.0,1199,1.0,0.0
2018-07-27,-0.005912152763577722,-0.005912152763577722,0.0,0.0,1199,1.0,0.0
2018-07-30,0.006766743226015327,0.006766743226015327,0.0,0.0,1199,1.0,0.0
2018-07-31,-0.0028718017265262296,-0.0028718017265262296,0.0,0.0,1199,1.0,0.0
2018-08-01,0.005334822406299348,0.005334822406299348,0.0,0.0,1199,1.0,0.0
2018-08-02,0.003096123326660972,0.003096123326660972,0.0,0.0,1199,1.0,0.0
2018-08-03,0.003131687462366243,0.003131687462366243,0.0,0.0,1199,1.0,0.0
2018-08-06,0.003096913231376254,0.003096913231376254,0.0,0.0,1199,1.0,0.0
2018-08-07,-0.0015566035296072347,-0.0015566035296072347,0.0,0.0,1199,1.0,0.0
2018-08-08,0.0006935345914592947,0.0006935345914592947,0.0,0.0,1199,1.0,0.0
2018-08-09,-0.007608089283848372,-0.007608089283848372,0.0,0.0,1199,1.0,0.0
2018-08-10,-0.007140463658895871,-0.007141297687252835,0.0016680567139283422,8.340283569641712e-07,1198,1.0,0.0
2018-08-13,0.006843320376047444,0.006843320376047444,0.0,0.0,1198,1.0,0.0
2018-08-14,-0.013120117439372542,-0.013120117439372542,0.0,0.0,1198,1.0,0.0
2018-08-15,0.0074327203531682935,0.0074327203531682935,0.0,0.0,1198,1.0,0.0
2018-08-16,0.005359663771138293,0.0053588297427813285,0.001668056713928342,8.340283569641711e-07,1199,1.0,0.0
2018-08-17,0.004657164142569281,0.004657164142569281,0.0,0.0,1199,1.0,0.0
2018-08-20,0.005098807217145437,0.005098807217145437,0.0,0.0,1199,1.0,0.0
2018-08-21,0.0017891137395892732,0.0017891137395892732,0.0,0.0,1199,1.0,0.0
2018-08-22,-0.004590701282936319,-0.004590701282936319,0.0,0.0,1199,1.0,0.0
2018-08-23,0.007008817597163168,0.007008817597163168,0.0,0.0,1199,1.0,0.0
2018-08-24,0.007856093640246371,0.007856093640246371,0.0,0.0,1199,1.0,0.0
2018-08-27,-0.00040205158737778465,-0.00040205158737778465,0.0,0.0,1199,1.0,0.0
2018-08-28,0.004822498506149397,0.004821664477792433,0.001668056713928342,8.340283569641711e-07,1198,1.0,0.0
2018-08-29,-0.007106325891135294,-0.007106325891135294,0.0,0.0,1198,1.0,0.0
2018-08-30,0.0016429581342192324,0.0016429581342192324,0.0,0.0,1198,1.0,0.0
2018-08-31,-0.0056726355970032425,-0.0056726355970032425,0.0,0.0,1198,1.0,0.0
2018-09-04,-0.004109143587228136,-0.0041099776155851,0.001668056713928342,8.340283569641711e-07,1199,1.0,0.0
2018-09-05,-0.0040567480533496535,-0.0040567480533496535,0.0,0.0,1199,1.0,0.0
2018-09-06,-0.001622191956558118,-0.001622191956558118,0.0,0.0,1199,1.0,0.0
2018-09-07,0.0021768799799935087,0.0021768799799935087,0.0,0.0,1199,1.0,0.0
2018-09-10,0.0016463402891620615,0.0016463402891620615,0.0,0.0,1199,1.0,0.0
2018-09-11,0.003619944085515605,0.003619944085515605,0.0,0.0,1199,1.0,0.0
2018-09-12,0.0032613959250551543,0.00326056189669819,0.0016680567139283422,8.340283569641712e-07,1198,1.0,0.0
2018-09-13,0.0023351972143889873,0.0023351972143889873,0.0,0.0,1198,1.0,0.0
2018-09-14,-0.005165166671384015,-0.005165166671384015,0.0,0.0,1198,1.0,0.0
2018-09-17,0.006477314014090652,0.006477314014090652,0.0,0.0,1198,1.0,0.0
2018-09-18,0.0005538740953348713,0.0005538740953348713,0.0,0.0,1198,1.0,0.0
2018-09-19,0.008008684191580087,0.008008684191580087,0.0,0.0,1198,1.0,0.0
2018-09-20,-0.0011825020378893397,-0.001183336066246304,0.0016680567139283422,8.340283569641712e-07,1199,1.0,0.0
2018-09-21,-0.0054247948976504715,-0.0054247948976504715,0.0,0.0,1199,1.0,0.0
2018-09-24,0.000527204911534175,0.000527204911534175,0.0,0.0,1199,1.0,0.0
2018-09-25,-0.00528743762916801,-0.00528743762916801,0.0,0.0,1199,1.0,0.0
2018-09-26,0.0007329296797498057,0.0007329296797498057,0.0,0.0,1199,1.0,0.0
2018-09-27,0.0005650054665488081,0.000564171438191844,0.001668056713928342,8.340283569641711e-07,1198,1.0,0.0
2018-09-28,-0.002413062394907049,-0.0024138964232640133,0.0016680567139283422,8.340283569641712e-07,1199,1.0,0.0
2018-10-01,-0.0033044629410309153,-0.0033052969693878795,0.0016680567139282735,8.340283569641368e-07,1199,1.0,0.0
2018-10-02,0.0028259425534681113,0.0028259425534681113,0.0,0.0,1199,1.0,0.0
2018-10-03,-0.012382539801215335,-0.012382539801215335,0.0,0.0,1199,1.0,0.0
2018-10-04,-0.007190813686611923,-0.007190813686611923,0.0,0.0,1199,1.0,0.0
2018-10-05,-0.001664456198491469,-0.001664456198491469,0.0,0.0,1199,1.0,0.0
2018-10-08,-0.004717195951800019,-0.004717195951800019,0.0,0.0,1199,1.0,0.0
2018-10-09,-0.030203262256952763,-0.030203262256952763,0.0,0.0,1199,1.0,0.0
2018-10-10,-0.015398513493215723,-0.015398513493215723,0.0,0.0,1199,1.0,0.0
2018-10-11,0.01102933814960818,0.01102933814960818,0.0,0.0,1199,1.0,0.0
2018-10-12,0.0002045062021964303,0.0002045062021964303,0.0,0.0,1199,1.0,0.0
2018-10-15,0.022957996609313528,0.022957996609313528,0.0,0.0,1199,1.0,0.0
2018-10-16,-0.003087135944203446,-0.003087135944203446,0.0,0.0,1199,1.0,0.0
2018-10-17,-0.016520486630094238,-0.016520486630094238,0.0,0.0,1199,1.0,0.0
2018-10-18,-0.004935191902060265,-0.004935191902060265,0.0,0.0,1199,1.0,0.0
2018-10-19,-0.0032943954065610946,-0.003295229434918059,0.0016680567139282735,8.340283569641368e-07,1199,1.0,0.0
2018-10-22,-0.008091081370272694,-0.008091914703606028,0.0016666666666665636,8.333333333332818e-07,1200,1.0,0.0
2018-10-23,-0.033405706042241634,-0.033405706042241634,0.0,0.0,1200,1.0,0.0
2018-10-24,0.01571906713443269,0.01571823380109936,0.0016666666666665636,8.333333333332818e-07,1199,1.0,0.0
2018-10-25,-0.01286172298314239,-0.01286172298314239,0.0,0.0,1199,1.0,0.0
2018-10-26,-0.007193249677043595,-0.007193249677043595,0.0,0.0,1199,1.0,0.0
2018-10-29,0.019180948507276304,0.019180948507276304,0.0,0.0,1199,1.0,0.0
2018-10-30,0.011214519309457785,0.011214519309457785,0.0,0.0,1199,1.0,0.0
2018-10-31,0.022917180567155165,0.0229163465387982,0.001668056713928342,8.340283569641711e-07,1198,1.0,0.0
2018-11-01,-0.0019757777822930044,-0.0019757777822930044,0.0,0.0,1198,1.0,0.0
2018-11-02,0.0036060162007174267,0.0036060162007174267,0.0,0.0,1198,1.0,0.0
2018-11-05,0.0048388924662243335,0.0048388924662243335,0.0,0.0,1198,1.0,0.0
2018-11-06,0.01658724940717222,0.01658641468263132,0.0016694490818029198,8.347245409014599e-07,1197,1.0,0.0
2018-11-07,-0.0058533497405355885,-0.0058533497405355885,0.0,0.0,1197,1.0,0.0
2018-11-08,-0.012253604984398547,-0.012253604984398547,0.0,0.0,1197,1.0,0.0
2018-11-09,-0.01987411239678799,-0.019874947121328892,0.0016694490818029198,8.347245409014599e-07,1198,1.0,0.0
2018-11-12,-0.00040131694660253147,-0.00040131694660253147,0.0,0.0,1198,1.0,0.0
2018-11-13,-0.004542810204338623,-0.004542810204338623,0.0,0.0,1198,1.0,0.0
2018-11-14,0.011960085275216446,0.011960085275216446,0.0,0.0,1198,1.0,0.0
2018-11-15,0.0031793610256687613,0.0031793610256687613,0.0,0.0,1198,1.0,0.0
2018-11-16,-0.01832684577264225,-0.01832684577264225,0.0,0.0,1198,1.0,0.0
2018-11-19,-0.017982414802454213,-0.017983248830811177,0.0016680567139283422,8.340283569641712e-07,1199,1.0,0.0
2018-11-20,0.013149986359798043,0.013149986359798043,0.0,0.0,1199,1.0,0.0
2018-11-21,-0.003762062988979624,-0.003762062988979624,0.0,0.0,1199,1.0,0.0
2018-11-23,0.013585418296098061,0.013585418296098061,0.0,0.0,1199,1.0,0.0
2018-11-26,-0.0036626568544225156,-0.0036626568544225156,0.0,0.0,1199,1.0,0.0
2018-11-27,0.022262072534163534,0.02226123850580657,0.001668056713928342,8.340283569641711e-07,1198,1.0,0.0
2018-11-28,-0.00236986169174999,-0.00236986169174999,0.0,0.0,1198,1.0,0.0
2018-11-29,0.0038894114228892455,0.003888576698348344,0.0016694490818029198,8.347245409014599e-07,1197,1.0,0.0
2018-11-30,0.014694559187630364,0.014694559187630364,0.0,0.0,1197,1.0,0.0
2018-12-03,-0.03209211199469773,-0.03209211199469773,0.0,0.0,1197,1.0,0.0
2018-12-04,-0.003564595007624259,-0.003564595007624259,0.0,0.0,1197,1.0,0.0
2018-12-06,-0.02033137380485052,-0.02033137380485052,0.0,0.0,1197,1.0,0.0
2018-12-07,-0.003824349396497965,-0.003824349396497965,0.0,0.0,1197,1.0,0.0
2018-12-10,-0.0016107792924485655,-0.0016107792924485655,0.0,0.0,1197,1.0,0.0
2018-12-11,0.010280932288866718,0.010280097564325817,0.0016694490818029198,8.347245409014599e-07,1198,1.0,0.0
2018-12-12,-0.006776370639656729,-0.006776370639656729,0.0,0.0,1198,1.0,0.0
2018-12-13,-0.015104587142948779,-0.015104587142948779,0.0,0.0,1198,1.0,0.0
2018-12-14,-0.021143767793887016,-0.021143767793887016,0.0,0.0,1198,1.0,0.0
2018-12-17,-0.0005378248322303789,-0.0005386595567712804,0.0016694490818029198,8.347245409014599e-07,1197,1.0,0.0
2018-12-18,-0.015919375736697765,-0.015919375736697765,0.0,0.0,1197,1.0,0.0
2018-12-19,-0.014721002569084122,-0.014721002569084122,0.0,0.0,1197,1.0,0.0
2018-12-20,-0.022547652320847017,-0.02254848774273507,0.0016708437761069716,8.354218880534859e-07,1196,1.0000000000000002,0.0
2018-12-21,-0.020748641834607694,-0.020749477955009032,0.001672240802675543,8.361204013377715e-07,1195,1.0000000000000002,0.0
2018-12-24,0.04647053420209059,0.04647053420209059,0.0,0.0,1195,1.0000000000000002,0.0
2018-12-26,0.005222509570694498,0.005222509570694498,0.0,0.0,1195,1.0000000000000002,0.0
2018-12-27,0.0011259135774802152,0.0011259135774802152,0.0,0.0,1195,1.0000000000000002,0.0
2018-12-28,0.008747003746896307,0.008747003746896307,0.0,0.0,1195,1.0000000000000002,0.0
2018-12-31,0.003774933423104189,0.003774933423104189,0.0,0.0,1195,1.0000000000000002,0.0
2019-01-02,-0.01767208238840952,-0.0176729192084932,0.0016736401673640914,8.368200836820457e-07,1194,0.9999999999999998,2.220446049250313e-16
2019-01-03,0.03580389254039276,0.035803055720309084,0.0016736401673640914,8.368200836820457e-07,1195,1.0000000000000002,0.0
2019-01-04,0.01629582795430588,0.016294991134222198,0.0016736401673640914,8.368200836820457e-07,1194,0.9999999999999998,2.220446049250313e-16
2019-01-07,0.01224766706218336,0.012246830242099677,0.0016736401673640914,8.368200836820457e-07,1195,1.0000000000000002,0.0
2019-01-08,0.010492850525430558,0.010492013705346876,0.0016736401673640914,8.368200836820457e-07,1194,0.9999999999999998,2.220446049250313e-16
2019-01-09,0.005322546393334007,0.005322546393334007,0.0,0.0,1194,0.9999999999999998,2.220446049250313e-16
2019-01-10,0.0011833872285647493,0.0011833872285647493,0.0,0.0,1194,0.9999999999999998,2.220446049250313e-16
2019-01-11,-0.006062980651458938,-0.006062980651458938,0.0,0.0,1194,0.9999999999999998,2.220446049250313e-16
2019-01-14,0.00738401273464467,0.00738401273464467,0.0,0.0,1194,0.9999999999999998,2.220446049250313e-16
2019-01-15,0.0031784056915654052,0.0031784056915654052,0.0,0.0,1194,0.9999999999999998,2.220446049250313e-16
2019-01-16,0.008127685558258109,0.008127685558258109,0.0,0.0,1194,0.9999999999999998,2.220446049250313e-16
2019-01-17,0.013117780517298143,0.013116942996360119,0.001675041876046896,8.375209380234481e-07,1193,1.0,0.0
2019-01-18,-0.016467268306856023,-0.016467268306856023,0.0,0.0,1193,1.0,0.0
2019-01-22,-3.831100406110873e-06,-4.669323373420162e-06,0.0016764459346185773,8.382229673092886e-07,1192,0.9999999999999999,1.1102230246251565e-16
2019-01-23,0.007922160543238566,0.007922160543238566,0.0,0.0,1192,0.9999999999999999,1.1102230246251565e-16
2019-01-24,0.013446370308386642,0.013445531382212146,0.0016778523489932834,8.389261744966417e-07,1191,0.9999999999999999,1.1102230246251565e-16
2019-01-25,-0.005240419277417145,-0.005241258203591642,0.0016778523489932834,8.389261744966417e-07,1192,0.9999999999999999,1.1102230246251565e-16
2019-01-28,0.00026754760997153615,0.00026754760997153615,0.0,0.0,1192,0.9999999999999999,1.1102230246251565e-16
2019-01-29,0.012346774741115984,0.012346774741115984,0.0,0.0,1192,0.9999999999999999,1.1102230246251565e-16
2019-01-30,0.00799588604461913,0.00799588604461913,0.0,0.0,1192,0.9999999999999999,1.1102230246251565e-16
2019-01-31,0.002826772041973552,0.002826772041973552,0.0,0.0,1192,0.9999999999999999,1.1102230246251565e-16
2019-02-01,0.006969811784150259,0.006969811784150259,0.0,0.0,1192,0.9999999999999999,1.1102230246251565e-16
2019-02-04,0.0046394206071953175,0.0046394206071953175,0.0,0.0,1192,0.9999999999999999,1.1102230246251565e-16
2019-02-05,-0.002240715267264822,-0.002240715267264822,0.0,0.0,1192,0.9999999999999999,1.1102230246251565e-16
2019-02-06,-0.009520605028556409,-0.009520605028556409,0.0,0.0,1192,0.9999999999999999,1.1102230246251565e-16
2019-02-07,0.00215290429424583,0.00215290429424583,0.0,0.0,1192,0.9999999999999999,1.1102230246251565e-16
2019-02-08,0.0028382535197044294,0.0028382535197044294,0.0,0.0,1192,0.9999999999999999,1.1102230246251565e-16
2019-02-11,0.012686112387049505,0.012686112387049505,0.0,0.0,1192,0.9999999999999999,1.1102230246251565e-16
2019-02-12,0.00286018024592174,0.00286018024592174,0.0,0.0,1192,0.9999999999999999,1.1102230246251565e-16
2019-02-13,0.0012720824812422452,0.0012712435550677485,0.0016778523489932834,8.389261744966417e-07,1191,0.9999999999999999,1.1102230246251565e-16
2019-02-14,0.010939364265423317,0.010939364265423317,0.0,0.0,1191,0.9999999999999999,1.1102230246251565e-16
2019-02-15,0.0038907241356716583,0.0038907241356716583,0.0,0.0,1191,0.9999999999999999,1.1102230246251565e-16
2019-02-19,0.002776260101752202,0.002776260101752202,0.0,0.0,1191,0.9999999999999999,1.1102230246251565e-16
2019-02-20,-0.004880657288480325,-0.004880657288480325,0.0,0.0,1191,0.9999999999999999,1.1102230246251565e-16
2019-02-21,0.009515770573246561,0.009515770573246561,0.0,0.0,1191,0.9999999999999999,1.1102230246251565e-16
2019-02-22,0.0018278872536447177,0.0018278872536447177,0.0,0.0,1191,0.9999999999999999,1.1102230246251565e-16
2019-02-25,-0.0021911069188570893,-0.0021911069188570893,0.0,0.0,1191,0.9999999999999999,1.1102230246251565e-16
2019-02-26,0.0016608584815510758,0.0016608584815510758,0.0,0.0,1191,0.9999999999999999,1.1102230246251565e-16
2019-02-27,-0.0047958370016069896,-0.0047958370016069896,0.0,0.0,1191,0.9999999999999999,1.1102230246251565e-16
2019-02-28,0.006450484087082051,0.006450484087082051,0.0,0.0,1191,0.9999999999999999,1.1102230246251565e-16
2019-03-01,-0.004835026796289776,-0.004835026796289776,0.0,0.0,1191,0.9999999999999999,1.1102230246251565e-16
2019-03-04,-0.0015290989540249298,-0.0015290989540249298,0.0,0.0,1191,0.9999999999999999,1.1102230246251565e-16
2019-03-05,-0.012084580760302433,-0.012084580760302433,0.0,0.0,1191,0.9999999999999999,1.1102230246251565e-16
2019-03-06,-0.007915669601764718,-0.007915669601764718,0.0,0.0,1191,0.9999999999999999,1.1102230246251565e-16
2019-03-07,-0.00267340698415101,-0.00267340698415101,0.0,0.0,1191,0.9999999999999999,1.1102230246251565e-16
2019-03-08,0.01563730743792001,0.01563730743792001,0.0,0.0,1191,0.9999999999999999,1.1102230246251565e-16
2019-03-11,0.0032200628835015533,0.0032200628835015533,0.0,0.0,1191,0.9999999999999999,1.1102230246251565e-16
2019-03-12,0.007134087490006933,0.007134087490006933,0.0,0.0,1191,0.9999999999999999,1.1102230246251565e-16
2019-03-13,-0.002113994311223803,-0.002113994311223803,0.0,0.0,1191,0.9999999999999999,1.1102230246251565e-16
2019-03-14,0.004785864523840224,0.004785864523840224,0.0,0.0,1191,0.9999999999999999,1.1102230246251565e-16
2019-03-15,0.0059653662234159495,0.0059653662234159495,0.0,0.0,1191,0.9999999999999999,1.1102230246251565e-16
2019-03-18,-0.001358887258166273,-0.001358887258166273,0.0,0.0,1191,0.9999999999999999,1.1102230246251565e-16
2019-03-19,-0.004507900469315214,-0.004508739395489711,0.0016778523489932834,8.389261744966417e-07,1192,0.9999999999999999,1.1102230246251565e-16
2019-03-20,0.010771031798561946,0.010771031798561946,0.0,0.0,1192,0.9999999999999999,1.1102230246251565e-16
2019-03-21,-0.025501064367270558,-0.025501903293445056,0.0016778523489932834,8.389261744966417e-07,1191,0.9999999999999999,1.1102230246251565e-16
2019-03-22,0.0017731121142624475,0.0017731121142624475,0.0,0.0,1191,0.9999999999999999,1.1102230246251565e-16
2019-03-25,0.011605362845105131,0.011605362845105131,0.0,0.0,1191,0.9999999999999999,1.1102230246251565e-16
2019-03-26,-0.00576979266416629,-0.005770631590340787,0.0016778523489932834,8.389261744966417e-07,1192,0.9999999999999999,1.1102230246251565e-16
2019-03-27,0.005811590619623146,0.005811590619623146,0.0,0.0,1192,0.9999999999999999,1.1102230246251565e-16
2019-03-28,0.006679842794657425,0.006679003868482928,0.0016778523489932834,8.389261744966417e-07,1191,0.9999999999999999,1.1102230246251565e-16
2019-03-29,0.012732127172638627,0.01273128824646413,0.0016778523489932834,8.389261744966417e-07,1192,0.9999999999999999,1.1102230246251565e-16
2019-04-01,-0.0005928254775798109,-0.0005936637005471202,0.0016764459346185773,8.382229673092886e-07,1193,1.0,0.0
2019-04-02,0.004152389190593874,0.004152389190593874,0.0,0.0,1193,1.0,0.0
2019-04-03,0.002138817419596272,0.002137979898658249,0.001675041876046896,8.375209380234481e-07,1194,0.9999999999999998,2.220446049250313e-16
2019-04-04,0.006910015273789123,0.006910015273789123,0.0,0.0,1194,0.9999999999999998,2.220446049250313e-16
2019-04-05,0.0012174770924618422,0.0012174770924618422,0.0,0.0,1194,0.9999999999999998,2.220446049250313e-16
2019-04-08,-0.008397954046954795,-0.008397954046954795,0.0,0.0,1194,0.9999999999999998,2.220446049250313e-16
2019-04-09,0.007030438409987898,0.007030438409987898,0.0,0.0,1194,0.9999999999999998,2.220446049250313e-16
2019-04-10,-0.001179147462335502,-0.001179147462335502,0.0,0.0,1194,0.9999999999999998,2.220446049250313e-16
2019-04-11,0.006517406867695207,0.006517406867695207,0.0,0.0,1194,0.9999999999999998,2.220446049250313e-16
2019-04-12,-0.002601366313379534,-0.002601366313379534,0.0,0.0,1194,0.9999999999999998,2.220446049250313e-16
2019-04-15,0.000651553156840924,0.000651553156840924,0.0,0.0,1194,0.9999999999999998,2.220446049250313e-16
2019-04-16,-0.006485692552377372,-0.006485692552377372,0.0,0.0,1194,0.9999999999999998,2.220446049250313e-16
2019-04-17,0.0003195157635947788,0.0003195157635947788,0.0,0.0,1194,0.9999999999999998,2.220446049250313e-16
2019-04-18,-0.0012479206352013557,-0.0012487581561393792,0.001675041876046896,8.375209380234481e-07,1193,1.0,0.0
2019-04-22,0.009945334347586604,0.009945334347586604,0.0,0.0,1193,1.0,0.0
2019-04-23,-0.002211281734211862,-0.002211281734211862,0.0,0.0,1193,1.0,0.0
2019-04-24,-0.005090846922899755,-0.005090846922899755,0.0,0.0,1193,1.0,0.0
2019-04-25,0.0071605875027764675,0.0071605875027764675,0.0,0.0,1193,1.0,0.0
2019-04-26,0.0005844413513530892,0.0005836038304150657,0.001675041876046896,8.375209380234481e-07,1194,0.9999999999999998,2.220446049250313e-16
2019-04-29,-0.0001857574205839939,-0.00018659424066767594,0.0016736401673640914,8.368200836820457e-07,1195,1.0000000000000002,0.0
2019-04-30,-0.010278332845168733,-0.01027916896557007,0.001672240802675543,8.361204013377715e-07,1196,1.0000000000000002,0.0
2019-05-01,-7.949645339299055e-05,-7.949645339299055e-05,0.0,0.0,1196,1.0000000000000002,0.0
2019-05-02,0.01264491817213107,0.012644082750243016,0.0016708437761069716,8.354218880534859e-07,1197,1.0,0.0
2019-05-03,-0.004034841337853669,-0.004035676759741722,0.0016708437761069716,8.354218880534859e-07,1196,1.0000000000000002,0.0
2019-05-06,-0.01657302355544516,-0.01657302355544516,0.0,0.0,1196,1.0000000000000002,0.0
2019-05-07,-0.00034301885715462517,-0.00034301885715462517,0.0,0.0,1196,1.0000000000000002,0.0
2019-05-08,-0.0030177894442287995,-0.0030177894442287995,0.0,0.0,1196,1.0000000000000002,0.0
2019-05-09,0.003449502590287171,0.003449502590287171,0.0,0.0,1196,1.0000000000000002,0.0
2019-05-10,-0.027932718138017898,-0.027932718138017898,0.0,0.0,1196,1.0000000000000002,0.0
2019-05-13,0.011183592146685444,0.01118275672479739,0.0016708437761069716,8.354218880534859e-07,1197,1.0,0.0
2019-05-14,0.004451267572624812,0.004451267572624812,0.0,0.0,1197,1.0,0.0
2019-05-15,0.005808447634896716,0.005808447634896716,0.0,0.0,1197,1.0,0.0
2019-05-16,-0.010272007050651129,-0.010272007050651129,0.0,0.0,1197,1.0,0.0
2019-05-17,-0.006678629015559486,-0.006678629015559486,0.0,0.0,1197,1.0,0.0
2019-05-20,0.01301548336594412,0.01301548336594412,0.0,0.0,1197,1.0,0.0
2019-05-21,-0.007078179313571282,-0.007078179313571282,0.0,0.0,1197,1.0,0.0
2019-05-22,-0.015556282963972328,-0.015556282963972328,0.0,0.0,1197,1.0,0.0
2019-05-23,0.004506280091647743,0.004506280091647743,0.0,0.0,1197,1.0,0.0
2019-05-24,-0.007727155510403091,-0.007727155510403091,0.0,0.0,1197,1.0,0.0
2019-05-28,-0.006397362858546793,-0.006398197583087694,0.0016694490818029198,8.347245409014599e-07,1198,1.0,0.0
2019-05-29,0.00109972910778699,0.00109972910778699,0.0,0.0,1198,1.0,0.0
2019-05-30,-0.010072724680252622,-0.010072724680252622,0.0,0.0,1198,1.0,0.0
2019-05-31,0.005063056124368802,0.005063056124368802,0.0,0.0,1198,1.0,0.0
2019-06-03,0.02347803285189821,0.02347803285189821,0.0,0.0,1198,1.0,0.0
2019-06-04,0.0019044900248771398,0.0019044900248771398,0.0,0.0,1198,1.0,0.0
2019-06-05,0.0033487235697831214,0.0033487235697831214,0.0,0.0,1198,1.0,0.0
2019-06-06,0.008259265165384545,0.008259265165384545,0.0,0.0,1198,1.0,0.0
2019-06-07,0.004552864418480892,0.004552864418480892,0.0,0.0,1198,1.0,0.0
2019-06-10,0.0004520421195919924,0.0004520421195919924,0.0,0.0,1198,1.0,0.0
2019-06-11,-0.003260060216562587,-0.003260060216562587,0.0,0.0,1198,1.0,0.0
2019-06-12,0.0075767368947476455,0.007575902866390681,0.001668056713928342,8.340283569641711e-07,1199,1.0,0.0
2019-06-13,-0.007680091858408669,-0.007680091858408669,0.0,0.0,1199,1.0,0.0
2019-06-14,0.001790946683894819,0.001790946683894819,0.0,0.0,1199,1.0,0.0
2019-06-17,0.013295413439764396,0.013295413439764396,0.0,0.0,1199,1.0,0.0
2019-06-18,0.004733452977755391,0.004732619644422058,0.0016666666666665636,8.333333333332818e-07,1200,1.0,0.0
2019-06-19,0.010452594362949234,0.010452594362949234,0.0,0.0,1200,1.0,0.0
2019-06-20,-0.004423149802231193,-0.004423149802231193,0.0,0.0,1200,1.0,0.0
2019-06-21,-0.004960937576356579,-0.004960937576356579,0.0,0.0,1200,1.0,0.0
2019-06-24,-0.007825093453777712,-0.007825093453777712,0.0,0.0,1200,1.0,0.0
2019-06-25,0.0012237395055124658,0.0012237395055124658,0.0,0.0,1200,1.0,0.0
2019-06-26,0.00967909027687124,0.00967909027687124,0.0,0.0,1200,1.0,0.0
2019-06-27,0.008793523384231871,0.008793523384231871,0.0,0.0,1200,1.0,0.0
2019-06-28,0.006330025519560783,0.006330025519560783,0.0,0.0,1200,1.0,0.0
2019-07-01,-0.0008052605264958885,-0.0008060938598292218,0.0016666666666666668,8.333333333333334e-07,1200,1.0,0.0
2019-07-02,0.0076401396175072725,0.0076401396175072725,0.0,0.0,1200,1.0,0.0
2019-07-03,-6.084461955136453e-05,-6.084461955136453e-05,0.0,0.0,1200,1.0,0.0
2019-07-05,-0.007366383260806986,-0.007366383260806986,0.0,0.0,1200,1.0,0.0
2019-07-08,0.0013210102368728222,0.0013201769035394888,0.0016666666666665636,8.333333333332818e-07,1199,1.0,0.0
2019-07-09,0.0030593258173663212,0.003058491789009357,0.001668056713928342,8.340283569641711e-07,1198,1.0,0.0
2019-07-10,-0.0007171039914146682,-0.0007171039914146682,0.0,0.0,1198,1.0,0.0
2019-07-11,0.006138998791172929,0.006138998791172929,0.0,0.0,1198,1.0,0.0
2019-07-12,-0.000925309066538221,-0.000925309066538221,0.0,0.0,1198,1.0,0.0
2019-07-15,-0.002407209534675143,-0.002407209534675143,0.0,0.0,1198,1.0,0.0
2019-07-16,-0.005891227866638877,-0.005891227866638877,0.0,0.0,1198,1.0,0.0
2019-07-17,0.0034240630080465944,0.0034240630080465944,0.0,0.0,1198,1.0,0.0
2019-07-18,-0.0038546828312948827,-0.0038546828312948827,0.0,0.0,1198,1.0,0.0
2019-07-19,0.000915924022840091,0.000915924022840091,0.0,0.0,1198,1.0,0.0
2019-07-22,0.006274375519082558,0.0062735414907255935,0.0016680567139283422,8.340283569641712e-07,1199,1.0,0.0
2019-07-23,0.009171780187174551,0.009171780187174551,0.0,0.0,1199,1.0,0.0
2019-07-24,-0.008832365667638876,-0.008832365667638876,0.0,0.0,1199,1.0,0.0
2019-07-25,0.00578664076586226,0.00578664076586226,0.0,0.0,1199,1.0,0.0
2019-07-26,-0.0032644828158947085,-0.0032653161492280417,0.0016666666666665636,8.333333333332818e-07,1200,1.0,0.0
2019-07-29,0.0025218263191070047,0.0025209929857736716,0.0016666666666666668,8.333333333333334e-07,1200,1.0,0.0
2019-07-30,-0.008248028983523234,-0.008248862316856568,0.0016666666666665636,8.333333333332818e-07,1199,1.0,0.0
2019-07-31,-0.012996664711235676,-0.01299749873959264,0.0016680567139282735,8.340283569641368e-07,1199,1.0,0.0
2019-08-01,-0.009634218700343842,-0.009635052728700806,0.001668056713928342,8.340283569641711e-07,1198,1.0,0.0
2019-08-02,-0.028901223897106493,-0.028901223897106493,0.0,0.0,1198,1.0,0.0
2019-08-05,0.009419969697234097,0.009419969697234097,0.0,0.0,1198,1.0,0.0
2019-08-06,0.0014298179330104529,0.0014298179330104529,0.0,0.0,1198,1.0,0.0
2019-08-07,0.019084872483996207,0.019084872483996207,0.0,0.0,1198,1.0,0.0
2019-08-08,-0.010060233585725756,-0.010060233585725756,0.0,0.0,1198,1.0,0.0
2019-08-09,-0.01494532872606103,-0.014946163450601931,0.0016694490818029198,8.347245409014599e-07,1197,1.0,0.0
2019-08-12,0.01177396451189525,0.01177396451189525,0.0,0.0,1197,1.0,0.0
2019-08-13,-0.030243109810092803,-0.030243109810092803,0.0,0.0,1197,1.0,0.0
2019-08-14,-0.0019157097322133176,-0.0019157097322133176,0.0,0.0,1197,1.0,0.0
2019-08-15,0.017843887545202268,0.017843887545202268,0.0,0.0,1197,1.0,0.0
2019-08-16,0.010479221519360725,0.010479221519360725,0.0,0.0,1197,1.0,0.0
2019-08-19,-0.005802942468296943,-0.005802942468296943,0.0,0.0,1197,1.0,0.0
2019-08-20,0.0087315692002384,0.0087315692002384,0.0,0.0,1197,1.0,0.0
2019-08-21,-0.0018005064438949368,-0.0018005064438949368,0.0,0.0,1197,1.0,0.0
2019-08-22,-0.024668636719075085,-0.024668636719075085,0.0,0.0,1197,1.0,0.0
2019-08-23,0.00705702958399434,0.00705702958399434,0.0,0.0,1197,1.0,0.0
2019-08-26,-0.00595429798417924,-0.00595429798417924,0.0,0.0,1197,1.0,0.0
2019-08-27,0.008599735532074118,0.008599735532074118,0.0,0.0,1197,1.0,0.0
2019-08-28,0.014060449209872261,0.014060449209872261,0.0,0.0,1197,1.0,0.0
2019-08-29,0.0015056065861794052,0.0015056065861794052,0.0,0.0,1197,1.0,0.0
2019-08-30,-0.010203471632930793,-0.010203471632930793,0.0,0.0,1197,1.0,0.0
2019-09-03,0.013879832877235182,0.013879832877235182,0.0,0.0,1197,1.0,0.0
2019-09-04,0.015115598856049881,0.015115598856049881,0.0,0.0,1197,1.0,0.0
2019-09-05,0.0007843580233582098,0.0007843580233582098,0.0,0.0,1197,1.0,0.0
2019-09-06,0.00572942711814889,0.00572942711814889,0.0,0.0,1197,1.0,0.0
2019-09-09,0.006984954488050877,0.006984954488050877,0.0,0.0,1197,1.0,0.0
2019-09-10,0.011146889849013908,0.011146055124473007,0.0016694490818029198,8.347245409014599e-07,1198,1.0,0.0
2019-09-11,-0.00042289618769754183,-0.00042289618769754183,0.0,0.0,1198,1.0,0.0
2019-09-12,0.0004561288133847377,0.0004561288133847377,0.0,0.0,1198,1.0,0.0
2019-09-13,0.004669854940749478,0.004669020912392513,0.001668056713928342,8.340283569641711e-07,1199,1.0,0.0
2019-09-16,-0.0005285762842354011,-0.0005285762842354011,0.0,0.0,1199,1.0,0.0
2019-09-17,-0.003441301057232799,-0.003441301057232799,0.0,0.0,1199,1.0,0.0
2019-09-18,-0.0022277843033760856,-0.00222861833173305,0.0016680567139283422,8.340283569641712e-07,1198,1.0,0.0
2019-09-19,-0.0018984872253445329,-0.0018984872253445329,0.0,0.0,1198,1.0,0.0
2019-09-20,1.7751426532961715e-05,1.7751426532961715e-05,0.0,0.0,1198,1.0,0.0
2019-09-23,-0.012080750589034675,-0.012081584617391639,0.001668056713928342,8.340283569641711e-07,1199,1.0,0.0
2019-09-24,0.005118274053579351,0.005117440025222387,0.0016680567139282735,8.340283569641368e-07,1199,1.0,0.0
2019-09-25,-0.005593153553897072,-0.005593153553897072,0.0,0.0,1199,1.0,0.0
2019-09-26,-0.0068744946011046375,-0.0068744946011046375,0.0,0.0,1199,1.0,0.0
2019-09-27,0.003376727345846588,0.003376727345846588,0.0,0.0,1199,1.0,0.0
2019-09-30,-0.016025950587454138,-0.016025950587454138,0.0,0.0,1199,1.0,0.0
2019-10-01,-0.015425235951445283,-0.015425235951445283,0.0,0.0,1199,1.0,0.0
2019-10-02,0.008662228466635703,0.008662228466635703,0.0,0.0,1199,1.0,0.0
2019-10-03,0.01140857529238399,0.01140857529238399,0.0,0.0,1199,1.0,0.0
2019-10-04,-0.004484265697248805,-0.004484265697248805,0.0,0.0,1199,1.0,0.0
2019-10-07,-0.017040360789447616,-0.017041194122780948,0.0016666666666665636,8.333333333332818e-07,1200,1.0,0.0
2019-10-08,0.007586423919316001,0.007585591279848891,0.001665278934221518,8.32639467110759e-07,1201,1.0,0.0
2019-10-09,0.006605309876376784,0.006605309876376784,0.0,0.0,1201,1.0,0.0
2019-10-10,0.016280288727530838,0.016280288727530838,0.0,0.0,1201,1.0,0.0
2019-10-11,-0.0034045207396293476,-0.0034045207396293476,0.0,0.0,1201,1.0,0.0
2019-10-14,0.008453518223236152,0.008453518223236152,0.0,0.0,1201,1.0,0.0
2019-10-15,-0.0015648190365896402,-0.001565650983345048,0.0016638935108153124,8.319467554076562e-07,1202,1.0,0.0
2019-10-16,0.006059828234318481,0.006059828234318481,0.0,0.0,1202,1.0,0.0
2019-10-17,-0.00376111841789017,-0.00376111841789017,0.0,0.0,1202,1.0,0.0
2019-10-18,0.00713475469231476,0.00713475469231476,0.0,0.0,1202,1.0,0.0
2019-10-21,-0.0013762931801548335,-0.0013762931801548335,0.0,0.0,1202,1.0,0.0
2019-10-22,0.003198251223446087,0.003198251223446087,0.0,0.0,1202,1.0,0.0
2019-10-23,0.0026640614900561932,0.0026640614900561932,0.0,0.0,1202,1.0,0.0
2019-10-24,0.0055231120848980705,0.0055231120848980705,0.0,0.0,1202,1.0,0.0
2019-10-25,0.0046931068303417015,0.0046931068303417015,0.0,0.0,1202,1.0,0.0
2019-10-28,0.0013368898903510626,0.0013360586351557175,0.0016625103906899477,8.312551953449738e-07,1203,1.0,0.0
2019-10-29,-0.00020196141523724873,-0.00020196141523724873,0.0,0.0,1203,1.0,0.0
2019-10-30,-0.005776680164878084,-0.005776680164878084,0.0,0.0,1203,1.0,0.0
2019-10-31,0.015765164663497686,0.015765164663497686,0.0,0.0,1203,1.0,0.0
2019-11-01,0.007317392186797157,0.007316560931601813,0.0016625103906899418,8.31255195344971e-07,1203,1.0,0.0
2019-11-04,-0.00024968577352455336,-0.00024968577352455336,0.0,0.0,1203,1.0,0.0
2019-11-05,-0.0033216529405126483,-0.0033216529405126483,0.0,0.0,1203,1.0,0.0
2019-11-06,0.0031745411486583017,0.0031745411486583017,0.0,0.0,1203,1.0,0.0
2019-11-07,0.0030397088866260516,0.0030397088866260516,0.0,0.0,1203,1.0,0.0
2019-11-08,-0.0016455747729795947,-0.0016455747729795947,0.0,0.0,1203,1.0,0.0
2019-11-11,-0.0001719677502561262,-0.0001719677502561262,0.0,0.0,1203,1.0,0.0
2019-11-12,-0.0014684384626093355,-0.0014684384626093355,0.0,0.0,1203,1.0,0.0
2019-11-13,-3.287902105229509e-05,-3.287902105229509e-05,0.0,0.0,1203,1.0,0.0
2019-11-14,0.008811396402919829,0.008811396402919829,0.0,0.0,1203,1.0,0.0
2019-11-15,-0.0032502721500082678,-0.0032502721500082678,0.0,0.0,1203,1.0,0.0
2019-11-18,-0.00040557724035824205,-0.00040557724035824205,0.0,0.0,1203,1.0,0.0
2019-11-19,-0.003042506983937596,-0.003042506983937596,0.0,0.0,1203,1.0,0.0
2019-11-20,-0.0017655183289461166,-0.0017655183289461166,0.0,0.0,1203,1.0,0.0
2019-11-21,0.004081148228218563,0.004080316973023218,0.0016625103906899477,8.312551953449738e-07,1202,1.0,0.0
2019-11-22,0.011754855154788602,0.011754855154788602,0.0,0.0,1202,1.0,0.0
2019-11-25,0.0016682513784746149,0.0016682513784746149,0.0,0.0,1202,1.0,0.0
2019-11-26,0.005306863563424482,0.005306863563424482,0.0,0.0,1202,1.0,0.0
2019-11-27,-0.005310964479695902,-0.005310964479695902,0.0,0.0,1202,1.0,0.0
2019-11-29,-0.008287946861165713,-0.008287946861165713,0.0,0.0,1202,1.0,0.0
2019-12-02,-0.005599807729151543,-0.005599807729151543,0.0,0.0,1202,1.0,0.0
2019-12-03,0.007620693458896653,0.007620693458896653,0.0,0.0,1202,1.0,0.0
2019-12-04,0.0007211828848567315,0.0007211828848567315,0.0,0.0,1202,1.0,0.0
2019-12-05,0.009441613840264868,0.00944078189350946,0.0016638935108153124,8.319467554076562e-07,1201,1.0,0.0
2019-12-06,-0.0018766353655981036,-0.0018766353655981036,0.0,0.0,1201,1.0,0.0
2019-12-09,-2.8764951834352463e-05,-2.9597591301463205e-05,0.0016652789342214821,8.326394671107411e-07,1201,1.0,0.0
2019-12-10,0.003011083762087987,0.003011083762087987,0.0,0.0,1201,1.0,0.0
2019-12-11,0.010341203161099575,0.010340371214344167,0.0016638935108153124,8.319467554076562e-07,1202,1.0,0.0
2019-12-12,-0.0002915293773108207,-0.0002923606325061657,0.0016625103906899477,8.312551953449738e-07,1203,1.0,0.0
2019-12-13,0.007936171794623042,0.007936171794623042,0.0,0.0,1203,1.0,0.0
2019-12-16,0.0019883948852174793,0.001986732374826789,0.003325020781379894,1.662510390689947e-06,1201,1.0,0.0
2019-12-17,0.0017759430240323337,0.0017759430240323337,0.0,0.0,1201,1.0,0.0
2019-12-18,0.0044480080924572145,0.0044480080924572145,0.0,0.0,1201,1.0,0.0
2019-12-19,0.004260799114808992,0.004260799114808992,0.0,0.0,1201,1.0,0.0
2019-12-20,0.0043819957977283015,0.0043819957977283015,0.0,0.0,1201,1.0,0.0
2019-12-23,0.0019930897398951763,0.0019930897398951763,0.0,0.0,1201,1.0,0.0
2019-12-24,0.0033485875185901987,0.0033485875185901987,0.0,0.0,1201,1.0,0.0
2019-12-26,-0.0023919149774953583,-0.0023919149774953583,0.0,0.0,1201,1.0,0.0
2019-12-27,-0.003505974422511101,-0.003505974422511101,0.0,0.0,1201,1.0,0.0
2019-12-30,0.003515978613581968,0.003515978613581968,0.0,0.0,1201,1.0,0.0
2019-12-31,0.0060009177533950665,0.0060009177533950665,0.0,0.0,1201,1.0,0.0
2020-01-02,-0.004970599455714401,-0.004970599455714401,0.0,0.0,1201,1.0,0.0
2020-01-03,0.0023139775998433972,0.0023139775998433972,0.0,0.0,1201,1.0,0.0
2020-01-06,-0.00016998921030226015,-0.0001708218497693709,0.001665278934221518,8.32639467110759e-07,1200,1.0,0.0
2020-01-07,0.0015445298567516525,0.0015445298567516525,0.0,0.0,1200,1.0,0.0
2020-01-08,0.0032227593657955674,0.0032227593657955674,0.0,0.0,1200,1.0,0.0
2020-01-09,-0.002372375257774126,-0.002372375257774126,0.0,0.0,1200,1.0,0.0
2020-01-10,0.008027360622047792,0.008026527982580682,0.001665278934221518,8.32639467110759e-07,1201,1.0,0.0
2020-01-13,0.00308968239593899,0.00308968239593899,0.0,0.0,1201,1.0,0.0
2020-01-14,0.001436777206360594,0.001436777206360594,0.0,0.0,1201,1.0,0.0
2020-01-15,0.009854101217500048,0.009854101217500048,0.0,0.0,1201,1.0,0.0
2020-01-16,0.0008433034131939904,0.0008433034131939904,0.0,0.0,1201,1.0,0.0
2020-01-17,-0.006035930218776895,-0.006035930218776895,0.0,0.0,1201,1.0,0.0
2020-01-21,-0.00042234744342224966,-0.00042234744342224966,0.0,0.0,1201,1.0,0.0
2020-01-22,-0.00011920729825572239,-0.00011920729825572239,0.0,0.0,1201,1.0,0.0
2020-01-23,-0.010917928307502173,-0.010917928307502173,0.0,0.0,1201,1.0,0.0
2020-01-24,-0.01753367881850508,-0.01753451145797219,0.001665278934221518,8.32639467110759e-07,1200,1.0,0.0
2020-01-27,0.010040067479063528,0.010040067479063528,0.0,0.0,1200,1.0,0.0
2020-01-28,-0.0032879395199316556,-0.0032887728532649887,0.0016666666666665636,8.333333333332818e-07,1199,1.0,0.0
2020-01-29,-0.0006718633721102452,-0.0006718633721102452,0.0,0.0,1199,1.0,0.0
2020-01-30,-0.01885623944719493,-0.01885623944719493,0.0,0.0,1199,1.0,0.0
2020-01-31,0.007922296929526965,0.007921463596193631,0.0016666666666665636,8.333333333332818e-07,1200,1.0,0.0
2020-02-03,0.01662751396439454,0.01662668132492743,0.001665278934221518,8.32639467110759e-07,1201,1.0,0.0
2020-02-04,0.011960906181017548,0.011960906181017548,0.0,0.0,1201,1.0,0.0
2020-02-05,0.00013520137923951126,0.00013520137923951126,0.0,0.0,1201,1.0,0.0
2020-02-06,-0.009529305084141296,-0.009529305084141296,0.0,0.0,1201,1.0,0.0
2020-02-07,0.00411998443510824,0.00411998443510824,0.0,0.0,1201,1.0,0.0
2020-02-10,0.00874578270993776,0.00874578270993776,0.0,0.0,1201,1.0,0.0
2020-02-11,0.008267665520966958,0.008267665520966958,0.0,0.0,1201,1.0,0.0
2020-02-12,-0.0018759891363361483,-0.0018759891363361483,0.0,0.0,1201,1.0,0.0
2020-02-13,-0.0009108627936750035,-0.0009108627936750035,0.0,0.0,1201,1.0,0.0
2020-02-14,-0.002093064069672692,-0.002093064069672692,0.0,0.0,1201,1.0,0.0
2020-02-18,0.007035747846560272,0.007035747846560272,0.0,0.0,1201,1.0,0.0
2020-02-19,0.00012156379847919714,0.00012156379847919714,0.0,0.0,1201,1.0,0.0
2020-02-20,-0.010386325246025398,-0.010386325246025398,0.0,0.0,1201,1.0,0.0
2020-02-21,-0.03288167649854175,-0.03288167649854175,0.0,0.0,1201,1.0,0.0
2020-02-24,-0.03153846853769811,-0.03153846853769811,0.0,0.0,1201,1.0,0.0
2020-02-25,-0.010911289661978919,-0.010911289661978919,0.0,0.0,1201,1.0,0.0
2020-02-26,-0.037867498061310303,-0.037867498061310303,0.0,0.0,1201,1.0,0.0
2020-02-27,-0.007997053956071344,-0.007997053956071344,0.0,0.0,1201,1.0,0.0
2020-02-28,0.029913922218798156,0.029913922218798156,0.0,0.0,1201,1.0,0.0
2020-03-02,-0.02194590198551629,-0.02194590198551629,0.0,0.0,1201,1.0,0.0
2020-03-03,0.03210568421762783,0.03210568421762783,0.0,0.0,1201,1.0,0.0
2020-03-04,-0.032932750813978486,-0.032932750813978486,0.0,0.0,1201,1.0,0.0
2020-03-05,-0.025375266868004454,-0.025375266868004454,0.0,0.0,1201,1.0,0.0
2020-03-06,-0.09926629353905106,-0.09926712548580646,0.0016638935108153124,8.319467554076562e-07,1202,1.0,0.0
2020-03-09,0.0450319049980439,0.04503107374284856,0.0016625103906899477,8.312551953449738e-07,1203,1.0,0.0
2020-03-10,-0.061519626551506355,-0.061519626551506355,0.0,0.0,1203,1.0,0.0
2020-03-11,-0.1076253267536628,-0.1076253267536628,0.0,0.0,1203,1.0,0.0
2020-03-12,0.07785105735444692,0.07785022678966286,0.0016611295681063071,8.305647840531536e-07,1204,1.0000000000000002,0.0
2020-03-13,-0.12700447879879728,-0.12700447879879728,0.0,0.0,1204,1.0000000000000002,0.0
2020-03-16,0.04096002538372105,0.04096002538372105,0.0,0.0,1204,1.0000000000000002,0.0
2020-03-17,-0.09085160219471082,-0.09085160219471082,0.0,0.0,1204,1.0000000000000002,0.0
2020-03-18,0.044115478769623455,0.044115478769623455,0.0,0.0,1204,1.0000000000000002,0.0
2020-03-19,-0.027564582353866714,-0.027564582353866714,0.0,0.0,1204,1.0000000000000002,0.0
2020-03-20,-0.02549797007948611,-0.025498799955004783,0.001659751037344447,8.298755186722236e-07,1205,0.9999999999999998,2.220446049250313e-16
2020-03-23,0.11178761654624002,0.11178761654624002,0.0,0.0,1205,0.9999999999999998,2.220446049250313e-16
2020-03-24,0.03666773539838028,0.03666773539838028,0.0,0.0,1205,0.9999999999999998,2.220446049250313e-16
2020-03-25,0.052211065157141925,0.052211065157141925,0.0,0.0,1205,0.9999999999999998,2.220446049250313e-16
2020-03-26,-0.03912011005840367,-0.03912011005840367,0.0,0.0,1205,0.9999999999999998,2.220446049250313e-16
2020-03-27,0.015591320459675984,0.015591320459675984,0.0,0.0,1205,0.9999999999999998,2.220446049250313e-16
2020-03-30,-0.007946317944445938,-0.007947147131842289,0.0016583747927031013,8.291873963515507e-07,1206,0.9999999999999999,1.1102230246251565e-16
2020-03-31,-0.053487977180795176,-0.053487977180795176,0.0,0.0,1206,0.9999999999999999,1.1102230246251565e-16
2020-04-01,0.014305553781735463,0.014304724594339112,0.001658374792703151,8.291873963515755e-07,1206,0.9999999999999999,1.1102230246251565e-16
2020-04-02,-0.019445603108967008,-0.019445603108967008,0.0,0.0,1206,0.9999999999999999,1.1102230246251565e-16
2020-04-03,0.07999560852799995,0.07999477934060359,0.001658374792703151,8.291873963515755e-07,1206,0.9999999999999999,1.1102230246251565e-16
2020-04-06,0.01204208558406542,0.01204208558406542,0.0,0.0,1206,0.9999999999999999,1.1102230246251565e-16
2020-04-07,0.04534802547318788,0.04534802547318788,0.0,0.0,1206,0.9999999999999999,1.1102230246251565e-16
2020-04-08,0.028390866898709014,0.028390038398294765,0.001657000828500493,8.285004142502466e-07,1207,1.0000000000000002,0.0
2020-04-09,-0.015676604337366284,-0.015676604337366284,0.0,0.0,1207,1.0000000000000002,0.0
2020-04-13,0.023703327133389678,0.023703327133389678,0.0,0.0,1207,1.0000000000000002,0.0
2020-04-14,-0.03456306851662375,-0.03456306851662375,0.0,0.0,1207,1.0000000000000002,0.0
2020-04-15,-0.005217364252998961,-0.005217364252998961,0.0,0.0,1207,1.0000000000000002,0.0
2020-04-16,0.04040376952682527,0.04040376952682527,0.0,0.0,1207,1.0000000000000002,0.0
2020-04-17,-0.014729748283744605,-0.014729748283744605,0.0,0.0,1207,1.0000000000000002,0.0
2020-04-20,-0.02793781231178837,-0.027939466571507143,0.003308519437551642,1.654259718775821e-06,1209,1.0,0.0
2020-04-21,0.02281985128647884,0.02281985128647884,0.0,0.0,1209,1.0,0.0
2020-04-22,0.009029231005962826,0.009029231005962826,0.0,0.0,1209,1.0,0.0
2020-04-23,0.010981504223333848,0.010981504223333848,0.0,0.0,1209,1.0,0.0
2020-04-24,0.031332994523100774,0.031332994523100774,0.0,0.0,1209,1.0,0.0
2020-04-27,0.012236607198157032,0.012236607198157032,0.0,0.0,1209,1.0,0.0
2020-04-28,0.04013495915021343,0.04013495915021343,0.0,0.0,1209,1.0,0.0
2020-04-29,-0.024801586797027764,-0.024801586797027764,0.0,0.0,1209,1.0,0.0
2020-04-30,-0.035374535851189395,-0.035374535851189395,0.0,0.0,1209,1.0,0.0
2020-05-01,0.0037976734907516985,0.003796847044470707,0.0016528925619834949,8.264462809917475e-07,1210,1.0,0.0
2020-05-04,0.007445939467804622,0.007445939467804622,0.0,0.0,1210,1.0,0.0
2020-05-05,-0.009226143429688563,-0.009226143429688563,0.0,0.0,1210,1.0,0.0
2020-05-06,0.018891512137099303,0.018891512137099303,0.0,0.0,1210,1.0,0.0
2020-05-07,0.0280957877618594,0.028094961998027856,0.0016515276630883814,8.257638315441907e-07,1211,1.0,0.0
2020-05-08,-0.006636221951072297,-0.006636221951072297,0.0,0.0,1211,1.0,0.0
2020-05-11,-0.022311965525377182,-0.02231361705304027,0.0033030553261767133,1.6515276630883566e-06,1211,1.0,0.0
2020-05-12,-0.030062490255441658,-0.030062490255441658,0.0,0.0,1211,1.0,0.0
2020-05-13,0.011559357645189403,0.011559357645189403,0.0,0.0,1211,1.0,0.0
2020-05-14,0.00609072356238686,0.00609072356238686,0.0,0.0,1211,1.0,0.0
2020-05-15,0.05396903656876034,0.05396903656876034,0.0,0.0,1211,1.0,0.0
2020-05-18,-0.010542376356476748,-0.010543201438985,0.0016501650165015886,8.250825082507943e-07,1212,0.9999999999999997,3.3306690738754696e-16
2020-05-19,0.020161566373793564,0.020160741291285315,0.0016501650165015886,8.250825082507943e-07,1211,1.0,0.0
2020-05-20,-0.0021357643878657626,-0.0021357643878657626,0.0,0.0,1211,1.0,0.0
2020-05-21,0.0010873639495902975,0.0010873639495902975,0.0,0.0,1211,1.0,0.0
2020-05-22,0.029968162180298918,0.029968162180298918,0.0,0.0,1211,1.0,0.0
2020-05-26,0.02406374924712795,0.02406374924712795,0.0,0.0,1211,1.0,0.0
2020-05-27,-0.010351898031255715,-0.010351898031255715,0.0,0.0,1211,1.0,0.0
2020-05-28,0.0016609044881295788,0.0016609044881295788,0.0,0.0,1211,1.0,0.0
2020-05-29,0.016401009568716755,0.016401009568716755,0.0,0.0,1211,1.0,0.0
2020-06-01,0.014558863131779178,0.014558863131779178,0.0,0.0,1211,1.0,0.0
2020-06-02,0.025995894286588526,0.025995069204080276,0.0016501650165015886,8.250825082507943e-07,1212,0.9999999999999997,3.3306690738754696e-16
2020-06-03,0.002762136733356124,0.002762136733356124,0.0,0.0,1212,0.9999999999999997,3.3306690738754696e-16
2020-06-04,0.03631327997613744,0.03631327997613744,0.0,0.0,1212,0.9999999999999997,3.3306690738754696e-16
2020-06-05,0.03423873487164987,0.03423791046934154,0.0016488046166529178,8.244023083264589e-07,1213,1.0,0.0
2020-06-08,-0.023022862642998576,-0.023022862642998576,0.0,0.0,1213,1.0,0.0
2020-06-09,-0.018878105617121003,-0.018878105617121003,0.0,0.0,1213,1.0,0.0
2020-06-10,-0.06939253089663269,-0.0693933546198617,0.001647446457990123,8.237232289950615e-07,1214,1.0,0.0
2020-06-11,0.02366990783201356,0.02366908478674607,0.0016460905349794577,8.230452674897288e-07,1215,1.0000000000000002,0.0
2020-06-12,0.01288240240376881,0.012881580035347756,0.0016447368421052982,8.223684210526491e-07,1216,1.0,0.0
2020-06-15,0.018422628941858206,0.018421807249171272,0.0016433853738701634,8.216926869350818e-07,1217,0.9999999999999996,4.440892098500626e-16
2020-06-16,-0.008721163637833347,-0.008721163637833347,0.0,0.0,1217,0.9999999999999996,4.440892098500626e-16
2020-06-17,-0.0005941470614126206,-0.0005941470614126206,0.0,0.0,1217,0.9999999999999996,4.440892098500626e-16
2020-06-18,-0.005217556921416587,-0.005217556921416587,0.0,0.0,1217,0.9999999999999996,4.440892098500626e-16
2020-06-19,0.004460100643553444,0.004459279625491046,0.0016420361247947318,8.210180623973659e-07,1218,1.0,0.0
2020-06-22,0.0035431751566314135,0.0035431751566314135,0.0,0.0,1218,1.0,0.0
2020-06-23,-0.0332693163061921,-0.0332693163061921,0.0,0.0,1218,1.0,0.0
2020-06-24,0.012182641046835387,0.012182641046835387,0.0,0.0,1218,1.0,0.0
2020-06-25,-0.023553954679363994,-0.023553954679363994,0.0,0.0,1218,1.0,0.0
2020-06-26,0.01927596615943203,0.01927514581488732,0.001640689089417463,8.203445447087315e-07,1219,1.0,0.0
2020-06-29,0.012032854192916168,0.012032034520785021,0.0016393442622951422,8.196721311475711e-07,1220,1.0,0.0
2020-06-30,-0.001878965004094573,-0.001878965004094573,0.0,0.0,1220,1.0,0.0
2020-07-01,0.007695004755283803,0.007693365411021507,0.0032786885245901323,1.6393442622950662e-06,1218,1.0,0.0
2020-07-02,0.015220010081910257,0.015220010081910257,0.0,0.0,1218,1.0,0.0
2020-07-06,-0.01495550001031879,-0.01495550001031879,0.0,0.0,1218,1.0,0.0
2020-07-07,0.009684798462022214,0.009684798462022214,0.0,0.0,1218,1.0,0.0
2020-07-08,-0.013960316207644841,-0.013960316207644841,0.0,0.0,1218,1.0,0.0
2020-07-09,0.012558490196210696,0.012558490196210696,0.0,0.0,1218,1.0,0.0
2020-07-10,-0.011304333631013824,-0.011304333631013824,0.0,0.0,1218,1.0,0.0
2020-07-13,0.01628020567524807,0.01628020567524807,0.0,0.0,1218,1.0,0.0
2020-07-14,0.024548860696333576,0.024548860696333576,0.0,0.0,1218,1.0,0.0
2020-07-15,-0.003850217296034678,-0.003850217296034678,0.0,0.0,1218,1.0,0.0
2020-07-16,0.003713354981994999,0.003713354981994999,0.0,0.0,1218,1.0,0.0
2020-07-17,0.0010237374163622557,0.001022917071817547,0.001640689089417463,8.203445447087315e-07,1219,1.0,0.0
2020-07-20,0.011293271511030543,0.011293271511030543,0.0,0.0,1219,1.0,0.0
2020-07-21,0.005329696807300846,0.005329696807300846,0.0,0.0,1219,1.0,0.0
2020-07-22,-0.00463136878063311,-0.00463136878063311,0.0,0.0,1219,1.0,0.0
2020-07-23,-0.008119627169195856,-0.008119627169195856,0.0,0.0,1219,1.0,0.0
2020-07-24,0.009283261907782323,0.009282442235651176,0.0016393442622951422,8.196721311475711e-07,1220,1.0,0.0
2020-07-27,-0.0067327815994173085,-0.0067327815994173085,0.0,0.0,1220,1.0,0.0
2020-07-28,0.017693987008544868,0.017693987008544868,0.0,0.0,1220,1.0,0.0
2020-07-29,-0.00748378005046498,-0.00748378005046498,0.0,0.0,1220,1.0,0.0
2020-07-30,-0.0039810045763911985,-0.0039810045763911985,0.0,0.0,1220,1.0,0.0
2020-07-31,0.011040565632124298,0.011039745959993151,0.001639344262295082,8.19672131147541e-07,1220,1.0,0.0
2020-08-03,0.007574753287396134,0.007574753287396134,0.0,0.0,1220,1.0,0.0
2020-08-04,0.012026520176772956,0.012026520176772956,0.0,0.0,1220,1.0,0.0
2020-08-05,-0.0008737118704191108,-0.0008737118704191108,0.0,0.0,1220,1.0,0.0
2020-08-06,0.0035383735645564958,0.0035383735645564958,0.0,0.0,1220,1.0,0.0
2020-08-07,0.008764366486059601,0.008764366486059601,0.0,0.0,1220,1.0,0.0
2020-08-10,-0.0035322005007608842,-0.0035322005007608842,0.0,0.0,1220,1.0,0.0
2020-08-11,0.00762711722163021,0.00762711722163021,0.0,0.0,1220,1.0,0.0
2020-08-12,-0.0011990048225927552,-0.0011990048225927552,0.0,0.0,1220,1.0,0.0
2020-08-13,-0.0006627007860179142,-0.0006627007860179142,0.0,0.0,1220,1.0,0.0
2020-08-14,0.003125628539393999,0.003125628539393999,0.0,0.0,1220,1.0,0.0
2020-08-17,-0.0041729806824281224,-0.0041729806824281224,0.0,0.0,1220,1.0,0.0
2020-08-18,-0.005034873535460319,-0.005034873535460319,0.0,0.0,1220,1.0,0.0
2020-08-19,-0.005474348567661231,-0.005474348567661231,0.0,0.0,1220,1.0,0.0
2020-08-20,-0.004157995473373779,-0.004157995473373779,0.0,0.0,1220,1.0,0.0
2020-08-21,0.01346052340345227,0.01346052340345227,0.0,0.0,1220,1.0,0.0
2020-08-24,0.0019072065647708224,0.0019072065647708224,0.0,0.0,1220,1.0,0.0
2020-08-25,-0.0004076181772029097,-0.0004076181772029097,0.0,0.0,1220,1.0,0.0
2020-08-26,0.0017917490946173205,0.0017917490946173205,0.0,0.0,1220,1.0,0.0
2020-08-27,0.01034341672810796,0.01034341672810796,0.0,0.0,1220,1.0,0.0
2020-08-28,-0.008475096964728344,-0.008475096964728344,0.0,0.0,1220,1.0,0.0
2020-08-31,0.007184640076036915,0.007184640076036915,0.0,0.0,1220,1.0,0.0
2020-09-01,0.011423534165439198,0.011423534165439198,0.0,0.0,1220,1.0,0.0
2020-09-02,-0.026213617106123716,-0.026214436778254864,0.0016393442622951422,8.196721311475711e-07,1219,1.0,0.0
2020-09-03,-0.003350437129406094,-0.003350437129406094,0.0,0.0,1219,1.0,0.0
2020-09-04,-0.02115512064546108,-0.02115512064546108,0.0,0.0,1219,1.0,0.0
2020-09-08,0.017028692640426155,0.017028692640426155,0.0,0.0,1219,1.0,0.0
2020-09-09,-0.014837896777354257,-0.014837896777354257,0.0,0.0,1219,1.0,0.0
2020-09-10,0.001333524998583166,0.0013327053264520184,0.0016393442622951422,8.196721311475711e-07,1220,1.0,0.0
2020-09-11,0.02023318588606931,0.02023236688525031,0.0016380016380015737,8.190008190007869e-07,1221,1.0,0.0
2020-09-14,0.002214747961877699,0.0022139296312721343,0.0016366612111293128,8.183306055646564e-07,1222,0.9999999999999998,2.220446049250313e-16
2020-09-15,0.006518863294621043,0.006518863294621043,0.0,0.0,1222,0.9999999999999998,2.220446049250313e-16
2020-09-16,-0.0038612550873486327,-0.0038620727488367767,0.0016353229762878295,8.176614881439148e-07,1223,0.9999999999999998,2.220446049250313e-16
2020-09-17,-0.009083986320192835,-0.009084803981680978,0.0016353229762878297,8.176614881439149e-07,1222,0.9999999999999998,2.220446049250313e-16
2020-09-18,-0.02358411404983352,-0.02358493171132166,0.0016353229762878295,8.176614881439148e-07,1223,0.9999999999999998,2.220446049250313e-16
2020-09-21,0.005757380950457787,0.005757380950457787,0.0,0.0,1223,0.9999999999999998,2.220446049250313e-16
2020-09-22,-0.023899753601937558,-0.023899753601937558,0.0,0.0,1223,0.9999999999999998,2.220446049250313e-16
2020-09-23,0.0007254903195626956,0.0007254903195626956,0.0,0.0,1223,0.9999999999999998,2.220446049250313e-16
2020-09-24,0.011713514824531956,0.011713514824531956,0.0,0.0,1223,0.9999999999999998,2.220446049250313e-16
2020-09-25,0.019070713872845216,0.019069896879381164,0.0016339869281045791,8.169934640522895e-07,1224,0.9999999999999999,1.1102230246251565e-16
2020-09-28,-0.00591696216961809,-0.00591696216961809,0.0,0.0,1224,0.9999999999999999,1.1102230246251565e-16
2020-09-29,0.004954651636743378,0.004954651636743378,0.0,0.0,1224,0.9999999999999999,1.1102230246251565e-16
2020-09-30,0.008027767771202303,0.008027767771202303,0.0,0.0,1224,0.9999999999999999,1.1102230246251565e-16
2020-10-01,0.0022856084881777575,0.0022856084881777575,0.0,0.0,1224,0.9999999999999999,1.1102230246251565e-16
2020-10-02,0.021631171479084086,0.021631171479084086,0.0,0.0,1224,0.9999999999999999,1.1102230246251565e-16
2020-10-05,-0.0075154112077994335,-0.007517045194727538,0.0032679738562091673,1.6339869281045837e-06,1222,0.9999999999999998,2.220446049250313e-16
2020-10-06,0.018754126076072745,0.01875330774546718,0.0016366612111293128,8.183306055646564e-07,1221,1.0,0.0
2020-10-07,0.014912501606775232,0.014912501606775232,0.0,0.0,1221,1.0,0.0
2020-10-08,0.004916920575025773,0.004916920575025773,0.0,0.0,1221,1.0,0.0
2020-10-09,0.005837506516269008,0.005836688185663443,0.0016366612111293128,8.183306055646564e-07,1222,0.9999999999999998,2.220446049250313e-16
2020-10-12,-0.007228451544306775,-0.007228451544306775,0.0,0.0,1222,0.9999999999999998,2.220446049250313e-16
2020-10-13,-0.003005303831553067,-0.003005303831553067,0.0,0.0,1222,0.9999999999999998,2.220446049250313e-16
2020-10-14,0.002418519729030302,0.002418519729030302,0.0,0.0,1222,0.9999999999999998,2.220446049250313e-16
2020-10-15,0.0001220580216151105,0.00012124036012696659,0.0016353229762878295,8.176614881439148e-07,1223,0.9999999999999998,2.220446049250313e-16
2020-10-16,-0.009223689399683408,-0.009223689399683408,0.0,0.0,1223,0.9999999999999998,2.220446049250313e-16
2020-10-19,0.005952521652459875,0.005952521652459875,0.0,0.0,1223,0.9999999999999998,2.220446049250313e-16
2020-10-20,-0.004601104474365922,-0.004601104474365922,0.0,0.0,1223,0.9999999999999998,2.220446049250313e-16
2020-10-21,0.012103928062235057,0.012103928062235057,0.0,0.0,1223,0.9999999999999998,2.220446049250313e-16
2020-10-22,0.0054826703367661786,0.0054826703367661786,0.0,0.0,1223,0.9999999999999998,2.220446049250313e-16
2020-10-23,-0.0216442190764818,-0.02164503673796994,0.0016353229762878295,8.176614881439148e-07,1222,0.9999999999999998,2.220446049250313e-16
2020-10-26,-0.00933047424295781,-0.00933047424295781,0.0,0.0,1222,0.9999999999999998,2.220446049250313e-16
2020-10-27,-0.0316730538773379,-0.0316730538773379,0.0,0.0,1222,0.9999999999999998,2.220446049250313e-16
2020-10-28,0.009991209171962785,0.009991209171962785,0.0,0.0,1222,0.9999999999999998,2.220446049250313e-16
2020-10-29,-0.00864015651853071,-0.008640974849136274,0.0016366612111293128,8.183306055646564e-07,1221,1.0,0.0
2020-10-30,0.017779167393945486,0.017777529392307485,0.003276003276003272,1.6380016380016359e-06,1219,1.0,0.0
2020-11-02,0.020755865741387387,0.020755865741387387,0.0,0.0,1219,1.0,0.0
2020-11-03,0.007597445858710055,0.007597445858710055,0.0,0.0,1219,1.0,0.0
2020-11-04,0.026105010327764654,0.026105010327764654,0.0,0.0,1219,1.0,0.0
2020-11-05,-0.0009308959831957611,-0.0009308959831957611,0.0,0.0,1219,1.0,0.0
2020-11-06,0.033829936855738985,0.033829936855738985,0.0,0.0,1219,1.0,0.0
2020-11-09,0.005909129690407237,0.005909129690407237,0.0,0.0,1219,1.0,0.0
2020-11-10,0.003990765762200026,0.003990765762200026,0.0,0.0,1219,1.0,0.0
2020-11-11,-0.012735171746509942,-0.012735171746509942,0.0,0.0,1219,1.0,0.0
2020-11-12,0.020457448758624604,0.020457448758624604,0.0,0.0,1219,1.0,0.0
2020-11-13,0.01965505002678674,0.01965505002678674,0.0,0.0,1219,1.0,0.0
2020-11-16,0.0013662093770770121,0.0013662093770770121,0.0,0.0,1219,1.0,0.0
2020-11-17,-0.008897120926759901,-0.00889794127130461,0.001640689089417463,8.203445447087315e-07,1218,1.0,0.0
2020-11-18,0.007869071144781664,0.007869071144781664,0.0,0.0,1218,1.0,0.0
2020-11-19,-0.0013914503150208994,-0.0013914503150208994,0.0,0.0,1218,1.0,0.0
2020-11-20,0.016414172032950862,0.016413351688406155,0.0016406890894174633,8.203445447087316e-07,1219,1.0,0.0
2020-11-23,0.01846786941132805,0.01846786941132805,0.0,0.0,1219,1.0,0.0
2020-11-24,-0.0025713697984386425,-0.0025713697984386425,0.0,0.0,1219,1.0,0.0
2020-11-25,0.004446035699737792,0.004446035699737792,0.0,0.0,1219,1.0,0.0
2020-11-27,-0.01291948271952062,-0.012920303064065329,0.0016406890894174633,8.203445447087316e-07,1218,1.0,0.0
2020-11-30,0.010786513561314607,0.010786513561314607,0.0,0.0,1218,1.0,0.0
2020-12-01,0.0035418278265842208,0.0035418278265842208,0.0,0.0,1218,1.0,0.0
2020-12-02,0.007018731607914814,0.007018731607914814,0.0,0.0,1218,1.0,0.0
2020-12-03,0.017851892959651977,0.017851892959651977,0.0,0.0,1218,1.0,0.0
2020-12-04,-0.0020286508549488694,-0.0020286508549488694,0.0,0.0,1218,1.0,0.0
2020-12-07,0.005799860280619186,0.005799860280619186,0.0,0.0,1218,1.0,0.0
2020-12-08,-0.006438285911879259,-0.006438285911879259,0.0,0.0,1218,1.0,0.0
2020-12-09,0.007770476183003125,0.007770476183003125,0.0,0.0,1218,1.0,0.0
2020-12-10,-0.0047511717607683366,-0.004751992105313046,0.0016406890894174633,8.203445447087316e-07,1219,1.0,0.0
2020-12-11,-0.005814367793165099,-0.005815187465296246,0.0016393442622951422,8.196721311475711e-07,1220,1.0,0.0
2020-12-14,0.017338920032636863,0.017338101031817862,0.0016380016380015737,8.190008190007869e-07,1221,1.0,0.0
2020-12-15,-0.0006981349142736975,-0.0006981349142736975,0.0,0.0,1221,1.0,0.0
2020-12-16,0.010291030808410966,0.010291030808410966,0.0,0.0,1221,1.0,0.0
2020-12-17,-0.0025705447456490617,-0.0025705447456490617,0.0,0.0,1221,1.0,0.0
2020-12-18,-0.005468929353359424,-0.005468929353359424,0.0,0.0,1221,1.0,0.0
2020-12-21,-2.7376051305815895e-05,-2.7376051305815895e-05,0.0,0.0,1221,1.0,0.0
2020-12-22,0.007770098616912835,0.007770098616912835,0.0,0.0,1221,1.0,0.0
2020-12-23,0.0005044918961133516,0.0005044918961133516,0.0,0.0,1221,1.0,0.0
2020-12-24,-0.0025558034748761386,-0.0025566224756951392,0.0016380016380015737,8.190008190007869e-07,1220,1.0,0.0
2020-12-28,-0.005000816499256366,-0.005000816499256366,0.0,0.0,1220,1.0,0.0
2020-12-29,0.009208809598603204,0.009208809598603204,0.0,0.0,1220,1.0,0.0
2020-12-30,0.0009246201060275212,0.0009246201060275212,0.0,0.0,1220,1.0,0.0
2020-12-31,-0.01065222832000571,-0.01065222832000571,0.0,0.0,1220,1.0,0.0
2021-01-04,0.015087548429089149,0.015087548429089149,0.0,0.0,1220,1.0,0.0
2021-01-05,0.02140411405200738,0.02140329505118838,0.0016380016380015737,8.190008190007869e-07,1221,1.0,0.0
2021-01-06,0.014124284174818364,0.014124284174818364,0.0,0.0,1221,1.0,0.0
2021-01-07,0.002479800378291785,0.0024789813774727843,0.0016380016380015737,8.190008190007869e-07,1220,1.0,0.0
2021-01-08,-0.0012500401387820124,-0.0012500401387820124,0.0,0.0,1220,1.0,0.0
2021-01-11,0.012816407629994166,0.012813948613600724,0.0049180327868852,2.4590163934426003e-06,1217,0.9999999999999996,4.440892098500626e-16
2021-01-12,-0.0035537700706913785,-0.0035537700706913785,0.0,0.0,1217,0.9999999999999996,4.440892098500626e-16
2021-01-13,0.011811726866082166,0.01181090517339523,0.0016433853738701634,8.216926869350818e-07,1216,1.0,0.0
2021-01-14,-0.011527936480406006,-0.011527936480406006,0.0,0.0,1216,1.0,0.0
2021-01-15,0.00917992551640543,0.00917992551640543,0.0,0.0,1216,1.0,0.0
2021-01-19,0.007655940580320322,0.00765511821189927,0.0016447368421052982,8.223684210526491e-07,1215,1.0000000000000002,0.0
2021-01-20,-0.005404463449457719,-0.005404463449457719,0.0,0.0,1215,1.0000000000000002,0.0
2021-01-21,-0.000980437313766399,-0.000980437313766399,0.0,0.0,1215,1.0000000000000002,0.0
2021-01-22,-0.0009407694968434311,-0.0009407694968434311,0.0,0.0,1215,1.0000000000000002,0.0
2021-01-25,-0.003470758915353316,-0.0034715812837743686,0.0016447368421052982,8.223684210526491e-07,1216,1.0,0.0
2021-01-26,-0.01807614067681643,-0.01807614067681643,0.0,0.0,1216,1.0,0.0
2021-01-27,0.010100197879285911,0.010100197879285911,0.0,0.0,1216,1.0,0.0
2021-01-28,-0.016718335170693537,-0.016718335170693537,0.0,0.0,1216,1.0,0.0
2021-01-29,0.019986101062860664,0.019986101062860664,0.0,0.0,1216,1.0,0.0
2021-02-01,0.012295595826222156,0.012294773457801103,0.0016447368421052982,8.223684210526491e-07,1215,1.0000000000000002,0.0
2021-02-02,0.00524189791707538,0.00524107487180789,0.0016460905349794577,8.230452674897288e-07,1214,1.0,0.0
2021-02-03,0.01009108589125244,0.01009108589125244,0.0,0.0,1214,1.0,0.0
2021-02-04,0.010057895426110821,0.010057895426110821,0.0,0.0,1214,1.0,0.0
2021-02-05,0.0152339775506764,0.0152339775506764,0.0,0.0,1214,1.0,0.0
2021-02-08,0.0028512938484988393,0.0028512938484988393,0.0,0.0,1214,1.0,0.0
2021-02-09,0.0018270855279995523,0.0018262618047705573,0.001647446457990123,8.237232289950615e-07,1213,1.0,0.0
2021-02-10,0.0016529689069384164,0.0016529689069384164,0.0,0.0,1213,1.0,0.0
2021-02-11,0.006504152848618883,0.006503328446310556,0.0016488046166529178,8.244023083264589e-07,1212,0.9999999999999997,3.3306690738754696e-16
2021-02-12,0.0010969494874907921,0.0010961250851824658,0.0016488046166529178,8.244023083264589e-07,1213,1.0,0.0
2021-02-16,-0.00522075755093071,-0.00522075755093071,0.0,0.0,1213,1.0,0.0
2021-02-17,-0.01042014667161308,-0.01042014667161308,0.0,0.0,1213,1.0,0.0
2021-02-18,0.011786890945379267,0.011786890945379267,0.0,0.0,1213,1.0,0.0
2021-02-19,-0.005052071536568493,-0.005052071536568493,0.0,0.0,1213,1.0,0.0
2021-02-22,-8.232214624008354e-05,-8.232214624008354e-05,0.0,0.0,1213,1.0,0.0
2021-02-23,0.015930252309643383,0.015930252309643383,0.0,0.0,1213,1.0,0.0
2021-02-24,-0.027127156086377037,-0.027127156086377037,0.0,0.0,1213,1.0,0.0
2021-02-25,-0.006705533065136536,-0.006705533065136536,0.0,0.0,1213,1.0,0.0
2021-02-26,0.02484658148352646,0.02484658148352646,0.0,0.0,1213,1.0,0.0
2021-03-01,-0.006847686498844678,-0.006847686498844678,0.0,0.0,1213,1.0,0.0
2021-03-02,-0.009703955205434772,-0.009703955205434772,0.0,0.0,1213,1.0,0.0
2021-03-03,-0.018812692258956487,-0.01881351598218548,0.001647446457990123,8.237232289950615e-07,1214,1.0,0.0
2021-03-04,0.018701335096309026,0.018701335096309026,0.0,0.0,1214,1.0,0.0
2021-03-05,-0.0024918610383149412,-0.0024918610383149412,0.0,0.0,1214,1.0,0.0
2021-03-08,0.014555273131667637,0.014554450086400147,0.0016460905349794577,8.230452674897288e-07,1215,1.0000000000000002,0.0
2021-03-09,0.00959190235630331,0.00959107931103582,0.0016460905349794577,8.230452674897288e-07,1214,1.0,0.0
2021-03-10,0.0171668328726558,0.0171668328726558,0.0,0.0,1214,1.0,0.0
2021-03-11,0.004878445758555448,0.004878445758555448,0.0,0.0,1214,1.0,0.0
2021-03-12,0.010474788580153967,0.010473964856924972,0.001647446457990123,8.237232289950615e-07,1213,1.0,0.0
2021-03-15,-0.00947607128673467,-0.00947607128673467,0.0,0.0,1213,1.0,0.0
2021-03-16,0.006447121027384941,0.006447121027384941,0.0,0.0,1213,1.0,0.0
2021-03-17,-0.018841337655148054,-0.018841337655148054,0.0,0.0,1213,1.0,0.0
2021-03-18,0.004309646342309501,0.004309646342309501,0.0,0.0,1213,1.0,0.0
2021-03-19,-0.0004467689066768557,-0.00044841499721183514,0.003292181069958889,1.6460905349794445e-06,1215,1.0000000000000002,0.0
2021-03-22,-0.021585179303037348,-0.021585179303037348,0.0,0.0,1215,1.0000000000000002,0.0
2021-03-23,-0.011454766020261535,-0.011454766020261535,0.0,0.0,1215,1.0000000000000002,0.0
2021-03-24,0.011284239374517354,0.011284239374517354,0.0,0.0,1215,1.0000000000000002,0.0
2021-03-25,0.01654626832487257,0.01654626832487257,0.0,0.0,1215,1.0000000000000002,0.0
2021-03-26,-0.011279007755984685,-0.011279007755984685,0.0,0.0,1215,1.0000000000000002,0.0
2021-03-29,0.00665921077327123,0.00665921077327123,0.0,0.0,1215,1.0000000000000002,0.0
2021-03-30,0.0045681836754028204,0.0045681836754028204,0.0,0.0,1215,1.0000000000000002,0.0
2021-03-31,0.014122886039649866,0.014122886039649866,0.0,0.0,1215,1.0000000000000002,0.0
2021-04-01,0.00624476214803091,0.00624476214803091,0.0,0.0,1215,1.0000000000000002,0.0
2021-04-05,0.0019755511934124144,0.0019755511934124144,0.0,0.0,1215,1.0000000000000002,0.0
2021-04-06,-0.006164510181409407,-0.006164510181409407,0.0,0.0,1215,1.0000000000000002,0.0
2021-04-07,0.004997699251452635,0.004997699251452635,0.0,0.0,1215,1.0000000000000002,0.0
2021-04-08,0.00159723515776948,0.00159723515776948,0.0,0.0,1215,1.0000000000000002,0.0
2021-04-09,-0.0027328088166417995,-0.0027328088166417995,0.0,0.0,1215,1.0000000000000002,0.0
2021-04-12,0.0017840181759546483,0.0017840181759546483,0.0,0.0,1215,1.0000000000000002,0.0
2021-04-13,0.003370407394972964,0.003370407394972964,0.0,0.0,1215,1.0000000000000002,0.0
2021-04-14,0.007282160232459519,0.007282160232459519,0.0,0.0,1215,1.0000000000000002,0.0
2021-04-15,0.00326972387645653,0.0032689008311890403,0.0016460905349794577,8.230452674897288e-07,1214,1.0,0.0
2021-04-16,-0.006875510350665052,-0.006875510350665052,0.0,0.0,1214,1.0,0.0
2021-04-19,-0.012154238714035526,-0.012154238714035526,0.0,0.0,1214,1.0,0.0
2021-04-20,0.016080085150201394,0.016080085150201394,0.0,0.0,1214,1.0,0.0
2021-04-21,-0.003964386024983162,-0.003964386024983162,0.0,0.0,1214,1.0,0.0
2021-04-22,0.013675649258199796,0.013675649258199796,0.0,0.0,1214,1.0,0.0
2021-04-23,0.007961712332731494,0.007961712332731494,0.0,0.0,1214,1.0,0.0
2021-04-26,0.0005196740805078317,0.0005188503572788366,0.001647446457990123,8.237232289950615e-07,1213,1.0,0.0
2021-04-27,0.0027218927898958736,0.0027218927898958736,0.0,0.0,1213,1.0,0.0
2021-04-28,0.00018350804627913567,0.0001826836439708092,0.0016488046166529267,8.244023083264633e-07,1213,1.0,0.0
2021-04-29,-0.01155391180815972,-0.011554735531388714,0.001647446457990123,8.237232289950615e-07,1214,1.0,0.0
2021-04-30,0.0040401545728604524,0.0040393315275929625,0.0016460905349794577,8.230452674897288e-07,1215,1.0000000000000002,0.0
2021-05-03,-0.007681870398871621,-0.007681870398871621,0.0,0.0,1215,1.0000000000000002,0.0
2021-05-04,0.0022017449466794565,0.0022017449466794565,0.0,0.0,1215,1.0000000000000002,0.0
2021-05-05,0.0028848187772846545,0.0028848187772846545,0.0,0.0,1215,1.0000000000000002,0.0
2021-05-06,0.012926384160126632,0.012926384160126632,0.0,0.0,1215,1.0000000000000002,0.0
2021-05-07,-0.0110082053823648,-0.0110082053823648,0.0,0.0,1215,1.0000000000000002,0.0
2021-05-10,-0.0053351159834315615,-0.005335938351852614,0.0016447368421052982,8.223684210526491e-07,1216,1.0,0.0
2021-05-11,-0.025291835887320258,-0.025291835887320258,0.0,0.0,1216,1.0,0.0
2021-05-12,0.00830988103452277,0.00830988103452277,0.0,0.0,1216,1.0,0.0
2021-05-13,0.0221687457468004,0.0221687457468004,0.0,0.0,1216,1.0,0.0
2021-05-14,0.002361356559014998,0.002361356559014998,0.0,0.0,1216,1.0,0.0
2021-05-17,-0.004210311602395952,-0.004210311602395952,0.0,0.0,1216,1.0,0.0
2021-05-18,-0.006776377340392363,-0.006776377340392363,0.0,0.0,1216,1.0,0.0
2021-05-19,0.010453690937473382,0.010453690937473382,0.0,0.0,1216,1.0,0.0
2021-05-20,0.0001487568018333876,0.0001487568018333876,0.0,0.0,1216,1.0,0.0
2021-05-21,0.006521226480580306,0.006521226480580306,0.0,0.0,1216,1.0,0.0
2021-05-24,-0.00443236212347896,-0.00443236212347896,0.0,0.0,1216,1.0,0.0
2021-05-25,0.008320872177296122,0.008320872177296122,0.0,0.0,1216,1.0,0.0
2021-05-26,0.007508521989886445,0.007508521989886445,0.0,0.0,1216,1.0,0.0
2021-05-27,0.0016319660871805576,0.0016319660871805576,0.0,0.0,1216,1.0,0.0
2021-05-28,0.0072976838311309515,0.0072976838311309515,0.0,0.0,1216,1.0,0.0
2021-06-01,0.00396291740363085,0.00396291740363085,0.0,0.0,1216,1.0,0.0
2021-06-02,-0.006192660427838765,-0.006192660427838765,0.0,0.0,1216,1.0,0.0
2021-06-03,0.006715386711676158,0.006714565018989223,0.0016433853738701634,8.216926869350818e-07,1217,0.9999999999999996,4.440892098500626e-16
2021-06-04,0.0026417812148222864,0.002640960196759889,0.0016420361247947318,8.210180623973659e-07,1218,1.0,0.0
2021-06-07,0.00501331296833642,0.005011673624074125,0.0032786885245901323,1.6393442622950662e-06,1220,1.0,0.0
2021-06-08,-0.0044874412425895596,-0.0044874412425895596,0.0,0.0,1220,1.0,0.0
2021-06-09,0.0031818016553437807,0.0031818016553437807,0.0,0.0,1220,1.0,0.0
2021-06-10,0.004735552984561573,0.004735552984561573,0.0,0.0,1220,1.0,0.0
2021-06-11,-0.002849770515702817,-0.002849770515702817,0.0,0.0,1220,1.0,0.0
2021-06-14,-0.00312518591523191,-0.0031268225764430396,0.0032733224222585445,1.6366612111292722e-06,1222,0.9999999999999998,2.220446049250313e-16
2021-06-15,-0.005889261435353255,-0.005890079765958819,0.0016366612111293128,8.183306055646564e-07,1221,1.0,0.0
2021-06-16,-0.00946276776779027,-0.009463586098395834,0.0016366612111293128,8.183306055646564e-07,1222,0.9999999999999998,2.220446049250313e-16
2021-06-17,-0.015592355484900247,-0.015592355484900247,0.0,0.0,1222,0.9999999999999998,2.220446049250313e-16
2021-06-18,0.01739478240212498,0.01739478240212498,0.0,0.0,1222,0.9999999999999998,2.220446049250313e-16
2021-06-21,0.002820379465633009,0.002820379465633009,0.0,0.0,1222,0.9999999999999998,2.220446049250313e-16
2021-06-22,0.0005321819315958222,0.0005321819315958222,0.0,0.0,1222,0.9999999999999998,2.220446049250313e-16
2021-06-23,0.00959324468771635,0.00959324468771635,0.0,0.0,1222,0.9999999999999998,2.220446049250313e-16
2021-06-24,0.005900566094684935,0.005900566094684935,0.0,0.0,1222,0.9999999999999998,2.220446049250313e-16
2021-06-25,-0.00386652383483461,-0.00386652383483461,0.0,0.0,1222,0.9999999999999998,2.220446049250313e-16
2021-06-28,-0.0021867345821768762,-0.002188368569104981,0.0032679738562091673,1.6339869281045837e-06,1224,0.9999999999999999,1.1102230246251565e-16
2021-06-29,2.999069069086228e-06,2.999069069086228e-06,0.0,0.0,1224,0.9999999999999999,1.1102230246251565e-16
2021-06-30,0.004901550813765953,0.004901550813765953,0.0,0.0,1224,0.9999999999999999,1.1102230246251565e-16
2021-07-01,0.00015824323015925968,0.00015661190878894974,0.0032626427406198867,1.6313213703099433e-06,1226,1.0,0.0
2021-07-02,-0.010130250288833197,-0.010131065949518353,0.0016313213703099511,8.156606851549756e-07,1226,1.0,0.0
2021-07-06,-0.0019896163902117245,-0.0019896163902117245,0.0,0.0,1226,1.0,0.0
2021-07-07,-0.011823736997969576,-0.011823736997969576,0.0,0.0,1226,1.0,0.0
2021-07-08,0.018381256366854604,0.018381256366854604,0.0,0.0,1226,1.0,0.0
2021-07-09,0.00017576455343777707,0.00017576455343777707,0.0,0.0,1226,1.0,0.0
2021-07-12,-0.01002409112010898,-0.01002409112010898,0.0,0.0,1226,1.0,0.0
2021-07-13,-0.007077409244804303,-0.007077409244804303,0.0,0.0,1226,1.0,0.0
2021-07-14,-0.005101148742304931,-0.005101148742304931,0.0,0.0,1226,1.0,0.0
2021-07-15,-0.01068328277377357,-0.01068328277377357,0.0,0.0,1226,1.0,0.0
2021-07-16,-0.01719435094016386,-0.01719435094016386,0.0,0.0,1226,1.0,0.0
2021-07-19,0.02231346382280857,0.02231346382280857,0.0,0.0,1226,1.0,0.0
2021-07-20,0.01434439006819325,0.01434439006819325,0.0,0.0,1226,1.0,0.0
2021-07-21,-0.005460047681218614,-0.005460863341903769,0.001631321370309942,8.15660685154971e-07,1225,1.0,0.0
2021-07-22,0.002866856437717931,0.0028660401111873187,0.001632653061224483,8.163265306122415e-07,1224,0.9999999999999999,1.1102230246251565e-16
2021-07-23,0.0011733543963836066,0.0011733543963836066,0.0,0.0,1224,0.9999999999999999,1.1102230246251565e-16
2021-07-26,-0.006540488965677991,-0.0065413052922086035,0.001632653061224483,8.163265306122415e-07,1225,1.0,0.0
2021-07-27,0.010329755720414419,0.010329755720414419,0.0,0.0,1225,1.0,0.0
2021-07-28,0.0061352121683501005,0.0061352121683501005,0.0,0.0,1225,1.0,0.0
2021-07-29,-0.004919058132131794,-0.004919058132131794,0.0,0.0,1225,1.0,0.0
2021-07-30,-0.0018510865321022326,-0.0018527165239522734,0.0032599837000815853,1.6299918500407926e-06,1227,1.0,0.0
2021-08-02,0.005581502907678447,0.005581502907678447,0.0,0.0,1227,1.0,0.0
2021-08-03,-0.00869241582246844,-0.00869241582246844,0.0,0.0,1227,1.0,0.0
2021-08-04,0.008665661697889251,0.008665661697889251,0.0,0.0,1227,1.0,0.0
2021-08-05,0.0012801062220394095,0.0012801062220394095,0.0,0.0,1227,1.0,0.0
2021-08-06,-0.0014936157119364712,-0.0014952430512367152,0.0032546786004881817,1.6273393002440909e-06,1229,1.0,0.0
2021-08-09,0.00252544071765455,0.00252544071765455,0.0,0.0,1229,1.0,0.0
2021-08-10,0.0043714518927972235,0.0043714518927972235,0.0,0.0,1229,1.0,0.0
2021-08-11,-0.001673375880541033,-0.001673375880541033,0.0,0.0,1229,1.0,0.0
2021-08-12,-0.0025375481795711567,-0.0025375481795711567,0.0,0.0,1229,1.0,0.0
2021-08-13,-0.006256181443602963,-0.006256994451733044,0.0016260162601625737,8.130081300812868e-07,1230,0.9999999999999997,3.3306690738754696e-16
2021-08-16,-0.00988234332671913,-0.009883966703342505,0.00324675324675318,1.6233766233765902e-06,1232,1.0,0.0
2021-08-17,-0.008301987732477681,-0.008301987732477681,0.0,0.0,1232,1.0,0.0
2021-08-18,-0.0094158852637538,-0.0094158852637538,0.0,0.0,1232,1.0,0.0
2021-08-19,0.009680254348391357,0.009679443318383246,0.0016220600162206397,8.110300081103199e-07,1233,0.9999999999999998,2.220446049250313e-16
2021-08-20,0.014467758358611981,0.014467758358611981,0.0,0.0,1233,0.9999999999999998,2.220446049250313e-16
2021-08-23,0.01213327107635669,0.01213327107635669,0.0,0.0,1233,0.9999999999999998,2.220446049250313e-16
2021-08-24,0.004855850533426898,0.004855850533426898,0.0,0.0,1233,0.9999999999999998,2.220446049250313e-16
2021-08-25,-0.008213505603850344,-0.008213505603850344,0.0,0.0,1233,0.9999999999999998,2.220446049250313e-16
2021-08-26,0.01544698508221366,0.01544698508221366,0.0,0.0,1233,0.9999999999999998,2.220446049250313e-16
2021-08-27,-0.0008813029281080246,-0.000882113958116135,0.0016220600162206002,8.110300081103002e-07,1233,0.9999999999999998,2.220446049250313e-16
2021-08-30,0.001324235008397374,0.001324235008397374,0.0,0.0,1233,0.9999999999999998,2.220446049250313e-16
2021-08-31,0.0035661584408910583,0.003565347410882948,0.0016220600162206397,8.110300081103199e-07,1232,1.0,0.0
2021-09-01,0.007011843964829086,0.007011843964829086,0.0,0.0,1232,1.0,0.0
2021-09-02,-0.002059533348398245,-0.002059533348398245,0.0,0.0,1232,1.0,0.0
2021-09-03,-0.006697451465940247,-0.006697451465940247,0.0,0.0,1232,1.0,0.0
2021-09-07,-0.007085617616748427,-0.007085617616748427,0.0,0.0,1232,1.0,0.0
2021-09-08,-0.0011362043904408377,-0.0011362043904408377,0.0,0.0,1232,1.0,0.0
2021-09-09,-0.007656254232997852,-0.007656254232997852,0.0,0.0,1232,1.0,0.0
2021-09-10,0.005391158269629286,0.005391158269629286,0.0,0.0,1232,1.0,0.0
2021-09-13,-0.009284552405414322,-0.009285363435422432,0.0016220600162206397,8.110300081103199e-07,1233,0.9999999999999998,2.220446049250313e-16
2021-09-14,0.008922551148526097,0.008922551148526097,0.0,0.0,1233,0.9999999999999998,2.220446049250313e-16
2021-09-15,-0.0025615293539839037,-0.0025615293539839037,0.0,0.0,1233,0.9999999999999998,2.220446049250313e-16
2021-09-16,-0.005670273927345092,-0.005671084300116567,0.0016207455429498312,8.103727714749156e-07,1234,0.9999999999999998,2.220446049250313e-16
2021-09-17,-0.019092467416431953,-0.019093277133031144,0.001619433198380562,8.09716599190281e-07,1235,1.0,0.0
2021-09-20,0.0006315444320928244,0.0006307353706041512,0.001618122977346188,8.09061488673094e-07,1236,1.0000000000000002,0.0
2021-09-21,0.013487057040848252,0.013487057040848252,0.0,0.0,1236,1.0000000000000002,0.0
2021-09-22,0.014703915993609153,0.014703915993609153,0.0,0.0,1236,1.0000000000000002,0.0
2021-09-23,-0.002471953204182895,-0.0024735687130681937,0.0032310177705977237,1.615508885298862e-06,1238,1.0,0.0
2021-09-24,0.0056212625433600975,0.0056212625433600975,0.0,0.0,1238,1.0,0.0
2021-09-27,-0.01869117960895874,-0.01869198671146076,0.0016142050040356163,8.071025020178082e-07,1239,0.9999999999999998,2.220446049250313e-16
2021-09-28,-0.0019339465336875997,-0.0019339465336875997,0.0,0.0,1239,0.9999999999999998,2.220446049250313e-16
2021-09-29,-0.008240128169830606,-0.008240128169830606,0.0,0.0,1239,0.9999999999999998,2.220446049250313e-16
2021-09-30,0.011095184615953126,0.011093573012407598,0.003223207091055598,1.6116035455277991e-06,1241,1.0,0.0
2021-10-01,-0.010308976132626995,-0.01030978193439976,0.0016116035455278,8.058017727639001e-07,1241,1.0,0.0
2021-10-04,0.0071410949969531595,0.0071410949969531595,0.0,0.0,1241,1.0,0.0
2021-10-05,-0.0010131979931822912,-0.0010131979931822912,0.0,0.0,1241,1.0,0.0
2021-10-06,0.013393470088225147,0.013393470088225147,0.0,0.0,1241,1.0,0.0
2021-10-07,-0.0026731349146541642,-0.0026739400676332303,0.0016103059581320082,8.051529790660041e-07,1242,1.0,0.0
2021-10-08,-0.0035806217926677812,-0.0035806217926677812,0.0,0.0,1242,1.0,0.0
2021-10-11,0.0028999453293604227,0.002899140824131139,0.0016090104585680407,8.045052292840203e-07,1243,0.9999999999999996,4.440892098500626e-16
2021-10-12,0.00626429394288322,0.00626429394288322,0.0,0.0,1243,0.9999999999999996,4.440892098500626e-16
2021-10-13,0.01465754804441414,0.01465754804441414,0.0,0.0,1243,0.9999999999999996,4.440892098500626e-16
2021-10-14,0.00202053629531904,0.00202053629531904,0.0,0.0,1243,0.9999999999999996,4.440892098500626e-16
2021-10-15,0.0010009952297358666,0.0010009952297358666,0.0,0.0,1243,0.9999999999999996,4.440892098500626e-16
2021-10-18,0.006345857769692343,0.006345857769692343,0.0,0.0,1243,0.9999999999999996,4.440892098500626e-16
2021-10-19,0.005841299253338652,0.005841299253338652,0.0,0.0,1243,0.9999999999999996,4.440892098500626e-16
2021-10-20,0.0006973285417025375,0.0006973285417025375,0.0,0.0,1243,0.9999999999999996,4.440892098500626e-16
2021-10-21,-0.0005160468378340486,-0.0005160468378340486,0.0,0.0,1243,0.9999999999999996,4.440892098500626e-16
2021-10-22,0.005306863325986939,0.005306059467466039,0.0016077170418005915,8.038585209002958e-07,1244,1.0,0.0
2021-10-25,-0.005146917416407977,-0.005147720629259382,0.0016064257028111906,8.032128514055953e-07,1245,1.0,0.0
2021-10-26,-0.01396076489553217,-0.01396076489553217,0.0,0.0,1245,1.0,0.0
2021-10-27,0.012813838759308733,0.012813838759308733,0.0,0.0,1245,1.0,0.0
2021-10-28,-0.003730229605026855,-0.003730229605026855,0.0,0.0,1245,1.0,0.0
2021-10-29,0.014563604014313922,0.014563604014313922,0.0,0.0,1245,1.0,0.0
2021-11-01,-0.0004175760654851763,-0.00041837927833658195,0.001606425702811245,8.032128514056225e-07,1245,1.0,0.0
2021-11-02,0.008677940719260884,0.008677940719260884,0.0,0.0,1245,1.0,0.0
2021-11-03,-0.002813088532465634,-0.002813088532465634,0.0,0.0,1245,1.0,0.0
2021-11-04,0.00632101047485845,0.00632101047485845,0.0,0.0,1245,1.0,0.0
2021-11-05,0.004900190887104414,0.004900190887104414,0.0,0.0,1245,1.0,0.0
2021-11-08,-0.0012234473293279903,-0.0012242505421793959,0.0016064257028111906,8.032128514055953e-07,1244,1.0,0.0
2021-11-09,-0.010240015812846521,-0.010240015812846521,0.0,0.0,1244,1.0,0.0
2021-11-10,0.0069497249382091675,0.0069497249382091675,0.0,0.0,1244,1.0,0.0
2021-11-11,0.004712553673488838,0.004712553673488838,0.0,0.0,1244,1.0,0.0
2021-11-12,-0.0007410937456476785,-0.0007410937456476785,0.0,0.0,1244,1.0,0.0
2021-11-15,0.0015324171635841474,0.001531613950732742,0.0016064257028111906,8.032128514055953e-07,1245,1.0,0.0
2021-11-16,-0.00839548015536391,-0.00839548015536391,0.0,0.0,1245,1.0,0.0
2021-11-17,-0.006766783465782865,-0.00676758667863427,0.0016064257028111906,8.032128514055953e-07,1244,1.0,0.0
2021-11-18,-0.007351284809914603,-0.007351284809914603,0.0,0.0,1244,1.0,0.0
2021-11-19,-0.004683759781244288,-0.0046845629940956935,0.0016064257028111906,8.032128514055953e-07,1245,1.0,0.0
2021-11-22,0.000846957093597406,0.0008461538807460004,0.001606425702811245,8.032128514056225e-07,1245,1.0,0.0
2021-11-23,0.002658337876799545,0.002658337876799545,0.0,0.0,1245,1.0,0.0
2021-11-24,-0.025317273851986236,-0.02531887770122441,0.003207698476343281,1.6038492381716405e-06,1247,1.0,0.0
2021-11-26,0.002699129625639846,0.002698328343588564,0.0016025641025641233,8.012820512820617e-07,1248,0.9999999999999999,1.1102230246251565e-16
2021-11-29,-0.022677495786570506,-0.022677495786570506,0.0,0.0,1248,0.9999999999999999,1.1102230246251565e-16
2021-11-30,-0.01811483168634906,-0.01811483168634906,0.0,0.0,1248,0.9999999999999999,1.1102230246251565e-16
2021-12-01,0.022291895738181855,0.022291895738181855,0.0,0.0,1248,0.9999999999999999,1.1102230246251565e-16
2021-12-02,-0.014525694117036143,-0.014525694117036143,0.0,0.0,1248,0.9999999999999999,1.1102230246251565e-16
2021-12-03,0.015231440761092212,0.01523063947904093,0.0016025641025641233,8.012820512820617e-07,1247,1.0,0.0
2021-12-06,0.02251206591677242,0.02251206591677242,0.0,0.0,1247,1.0,0.0
2021-12-07,0.0066122654234533375,0.0066122654234533375,0.0,0.0,1247,1.0,0.0
2021-12-08,-0.015148940021646053,-0.015148940021646053,0.0,0.0,1247,1.0,0.0
2021-12-09,-0.0001160912626268735,-0.00011769254365169339,0.0032025620496397645,1.6012810248198822e-06,1249,1.0,0.0
2021-12-10,-0.011282908989966296,-0.011283708989966296,0.0015999999999998854,7.999999999999427e-07,1250,1.0000000000000002,0.0
2021-12-13,-0.007033445791113318,-0.007034245791113318,0.0016,8.000000000000001e-07,1250,1.0000000000000002,0.0
2021-12-14,0.010424855195511555,0.010424055195511555,0.0015999999999998854,7.999999999999427e-07,1249,1.0,0.0
2021-12-15,-0.005993341145863083,-0.005993341145863083,0.0,0.0,1249,1.0,0.0
2021-12-16,0.001136980427434943,0.0011353817064117615,0.003197442046362866,1.598721023181433e-06,1251,0.9999999999999999,1.1102230246251565e-16
2021-12-17,-0.016101707897726036,-0.016101707897726036,0.0,0.0,1251,0.9999999999999999,1.1102230246251565e-16
2021-12-20,0.025883404792767226,0.025883404792767226,0.0,0.0,1251,0.9999999999999999,1.1102230246251565e-16
2021-12-21,0.006938385051032131,0.006938385051032131,0.0,0.0,1251,0.9999999999999999,1.1102230246251565e-16
2021-12-22,0.007931623037619524,0.007931623037619524,0.0,0.0,1251,0.9999999999999999,1.1102230246251565e-16
2021-12-23,0.00844235147093795,0.00844235147093795,0.0,0.0,1251,0.9999999999999999,1.1102230246251565e-16
2021-12-27,-0.0033802034487688485,-0.0033802034487688485,0.0,0.0,1251,0.9999999999999999,1.1102230246251565e-16
2021-12-28,-0.001276052211489418,-0.001276052211489418,0.0,0.0,1251,0.9999999999999999,1.1102230246251565e-16
2021-12-29,0.0047843587501636645,0.0047843587501636645,0.0,0.0,1251,0.9999999999999999,1.1102230246251565e-16
2021-12-30,-0.0014501613801247992,-0.0014501613801247992,0.0,0.0,1251,0.9999999999999999,1.1102230246251565e-16
2021-12-31,0.004970454454326116,0.004970454454326116,0.0,0.0,1251,0.9999999999999999,1.1102230246251565e-16
2022-01-03,-0.00017513564827640617,-0.00017593500878799694,0.001598721023181526,7.99360511590763e-07,1250,1.0000000000000002,0.0
2022-01-04,-0.02381549733665584,-0.02381629733665584,0.0015999999999998854,7.999999999999427e-07,1249,1.0,0.0
2022-01-05,0.003544804727466351,0.003544804727466351,0.0,0.0,1249,1.0,0.0
2022-01-06,-0.0024416232324385085,-0.0024416232324385085,0.0,0.0,1249,1.0,0.0
2022-01-07,-0.003120650110008727,-0.003120650110008727,0.0,0.0,1249,1.0,0.0
2022-01-10,0.015200728069496357,0.015200728069496357,0.0,0.0,1249,1.0,0.0
2022-01-11,0.00027606708005821576,0.00027606708005821576,0.0,0.0,1249,1.0,0.0
2022-01-12,-0.011435510551891266,-0.011436310551891267,0.0015999999999998854,7.999999999999427e-07,1250,1.0000000000000002,0.0
2022-01-13,-0.0007392309349949972,-0.0007392309349949972,0.0,0.0,1250,1.0000000000000002,0.0
2022-01-14,-0.021378322752068413,-0.021379920196157868,0.0031948881789138277,1.5974440894569138e-06,1252,1.0,0.0
2022-01-18,-0.0072324533390202535,-0.0072324533390202535,0.0,0.0,1252,1.0,0.0
2022-01-19,-0.011668496370014419,-0.011668496370014419,0.0,0.0,1252,1.0,0.0
2022-01-20,-0.02042480255842795,-0.02042480255842795,0.0,0.0,1252,1.0,0.0
2022-01-21,0.0077841305020428415,0.007783332417445874,0.0015961691939344641,7.980845969672321e-07,1253,0.9999999999999999,1.1102230246251565e-16
2022-01-24,-0.011529097333391285,-0.011529097333391285,0.0,0.0,1253,0.9999999999999999,1.1102230246251565e-16
2022-01-25,-0.00901023447705956,-0.00901023447705956,0.0,0.0,1253,0.9999999999999999,1.1102230246251565e-16
2022-01-26,-0.013416596067926266,-0.013416596067926266,0.0,0.0,1253,0.9999999999999999,1.1102230246251565e-16
2022-01-27,0.018376655946100717,0.018376655946100717,0.0,0.0,1253,0.9999999999999999,1.1102230246251565e-16
2022-01-28,0.030446979058514394,0.030446181610348524,0.0015948963317384823,7.974481658692412e-07,1254,1.0,0.0
2022-01-31,0.012751868157133396,0.012750273260801658,0.003189792663476919,1.5948963317384595e-06,1253,0.9999999999999999,1.1102230246251565e-16
2022-02-01,-0.0028727671229120486,-0.0028727671229120486,0.0,0.0,1253,0.9999999999999999,1.1102230246251565e-16
2022-02-02,-0.02049008203756522,-0.02049008203756522,0.0,0.0,1253,0.9999999999999999,1.1102230246251565e-16
2022-02-03,0.007094865329459566,0.007094865329459566,0.0,0.0,1253,0.9999999999999999,1.1102230246251565e-16
2022-02-04,0.002525940508587896,0.002525940508587896,0.0,0.0,1253,0.9999999999999999,1.1102230246251565e-16
2022-02-07,0.012405492581419372,0.012405492581419372,0.0,0.0,1253,0.9999999999999999,1.1102230246251565e-16
2022-02-08,0.02284869115497582,0.02284869115497582,0.0,0.0,1253,0.9999999999999999,1.1102230246251565e-16
2022-02-09,-0.01446380484764291,-0.014464602932239877,0.0015961691939345571,7.980845969672785e-07,1253,0.9999999999999999,1.1102230246251565e-16
2022-02-10,-0.012620554880947855,-0.012621352329113725,0.0015948963317384823,7.974481658692412e-07,1254,1.0,0.0
2022-02-11,-0.0074894440601668884,-0.0074894440601668884,0.0,0.0,1254,1.0,0.0
2022-02-14,0.02402980207174941,0.024029004623583542,0.0015948963317384823,7.974481658692412e-07,1253,0.9999999999999999,1.1102230246251565e-16
2022-02-15,0.0011396401518470746,0.0011396401518470746,0.0,0.0,1253,0.9999999999999999,1.1102230246251565e-16
2022-02-16,-0.022940234726531977,-0.022940234726531977,0.0,0.0,1253,0.9999999999999999,1.1102230246251565e-16
2022-02-17,-0.009498334394688696,-0.009498334394688696,0.0,0.0,1253,0.9999999999999999,1.1102230246251565e-16
2022-02-18,-0.01381751061722478,-0.01381751061722478,0.0,0.0,1253,0.9999999999999999,1.1102230246251565e-16
2022-02-22,-0.017294113606891773,-0.017294113606891773,0.0,0.0,1253,0.9999999999999999,1.1102230246251565e-16
2022-02-23,0.016255537108191345,0.016254739660025476,0.0015948963317384823,7.974481658692412e-07,1254,1.0,0.0
2022-02-24,0.022949821861150237,0.022949025048401232,0.0015936254980079374,7.968127490039687e-07,1255,0.9999999999999999,1.1102230246251565e-16
2022-02-25,-0.00039737427014078727,-0.00039737427014078727,0.0,0.0,1255,0.9999999999999999,1.1102230246251565e-16
2022-02-28,-0.015959018508288313,-0.01596061213378632,0.0031872509960159507,1.5936254980079753e-06,1253,0.9999999999999999,1.1102230246251565e-16
2022-03-01,0.019418626151526765,0.01941702998233283,0.003192338387869021,1.5961691939345105e-06,1252,1.0,0.0
2022-03-02,-0.013568174765659701,-0.013568174765659701,0.0,0.0,1252,1.0,0.0
2022-03-03,-0.01655456537272201,-0.01655456537272201,0.0,0.0,1252,1.0,0.0
2022-03-04,-0.03183693662037156,-0.03183773534241629,0.001597444089456869,7.987220447284345e-07,1252,1.0,0.0
2022-03-07,0.003458745949326086,0.003457947864729119,0.0015961691939344641,7.980845969672321e-07,1253,0.9999999999999999,1.1102230246251565e-16
2022-03-08,0.031431075584729205,0.031430278136563336,0.0015948963317384823,7.974481658692412e-07,1254,1.0,0.0
2022-03-09,-0.007281930602222235,-0.007282728050388104,0.001594896331738437,7.974481658692185e-07,1254,1.0,0.0
2022-03-10,-0.018457492108483946,-0.01845828892123295,0.0015936254980079374,7.968127490039687e-07,1255,0.9999999999999999,1.1102230246251565e-16
2022-03-11,-0.017208054527336827,-0.017208054527336827,0.0,0.0,1255,0.9999999999999999,1.1102230246251565e-16
2022-03-14,0.018649561676375603,0.018649561676375603,0.0,0.0,1255,0.9999999999999999,1.1102230246251565e-16
2022-03-15,0.040503504163364845,0.0405027079850209,0.001592356687898076,7.96178343949038e-07,1256,1.0,0.0
2022-03-16,0.0160382243888289,0.0160382243888289,0.0,0.0,1256,1.0,0.0
2022-03-17,0.016483838385241575,0.016483042840293286,0.0015910898965791611,7.955449482895806e-07,1257,1.0,0.0
2022-03-18,-0.0045032071164142025,-0.0045032071164142025,0.0,0.0,1257,1.0,0.0
2022-03-21,0.014026135130114473,0.014026135130114473,0.0,0.0,1257,1.0,0.0
2022-03-22,-0.011392089077507054,-0.011392883990066672,0.0015898251192368665,7.949125596184333e-07,1258,1.0,0.0
2022-03-23,0.011022546442552824,0.011021752161377288,0.0015885623510723992,7.942811755361997e-07,1259,0.9999999999999998,2.220446049250313e-16
2022-03-24,3.420091229192762e-05,3.420091229192762e-05,0.0,0.0,1259,0.9999999999999998,2.220446049250313e-16
2022-03-25,0.002539991442358797,0.0025391971611832607,0.0015885623510723992,7.942811755361997e-07,1258,1.0,0.0
2022-03-28,0.022001611209303516,0.022001611209303516,0.0,0.0,1258,1.0,0.0
2022-03-29,-0.011650343179467592,-0.011650343179467592,0.0,0.0,1258,1.0,0.0
2022-03-30,-0.014266559369054143,-0.014266559369054143,0.0,0.0,1258,1.0,0.0
2022-03-31,0.009076519436986428,0.009076519436986428,0.0,0.0,1258,1.0,0.0
2022-04-01,0.009007829213119786,0.009007829213119786,0.0,0.0,1258,1.0,0.0
2022-04-04,-0.01883792902199014,-0.01883792902199014,0.0,0.0,1258,1.0,0.0
2022-04-05,-0.01174391540181888,-0.01174391540181888,0.0,0.0,1258,1.0,0.0
2022-04-06,-0.0013874694000844344,-0.0013874694000844344,0.0,0.0,1258,1.0,0.0
2022-04-07,-0.0021801713267174325,-0.0021801713267174325,0.0,0.0,1258,1.0,0.0
2022-04-08,-0.008579938171103066,-0.008579938171103066,0.0,0.0,1258,1.0,0.0
2022-04-11,-0.00332903760781259,-0.00332903760781259,0.0,0.0,1258,1.0,0.0
2022-04-12,0.017224295534126313,0.017223501252950777,0.0015885623510723992,7.942811755361997e-07,1259,0.9999999999999998,2.220446049250313e-16
2022-04-13,-0.010380779678622606,-0.01038315685770343,0.004754358161648083,2.3771790808240417e-06,1262,1.0,0.0
2022-04-14,-0.007432278706037511,-0.007432278706037511,0.0,0.0,1262,1.0,0.0
2022-04-18,0.01869729469022878,0.01869729469022878,0.0,0.0,1262,1.0,0.0
2022-04-19,-0.000353932433300232,-0.000353932433300232,0.0,0.0,1262,1.0,0.0
2022-04-20,-0.023339050900422396,-0.02333984266605977,0.0015835312747427613,7.917656373713807e-07,1263,0.9999999999999998,2.220446049250313e-16
2022-04-21,-0.025189847531732788,-0.025189847531732788,0.0,0.0,1263,0.9999999999999998,2.220446049250313e-16
2022-04-22,0.004564745570680792,0.004564745570680792,0.0,0.0,1263,0.9999999999999998,2.220446049250313e-16
2022-04-25,-0.030711788990870542,-0.030711788990870542,0.0,0.0,1263,0.9999999999999998,2.220446049250313e-16
2022-04-26,0.0006738826063204021,0.0006738826063204021,0.0,0.0,1263,0.9999999999999998,2.220446049250313e-16
2022-04-27,0.019682314487859297,0.019682314487859297,0.0,0.0,1263,0.9999999999999998,2.220446049250313e-16
2022-04-28,-0.026551644247832882,-0.02655243538707339,0.0015822784810126268,7.911392405063134e-07,1264,1.0,0.0
2022-04-29,0.008030313867296298,0.008030313867296298,0.0,0.0,1264,1.0,0.0
2022-05-02,0.007280194428891637,0.007280194428891637,0.0,0.0,1264,1.0,0.0
2022-05-03,0.026793544646774234,0.026793544646774234,0.0,0.0,1264,1.0,0.0
2022-05-04,-0.04025746159553699,-0.04025746159553699,0.0,0.0,1264,1.0,0.0
2022-05-05,-0.01748894386773893,-0.01748894386773893,0.0,0.0,1264,1.0,0.0
2022-05-06,-0.045180249153605676,-0.045180249153605676,0.0,0.0,1264,1.0,0.0
2022-05-09,0.0008481241484689519,0.0008481241484689519,0.0,0.0,1264,1.0,0.0
2022-05-10,-0.0222915653948808,-0.0222915653948808,0.0,0.0,1264,1.0,0.0
2022-05-11,0.013004582736743063,0.013003792222909072,0.001581027667984187,7.905138339920936e-07,1265,1.0,0.0
2022-05-12,0.03978969326994547,0.03978969326994547,0.0,0.0,1265,1.0,0.0
2022-05-13,-0.0062083152212444835,-0.0062083152212444835,0.0,0.0,1265,1.0,0.0
2022-05-16,0.02755670295948807,0.02755670295948807,0.0,0.0,1265,1.0,0.0
2022-05-17,-0.03754875369963902,-0.03754954421347301,0.001581027667984187,7.905138339920936e-07,1264,1.0,0.0
2022-05-18,0.008607306297162734,0.008607306297162734,0.0,0.0,1264,1.0,0.0
2022-05-19,-0.0009852991093544157,-0.0009868788881853795,0.00315955766192733,1.5797788309636651e-06,1266,1.0,0.0
2022-05-20,0.011055342359826728,0.011055342359826728,0.0,0.0,1266,1.0,0.0
2022-05-23,-0.019173760980339967,-0.019173760980339967,0.0,0.0,1266,1.0,0.0
2022-05-24,0.017389801778780578,0.017388221999949615,0.0031595576619273297,1.579778830963665e-06,1264,1.0,0.0
2022-05-25,0.025098958657088777,0.025098958657088777,0.0,0.0,1264,1.0,0.0
2022-05-26,0.02586631079802968,0.02586631079802968,0.0,0.0,1264,1.0,0.0
2022-05-27,-0.009979659254216658,-0.009979659254216658,0.0,0.0,1264,1.0,0.0
2022-05-31,-0.01068673598762106,-0.01068673598762106,0.0,0.0,1264,1.0,0.0
2022-06-01,0.02636078047472051,0.02636078047472051,0.0,0.0,1264,1.0,0.0
2022-06-02,-0.01347062422544789,-0.013471414739281882,0.001581027667984187,7.905138339920936e-07,1265,1.0,0.0
2022-06-03,0.0035675369530429554,0.0035675369530429554,0.0,0.0,1265,1.0,0.0
2022-06-06,0.011984489122001986,0.011984489122001986,0.0,0.0,1265,1.0,0.0
2022-06-07,-0.008270806507533764,-0.008270806507533764,0.0,0.0,1265,1.0,0.0
2022-06-08,-0.027883747149617076,-0.02788453766345107,0.0015810276679841897,7.905138339920948e-07,1265,1.0,0.0
2022-06-09,-0.02967252374022715,-0.029674102272192422,0.003157063930544583,1.5785319652722917e-06,1267,1.0,0.0
2022-06-10,-0.04893250506968032,-0.04893329371321344,0.0015772870662460851,7.886435331230426e-07,1268,1.0,0.0
2022-06-13,-0.001828305005168316,-0.001828305005168316,0.0,0.0,1268,1.0,0.0
2022-06-14,0.017916555927159336,0.017916555927159336,0.0,0.0,1268,1.0,0.0
2022-06-15,-0.04293617389497545,-0.04293617389497545,0.0,0.0,1268,1.0,0.0
2022-06-16,0.011559368539654398,0.011559368539654398,0.0,0.0,1268,1.0,0.0
2022-06-17,0.018800496757350862,0.018800496757350862,0.0,0.0,1268,1.0,0.0
2022-06-21,-0.002759615150558568,-0.002760403794091691,0.0015772870662460851,7.886435331230426e-07,1267,1.0,0.0
2022-06-22,0.011933750166409653,0.011932960900427017,0.0015785319652722968,7.892659826361484e-07,1267,1.0,0.0
2022-06-23,0.03349335842131804,0.03349335842131804,0.0,0.0,1267,1.0,0.0
2022-06-24,-0.000649720670369505,-0.0006520828750939144,0.00472440944881891,2.362204724409455e-06,1270,1.0,0.0
2022-06-27,-0.017225396954841068,-0.017225396954841068,0.0,0.0,1270,1.0,0.0
2022-06-28,-0.010168917589257524,-0.010169704990832328,0.0015748031496062992,7.874015748031496e-07,1270,1.0,0.0
2022-06-29,-0.011488606529693109,-0.011488606529693109,0.0,0.0,1270,1.0,0.0
2022-06-30,0.01280016646760256,0.012799379685541191,0.0015735641227379886,7.867820613689943e-07,1271,1.0,0.0
2022-07-01,0.004080201632103247,0.004079415468581234,0.0015723270440251027,7.861635220125513e-07,1272,1.0,0.0
2022-07-05,-0.006659890039895677,-0.006659890039895677,0.0,0.0,1272,1.0,0.0
2022-07-06,0.023865467486503,0.023865467486503,0.0,0.0,1272,1.0,0.0
2022-07-07,-0.0033805639877748533,-0.0033805639877748533,0.0,0.0,1272,1.0,0.0
2022-07-08,-0.020068435504870828,-0.02006922166839284,0.0015723270440251573,7.861635220125787e-07,1272,1.0,0.0
2022-07-11,-0.004326262082845037,-0.004326262082845037,0.0,0.0,1272,1.0,0.0
2022-07-12,-0.0016195466219916042,-0.0016195466219916042,0.0,0.0,1272,1.0,0.0
2022-07-13,-0.013513162042737857,-0.013513162042737857,0.0,0.0,1272,1.0,0.0
2022-07-14,0.019720386087144257,0.019720386087144257,0.0,0.0,1272,1.0,0.0
2022-07-15,0.0016765653464623656,0.0016765653464623656,0.0,0.0,1272,1.0,0.0
2022-07-18,0.0322801261282843,0.03227855626957158,0.0031397174254317066,1.5698587127158533e-06,1274,1.0,0.0
2022-07-19,0.012814378734452793,0.012814378734452793,0.0,0.0,1274,1.0,0.0
2022-07-20,0.007466693868734489,0.007466693868734489,0.0,0.0,1274,1.0,0.0
2022-07-21,-0.014102672055656788,-0.014102672055656788,0.0,0.0,1274,1.0,0.0
2022-07-22,0.003235916607793613,0.0032351322940681227,0.001568627450980492,7.84313725490246e-07,1275,0.9999999999999998,2.220446049250313e-16
2022-07-25,-0.012103523994324667,-0.012104307693384228,0.0015673981191222544,7.836990595611272e-07,1276,0.9999999999999999,1.1102230246251565e-16
2022-07-26,0.02494773505167541,0.02494773505167541,0.0,0.0,1276,0.9999999999999999,1.1102230246251565e-16
2022-07-27,0.013564845945244845,0.013564845945244845,0.0,0.0,1276,0.9999999999999999,1.1102230246251565e-16
2022-07-28,0.00841415761060301,0.008413374525246705,0.0015661707126076372,7.830853563038186e-07,1277,1.0,0.0
2022-07-29,-0.0023225189648175227,-0.002323301437430981,0.0015649452269170334,7.824726134585167e-07,1278,1.0,0.0
2022-08-01,-0.0008506058485338768,-0.0008506058485338768,0.0,0.0,1278,1.0,0.0
2022-08-02,0.015771883076271368,0.015771101215442597,0.0015637216575449954,7.818608287724977e-07,1279,1.0,0.0
2022-08-03,0.001566122419680988,0.001566122419680988,0.0,0.0,1279,1.0,0.0
2022-08-04,0.006194013600897717,0.006194013600897717,0.0,0.0,1279,1.0,0.0
2022-08-05,0.00821875112219567,0.00821875112219567,0.0,0.0,1279,1.0,0.0
2022-08-08,-0.013343898528765299,-0.013343898528765299,0.0,0.0,1279,1.0,0.0
2022-08-09,0.028182462884809772,0.028182462884809772,0.0,0.0,1279,1.0,0.0
2022-08-10,0.0023858916329622657,0.0023858916329622657,0.0,0.0,1279,1.0,0.0
2022-08-11,0.016476345420986763,0.016476345420986763,0.0,0.0,1279,1.0,0.0
2022-08-12,0.00040190716880385914,0.00040190716880385914,0.0,0.0,1279,1.0,0.0
2022-08-15,0.0022596155895819943,0.0022596155895819943,0.0,0.0,1279,1.0,0.0
2022-08-16,-0.015649011611742272,-0.015649011611742272,0.0,0.0,1279,1.0,0.0
2022-08-17,0.0025616134749193156,0.0025616134749193156,0.0,0.0,1279,1.0,0.0
2022-08-18,-0.020046134391026624,-0.020046134391026624,0.0,0.0,1279,1.0,0.0
2022-08-19,-0.020249833468690814,-0.020249833468690814,0.0,0.0,1279,1.0,0.0
2022-08-22,0.002315919638765446,0.002315919638765446,0.0,0.0,1279,1.0,0.0
2022-08-23,0.008783460401635407,0.008783460401635407,0.0,0.0,1279,1.0,0.0
2022-08-24,0.01690153310307261,0.01690153310307261,0.0,0.0,1279,1.0,0.0
2022-08-25,-0.030930731214428277,-0.030930731214428277,0.0,0.0,1279,1.0,0.0
2022-08-26,-0.006626180052799327,-0.0066269619136281,0.0015637216575449954,7.818608287724977e-07,1278,1.0,0.0
2022-08-29,-0.012839193195210503,-0.012839193195210503,0.0,0.0,1278,1.0,0.0
2022-08-30,-0.005627651868793481,-0.005627651868793481,0.0,0.0,1278,1.0,0.0
2022-08-31,-0.008276944916554592,-0.008276944916554592,0.0,0.0,1278,1.0,0.0
2022-09-01,-0.0052721507178013225,-0.0052721507178013225,0.0,0.0,1278,1.0,0.0
2022-09-02,-0.008022718973456518,-0.008023501446069977,0.0015649452269170334,7.824726134585167e-07,1277,1.0,0.0
2022-09-06,0.022030285087974777,0.022030285087974777,0.0,0.0,1277,1.0,0.0
2022-09-07,0.009737743482920034,0.009737743482920034,0.0,0.0,1277,1.0,0.0
2022-09-08,0.021456879072652486,0.021456879072652486,0.0,0.0,1277,1.0,0.0
2022-09-09,0.012682938239225902,0.012681372068513296,0.0031323414252153086,1.5661707126076542e-06,1275,0.9999999999999998,2.220446049250313e-16
2022-09-12,-0.040427579609478195,-0.04042836392320369,0.0015686274509804918,7.843137254902459e-07,1274,1.0,0.0
2022-09-13,0.002379803637513387,0.002379803637513387,0.0,0.0,1274,1.0,0.0
2022-09-14,-0.0078117850887230965,-0.0078117850887230965,0.0,0.0,1274,1.0,0.0
2022-09-15,-0.01622395401952101,-0.01622552141764013,0.0031347962382446116,1.567398119122306e-06,1276,0.9999999999999999,1.1102230246251565e-16
2022-09-16,0.007630039174736633,0.007630039174736633,0.0,0.0,1276,0.9999999999999999,1.1102230246251565e-16
2022-09-19,-0.01700668303250926,-0.01700668303250926,0.0,0.0,1276,0.9999999999999999,1.1102230246251565e-16
2022-09-20,-0.0167768088809357,-0.0167768088809357,0.0,0.0,1276,0.9999999999999999,1.1102230246251565e-16
2022-09-21,-0.019161527114598446,-0.019161527114598446,0.0,0.0,1276,0.9999999999999999,1.1102230246251565e-16
2022-09-22,-0.02365267018123296,-0.023654235126459876,0.0031298904538340543,1.564945226917027e-06,1278,1.0,0.0
2022-09-23,-0.016456800042031247,-0.016456800042031247,0.0,0.0,1278,1.0,0.0
2022-09-26,0.0018900695240192337,0.0018900695240192337,0.0,0.0,1278,1.0,0.0
2022-09-27,0.028289660899478392,0.028289660899478392,0.0,0.0,1278,1.0,0.0
2022-09-28,-0.02374167712219881,-0.02374167712219881,0.0,0.0,1278,1.0,0.0
2022-09-29,-0.007318440543163588,-0.007318440543163588,0.0,0.0,1278,1.0,0.0
2022-09-30,0.030457506896539487,0.030456724423926027,0.001564945226917058,7.82472613458529e-07,1278,1.0,0.0
2022-10-03,0.041794704502437545,0.041793922029824085,0.0015649452269170334,7.824726134585167e-07,1277,1.0,0.0
2022-10-04,-0.00605978189428676,-0.006060564979643064,0.0015661707126076372,7.830853563038186e-07,1276,0.9999999999999999,1.1102230246251565e-16
2022-10-05,-0.00876996149690349,-0.00876996149690349,0.0,0.0,1276,0.9999999999999999,1.1102230246251565e-16
2022-10-06,-0.028886728627768178,-0.02888751171312448,0.0015661707126076372,7.830853563038186e-07,1277,1.0,0.0
2022-10-07,-0.011016967864068354,-0.011016967864068354,0.0,0.0,1277,1.0,0.0
2022-10-10,-0.007003079802488315,-0.007003079802488315,0.0,0.0,1277,1.0,0.0
2022-10-11,-0.003321002608040711,-0.003321785693397015,0.0015661707126076372,7.830853563038186e-07,1276,0.9999999999999999,1.1102230246251565e-16
2022-10-12,0.018831715392928328,0.018831715392928328,0.0,0.0,1276,0.9999999999999999,1.1102230246251565e-16
2022-10-13,-0.02699402393225631,-0.02699402393225631,0.0,0.0,1276,0.9999999999999999,1.1102230246251565e-16
2022-10-14,0.029751528421313383,0.02975074533595708,0.0015661707126076372,7.830853563038186e-07,1277,1.0,0.0
2022-10-17,0.014562526355879624,0.014562526355879624,0.0,0.0,1277,1.0,0.0
2022-10-18,-0.019791899062664015,-0.019791899062664015,0.0,0.0,1277,1.0,0.0
2022-10-19,-0.0067851608385791715,-0.006786727009291779,0.0031323414252153086,1.5661707126076542e-06,1275,0.9999999999999998,2.220446049250313e-16
2022-10-20,0.020947818087474063,0.020947818087474063,0.0,0.0,1275,0.9999999999999998,2.220446049250313e-16
2022-10-21,0.00022229190678393386,0.00022229190678393386,0.0,0.0,1275,0.9999999999999998,2.220446049250313e-16
2022-10-24,0.027660450638773655,0.027660450638773655,0.0,0.0,1275,0.9999999999999998,2.220446049250313e-16
2022-10-25,0.0037288556125918177,0.0037288556125918177,0.0,0.0,1275,0.9999999999999998,2.220446049250313e-16
2022-10-26,-0.0015365894493546998,-0.0015365894493546998,0.0,0.0,1275,0.9999999999999998,2.220446049250313e-16
2022-10-27,0.016233861938224438,0.016233078239164877,0.0015673981191222544,7.836990595611272e-07,1276,0.9999999999999999,1.1102230246251565e-16
2022-10-28,-0.002929748753419718,-0.002930532452479279,0.001567398119122257,7.836990595611285e-07,1276,0.9999999999999999,1.1102230246251565e-16
2022-10-31,0.005510676098414249,0.005510676098414249,0.0,0.0,1276,0.9999999999999999,1.1102230246251565e-16
2022-11-01,-0.027411839756088224,-0.027411839756088224,0.0,0.0,1276,0.9999999999999999,1.1102230246251565e-16
2022-11-02,-0.0025924136426953405,-0.0025924136426953405,0.0,0.0,1276,0.9999999999999999,1.1102230246251565e-16
2022-11-03,0.01501214671218604,0.01501214671218604,0.0,0.0,1276,0.9999999999999999,1.1102230246251565e-16
2022-11-04,0.005826257564115034,0.005826257564115034,0.0,0.0,1276,0.9999999999999999,1.1102230246251565e-16
2022-11-07,0.005115264932383378,0.0051144812333238174,0.0015673981191222544,7.836990595611272e-07,1275,0.9999999999999998,2.220446049250313e-16
2022-11-08,-0.026208003492556455,-0.026208003492556455,0.0,0.0,1275,0.9999999999999998,2.220446049250313e-16
2022-11-09,0.06438993973626486,0.0643891560372053,0.0015673981191222544,7.836990595611272e-07,1276,0.9999999999999999,1.1102230246251565e-16
2022-11-10,0.021709816914239937,0.021709033828883634,0.0015661707126076372,7.830853563038186e-07,1277,1.0,0.0
2022-11-11,-0.012725135184377026,-0.012725135184377026,0.0,0.0,1277,1.0,0.0
2022-11-14,0.016664707795010524,0.016664707795010524,0.0,0.0,1277,1.0,0.0
2022-11-15,-0.019919544366537013,-0.019920327451893316,0.0015661707126076372,7.830853563038186e-07,1276,0.9999999999999999,1.1102230246251565e-16
2022-11-16,-0.006882241667633985,-0.006882241667633985,0.0,0.0,1276,0.9999999999999999,1.1102230246251565e-16
2022-11-17,0.00265590088357562,0.002655117798219316,0.0015661707126076372,7.830853563038186e-07,1277,1.0,0.0
2022-11-18,-0.007147072733692993,-0.007147072733692993,0.0,0.0,1277,1.0,0.0
2022-11-21,0.011696313118505195,0.011696313118505195,0.0,0.0,1277,1.0,0.0
2022-11-22,0.00860931207881502,0.008607745908102413,0.0031323414252153086,1.5661707126076542e-06,1275,0.9999999999999998,2.220446049250313e-16
2022-11-23,0.0016820692528141867,0.0016820692528141867,0.0,0.0,1275,0.9999999999999998,2.220446049250313e-16
2022-11-25,-0.01773390936693094,-0.01773390936693094,0.0,0.0,1275,0.9999999999999998,2.220446049250313e-16
2022-11-28,0.005373308556599394,0.005373308556599394,0.0,0.0,1275,0.9999999999999998,2.220446049250313e-16
2022-11-29,0.03145908713853959,0.03145908713853959,0.0,0.0,1275,0.9999999999999998,2.220446049250313e-16
2022-11-30,0.001791573492853456,0.001791573492853456,0.0,0.0,1275,0.9999999999999998,2.220446049250313e-16
2022-12-01,0.003393565394715149,0.003393565394715149,0.0,0.0,1275,0.9999999999999998,2.220446049250313e-16
2022-12-02,-0.02432051115627327,-0.02432051115627327,0.0,0.0,1275,0.9999999999999998,2.220446049250313e-16
2022-12-05,-0.011495694202995059,-0.011495694202995059,0.0,0.0,1275,0.9999999999999998,2.220446049250313e-16
2022-12-06,-0.003304724541810634,-0.003304724541810634,0.0,0.0,1275,0.9999999999999998,2.220446049250313e-16
2022-12-07,0.010529451735243578,0.010529451735243578,0.0,0.0,1275,0.9999999999999998,2.220446049250313e-16
2022-12-08,-0.007836605418651468,-0.007836605418651468,0.0,0.0,1275,0.9999999999999998,2.220446049250313e-16
2022-12-09,0.011853253976866311,0.011851687806153704,0.0031323414252153086,1.5661707126076542e-06,1277,1.0,0.0
2022-12-12,0.00866426518635161,0.00866426518635161,0.0,0.0,1277,1.0,0.0
2022-12-13,-0.004251160886818924,-0.004251160886818924,0.0,0.0,1277,1.0,0.0
2022-12-14,-0.02539469190415352,-0.02539469190415352,0.0,0.0,1277,1.0,0.0
2022-12-15,-0.00996076662666251,-0.009961549099275968,0.0015649452269170334,7.824726134585167e-07,1278,1.0,0.0
2022-12-16,-0.011554274641671879,-0.011555057114285337,0.0015649452269170334,7.824726134585167e-07,1277,1.0,0.0
2022-12-19,0.00531942922082887,0.00531942922082887,0.0,0.0,1277,1.0,0.0
2022-12-20,0.016285431960568975,0.016285431960568975,0.0,0.0,1277,1.0,0.0
2022-12-21,-0.012916153019221804,-0.012916153019221804,0.0,0.0,1277,1.0,0.0
2022-12-22,0.004331871136670048,0.00433030496595744,0.0031323414252153086,1.5661707126076542e-06,1275,0.9999999999999998,2.220446049250313e-16
2022-12-23,-0.005204240813093947,-0.005204240813093947,0.0,0.0,1275,0.9999999999999998,2.220446049250313e-16
2022-12-27,-0.01378900324776674,-0.01378900324776674,0.0,0.0,1275,0.9999999999999998,2.220446049250313e-16
2022-12-28,0.024551911303135176,0.024551127604075615,0.0015673981191222544,7.836990595611272e-07,1276,0.9999999999999999,1.1102230246251565e-16
2022-12-29,-0.002772933250398031,-0.002772933250398031,0.0,0.0,1276,0.9999999999999999,1.1102230246251565e-16
2022-12-30,-0.0030803419659355203,-0.0030803419659355203,0.0,0.0,1276,0.9999999999999999,1.1102230246251565e-16
2023-01-03,0.021618448488054533,0.021618448488054533,0.0,0.0,1276,0.9999999999999999,1.1102230246251565e-16
2023-01-04,-0.009250234876632929,-0.009250234876632929,0.0,0.0,1276,0.9999999999999999,1.1102230246251565e-16
2023-01-05,0.021269484964687262,0.021269484964687262,0.0,0.0,1276,0.9999999999999999,1.1102230246251565e-16
2023-01-06,0.006334980108983158,0.006334980108983158,0.0,0.0,1276,0.9999999999999999,1.1102230246251565e-16
2023-01-09,0.01249989871151161,0.01249989871151161,0.0,0.0,1276,0.9999999999999999,1.1102230246251565e-16
2023-01-10,0.014204992658757574,0.014204992658757574,0.0,0.0,1276,0.9999999999999999,1.1102230246251565e-16
2023-01-11,0.011633242541848887,0.011633242541848887,0.0,0.0,1276,0.9999999999999999,1.1102230246251565e-16
2023-01-12,0.0056089926143285725,0.0056089926143285725,0.0,0.0,1276,0.9999999999999999,1.1102230246251565e-16
2023-01-13,0.0002902088481543663,0.0002902088481543663,0.0,0.0,1276,0.9999999999999999,1.1102230246251565e-16
2023-01-17,-0.014302106900373437,-0.014302889985729742,0.0015661707126076372,7.830853563038186e-07,1277,1.0,0.0
2023-01-18,-0.01003857365994801,-0.01003857365994801,0.0,0.0,1277,1.0,0.0
2023-01-19,0.019821998535201942,0.019821998535201942,0.0,0.0,1277,1.0,0.0
2023-01-20,0.015516654790369268,0.015516654790369268,0.0,0.0,1277,1.0,0.0
2023-01-23,-0.003329531618731431,-0.003329531618731431,0.0,0.0,1277,1.0,0.0
2023-01-24,0.0012922348750180955,0.0012914517896617916,0.0015661707126076372,7.830853563038186e-07,1276,0.9999999999999999,1.1102230246251565e-16
2023-01-25,0.009690316903739562,0.009690316903739562,0.0,0.0,1276,0.9999999999999999,1.1102230246251565e-16
2023-01-26,0.006290093891714293,0.006290093891714293,0.0,0.0,1276,0.9999999999999999,1.1102230246251565e-16
2023-01-27,-0.014312270419958506,-0.014312270419958506,0.0,0.0,1276,0.9999999999999999,1.1102230246251565e-16
2023-01-30,0.01901095092488096,0.019010167839524656,0.0015661707126076372,7.830853563038186e-07,1277,1.0,0.0
2023-01-31,0.01613679443839074,0.016136011353034437,0.0015661707126076372,7.830853563038186e-07,1276,0.9999999999999999,1.1102230246251565e-16
2023-02-01,0.012673141078030048,0.012673141078030048,0.0,0.0,1276,0.9999999999999999,1.1102230246251565e-16
2023-02-02,-0.014824212883477591,-0.014824212883477591,0.0,0.0,1276,0.9999999999999999,1.1102230246251565e-16
2023-02-03,-0.010173192722696454,-0.010173976421756015,0.001567398119122257,7.836990595611285e-07,1276,0.9999999999999999,1.1102230246251565e-16
2023-02-06,0.008258659192443151,0.008258659192443151,0.0,0.0,1276,0.9999999999999999,1.1102230246251565e-16
2023-02-07,-0.009843068198797558,-0.009843068198797558,0.0,0.0,1276,0.9999999999999999,1.1102230246251565e-16
2023-02-08,-0.012287322490756272,-0.012287322490756272,0.0,0.0,1276,0.9999999999999999,1.1102230246251565e-16
2023-02-09,-0.0019105280515542777,-0.0019105280515542777,0.0,0.0,1276,0.9999999999999999,1.1102230246251565e-16
2023-02-10,0.012053521372920883,0.012053521372920883,0.0,0.0,1276,0.9999999999999999,1.1102230246251565e-16
2023-02-13,0.0027514332735748574,0.0027514332735748574,0.0,0.0,1276,0.9999999999999999,1.1102230246251565e-16
2023-02-14,0.010909604660518673,0.010909604660518673,0.0,0.0,1276,0.9999999999999999,1.1102230246251565e-16
2023-02-15,-0.011467011852776026,-0.011467011852776026,0.0,0.0,1276,0.9999999999999999,1.1102230246251565e-16
2023-02-16,-0.004580247354628673,-0.004580247354628673,0.0,0.0,1276,0.9999999999999999,1.1102230246251565e-16
2023-02-17,-0.024965486303643165,-0.024965486303643165,0.0,0.0,1276,0.9999999999999999,1.1102230246251565e-16
2023-02-21,0.002293242832163493,0.002293242832163493,0.0,0.0,1276,0.9999999999999999,1.1102230246251565e-16
2023-02-22,0.0030754559263989536,0.0030754559263989536,0.0,0.0,1276,0.9999999999999999,1.1102230246251565e-16
2023-02-23,-0.012753986317029686,-0.012753986317029686,0.0,0.0,1276,0.9999999999999999,1.1102230246251565e-16
2023-02-24,0.0026478067860496706,0.0026478067860496706,0.0,0.0,1276,0.9999999999999999,1.1102230246251565e-16
2023-02-27,-0.0007165738681699488,-0.0007165738681699488,0.0,0.0,1276,0.9999999999999999,1.1102230246251565e-16
2023-02-28,-0.0008585739986978107,-0.0008593576977573718,0.0015673981191222544,7.836990595611272e-07,1275,0.9999999999999998,2.220446049250313e-16
2023-03-01,0.00683548447141592,0.00683548447141592,0.0,0.0,1275,0.9999999999999998,2.220446049250313e-16
2023-03-02,0.016043337907101586,0.016043337907101586,0.0,0.0,1275,0.9999999999999998,2.220446049250313e-16
2023-03-03,-0.007615525155450768,-0.007615525155450768,0.0,0.0,1275,0.9999999999999998,2.220446049250313e-16
2023-03-06,-0.015242641977524507,-0.015242641977524507,0.0,0.0,1275,0.9999999999999998,2.220446049250313e-16
2023-03-07,0.0018192942758667907,0.0018185099621413005,0.0015686274509804918,7.843137254902459e-07,1274,1.0,0.0
2023-03-08,-0.024382835569897912,-0.024382835569897912,0.0,0.0,1274,1.0,0.0
2023-03-09,-0.02465641455449074,-0.02465641455449074,0.0,0.0,1274,1.0,0.0
2023-03-10,-0.0074335981272689675,-0.0074335981272689675,0.0,0.0,1274,1.0,0.0
2023-03-13,0.011903917081695171,0.011903917081695171,0.0,0.0,1274,1.0,0.0
2023-03-14,-0.017186090425299866,-0.017186090425299866,0.0,0.0,1274,1.0,0.0
2023-03-15,0.014400217090761884,0.014400217090761884,0.0,0.0,1274,1.0,0.0
2023-03-16,-0.016792003221872034,-0.016792003221872034,0.0,0.0,1274,1.0,0.0
2023-03-17,0.008050976673309958,0.008050976673309958,0.0,0.0,1274,1.0,0.0
2023-03-20,0.018569102290380432,0.018569102290380432,0.0,0.0,1274,1.0,0.0
2023-03-21,-0.02107616847036535,-0.02107616847036535,0.0,0.0,1274,1.0,0.0
2023-03-22,-0.0010030285999325218,-0.0010030285999325218,0.0,0.0,1274,1.0,0.0
2023-03-23,0.003751624069378999,0.003751624069378999,0.0,0.0,1274,1.0,0.0
2023-03-24,0.00777459458402378,0.00777459458402378,0.0,0.0,1274,1.0,0.0
2023-03-27,0.0020039353216935317,0.0020039353216935317,0.0,0.0,1274,1.0,0.0
2023-03-28,0.016743290864761586,0.016743290864761586,0.0,0.0,1274,1.0,0.0
2023-03-29,0.005257241152678155,0.005256456223321797,0.0015698587127158654,7.849293563579327e-07,1273,0.9999999999999997,3.3306690738754696e-16
2023-03-30,0.01684097812849052,0.01684097812849052,0.0,0.0,1273,0.9999999999999997,3.3306690738754696e-16
2023-03-31,0.0003421498851774612,0.0003421498851774612,0.0,0.0,1273,0.9999999999999997,3.3306690738754696e-16
2023-04-03,-0.011526213738677819,-0.011527784830586696,0.00314218381775327,1.571091908876635e-06,1271,1.0,0.0
2023-04-04,-0.009624798710046963,-0.009624798710046963,0.0,0.0,1271,1.0,0.0
2023-04-05,0.0020047449032106674,0.0020047449032106674,0.0,0.0,1271,1.0,0.0
2023-04-06,0.007817379228246817,0.007817379228246817,0.0,0.0,1271,1.0,0.0
2023-04-10,0.009425973421615226,0.009425973421615226,0.0,0.0,1271,1.0,0.0
2023-04-11,-0.006871219209442329,-0.006871219209442329,0.0,0.0,1271,1.0,0.0
2023-04-12,0.011542596869496413,0.011542596869496413,0.0,0.0,1271,1.0,0.0
2023-04-13,-0.006450658869607968,-0.006450658869607968,0.0,0.0,1271,1.0,0.0
2023-04-14,0.007757433852582962,0.007757433852582962,0.0,0.0,1271,1.0,0.0
2023-04-17,0.00016466715608108584,0.00016466715608108584,0.0,0.0,1271,1.0,0.0
2023-04-18,-0.0019931562286113406,-0.0019931562286113406,0.0,0.0,1271,1.0,0.0
2023-04-19,-0.00819248440855593,-0.00819248440855593,0.0,0.0,1271,1.0,0.0
2023-04-20,-0.0005569600999984314,-0.0005569600999984314,0.0,0.0,1271,1.0,0.0
2023-04-21,-0.0014183539444790321,-0.0014183539444790321,0.0,0.0,1271,1.0,0.0
2023-04-24,-0.021324126373745932,-0.021324126373745932,0.0,0.0,1271,1.0,0.0
2023-04-25,-0.0063387068437967126,-0.0063387068437967126,0.0,0.0,1271,1.0,0.0
2023-04-26,0.015331311781949573,0.015331311781949573,0.0,0.0,1271,1.0,0.0
2023-04-27,0.009264309723580349,0.009264309723580349,0.0,0.0,1271,1.0,0.0
2023-04-28,-0.0014472016083193569,-0.0014472016083193569,0.0,0.0,1271,1.0,0.0
2023-05-01,-0.017573637861654626,-0.017573637861654626,0.0,0.0,1271,1.0,0.0
2023-05-02,-0.0023596412752348228,-0.0023604280572961916,0.0015735641227379886,7.867820613689943e-07,1270,1.0,0.0
2023-05-03,-0.00786180166853505,-0.007862589070109853,0.0015748031496063805,7.874015748031903e-07,1269,1.0,0.0
2023-05-04,0.024130704866425913,0.024130704866425913,0.0,0.0,1269,1.0,0.0
2023-05-05,0.002165112049183105,0.002165112049183105,0.0,0.0,1269,1.0,0.0
2023-05-08,-0.002916153346035676,-0.002916153346035676,0.0,0.0,1269,1.0,0.0
2023-05-09,0.0021769410693936696,0.0021769410693936696,0.0,0.0,1269,1.0,0.0
2023-05-10,-0.006590409487015421,-0.006590409487015421,0.0,0.0,1269,1.0,0.0
2023-05-11,-0.004130313824805601,-0.004130313824805601,0.0,0.0,1269,1.0,0.0
2023-05-12,0.014143976792413407,0.014143976792413407,0.0,0.0,1269,1.0,0.0
2023-05-15,-0.0164024506956337,-0.0164024506956337,0.0,0.0,1269,1.0,0.0
2023-05-16,0.01721424215310186,0.01721424215310186,0.0,0.0,1269,1.0,0.0
2023-05-17,0.006892296308411986,0.006892296308411986,0.0,0.0,1269,1.0,0.0
2023-05-18,-0.004587251685509983,-0.004588039087084786,0.0015748031496063805,7.874015748031903e-07,1270,1.0,0.0
2023-05-19,0.009516038540005742,0.009516038540005742,0.0,0.0,1270,1.0,0.0
2023-05-22,-0.009994033910178623,-0.009994033910178623,0.0,0.0,1270,1.0,0.0
2023-05-23,-0.011565054508045168,-0.011565841909619972,0.0015748031496063805,7.874015748031903e-07,1269,1.0,0.0
2023-05-24,-0.005054355243752534,-0.005054355243752534,0.0,0.0,1269,1.0,0.0
2023-05-25,0.011975215976367845,0.011975215976367845,0.0,0.0,1269,1.0,0.0
2023-05-26,-0.0012518507022930973,-0.0012518507022930973,0.0,0.0,1269,1.0,0.0
2023-05-30,-0.00830161882809309,-0.00830161882809309,0.0,0.0,1269,1.0,0.0
2023-05-31,0.011695202069217236,0.011695202069217236,0.0,0.0,1269,1.0,0.0
2023-06-01,0.0235527220485422,0.0235527220485422,0.0,0.0,1269,1.0,0.0
2023-06-02,-0.004662973219503716,-0.004662973219503716,0.0,0.0,1269,1.0,0.0
2023-06-05,0.014619987240414706,0.014619199838839903,0.0015748031496063805,7.874015748031903e-07,1270,1.0,0.0
2023-06-06,0.005858908388388469,0.005858908388388469,0.0,0.0,1270,1.0,0.0
2023-06-07,0.002208174626704574,0.002208174626704574,0.0,0.0,1270,1.0,0.0
2023-06-08,-0.00335037190211776,-0.00335037190211776,0.0,0.0,1270,1.0,0.0
2023-06-09,0.008120012356524318,0.008120012356524318,0.0,0.0,1270,1.0,0.0
2023-06-12,0.013299089764823788,0.013298302363248984,0.0015748031496063805,7.874015748031903e-07,1269,1.0,0.0
2023-06-13,-0.0024886186045788234,-0.0024886186045788234,0.0,0.0,1269,1.0,0.0
2023-06-14,0.011416569320915289,0.011416569320915289,0.0,0.0,1269,1.0,0.0
2023-06-15,-0.0036316865964003877,-0.0036316865964003877,0.0,0.0,1269,1.0,0.0
2023-06-16,-0.009306094622470463,-0.009306094622470463,0.0,0.0,1269,1.0,0.0
2023-06-20,-0.003553257892470782,-0.003553257892470782,0.0,0.0,1269,1.0,0.0
2023-06-21,-0.004257369465198149,-0.004257369465198149,0.0,0.0,1269,1.0,0.0
2023-06-22,-0.011662354924327266,-0.011662354924327266,0.0,0.0,1269,1.0,0.0
2023-06-23,0.0036040457643868123,0.0036040457643868123,0.0,0.0,1269,1.0,0.0
2023-06-26,0.014423260799717619,0.014423260799717619,0.0,0.0,1269,1.0,0.0
2023-06-27,0.0016260288158344753,0.0016260288158344753,0.0,0.0,1269,1.0,0.0
2023-06-28,0.006700844364623546,0.006700056342558928,0.0015760441292355205,7.880220646177603e-07,1268,1.0,0.0
2023-06-29,0.008861263883187073,0.008861263883187073,0.0,0.0,1268,1.0,0.0
2023-06-30,0.006401637361851446,0.006401637361851446,0.0,0.0,1268,1.0,0.0
2023-07-03,-0.006870186150312748,-0.006870186150312748,0.0,0.0,1268,1.0,0.0
2023-07-05,-0.014549721895709833,-0.014549721895709833,0.0,0.0,1268,1.0,0.0
2023-07-06,0.009531608100058722,0.009531608100058722,0.0,0.0,1268,1.0,0.0
2023-07-07,0.012172427049328968,0.012172427049328968,0.0,0.0,1268,1.0,0.0
2023-07-10,0.013255474105367114,0.013255474105367114,0.0,0.0,1268,1.0,0.0
2023-07-11,0.009857725049562387,0.009857725049562387,0.0,0.0,1268,1.0,0.0
2023-07-12,0.011180964787293895,0.011180964787293895,0.0,0.0,1268,1.0,0.0
2023-07-13,-0.011771087948765156,-0.011771087948765156,0.0,0.0,1268,1.0,0.0
2023-07-14,0.006113216209139661,0.006113216209139661,0.0,0.0,1268,1.0,0.0
2023-07-17,0.006769074406083346,0.006769074406083346,0.0,0.0,1268,1.0,0.0
2023-07-18,0.006098036507455874,0.006097248485391255,0.0015760441292355207,7.880220646177604e-07,1269,1.0,0.0
2023-07-19,-0.007251144697143226,-0.007251144697143226,0.0,0.0,1269,1.0,0.0
2023-07-20,0.00021089512427972232,0.00021010710221510456,0.0015760441292355207,7.880220646177604e-07,1268,1.0,0.0
2023-07-21,0.0020394508640245394,0.0020394508640245394,0.0,0.0,1268,1.0,0.0
2023-07-24,0.0012229555232413938,0.0012229555232413938,0.0,0.0,1268,1.0,0.0
2023-07-25,0.00589040628502544,0.005889618262960822,0.0015760441292355207,7.880220646177604e-07,1269,1.0,0.0
2023-07-26,-0.012076827939663842,-0.012076827939663842,0.0,0.0,1269,1.0,0.0
2023-07-27,0.0150631166163655,0.0150631166163655,0.0,0.0,1269,1.0,0.0
2023-07-28,0.008266631127274436,0.008266631127274436,0.0,0.0,1269,1.0,0.0
2023-07-31,-0.006058082473025462,-0.006058082473025462,0.0,0.0,1269,1.0,0.0
2023-08-01,-0.016050861297627426,-0.016050861297627426,0.0,0.0,1269,1.0,0.0
2023-08-02,-0.0018037615969963856,-0.0018037615969963856,0.0,0.0,1269,1.0,0.0
2023-08-03,-0.0039649469366597875,-0.0039649469366597875,0.0,0.0,1269,1.0,0.0
2023-08-04,0.0043130414031396225,0.0043130414031396225,0.0,0.0,1269,1.0,0.0
2023-08-07,-0.006134386567380575,-0.006134386567380575,0.0,0.0,1269,1.0,0.0
2023-08-08,-0.005798810192991508,-0.005798810192991508,0.0,0.0,1269,1.0,0.0
2023-08-09,0.000503689786618077,0.000503689786618077,0.0,0.0,1269,1.0,0.0
2023-08-10,-0.0011283812242283873,-0.0011283812242283873,0.0,0.0,1269,1.0,0.0
2023-08-11,-0.000752414937810725,-0.000752414937810725,0.0,0.0,1269,1.0,0.0
2023-08-14,-0.012715908524717979,-0.012715908524717979,0.0,0.0,1269,1.0,0.0
2023-08-15,-0.009500755899803268,-0.009500755899803268,0.0,0.0,1269,1.0,0.0
2023-08-16,-0.00951141187092653,-0.00951141187092653,0.0,0.0,1269,1.0,0.0
2023-08-17,0.0012295683468235867,0.0012295683468235867,0.0,0.0,1269,1.0,0.0
2023-08-18,0.0011346675248284585,0.0011346675248284585,0.0,0.0,1269,1.0,0.0
2023-08-21,-0.0016332448324947596,-0.0016332448324947596,0.0,0.0,1269,1.0,0.0
2023-08-22,0.01137080913724552,0.01137080913724552,0.0,0.0,1269,1.0,0.0
2023-08-23,-0.013102632347882021,-0.013102632347882021,0.0,0.0,1269,1.0,0.0
2023-08-24,0.00486940917679246,0.00486940917679246,0.0,0.0,1269,1.0,0.0
2023-08-25,0.009071432793200437,0.009071432793200437,0.0,0.0,1269,1.0,0.0
2023-08-28,0.015634820467665393,0.015634820467665393,0.0,0.0,1269,1.0,0.0
2023-08-29,0.004133126208683974,0.004133126208683974,0.0,0.0,1269,1.0,0.0
2023-08-30,-0.0030719821830930043,-0.0030719821830930043,0.0,0.0,1269,1.0,0.0
2023-08-31,0.00679921316330954,0.00679921316330954,0.0,0.0,1269,1.0,0.0
2023-09-01,-0.012241971376561488,-0.012241971376561488,0.0,0.0,1269,1.0,0.0
2023-09-05,-0.004299864613347611,-0.004300652635412229,0.0015760441292355207,7.880220646177604e-07,1268,1.0,0.0
2023-09-06,-0.008581344991088266,-0.008581344991088266,0.0,0.0,1268,1.0,0.0
2023-09-07,-0.0009663484670565297,-0.0009663484670565297,0.0,0.0,1268,1.0,0.0
2023-09-08,0.004436941724378383,0.004436941724378383,0.0,0.0,1268,1.0,0.0
2023-09-11,-0.001489295163967343,-0.001489295163967343,0.0,0.0,1268,1.0,0.0
2023-09-12,-0.005057481742988186,-0.005057481742988186,0.0,0.0,1268,1.0,0.0
2023-09-13,0.012079385333285318,0.012079385333285318,0.0,0.0,1268,1.0,0.0
2023-09-14,-0.0059862253673979215,-0.0059862253673979215,0.0,0.0,1268,1.0,0.0
2023-09-15,-0.004409399869022693,-0.004409399869022693,0.0,0.0,1268,1.0,0.0
2023-09-18,-0.0035430833973752844,-0.0035430833973752844,0.0,0.0,1268,1.0,0.0
2023-09-19,-0.0050205848163370915,-0.00502137283840171,0.0015760441292355207,7.880220646177604e-07,1269,1.0,0.0
2023-09-20,-0.019740456266980056,-0.019740456266980056,0.0,0.0,1269,1.0,0.0
2023-09-21,-0.0017884536694434442,-0.0017884536694434442,0.0,0.0,1269,1.0,0.0
2023-09-22,0.0009768861199990172,0.0009768861199990172,0.0,0.0,1269,1.0,0.0
2023-09-25,-0.01437518315567924,-0.014375971177743857,0.0015760441292355207,7.880220646177604e-07,1268,1.0,0.0
2023-09-26,0.004413983348058188,0.004413983348058188,0.0,0.0,1268,1.0,0.0
2023-09-27,0.008789799462454676,0.008789799462454676,0.0,0.0,1268,1.0,0.0
2023-09-28,-0.000747365341841523,-0.000748153985374646,0.0015772870662460851,7.886435331230426e-07,1267,1.0,0.0
2023-09-29,-0.013612489466279833,-0.013612489466279833,0.0,0.0,1267,1.0,0.0
2023-10-02,-0.01685465208931205,-0.01685465208931205,0.0,0.0,1267,1.0,0.0
2023-10-03,0.004626267607949465,0.004626267607949465,0.0,0.0,1267,1.0,0.0
2023-10-04,-0.0025425189903072777,-0.0025425189903072777,0.0,0.0,1267,1.0,0.0
2023-10-05,0.011671113935671037,0.011671113935671037,0.0,0.0,1267,1.0,0.0
2023-10-06,0.00451334682298366,0.004512557557001024,0.001578531965272284,7.89265982636142e-07,1266,1.0,0.0
2023-10-09,0.01378173224049703,0.01378173224049703,0.0,0.0,1266,1.0,0.0
2023-10-10,0.0020303319643104265,0.0020303319643104265,0.0,0.0,1266,1.0,0.0
2023-10-11,-0.018126822419555447,-0.018126822419555447,0.0,0.0,1266,1.0,0.0
2023-10-12,-0.005007807095523021,-0.005007807095523021,0.0,0.0,1266,1.0,0.0
2023-10-13,0.014648788416097208,0.014647998526681727,0.001579778830963665,7.898894154818326e-07,1266,1.0,0.0
2023-10-16,0.006630928228394123,0.006630928228394123,0.0,0.0,1266,1.0,0.0
2023-10-17,-0.02084780578106967,-0.020848595670485155,0.0015797788309636674,7.898894154818337e-07,1265,1.0,0.0
2023-10-18,-0.013419607966659957,-0.013419607966659957,0.0,0.0,1265,1.0,0.0
2023-10-19,-0.012553390087970559,-0.012553390087970559,0.0,0.0,1265,1.0,0.0
2023-10-20,-0.0066713669245842995,-0.0066713669245842995,0.0,0.0,1265,1.0,0.0
2023-10-23,0.010087316781705737,0.010087316781705737,0.0,0.0,1265,1.0,0.0
2023-10-24,-0.017323620416678176,-0.017323620416678176,0.0,0.0,1265,1.0,0.0
2023-10-25,-0.00022605629036667936,-0.00022605629036667936,0.0,0.0,1265,1.0,0.0
2023-10-26,-0.011364143090605154,-0.011364143090605154,0.0,0.0,1265,1.0,0.0
2023-10-27,0.007297705254566827,0.007296915365151345,0.0015797788309636674,7.898894154818337e-07,1266,1.0,0.0
2023-10-30,0.00816747254093947,0.00816747254093947,0.0,0.0,1266,1.0,0.0
2023-10-31,0.0036108814062816054,0.0036108814062816054,0.0,0.0,1266,1.0,0.0
2023-11-01,0.027635416707645282,0.027635416707645282,0.0,0.0,1266,1.0,0.0
2023-11-02,0.022676380333933432,0.022676380333933432,0.0,0.0,1266,1.0,0.0
2023-11-03,-0.00713002705805177,-0.00713002705805177,0.0,0.0,1266,1.0,0.0
2023-11-06,0.00038130221655282377,0.00038130221655282377,0.0,0.0,1266,1.0,0.0
2023-11-07,-0.004333284456394618,-0.004333284456394618,0.0,0.0,1266,1.0,0.0
2023-11-08,-0.013094075799150447,-0.013094075799150447,0.0,0.0,1266,1.0,0.0
2023-11-09,0.010321411036151898,0.010321411036151898,0.0,0.0,1266,1.0,0.0
2023-11-10,-0.00010225477747167686,-0.00010225477747167686,0.0,0.0,1266,1.0,0.0
2023-11-13,0.036736420447106344,0.036736420447106344,0.0,0.0,1266,1.0,0.0
2023-11-14,0.008121788257153935,0.008121788257153935,0.0,0.0,1266,1.0,0.0
2023-11-15,-0.009027342311979818,-0.009027342311979818,0.0,0.0,1266,1.0,0.0
2023-11-16,0.009584370295243606,0.009584370295243606,0.0,0.0,1266,1.0,0.0
2023-11-17,0.00798597262668084,0.00798597262668084,0.0,0.0,1266,1.0,0.0
2023-11-20,-0.0070876566694784895,-0.0070876566694784895,0.0,0.0,1266,1.0,0.0
2023-11-21,0.005106464118249523,0.005106464118249523,0.0,0.0,1266,1.0,0.0
2023-11-22,0.006219456046677912,0.006218666157262431,0.0015797788309636674,7.898894154818337e-07,1265,1.0,0.0
2023-11-24,-0.0023524806605839596,-0.0023524806605839596,0.0,0.0,1265,1.0,0.0
2023-11-27,0.0015735791401743024,0.0015735791401743024,0.0,0.0,1265,1.0,0.0
2023-11-28,0.00538956344744672,0.005388772933612728,0.001581027667984187,7.905138339920936e-07,1264,1.0,0.0
2023-11-29,0.0039729240444493176,0.0039729240444493176,0.0,0.0,1264,1.0,0.0
2023-11-30,0.02290964645920815,0.022908855945374156,0.001581027667984187,7.905138339920936e-07,1265,1.0,0.0
2023-12-01,0.002764234558904695,0.002764234558904695,0.0,0.0,1265,1.0,0.0
2023-12-04,-0.01088556368131653,-0.01088556368131653,0.0,0.0,1265,1.0,0.0
2023-12-05,-0.00017232966827140537,-0.00017232966827140537,0.0,0.0,1265,1.0,0.0
2023-12-06,0.004929467878562301,0.004929467878562301,0.0,0.0,1265,1.0,0.0
2023-12-07,0.004152944265121141,0.004152944265121141,0.0,0.0,1265,1.0,0.0
2023-12-08,0.003933583778419006,0.003933583778419006,0.0,0.0,1265,1.0,0.0
2023-12-11,-0.0010513150467020387,-0.0010513150467020387,0.0,0.0,1265,1.0,0.0
2023-12-12,0.027279913310522947,0.027279913310522947,0.0,0.0,1265,1.0,0.0
2023-12-13,0.021393921181343506,0.021393131291928023,0.0015797788309636674,7.898894154818337e-07,1266,1.0,0.0
2023-12-14,-0.00769422805642673,-0.007695017945842211,0.0015797788309636674,7.898894154818337e-07,1265,1.0,0.0
2023-12-15,0.0004988567994598126,0.0004988567994598126,0.0,0.0,1265,1.0,0.0
2023-12-18,0.013405980356998207,0.013405980356998207,0.0,0.0,1265,1.0,0.0
2023-12-19,-0.020346142127594412,-0.020346932641428405,0.001581027667984187,7.905138339920936e-07,1264,1.0,0.0
2023-12-20,0.016450262726866234,0.016450262726866234,0.0,0.0,1264,1.0,0.0
2023-12-21,0.004427792782740978,0.004427792782740978,0.0,0.0,1264,1.0,0.0
2023-12-22,0.008101455062559099,0.008101455062559099,0.0,0.0,1264,1.0,0.0
2023-12-26,0.002643861326326071,0.002643861326326071,0.0,0.0,1264,1.0,0.0
2023-12-27,0.0011784693571337324,0.0011784693571337324,0.0,0.0,1264,1.0,0.0
2023-12-28,-0.006615706334659218,-0.006615706334659218,0.0,0.0,1264,1.0,0.0
2023-12-29,-0.008329660348130489,-0.008329660348130489,0.0,0.0,1264,1.0,0.0
2024-01-02,-0.017767173742038,-0.01776796488127851,0.0015822784810126268,7.911392405063134e-07,1263,0.9999999999999998,2.220446049250313e-16
2024-01-03,-0.000360430101794009,-0.000360430101794009,0.0,0.0,1263,0.9999999999999998,2.220446049250313e-16
2024-01-04,0.0016257094776488154,0.0016257094776488154,0.0,0.0,1263,0.9999999999999998,2.220446049250313e-16
2024-01-05,0.013015900896421418,0.013015109757180912,0.0015822784810126268,7.911392405063134e-07,1264,1.0,0.0
2024-01-08,-0.00811921781122418,-0.00811921781122418,0.0,0.0,1264,1.0,0.0
2024-01-09,0.0014738514173318978,0.0014738514173318978,0.0,0.0,1264,1.0,0.0
2024-01-10,-0.005040658978446808,-0.005040658978446808,0.0,0.0,1264,1.0,0.0
2024-01-11,-0.002458452533590481,-0.002458452533590481,0.0,0.0,1264,1.0,0.0
2024-01-12,-0.011097106915054382,-0.011097106915054382,0.0,0.0,1264,1.0,0.0
2024-01-16,-0.010371705735102339,-0.010371705735102339,0.0,0.0,1264,1.0,0.0
2024-01-17,0.005522298810561792,0.005522298810561792,0.0,0.0,1264,1.0,0.0
2024-01-18,0.008137386475491375,0.008137386475491375,0.0,0.0,1264,1.0,0.0
2024-01-19,0.00835401546136115,0.00835401546136115,0.0,0.0,1264,1.0,0.0
2024-01-22,0.002440490209868792,0.002440490209868792,0.0,0.0,1264,1.0,0.0
2024-01-23,-0.0057957927897849875,-0.005796583929025494,0.0015822784810126268,7.911392405063134e-07,1263,0.9999999999999998,2.220446049250313e-16
2024-01-24,0.007571615973430446,0.007571615973430446,0.0,0.0,1263,0.9999999999999998,2.220446049250313e-16
2024-01-25,0.0018457986015413723,0.0018457986015413723,0.0,0.0,1263,0.9999999999999998,2.220446049250313e-16
2024-01-26,0.010111152673446056,0.010110360907808685,0.0015835312747427613,7.917656373713807e-07,1262,1.0,0.0
2024-01-29,-0.005111364566284145,-0.005111364566284145,0.0,0.0,1262,1.0,0.0
2024-01-30,-0.014813317284704594,-0.014814109677731536,0.0015847860538826897,7.923930269413448e-07,1261,1.0,0.0
2024-01-31,0.013228348060209574,0.013228348060209574,0.0,0.0,1261,1.0,0.0
2024-02-01,-0.00242955521655951,-0.00242955521655951,0.0,0.0,1261,1.0,0.0
2024-02-02,-0.011843297003189509,-0.011843297003189509,0.0,0.0,1261,1.0,0.0
2024-02-05,0.011707535332902027,0.011707535332902027,0.0,0.0,1261,1.0,0.0
2024-02-06,0.0010641659547553826,0.0010641659547553826,0.0,0.0,1261,1.0,0.0
2024-02-07,0.005540025984058337,0.005539232962646759,0.0015860428231562224,7.930214115781112e-07,1260,1.0,0.0
2024-02-08,0.00639029264287341,0.00639029264287341,0.0,0.0,1260,1.0,0.0
2024-02-09,0.010329934131562907,0.010329934131562907,0.0,0.0,1260,1.0,0.0
2024-02-12,-0.0251244946786228,-0.025126081980210102,0.003174603174603119,1.5873015873015596e-06,1259,0.9999999999999998,2.220446049250313e-16
2024-02-13,0.017982155918618514,0.017981362267824864,0.0015873015873015318,7.936507936507659e-07,1260,1.0,0.0
2024-02-14,0.014583498423653292,0.014583498423653292,0.0,0.0,1260,1.0,0.0
2024-02-15,-0.004403664904854669,-0.004403664904854669,0.0,0.0,1260,1.0,0.0
2024-02-16,-0.006700797667425986,-0.006700797667425986,0.0,0.0,1260,1.0,0.0
2024-02-20,-0.0021401544685654395,-0.0021401544685654395,0.0,0.0,1260,1.0,0.0
2024-02-21,0.009409676480799678,0.009409676480799678,0.0,0.0,1260,1.0,0.0
2024-02-22,0.0016666296596575241,0.0016666296596575241,0.0,0.0,1260,1.0,0.0
2024-02-23,0.0015147580961411404,0.0015147580961411404,0.0,0.0,1260,1.0,0.0
2024-02-26,0.009973432196518677,0.009973432196518677,0.0,0.0,1260,1.0,0.0
2024-02-27,-0.004046003196589759,-0.004046003196589759,0.0,0.0,1260,1.0,0.0
2024-02-28,0.006469044045051841,0.006469044045051841,0.0,0.0,1260,1.0,0.0
2024-02-29,0.008611254935286226,0.008611254935286226,0.0,0.0,1260,1.0,0.0
2024-03-01,-0.0015486373895000028,-0.0015486373895000028,0.0,0.0,1260,1.0,0.0
2024-03-04,-0.008724010945020268,-0.008724010945020268,0.0,0.0,1260,1.0,0.0
2024-03-05,0.008410297822718883,0.008410297822718883,0.0,0.0,1260,1.0,0.0
2024-03-06,0.008710017270903474,0.008710017270903474,0.0,0.0,1260,1.0,0.0
2024-03-07,-0.0009424722056055733,-0.0009424722056055733,0.0,0.0,1260,1.0,0.0
2024-03-08,-0.0005824827929317307,-0.0005824827929317307,0.0,0.0,1260,1.0,0.0
2024-03-11,0.0033034202413575004,0.0033034202413575004,0.0,0.0,1260,1.0,0.0
2024-03-12,0.002937749449153927,0.002937749449153927,0.0,0.0,1260,1.0,0.0
2024-03-13,-0.013506935560316034,-0.013506935560316034,0.0,0.0,1260,1.0,0.0
2024-03-14,-0.0004919047987401162,-0.0004919047987401162,0.0,0.0,1260,1.0,0.0
2024-03-15,0.0010854718963412536,0.0010854718963412536,0.0,0.0,1260,1.0,0.0
2024-03-18,0.002447283919684534,0.0024456966180972325,0.0031746031746032392,1.5873015873016197e-06,1258,1.0,0.0
2024-03-19,0.014948980078304232,0.014948185165744613,0.0015898251192368665,7.949125596184333e-07,1257,1.0,0.0
2024-03-20,0.006449261105731701,0.006449261105731701,0.0,0.0,1257,1.0,0.0
2024-03-21,-0.007959196677101207,-0.007959196677101207,0.0,0.0,1257,1.0,0.0
2024-03-22,-0.0008248754116575678,-0.0008248754116575678,0.0,0.0,1257,1.0,0.0
2024-03-25,-0.0016584661537602937,-0.0016584661537602937,0.0,0.0,1257,1.0,0.0
2024-03-26,0.01579789235156019,0.01579789235156019,0.0,0.0,1257,1.0,0.0
2024-03-27,0.004185918385520718,0.004185918385520718,0.0,0.0,1257,1.0,0.0
2024-03-28,-0.006137121533187441,-0.006137121533187441,0.0,0.0,1257,1.0,0.0
2024-04-01,-0.010500844502132822,-0.01050163941469244,0.0015898251192368665,7.949125596184333e-07,1258,1.0,0.0
2024-04-02,0.004213445426651786,0.004213445426651786,0.0,0.0,1258,1.0,0.0
2024-04-03,-0.00984590480053941,-0.00984590480053941,0.0,0.0,1258,1.0,0.0
2024-04-04,0.005611176698370347,0.005611176698370347,0.0,0.0,1258,1.0,0.0
2024-04-05,0.004763502454872507,0.004763502454872507,0.0,0.0,1258,1.0,0.0
2024-04-08,0.005166841919064807,0.005166841919064807,0.0,0.0,1258,1.0,0.0
2024-04-09,-0.018143156593212098,-0.018143156593212098,0.0,0.0,1258,1.0,0.0
2024-04-10,0.0006301454839494284,0.0006301454839494284,0.0,0.0,1258,1.0,0.0
2024-04-11,-0.02034260575903957,-0.02034260575903957,0.0,0.0,1258,1.0,0.0
2024-04-12,-0.013686285426480926,-0.013686285426480926,0.0,0.0,1258,1.0,0.0
2024-04-15,-0.005527092893206945,-0.005527092893206945,0.0,0.0,1258,1.0,0.0
2024-04-16,-0.003747452657534526,-0.003747452657534526,0.0,0.0,1258,1.0,0.0
2024-04-17,-0.0006401022820184854,-0.0006401022820184854,0.0,0.0,1258,1.0,0.0
2024-04-18,0.0004455654714498286,0.0004455654714498286,0.0,0.0,1258,1.0,0.0
2024-04-19,0.009479615144113532,0.009478820231553914,0.0015898251192368665,7.949125596184333e-07,1257,1.0,0.0
2024-04-22,0.013778250201831637,0.013778250201831637,0.0,0.0,1257,1.0,0.0
2024-04-23,-0.000458551310113208,-0.000458551310113208,0.0,0.0,1257,1.0,0.0
2024-04-24,-0.0035808951942178117,-0.0035808951942178117,0.0,0.0,1257,1.0,0.0
2024-04-25,0.008067482723735236,0.008067482723735236,0.0,0.0,1257,1.0,0.0
2024-04-26,0.007273117969976101,0.007273117969976101,0.0,0.0,1257,1.0,0.0
2024-04-29,-0.017164430013988548,-0.017164430013988548,0.0,0.0,1257,1.0,0.0
2024-04-30,0.0006616965193485785,0.0006616965193485785,0.0,0.0,1257,1.0,0.0
2024-05-01,0.013471665680752021,0.013471665680752021,0.0,0.0,1257,1.0,0.0
2024-05-02,0.009722708569213097,0.009722708569213097,0.0,0.0,1257,1.0,0.0
2024-05-03,0.010963211293582225,0.010962415748633936,0.0015910898965791611,7.955449482895806e-07,1256,1.0,0.0
2024-05-06,-0.000777528957108223,-0.0007783245020565125,0.0015910898965791611,7.955449482895806e-07,1257,1.0,0.0
2024-05-07,-0.0024691324484719807,-0.0024691324484719807,0.0,0.0,1257,1.0,0.0
2024-05-08,0.009436244781377185,0.009436244781377185,0.0,0.0,1257,1.0,0.0
2024-05-09,-0.0016226430198653613,-0.0016226430198653613,0.0,0.0,1257,1.0,0.0
2024-05-10,0.005882500577475107,0.005882500577475107,0.0,0.0,1257,1.0,0.0
2024-05-13,0.010668449954619751,0.010668449954619751,0.0,0.0,1257,1.0,0.0
2024-05-14,0.006465065080005091,0.006465065080005091,0.0,0.0,1257,1.0,0.0
2024-05-15,-0.0025051973666720324,-0.0025051973666720324,0.0,0.0,1257,1.0,0.0
2024-05-16,0.0012720531307019447,0.0012720531307019447,0.0,0.0,1257,1.0,0.0
2024-05-17,0.0015189402609184046,0.0015189402609184046,0.0,0.0,1257,1.0,0.0
2024-05-20,-0.0041331025545841785,-0.0041331025545841785,0.0,0.0,1257,1.0,0.0
2024-05-21,-0.006239603609510163,-0.006239603609510163,0.0,0.0,1257,1.0,0.0
2024-05-22,-0.015696351338599503,-0.015696351338599503,0.0,0.0,1257,1.0,0.0
2024-05-23,0.008461948756440383,0.008461948756440383,0.0,0.0,1257,1.0,0.0
2024-05-24,-0.0030003548939747356,-0.0030003548939747356,0.0,0.0,1257,1.0,0.0
2024-05-28,-0.011690596914747203,-0.011690596914747203,0.0,0.0,1257,1.0,0.0
2024-05-29,0.00801834291502674,0.00801834291502674,0.0,0.0,1257,1.0,0.0
2024-05-30,0.008186683995305614,0.008186683995305614,0.0,0.0,1257,1.0,0.0
2024-05-31,-0.0033099165159503827,-0.0033107120608986723,0.0015910898965791611,7.955449482895806e-07,1256,1.0,0.0
2024-06-03,-0.008687869192052498,-0.008687869192052498,0.0,0.0,1256,1.0,0.0
2024-06-04,0.011170657589931382,0.011170657589931382,0.0,0.0,1256,1.0,0.0
2024-06-05,0.0005586921992221841,0.0005586921992221841,0.0,0.0,1256,1.0,0.0
2024-06-06,-0.009594305594968232,-0.009594305594968232,0.0,0.0,1256,1.0,0.0
2024-06-07,0.0033890551925925814,0.0033890551925925814,0.0,0.0,1256,1.0,0.0
2024-06-10,-0.0035675577405913624,-0.0035675577405913624,0.0,0.0,1256,1.0,0.0
2024-06-11,0.008915957503714097,0.008915957503714097,0.0,0.0,1256,1.0,0.0
2024-06-12,-0.007746464488768864,-0.007746464488768864,0.0,0.0,1256,1.0,0.0
2024-06-13,-0.010153348795487786,-0.010153348795487786,0.0,0.0,1256,1.0,0.0
2024-06-14,0.004705826708959468,0.004705826708959468,0.0,0.0,1256,1.0,0.0
2024-06-17,0.0007921672681930406,0.000791371723244751,0.0015910898965791611,7.955449482895806e-07,1257,1.0,0.0
2024-06-18,-0.0008162415446977494,-0.0008162415446977494,0.0,0.0,1257,1.0,0.0
2024-06-20,0.0022350697745490786,0.0022350697745490786,0.0,0.0,1257,1.0,0.0
2024-06-21,0.005572028998559584,0.005572028998559584,0.0,0.0,1257,1.0,0.0
2024-06-24,-0.006175431305348393,-0.006175431305348393,0.0,0.0,1257,1.0,0.0
2024-06-25,-0.001559595818287995,-0.001559595818287995,0.0,0.0,1257,1.0,0.0
2024-06-26,0.0036625945920450054,0.0036625945920450054,0.0,0.0,1257,1.0,0.0
2024-06-27,0.0006151155676654889,0.0006151155676654889,0.0,0.0,1257,1.0,0.0
2024-06-28,-0.007223558759245758,-0.007223558759245758,0.0,0.0,1257,1.0,0.0
2024-07-01,0.003959705472649721,0.003959705472649721,0.0,0.0,1257,1.0,0.0
2024-07-02,0.006096291293770303,0.006096291293770303,0.0,0.0,1257,1.0,0.0
2024-07-03,-0.0005392147094825028,-0.0005392147094825028,0.0,0.0,1257,1.0,0.0
2024-07-05,0.002532105830914964,0.002532105830914964,0.0,0.0,1257,1.0,0.0
2024-07-08,-0.0024381856217684963,-0.002438981166716786,0.0015910898965791611,7.955449482895806e-07,1256,1.0,0.0
2024-07-09,0.008985663826239273,0.008985663826239273,0.0,0.0,1256,1.0,0.0
2024-07-10,0.017262311730029095,0.017262311730029095,0.0,0.0,1256,1.0,0.0
2024-07-11,0.010118911192969163,0.010118911192969163,0.0,0.0,1256,1.0,0.0
2024-07-12,0.0023367874603541774,0.0023367874603541774,0.0,0.0,1256,1.0,0.0
2024-07-15,0.020175147481181398,0.020175147481181398,0.0,0.0,1256,1.0,0.0
2024-07-16,-0.010821635258822376,-0.010821635258822376,0.0,0.0,1256,1.0,0.0
2024-07-17,-0.01395977134752458,-0.01395977134752458,0.0,0.0,1256,1.0,0.0
2024-07-18,-0.006551500951083091,-0.006551500951083091,0.0,0.0,1256,1.0,0.0
2024-07-19,0.011593325813306328,0.011593325813306328,0.0,0.0,1256,1.0,0.0
2024-07-22,0.002200690631203168,0.002200690631203168,0.0,0.0,1256,1.0,0.0
2024-07-23,-0.01797739606228538,-0.01797739606228538,0.0,0.0,1256,1.0,0.0
2024-07-24,0.0038062797209985344,0.0038062797209985344,0.0,0.0,1256,1.0,0.0
2024-07-25,0.015615214891692946,0.015615214891692946,0.0,0.0,1256,1.0,0.0
2024-07-26,-0.00199043409390984,-0.00199043409390984,0.0,0.0,1256,1.0,0.0
2024-07-29,-0.0006929937980193319,-0.0006929937980193319,0.0,0.0,1256,1.0,0.0
2024-07-30,0.00981616710195064,0.00981616710195064,0.0,0.0,1256,1.0,0.0
2024-07-31,-0.021021393660235775,-0.021022189205184064,0.0015910898965791611,7.955449482895806e-07,1257,1.0,0.0
2024-08-01,-0.025215386664200482,-0.025215386664200482,0.0,0.0,1257,1.0,0.0
2024-08-02,-0.024947821252512846,-0.024947821252512846,0.0,0.0,1257,1.0,0.0
2024-08-05,0.010789385335549151,0.010789385335549151,0.0,0.0,1257,1.0,0.0
2024-08-06,-0.008978887587061272,-0.008978887587061272,0.0,0.0,1257,1.0,0.0
2024-08-07,0.02412802933042954,0.02412802933042954,0.0,0.0,1257,1.0,0.0
2024-08-08,0.0015084985846293638,0.0015084985846293638,0.0,0.0,1257,1.0,0.0
2024-08-09,-0.004981400249274869,-0.004981400249274869,0.0,0.0,1257,1.0,0.0
2024-08-12,0.016054873406745836,0.016054873406745836,0.0,0.0,1257,1.0,0.0
2024-08-13,-0.0006273772728830718,-0.0006273772728830718,0.0,0.0,1257,1.0,0.0
2024-08-14,0.01876614128019216,0.01876614128019216,0.0,0.0,1257,1.0,0.0
2024-08-15,0.0036148630613884285,0.0036148630613884285,0.0,0.0,1257,1.0,0.0
2024-08-16,0.01131269026118964,0.01131189471624135,0.0015910898965791611,7.955449482895806e-07,1256,1.0,0.0
2024-08-19,-0.007637096123256812,-0.007637096123256812,0.0,0.0,1256,1.0,0.0
2024-08-20,0.01075246550825043,0.01075246550825043,0.0,0.0,1256,1.0,0.0
2024-08-21,-0.008297529654360819,-0.008297529654360819,0.0,0.0,1256,1.0,0.0
2024-08-22,0.018634646691136153,0.018634646691136153,0.0,0.0,1256,1.0,0.0
2024-08-23,-0.0017002322509157145,-0.0017002322509157145,0.0,0.0,1256,1.0,0.0
2024-08-26,-0.002584180170501524,-0.002584180170501524,0.0,0.0,1256,1.0,0.0
2024-08-27,-0.009153713387227196,-0.009153713387227196,0.0,0.0,1256,1.0,0.0
2024-08-28,0.006256094439941453,0.006256094439941453,0.0,0.0,1256,1.0,0.0
2024-08-29,0.005702163724479869,0.005702163724479869,0.0,0.0,1256,1.0,0.0
2024-08-30,-0.02148561779960232,-0.02148561779960232,0.0,0.0,1256,1.0,0.0
2024-09-03,-0.0011795213117510935,-0.0011795213117510935,0.0,0.0,1256,1.0,0.0
2024-09-04,-0.0037541847355609657,-0.0037541847355609657,0.0,0.0,1256,1.0,0.0
2024-09-05,-0.01595385128535995,-0.01595385128535995,0.0,0.0,1256,1.0,0.0
2024-09-06,0.008169615771897544,0.008169615771897544,0.0,0.0,1256,1.0,0.0
2024-09-09,-0.0008733098905567785,-0.0008733098905567785,0.0,0.0,1256,1.0,0.0
2024-09-10,0.007404237221848267,0.007404237221848267,0.0,0.0,1256,1.0,0.0
2024-09-11,0.007969337422994448,0.007969337422994448,0.0,0.0,1256,1.0,0.0
2024-09-12,0.01434611838793011,0.01434532284298182,0.0015910898965791611,7.955449482895806e-07,1257,1.0,0.0
2024-09-13,0.005140558199397203,0.005140558199397203,0.0,0.0,1257,1.0,0.0
2024-09-16,0.003942981385997104,0.003942186473437486,0.0015898251192368665,7.949125596184333e-07,1258,1.0,0.0
2024-09-17,-0.0013545539578386323,-0.0013545539578386323,0.0,0.0,1258,1.0,0.0
2024-09-18,0.016161618528272435,0.016161618528272435,0.0,0.0,1258,1.0,0.0
2024-09-19,-0.005925741099985343,-0.005926535381160879,0.0015885623510723992,7.942811755361997e-07,1259,0.9999999999999998,2.220446049250313e-16
2024-09-20,0.003095698693799057,0.003094905043005406,0.0015873015873015318,7.936507936507659e-07,1260,1.0,0.0
2024-09-23,0.008428725989730332,0.008428725989730332,0.0,0.0,1260,1.0,0.0
2024-09-24,-0.009558952209924209,-0.009558952209924209,0.0,0.0,1260,1.0,0.0
2024-09-25,0.013093572734389363,0.013093572734389363,0.0,0.0,1260,1.0,0.0
2024-09-26,0.004714571921827875,0.004714571921827875,0.0,0.0,1260,1.0,0.0
2024-09-27,-0.0006482745682204956,-0.0006482745682204956,0.0,0.0,1260,1.0,0.0
2024-09-30,-0.006351395235320963,-0.006351395235320963,0.0,0.0,1260,1.0,0.0
2024-10-01,0.0026310284479185873,0.0026302347971249363,0.0015873015873015318,7.936507936507659e-07,1259,0.9999999999999998,2.220446049250313e-16
2024-10-02,-0.0061257021649332374,-0.006126495815726888,0.0015873015873015318,7.936507936507659e-07,1260,1.0,0.0
2024-10-03,0.01105908271026717,0.01105908271026717,0.0,0.0,1260,1.0,0.0
2024-10-04,-0.008076294573344762,-0.008076294573344762,0.0,0.0,1260,1.0,0.0
2024-10-07,-0.0011299175066929313,-0.0011299175066929313,0.0,0.0,1260,1.0,0.0
2024-10-08,0.00479311838207421,0.00479311838207421,0.0,0.0,1260,1.0,0.0
2024-10-09,-0.0015569254226294699,-0.0015569254226294699,0.0,0.0,1260,1.0,0.0
2024-10-10,0.012363011845777913,0.012363011845777913,0.0,0.0,1260,1.0,0.0
2024-10-11,0.0044181231031119456,0.0044173300817003675,0.0015860428231562224,7.930214115781112e-07,1261,1.0,0.0
2024-10-14,-0.005879520726392456,-0.005879520726392456,0.0,0.0,1261,1.0,0.0
2024-10-15,0.00914848232606581,0.00914848232606581,0.0,0.0,1261,1.0,0.0
2024-10-16,-0.0020172352408474323,-0.0020172352408474323,0.0,0.0,1261,1.0,0.0
2024-10-17,0.005630422219954821,0.005630422219954821,0.0,0.0,1261,1.0,0.0
2024-10-18,-0.007926255737114609,-0.007927048758526187,0.0015860428231562224,7.930214115781112e-07,1260,1.0,0.0
2024-10-21,-0.003001614105415132,-0.003001614105415132,0.0,0.0,1260,1.0,0.0
2024-10-22,-0.00802055652241256,-0.00802055652241256,0.0,0.0,1260,1.0,0.0
2024-10-23,0.0025393341696537917,0.0025393341696537917,0.0,0.0,1260,1.0,0.0
2024-10-24,-0.0028853779754805546,-0.0028853779754805546,0.0,0.0,1260,1.0,0.0
2024-10-25,0.010766917489816136,0.010766917489816136,0.0,0.0,1260,1.0,0.0
2024-10-28,-0.002372821430048861,-0.002372821430048861,0.0,0.0,1260,1.0,0.0
2024-10-29,-0.0029642461687100306,-0.0029642461687100306,0.0,0.0,1260,1.0,0.0
2024-10-30,-0.013541932520894417,-0.013541932520894417,0.0,0.0,1260,1.0,0.0
2024-10-31,0.0035425542309766886,0.0035425542309766886,0.0,0.0,1260,1.0,0.0
2024-11-01,0.002171075067776052,0.002171075067776052,0.0,0.0,1260,1.0,0.0
2024-11-04,0.013572784989761865,0.013571991338968215,0.0015873015873015318,7.936507936507659e-07,1259,0.9999999999999998,2.220446049250313e-16
2024-11-05,0.022220052661935892,0.022220052661935892,0.0,0.0,1259,0.9999999999999998,2.220446049250313e-16
2024-11-06,0.006227089017761214,0.006227089017761214,0.0,0.0,1259,0.9999999999999998,2.220446049250313e-16
2024-11-07,0.0014105038200571511,0.0014105038200571511,0.0,0.0,1259,0.9999999999999998,2.220446049250313e-16
2024-11-08,0.00756088319384381,0.00756088319384381,0.0,0.0,1259,0.9999999999999998,2.220446049250313e-16
2024-11-11,-0.011648377484743256,-0.011648377484743256,0.0,0.0,1259,0.9999999999999998,2.220446049250313e-16
2024-11-12,-0.0030977972041408867,-0.0030977972041408867,0.0,0.0,1259,0.9999999999999998,2.220446049250313e-16
2024-11-13,-0.00840169743011834,-0.00840169743011834,0.0,0.0,1259,0.9999999999999998,2.220446049250313e-16
2024-11-14,-0.011112723279509233,-0.011112723279509233,0.0,0.0,1259,0.9999999999999998,2.220446049250313e-16
2024-11-15,0.0060662118600798755,0.0060662118600798755,0.0,0.0,1259,0.9999999999999998,2.220446049250313e-16
2024-11-18,0.0032973577685013493,0.003296563487325813,0.0015885623510723992,7.942811755361997e-07,1258,1.0,0.0
2024-11-19,0.003257973125195515,0.0032571782126358966,0.0015898251192368665,7.949125596184333e-07,1257,1.0,0.0
2024-11-20,0.014042851321114887,0.014042851321114887,0.0,0.0,1257,1.0,0.0
2024-11-21,0.012884524033428643,0.012884524033428643,0.0,0.0,1257,1.0,0.0
2024-11-22,0.013139865752124422,0.013139070207176133,0.0015910898965791611,7.955449482895806e-07,1256,1.0,0.0
2024-11-25,-0.0049094389046329635,-0.0049094389046329635,0.0,0.0,1256,1.0,0.0
2024-11-26,0.001270158671643021,0.001270158671643021,0.0,0.0,1256,1.0,0.0
2024-11-27,0.004266611436829038,0.004266611436829038,0.0,0.0,1256,1.0,0.0
2024-11-29,-5.018658257842021e-05,-5.018658257842021e-05,0.0,0.0,1256,1.0,0.0
2024-12-02,-0.001988973225063732,-0.001988973225063732,0.0,0.0,1256,1.0,0.0
2024-12-03,0.003613511121409941,0.003613511121409941,0.0,0.0,1256,1.0,0.0
2024-12-04,-0.005818082434168886,-0.0058188779791171754,0.0015910898965791611,7.955449482895806e-07,1257,1.0,0.0
2024-12-05,0.003938051756713879,0.003938051756713879,0.0,0.0,1257,1.0,0.0
2024-12-06,-0.0008672330317882077,-0.0008672330317882077,0.0,0.0,1257,1.0,0.0
2024-12-09,-0.009653547108911715,-0.009653547108911715,0.0,0.0,1257,1.0,0.0
2024-12-10,0.004231689271754208,0.004231689271754208,0.0,0.0,1257,1.0,0.0
2024-12-11,-0.007513319033742056,-0.007513319033742056,0.0,0.0,1257,1.0,0.0
2024-12-12,-0.005235708665027007,-0.005235708665027007,0.0,0.0,1257,1.0,0.0
2024-12-13,-0.0017812782982799362,-0.0017812782982799362,0.0,0.0,1257,1.0,0.0
2024-12-16,-0.005909830970962263,-0.005909830970962263,0.0,0.0,1257,1.0,0.0
2024-12-17,-0.03535007432123184,-0.03535007432123184,0.0,0.0,1257,1.0,0.0
2024-12-18,-0.0032205893963817055,-0.003221384941329995,0.0015910898965791611,7.955449482895806e-07,1256,1.0,0.0
2024-12-19,0.01239900675490527,0.01239900675490527,0.0,0.0,1256,1.0,0.0
2024-12-20,0.0021582982529786067,0.0021582982529786067,0.0,0.0,1256,1.0,0.0
2024-12-23,0.008641118532923521,0.008640322354579571,0.001592356687898076,7.96178343949038e-07,1255,0.9999999999999999,1.1102230246251565e-16
2024-12-24,0.003591220548787907,0.003591220548787907,0.0,0.0,1255,0.9999999999999999,1.1102230246251565e-16
2024-12-26,-0.009035842695922116,-0.009035842695922116,0.0,0.0,1255,0.9999999999999999,1.1102230246251565e-16
2024-12-27,-0.010361204814555346,-0.010361204814555346,0.0,0.0,1255,0.9999999999999999,1.1102230246251565e-16
2024-12-30,0.0010050100141747388,0.0010050100141747388,0.0,0.0,1255,0.9999999999999999,1.1102230246251565e-16
