date,gross_return,net_return,turnover,cost,n_names,invested,cash_weight
2014-01-02,-0.007259405836782159,-0.00775940583678216,1.0,0.0005,3,1.0,0.0
2014-01-03,-0.025352706827041938,-0.025686040160375272,0.6666666666666666,0.0003333333333333333,3,1.0,0.0
2014-01-06,0.03264659648257029,0.03264659648257029,0.0,0.0,3,1.0,0.0
2014-01-07,0.0901728218741682,0.08983948854083486,0.6666666666666666,0.0003333333333333333,3,1.0,0.0
2014-01-08,-0.0791398037214365,-0.0791398037214365,0.0,0.0,3,1.0,0.0
2014-01-09,0.05089972721357804,0.05089972721357804,0.0,0.0,3,1.0,0.0
2014-01-10,0.0034831833689995917,0.0034831833689995917,0.0,0.0,3,1.0,0.0
2014-01-13,0.02875208184700495,0.02875208184700495,0.0,0.0,3,1.0,0.0
2014-01-14,0.035303702508354684,0.035303702508354684,0.0,0.0,3,1.0,0.0
2014-01-15,-0.0051834807271791475,-0.0051834807271791475,0.0,0.0,3,1.0,0.0
2014-01-16,-0.022084838035843008,-0.022084838035843008,0.0,0.0,3,1.0,0.0
2014-01-17,0.006067349722569688,0.005734016389236355,0.6666666666666666,0.0003333333333333333,3,1.0,0.0
2014-01-21,-0.01337681290953955,-0.013710146242872883,0.6666666666666666,0.0003333333333333333,3,1.0,0.0
2014-01-22,-0.050074222271976554,-0.050074222271976554,0.0,0.0,3,1.0,0.0
2014-01-23,-0.04534957657326214,-0.04534957657326214,0.0,0.0,3,1.0,0.0
2014-01-24,-0.022071067076157285,-0.022071067076157285,0.0,0.0,3,1.0,0.0
2014-01-27,0.08801844850096799,0.08801844850096799,0.0,0.0,3,1.0,0.0
2014-01-28,0.0567838916229401,0.0567838916229401,0.0,0.0,3,1.0,0.0
2014-01-29,0.037323839195426506,0.037323839195426506,0.0,0.0,3,1.0,0.0
2014-01-30,-0.012219417681602505,-0.012219417681602505,0.0,0.0,3,1.0,0.0
2014-01-31,-0.0461506157358145,-0.0461506157358145,0.0,0.0,3,1.0,0.0
2014-02-03,0.04464027627901386,0.04464027627901386,0.0,0.0,3,1.0,0.0
2014-02-04,-0.029528834449086862,-0.029528834449086862,0.0,0.0,3,1.0,0.0
2014-02-05,0.0211942793728086,0.0211942793728086,0.0,0.0,3,1.0,0.0
2014-02-06,0.05783588604475602,0.05750255271142269,0.6666666666666666,0.0003333333333333333,3,1.0,0.0
2014-02-07,0.0677422254114252,0.0677422254114252,0.0,0.0,3,1.0,0.0
2014-02-10,0.010812317853774492,0.010812317853774492,0.0,0.0,3,1.0,0.0
2014-02-11,0.02384407093205117,0.02384407093205117,0.0,0.0,3,1.0,0.0
2014-02-12,0.04122642490020767,0.04122642490020767,0.0,0.0,3,1.0,0.0
2014-02-13,-0.02782071484007383,-0.02782071484007383,0.0,0.0,3,1.0,0.0
2014-02-14,0.02741667567830193,0.02741667567830193,0.0,0.0,3,1.0,0.0
2014-02-18,0.017209020820911577,0.017209020820911577,0.0,0.0,3,1.0,0.0
2014-02-19,0.02696240165506965,0.02696240165506965,0.0,0.0,3,1.0,0.0
2014-02-20,-0.009785334044350596,-0.010118667377683929,0.6666666666666666,0.0003333333333333333,3,1.0,0.0
2014-02-21,0.01091087107574562,0.01091087107574562,0.0,0.0,3,1.0,0.0
2014-02-24,-0.002281402498769216,-0.0026147358321025496,0.6666666666666666,0.0003333333333333333,3,1.0,0.0
2014-02-25,0.054459943999748926,0.054459943999748926,0.0,0.0,3,1.0,0.0
2014-02-26,-0.019588665703301568,-0.019921999036634903,0.6666666666666666,0.0003333333333333333,3,1.0,0.0
2014-02-27,-0.012092761722311957,-0.01242609505564529,0.6666666666666666,0.0003333333333333333,3,1.0,0.0
2014-02-28,0.10860644395876734,0.10860644395876734,0.0,0.0,3,1.0,0.0
2014-03-03,0.07263686575981265,0.07263686575981265,0.0,0.0,3,1.0,0.0
2014-03-04,0.09349082949223378,0.09349082949223378,0.0,0.0,3,1.0,0.0
2014-03-05,-0.039428479096319045,-0.039428479096319045,0.0,0.0,3,1.0,0.0
2014-03-06,0.09538531520589735,0.09538531520589735,0.0,0.0,3,1.0,0.0
2014-03-07,0.11786798949790585,0.11786798949790585,0.0,0.0,3,1.0,0.0
2014-03-10,-0.16082257604872474,-0.16082257604872474,0.0,0.0,3,1.0,0.0
2014-03-11,0.04836577005512277,0.04836577005512277,0.0,0.0,3,1.0,0.0
2014-03-12,0.017051516403680227,0.017051516403680227,0.0,0.0,3,1.0,0.0
2014-03-13,-0.05177392337607815,-0.05177392337607815,0.0,0.0,3,1.0,0.0
2014-03-14,0.0037544448857973495,0.0037544448857973495,0.0,0.0,3,1.0,0.0
2014-03-17,0.011970037825268842,0.011970037825268842,0.0,0.0,3,1.0,0.0
2014-03-18,0.036251929629658466,0.036251929629658466,0.0,0.0,3,1.0,0.0
2014-03-19,-0.010086892948862261,-0.010420226282195594,0.6666666666666666,0.0003333333333333333,3,1.0,0.0
2014-03-20,-0.034506259136294126,-0.03483959246962746,0.6666666666666666,0.0003333333333333333,3,1.0,0.0
2014-03-21,-0.1003132720795503,-0.1003132720795503,0.0,0.0,3,1.0,0.0
2014-03-24,0.1475735682633006,0.1475735682633006,0.0,0.0,3,1.0,0.0
2014-03-25,-0.10766439267817783,-0.10799772601151117,0.6666666666666666,0.0003333333333333333,3,1.0,0.0
2014-03-26,0.013197958350290657,0.013197958350290657,0.0,0.0,3,1.0,0.0
2014-03-27,-0.005881232350458307,-0.005881232350458307,0.0,0.0,3,1.0,0.0
2014-03-28,0.020589029771593492,0.020589029771593492,0.0,0.0,3,1.0,0.0
2014-03-31,0.07935967029980975,0.07902633696647642,0.6666666666666666,0.0003333333333333333,3,1.0,0.0
2014-04-01,-0.005401366229474291,-0.005401366229474291,0.0,0.0,3,1.0,0.0
2014-04-02,-0.03612133137653557,-0.03612133137653557,0.0,0.0,3,1.0,0.0
2014-04-03,-0.05707924581680279,-0.05707924581680279,0.0,0.0,3,1.0,0.0
2014-04-04,-0.021723365363925273,-0.021723365363925273,0.0,0.0,3,1.0,0.0
2014-04-07,0.014989669841462992,0.014989669841462992,0.0,0.0,3,1.0,0.0
2014-04-08,0.02911513591105863,0.02911513591105863,0.0,0.0,3,1.0,0.0
2014-04-09,-0.05497899987707296,-0.05497899987707296,0.0,0.0,3,1.0,0.0
2014-04-10,-0.07202288115384561,-0.07202288115384561,0.0,0.0,3,1.0,0.0
2014-04-11,-0.00045562608446740073,-0.00045562608446740073,0.0,0.0,3,1.0,0.0
2014-04-14,-0.05022890206256917,-0.05022890206256917,0.0,0.0,3,1.0,0.0
2014-04-15,0.05674361312319013,0.05674361312319013,0.0,0.0,3,1.0,0.0
2014-04-16,0.026327993882840683,0.026327993882840683,0.0,0.0,3,1.0,0.0
2014-04-17,0.006760624480563766,0.006760624480563766,0.0,0.0,3,1.0,0.0
2014-04-21,0.01757138573185198,0.01757138573185198,0.0,0.0,3,1.0,0.0
2014-04-22,-0.0400628729637998,-0.0400628729637998,0.0,0.0,3,1.0,0.0
2014-04-23,-0.02340133944936251,-0.02340133944936251,0.0,0.0,3,1.0,0.0
2014-04-24,-0.060187570781381296,-0.060187570781381296,0.0,0.0,3,1.0,0.0
2014-04-25,-0.0888406778944836,-0.0888406778944836,0.0,0.0,3,1.0,0.0
2014-04-28,0.03054680126921383,0.03054680126921383,0.0,0.0,3,1.0,0.0
2014-04-29,-0.014292598204863134,-0.014292598204863134,0.0,0.0,3,1.0,0.0
2014-04-30,0.018589386191329178,0.018589386191329178,0.0,0.0,3,1.0,0.0
2014-05-01,-0.023105256445387856,-0.023105256445387856,0.0,0.0,3,1.0,0.0
2014-05-02,-0.029913495830929393,-0.029913495830929393,0.0,0.0,3,1.0,0.0
2014-05-05,-0.059725568220408344,-0.059725568220408344,0.0,0.0,3,1.0,0.0
2014-05-06,-0.010528729009340949,-0.010528729009340949,0.0,0.0,3,1.0,0.0
2014-05-07,-0.028411594038444843,-0.028411594038444843,0.0,0.0,3,1.0,0.0
2014-05-08,0.031891571785188866,0.031891571785188866,0.0,0.0,3,1.0,0.0
2014-05-09,0.03573047117554114,0.03573047117554114,0.0,0.0,3,1.0,0.0
2014-05-12,0.0221520767183353,0.0221520767183353,0.0,0.0,3,1.0,0.0
2014-05-13,-0.03573990066231392,-0.03573990066231392,0.0,0.0,3,1.0,0.0
2014-05-14,0.013411401690092917,0.013411401690092917,0.0,0.0,3,1.0,0.0
2014-05-15,0.012478066205664719,0.012478066205664719,0.0,0.0,3,1.0,0.0
2014-05-16,0.057674539205361475,0.057674539205361475,0.0,0.0,3,1.0,0.0
2014-05-19,-0.028132431908587864,-0.028132431908587864,0.0,0.0,3,1.0,0.0
2014-05-20,0.0018791865186640333,0.0018791865186640333,0.0,0.0,3,1.0,0.0
2014-05-21,0.006381673650709777,0.006381673650709777,0.0,0.0,3,1.0,0.0
2014-05-22,-0.01682259993510271,-0.01682259993510271,0.0,0.0,3,1.0,0.0
2014-05-23,0.055947305515909575,0.055947305515909575,0.0,0.0,3,1.0,0.0
2014-05-27,0.053181476166747954,0.053181476166747954,0.0,0.0,3,1.0,0.0
2014-05-28,-0.007496450383782401,-0.007496450383782401,0.0,0.0,3,1.0,0.0
2014-05-29,-0.01961686941022426,-0.019950202743557594,0.6666666666666666,0.0003333333333333333,3,1.0,0.0
2014-05-30,0.0005992889791156528,0.0005992889791156528,0.0,0.0,3,1.0,0.0
2014-06-02,0.019568287946801915,0.019568287946801915,0.0,0.0,3,1.0,0.0
2014-06-03,-0.006554568845623998,-0.006554568845623998,0.0,0.0,3,1.0,0.0
2014-06-04,0.02744855891112267,0.02744855891112267,0.0,0.0,3,1.0,0.0
2014-06-05,-0.001088933576658587,-0.001088933576658587,0.0,0.0,3,1.0,0.0
2014-06-06,0.021210811595114322,0.021210811595114322,0.0,0.0,3,1.0,0.0
2014-06-09,-0.006893582528001874,-0.006893582528001874,0.0,0.0,3,1.0,0.0
2014-06-10,-0.003198787882314424,-0.0035321212156477575,0.6666666666666666,0.0003333333333333333,3,1.0,0.0
2014-06-11,-0.0377223111994062,-0.0377223111994062,0.0,0.0,3,1.0,0.0
2014-06-12,-0.02828229526839739,-0.02828229526839739,0.0,0.0,3,1.0,0.0
2014-06-13,0.02997113338227882,0.02997113338227882,0.0,0.0,3,1.0,0.0
2014-06-16,0.03863651772275685,0.03830318438942352,0.6666666666666666,0.0003333333333333333,3,1.0,0.0
2014-06-17,0.08671378197784022,0.08638044864450688,0.6666666666666666,0.0003333333333333333,3,1.0,0.0
2014-06-18,-0.04089639517654231,-0.04089639517654231,0.0,0.0,3,1.0,0.0
2014-06-19,-0.004214485205396134,-0.004547818538729467,0.6666666666666666,0.0003333333333333333,3,1.0,0.0
2014-06-20,-0.014190985970210216,-0.014190985970210216,0.0,0.0,3,1.0,0.0
2014-06-23,-0.04548479259207168,-0.04581812592540501,0.6666666666666666,0.0003333333333333333,3,1.0,0.0
2014-06-24,-0.009383514945021765,-0.009383514945021765,0.0,0.0,3,1.0,0.0
2014-06-25,0.038374531059602125,0.038374531059602125,0.0,0.0,3,1.0,0.0
2014-06-26,0.014377151312098602,0.014377151312098602,0.0,0.0,3,1.0,0.0
2014-06-27,-0.007376736931622477,-0.00771007026495581,0.6666666666666666,0.0003333333333333333,3,1.0,0.0
2014-06-30,-0.0061486804404375945,-0.0061486804404375945,0.0,0.0,3,1.0,0.0
2014-07-01,-0.007865424341567081,-0.008198757674900414,0.6666666666666666,0.0003333333333333333,3,1.0,0.0
2014-07-02,5.457551306827435e-05,-0.000278757820265059,0.6666666666666666,0.0003333333333333333,3,1.0,0.0
2014-07-03,-0.028430237739323738,-0.028763571072657073,0.6666666666666666,0.0003333333333333333,3,1.0,0.0
2014-07-07,-0.06087529590562353,-0.06087529590562353,0.0,0.0,3,1.0,0.0
2014-07-08,0.033773646044637395,0.033773646044637395,0.0,0.0,3,1.0,0.0
2014-07-09,-4.853534849764279e-06,-0.0003381868681830976,0.6666666666666666,0.0003333333333333333,3,1.0,0.0
2014-07-10,0.009416010176881946,0.009082676843548613,0.6666666666666666,0.0003333333333333333,3,1.0,0.0
2014-07-11,0.008222199448125448,0.007888866114792115,0.6666666666666666,0.0003333333333333333,3,1.0,0.0
2014-07-14,0.038442942295631055,0.038109608962297724,0.6666666666666666,0.0003333333333333333,3,1.0,0.0
2014-07-15,-0.024196881170251722,-0.024196881170251722,0.0,0.0,3,1.0,0.0
2014-07-16,-0.025243659893445937,-0.025243659893445937,0.0,0.0,3,1.0,0.0
2014-07-17,0.049432057680074776,0.049432057680074776,0.0,0.0,3,1.0,0.0
2014-07-18,0.03668290083134355,0.036349567498010216,0.6666666666666666,0.0003333333333333333,3,1.0,0.0
2014-07-21,0.0008800800392408572,0.0005467467059075239,0.6666666666666666,0.0003333333333333333,3,1.0,0.0
2014-07-22,0.03564217389161224,0.03530884055827891,0.6666666666666666,0.0003333333333333333,3,1.0,0.0
2014-07-23,-0.02695795386026504,-0.02695795386026504,0.0,0.0,3,1.0,0.0
2014-07-24,-0.010323664976351694,-0.010323664976351694,0.0,0.0,3,1.0,0.0
2014-07-25,-0.10466262196270207,-0.1049959552960354,0.6666666666666666,0.0003333333333333333,3,1.0,0.0
2014-07-28,-0.02246295478554846,-0.02246295478554846,0.0,0.0,3,1.0,0.0
2014-07-29,0.02164759142672738,0.02164759142672738,0.0,0.0,3,1.0,0.0
2014-07-30,-0.041274407962939866,-0.041274407962939866,0.0,0.0,3,1.0,0.0
2014-07-31,0.010429758407577167,0.010429758407577167,0.0,0.0,3,1.0,0.0
2014-08-01,-0.00716183070187478,-0.00716183070187478,0.0,0.0,3,1.0,0.0
2014-08-04,-0.0009246158437909973,-0.0009246158437909973,0.0,0.0,3,1.0,0.0
2014-08-05,-0.009107290696215076,-0.009107290696215076,0.0,0.0,3,1.0,0.0
2014-08-06,0.04937180432464531,0.04903847099131198,0.6666666666666666,0.0003333333333333333,3,1.0,0.0
2014-08-07,-0.004155713629231987,-0.00448904696256532,0.6666666666666666,0.0003333333333333333,3,1.0,0.0
2014-08-08,0.026017899575999426,0.026017899575999426,0.0,0.0,3,1.0,0.0
2014-08-11,-0.0013646738904414075,-0.0013646738904414075,0.0,0.0,3,1.0,0.0
2014-08-12,0.050711444866683365,0.050711444866683365,0.0,0.0,3,1.0,0.0
2014-08-13,-0.012922032701627173,-0.012922032701627173,0.0,0.0,3,1.0,0.0
2014-08-14,-0.008607466765924979,-0.008607466765924979,0.0,0.0,3,1.0,0.0
2014-08-15,0.003893893090351152,0.003893893090351152,0.0,0.0,3,1.0,0.0
2014-08-18,-0.005360216931587613,-0.005360216931587613,0.0,0.0,3,1.0,0.0
2014-08-19,-0.0012605032733817114,-0.0012605032733817114,0.0,0.0,3,1.0,0.0
2014-08-20,-0.011322845658591242,-0.011322845658591242,0.0,0.0,3,1.0,0.0
2014-08-21,-0.007752113738349905,-0.007752113738349905,0.0,0.0,3,1.0,0.0
2014-08-22,0.014272468235184466,0.013939134901851133,0.6666666666666666,0.0003333333333333333,3,1.0,0.0
2014-08-25,-0.005633404835491091,-0.005966738168824424,0.6666666666666666,0.0003333333333333333,3,1.0,0.0
2014-08-26,-0.0036601754292449424,-0.0039935087625782755,0.6666666666666666,0.0003333333333333333,3,1.0,0.0
2014-08-27,-0.023115467343614617,-0.02344880067694795,0.6666666666666666,0.0003333333333333333,3,1.0,0.0
2014-08-28,-0.01270125692393605,-0.01270125692393605,0.0,0.0,3,1.0,0.0
2014-08-29,0.002970797837739867,0.002970797837739867,0.0,0.0,3,1.0,0.0
2014-09-02,0.002373175582149445,0.002373175582149445,0.0,0.0,3,1.0,0.0
2014-09-03,-0.008913827121548645,-0.008913827121548645,0.0,0.0,3,1.0,0.0
2014-09-04,0.014861233456468614,0.014861233456468614,0.0,0.0,3,1.0,0.0
2014-09-05,0.014161230779598263,0.014161230779598263,0.0,0.0,3,1.0,0.0
2014-09-08,-0.002295851499301043,-0.0026291848326343765,0.6666666666666666,0.0003333333333333333,3,1.0,0.0
2014-09-09,-0.00552775141699487,-0.00552775141699487,0.0,0.0,3,1.0,0.0
2014-09-10,0.017006053703273905,0.017006053703273905,0.0,0.0,3,1.0,0.0
2014-09-11,0.0025517553381172453,0.0025517553381172453,0.0,0.0,3,1.0,0.0
2014-09-12,-0.04486612384221877,-0.04486612384221877,0.0,0.0,3,1.0,0.0
2014-09-15,0.006871686229947344,0.006871686229947344,0.0,0.0,3,1.0,0.0
2014-09-16,0.007568920003728366,0.007568920003728366,0.0,0.0,3,1.0,0.0
2014-09-17,-0.0010316752978907565,-0.0013650086312240897,0.6666666666666666,0.0003333333333333333,3,1.0,0.0
2014-09-18,0.010743635804749425,0.010743635804749425,0.0,0.0,3,1.0,0.0
2014-09-19,-0.041436497832478186,-0.041436497832478186,0.0,0.0,3,1.0,0.0
2014-09-22,0.045156584910727084,0.045156584910727084,0.0,0.0,3,1.0,0.0
2014-09-23,0.009145347932579446,0.008812014599246113,0.6666666666666666,0.0003333333333333333,3,1.0,0.0
2014-09-24,-0.04168915497986462,-0.04168915497986462,0.0,0.0,3,1.0,0.0
2014-09-25,-0.0015770419532158777,-0.001910375286549211,0.6666666666666666,0.0003333333333333333,3,1.0,0.0
2014-09-26,0.009504496905885618,0.009504496905885618,0.0,0.0,3,1.0,0.0
2014-09-29,-0.018355590024927926,-0.01868892335826126,0.6666666666666666,0.0003333333333333333,3,1.0,0.0
2014-09-30,-0.028254518559945353,-0.028587851893278688,0.6666666666666666,0.0003333333333333333,3,1.0,0.0
2014-10-01,0.019529779674814545,0.019529779674814545,0.0,0.0,3,1.0,0.0
2014-10-02,0.008530629427740705,0.008197296094407372,0.6666666666666666,0.0003333333333333333,3,1.0,0.0
2014-10-03,-0.034037291296942065,-0.034037291296942065,0.0,0.0,3,1.0,0.0
2014-10-06,-0.04090212702802509,-0.04090212702802509,0.0,0.0,3,1.0,0.0
2014-10-07,0.04700443251045512,0.04667109917712179,0.6666666666666666,0.0003333333333333333,3,1.0,0.0
2014-10-08,-0.01545696740306812,-0.01545696740306812,0.0,0.0,3,1.0,0.0
2014-10-09,-0.025708341586146176,-0.025708341586146176,0.0,0.0,3,1.0,0.0
2014-10-10,-0.05610638099194302,-0.05610638099194302,0.0,0.0,3,1.0,0.0
2014-10-13,0.00988340546496147,0.009550072131628137,0.6666666666666666,0.0003333333333333333,3,1.0,0.0
2014-10-14,0.028657117839988436,0.028657117839988436,0.0,0.0,3,1.0,0.0
2014-10-15,0.014045586952983411,0.014045586952983411,0.0,0.0,3,1.0,0.0
2014-10-16,0.02075961103238651,0.02075961103238651,0.0,0.0,3,1.0,0.0
2014-10-17,0.004128431777030668,0.0037950984436973347,0.6666666666666666,0.0003333333333333333,3,1.0,0.0
2014-10-20,-0.01961522923659268,-0.01961522923659268,0.0,0.0,3,1.0,0.0
2014-10-21,0.01041315224498566,0.010079818911652327,0.6666666666666666,0.0003333333333333333,3,1.0,0.0
2014-10-22,0.028591595962170164,0.02825826262883683,0.6666666666666666,0.0003333333333333333,3,1.0,0.0
2014-10-23,0.002649130470116093,0.002649130470116093,0.0,0.0,3,1.0,0.0
2014-10-24,-0.008739853361957631,-0.009073186695290964,0.6666666666666666,0.0003333333333333333,3,1.0,0.0
2014-10-27,0.02673236346296215,0.02673236346296215,0.0,0.0,3,1.0,0.0
2014-10-28,0.007797935994316698,0.007797935994316698,0.0,0.0,3,1.0,0.0
2014-10-29,0.0019317678111406451,0.0019317678111406451,0.0,0.0,3,1.0,0.0
2014-10-30,0.035558274767353217,0.035224941434019885,0.6666666666666666,0.0003333333333333333,3,1.0,0.0
2014-10-31,0.029690770357450304,0.029690770357450304,0.0,0.0,3,1.0,0.0
2014-11-03,0.028773296510481362,0.028773296510481362,0.0,0.0,3,1.0,0.0
2014-11-04,-0.05572987463596838,-0.05606320796930171,0.6666666666666666,0.0003333333333333333,3,1.0,0.0
2014-11-05,0.04669032163854214,0.04669032163854214,0.0,0.0,3,1.0,0.0
2014-11-06,0.00779637114871834,0.00779637114871834,0.0,0.0,3,1.0,0.0
2014-11-07,0.0031689044024953237,0.0031689044024953237,0.0,0.0,3,1.0,0.0
2014-11-10,-0.017040082936898217,-0.01737341627023155,0.6666666666666666,0.0003333333333333333,3,1.0,0.0
2014-11-11,-0.05859959614823891,-0.05893292948157224,0.6666666666666666,0.0003333333333333333,3,1.0,0.0
2014-11-12,-0.0029281742307638962,-0.0032615075640972297,0.6666666666666666,0.0003333333333333333,3,1.0,0.0
2014-11-13,-0.025924651792842385,-0.025924651792842385,0.0,0.0,3,1.0,0.0
2014-11-14,-0.00487659219732058,-0.00487659219732058,0.0,0.0,3,1.0,0.0
2014-11-17,0.02529014085346707,0.02529014085346707,0.0,0.0,3,1.0,0.0
2014-11-18,-0.017686109752897007,-0.018019443086230342,0.6666666666666666,0.0003333333333333333,3,1.0,0.0
2014-11-19,0.0018581925104172263,0.001524859177083893,0.6666666666666666,0.0003333333333333333,3,1.0,0.0
2014-11-20,-0.000588984755843569,-0.0009223180891769023,0.6666666666666666,0.0003333333333333333,3,1.0,0.0
2014-11-21,0.015538738903231467,0.015538738903231467,0.0,0.0,3,1.0,0.0
2014-11-24,-0.01225987521030917,-0.012593208543642502,0.6666666666666666,0.0003333333333333333,3,1.0,0.0
2014-11-25,0.011392239661046041,0.011392239661046041,0.0,0.0,3,1.0,0.0
2014-11-26,-0.011459660461564955,-0.011792993794898288,0.6666666666666666,0.0003333333333333333,3,1.0,0.0
2014-11-28,-0.04579151613228031,-0.04579151613228031,0.0,0.0,3,1.0,0.0
2014-12-01,0.016333124983616755,0.01599979165028342,0.6666666666666666,0.0003333333333333333,3,1.0,0.0
2014-12-02,-0.010261838806736406,-0.010595172140069739,0.6666666666666666,0.0003333333333333333,3,1.0,0.0
2014-12-03,0.033075634762010545,0.033075634762010545,0.0,0.0,3,1.0,0.0
2014-12-04,0.026447640194451078,0.026114306861117743,0.6666666666666666,0.0003333333333333333,3,1.0,0.0
2014-12-05,-0.039104303983523415,-0.03943763731685675,0.6666666666666666,0.0003333333333333333,3,1.0,0.0
2014-12-08,0.009006935102894742,0.008673601769561409,0.6666666666666666,0.0003333333333333333,3,1.0,0.0
2014-12-09,-0.025368947922878398,-0.025702281256211733,0.6666666666666666,0.0003333333333333333,3,1.0,0.0
2014-12-10,-0.006823530494948882,-0.006823530494948882,0.0,0.0,3,1.0,0.0
2014-12-11,-0.03250401145848888,-0.03250401145848888,0.0,0.0,3,1.0,0.0
2014-12-12,-0.0024220037610317427,-0.002755337094365076,0.6666666666666666,0.0003333333333333333,3,1.0,0.0
2014-12-15,-0.023759296581921847,-0.023759296581921847,0.0,0.0,3,1.0,0.0
2014-12-16,0.0012030819273789461,0.0012030819273789461,0.0,0.0,3,1.0,0.0
2014-12-17,0.033623509007536745,0.033623509007536745,0.0,0.0,3,1.0,0.0
2014-12-18,0.007130729262351142,0.007130729262351142,0.0,0.0,3,1.0,0.0
2014-12-19,-0.003189748874886803,-0.003189748874886803,0.0,0.0,3,1.0,0.0
2014-12-22,-0.017599990532096894,-0.01793332386543023,0.6666666666666666,0.0003333333333333333,3,1.0,0.0
2014-12-23,0.017101719400882155,0.017101719400882155,0.0,0.0,3,1.0,0.0
2014-12-24,0.0036418595542275774,0.0036418595542275774,0.0,0.0,3,1.0,0.0
2014-12-26,-0.01776453891889629,-0.01776453891889629,0.0,0.0,3,1.0,0.0
2014-12-29,0.009081677494364651,0.009081677494364651,0.0,0.0,3,1.0,0.0
2014-12-30,-0.008758604081040936,-0.008758604081040936,0.0,0.0,3,1.0,0.0
2014-12-31,0.03945825306323199,0.03945825306323199,0.0,0.0,3,1.0,0.0
2015-01-02,-0.00031561260077720907,-0.00031561260077720907,0.0,0.0,3,1.0,0.0
2015-01-05,-0.02320164498229882,-0.02320164498229882,0.0,0.0,3,1.0,0.0
2015-01-06,0.021976612659177754,0.021976612659177754,0.0,0.0,3,1.0,0.0
2015-01-07,0.034410993663424407,0.034077660330091075,0.6666666666666666,0.0003333333333333333,3,1.0,0.0
2015-01-08,0.005783510927570346,0.005783510927570346,0.0,0.0,3,1.0,0.0
2015-01-09,-0.021216954889995678,-0.021550288223329012,0.6666666666666666,0.0003333333333333333,3,1.0,0.0
2015-01-12,-0.005742147038689656,-0.005742147038689656,0.0,0.0,3,1.0,0.0
2015-01-13,0.007955502664094873,0.007955502664094873,0.0,0.0,3,1.0,0.0
2015-01-14,-0.03631423301069929,-0.03631423301069929,0.0,0.0,3,1.0,0.0
2015-01-15,0.035092504451639916,0.035092504451639916,0.0,0.0,3,1.0,0.0
2015-01-16,0.006230209763508446,0.006230209763508446,0.0,0.0,3,1.0,0.0
2015-01-20,0.002216555212405046,0.002216555212405046,0.0,0.0,3,1.0,0.0
2015-01-21,0.03013687210022923,0.03013687210022923,0.0,0.0,3,1.0,0.0
2015-01-22,0.019559986878900704,0.019559986878900704,0.0,0.0,3,1.0,0.0
2015-01-23,0.012145676379212933,0.012145676379212933,0.0,0.0,3,1.0,0.0
2015-01-26,-0.002580775004626945,-0.002580775004626945,0.0,0.0,3,1.0,0.0
2015-01-27,0.0004847525715283574,0.0004847525715283574,0.0,0.0,3,1.0,0.0
2015-01-28,0.023555244203634935,0.023555244203634935,0.0,0.0,3,1.0,0.0
2015-01-29,-0.036798806344940704,-0.037132139678274036,0.6666666666666666,0.0003333333333333333,3,1.0,0.0
2015-01-30,-0.008477322925988757,-0.00881065625932209,0.6666666666666666,0.0003333333333333333,3,1.0,0.0
2015-02-02,-0.009632583864748339,-0.009965917198081672,0.6666666666666666,0.0003333333333333333,3,1.0,0.0
2015-02-03,-0.002937172592117713,-0.002937172592117713,0.0,0.0,3,1.0,0.0
2015-02-04,0.007103855951557714,0.007103855951557714,0.0,0.0,3,1.0,0.0
2015-02-05,-0.011686008700338868,-0.011686008700338868,0.0,0.0,3,1.0,0.0
2015-02-06,-0.026151559122378466,-0.026151559122378466,0.0,0.0,3,1.0,0.0
2015-02-09,0.017148949309839713,0.017148949309839713,0.0,0.0,3,1.0,0.0
2015-02-10,-0.004963828007066406,-0.004963828007066406,0.0,0.0,3,1.0,0.0
2015-02-11,0.01170256491870525,0.01170256491870525,0.0,0.0,3,1.0,0.0
2015-02-12,-0.005749671272335055,-0.005749671272335055,0.0,0.0,3,1.0,0.0
2015-02-13,0.004782789891933851,0.004782789891933851,0.0,0.0,3,1.0,0.0
2015-02-17,0.0026436683079245444,0.0026436683079245444,0.0,0.0,3,1.0,0.0
2015-02-18,0.006430011525302648,0.006430011525302648,0.0,0.0,3,1.0,0.0
2015-02-19,0.025737610054169302,0.025404276720835967,0.6666666666666666,0.0003333333333333333,3,1.0,0.0
2015-02-20,0.009237696143608773,0.009237696143608773,0.0,0.0,3,1.0,0.0
2015-02-23,0.0010680781465798681,0.0010680781465798681,0.0,0.0,3,1.0,0.0
2015-02-24,0.011005548442802882,0.010672215109469549,0.6666666666666666,0.0003333333333333333,3,1.0,0.0
2015-02-25,0.006821962638015747,0.006488629304682414,0.6666666666666666,0.0003333333333333333,3,1.0,0.0
2015-02-26,-0.014564252816717211,-0.014564252816717211,0.0,0.0,3,1.0,0.0
2015-02-27,0.03189645604130842,0.03189645604130842,0.0,0.0,3,1.0,0.0
2015-03-02,3.9452199676270894e-05,3.9452199676270894e-05,0.0,0.0,3,1.0,0.0
2015-03-03,0.012430590191137531,0.012430590191137531,0.0,0.0,3,1.0,0.0
2015-03-04,0.04291111477050942,0.04291111477050942,0.0,0.0,3,1.0,0.0
2015-03-05,-0.0022449804485371963,-0.0022449804485371963,0.0,0.0,3,1.0,0.0
2015-03-06,0.0008595645523981066,0.0008595645523981066,0.0,0.0,3,1.0,0.0
2015-03-09,0.009501577373057013,0.00916824403972368,0.6666666666666666,0.0003333333333333333,3,1.0,0.0
2015-03-10,0.0016724610293749422,0.0016724610293749422,0.0,0.0,3,1.0,0.0
2015-03-11,0.017742231792664098,0.017742231792664098,0.0,0.0,3,1.0,0.0
2015-03-12,0.002973781782943459,0.002973781782943459,0.0,0.0,3,1.0,0.0
2015-03-13,0.019846224872894926,0.019846224872894926,0.0,0.0,3,1.0,0.0
2015-03-16,-0.0056170998224519915,-0.0056170998224519915,0.0,0.0,3,1.0,0.0
2015-03-17,-0.0024499827226501796,-0.0024499827226501796,0.0,0.0,3,1.0,0.0
2015-03-18,0.03388419357133069,0.03388419357133069,0.0,0.0,3,1.0,0.0
2015-03-19,-0.015222443267021341,-0.015222443267021341,0.0,0.0,3,1.0,0.0
2015-03-20,-0.01955523508146887,-0.01955523508146887,0.0,0.0,3,1.0,0.0
2015-03-23,0.058066109831560096,0.058066109831560096,0.0,0.0,3,1.0,0.0
2015-03-24,-0.07639833719865947,-0.07639833719865947,0.0,0.0,3,1.0,0.0
2015-03-25,0.005559203577667703,0.005559203577667703,0.0,0.0,3,1.0,0.0
2015-03-26,0.02727671533529574,0.02727671533529574,0.0,0.0,3,1.0,0.0
2015-03-27,0.06623885554753373,0.06623885554753373,0.0,0.0,3,1.0,0.0
2015-03-30,-0.031577418722973774,-0.031577418722973774,0.0,0.0,3,1.0,0.0
2015-03-31,-0.006852875754301786,-0.006852875754301786,0.0,0.0,3,1.0,0.0
2015-04-01,-0.004948154543739018,-0.004948154543739018,0.0,0.0,3,1.0,0.0
2015-04-02,0.001496742938058163,0.001496742938058163,0.0,0.0,3,1.0,0.0
2015-04-06,0.005321051664341677,0.005321051664341677,0.0,0.0,3,1.0,0.0
2015-04-07,0.02949507954177562,0.02949507954177562,0.0,0.0,3,1.0,0.0
2015-04-08,-0.0025491315655028863,-0.0025491315655028863,0.0,0.0,3,1.0,0.0
2015-04-09,0.0079489934263699,0.0079489934263699,0.0,0.0,3,1.0,0.0
2015-04-10,0.006970962538806135,0.006970962538806135,0.0,0.0,3,1.0,0.0
2015-04-13,0.0010025938625320232,0.0010025938625320232,0.0,0.0,3,1.0,0.0
2015-04-14,0.008237968669718598,0.007904635336385265,0.6666666666666666,0.0003333333333333333,3,1.0,0.0
2015-04-15,0.003139826419926347,0.003139826419926347,0.0,0.0,3,1.0,0.0
2015-04-16,-0.012831101747758403,-0.012831101747758403,0.0,0.0,3,1.0,0.0
2015-04-17,0.00035618562267784415,0.00035618562267784415,0.0,0.0,3,1.0,0.0
2015-04-20,0.01615693138794061,0.01615693138794061,0.0,0.0,3,1.0,0.0
2015-04-21,-0.0012658335626572663,-0.0012658335626572663,0.0,0.0,3,1.0,0.0
2015-04-22,0.012386291599208787,0.012386291599208787,0.0,0.0,3,1.0,0.0
2015-04-23,-0.01500123471784198,-0.015334568051175314,0.6666666666666666,0.0003333333333333333,3,1.0,0.0
2015-04-24,-0.023534149306700648,-0.023867482640033983,0.6666666666666666,0.0003333333333333333,3,1.0,0.0
2015-04-27,0.006582749576044803,0.006582749576044803,0.0,0.0,3,1.0,0.0
2015-04-28,-0.01343377861528361,-0.013767111948616942,0.6666666666666666,0.0003333333333333333,3,1.0,0.0
2015-04-29,-0.03728664548080396,-0.03728664548080396,0.0,0.0,3,1.0,0.0
2015-04-30,0.03128081546656543,0.03128081546656543,0.0,0.0,3,1.0,0.0
2015-05-01,0.007702630802951304,0.007702630802951304,0.0,0.0,3,1.0,0.0
2015-05-04,0.0389792105560514,0.0389792105560514,0.0,0.0,3,1.0,0.0
2015-05-05,0.019062966792215714,0.019062966792215714,0.0,0.0,3,1.0,0.0
2015-05-06,0.01896183570376142,0.01896183570376142,0.0,0.0,3,1.0,0.0
2015-05-07,0.032356600623312214,0.032356600623312214,0.0,0.0,3,1.0,0.0
2015-05-08,0.016923866463433912,0.016590533130100577,0.6666666666666666,0.0003333333333333333,3,1.0,0.0
2015-05-11,0.004979606911055552,0.004979606911055552,0.0,0.0,3,1.0,0.0
2015-05-12,0.005040310024894874,0.005040310024894874,0.0,0.0,3,1.0,0.0
2015-05-13,-0.005146029213346134,-0.005146029213346134,0.0,0.0,3,1.0,0.0
2015-05-14,-0.008193856616355372,-0.008193856616355372,0.0,0.0,3,1.0,0.0
2015-05-15,0.02234438290752131,0.022011049574187976,0.6666666666666666,0.0003333333333333333,3,1.0,0.0
2015-05-18,0.025954924449653416,0.025954924449653416,0.0,0.0,3,1.0,0.0
2015-05-19,-0.015184563775545593,-0.015184563775545593,0.0,0.0,3,1.0,0.0
2015-05-20,-0.0022389701280089627,-0.0022389701280089627,0.0,0.0,3,1.0,0.0
2015-05-21,0.012743625727404284,0.012410292394070951,0.6666666666666666,0.0003333333333333333,3,1.0,0.0
2015-05-22,0.004539449688915843,0.004539449688915843,0.0,0.0,3,1.0,0.0
2015-05-26,0.01766136044878815,0.01766136044878815,0.0,0.0,3,1.0,0.0
2015-05-27,0.008165551275637154,0.008165551275637154,0.0,0.0,3,1.0,0.0
2015-05-28,0.006892626573848518,0.006559293240515185,0.6666666666666666,0.0003333333333333333,3,1.0,0.0
2015-05-29,0.0027512045412640966,0.002417871207930763,0.6666666666666666,0.0003333333333333333,3,1.0,0.0
2015-06-01,-0.004380006098010147,-0.004380006098010147,0.0,0.0,3,1.0,0.0
2015-06-02,0.008401886156183794,0.008401886156183794,0.0,0.0,3,1.0,0.0
2015-06-03,-0.0007763732267454335,-0.0007763732267454335,0.0,0.0,3,1.0,0.0
2015-06-04,0.019722458676034504,0.019722458676034504,0.0,0.0,3,1.0,0.0
2015-06-05,0.008006595529540935,0.007673262196207602,0.6666666666666666,0.0003333333333333333,3,1.0,0.0
2015-06-08,-0.021347426692424138,-0.021680760025757473,0.6666666666666666,0.0003333333333333333,3,1.0,0.0
2015-06-09,-0.003807288864934902,-0.004140622198268235,0.6666666666666666,0.0003333333333333333,3,1.0,0.0
2015-06-10,0.0179446037196432,0.0179446037196432,0.0,0.0,3,1.0,0.0
2015-06-11,-0.012954453989608445,-0.012954453989608445,0.0,0.0,3,1.0,0.0
2015-06-12,0.0015180924980483517,0.0015180924980483517,0.0,0.0,3,1.0,0.0
2015-06-15,0.008819316946499883,0.008819316946499883,0.0,0.0,3,1.0,0.0
2015-06-16,0.0025227661336698253,0.0025227661336698253,0.0,0.0,3,1.0,0.0
2015-06-17,0.020780303420732706,0.020780303420732706,0.0,0.0,3,1.0,0.0
2015-06-18,0.0006779125422132033,0.0006779125422132033,0.0,0.0,3,1.0,0.0
2015-06-19,0.028860397103723418,0.028860397103723418,0.0,0.0,3,1.0,0.0
2015-06-22,-0.011882782138292967,-0.011882782138292967,0.0,0.0,3,1.0,0.0
2015-06-23,-0.012512255092209323,-0.012512255092209323,0.0,0.0,3,1.0,0.0
2015-06-24,-0.01584506787801439,-0.016178401211347726,0.6666666666666666,0.0003333333333333333,3,1.0,0.0
2015-06-25,-0.018588957439291676,-0.01892229077262501,0.6666666666666666,0.0003333333333333333,3,1.0,0.0
2015-06-26,-0.013262791342699401,-0.013262791342699401,0.0,0.0,3,1.0,0.0
2015-06-29,0.04712730290410756,0.04712730290410756,0.0,0.0,3,1.0,0.0
2015-06-30,-0.012725835956099218,-0.012725835956099218,0.0,0.0,3,1.0,0.0
2015-07-01,0.0006337104596151333,0.0006337104596151333,0.0,0.0,3,1.0,0.0
2015-07-02,0.010962353971816144,0.010629020638482811,0.6666666666666666,0.0003333333333333333,3,1.0,0.0
2015-07-06,-0.006666519441669849,-0.006999852775003182,0.6666666666666666,0.0003333333333333333,3,1.0,0.0
2015-07-07,-0.040504165666651194,-0.040837498999984526,0.6666666666666666,0.0003333333333333333,3,1.0,0.0
2015-07-08,0.016850767213321495,0.016850767213321495,0.0,0.0,3,1.0,0.0
2015-07-09,0.010146581348798792,0.009813248015465459,0.6666666666666666,0.0003333333333333333,3,1.0,0.0
2015-07-10,0.022933306529642646,0.02259997319630931,0.6666666666666666,0.0003333333333333333,3,1.0,0.0
2015-07-13,0.014828180816646977,0.014828180816646977,0.0,0.0,3,1.0,0.0
2015-07-14,-0.01334379082853739,-0.01334379082853739,0.0,0.0,3,1.0,0.0
2015-07-15,0.019510843671737277,0.019177510338403942,0.6666666666666666,0.0003333333333333333,3,1.0,0.0
2015-07-16,-0.007202705265523764,-0.007202705265523764,0.0,0.0,3,1.0,0.0
2015-07-17,-0.018442241093095852,-0.018442241093095852,0.0,0.0,3,1.0,0.0
2015-07-20,-0.015897988261280194,-0.01623132159461353,0.6666666666666666,0.0003333333333333333,3,1.0,0.0
2015-07-21,0.022006235391583896,0.02167290205825056,0.6666666666666666,0.0003333333333333333,3,1.0,0.0
2015-07-22,-0.022570804900949166,-0.022570804900949166,0.0,0.0,3,1.0,0.0
2015-07-23,-0.02093887627930624,-0.021272209612639575,0.6666666666666666,0.0003333333333333333,3,1.0,0.0
2015-07-24,-0.03412891828036564,-0.03412891828036564,0.0,0.0,3,1.0,0.0
2015-07-27,0.03679978026907597,0.03679978026907597,0.0,0.0,3,1.0,0.0
2015-07-28,-0.02049133873607974,-0.021158005402746406,1.3333333333333333,0.0006666666666666666,3,1.0,0.0
2015-07-29,-0.02886208565586882,-0.02886208565586882,0.0,0.0,3,1.0,0.0
2015-07-30,0.019571248782413415,0.01923791544908008,0.6666666666666666,0.0003333333333333333,3,1.0,0.0
2015-07-31,-0.025184563793786342,-0.025184563793786342,0.0,0.0,3,1.0,0.0
2015-08-03,0.002003901796988209,0.002003901796988209,0.0,0.0,3,1.0,0.0
2015-08-04,0.010624588740939966,0.010624588740939966,0.0,0.0,3,1.0,0.0
2015-08-05,-0.0634709281274336,-0.0634709281274336,0.0,0.0,3,1.0,0.0
2015-08-06,-0.005263279797673455,-0.005263279797673455,0.0,0.0,3,1.0,0.0
2015-08-07,-0.03921325368447111,-0.03921325368447111,0.0,0.0,3,1.0,0.0
2015-08-10,-0.011678784922230363,-0.011678784922230363,0.0,0.0,3,1.0,0.0
2015-08-11,-0.002499281099370772,-0.002499281099370772,0.0,0.0,3,1.0,0.0
2015-08-12,-0.010359141835155183,-0.010359141835155183,0.0,0.0,3,1.0,0.0
2015-08-13,-0.027267243602483632,-0.027267243602483632,0.0,0.0,3,1.0,0.0
2015-08-14,0.0381132902957438,0.0381132902957438,0.0,0.0,3,1.0,0.0
2015-08-17,-0.012601633518589153,-0.012601633518589153,0.0,0.0,3,1.0,0.0
2015-08-18,-0.013677678217286788,-0.013677678217286788,0.0,0.0,3,1.0,0.0
2015-08-19,-0.03045420207050686,-0.030787535403840195,0.6666666666666666,0.0003333333333333333,3,1.0,0.0
2015-08-20,0.01494000183758992,0.01494000183758992,0.0,0.0,3,1.0,0.0
2015-08-21,-0.062186270409640004,-0.062186270409640004,0.0,0.0,3,1.0,0.0
2015-08-24,0.019983326509378504,0.01964999317604517,0.6666666666666666,0.0003333333333333333,3,1.0,0.0
2015-08-25,0.04975023505640874,0.04975023505640874,0.0,0.0,3,1.0,0.0
2015-08-26,0.045192418035438164,0.045192418035438164,0.0,0.0,3,1.0,0.0
2015-08-27,0.011162384542081256,0.011162384542081256,0.0,0.0,3,1.0,0.0
2015-08-28,-0.02651989282692546,-0.02651989282692546,0.0,0.0,3,1.0,0.0
2015-08-31,-0.023045614201506415,-0.02337894753483975,0.6666666666666666,0.0003333333333333333,3,1.0,0.0
2015-09-01,0.03868061499471838,0.03834728166138505,0.6666666666666666,0.0003333333333333333,3,1.0,0.0
2015-09-02,-0.03458743873438286,-0.03458743873438286,0.0,0.0,3,1.0,0.0
2015-09-03,0.00681986676697958,0.006486533433646247,0.6666666666666666,0.0003333333333333333,3,1.0,0.0
2015-09-04,0.048817495635907454,0.048817495635907454,0.0,0.0,3,1.0,0.0
2015-09-08,-0.036218395364788915,-0.036218395364788915,0.0,0.0,3,1.0,0.0
2015-09-09,0.012443337859241305,0.012443337859241305,0.0,0.0,3,1.0,0.0
2015-09-10,0.0077575635996742776,0.0077575635996742776,0.0,0.0,3,1.0,0.0
2015-09-11,-0.0017279178964165016,-0.0017279178964165016,0.0,0.0,3,1.0,0.0
2015-09-14,0.034334478233198976,0.034334478233198976,0.0,0.0,3,1.0,0.0
2015-09-15,-0.00572837236559894,-0.00572837236559894,0.0,0.0,3,1.0,0.0
2015-09-16,0.033213580612513116,0.033213580612513116,0.0,0.0,3,1.0,0.0
2015-09-17,0.024320437839484784,0.024320437839484784,0.0,0.0,3,1.0,0.0
2015-09-18,-0.04270314646553811,-0.04270314646553811,0.0,0.0,3,1.0,0.0
2015-09-21,-0.029182566254060273,-0.029182566254060273,0.0,0.0,3,1.0,0.0
2015-09-22,-0.018500541097543212,-0.018500541097543212,0.0,0.0,3,1.0,0.0
2015-09-23,-0.025559197408443625,-0.025559197408443625,0.0,0.0,3,1.0,0.0
2015-09-24,-0.056185587284017346,-0.056185587284017346,0.0,0.0,3,1.0,0.0
2015-09-25,-0.06489829767702711,-0.06489829767702711,0.0,0.0,3,1.0,0.0
2015-09-28,-0.019066583182462384,-0.019066583182462384,0.0,0.0,3,1.0,0.0
2015-09-29,0.009828670991242183,0.009828670991242183,0.0,0.0,3,1.0,0.0
2015-09-30,0.010270355406932476,0.010270355406932476,0.0,0.0,3,1.0,0.0
2015-10-01,0.03105629912517238,0.03105629912517238,0.0,0.0,3,1.0,0.0
2015-10-02,0.020959795013146966,0.020959795013146966,0.0,0.0,3,1.0,0.0
2015-10-05,-0.048938727408474714,-0.048938727408474714,0.0,0.0,3,1.0,0.0
2015-10-06,0.010716611390404621,0.010716611390404621,0.0,0.0,3,1.0,0.0
2015-10-07,-0.03349850191908961,-0.03349850191908961,0.0,0.0,3,1.0,0.0
2015-10-08,0.006947825056095591,0.006614491722762258,0.6666666666666666,0.0003333333333333333,3,1.0,0.0
2015-10-09,-0.020239583196276646,-0.02057291652960998,0.6666666666666666,0.0003333333333333333,3,1.0,0.0
2015-10-12,-0.03860282582152844,-0.03860282582152844,0.0,0.0,3,1.0,0.0
2015-10-13,0.015249642270134735,0.015249642270134735,0.0,0.0,3,1.0,0.0
2015-10-14,0.057175970310478746,0.057175970310478746,0.0,0.0,3,1.0,0.0
2015-10-15,0.002894042614942046,0.002894042614942046,0.0,0.0,3,1.0,0.0
2015-10-16,0.010228667751211487,0.009895334417878154,0.6666666666666666,0.0003333333333333333,3,1.0,0.0
2015-10-19,-0.0221617452085144,-0.0221617452085144,0.0,0.0,3,1.0,0.0
2015-10-20,-0.008991756928681593,-0.008991756928681593,0.0,0.0,3,1.0,0.0
2015-10-21,-0.011849487549114487,-0.011849487549114487,0.0,0.0,3,1.0,0.0
2015-10-22,0.05892207014885449,0.05892207014885449,0.0,0.0,3,1.0,0.0
2015-10-23,0.004215109530185815,0.004215109530185815,0.0,0.0,3,1.0,0.0
2015-10-26,0.022749854555862942,0.022749854555862942,0.0,0.0,3,1.0,0.0
2015-10-27,0.03185534124989216,0.03152200791655883,0.6666666666666666,0.0003333333333333333,3,1.0,0.0
2015-10-28,-0.11325991032335958,-0.11325991032335958,0.0,0.0,3,1.0,0.0
2015-10-29,0.00010876511168108477,-0.00022456822165224855,0.6666666666666666,0.0003333333333333333,3,1.0,0.0
2015-10-30,0.061688265660892284,0.06135493232755895,0.6666666666666666,0.0003333333333333333,3,1.0,0.0
2015-11-02,0.006749007822104487,0.006749007822104487,0.0,0.0,3,1.0,0.0
2015-11-03,-0.009915261310772396,-0.009915261310772396,0.0,0.0,3,1.0,0.0
2015-11-04,-0.013375451236607808,-0.013375451236607808,0.0,0.0,3,1.0,0.0
2015-11-05,0.0016186629246301622,0.0016186629246301622,0.0,0.0,3,1.0,0.0
2015-11-06,0.01466550886049478,0.01466550886049478,0.0,0.0,3,1.0,0.0
2015-11-09,0.04019598361918904,0.04019598361918904,0.0,0.0,3,1.0,0.0
2015-11-10,-0.04355050613994619,-0.04388383947327952,0.6666666666666666,0.0003333333333333333,3,1.0,0.0
2015-11-11,-0.054509520431137985,-0.054509520431137985,0.0,0.0,3,1.0,0.0
2015-11-12,-0.004590835658920489,-0.004590835658920489,0.0,0.0,3,1.0,0.0
2015-11-13,0.01760303270783144,0.01760303270783144,0.0,0.0,3,1.0,0.0
2015-11-16,0.0052224056009413,0.0052224056009413,0.0,0.0,3,1.0,0.0
2015-11-17,0.028266881555709146,0.028266881555709146,0.0,0.0,3,1.0,0.0
2015-11-18,-0.013523445682460148,-0.013523445682460148,0.0,0.0,3,1.0,0.0
2015-11-19,-0.0038032995929772797,-0.0038032995929772797,0.0,0.0,3,1.0,0.0
2015-11-20,0.038273683388652106,0.038273683388652106,0.0,0.0,3,1.0,0.0
2015-11-23,0.018030647927665105,0.018030647927665105,0.0,0.0,3,1.0,0.0
2015-11-24,-0.0029629493855296563,-0.0029629493855296563,0.0,0.0,3,1.0,0.0
2015-11-25,0.007257158967380291,0.006923825634046958,0.6666666666666666,0.0003333333333333333,3,1.0,0.0
2015-11-27,-0.02323424318135921,-0.02323424318135921,0.0,0.0,3,1.0,0.0
2015-11-30,0.01723241539966121,0.016899082066327877,0.6666666666666666,0.0003333333333333333,3,1.0,0.0
2015-12-01,-0.010361374649597705,-0.010361374649597705,0.0,0.0,3,1.0,0.0
2015-12-02,-0.026151047293595776,-0.026151047293595776,0.0,0.0,3,1.0,0.0
2015-12-03,0.0366700449480728,0.03633671161473947,0.6666666666666666,0.0003333333333333333,3,1.0,0.0
2015-12-04,-0.056242672038731935,-0.056242672038731935,0.0,0.0,3,1.0,0.0
2015-12-07,0.028387003141694213,0.028387003141694213,0.0,0.0,3,1.0,0.0
2015-12-08,-0.04743413766049283,-0.04743413766049283,0.0,0.0,3,1.0,0.0
2015-12-09,0.04454010845018256,0.04454010845018256,0.0,0.0,3,1.0,0.0
2015-12-10,-0.02963261492888817,-0.029965948262221504,0.6666666666666666,0.0003333333333333333,3,1.0,0.0
2015-12-11,-0.006521501215172034,-0.006854834548505367,0.6666666666666666,0.0003333333333333333,3,1.0,0.0
2015-12-14,0.029355642651745763,0.029355642651745763,0.0,0.0,3,1.0,0.0
2015-12-15,0.03586832517239931,0.03586832517239931,0.0,0.0,3,1.0,0.0
2015-12-16,-0.024468835857290684,-0.024468835857290684,0.0,0.0,3,1.0,0.0
2015-12-17,-0.02573446851114184,-0.026067801844475175,0.6666666666666666,0.0003333333333333333,3,1.0,0.0
2015-12-18,-0.015025510549052509,-0.015358843882385842,0.6666666666666666,0.0003333333333333333,3,1.0,0.0
2015-12-21,-0.009868030370414652,-0.009868030370414652,0.0,0.0,3,1.0,0.0
2015-12-22,0.05038125415046631,0.05004792081713298,0.6666666666666666,0.0003333333333333333,3,1.0,0.0
2015-12-23,-0.01297763661802498,-0.013310969951358312,0.6666666666666666,0.0003333333333333333,3,1.0,0.0
2015-12-24,0.015302748225091069,0.014969414891757736,0.6666666666666666,0.0003333333333333333,3,1.0,0.0
2015-12-28,0.024971622987126258,0.024638289653792923,0.6666666666666666,0.0003333333333333333,3,1.0,0.0
2015-12-29,-0.013534427205268687,-0.01386776053860202,0.6666666666666666,0.0003333333333333333,3,1.0,0.0
2015-12-30,-0.015817967711898584,-0.015817967711898584,0.0,0.0,3,1.0,0.0
2015-12-31,-0.016431944241383313,-0.016765277574716648,0.6666666666666666,0.0003333333333333333,3,1.0,0.0
2016-01-04,-0.01634479009726005,-0.016678123430593383,0.6666666666666666,0.0003333333333333333,3,1.0,0.0
2016-01-05,0.0012489838365293063,0.0012489838365293063,0.0,0.0,3,1.0,0.0
2016-01-06,-0.04364674237351462,-0.04364674237351462,0.0,0.0,3,1.0,0.0
2016-01-07,-0.02614098272652502,-0.02614098272652502,0.0,0.0,3,1.0,0.0
2016-01-08,-0.025100647316167974,-0.025100647316167974,0.0,0.0,3,1.0,0.0
2016-01-11,-0.0001455352450876841,-0.0001455352450876841,0.0,0.0,3,1.0,0.0
2016-01-12,-0.06901067494325333,-0.06934400827658667,0.6666666666666666,0.0003333333333333333,3,1.0,0.0
2016-01-13,0.04764870782590547,0.04764870782590547,0.0,0.0,3,1.0,0.0
2016-01-14,-0.18664840788562875,-0.18664840788562875,0.0,0.0,3,1.0,0.0
2016-01-15,0.02611316792818415,0.025779834594850816,0.6666666666666666,0.0003333333333333333,3,1.0,0.0
2016-01-19,0.016711927315961456,0.016711927315961456,0.0,0.0,3,1.0,0.0
2016-01-20,-0.0563728913321192,-0.05670622466545253,0.6666666666666666,0.0003333333333333333,3,1.0,0.0
2016-01-21,0.025263121283864393,0.025263121283864393,0.0,0.0,3,1.0,0.0
2016-01-22,-0.020802861501262572,-0.020802861501262572,0.0,0.0,3,1.0,0.0
2016-01-25,0.012949912315637208,0.012949912315637208,0.0,0.0,3,1.0,0.0
2016-01-26,-0.047340635867736396,-0.04767396920106973,0.6666666666666666,0.0003333333333333333,3,1.0,0.0
2016-01-27,-0.02052305371295815,-0.020856387046291485,0.6666666666666666,0.0003333333333333333,3,1.0,0.0
2016-01-28,0.029681480996795975,0.029681480996795975,0.0,0.0,3,1.0,0.0
2016-01-29,0.006890833271882445,0.006557499938549112,0.6666666666666666,0.0003333333333333333,3,1.0,0.0
2016-02-01,-0.04693831294510919,-0.04727164627844252,0.6666666666666666,0.0003333333333333333,3,1.0,0.0
2016-02-02,-0.006922602892657633,-0.006922602892657633,0.0,0.0,3,1.0,0.0
2016-02-03,0.004385445544053956,0.004052112210720623,0.6666666666666666,0.0003333333333333333,3,1.0,0.0
2016-02-04,-0.05566738549563443,-0.05566738549563443,0.0,0.0,3,1.0,0.0
2016-02-05,-0.07463964904515588,-0.07463964904515588,0.0,0.0,3,1.0,0.0
2016-02-08,0.01220958033249897,0.01220958033249897,0.0,0.0,3,1.0,0.0
2016-02-09,0.0009086648219489564,0.0009086648219489564,0.0,0.0,3,1.0,0.0
2016-02-10,0.0047480960258686755,0.0044147626925353425,0.6666666666666666,0.0003333333333333333,3,1.0,0.0
2016-02-11,0.014143177399784435,0.014143177399784435,0.0,0.0,3,1.0,0.0
2016-02-12,0.0212953108902341,0.020961977556900765,0.6666666666666666,0.0003333333333333333,3,1.0,0.0
2016-02-16,0.05682883472407825,0.05649550139074492,0.6666666666666666,0.0003333333333333333,3,1.0,0.0
2016-02-17,-0.007425527284528536,-0.007758860617861869,0.6666666666666666,0.0003333333333333333,3,1.0,0.0
2016-02-18,0.03951621870631594,0.03918288537298261,0.6666666666666666,0.0003333333333333333,3,1.0,0.0
2016-02-19,0.03100720007733796,0.03100720007733796,0.0,0.0,3,1.0,0.0
2016-02-22,-0.021108258826237087,-0.021108258826237087,0.0,0.0,3,1.0,0.0
2016-02-23,0.03744604122256271,0.03744604122256271,0.0,0.0,3,1.0,0.0
2016-02-24,0.019215415155089028,0.019215415155089028,0.0,0.0,3,1.0,0.0
2016-02-25,-0.0030036944221612334,-0.003337027755494567,0.6666666666666666,0.0003333333333333333,3,1.0,0.0
2016-02-26,0.013056870737617852,0.013056870737617852,0.0,0.0,3,1.0,0.0
2016-02-29,0.015059005454852318,0.014725672121518985,0.6666666666666666,0.0003333333333333333,3,1.0,0.0
2016-03-01,0.013406235312734511,0.013072901979401178,0.6666666666666666,0.0003333333333333333,3,1.0,0.0
2016-03-02,-0.00783332323721834,-0.008166656570551673,0.6666666666666666,0.0003333333333333333,3,1.0,0.0
2016-03-03,-0.0069191480752174295,-0.0072524814085507625,0.6666666666666666,0.0003333333333333333,3,1.0,0.0
2016-03-04,0.0038303949707841154,0.003497061637450782,0.6666666666666666,0.0003333333333333333,3,1.0,0.0
2016-03-07,-0.0054339180049938944,-0.0057672513383272275,0.6666666666666666,0.0003333333333333333,3,1.0,0.0
2016-03-08,-0.014009472716827323,-0.014342806050160656,0.6666666666666666,0.0003333333333333333,3,1.0,0.0
2016-03-09,-0.00794724489241927,-0.008280578225752603,0.6666666666666666,0.0003333333333333333,3,1.0,0.0
2016-03-10,0.003554978841103044,0.0028883121744363773,1.3333333333333333,0.0006666666666666666,3,1.0,0.0
2016-03-11,0.012742258348917773,0.01240892501558444,0.6666666666666666,0.0003333333333333333,3,1.0,0.0
2016-03-14,-0.023293789101880513,-0.02396045576854718,1.3333333333333333,0.0006666666666666666,3,1.0,0.0
2016-03-15,0.03358061408635068,0.03358061408635068,0.0,0.0,3,1.0,0.0
2016-03-16,0.03031426518126819,0.03031426518126819,0.0,0.0,3,1.0,0.0
2016-03-17,0.008656467709799665,0.008323134376466331,0.6666666666666666,0.0003333333333333333,3,1.0,0.0
2016-03-18,0.0026051710262130125,0.0026051710262130125,0.0,0.0,3,1.0,0.0
2016-03-21,-0.0017217379125733503,-0.002055071245906684,0.6666666666666666,0.0003333333333333333,3,1.0,0.0
2016-03-22,-0.0656906436295203,-0.06602397696285364,0.6666666666666666,0.0003333333333333333,3,1.0,0.0
2016-03-23,-0.012206699683010988,-0.01254003301634432,0.6666666666666666,0.0003333333333333333,3,1.0,0.0
2016-03-24,0.015232336282956171,0.014565669616289505,1.3333333333333333,0.0006666666666666666,3,1.0,0.0
2016-03-28,0.038575543495367334,0.038242210162034,0.6666666666666666,0.0003333333333333333,3,1.0,0.0
2016-03-29,-0.002805999514264264,-0.0031393328475975975,0.6666666666666666,0.0003333333333333333,3,1.0,0.0
2016-03-30,-0.013475227513723135,-0.013808560847056468,0.6666666666666666,0.0003333333333333333,3,1.0,0.0
2016-03-31,0.02089878372895689,0.020565450395623554,0.6666666666666666,0.0003333333333333333,3,1.0,0.0
2016-04-01,-0.059099671845926044,-0.059099671845926044,0.0,0.0,3,1.0,0.0
2016-04-04,0.0008894685649789942,0.0008894685649789942,0.0,0.0,3,1.0,0.0
2016-04-05,0.0121466618548548,0.011813328521521466,0.6666666666666666,0.0003333333333333333,3,1.0,0.0
2016-04-06,0.011540343299842807,0.011207009966509474,0.6666666666666666,0.0003333333333333333,3,1.0,0.0
2016-04-07,0.0031257899070084028,0.0027924565736750693,0.6666666666666666,0.0003333333333333333,3,1.0,0.0
2016-04-08,0.03423088040975301,0.03423088040975301,0.0,0.0,3,1.0,0.0
2016-04-11,0.0019949340572627348,0.0019949340572627348,0.0,0.0,3,1.0,0.0
2016-04-12,-0.0036864026750356525,-0.0036864026750356525,0.0,0.0,3,1.0,0.0
2016-04-13,0.0011578116497434898,0.0011578116497434898,0.0,0.0,3,1.0,0.0
2016-04-14,0.0026808400689353196,0.0026808400689353196,0.0,0.0,3,1.0,0.0
2016-04-15,0.009384691821347673,0.009384691821347673,0.0,0.0,3,1.0,0.0
2016-04-18,0.022121794652006734,0.021455127985340067,1.3333333333333333,0.0006666666666666666,3,1.0,0.0
2016-04-19,-0.029499747300471814,-0.029499747300471814,0.0,0.0,3,1.0,0.0
2016-04-20,0.0009849303361901813,0.0006515970028568481,0.6666666666666666,0.0003333333333333333,3,1.0,0.0
2016-04-21,-0.017020859187523125,-0.017020859187523125,0.0,0.0,3,1.0,0.0
2016-04-22,-0.0028031102687972043,-0.0031364436021305377,0.6666666666666666,0.0003333333333333333,3,1.0,0.0
2016-04-25,-0.011049302418414323,-0.011382635751747656,0.6666666666666666,0.0003333333333333333,3,1.0,0.0
2016-04-26,0.013493137176182907,0.013493137176182907,0.0,0.0,3,1.0,0.0
2016-04-27,-0.0034478700496505983,-0.0034478700496505983,0.0,0.0,3,1.0,0.0
2016-04-28,-0.021179063271806593,-0.021179063271806593,0.0,0.0,3,1.0,0.0
2016-04-29,0.02915558988011783,0.02915558988011783,0.0,0.0,3,1.0,0.0
2016-05-02,-0.020254848455590113,-0.020254848455590113,0.0,0.0,3,1.0,0.0
2016-05-03,-0.008542754060344583,-0.008542754060344583,0.0,0.0,3,1.0,0.0
2016-05-04,0.02679262666891106,0.02679262666891106,0.0,0.0,3,1.0,0.0
2016-05-05,-0.009837852824077637,-0.009837852824077637,0.0,0.0,3,1.0,0.0
2016-05-06,-0.05819170488227158,-0.05852503821560491,0.6666666666666666,0.0003333333333333333,3,1.0,0.0
2016-05-09,0.07052277354924152,0.07052277354924152,0.0,0.0,3,1.0,0.0
2016-05-10,0.019678248329036897,0.019344914995703563,0.6666666666666666,0.0003333333333333333,3,1.0,0.0
2016-05-11,-0.019545583113940945,-0.019545583113940945,0.0,0.0,3,1.0,0.0
2016-05-12,0.01127211115066351,0.01127211115066351,0.0,0.0,3,1.0,0.0
2016-05-13,0.02206504687484941,0.02206504687484941,0.0,0.0,3,1.0,0.0
2016-05-16,0.017745598430153848,0.017745598430153848,0.0,0.0,3,1.0,0.0
2016-05-17,-0.08015185190507997,-0.08015185190507997,0.0,0.0,3,1.0,0.0
2016-05-18,-0.008159658454574743,-0.008492991787908076,0.6666666666666666,0.0003333333333333333,3,1.0,0.0
2016-05-19,0.00513273289596472,0.004799399562631387,0.6666666666666666,0.0003333333333333333,3,1.0,0.0
2016-05-20,-0.011989069023474148,-0.011989069023474148,0.0,0.0,3,1.0,0.0
2016-05-23,-0.08098465092639798,-0.08098465092639798,0.0,0.0,3,1.0,0.0
2016-05-24,0.032149674345411494,0.032149674345411494,0.0,0.0,3,1.0,0.0
2016-05-25,0.0034107974846961557,0.0034107974846961557,0.0,0.0,3,1.0,0.0
2016-05-26,-0.04758239372426435,-0.04758239372426435,0.0,0.0,3,1.0,0.0
2016-05-27,0.009718811606283035,0.009718811606283035,0.0,0.0,3,1.0,0.0
2016-05-31,0.00455538953102308,0.00455538953102308,0.0,0.0,3,1.0,0.0
2016-06-01,0.009053343595796754,0.009053343595796754,0.0,0.0,3,1.0,0.0
2016-06-02,0.11697960056587874,0.11697960056587874,0.0,0.0,3,1.0,0.0
2016-06-03,-0.0014034403374422193,-0.0014034403374422193,0.0,0.0,3,1.0,0.0
2016-06-06,-0.020863219389723093,-0.020863219389723093,0.0,0.0,3,1.0,0.0
2016-06-07,0.05706338741394967,0.05706338741394967,0.0,0.0,3,1.0,0.0
2016-06-08,0.024451188276573735,0.024451188276573735,0.0,0.0,3,1.0,0.0
2016-06-09,-0.031258387220679675,-0.031258387220679675,0.0,0.0,3,1.0,0.0
2016-06-10,-0.010721216902036868,-0.010721216902036868,0.0,0.0,3,1.0,0.0
2016-06-13,-0.01811681376456934,-0.01811681376456934,0.0,0.0,3,1.0,0.0
2016-06-14,0.04337398299368374,0.04337398299368374,0.0,0.0,3,1.0,0.0
2016-06-15,-0.04116782912966791,-0.04116782912966791,0.0,0.0,3,1.0,0.0
2016-06-16,-0.001242308291973174,-0.001242308291973174,0.0,0.0,3,1.0,0.0
2016-06-17,0.0038924858521340866,0.0038924858521340866,0.0,0.0,3,1.0,0.0
2016-06-20,-0.031955466683164735,-0.031955466683164735,0.0,0.0,3,1.0,0.0
2016-06-21,0.029160356426813767,0.029160356426813767,0.0,0.0,3,1.0,0.0
2016-06-22,-0.001506320813855377,-0.0018396541471887103,0.6666666666666666,0.0003333333333333333,3,1.0,0.0
2016-06-23,0.013237145331516875,0.012903811998183542,0.6666666666666666,0.0003333333333333333,3,1.0,0.0
2016-06-24,-0.0069012809118674055,-0.0072346142452007385,0.6666666666666666,0.0003333333333333333,3,1.0,0.0
2016-06-27,-0.013778296370607457,-0.013778296370607457,0.0,0.0,3,1.0,0.0
2016-06-28,0.03541558399430407,0.03541558399430407,0.0,0.0,3,1.0,0.0
2016-06-29,0.005036689269839245,0.004703355936505912,0.6666666666666666,0.0003333333333333333,3,1.0,0.0
2016-06-30,0.08068212152545917,0.08034878819212583,0.6666666666666666,0.0003333333333333333,3,1.0,0.0
2016-07-01,0.024737151456144746,0.024737151456144746,0.0,0.0,3,1.0,0.0
2016-07-05,0.03779479269420616,0.03779479269420616,0.0,0.0,3,1.0,0.0
2016-07-06,-0.04148307472962246,-0.04148307472962246,0.0,0.0,3,1.0,0.0
2016-07-07,0.056687089369513124,0.056687089369513124,0.0,0.0,3,1.0,0.0
2016-07-08,0.016324952922271985,0.016324952922271985,0.0,0.0,3,1.0,0.0
2016-07-11,-0.04730476752423932,-0.04730476752423932,0.0,0.0,3,1.0,0.0
2016-07-12,0.05589739887619697,0.05589739887619697,0.0,0.0,3,1.0,0.0
2016-07-13,0.016760013565979042,0.016760013565979042,0.0,0.0,3,1.0,0.0
2016-07-14,-0.007228044402932935,-0.007228044402932935,0.0,0.0,3,1.0,0.0
2016-07-15,0.016804890189429173,0.016804890189429173,0.0,0.0,3,1.0,0.0
2016-07-18,-0.017706628956897008,-0.017706628956897008,0.0,0.0,3,1.0,0.0
2016-07-19,-0.08481739194475346,-0.08481739194475346,0.0,0.0,3,1.0,0.0
2016-07-20,0.050343217290619593,0.050343217290619593,0.0,0.0,3,1.0,0.0
2016-07-21,-0.014276203135998422,-0.014609536469331755,0.6666666666666666,0.0003333333333333333,3,1.0,0.0
2016-07-22,-0.040511517582862235,-0.040511517582862235,0.0,0.0,3,1.0,0.0
2016-07-25,0.039042726591539324,0.03870939325820599,0.6666666666666666,0.0003333333333333333,3,1.0,0.0
2016-07-26,0.06196784582549597,0.06163451249216264,0.6666666666666666,0.0003333333333333333,3,1.0,0.0
2016-07-27,0.01565296009677593,0.015319626763442598,0.6666666666666666,0.0003333333333333333,3,1.0,0.0
2016-07-28,0.03990875789851378,0.03957542456518045,0.6666666666666666,0.0003333333333333333,3,1.0,0.0
2016-07-29,0.017897476352702075,0.01756414301936874,0.6666666666666666,0.0003333333333333333,3,1.0,0.0
2016-08-01,0.006374299936793948,0.006040966603460615,0.6666666666666666,0.0003333333333333333,3,1.0,0.0
2016-08-02,-0.002479557719310003,-0.0028128910526433364,0.6666666666666666,0.0003333333333333333,3,1.0,0.0
2016-08-03,0.009517112639424822,0.009517112639424822,0.0,0.0,3,1.0,0.0
2016-08-04,-0.025818335570474527,-0.02615166890380786,0.6666666666666666,0.0003333333333333333,3,1.0,0.0
2016-08-05,0.011867084029368867,0.011533750696035534,0.6666666666666666,0.0003333333333333333,3,1.0,0.0
2016-08-08,0.01985130686458832,0.019517973531254985,0.6666666666666666,0.0003333333333333333,3,1.0,0.0
2016-08-09,-0.015986473084170744,-0.01631980641750408,0.6666666666666666,0.0003333333333333333,3,1.0,0.0
2016-08-10,0.009449349926900533,0.0091160165935672,0.6666666666666666,0.0003333333333333333,3,1.0,0.0
2016-08-11,-0.013923063262565982,-0.013923063262565982,0.0,0.0,3,1.0,0.0
2016-08-12,-0.005914587540044518,-0.005914587540044518,0.0,0.0,3,1.0,0.0
2016-08-15,-0.01279868903817364,-0.01279868903817364,0.0,0.0,3,1.0,0.0
2016-08-16,-0.028398131953791407,-0.028398131953791407,0.0,0.0,3,1.0,0.0
2016-08-17,-0.004923262083572632,-0.005256595416905965,0.6666666666666666,0.0003333333333333333,3,1.0,0.0
2016-08-18,-0.023112802108993358,-0.023446135442326693,0.6666666666666666,0.0003333333333333333,3,1.0,0.0
2016-08-19,-0.040389358874487614,-0.040722692207820946,0.6666666666666666,0.0003333333333333333,3,1.0,0.0
2016-08-22,-0.01623846884622282,-0.016571802179556155,0.6666666666666666,0.0003333333333333333,3,1.0,0.0
2016-08-23,-0.062388207413146435,-0.062388207413146435,0.0,0.0,3,1.0,0.0
2016-08-24,0.021826905597961334,0.021493572264628,0.6666666666666666,0.0003333333333333333,3,1.0,0.0
2016-08-25,0.02499758456716879,0.024664251233835456,0.6666666666666666,0.0003333333333333333,3,1.0,0.0
2016-08-26,0.016818334019923054,0.016818334019923054,0.0,0.0,3,1.0,0.0
2016-08-29,-0.025605342490176652,-0.025605342490176652,0.0,0.0,3,1.0,0.0
2016-08-30,-0.004240215831787945,-0.004240215831787945,0.0,0.0,3,1.0,0.0
2016-08-31,0.0074851525344604335,0.0074851525344604335,0.0,0.0,3,1.0,0.0
2016-09-01,0.04007174196235397,0.04007174196235397,0.0,0.0,3,1.0,0.0
2016-09-02,0.058612005588455696,0.058612005588455696,0.0,0.0,3,1.0,0.0
2016-09-06,0.002111604641695205,0.002111604641695205,0.0,0.0,3,1.0,0.0
2016-09-07,0.007971864759183322,0.007971864759183322,0.0,0.0,3,1.0,0.0
2016-09-08,-0.08190548475262505,-0.08190548475262505,0.0,0.0,3,1.0,0.0
2016-09-09,-0.004023480879499479,-0.004023480879499479,0.0,0.0,3,1.0,0.0
2016-09-12,-0.06608645526121815,-0.06608645526121815,0.0,0.0,3,1.0,0.0
2016-09-13,0.0012298271403825924,0.0012298271403825924,0.0,0.0,3,1.0,0.0
2016-09-14,0.016344044183793278,0.016344044183793278,0.0,0.0,3,1.0,0.0
2016-09-15,-0.023967571291979645,-0.023967571291979645,0.0,0.0,3,1.0,0.0
2016-09-16,-0.0008609723191466134,-0.0008609723191466134,0.0,0.0,3,1.0,0.0
2016-09-19,0.007050056551926179,0.007050056551926179,0.0,0.0,3,1.0,0.0
2016-09-20,0.04511525461665766,0.04511525461665766,0.0,0.0,3,1.0,0.0
2016-09-21,-0.031426499392211385,-0.031426499392211385,0.0,0.0,3,1.0,0.0
2016-09-22,-0.006772051872214078,-0.007105385205547411,0.6666666666666666,0.0003333333333333333,3,1.0,0.0
2016-09-23,-0.023059266327829654,-0.02339259966116299,0.6666666666666666,0.0003333333333333333,3,1.0,0.0
2016-09-26,0.00577217434738771,0.00577217434738771,0.0,0.0,3,1.0,0.0
2016-09-27,0.023536947469790993,0.02320361413645766,0.6666666666666666,0.0003333333333333333,3,1.0,0.0
2016-09-28,-0.015416294506679992,-0.015416294506679992,0.0,0.0,3,1.0,0.0
2016-09-29,0.008931793913319885,0.008598460579986552,0.6666666666666666,0.0003333333333333333,3,1.0,0.0
2016-09-30,0.00288759403704734,0.0025542607037140064,0.6666666666666666,0.0003333333333333333,3,1.0,0.0
2016-10-03,0.0012164868037472707,0.0008831534704139374,0.6666666666666666,0.0003333333333333333,3,1.0,0.0
2016-10-04,-0.017788221437664675,-0.017788221437664675,0.0,0.0,3,1.0,0.0
2016-10-05,0.012348883141968692,0.012015549808635359,0.6666666666666666,0.0003333333333333333,3,1.0,0.0
2016-10-06,0.024094083001663227,0.024094083001663227,0.0,0.0,3,1.0,0.0
2016-10-07,0.026941236883828136,0.026941236883828136,0.0,0.0,3,1.0,0.0
2016-10-10,-0.009749703326875376,-0.009749703326875376,0.0,0.0,3,1.0,0.0
2016-10-11,0.0048465724621538815,0.0048465724621538815,0.0,0.0,3,1.0,0.0
2016-10-12,0.014440064810293397,0.014440064810293397,0.0,0.0,3,1.0,0.0
2016-10-13,-0.013528196595657219,-0.013528196595657219,0.0,0.0,3,1.0,0.0
2016-10-14,0.0017577062323354726,0.0014243728990021394,0.6666666666666666,0.0003333333333333333,3,1.0,0.0
2016-10-17,0.04522723854681568,0.04489390521348235,0.6666666666666666,0.0003333333333333333,3,1.0,0.0
2016-10-18,0.053911633206693864,0.053911633206693864,0.0,0.0,3,1.0,0.0
2016-10-19,0.01078612090680727,0.01078612090680727,0.0,0.0,3,1.0,0.0
2016-10-20,0.015925300437586366,0.015925300437586366,0.0,0.0,3,1.0,0.0
2016-10-21,0.007730139398011926,0.007730139398011926,0.0,0.0,3,1.0,0.0
2016-10-24,-0.00685955338313593,-0.007192886716469263,0.6666666666666666,0.0003333333333333333,3,1.0,0.0
2016-10-25,-0.019033748016923036,-0.019033748016923036,0.0,0.0,3,1.0,0.0
2016-10-26,-0.022462030790789823,-0.022795364124123158,0.6666666666666666,0.0003333333333333333,3,1.0,0.0
2016-10-27,0.0073432624229794454,0.007009929089646112,0.6666666666666666,0.0003333333333333333,3,1.0,0.0
2016-10-28,0.013205416894394842,0.01287208356106151,0.6666666666666666,0.0003333333333333333,3,1.0,0.0
2016-10-31,-0.01519257696749887,-0.01519257696749887,0.0,0.0,3,1.0,0.0
2016-11-01,-0.048713339847711534,-0.048713339847711534,0.0,0.0,3,1.0,0.0
2016-11-02,-0.03367931526617655,-0.03367931526617655,0.0,0.0,3,1.0,0.0
2016-11-03,0.0433360605211532,0.0433360605211532,0.0,0.0,3,1.0,0.0
2016-11-04,-0.015757333698667792,-0.015757333698667792,0.0,0.0,3,1.0,0.0
2016-11-07,-0.008550790362786793,-0.008550790362786793,0.0,0.0,3,1.0,0.0
2016-11-08,-0.0005230491538955602,-0.0005230491538955602,0.0,0.0,3,1.0,0.0
2016-11-09,-0.0691626943676615,-0.0691626943676615,0.0,0.0,3,1.0,0.0
2016-11-10,-0.010291486608347073,-0.010624819941680406,0.6666666666666666,0.0003333333333333333,3,1.0,0.0
2016-11-11,-0.010460190166700817,-0.01079352350003415,0.6666666666666666,0.0003333333333333333,3,1.0,0.0
2016-11-14,0.029414618622540575,0.02908128528920724,0.6666666666666666,0.0003333333333333333,3,1.0,0.0
2016-11-15,0.0010264391369378956,0.0010264391369378956,0.0,0.0,3,1.0,0.0
2016-11-16,0.004073172397531355,0.004073172397531355,0.0,0.0,3,1.0,0.0
2016-11-17,-0.0038145092163812304,-0.0038145092163812304,0.0,0.0,3,1.0,0.0
2016-11-18,0.06301206521470451,0.06301206521470451,0.0,0.0,3,1.0,0.0
2016-11-21,0.11413018013698242,0.11379684680364908,0.6666666666666666,0.0003333333333333333,3,1.0,0.0
2016-11-22,-0.010980224783041724,-0.010980224783041724,0.0,0.0,3,1.0,0.0
2016-11-23,0.015464443517262949,0.015131110183929616,0.6666666666666666,0.0003333333333333333,3,1.0,0.0
2016-11-25,0.009097153527381163,0.00876382019404783,0.6666666666666666,0.0003333333333333333,3,1.0,0.0
2016-11-28,-0.012300141638834895,-0.012300141638834895,0.0,0.0,3,1.0,0.0
2016-11-29,0.006799132425048407,0.006799132425048407,0.0,0.0,3,1.0,0.0
2016-11-30,-0.026196958431570952,-0.026196958431570952,0.0,0.0,3,1.0,0.0
2016-12-01,-0.002098903584565881,-0.002098903584565881,0.0,0.0,3,1.0,0.0
2016-12-02,0.015560146845690848,0.015226813512357515,0.6666666666666666,0.0003333333333333333,3,1.0,0.0
2016-12-05,-0.007688399257819981,-0.007688399257819981,0.0,0.0,3,1.0,0.0
2016-12-06,0.06467042640324275,0.06433709306990941,0.6666666666666666,0.0003333333333333333,3,1.0,0.0
2016-12-07,-0.0256271685635356,-0.025960501896868934,0.6666666666666666,0.0003333333333333333,3,1.0,0.0
2016-12-08,-0.07247406131470635,-0.07280739464803969,0.6666666666666666,0.0003333333333333333,3,1.0,0.0
2016-12-09,0.004670129758352089,0.004670129758352089,0.0,0.0,3,1.0,0.0
2016-12-12,-0.05560420824953793,-0.05560420824953793,0.0,0.0,3,1.0,0.0
2016-12-13,-0.0454220915696812,-0.0454220915696812,0.0,0.0,3,1.0,0.0
2016-12-14,0.030082867067904896,0.02974953373457156,0.6666666666666666,0.0003333333333333333,3,1.0,0.0
2016-12-15,-0.022643115149885852,-0.022976448483219187,0.6666666666666666,0.0003333333333333333,3,1.0,0.0
2016-12-16,-0.014217178593236013,-0.014217178593236013,0.0,0.0,3,1.0,0.0
2016-12-19,-0.016260950082676806,-0.016260950082676806,0.0,0.0,3,1.0,0.0
2016-12-20,0.0061331799129407845,0.0061331799129407845,0.0,0.0,3,1.0,0.0
2016-12-21,-0.03038413256225077,-0.03038413256225077,0.0,0.0,3,1.0,0.0
2016-12-22,0.0017386308355405635,0.0014052975022072302,0.6666666666666666,0.0003333333333333333,3,1.0,0.0
2016-12-23,0.010132754210319598,0.010132754210319598,0.0,0.0,3,1.0,0.0
2016-12-27,0.010719477900866803,0.010719477900866803,0.0,0.0,3,1.0,0.0
2016-12-28,-0.018586383199416818,-0.018586383199416818,0.0,0.0,3,1.0,0.0
2016-12-29,-0.017819306863977626,-0.017819306863977626,0.0,0.0,3,1.0,0.0
2016-12-30,0.008434509101589788,0.008434509101589788,0.0,0.0,3,1.0,0.0
2017-01-03,0.02006046148064248,0.02006046148064248,0.0,0.0,3,1.0,0.0
2017-01-04,0.0165691780735319,0.0165691780735319,0.0,0.0,3,1.0,0.0
2017-01-05,-0.026796545859907945,-0.026796545859907945,0.0,0.0,3,1.0,0.0
2017-01-06,0.002792324548884376,0.002792324548884376,0.0,0.0,3,1.0,0.0
2017-01-09,0.055060953797602154,0.055060953797602154,0.0,0.0,3,1.0,0.0
2017-01-10,0.03154433192949198,0.031210998596158643,0.6666666666666666,0.0003333333333333333,3,1.0,0.0
2017-01-11,0.016014932602030685,0.016014932602030685,0.0,0.0,3,1.0,0.0
2017-01-12,0.006938987017680698,0.006938987017680698,0.0,0.0,3,1.0,0.0
2017-01-13,-0.012470009279918336,-0.012470009279918336,0.0,0.0,3,1.0,0.0
2017-01-17,0.008916605645114576,0.008916605645114576,0.0,0.0,3,1.0,0.0
2017-01-18,-0.01978301557949106,-0.01978301557949106,0.0,0.0,3,1.0,0.0
2017-01-19,-0.007705847870488261,-0.008372514537154927,1.3333333333333333,0.0006666666666666666,3,1.0,0.0
2017-01-20,0.009238746936090206,0.008905413602756873,0.6666666666666666,0.0003333333333333333,3,1.0,0.0
2017-01-23,0.06203881406715084,0.06137214740048417,1.3333333333333333,0.0006666666666666666,3,1.0,0.0
2017-01-24,-0.01528646158865532,-0.015619794921988653,0.6666666666666666,0.0003333333333333333,3,1.0,0.0
2017-01-25,-0.007909334220922732,-0.008242667554256065,0.6666666666666666,0.0003333333333333333,3,1.0,0.0
2017-01-26,0.006729153791860527,0.006729153791860527,0.0,0.0,3,1.0,0.0
2017-01-27,-0.021637202568324316,-0.02197053590165765,0.6666666666666666,0.0003333333333333333,3,1.0,0.0
2017-01-30,-0.0002582929339710973,-0.0005916262673044306,0.6666666666666666,0.0003333333333333333,3,1.0,0.0
2017-01-31,0.06490993193219767,0.06457659859886433,0.6666666666666666,0.0003333333333333333,3,1.0,0.0
2017-02-01,-0.001227220242407253,-0.0015605535757405862,0.6666666666666666,0.0003333333333333333,3,1.0,0.0
2017-02-02,-0.009646082816273844,-0.009979416149607177,0.6666666666666666,0.0003333333333333333,3,1.0,0.0
2017-02-03,0.032636750632705394,0.032636750632705394,0.0,0.0,3,1.0,0.0
2017-02-06,-0.018041776743619287,-0.018041776743619287,0.0,0.0,3,1.0,0.0
2017-02-07,0.010825046119924187,0.010491712786590853,0.6666666666666666,0.0003333333333333333,3,1.0,0.0
2017-02-08,-0.006781346148129307,-0.00711467948146264,0.6666666666666666,0.0003333333333333333,3,1.0,0.0
2017-02-09,0.025144334008030546,0.025144334008030546,0.0,0.0,3,1.0,0.0
2017-02-10,0.017485070743609978,0.017151737410276643,0.6666666666666666,0.0003333333333333333,3,1.0,0.0
2017-02-13,-0.03137551953663116,-0.03170885286996449,0.6666666666666666,0.0003333333333333333,3,1.0,0.0
2017-02-14,0.004808285314826502,0.004808285314826502,0.0,0.0,3,1.0,0.0
2017-02-15,-0.014525285143361193,-0.014525285143361193,0.0,0.0,3,1.0,0.0
2017-02-16,0.002362021124010553,0.0020286877906772194,0.6666666666666666,0.0003333333333333333,3,1.0,0.0
2017-02-17,0.004979427633858353,0.00464609430052502,0.6666666666666666,0.0003333333333333333,3,1.0,0.0
2017-02-21,0.0075995288574793865,0.0075995288574793865,0.0,0.0,3,1.0,0.0
2017-02-22,-0.0207610994025927,-0.021094432735926035,0.6666666666666666,0.0003333333333333333,3,1.0,0.0
2017-02-23,-0.02136887219688547,-0.02136887219688547,0.0,0.0,3,1.0,0.0
2017-02-24,0.02240254081448182,0.022069207481148486,0.6666666666666666,0.0003333333333333333,3,1.0,0.0
2017-02-27,-0.038796951030232764,-0.038796951030232764,0.0,0.0,3,1.0,0.0
2017-02-28,0.03757690841710411,0.03757690841710411,0.0,0.0,3,1.0,0.0
2017-03-01,-0.04140239605355889,-0.04140239605355889,0.0,0.0,3,1.0,0.0
2017-03-02,-0.0038575557491014427,-0.0038575557491014427,0.0,0.0,3,1.0,0.0
2017-03-03,-0.005763847003820488,-0.005763847003820488,0.0,0.0,3,1.0,0.0
2017-03-06,-0.02434672636669329,-0.02434672636669329,0.0,0.0,3,1.0,0.0
2017-03-07,-0.01004518303647554,-0.01004518303647554,0.0,0.0,3,1.0,0.0
2017-03-08,0.007016209972189991,0.007016209972189991,0.0,0.0,3,1.0,0.0
2017-03-09,0.009778247118597795,0.009778247118597795,0.0,0.0,3,1.0,0.0
2017-03-10,0.012413091245669026,0.012413091245669026,0.0,0.0,3,1.0,0.0
2017-03-13,-0.00951426458362529,-0.00951426458362529,0.0,0.0,3,1.0,0.0
2017-03-14,0.03110609250729098,0.03110609250729098,0.0,0.0,3,1.0,0.0
2017-03-15,-0.028792525298404592,-0.028792525298404592,0.0,0.0,3,1.0,0.0
2017-03-16,-0.004016971242402597,-0.004016971242402597,0.0,0.0,3,1.0,0.0
2017-03-17,0.0062015589066839495,0.0062015589066839495,0.0,0.0,3,1.0,0.0
2017-03-20,-0.03816460154248084,-0.03816460154248084,0.0,0.0,3,1.0,0.0
2017-03-21,0.017903648565484653,0.017903648565484653,0.0,0.0,3,1.0,0.0
2017-03-22,0.003858932095114527,0.003858932095114527,0.0,0.0,3,1.0,0.0
2017-03-23,0.015728271107849835,0.015728271107849835,0.0,0.0,3,1.0,0.0
2017-03-24,0.0014333094918663747,0.0014333094918663747,0.0,0.0,3,1.0,0.0
2017-03-27,-0.007252751762928722,-0.007252751762928722,0.0,0.0,3,1.0,0.0
2017-03-28,-0.0017608383420080569,-0.0017608383420080569,0.0,0.0,3,1.0,0.0
2017-03-29,0.009879653136115682,0.009879653136115682,0.0,0.0,3,1.0,0.0
2017-03-30,0.025349894286561314,0.025349894286561314,0.0,0.0,3,1.0,0.0
2017-03-31,-0.005704337831219152,-0.005704337831219152,0.0,0.0,3,1.0,0.0
2017-04-03,0.008904578810295199,0.008904578810295199,0.0,0.0,3,1.0,0.0
2017-04-04,-0.0034914759268294504,-0.0034914759268294504,0.0,0.0,3,1.0,0.0
2017-04-05,-0.019429264436934972,-0.019429264436934972,0.0,0.0,3,1.0,0.0
2017-04-06,0.006381997578283985,0.006381997578283985,0.0,0.0,3,1.0,0.0
2017-04-07,-0.004434540722018765,-0.004767874055352098,0.6666666666666666,0.0003333333333333333,3,1.0,0.0
2017-04-10,0.015582798414535803,0.01524946508120247,0.6666666666666666,0.0003333333333333333,3,1.0,0.0
2017-04-11,-0.017742308582003243,-0.017742308582003243,0.0,0.0,3,1.0,0.0
2017-04-12,0.035460057892021404,0.03512672455868807,0.6666666666666666,0.0003333333333333333,3,1.0,0.0
2017-04-13,0.004594201612407681,0.004594201612407681,0.0,0.0,3,1.0,0.0
2017-04-17,-0.0022493647610293266,-0.0022493647610293266,0.0,0.0,3,1.0,0.0
2017-04-18,-0.00027712441505541507,-0.00027712441505541507,0.0,0.0,3,1.0,0.0
2017-04-19,0.015866409403699246,0.015533076070365913,0.6666666666666666,0.0003333333333333333,3,1.0,0.0
2017-04-20,0.001140320716211285,0.001140320716211285,0.0,0.0,3,1.0,0.0
2017-04-21,0.032132955534538876,0.032132955534538876,0.0,0.0,3,1.0,0.0
2017-04-24,0.010327073852639718,0.009993740519306385,0.6666666666666666,0.0003333333333333333,3,1.0,0.0
2017-04-25,-0.01734593623641719,-0.01734593623641719,0.0,0.0,3,1.0,0.0
2017-04-26,0.004329287204111781,0.004329287204111781,0.0,0.0,3,1.0,0.0
2017-04-27,-0.0006672991285682586,-0.0006672991285682586,0.0,0.0,3,1.0,0.0
2017-04-28,0.02417502775718394,0.023841694423850604,0.6666666666666666,0.0003333333333333333,3,1.0,0.0
2017-05-01,-0.09943733502656396,-0.09943733502656396,0.0,0.0,3,1.0,0.0
2017-05-02,-0.012799491480657881,-0.012799491480657881,0.0,0.0,3,1.0,0.0
2017-05-03,-0.013969764073710015,-0.013969764073710015,0.0,0.0,3,1.0,0.0
2017-05-04,0.06283390883234237,0.06283390883234237,0.0,0.0,3,1.0,0.0
2017-05-05,0.0016133692244574283,0.0016133692244574283,0.0,0.0,3,1.0,0.0
2017-05-08,0.036391843175164716,0.036391843175164716,0.0,0.0,3,1.0,0.0
2017-05-09,0.03944379575789118,0.03944379575789118,0.0,0.0,3,1.0,0.0
2017-05-10,-0.016901967591034163,-0.017235300924367498,0.6666666666666666,0.0003333333333333333,3,1.0,0.0
2017-05-11,0.005463899982695956,0.005463899982695956,0.0,0.0,3,1.0,0.0
2017-05-12,-0.019172326284745005,-0.01950565961807834,0.6666666666666666,0.0003333333333333333,3,1.0,0.0
2017-05-15,-0.003020904242120648,-0.0033542375754539813,0.6666666666666666,0.0003333333333333333,3,1.0,0.0
2017-05-16,-0.03532016582590303,-0.03532016582590303,0.0,0.0,3,1.0,0.0
2017-05-17,-0.12733199244338084,-0.12766532577671416,0.6666666666666666,0.0003333333333333333,3,1.0,0.0
2017-05-18,0.025890265231683994,0.02555693189835066,0.6666666666666666,0.0003333333333333333,3,1.0,0.0
2017-05-19,0.05139377157209527,0.05139377157209527,0.0,0.0,3,1.0,0.0
2017-05-22,-0.0063127353288364345,-0.006646068662169768,0.6666666666666666,0.0003333333333333333,3,1.0,0.0
2017-05-23,0.03197725941106844,0.03197725941106844,0.0,0.0,3,1.0,0.0
2017-05-24,0.0031698353710527902,0.0031698353710527902,0.0,0.0,3,1.0,0.0
2017-05-25,0.04180812184043499,0.04147478850710166,0.6666666666666666,0.0003333333333333333,3,1.0,0.0
2017-05-26,-0.00736736972515876,-0.007700703058492093,0.6666666666666666,0.0003333333333333333,3,1.0,0.0
2017-05-30,0.03070268764546539,0.03070268764546539,0.0,0.0,3,1.0,0.0
2017-05-31,0.011274440624260269,0.011274440624260269,0.0,0.0,3,1.0,0.0
2017-06-01,0.018339644306725373,0.018339644306725373,0.0,0.0,3,1.0,0.0
2017-06-02,-0.02678182436481968,-0.02678182436481968,0.0,0.0,3,1.0,0.0
2017-06-05,0.016425192178851966,0.016425192178851966,0.0,0.0,3,1.0,0.0
2017-06-06,-0.010184252866256497,-0.010184252866256497,0.0,0.0,3,1.0,0.0
2017-06-07,-0.004026276099733234,-0.004026276099733234,0.0,0.0,3,1.0,0.0
2017-06-08,-0.06351811378765133,-0.06351811378765133,0.0,0.0,3,1.0,0.0
2017-06-09,-0.009571193945914953,-0.009571193945914953,0.0,0.0,3,1.0,0.0
2017-06-12,0.00212074031966684,0.00212074031966684,0.0,0.0,3,1.0,0.0
2017-06-13,-0.02179560818827475,-0.02179560818827475,0.0,0.0,3,1.0,0.0
2017-06-14,0.001961468518481076,0.001961468518481076,0.0,0.0,3,1.0,0.0
2017-06-15,0.003607486112919241,0.003607486112919241,0.0,0.0,3,1.0,0.0
2017-06-16,0.020802544396662105,0.02046921106332877,0.6666666666666666,0.0003333333333333333,3,1.0,0.0
2017-06-19,-0.028779288290552502,-0.029112621623885837,0.6666666666666666,0.0003333333333333333,3,1.0,0.0
2017-06-20,0.015294388898683026,0.014961055565349693,0.6666666666666666,0.0003333333333333333,3,1.0,0.0
2017-06-21,-0.0035681972198040217,-0.004234863886470689,1.3333333333333333,0.0006666666666666666,3,1.0,0.0
2017-06-22,0.030105242846048055,0.030105242846048055,0.0,0.0,3,1.0,0.0
2017-06-23,-0.030376431764315183,-0.030376431764315183,0.0,0.0,3,1.0,0.0
2017-06-26,-0.022788750242567397,-0.02312208357590073,0.6666666666666666,0.0003333333333333333,3,1.0,0.0
2017-06-27,0.0377287033734089,0.03739537004007557,0.6666666666666666,0.0003333333333333333,3,1.0,0.0
2017-06-28,-0.020193674297668496,-0.02052700763100183,0.6666666666666666,0.0003333333333333333,3,1.0,0.0
2017-06-29,0.01230724154052006,0.011973908207186726,0.6666666666666666,0.0003333333333333333,3,1.0,0.0
2017-06-30,-0.003844060042970776,-0.003844060042970776,0.0,0.0,3,1.0,0.0
2017-07-03,0.017055168974447626,0.017055168974447626,0.0,0.0,3,1.0,0.0
2017-07-05,-0.026884702518410686,-0.026884702518410686,0.0,0.0,3,1.0,0.0
2017-07-06,0.04677563858138977,0.04644230524805644,0.6666666666666666,0.0003333333333333333,3,1.0,0.0
2017-07-07,0.0036375327327465108,0.0036375327327465108,0.0,0.0,3,1.0,0.0
2017-07-10,0.015868348871621953,0.015868348871621953,0.0,0.0,3,1.0,0.0
2017-07-11,0.04590970183399667,0.04590970183399667,0.0,0.0,3,1.0,0.0
2017-07-12,0.026442995901212723,0.026442995901212723,0.0,0.0,3,1.0,0.0
2017-07-13,0.024158447057101868,0.023825113723768533,0.6666666666666666,0.0003333333333333333,3,1.0,0.0
2017-07-14,0.002348732147827752,0.002348732147827752,0.0,0.0,3,1.0,0.0
2017-07-17,0.030537661756699547,0.030204328423366213,0.6666666666666666,0.0003333333333333333,3,1.0,0.0
2017-07-18,-0.0021247876846103297,-0.0021247876846103297,0.0,0.0,3,1.0,0.0
2017-07-19,-0.018035698323017768,-0.018035698323017768,0.0,0.0,3,1.0,0.0
2017-07-20,0.0070742609797429514,0.0070742609797429514,0.0,0.0,3,1.0,0.0
2017-07-21,0.032969194328867024,0.03263586099553369,0.6666666666666666,0.0003333333333333333,3,1.0,0.0
2017-07-24,-0.023481675750474624,-0.023481675750474624,0.0,0.0,3,1.0,0.0
2017-07-25,0.01889539885631586,0.018562065522982524,0.6666666666666666,0.0003333333333333333,3,1.0,0.0
2017-07-26,-0.025028799632609247,-0.025028799632609247,0.0,0.0,3,1.0,0.0
2017-07-27,0.013175815571794406,0.013175815571794406,0.0,0.0,3,1.0,0.0
2017-07-28,0.004411058116186066,0.004077724782852733,0.6666666666666666,0.0003333333333333333,3,1.0,0.0
2017-07-31,-0.013155621596739922,-0.013155621596739922,0.0,0.0,3,1.0,0.0
2017-08-01,-0.04156682066899512,-0.04156682066899512,0.0,0.0,3,1.0,0.0
2017-08-02,0.003645872366800213,0.003645872366800213,0.0,0.0,3,1.0,0.0
2017-08-03,-0.11048141439730015,-0.11048141439730015,0.0,0.0,3,1.0,0.0
2017-08-04,0.04835746148886747,0.04802412815553414,0.6666666666666666,0.0003333333333333333,3,1.0,0.0
2017-08-07,0.013673729912815347,0.013340396579482014,0.6666666666666666,0.0003333333333333333,3,1.0,0.0
2017-08-08,-0.013025717544685473,-0.013359050878018806,0.6666666666666666,0.0003333333333333333,3,1.0,0.0
2017-08-09,-0.07131602688906383,-0.07131602688906383,0.0,0.0,3,1.0,0.0
2017-08-10,0.01921232396922064,0.01921232396922064,0.0,0.0,3,1.0,0.0
2017-08-11,0.03310071366661608,0.03310071366661608,0.0,0.0,3,1.0,0.0
2017-08-14,0.00625766934369117,0.00625766934369117,0.0,0.0,3,1.0,0.0
2017-08-15,-0.02222599486784715,-0.022559328201180485,0.6666666666666666,0.0003333333333333333,3,1.0,0.0
2017-08-16,-0.006739830571501107,-0.00707316390483444,0.6666666666666666,0.0003333333333333333,3,1.0,0.0
2017-08-17,0.01800629914178083,0.01800629914178083,0.0,0.0,3,1.0,0.0
2017-08-18,-0.005930264313990498,-0.005930264313990498,0.0,0.0,3,1.0,0.0
2017-08-21,0.020210193244189302,0.019876859910855967,0.6666666666666666,0.0003333333333333333,3,1.0,0.0
2017-08-22,0.027678860936786245,0.027678860936786245,0.0,0.0,3,1.0,0.0
2017-08-23,0.038298882585871476,0.038298882585871476,0.0,0.0,3,1.0,0.0
2017-08-24,-0.014031746859736516,-0.014031746859736516,0.0,0.0,3,1.0,0.0
2017-08-25,0.04974882200320681,0.04974882200320681,0.0,0.0,3,1.0,0.0
2017-08-28,-0.0019994041745193822,-0.0019994041745193822,0.0,0.0,3,1.0,0.0
2017-08-29,0.0039726309134658164,0.0039726309134658164,0.0,0.0,3,1.0,0.0
2017-08-30,0.015247162593197914,0.015247162593197914,0.0,0.0,3,1.0,0.0
2017-08-31,-0.007798977295625916,-0.007798977295625916,0.0,0.0,3,1.0,0.0
2017-09-01,-0.043400535794536954,-0.043400535794536954,0.0,0.0,3,1.0,0.0
2017-09-05,0.004961551488369002,0.004961551488369002,0.0,0.0,3,1.0,0.0
2017-09-06,-0.015559727899110382,-0.015893061232443717,0.6666666666666666,0.0003333333333333333,3,1.0,0.0
2017-09-07,0.013223157076259907,0.012556490409593241,1.3333333333333333,0.0006666666666666666,3,1.0,0.0
2017-09-08,0.004542814127276751,0.004542814127276751,0.0,0.0,3,1.0,0.0
2017-09-11,0.004602218480707816,0.004602218480707816,0.0,0.0,3,1.0,0.0
2017-09-12,0.01974369194713499,0.019410358613801654,0.6666666666666666,0.0003333333333333333,3,1.0,0.0
2017-09-13,-0.024757367731693458,-0.025090701065026793,0.6666666666666666,0.0003333333333333333,3,1.0,0.0
2017-09-14,-0.005708268471048697,-0.005708268471048697,0.0,0.0,3,1.0,0.0
2017-09-15,0.0034605695359862434,0.00312723620265291,0.6666666666666666,0.0003333333333333333,3,1.0,0.0
2017-09-18,0.032803579645546435,0.032470246312213104,0.6666666666666666,0.0003333333333333333,3,1.0,0.0
2017-09-19,-0.016458016226890877,-0.016458016226890877,0.0,0.0,3,1.0,0.0
2017-09-20,-0.016210170087554245,-0.01654350342088758,0.6666666666666666,0.0003333333333333333,3,1.0,0.0
2017-09-21,-0.010307749657901155,-0.010307749657901155,0.0,0.0,3,1.0,0.0
2017-09-22,0.010343372497375897,0.010010039164042564,0.6666666666666666,0.0003333333333333333,3,1.0,0.0
2017-09-25,-0.00484226679785767,-0.00484226679785767,0.0,0.0,3,1.0,0.0
2017-09-26,0.01011182984025316,0.01011182984025316,0.0,0.0,3,1.0,0.0
2017-09-27,0.010726512999640708,0.010726512999640708,0.0,0.0,3,1.0,0.0
2017-09-28,0.0038012157207661934,0.0038012157207661934,0.0,0.0,3,1.0,0.0
2017-09-29,-0.015469920114522232,-0.015803253447855565,0.6666666666666666,0.0003333333333333333,3,1.0,0.0
2017-10-02,-0.017536581079326503,-0.017869914412659837,0.6666666666666666,0.0003333333333333333,3,1.0,0.0
2017-10-03,0.021771999726225493,0.021771999726225493,0.0,0.0,3,1.0,0.0
2017-10-04,-0.033184575677287276,-0.03351790901062061,0.6666666666666666,0.0003333333333333333,3,1.0,0.0
2017-10-05,-0.017784781727310312,-0.017784781727310312,0.0,0.0,3,1.0,0.0
2017-10-06,0.02395377345787945,0.02395377345787945,0.0,0.0,3,1.0,0.0
2017-10-09,-0.0028382024913844815,-0.0028382024913844815,0.0,0.0,3,1.0,0.0
2017-10-10,-0.014559694958602282,-0.014559694958602282,0.0,0.0,3,1.0,0.0
2017-10-11,-0.00767183375133477,-0.00767183375133477,0.0,0.0,3,1.0,0.0
2017-10-12,0.0009950402557144331,0.0006617069223810999,0.6666666666666666,0.0003333333333333333,3,1.0,0.0
2017-10-13,0.00963803413100487,0.009304700797671537,0.6666666666666666,0.0003333333333333333,3,1.0,0.0
2017-10-16,-0.0015828788601767538,-0.0015828788601767538,0.0,0.0,3,1.0,0.0
2017-10-17,-0.02419664087252841,-0.024529974205861744,0.6666666666666666,0.0003333333333333333,3,1.0,0.0
2017-10-18,0.007681132130888612,0.007681132130888612,0.0,0.0,3,1.0,0.0
2017-10-19,-0.004119500510325057,-0.00445283384365839,0.6666666666666666,0.0003333333333333333,3,1.0,0.0
2017-10-20,-0.009106962708167502,-0.009106962708167502,0.0,0.0,3,1.0,0.0
2017-10-23,0.008847992133656613,0.008847992133656613,0.0,0.0,3,1.0,0.0
2017-10-24,0.012831408242432339,0.012831408242432339,0.0,0.0,3,1.0,0.0
2017-10-25,-0.011899963633777433,-0.011899963633777433,0.0,0.0,3,1.0,0.0
2017-10-26,0.03754333344755789,0.03721000011422456,0.6666666666666666,0.0003333333333333333,3,1.0,0.0
2017-10-27,-0.007520626264792329,-0.007853959598125662,0.6666666666666666,0.0003333333333333333,3,1.0,0.0
2017-10-30,0.009916989278662986,0.009583655945329653,0.6666666666666666,0.0003333333333333333,3,1.0,0.0
2017-10-31,-0.011587256797900996,-0.011920590131234329,0.6666666666666666,0.0003333333333333333,3,1.0,0.0
2017-11-01,0.02139982452222914,0.021066491188895805,0.6666666666666666,0.0003333333333333333,3,1.0,0.0
2017-11-02,0.0215363204934742,0.021202987160140865,0.6666666666666666,0.0003333333333333333,3,1.0,0.0
2017-11-03,-0.03262649253633886,-0.032959825869672194,0.6666666666666666,0.0003333333333333333,3,1.0,0.0
2017-11-06,-0.0049962808583498,-0.0049962808583498,0.0,0.0,3,1.0,0.0
2017-11-07,-0.05118532878959051,-0.05185199545625718,1.3333333333333333,0.0006666666666666666,3,1.0,0.0
2017-11-08,0.025635606757550278,0.025302273424216943,0.6666666666666666,0.0003333333333333333,3,1.0,0.0
2017-11-09,0.07864327070900057,0.07864327070900057,0.0,0.0,3,1.0,0.0
2017-11-10,-0.0453666151681565,-0.0453666151681565,0.0,0.0,3,1.0,0.0
2017-11-13,-0.033249675689699984,-0.033249675689699984,0.0,0.0,3,1.0,0.0
2017-11-14,-0.0006214223782537269,-0.0009547557115870602,0.6666666666666666,0.0003333333333333333,3,1.0,0.0
2017-11-15,0.16243420137867193,0.1621008680453386,0.6666666666666666,0.0003333333333333333,3,1.0,0.0
2017-11-16,-0.026563504883265275,-0.026563504883265275,0.0,0.0,3,1.0,0.0
2017-11-17,0.055354874767202425,0.055021541433869094,0.6666666666666666,0.0003333333333333333,3,1.0,0.0
2017-11-20,-0.006443017712769377,-0.006443017712769377,0.0,0.0,3,1.0,0.0
2017-11-21,0.03057051213264017,0.03057051213264017,0.0,0.0,3,1.0,0.0
2017-11-22,-0.007658726900239277,-0.007658726900239277,0.0,0.0,3,1.0,0.0
2017-11-24,-0.010902492782750128,-0.010902492782750128,0.0,0.0,3,1.0,0.0
2017-11-27,0.02070250802742346,0.02070250802742346,0.0,0.0,3,1.0,0.0
2017-11-28,-0.012852748467845343,-0.012852748467845343,0.0,0.0,3,1.0,0.0
2017-11-29,0.04536376366338805,0.04536376366338805,0.0,0.0,3,1.0,0.0
2017-11-30,-0.012441437201216043,-0.012441437201216043,0.0,0.0,3,1.0,0.0
2017-12-01,-0.053846993414676615,-0.053846993414676615,0.0,0.0,3,1.0,0.0
2017-12-04,-0.02063715102818431,-0.020970484361517643,0.6666666666666666,0.0003333333333333333,3,1.0,0.0
2017-12-05,0.29263021201294565,0.2922968786796123,0.6666666666666666,0.0003333333333333333,3,1.0,0.0
2017-12-06,-0.005600584304909432,-0.005600584304909432,0.0,0.0,3,1.0,0.0
2017-12-07,-0.010039908066694895,-0.010039908066694895,0.0,0.0,3,1.0,0.0
2017-12-08,-0.013868719987294996,-0.013868719987294996,0.0,0.0,3,1.0,0.0
2017-12-11,-0.017246785999270244,-0.017246785999270244,0.0,0.0,3,1.0,0.0
2017-12-12,0.038990869615258474,0.03865753628192514,0.6666666666666666,0.0003333333333333333,3,1.0,0.0
2017-12-13,0.0032199907948677886,0.0032199907948677886,0.0,0.0,3,1.0,0.0
2017-12-14,0.015068238192132394,0.015068238192132394,0.0,0.0,3,1.0,0.0
2017-12-15,-0.002153775972431715,-0.0024871093057650486,0.6666666666666666,0.0003333333333333333,3,1.0,0.0
2017-12-18,-0.007137914298697183,-0.007137914298697183,0.0,0.0,3,1.0,0.0
2017-12-19,0.011052566370008433,0.011052566370008433,0.0,0.0,3,1.0,0.0
2017-12-20,-0.0035037207191032462,-0.0035037207191032462,0.0,0.0,3,1.0,0.0
2017-12-21,0.02175688195176713,0.02175688195176713,0.0,0.0,3,1.0,0.0
2017-12-22,0.01177777866960646,0.01177777866960646,0.0,0.0,3,1.0,0.0
2017-12-26,0.005143804897274543,0.005143804897274543,0.0,0.0,3,1.0,0.0
2017-12-27,0.024944800474206254,0.024944800474206254,0.0,0.0,3,1.0,0.0
2017-12-28,-0.02561676128861042,-0.025950094621943753,0.6666666666666666,0.0003333333333333333,3,1.0,0.0
2017-12-29,-0.009006313210177641,-0.009339646543510974,0.6666666666666666,0.0003333333333333333,3,1.0,0.0
2018-01-02,0.03347226049931029,0.03347226049931029,0.0,0.0,3,1.0,0.0
2018-01-03,0.00637055101826589,0.00637055101826589,0.0,0.0,3,1.0,0.0
2018-01-04,-0.014892191207254747,-0.01522552454058808,0.6666666666666666,0.0003333333333333333,3,1.0,0.0
2018-01-05,-0.039796581996111205,-0.039796581996111205,0.0,0.0,3,1.0,0.0
2018-01-08,0.11354459415128781,0.11354459415128781,0.0,0.0,3,1.0,0.0
2018-01-09,0.05348335987293991,0.05348335987293991,0.0,0.0,3,1.0,0.0
2018-01-10,0.028453930843838217,0.028453930843838217,0.0,0.0,3,1.0,0.0
2018-01-11,0.05990196010348299,0.05990196010348299,0.0,0.0,3,1.0,0.0
2018-01-12,-0.044112905987304545,-0.044112905987304545,0.0,0.0,3,1.0,0.0
2018-01-16,0.02718352103548597,0.02718352103548597,0.0,0.0,3,1.0,0.0
2018-01-17,0.05564848541328874,0.05564848541328874,0.0,0.0,3,1.0,0.0
2018-01-18,0.028076089295111954,0.028076089295111954,0.0,0.0,3,1.0,0.0
2018-01-19,0.04262589570430686,0.04262589570430686,0.0,0.0,3,1.0,0.0
2018-01-22,0.016681383705652343,0.016681383705652343,0.0,0.0,3,1.0,0.0
2018-01-23,-0.018899102826254954,-0.01923243615958829,0.6666666666666666,0.0003333333333333333,3,1.0,0.0
2018-01-24,0.0006398360510080367,0.0003065027176747034,0.6666666666666666,0.0003333333333333333,3,1.0,0.0
2018-01-25,-0.01405696611608853,-0.01405696611608853,0.0,0.0,3,1.0,0.0
2018-01-26,0.035280106250891397,0.035280106250891397,0.0,0.0,3,1.0,0.0
2018-01-29,0.02060326497900381,0.02060326497900381,0.0,0.0,3,1.0,0.0
2018-01-30,0.03034513945636467,0.03034513945636467,0.0,0.0,3,1.0,0.0
2018-01-31,0.030853384964063382,0.030853384964063382,0.0,0.0,3,1.0,0.0
2018-02-01,-0.009513998309317206,-0.009513998309317206,0.0,0.0,3,1.0,0.0
2018-02-02,-0.0226184855491978,-0.0226184855491978,0.0,0.0,3,1.0,0.0
2018-02-05,0.029142493066701615,0.029142493066701615,0.0,0.0,3,1.0,0.0
2018-02-06,-0.01008798306495336,-0.01008798306495336,0.0,0.0,3,1.0,0.0
2018-02-07,-0.0764327992741336,-0.0764327992741336,0.0,0.0,3,1.0,0.0
2018-02-08,-0.007717552158139962,-0.007717552158139962,0.0,0.0,3,1.0,0.0
2018-02-09,0.051940740590764145,0.051940740590764145,0.0,0.0,3,1.0,0.0
2018-02-12,-0.0164742256831372,-0.0164742256831372,0.0,0.0,3,1.0,0.0
2018-02-13,0.03247287159597848,0.03247287159597848,0.0,0.0,3,1.0,0.0
2018-02-14,0.006741379049887066,0.006741379049887066,0.0,0.0,3,1.0,0.0
2018-02-15,0.01653099198031634,0.01653099198031634,0.0,0.0,3,1.0,0.0
2018-02-16,-0.018117977115938284,-0.018117977115938284,0.0,0.0,3,1.0,0.0
2018-02-20,0.0070044173824944655,0.0070044173824944655,0.0,0.0,3,1.0,0.0
2018-02-21,0.01341484038956764,0.01341484038956764,0.0,0.0,3,1.0,0.0
2018-02-22,0.013551658809535534,0.013551658809535534,0.0,0.0,3,1.0,0.0
2018-02-23,0.007850942487406476,0.007850942487406476,0.0,0.0,3,1.0,0.0
2018-02-26,-0.03006864671368148,-0.03006864671368148,0.0,0.0,3,1.0,0.0
2018-02-27,-0.03075815205979489,-0.03075815205979489,0.0,0.0,3,1.0,0.0
2018-02-28,-0.005806610377920851,-0.005806610377920851,0.0,0.0,3,1.0,0.0
2018-03-01,0.09909213312460684,0.09909213312460684,0.0,0.0,3,1.0,0.0
2018-03-02,0.034754026015532936,0.034754026015532936,0.0,0.0,3,1.0,0.0
2018-03-05,-0.01905973540852538,-0.01905973540852538,0.0,0.0,3,1.0,0.0
2018-03-06,0.014539291663340743,0.014539291663340743,0.0,0.0,3,1.0,0.0
2018-03-07,0.017993011293053675,0.017993011293053675,0.0,0.0,3,1.0,0.0
2018-03-08,0.05931733840576359,0.05931733840576359,0.0,0.0,3,1.0,0.0
2018-03-09,-0.0028726276783447684,-0.0028726276783447684,0.0,0.0,3,1.0,0.0
2018-03-12,-0.04600735508588626,-0.04600735508588626,0.0,0.0,3,1.0,0.0
2018-03-13,-0.012678743513910703,-0.012678743513910703,0.0,0.0,3,1.0,0.0
2018-03-14,-0.04176977061073705,-0.04176977061073705,0.0,0.0,3,1.0,0.0
2018-03-15,0.004127192048833828,0.004127192048833828,0.0,0.0,3,1.0,0.0
2018-03-16,0.02606857832220969,0.02606857832220969,0.0,0.0,3,1.0,0.0
2018-03-19,-0.0030457669509849072,-0.0030457669509849072,0.0,0.0,3,1.0,0.0
2018-03-20,-0.004971932197686399,-0.004971932197686399,0.0,0.0,3,1.0,0.0
2018-03-21,-0.02695502681839897,-0.02695502681839897,0.0,0.0,3,1.0,0.0
2018-03-22,0.014110740660903268,0.014110740660903268,0.0,0.0,3,1.0,0.0
2018-03-23,0.011693994376308137,0.011693994376308137,0.0,0.0,3,1.0,0.0
2018-03-26,-0.06482265165105938,-0.06482265165105938,0.0,0.0,3,1.0,0.0
2018-03-27,0.012193462892116239,0.012193462892116239,0.0,0.0,3,1.0,0.0
2018-03-28,0.04220760970415593,0.04220760970415593,0.0,0.0,3,1.0,0.0
2018-03-29,-0.07064273127023946,-0.07064273127023946,0.0,0.0,3,1.0,0.0
2018-04-02,-0.011084709328284795,-0.011084709328284795,0.0,0.0,3,1.0,0.0
2018-04-03,0.028092591756188053,0.028092591756188053,0.0,0.0,3,1.0,0.0
2018-04-04,-0.02488748526789893,-0.02488748526789893,0.0,0.0,3,1.0,0.0
2018-04-05,-0.05842280124179855,-0.05842280124179855,0.0,0.0,3,1.0,0.0
2018-04-06,0.0783309288294572,0.0783309288294572,0.0,0.0,3,1.0,0.0
2018-04-09,0.03133251435977187,0.03133251435977187,0.0,0.0,3,1.0,0.0
2018-04-10,-0.0054622502961997705,-0.0054622502961997705,0.0,0.0,3,1.0,0.0
2018-04-11,0.04391223473107978,0.04391223473107978,0.0,0.0,3,1.0,0.0
2018-04-12,-0.016155162283565838,-0.016155162283565838,0.0,0.0,3,1.0,0.0
2018-04-13,-0.02569861679493853,-0.02569861679493853,0.0,0.0,3,1.0,0.0
2018-04-16,0.019857632045600537,0.019857632045600537,0.0,0.0,3,1.0,0.0
2018-04-17,-0.013890496475057024,-0.013890496475057024,0.0,0.0,3,1.0,0.0
2018-04-18,-0.030383036358533972,-0.030383036358533972,0.0,0.0,3,1.0,0.0
2018-04-19,-0.009583897285071216,-0.009583897285071216,0.0,0.0,3,1.0,0.0
2018-04-20,-0.017455552097556004,-0.017455552097556004,0.0,0.0,3,1.0,0.0
2018-04-23,-0.03040798817589781,-0.03040798817589781,0.0,0.0,3,1.0,0.0
2018-04-24,0.019968290597287074,0.019968290597287074,0.0,0.0,3,1.0,0.0
2018-04-25,0.03911004384335677,0.03911004384335677,0.0,0.0,3,1.0,0.0
2018-04-26,0.011064302858838674,0.011064302858838674,0.0,0.0,3,1.0,0.0
2018-04-27,-0.02766239041495429,-0.02766239041495429,0.0,0.0,3,1.0,0.0
2018-04-30,0.02179555551600846,0.02179555551600846,0.0,0.0,3,1.0,0.0
2018-05-01,0.019921205948383904,0.019921205948383904,0.0,0.0,3,1.0,0.0
2018-05-02,-0.01689767577100265,-0.01689767577100265,0.0,0.0,3,1.0,0.0
2018-05-03,-0.02012380685683172,-0.02012380685683172,0.0,0.0,3,1.0,0.0
2018-05-04,0.00746902729510479,0.00746902729510479,0.0,0.0,3,1.0,0.0
2018-05-07,0.0036750165392955463,0.0036750165392955463,0.0,0.0,3,1.0,0.0
2018-05-08,0.022625547101695988,0.022625547101695988,0.0,0.0,3,1.0,0.0
2018-05-09,-0.019155134386165003,-0.019155134386165003,0.0,0.0,3,1.0,0.0
2018-05-10,0.03873013876410458,0.03873013876410458,0.0,0.0,3,1.0,0.0
2018-05-11,0.04346730713059961,0.04346730713059961,0.0,0.0,3,1.0,0.0
2018-05-14,0.004613891295962236,0.004613891295962236,0.0,0.0,3,1.0,0.0
2018-05-15,0.0027434478846541915,0.0027434478846541915,0.0,0.0,3,1.0,0.0
2018-05-16,-0.0013558152413750317,-0.001689148574708365,0.6666666666666666,0.0003333333333333333,3,1.0,0.0
2018-05-17,-0.004169583261582158,-0.004169583261582158,0.0,0.0,3,1.0,0.0
2018-05-18,-0.01814186632754222,-0.01814186632754222,0.0,0.0,3,1.0,0.0
2018-05-21,0.018712856903869552,0.018712856903869552,0.0,0.0,3,1.0,0.0
2018-05-22,0.012022823183036083,0.012022823183036083,0.0,0.0,3,1.0,0.0
2018-05-23,0.01858841764290216,0.01858841764290216,0.0,0.0,3,1.0,0.0
2018-05-24,0.013230061963321292,0.013230061963321292,0.0,0.0,3,1.0,0.0
2018-05-25,0.004641958579499634,0.004641958579499634,0.0,0.0,3,1.0,0.0
2018-05-29,0.0019691719606160056,0.0019691719606160056,0.0,0.0,3,1.0,0.0
2018-05-30,0.45295489949998,0.45295489949998,0.0,0.0,3,1.0,0.0
2018-05-31,0.009155068458613245,0.008821735125279912,0.6666666666666666,0.0003333333333333333,3,1.0,0.0
2018-06-01,-0.025620775719888224,-0.02595410905322156,0.6666666666666666,0.0003333333333333333,3,1.0,0.0
2018-06-04,0.021142431921360595,0.021142431921360595,0.0,0.0,3,1.0,0.0
2018-06-05,-0.005157211619225258,-0.005157211619225258,0.0,0.0,3,1.0,0.0
2018-06-06,0.02773182114517836,0.02773182114517836,0.0,0.0,3,1.0,0.0
2018-06-07,-0.01664168961505741,-0.01664168961505741,0.0,0.0,3,1.0,0.0
2018-06-08,0.014477533315226977,0.014144199981893644,0.6666666666666666,0.0003333333333333333,3,1.0,0.0
2018-06-11,0.0060540162492896225,0.0057206829159562895,0.6666666666666666,0.0003333333333333333,3,1.0,0.0
2018-06-12,0.058405665253149566,0.058072331919816235,0.6666666666666666,0.0003333333333333333,3,1.0,0.0
2018-06-13,-0.005374088788042501,-0.005374088788042501,0.0,0.0,3,1.0,0.0
2018-06-14,-0.042410649039680684,-0.042743982373014015,0.6666666666666666,0.0003333333333333333,3,1.0,0.0
2018-06-15,0.03261748573298062,0.03261748573298062,0.0,0.0,3,1.0,0.0
2018-06-18,0.01112625220789672,0.01112625220789672,0.0,0.0,3,1.0,0.0
2018-06-19,-0.01616481640068242,-0.016498149734015755,0.6666666666666666,0.0003333333333333333,3,1.0,0.0
2018-06-20,-0.01130373964233148,-0.01130373964233148,0.0,0.0,3,1.0,0.0
2018-06-21,0.021648958698368654,0.02131562536503532,0.6666666666666666,0.0003333333333333333,3,1.0,0.0
2018-06-22,-0.01418727320100125,-0.01418727320100125,0.0,0.0,3,1.0,0.0
2018-06-25,0.008406017244703948,0.008072683911370615,0.6666666666666666,0.0003333333333333333,3,1.0,0.0
2018-06-26,-0.048735047589491945,-0.049068380922825276,0.6666666666666666,0.0003333333333333333,3,1.0,0.0
2018-06-27,0.01134423580548653,0.011010902472153196,0.6666666666666666,0.0003333333333333333,3,1.0,0.0
2018-06-28,0.009594758524467301,0.009594758524467301,0.0,0.0,3,1.0,0.0
2018-06-29,0.04108786523309841,0.04075453189976508,0.6666666666666666,0.0003333333333333333,3,1.0,0.0
2018-07-02,0.017355699411011595,0.017355699411011595,0.0,0.0,3,1.0,0.0
2018-07-03,0.01892119492803982,0.01892119492803982,0.0,0.0,3,1.0,0.0
2018-07-05,0.009272244565575738,0.008938911232242405,0.6666666666666666,0.0003333333333333333,3,1.0,0.0
2018-07-06,0.01514857258629676,0.014815239252963427,0.6666666666666666,0.0003333333333333333,3,1.0,0.0
2018-07-09,-0.031477585128304966,-0.0318109184616383,0.6666666666666666,0.0003333333333333333,3,1.0,0.0
2018-07-10,0.009339546229823617,0.009006212896490284,0.6666666666666666,0.0003333333333333333,3,1.0,0.0
2018-07-11,-0.00775963222029341,-0.00775963222029341,0.0,0.0,3,1.0,0.0
2018-07-12,0.013677330822544185,0.013677330822544185,0.0,0.0,3,1.0,0.0
2018-07-13,-0.024227509663207927,-0.024227509663207927,0.0,0.0,3,1.0,0.0
2018-07-16,0.011237951857096638,0.010904618523763305,0.6666666666666666,0.0003333333333333333,3,1.0,0.0
2018-07-17,-0.0051060153562693476,-0.0051060153562693476,0.0,0.0,3,1.0,0.0
2018-07-18,-0.00022575879020462607,-0.0005590921235379593,0.6666666666666666,0.0003333333333333333,3,1.0,0.0
2018-07-19,0.018820077332452646,0.018820077332452646,0.0,0.0,3,1.0,0.0
2018-07-20,0.00750951485186424,0.00750951485186424,0.0,0.0,3,1.0,0.0
2018-07-23,-0.011340754337918516,-0.011340754337918516,0.0,0.0,3,1.0,0.0
2018-07-24,0.019402557766411383,0.019402557766411383,0.0,0.0,3,1.0,0.0
2018-07-25,0.043083358963497055,0.043083358963497055,0.0,0.0,3,1.0,0.0
2018-07-26,-0.032410274069805525,-0.03274360740313886,0.6666666666666666,0.0003333333333333333,3,1.0,0.0
2018-07-27,-0.011438610994234932,-0.011438610994234932,0.0,0.0,3,1.0,0.0
2018-07-30,0.0050121335801806,0.0050121335801806,0.0,0.0,3,1.0,0.0
2018-07-31,-0.03522009202042401,-0.03522009202042401,0.0,0.0,3,1.0,0.0
2018-08-01,0.00991679283144468,0.009583459498111346,0.6666666666666666,0.0003333333333333333,3,1.0,0.0
2018-08-02,-0.036352050365502264,-0.036352050365502264,0.0,0.0,3,1.0,0.0
2018-08-03,-0.008124041787968217,-0.008124041787968217,0.0,0.0,3,1.0,0.0
2018-08-06,0.022769898530305605,0.022769898530305605,0.0,0.0,3,1.0,0.0
2018-08-07,-0.010010311477561151,-0.010343644810894484,0.6666666666666666,0.0003333333333333333,3,1.0,0.0
2018-08-08,-0.016222038232797442,-0.016222038232797442,0.0,0.0,3,1.0,0.0
2018-08-09,0.00192054891619442,0.0015872155828610868,0.6666666666666666,0.0003333333333333333,3,1.0,0.0
2018-08-10,-0.02369045327161375,-0.02369045327161375,0.0,0.0,3,1.0,0.0
2018-08-13,0.018737842433089808,0.018737842433089808,0.0,0.0,3,1.0,0.0
2018-08-14,-0.03755330609236103,-0.03755330609236103,0.0,0.0,3,1.0,0.0
2018-08-15,0.00031546453087805126,0.00031546453087805126,0.0,0.0,3,1.0,0.0
2018-08-16,0.009815940878100265,0.009815940878100265,0.0,0.0,3,1.0,0.0
2018-08-17,-0.007778192136336978,-0.008111525469670311,0.6666666666666666,0.0003333333333333333,3,1.0,0.0
2018-08-20,0.011623992102029357,0.011623992102029357,0.0,0.0,3,1.0,0.0
2018-08-21,0.02548159997548982,0.025148266642156487,0.6666666666666666,0.0003333333333333333,3,1.0,0.0
2018-08-22,-0.00536933949228154,-0.00536933949228154,0.0,0.0,3,1.0,0.0
2018-08-23,0.0012344102241999373,0.0012344102241999373,0.0,0.0,3,1.0,0.0
2018-08-24,-0.021574340753576303,-0.021907674086909638,0.6666666666666666,0.0003333333333333333,3,1.0,0.0
2018-08-27,0.0017534570436818309,0.0014201237103484976,0.6666666666666666,0.0003333333333333333,3,1.0,0.0
2018-08-28,0.01270660289676073,0.012373269563427398,0.6666666666666666,0.0003333333333333333,3,1.0,0.0
2018-08-29,-0.035857316964080566,-0.035857316964080566,0.0,0.0,3,1.0,0.0
2018-08-30,0.006998429834239114,0.006665096500905781,0.6666666666666666,0.0003333333333333333,3,1.0,0.0
2018-08-31,-0.008721704326057159,-0.009055037659390492,0.6666666666666666,0.0003333333333333333,3,1.0,0.0
2018-09-04,-0.021014735568276523,-0.021014735568276523,0.0,0.0,3,1.0,0.0
2018-09-05,-0.05247742849515831,-0.05247742849515831,0.0,0.0,3,1.0,0.0
2018-09-06,0.02286191263173013,0.022528579298396797,0.6666666666666666,0.0003333333333333333,3,1.0,0.0
2018-09-07,0.0252316005507495,0.0252316005507495,0.0,0.0,3,1.0,0.0
2018-09-10,0.004450221959886388,0.004450221959886388,0.0,0.0,3,1.0,0.0
2018-09-11,-0.017630942166961334,-0.017630942166961334,0.0,0.0,3,1.0,0.0
2018-09-12,-0.010452593882389505,-0.010452593882389505,0.0,0.0,3,1.0,0.0
2018-09-13,-0.005060067624629072,-0.005060067624629072,0.0,0.0,3,1.0,0.0
2018-09-14,-0.01262495904602708,-0.01262495904602708,0.0,0.0,3,1.0,0.0
2018-09-17,-0.02052030549882193,-0.02052030549882193,0.0,0.0,3,1.0,0.0
2018-09-18,0.02612871394738714,0.02612871394738714,0.0,0.0,3,1.0,0.0
2018-09-19,0.02399550239560414,0.02399550239560414,0.0,0.0,3,1.0,0.0
2018-09-20,-0.03303669231874921,-0.03303669231874921,0.0,0.0,3,1.0,0.0
2018-09-21,0.043421915557100135,0.043421915557100135,0.0,0.0,3,1.0,0.0
2018-09-24,-0.006467064160427638,-0.006467064160427638,0.0,0.0,3,1.0,0.0
2018-09-25,-0.04351787760710457,-0.0438512109404379,0.6666666666666666,0.0003333333333333333,3,1.0,0.0
2018-09-26,-0.015808480296754374,-0.015808480296754374,0.0,0.0,3,1.0,0.0
2018-09-27,-0.017025502758103363,-0.017025502758103363,0.0,0.0,3,1.0,0.0
2018-09-28,-0.009714149875377737,-0.009714149875377737,0.0,0.0,3,1.0,0.0
2018-10-01,-0.026785295083274763,-0.026785295083274763,0.0,0.0,3,1.0,0.0
2018-10-02,0.011002882142084001,0.011002882142084001,0.0,0.0,3,1.0,0.0
2018-10-03,-0.024243295313348418,-0.024243295313348418,0.0,0.0,3,1.0,0.0
2018-10-04,-0.00766351430458434,-0.00766351430458434,0.0,0.0,3,1.0,0.0
2018-10-05,-0.038139547978710255,-0.038472881312043586,0.6666666666666666,0.0003333333333333333,3,1.0,0.0
2018-10-08,-0.015746674984026005,-0.015746674984026005,0.0,0.0,3,1.0,0.0
2018-10-09,-0.0665613908208067,-0.0665613908208067,0.0,0.0,3,1.0,0.0
2018-10-10,-0.01612297230061917,-0.01612297230061917,0.0,0.0,3,1.0,0.0
2018-10-11,0.0358009471285808,0.0358009471285808,0.0,0.0,3,1.0,0.0
2018-10-12,-0.02636061260221715,-0.02636061260221715,0.0,0.0,3,1.0,0.0
2018-10-15,0.06104624471192413,0.06104624471192413,0.0,0.0,3,1.0,0.0
2018-10-16,-0.01214149117680252,-0.01214149117680252,0.0,0.0,3,1.0,0.0
2018-10-17,-0.03120786261339555,-0.03120786261339555,0.0,0.0,3,1.0,0.0
2018-10-18,-0.038553506492259595,-0.038553506492259595,0.0,0.0,3,1.0,0.0
2018-10-19,0.019035159859634443,0.019035159859634443,0.0,0.0,3,1.0,0.0
2018-10-22,0.004005259424846418,0.004005259424846418,0.0,0.0,3,1.0,0.0
2018-10-23,-0.10016649273284475,-0.10016649273284475,0.0,0.0,3,1.0,0.0
2018-10-24,0.06881997715677124,0.06881997715677124,0.0,0.0,3,1.0,0.0
2018-10-25,-0.010390630403874926,-0.010390630403874926,0.0,0.0,3,1.0,0.0
2018-10-26,-0.03176222407971766,-0.03176222407971766,0.0,0.0,3,1.0,0.0
2018-10-29,0.011835740603659956,0.011835740603659956,0.0,0.0,3,1.0,0.0
2018-10-30,0.02570196790179698,0.02570196790179698,0.0,0.0,3,1.0,0.0
2018-10-31,0.10610995953925811,0.10610995953925811,0.0,0.0,3,1.0,0.0
2018-11-01,0.026973219075644796,0.026973219075644796,0.0,0.0,3,1.0,0.0
2018-11-02,-0.0075361808404723245,-0.0075361808404723245,0.0,0.0,3,1.0,0.0
2018-11-05,0.011091188770793773,0.011091188770793773,0.0,0.0,3,1.0,0.0
2018-11-06,0.03891844200721232,0.03891844200721232,0.0,0.0,3,1.0,0.0
2018-11-07,-0.1025111451130218,-0.10284447844635514,0.6666666666666666,0.0003333333333333333,3,1.0,0.0
2018-11-08,-0.023446618933916124,-0.023446618933916124,0.0,0.0,3,1.0,0.0
2018-11-09,-0.04219754965915822,-0.04219754965915822,0.0,0.0,3,1.0,0.0
2018-11-12,-0.06982953445193067,-0.07016286778526401,0.6666666666666666,0.0003333333333333333,3,1.0,0.0
2018-11-13,-0.0317206643517048,-0.03205399768503813,0.6666666666666666,0.0003333333333333333,3,1.0,0.0
2018-11-14,-0.004754910528396124,-0.004754910528396124,0.0,0.0,3,1.0,0.0
2018-11-15,0.0025240979615887378,0.0025240979615887378,0.0,0.0,3,1.0,0.0
2018-11-16,-0.05963296304541517,-0.05963296304541517,0.0,0.0,3,1.0,0.0
2018-11-19,-0.013650974604865269,-0.013650974604865269,0.0,0.0,3,1.0,0.0
2018-11-20,0.028749786420449928,0.028749786420449928,0.0,0.0,3,1.0,0.0
2018-11-21,-0.008272805736436663,-0.008272805736436663,0.0,0.0,3,1.0,0.0
2018-11-23,0.01208393971919123,0.01208393971919123,0.0,0.0,3,1.0,0.0
2018-11-26,-0.035134864383613976,-0.035134864383613976,0.0,0.0,3,1.0,0.0
2018-11-27,0.05471997286035579,0.05471997286035579,0.0,0.0,3,1.0,0.0
2018-11-28,0.0012294551549930643,0.0012294551549930643,0.0,0.0,3,1.0,0.0
2018-11-29,-0.00019439990342266312,-0.00019439990342266312,0.0,0.0,3,1.0,0.0
2018-11-30,0.03334430687135762,0.03334430687135762,0.0,0.0,3,1.0,0.0
2018-12-03,-0.054557231306471755,-0.05489056463980509,0.6666666666666666,0.0003333333333333333,3,1.0,0.0
2018-12-04,0.04629070249737791,0.04629070249737791,0.0,0.0,3,1.0,0.0
2018-12-06,-0.05675247638770001,-0.05675247638770001,0.0,0.0,3,1.0,0.0
2018-12-07,0.001966548910796618,0.0012998822441299515,1.3333333333333333,0.0006666666666666666,3,1.0,0.0
2018-12-10,0.010646532050754868,0.009979865384088201,1.3333333333333333,0.0006666666666666666,3,1.0,0.0
2018-12-11,0.06793066878486931,0.06793066878486931,0.0,0.0,3,1.0,0.0
2018-12-12,-0.009100574326858993,-0.009100574326858993,0.0,0.0,3,1.0,0.0
2018-12-13,-0.03231432318538822,-0.03264765651872155,0.6666666666666666,0.0003333333333333333,3,1.0,0.0
2018-12-14,-0.042778829867573975,-0.042778829867573975,0.0,0.0,3,1.0,0.0
2018-12-17,-0.0076521204011472665,-0.0079854537344806,0.6666666666666666,0.0003333333333333333,3,1.0,0.0
2018-12-18,-0.0006134887523816888,-0.0006134887523816888,0.0,0.0,3,1.0,0.0
2018-12-19,-0.05719855234232943,-0.05719855234232943,0.0,0.0,3,1.0,0.0
2018-12-20,-0.08942670542902727,-0.08942670542902727,0.0,0.0,3,1.0,0.0
2018-12-21,-0.021773046747524373,-0.021773046747524373,0.0,0.0,3,1.0,0.0
2018-12-24,0.11781288211181414,0.11781288211181414,0.0,0.0,3,1.0,0.0
2018-12-26,0.018922461479820313,0.018922461479820313,0.0,0.0,3,1.0,0.0
2018-12-27,-0.013274269095558362,-0.013274269095558362,0.0,0.0,3,1.0,0.0
2018-12-28,0.03952670650559065,0.03952670650559065,0.0,0.0,3,1.0,0.0
2018-12-31,-0.004996750730827837,-0.004996750730827837,0.0,0.0,3,1.0,0.0
2019-01-02,-0.06804762184902727,-0.0683809551823606,0.6666666666666666,0.0003333333333333333,3,1.0,0.0
2019-01-03,0.08664243611321548,0.08664243611321548,0.0,0.0,3,1.0,0.0
2019-01-04,0.0667230640258917,0.06638973069255837,0.6666666666666666,0.0003333333333333333,3,1.0,0.0
2019-01-07,0.02812917132601507,0.02812917132601507,0.0,0.0,3,1.0,0.0
2019-01-08,-0.014594713758686076,-0.014594713758686076,0.0,0.0,3,1.0,0.0
2019-01-09,-0.042421253518387395,-0.042421253518387395,0.0,0.0,3,1.0,0.0
2019-01-10,-0.007100925549228846,-0.007100925549228846,0.0,0.0,3,1.0,0.0
2019-01-11,0.0030056350388079074,0.0030056350388079074,0.0,0.0,3,1.0,0.0
2019-01-14,0.03521805773658563,0.03521805773658563,0.0,0.0,3,1.0,0.0
2019-01-15,-0.019832126093698516,-0.019832126093698516,0.0,0.0,3,1.0,0.0
2019-01-16,0.02093214239969813,0.02093214239969813,0.0,0.0,3,1.0,0.0
2019-01-17,0.04592008918988011,0.04592008918988011,0.0,0.0,3,1.0,0.0
2019-01-18,-0.0283365724617239,-0.028669905795057234,0.6666666666666666,0.0003333333333333333,3,1.0,0.0
2019-01-22,0.01423600911890662,0.013902675785573287,0.6666666666666666,0.0003333333333333333,3,1.0,0.0
2019-01-23,0.00752022547224107,0.00752022547224107,0.0,0.0,3,1.0,0.0
2019-01-24,0.02579935499621462,0.02579935499621462,0.0,0.0,3,1.0,0.0
2019-01-25,-0.001232639533992367,-0.0015659728673257003,0.6666666666666666,0.0003333333333333333,3,1.0,0.0
2019-01-28,-0.023108607157060423,-0.023108607157060423,0.0,0.0,3,1.0,0.0
2019-01-29,0.023944001353831453,0.023944001353831453,0.0,0.0,3,1.0,0.0
2019-01-30,0.042671113246896354,0.042671113246896354,0.0,0.0,3,1.0,0.0
2019-01-31,0.011817502629652457,0.011484169296319124,0.6666666666666666,0.0003333333333333333,3,1.0,0.0
2019-02-01,0.025537932752868343,0.025537932752868343,0.0,0.0,3,1.0,0.0
2019-02-04,0.015537410467156176,0.015537410467156176,0.0,0.0,3,1.0,0.0
2019-02-05,-0.025001017782484976,-0.025001017782484976,0.0,0.0,3,1.0,0.0
2019-02-06,-0.014659519087957077,-0.01499285242129041,0.6666666666666666,0.0003333333333333333,3,1.0,0.0
2019-02-07,0.007059096083042596,0.007059096083042596,0.0,0.0,3,1.0,0.0
2019-02-08,0.017961030396357026,0.017961030396357026,0.0,0.0,3,1.0,0.0
2019-02-11,0.004922949832299423,0.00458961649896609,0.6666666666666666,0.0003333333333333333,3,1.0,0.0
2019-02-12,-0.028645660763260212,-0.028645660763260212,0.0,0.0,3,1.0,0.0
2019-02-13,0.006945035064398178,0.006945035064398178,0.0,0.0,3,1.0,0.0
2019-02-14,0.00790168988529231,0.007568356551958977,0.6666666666666666,0.0003333333333333333,3,1.0,0.0
2019-02-15,-0.00481273462235706,-0.005146067955690393,0.6666666666666666,0.0003333333333333333,3,1.0,0.0
2019-02-19,0.011784994481646011,0.011784994481646011,0.0,0.0,3,1.0,0.0
2019-02-20,-0.019500879149651484,-0.01983421248298482,0.6666666666666666,0.0003333333333333333,3,1.0,0.0
2019-02-21,0.04084085377766655,0.04050752044433322,0.6666666666666666,0.0003333333333333333,3,1.0,0.0
2019-02-22,0.018425035914646944,0.018425035914646944,0.0,0.0,3,1.0,0.0
2019-02-25,-0.004369864543743404,-0.004703197877076737,0.6666666666666666,0.0003333333333333333,3,1.0,0.0
2019-02-26,0.01795647698697307,0.01795647698697307,0.0,0.0,3,1.0,0.0
2019-02-27,-0.014641783435162127,-0.01497511676849546,0.6666666666666666,0.0003333333333333333,3,1.0,0.0
2019-02-28,0.005305144184664176,0.004971810851330843,0.6666666666666666,0.0003333333333333333,3,1.0,0.0
2019-03-01,-0.03698157994569843,-0.03731491327903176,0.6666666666666666,0.0003333333333333333,3,1.0,0.0
2019-03-04,0.026847382929133613,0.026847382929133613,0.0,0.0,3,1.0,0.0
2019-03-05,0.0011692906578694498,0.0011692906578694498,0.0,0.0,3,1.0,0.0
2019-03-06,0.017438668076571906,0.017438668076571906,0.0,0.0,3,1.0,0.0
2019-03-07,0.026646452554453193,0.026646452554453193,0.0,0.0,3,1.0,0.0
2019-03-08,0.03795170635205358,0.03795170635205358,0.0,0.0,3,1.0,0.0
2019-03-11,0.022034524840805737,0.022034524840805737,0.0,0.0,3,1.0,0.0
2019-03-12,0.009423639565793989,0.009423639565793989,0.0,0.0,3,1.0,0.0
2019-03-13,0.10304271220448138,0.10304271220448138,0.0,0.0,3,1.0,0.0
2019-03-14,0.012775993293509126,0.012775993293509126,0.0,0.0,3,1.0,0.0
2019-03-15,0.02658901938148546,0.02658901938148546,0.0,0.0,3,1.0,0.0
2019-03-18,0.04754938087730376,0.04754938087730376,0.0,0.0,3,1.0,0.0
2019-03-19,-0.02140049908696384,-0.022067165753630505,1.3333333333333333,0.0006666666666666666,3,1.0,0.0
2019-03-20,0.05923676815812932,0.058903434824795986,0.6666666666666666,0.0003333333333333333,3,1.0,0.0
2019-03-21,-0.016825644025013665,-0.017158977358347,0.6666666666666666,0.0003333333333333333,3,1.0,0.0
2019-03-22,0.08316753565393184,0.08316753565393184,0.0,0.0,3,1.0,0.0
2019-03-25,-0.0570750377799694,-0.05740837111330273,0.6666666666666666,0.0003333333333333333,3,1.0,0.0
2019-03-26,-0.005421007105703961,-0.005754340439037294,0.6666666666666666,0.0003333333333333333,3,1.0,0.0
2019-03-27,0.0015173053302915216,0.0015173053302915216,0.0,0.0,3,1.0,0.0
2019-03-28,0.03076767955140432,0.030434346218070986,0.6666666666666666,0.0003333333333333333,3,1.0,0.0
2019-03-29,-0.0069876263301316514,-0.0069876263301316514,0.0,0.0,3,1.0,0.0
2019-04-01,0.01038420853009292,0.01038420853009292,0.0,0.0,3,1.0,0.0
2019-04-02,-0.002652902196169908,-0.002652902196169908,0.0,0.0,3,1.0,0.0
2019-04-03,-0.029683062305505176,-0.029683062305505176,0.0,0.0,3,1.0,0.0
2019-04-04,0.017109336662504727,0.017109336662504727,0.0,0.0,3,1.0,0.0
2019-04-05,0.0026844770677133534,0.0026844770677133534,0.0,0.0,3,1.0,0.0
2019-04-08,-0.01139914084692639,-0.01139914084692639,0.0,0.0,3,1.0,0.0
2019-04-09,0.01996048521338204,0.01996048521338204,0.0,0.0,3,1.0,0.0
2019-04-10,-0.009727324109420602,-0.009727324109420602,0.0,0.0,3,1.0,0.0
2019-04-11,-0.010033224048181744,-0.010033224048181744,0.0,0.0,3,1.0,0.0
2019-04-12,0.02843131711656436,0.028097983783231025,0.6666666666666666,0.0003333333333333333,3,1.0,0.0
2019-04-15,0.013757884908862945,0.013757884908862945,0.0,0.0,3,1.0,0.0
2019-04-16,-0.03417716124603524,-0.03417716124603524,0.0,0.0,3,1.0,0.0
2019-04-17,-0.01479524251834437,-0.01479524251834437,0.0,0.0,3,1.0,0.0
2019-04-18,0.03642869275657512,0.03642869275657512,0.0,0.0,3,1.0,0.0
2019-04-22,0.035291540263416146,0.035291540263416146,0.0,0.0,3,1.0,0.0
2019-04-23,-0.007826443534080352,-0.007826443534080352,0.0,0.0,3,1.0,0.0
2019-04-24,0.03125417536015399,0.03125417536015399,0.0,0.0,3,1.0,0.0
2019-04-25,0.02270810176120149,0.02270810176120149,0.0,0.0,3,1.0,0.0
2019-04-26,0.018798125250892455,0.018798125250892455,0.0,0.0,3,1.0,0.0
2019-04-29,-0.002485428460039704,-0.002485428460039704,0.0,0.0,3,1.0,0.0
2019-04-30,-0.018598813653112334,-0.018598813653112334,0.0,0.0,3,1.0,0.0
2019-05-01,-0.0006001323334130868,-0.0006001323334130868,0.0,0.0,3,1.0,0.0
2019-05-02,0.02392695077998019,0.02392695077998019,0.0,0.0,3,1.0,0.0
2019-05-03,0.018162721038763742,0.018162721038763742,0.0,0.0,3,1.0,0.0
2019-05-06,-0.012783088935915472,-0.012783088935915472,0.0,0.0,3,1.0,0.0
2019-05-07,0.008086260676411309,0.008086260676411309,0.0,0.0,3,1.0,0.0
2019-05-08,-0.040966326932870493,-0.040966326932870493,0.0,0.0,3,1.0,0.0
2019-05-09,0.011641024715558463,0.011641024715558463,0.0,0.0,3,1.0,0.0
2019-05-10,-0.02175031381325391,-0.02175031381325391,0.0,0.0,3,1.0,0.0
2019-05-13,0.03144686769876433,0.03144686769876433,0.0,0.0,3,1.0,0.0
2019-05-14,0.04382152799734277,0.04348819466400944,0.6666666666666666,0.0003333333333333333,3,1.0,0.0
2019-05-15,0.029672786775717382,0.029339453442384048,0.6666666666666666,0.0003333333333333333,3,1.0,0.0
2019-05-16,-0.03800558541181909,-0.03833891874515242,0.6666666666666666,0.0003333333333333333,3,1.0,0.0
2019-05-17,-0.030856523580822578,-0.030856523580822578,0.0,0.0,3,1.0,0.0
2019-05-20,0.013168690683014442,0.012835357349681109,0.6666666666666666,0.0003333333333333333,3,1.0,0.0
2019-05-21,0.007794966899854483,0.00746163356652115,0.6666666666666666,0.0003333333333333333,3,1.0,0.0
2019-05-22,-0.03237088891327167,-0.03237088891327167,0.0,0.0,3,1.0,0.0
2019-05-23,0.026087247786315063,0.026087247786315063,0.0,0.0,3,1.0,0.0
2019-05-24,0.012391621711153489,0.012058288377820156,0.6666666666666666,0.0003333333333333333,3,1.0,0.0
2019-05-28,-0.026927251556231064,-0.026927251556231064,0.0,0.0,3,1.0,0.0
2019-05-29,0.008124394333973864,0.008124394333973864,0.0,0.0,3,1.0,0.0
2019-05-30,-0.03900703045621715,-0.03900703045621715,0.0,0.0,3,1.0,0.0
2019-05-31,-0.02021046316275706,-0.020543796496090394,0.6666666666666666,0.0003333333333333333,3,1.0,0.0
2019-06-03,0.032375597623339525,0.032042264290006194,0.6666666666666666,0.0003333333333333333,3,1.0,0.0
2019-06-04,-0.02322587228630357,-0.023559205619636904,0.6666666666666666,0.0003333333333333333,3,1.0,0.0
2019-06-05,0.01546878855923317,0.01546878855923317,0.0,0.0,3,1.0,0.0
2019-06-06,0.02047621381616715,0.02047621381616715,0.0,0.0,3,1.0,0.0
2019-06-07,-0.010201323893014275,-0.010534657226347608,0.6666666666666666,0.0003333333333333333,3,1.0,0.0
2019-06-10,0.014297952362059885,0.014297952362059885,0.0,0.0,3,1.0,0.0
2019-06-11,0.013423794683231665,0.013423794683231665,0.0,0.0,3,1.0,0.0
2019-06-12,0.024417595146458988,0.024417595146458988,0.0,0.0,3,1.0,0.0
2019-06-13,-0.012759283232327704,-0.012759283232327704,0.0,0.0,3,1.0,0.0
2019-06-14,0.01669689699580575,0.01669689699580575,0.0,0.0,3,1.0,0.0
2019-06-17,0.03806423407810529,0.03773090074477196,0.6666666666666666,0.0003333333333333333,3,1.0,0.0
2019-06-18,0.010976662114513683,0.01064332878118035,0.6666666666666666,0.0003333333333333333,3,1.0,0.0
2019-06-19,0.0024969674425389856,0.002163634109205652,0.6666666666666666,0.0003333333333333333,3,1.0,0.0
2019-06-20,-0.036185821176279,-0.03651915450961233,0.6666666666666666,0.0003333333333333333,3,1.0,0.0
2019-06-21,-0.015004031240159772,-0.015337364573493105,0.6666666666666666,0.0003333333333333333,3,1.0,0.0
2019-06-24,-0.03822014427735039,-0.03855347761068372,0.6666666666666666,0.0003333333333333333,3,1.0,0.0
2019-06-25,-0.014710396040841863,-0.014710396040841863,0.0,0.0,3,1.0,0.0
2019-06-26,0.06978130730559327,0.06978130730559327,0.0,0.0,3,1.0,0.0
2019-06-27,0.011353965675452955,0.011020632342119622,0.6666666666666666,0.0003333333333333333,3,1.0,0.0
2019-06-28,0.013507520534893496,0.013174187201560163,0.6666666666666666,0.0003333333333333333,3,1.0,0.0
2019-07-01,0.022828038580338918,0.022828038580338918,0.0,0.0,3,1.0,0.0
2019-07-02,0.007917273417112385,0.007917273417112385,0.0,0.0,3,1.0,0.0
2019-07-03,0.024633491403902696,0.024633491403902696,0.0,0.0,3,1.0,0.0
2019-07-05,0.02750207591782283,0.02750207591782283,0.0,0.0,3,1.0,0.0
2019-07-08,-0.0007635956860299416,-0.0007635956860299416,0.0,0.0,3,1.0,0.0
2019-07-09,-0.017558303676109555,-0.01789163700944289,0.6666666666666666,0.0003333333333333333,3,1.0,0.0
2019-07-10,-0.008864707521822519,-0.008864707521822519,0.0,0.0,3,1.0,0.0
2019-07-11,-0.003544916914492843,-0.003544916914492843,0.0,0.0,3,1.0,0.0
2019-07-12,-0.0005290897380458107,-0.0005290897380458107,0.0,0.0,3,1.0,0.0
2019-07-15,0.0031828614039136243,0.0031828614039136243,0.0,0.0,3,1.0,0.0
2019-07-16,0.009973484701400468,0.009973484701400468,0.0,0.0,3,1.0,0.0
2019-07-17,0.015926394493962194,0.015926394493962194,0.0,0.0,3,1.0,0.0
2019-07-18,-0.0013196390727039744,-0.0013196390727039744,0.0,0.0,3,1.0,0.0
2019-07-19,0.020410130917516422,0.020410130917516422,0.0,0.0,3,1.0,0.0
2019-07-22,-0.03765655953877729,-0.03765655953877729,0.0,0.0,3,1.0,0.0
2019-07-23,0.0028114795007307953,0.0028114795007307953,0.0,0.0,3,1.0,0.0
2019-07-24,-0.0017676953939899467,-0.0017676953939899467,0.0,0.0,3,1.0,0.0
2019-07-25,0.047074470501212565,0.04674113716787923,0.6666666666666666,0.0003333333333333333,3,1.0,0.0
2019-07-26,-0.013437796413398151,-0.013437796413398151,0.0,0.0,3,1.0,0.0
2019-07-29,-0.005196720865688897,-0.005196720865688897,0.0,0.0,3,1.0,0.0
2019-07-30,0.0843664828589151,0.0843664828589151,0.0,0.0,3,1.0,0.0
2019-07-31,0.03064658860361158,0.03064658860361158,0.0,0.0,3,1.0,0.0
2019-08-01,0.00879296740682541,0.00879296740682541,0.0,0.0,3,1.0,0.0
2019-08-02,-0.04875387926484768,-0.04908721259818101,0.6666666666666666,0.0003333333333333333,3,1.0,0.0
2019-08-05,0.019850746748135844,0.01951741341480251,0.6666666666666666,0.0003333333333333333,3,1.0,0.0
2019-08-06,0.0326347317487569,0.0326347317487569,0.0,0.0,3,1.0,0.0
2019-08-07,0.026875829074259075,0.026875829074259075,0.0,0.0,3,1.0,0.0
2019-08-08,-0.006010988426718026,-0.006010988426718026,0.0,0.0,3,1.0,0.0
2019-08-09,-0.03390594359814847,-0.0342392769314818,0.6666666666666666,0.0003333333333333333,3,1.0,0.0
2019-08-12,0.047335035544779906,0.047335035544779906,0.0,0.0,3,1.0,0.0
2019-08-13,-0.055806152008525046,-0.055806152008525046,0.0,0.0,3,1.0,0.0
2019-08-14,-0.054742008143477995,-0.054742008143477995,0.0,0.0,3,1.0,0.0
2019-08-15,0.044589455768131996,0.044589455768131996,0.0,0.0,3,1.0,0.0
2019-08-16,0.012780414382582225,0.012780414382582225,0.0,0.0,3,1.0,0.0
2019-08-19,0.009920797525618585,0.009920797525618585,0.0,0.0,3,1.0,0.0
2019-08-20,0.02674528445226968,0.02674528445226968,0.0,0.0,3,1.0,0.0
2019-08-21,-0.043490766639055156,-0.043490766639055156,0.0,0.0,3,1.0,0.0
2019-08-22,-0.013781225958410099,-0.013781225958410099,0.0,0.0,3,1.0,0.0
2019-08-23,0.009980888099173264,0.009980888099173264,0.0,0.0,3,1.0,0.0
2019-08-26,-0.03504694147761559,-0.03504694147761559,0.0,0.0,3,1.0,0.0
2019-08-27,0.018655111491887956,0.018655111491887956,0.0,0.0,3,1.0,0.0
2019-08-28,-0.00720643435360983,-0.00720643435360983,0.0,0.0,3,1.0,0.0
2019-08-29,-0.015027454995433046,-0.015027454995433046,0.0,0.0,3,1.0,0.0
2019-08-30,-0.0557099840927507,-0.0557099840927507,0.0,0.0,3,1.0,0.0
2019-09-03,0.018310108344882593,0.018310108344882593,0.0,0.0,3,1.0,0.0
2019-09-04,-0.01779319618257439,-0.01779319618257439,0.0,0.0,3,1.0,0.0
2019-09-05,0.010422888975015013,0.010422888975015013,0.0,0.0,3,1.0,0.0
2019-09-06,-0.04107726150966499,-0.04107726150966499,0.0,0.0,3,1.0,0.0
2019-09-09,-0.0039955000306102955,-0.0039955000306102955,0.0,0.0,3,1.0,0.0
2019-09-10,0.04649909548415591,0.04649909548415591,0.0,0.0,3,1.0,0.0
2019-09-11,-0.012141003983708657,-0.012141003983708657,0.0,0.0,3,1.0,0.0
2019-09-12,0.0037018780266870523,0.0037018780266870523,0.0,0.0,3,1.0,0.0
2019-09-13,0.020429268543620333,0.020429268543620333,0.0,0.0,3,1.0,0.0
2019-09-16,0.03247772380629943,0.03247772380629943,0.0,0.0,3,1.0,0.0
2019-09-17,0.0033041934468597996,0.0033041934468597996,0.0,0.0,3,1.0,0.0
2019-09-18,0.011223727282121471,0.011223727282121471,0.0,0.0,3,1.0,0.0
2019-09-19,0.0033827343284600353,0.0033827343284600353,0.0,0.0,3,1.0,0.0
2019-09-20,-0.02655243504289021,-0.02655243504289021,0.0,0.0,3,1.0,0.0
2019-09-23,-0.04605362222359577,-0.0463869555569291,0.6666666666666666,0.0003333333333333333,3,1.0,0.0
2019-09-24,0.0014673473458713567,0.0011340140125380234,0.6666666666666666,0.0003333333333333333,3,1.0,0.0
2019-09-25,-0.04026724645896573,-0.040600579792299064,0.6666666666666666,0.0003333333333333333,3,1.0,0.0
2019-09-26,-0.0675620465649365,-0.06789537989826984,0.6666666666666666,0.0003333333333333333,3,1.0,0.0
2019-09-27,-0.04193648305371822,-0.04193648305371822,0.0,0.0,3,1.0,0.0
2019-09-30,-0.05280230240800391,-0.05280230240800391,0.0,0.0,3,1.0,0.0
2019-10-01,0.04382953973162802,0.04382953973162802,0.0,0.0,3,1.0,0.0
2019-10-02,0.006978976874052245,0.006978976874052245,0.0,0.0,3,1.0,0.0
2019-10-03,0.011447095706543118,0.011113762373209785,0.6666666666666666,0.0003333333333333333,3,1.0,0.0
2019-10-04,-0.0014401610432969543,-0.0014401610432969543,0.0,0.0,3,1.0,0.0
2019-10-07,0.013717505987873135,0.013717505987873135,0.0,0.0,3,1.0,0.0
2019-10-08,0.02094701714088898,0.02094701714088898,0.0,0.0,3,1.0,0.0
2019-10-09,-0.00417439467715508,-0.00417439467715508,0.0,0.0,3,1.0,0.0
2019-10-10,0.022241129870547344,0.022241129870547344,0.0,0.0,3,1.0,0.0
2019-10-11,0.001584222684997953,0.001584222684997953,0.0,0.0,3,1.0,0.0
2019-10-14,0.07379810366100173,0.07379810366100173,0.0,0.0,3,1.0,0.0
2019-10-15,0.015699815745749784,0.015699815745749784,0.0,0.0,3,1.0,0.0
2019-10-16,0.04314126165952155,0.04314126165952155,0.0,0.0,3,1.0,0.0
2019-10-17,-0.02979408458422664,-0.030127417917559976,0.6666666666666666,0.0003333333333333333,3,1.0,0.0
2019-10-18,0.03880625302590168,0.03847291969256835,0.6666666666666666,0.0003333333333333333,3,1.0,0.0
2019-10-21,-0.03587956568929177,-0.0362128990226251,0.6666666666666666,0.0003333333333333333,3,1.0,0.0
2019-10-22,0.02389287101716079,0.023559537683827455,0.6666666666666666,0.0003333333333333333,3,1.0,0.0
2019-10-23,-0.007399423082631343,-0.007732756415964676,0.6666666666666666,0.0003333333333333333,3,1.0,0.0
2019-10-24,0.031055425496403645,0.03072209216307031,0.6666666666666666,0.0003333333333333333,3,1.0,0.0
2019-10-25,0.015520158337241,0.015520158337241,0.0,0.0,3,1.0,0.0
2019-10-28,0.002367380614083406,0.002367380614083406,0.0,0.0,3,1.0,0.0
2019-10-29,-0.08309156358872331,-0.08309156358872331,0.0,0.0,3,1.0,0.0
2019-10-30,0.02844841776516275,0.02844841776516275,0.0,0.0,3,1.0,0.0
2019-10-31,0.0060643278705248375,0.0060643278705248375,0.0,0.0,3,1.0,0.0
2019-11-01,0.0026234447639605554,0.0026234447639605554,0.0,0.0,3,1.0,0.0
2019-11-04,0.010751888329008195,0.010751888329008195,0.0,0.0,3,1.0,0.0
2019-11-05,-0.02076912319917168,-0.02076912319917168,0.0,0.0,3,1.0,0.0
2019-11-06,-0.03399053893290841,-0.03399053893290841,0.0,0.0,3,1.0,0.0
2019-11-07,0.04379690377614046,0.04379690377614046,0.0,0.0,3,1.0,0.0
2019-11-08,0.006905895624848482,0.006905895624848482,0.0,0.0,3,1.0,0.0
2019-11-11,-0.0003859095722485627,-0.0003859095722485627,0.0,0.0,3,1.0,0.0
2019-11-12,0.007948686436590968,0.007948686436590968,0.0,0.0,3,1.0,0.0
2019-11-13,0.002469330140416133,0.002469330140416133,0.0,0.0,3,1.0,0.0
2019-11-14,0.019674530907507554,0.019674530907507554,0.0,0.0,3,1.0,0.0
2019-11-15,-0.016077093262605608,-0.016077093262605608,0.0,0.0,3,1.0,0.0
2019-11-18,0.04230943171551256,0.04230943171551256,0.0,0.0,3,1.0,0.0
2019-11-19,0.0067410871268958035,0.0067410871268958035,0.0,0.0,3,1.0,0.0
2019-11-20,0.032140673954987944,0.03180734062165461,0.6666666666666666,0.0003333333333333333,3,1.0,0.0
2019-11-21,0.005807905451550706,0.005807905451550706,0.0,0.0,3,1.0,0.0
2019-11-22,0.06174506188917354,0.061411728555840206,0.6666666666666666,0.0003333333333333333,3,1.0,0.0
2019-11-25,0.0001980572909840994,-0.0001352760423492339,0.6666666666666666,0.0003333333333333333,3,1.0,0.0
2019-11-26,0.03470369114988118,0.03437035781654785,0.6666666666666666,0.0003333333333333333,3,1.0,0.0
2019-11-27,-0.01386278605988326,-0.01386278605988326,0.0,0.0,3,1.0,0.0
2019-11-29,-0.05368533513467325,-0.054018668468006584,0.6666666666666666,0.0003333333333333333,3,1.0,0.0
2019-12-02,0.09658779818356684,0.0962544648502335,0.6666666666666666,0.0003333333333333333,3,1.0,0.0
2019-12-03,0.016814010217788722,0.016480676884455387,0.6666666666666666,0.0003333333333333333,3,1.0,0.0
2019-12-04,-0.057943372137960414,-0.057943372137960414,0.0,0.0,3,1.0,0.0
2019-12-05,0.0049862481414716005,0.0049862481414716005,0.0,0.0,3,1.0,0.0
2019-12-06,-0.0010773346846366656,-0.0010773346846366656,0.0,0.0,3,1.0,0.0
2019-12-09,0.04548603604478744,0.04515270271145411,0.6666666666666666,0.0003333333333333333,3,1.0,0.0
2019-12-10,-0.02021842559494417,-0.02021842559494417,0.0,0.0,3,1.0,0.0
2019-12-11,-0.014954622184042865,-0.014954622184042865,0.0,0.0,3,1.0,0.0
2019-12-12,-0.033383392416185376,-0.033383392416185376,0.0,0.0,3,1.0,0.0
2019-12-13,0.2444906678841422,0.2444906678841422,0.0,0.0,3,1.0,0.0
2019-12-16,-0.0001132335694951081,-0.0001132335694951081,0.0,0.0,3,1.0,0.0
2019-12-17,0.03667520426974587,0.03667520426974587,0.0,0.0,3,1.0,0.0
2019-12-18,0.03534517839143566,0.03534517839143566,0.0,0.0,3,1.0,0.0
2019-12-19,-0.0038864996750856973,-0.0038864996750856973,0.0,0.0,3,1.0,0.0
2019-12-20,0.0029409260027306212,0.0029409260027306212,0.0,0.0,3,1.0,0.0
2019-12-23,0.031411692027855834,0.031411692027855834,0.0,0.0,3,1.0,0.0
2019-12-24,0.020877525560776634,0.020877525560776634,0.0,0.0,3,1.0,0.0
2019-12-26,-0.035326715620150995,-0.035326715620150995,0.0,0.0,3,1.0,0.0
2019-12-27,-0.01662270668878892,-0.01662270668878892,0.0,0.0,3,1.0,0.0
2019-12-30,0.00031893470287684255,0.00031893470287684255,0.0,0.0,3,1.0,0.0
2019-12-31,-0.0002741456598071741,-0.0002741456598071741,0.0,0.0,3,1.0,0.0
2020-01-02,-0.030587660241990073,-0.030920993575323408,0.6666666666666666,0.0003333333333333333,3,1.0,0.0
2020-01-03,-0.008034877935313878,-0.008034877935313878,0.0,0.0,3,1.0,0.0
2020-01-06,-0.0033457144071746443,-0.0033457144071746443,0.0,0.0,3,1.0,0.0
2020-01-07,0.004326720998323394,0.004326720998323394,0.0,0.0,3,1.0,0.0
2020-01-08,-0.008671893168386863,-0.008671893168386863,0.0,0.0,3,1.0,0.0
2020-01-09,-0.009083148430028257,-0.009083148430028257,0.0,0.0,3,1.0,0.0
2020-01-10,-0.008255284866909593,-0.008255284866909593,0.0,0.0,3,1.0,0.0
2020-01-13,0.006821673320136425,0.006821673320136425,0.0,0.0,3,1.0,0.0
2020-01-14,-0.003009119272787353,-0.003009119272787353,0.0,0.0,3,1.0,0.0
2020-01-15,0.01503806642360413,0.01503806642360413,0.0,0.0,3,1.0,0.0
2020-01-16,-0.004496668794735685,-0.004496668794735685,0.0,0.0,3,1.0,0.0
2020-01-17,-0.10754188941640544,-0.10787522274973878,0.6666666666666666,0.0003333333333333333,3,1.0,0.0
2020-01-21,-0.0008144635894887786,-0.0011477969228221119,0.6666666666666666,0.0003333333333333333,3,1.0,0.0
2020-01-22,-0.00390176511524883,-0.00390176511524883,0.0,0.0,3,1.0,0.0
2020-01-23,-0.014716825817075526,-0.014716825817075526,0.0,0.0,3,1.0,0.0
2020-01-24,-0.0027821923159592936,-0.003115525649292627,0.6666666666666666,0.0003333333333333333,3,1.0,0.0
2020-01-27,0.02111809543680139,0.02111809543680139,0.0,0.0,3,1.0,0.0
2020-01-28,-0.004556716521614676,-0.004556716521614676,0.0,0.0,3,1.0,0.0
2020-01-29,-0.03314360432963788,-0.03314360432963788,0.0,0.0,3,1.0,0.0
2020-01-30,-0.006890017460969807,-0.006890017460969807,0.0,0.0,3,1.0,0.0
2020-01-31,0.036482621814428,0.036482621814428,0.0,0.0,3,1.0,0.0
2020-02-03,0.019076704587464466,0.01874337125413113,0.6666666666666666,0.0003333333333333333,3,1.0,0.0
2020-02-04,-0.022688872320884124,-0.022688872320884124,0.0,0.0,3,1.0,0.0
2020-02-05,-0.03605236641618662,-0.03605236641618662,0.0,0.0,3,1.0,0.0
2020-02-06,-0.01259851294674467,-0.012931846280078003,0.6666666666666666,0.0003333333333333333,3,1.0,0.0
2020-02-07,0.042166856437145274,0.04183352310381194,0.6666666666666666,0.0003333333333333333,3,1.0,0.0
2020-02-10,0.0008098402660463213,0.000476506932712988,0.6666666666666666,0.0003333333333333333,3,1.0,0.0
2020-02-11,-0.009961327579645667,-0.010294660912979,0.6666666666666666,0.0003333333333333333,3,1.0,0.0
2020-02-12,-0.022125593091027018,-0.022458926424360353,0.6666666666666666,0.0003333333333333333,3,1.0,0.0
2020-02-13,0.010127203090834591,0.010127203090834591,0.0,0.0,3,1.0,0.0
2020-02-14,-0.020578926188341673,-0.020578926188341673,0.0,0.0,3,1.0,0.0
2020-02-18,0.1490306114858706,0.1490306114858706,0.0,0.0,3,1.0,0.0
2020-02-19,0.004405683677443947,0.004405683677443947,0.0,0.0,3,1.0,0.0
2020-02-20,-0.015014959943526935,-0.015014959943526935,0.0,0.0,3,1.0,0.0
2020-02-21,-0.05147869472485511,-0.05147869472485511,0.0,0.0,3,1.0,0.0
2020-02-24,-0.07190409503243736,-0.07190409503243736,0.0,0.0,3,1.0,0.0
2020-02-25,0.0053822655676403946,0.0053822655676403946,0.0,0.0,3,1.0,0.0
2020-02-26,-0.04547901050197182,-0.04547901050197182,0.0,0.0,3,1.0,0.0
2020-02-27,-0.0021083807523891345,-0.0021083807523891345,0.0,0.0,3,1.0,0.0
2020-02-28,0.08090006676924454,0.08090006676924454,0.0,0.0,3,1.0,0.0
2020-03-02,-0.011390872580336404,-0.011390872580336404,0.0,0.0,3,1.0,0.0
2020-03-03,0.052227068440502025,0.052227068440502025,0.0,0.0,3,1.0,0.0
2020-03-04,-0.03992813951800011,-0.04026147285133344,0.6666666666666666,0.0003333333333333333,3,1.0,0.0
2020-03-05,-0.039067018378284,-0.039067018378284,0.0,0.0,3,1.0,0.0
2020-03-06,-0.12446843943142763,-0.12480177276476097,0.6666666666666666,0.0003333333333333333,3,1.0,0.0
2020-03-09,0.0057781731310267235,0.0057781731310267235,0.0,0.0,3,1.0,0.0
2020-03-10,-0.09678100528209033,-0.09678100528209033,0.0,0.0,3,1.0,0.0
2020-03-11,-0.1684311975033276,-0.1684311975033276,0.0,0.0,3,1.0,0.0
2020-03-12,0.0020083991315428657,0.0020083991315428657,0.0,0.0,3,1.0,0.0
2020-03-13,-0.1641961230047937,-0.1641961230047937,0.0,0.0,3,1.0,0.0
2020-03-16,0.07041142679708115,0.07041142679708115,0.0,0.0,3,1.0,0.0
2020-03-17,-0.14521211035105475,-0.14521211035105475,0.0,0.0,3,1.0,0.0
2020-03-18,0.09601753547542038,0.09601753547542038,0.0,0.0,3,1.0,0.0
2020-03-19,0.049126071908978074,0.049126071908978074,0.0,0.0,3,1.0,0.0
2020-03-20,0.07182383225335161,0.07182383225335161,0.0,0.0,3,1.0,0.0
2020-03-23,0.11643065466023375,0.11643065466023375,0.0,0.0,3,1.0,0.0
2020-03-24,0.003917789613313533,0.003917789613313533,0.0,0.0,3,1.0,0.0
2020-03-25,0.05290062536324255,0.05290062536324255,0.0,0.0,3,1.0,0.0
2020-03-26,-0.06675339155852536,-0.06675339155852536,0.0,0.0,3,1.0,0.0
2020-03-27,-0.03494742658618995,-0.03494742658618995,0.0,0.0,3,1.0,0.0
2020-03-30,-0.017343707020012457,-0.017343707020012457,0.0,0.0,3,1.0,0.0
2020-03-31,-0.06175753635683393,-0.06175753635683393,0.0,0.0,3,1.0,0.0
2020-04-01,-0.007675610440469937,-0.007675610440469937,0.0,0.0,3,1.0,0.0
2020-04-02,-0.023825311078878638,-0.023825311078878638,0.0,0.0,3,1.0,0.0
2020-04-03,0.10465109139408493,0.10465109139408493,0.0,0.0,3,1.0,0.0
2020-04-06,-0.02988197726471886,-0.02988197726471886,0.0,0.0,3,1.0,0.0
2020-04-07,0.09486639246660408,0.09486639246660408,0.0,0.0,3,1.0,0.0
2020-04-08,-0.006078893154266572,-0.006078893154266572,0.0,0.0,3,1.0,0.0
2020-04-09,0.03736304558533099,0.03736304558533099,0.0,0.0,3,1.0,0.0
2020-04-13,0.09470741993643446,0.09437408660310112,0.6666666666666666,0.0003333333333333333,3,1.0,0.0
2020-04-14,-0.03173003424704686,-0.03206336758038019,0.6666666666666666,0.0003333333333333333,3,1.0,0.0
2020-04-15,-0.00445173716924659,-0.00445173716924659,0.0,0.0,3,1.0,0.0
2020-04-16,0.025698445165714328,0.025698445165714328,0.0,0.0,3,1.0,0.0
2020-04-17,0.043027610394105256,0.042694277060771925,0.6666666666666666,0.0003333333333333333,3,1.0,0.0
2020-04-20,-0.03386609422544521,-0.03386609422544521,0.0,0.0,3,1.0,0.0
2020-04-21,0.019425329208716053,0.019425329208716053,0.0,0.0,3,1.0,0.0
2020-04-22,0.034926161267496626,0.034926161267496626,0.0,0.0,3,1.0,0.0
2020-04-23,0.01991787660489715,0.019584543271563816,0.6666666666666666,0.0003333333333333333,3,1.0,0.0
2020-04-24,0.1004329018345668,0.10009956850123346,0.6666666666666666,0.0003333333333333333,3,1.0,0.0
2020-04-27,-0.01959031400724298,-0.019923647340576316,0.6666666666666666,0.0003333333333333333,3,1.0,0.0
2020-04-28,0.016570749453323673,0.016237416119990338,0.6666666666666666,0.0003333333333333333,3,1.0,0.0
2020-04-29,-0.001006535645808845,-0.0013398689791421783,0.6666666666666666,0.0003333333333333333,3,1.0,0.0
2020-04-30,-0.04180768776072019,-0.04180768776072019,0.0,0.0,3,1.0,0.0
2020-05-01,0.01546153960718614,0.015128206273852807,0.6666666666666666,0.0003333333333333333,3,1.0,0.0
2020-05-04,-0.012508677146280085,-0.012508677146280085,0.0,0.0,3,1.0,0.0
2020-05-05,-0.013431004871946298,-0.013764338205279631,0.6666666666666666,0.0003333333333333333,3,1.0,0.0
2020-05-06,0.02351813157490068,0.023184798241567346,0.6666666666666666,0.0003333333333333333,3,1.0,0.0
2020-05-07,0.012266643144386155,0.012266643144386155,0.0,0.0,3,1.0,0.0
2020-05-08,0.10600135090384775,0.10566801757051442,0.6666666666666666,0.0003333333333333333,3,1.0,0.0
2020-05-11,0.2046491266618619,0.2043157933285286,0.6666666666666666,0.0003333333333333333,3,1.0,0.0
2020-05-12,-0.0019306466754232345,-0.0019306466754232345,0.0,0.0,3,1.0,0.0
2020-05-13,-0.00022271293131696443,-0.00022271293131696443,0.0,0.0,3,1.0,0.0
2020-05-14,-0.0027954197863447883,-0.0027954197863447883,0.0,0.0,3,1.0,0.0
2020-05-15,0.1442291763138024,0.14389584298046906,0.6666666666666666,0.0003333333333333333,3,1.0,0.0
2020-05-18,-0.024352577417934985,-0.024352577417934985,0.0,0.0,3,1.0,0.0
2020-05-19,0.015944650960148188,0.015944650960148188,0.0,0.0,3,1.0,0.0
2020-05-20,0.03184655495056398,0.03184655495056398,0.0,0.0,3,1.0,0.0
2020-05-21,-0.03883530399706103,-0.03883530399706103,0.0,0.0,3,1.0,0.0
2020-05-22,0.007934042023232224,0.007934042023232224,0.0,0.0,3,1.0,0.0
2020-05-26,0.11211244871307824,0.11211244871307824,0.0,0.0,3,1.0,0.0
2020-05-27,-0.05309650495433997,-0.05309650495433997,0.0,0.0,3,1.0,0.0
2020-05-28,0.02299917181498305,0.022665838481649714,0.6666666666666666,0.0003333333333333333,3,1.0,0.0
2020-05-29,0.07431652900444585,0.07431652900444585,0.0,0.0,3,1.0,0.0
2020-06-01,-0.03135554868123332,-0.03135554868123332,0.0,0.0,3,1.0,0.0
2020-06-02,-0.042482641532568935,-0.042482641532568935,0.0,0.0,3,1.0,0.0
2020-06-03,-0.059587228777452594,-0.059920562110785926,0.6666666666666666,0.0003333333333333333,3,1.0,0.0
2020-06-04,-0.014776381020676611,-0.014776381020676611,0.0,0.0,3,1.0,0.0
2020-06-05,0.05589144749581801,0.05589144749581801,0.0,0.0,3,1.0,0.0
2020-06-08,-0.013883706399418161,-0.014217039732751494,0.6666666666666666,0.0003333333333333333,3,1.0,0.0
2020-06-09,0.03753063652328399,0.03719730318995066,0.6666666666666666,0.0003333333333333333,3,1.0,0.0
2020-06-10,0.02175170421996945,0.021418370886636114,0.6666666666666666,0.0003333333333333333,3,1.0,0.0
2020-06-11,0.02875676055765567,0.02875676055765567,0.0,0.0,3,1.0,0.0
2020-06-12,0.13456848055551301,0.13456848055551301,0.0,0.0,3,1.0,0.0
2020-06-15,-0.014934350441301682,-0.014934350441301682,0.0,0.0,3,1.0,0.0
2020-06-16,0.015388502755866966,0.015055169422533633,0.6666666666666666,0.0003333333333333333,3,1.0,0.0
2020-06-17,0.05156536701970567,0.05123203368637234,0.6666666666666666,0.0003333333333333333,3,1.0,0.0
2020-06-18,0.04529518341688776,0.04496185008355443,0.6666666666666666,0.0003333333333333333,3,1.0,0.0
2020-06-19,0.08448934940135802,0.08415601606802468,0.6666666666666666,0.0003333333333333333,3,1.0,0.0
2020-06-22,0.029499578151930533,0.029499578151930533,0.0,0.0,3,1.0,0.0
2020-06-23,0.05718256488138795,0.05718256488138795,0.0,0.0,3,1.0,0.0
2020-06-24,-0.0166281362890525,-0.0166281362890525,0.0,0.0,3,1.0,0.0
2020-06-25,-0.08483980730116916,-0.0851731406345025,0.6666666666666666,0.0003333333333333333,3,1.0,0.0
2020-06-26,0.057936042424367264,0.057936042424367264,0.0,0.0,3,1.0,0.0
2020-06-29,0.04115912940276197,0.04115912940276197,0.0,0.0,3,1.0,0.0
2020-06-30,-0.023141611450813244,-0.023141611450813244,0.0,0.0,3,1.0,0.0
2020-07-01,0.007240343236614414,0.007240343236614414,0.0,0.0,3,1.0,0.0
2020-07-02,-0.0190495616802,-0.0190495616802,0.0,0.0,3,1.0,0.0
2020-07-06,0.09793404032422248,0.09793404032422248,0.0,0.0,3,1.0,0.0
2020-07-07,0.0099501226526539,0.009616789319320567,0.6666666666666666,0.0003333333333333333,3,1.0,0.0
2020-07-08,-0.010014522130412836,-0.010681188797079503,1.3333333333333333,0.0006666666666666666,3,1.0,0.0
2020-07-09,-0.025268528742235247,-0.025601862075568582,0.6666666666666666,0.0003333333333333333,3,1.0,0.0
2020-07-10,0.019150992074067678,0.018817658740734343,0.6666666666666666,0.0003333333333333333,3,1.0,0.0
2020-07-13,0.02087115442225936,0.02087115442225936,0.0,0.0,3,1.0,0.0
2020-07-14,0.01877317349909583,0.01877317349909583,0.0,0.0,3,1.0,0.0
2020-07-15,0.007144264709836016,0.007144264709836016,0.0,0.0,3,1.0,0.0
2020-07-16,0.04197805908662429,0.04197805908662429,0.0,0.0,3,1.0,0.0
2020-07-17,-0.03939760150049676,-0.03939760150049676,0.0,0.0,3,1.0,0.0
2020-07-20,0.013295929992710898,0.013295929992710898,0.0,0.0,3,1.0,0.0
2020-07-21,-0.01763094962805012,-0.01763094962805012,0.0,0.0,3,1.0,0.0
2020-07-22,-0.06875569393544585,-0.06875569393544585,0.0,0.0,3,1.0,0.0
2020-07-23,-0.06324607334017378,-0.06324607334017378,0.0,0.0,3,1.0,0.0
2020-07-24,0.05694775665491776,0.05694775665491776,0.0,0.0,3,1.0,0.0
2020-07-27,0.0004164304037435444,0.0004164304037435444,0.0,0.0,3,1.0,0.0
2020-07-28,-0.01519825366415691,-0.01519825366415691,0.0,0.0,3,1.0,0.0
2020-07-29,-0.012135804467307667,-0.012135804467307667,0.0,0.0,3,1.0,0.0
2020-07-30,-0.05306539197588034,-0.05306539197588034,0.0,0.0,3,1.0,0.0
2020-07-31,0.12749815492832642,0.12749815492832642,0.0,0.0,3,1.0,0.0
2020-08-03,-0.0026077845012181626,-0.0026077845012181626,0.0,0.0,3,1.0,0.0
2020-08-04,-0.0035060720191226365,-0.0035060720191226365,0.0,0.0,3,1.0,0.0
2020-08-05,-0.02211673605113096,-0.022450069384464293,0.6666666666666666,0.0003333333333333333,3,1.0,0.0
2020-08-06,0.009726142837689578,0.009392809504356244,0.6666666666666666,0.0003333333333333333,3,1.0,0.0
2020-08-07,0.1132930256750817,0.1132930256750817,0.0,0.0,3,1.0,0.0
2020-08-10,-0.1356361944897752,-0.1356361944897752,0.0,0.0,3,1.0,0.0
2020-08-11,-0.04695228500266028,-0.04695228500266028,0.0,0.0,3,1.0,0.0
2020-08-12,0.047267515534892016,0.047267515534892016,0.0,0.0,3,1.0,0.0
2020-08-13,0.02412963824368223,0.023796304910348894,0.6666666666666666,0.0003333333333333333,3,1.0,0.0
2020-08-14,0.025722275731238975,0.025722275731238975,0.0,0.0,3,1.0,0.0
2020-08-17,-0.038962354480323515,-0.038962354480323515,0.0,0.0,3,1.0,0.0
2020-08-18,0.013191897878779056,0.013191897878779056,0.0,0.0,3,1.0,0.0
2020-08-19,-0.02067637153970033,-0.02067637153970033,0.0,0.0,3,1.0,0.0
2020-08-20,-0.042306225071194636,-0.042306225071194636,0.0,0.0,3,1.0,0.0
2020-08-21,-0.061481454444747806,-0.06181478777808114,0.6666666666666666,0.0003333333333333333,3,1.0,0.0
2020-08-24,-0.01267456476658746,-0.01267456476658746,0.0,0.0,3,1.0,0.0
2020-08-25,0.006707719610327715,0.006707719610327715,0.0,0.0,3,1.0,0.0
2020-08-26,-0.011502927159350454,-0.011502927159350454,0.0,0.0,3,1.0,0.0
2020-08-27,-0.0025634356120508204,-0.0025634356120508204,0.0,0.0,3,1.0,0.0
2020-08-28,0.04948514174084221,0.04948514174084221,0.0,0.0,3,1.0,0.0
2020-08-31,-0.060223673360521174,-0.060223673360521174,0.0,0.0,3,1.0,0.0
2020-09-01,-0.032089018551268146,-0.03242235188460148,0.6666666666666666,0.0003333333333333333,3,1.0,0.0
2020-09-02,-0.03221965524269802,-0.03221965524269802,0.0,0.0,3,1.0,0.0
2020-09-03,-0.040190758378821835,-0.040190758378821835,0.0,0.0,3,1.0,0.0
2020-09-04,-0.03603665591356438,-0.03603665591356438,0.0,0.0,3,1.0,0.0
2020-09-08,0.033319086559498626,0.033319086559498626,0.0,0.0,3,1.0,0.0
2020-09-09,0.011620847497909703,0.011620847497909703,0.0,0.0,3,1.0,0.0
2020-09-10,0.03013358672380136,0.03013358672380136,0.0,0.0,3,1.0,0.0
2020-09-11,0.13823610906006661,0.13823610906006661,0.0,0.0,3,1.0,0.0
2020-09-14,0.062433623837982344,0.06210029050464901,0.6666666666666666,0.0003333333333333333,3,1.0,0.0
2020-09-15,0.01358183945774146,0.013248506124408126,0.6666666666666666,0.0003333333333333333,3,1.0,0.0
2020-09-16,-0.026179566556615314,-0.02651289988994865,0.6666666666666666,0.0003333333333333333,3,1.0,0.0
2020-09-17,0.019783750397393586,0.019783750397393586,0.0,0.0,3,1.0,0.0
2020-09-18,0.0057655421985489674,0.005432208865215634,0.6666666666666666,0.0003333333333333333,3,1.0,0.0
2020-09-21,0.0030725297159359677,0.002739196382602634,0.6666666666666666,0.0003333333333333333,3,1.0,0.0
2020-09-22,-0.07367800189575564,-0.07401133522908898,0.6666666666666666,0.0003333333333333333,3,1.0,0.0
2020-09-23,0.0016486148727741234,0.0016486148727741234,0.0,0.0,3,1.0,0.0
2020-09-24,0.06176615729044117,0.06143282395710784,0.6666666666666666,0.0003333333333333333,3,1.0,0.0
2020-09-25,0.013271423584529781,0.013271423584529781,0.0,0.0,3,1.0,0.0
2020-09-28,0.024781327577883244,0.024781327577883244,0.0,0.0,3,1.0,0.0
2020-09-29,0.015056008007289824,0.015056008007289824,0.0,0.0,3,1.0,0.0
2020-09-30,0.012749618585087238,0.012749618585087238,0.0,0.0,3,1.0,0.0
2020-10-01,-0.03761402509854983,-0.03761402509854983,0.0,0.0,3,1.0,0.0
2020-10-02,0.03609582470868673,0.03609582470868673,0.0,0.0,3,1.0,0.0
2020-10-05,-0.03171667074087166,-0.03171667074087166,0.0,0.0,3,1.0,0.0
2020-10-06,0.03150666526192543,0.03150666526192543,0.0,0.0,3,1.0,0.0
2020-10-07,-0.0013085513890579068,-0.00164188472239124,0.6666666666666666,0.0003333333333333333,3,1.0,0.0
2020-10-08,0.007392056644859164,0.0070587233115258306,0.6666666666666666,0.0003333333333333333,3,1.0,0.0
2020-10-09,0.009275899340846567,0.009275899340846567,0.0,0.0,3,1.0,0.0
2020-10-12,0.02112079028605877,0.02112079028605877,0.0,0.0,3,1.0,0.0
2020-10-13,0.0704847875865238,0.0704847875865238,0.0,0.0,3,1.0,0.0
2020-10-14,0.009759732446551445,0.009759732446551445,0.0,0.0,3,1.0,0.0
2020-10-15,-0.015074020745032685,-0.015074020745032685,0.0,0.0,3,1.0,0.0
2020-10-16,-0.021522453947663462,-0.021855787280996797,0.6666666666666666,0.0003333333333333333,3,1.0,0.0
2020-10-19,-0.014949158009988119,-0.015282491343321452,0.6666666666666666,0.0003333333333333333,3,1.0,0.0
2020-10-20,-0.025040132065394127,-0.025040132065394127,0.0,0.0,3,1.0,0.0
2020-10-21,0.005626859240927096,0.005626859240927096,0.0,0.0,3,1.0,0.0
2020-10-22,-0.010092758778544948,-0.01042609211187828,0.6666666666666666,0.0003333333333333333,3,1.0,0.0
2020-10-23,-0.03060858171947123,-0.03060858171947123,0.0,0.0,3,1.0,0.0
2020-10-26,0.0532202246224569,0.0532202246224569,0.0,0.0,3,1.0,0.0
2020-10-27,-0.05584450374301453,-0.05584450374301453,0.0,0.0,3,1.0,0.0
2020-10-28,0.06309530698091137,0.06309530698091137,0.0,0.0,3,1.0,0.0
2020-10-29,-0.07375178191659289,-0.07408511524992623,0.6666666666666666,0.0003333333333333333,3,1.0,0.0
2020-10-30,0.04181963482315765,0.04181963482315765,0.0,0.0,3,1.0,0.0
2020-11-02,0.04078627971641661,0.04045294638308328,0.6666666666666666,0.0003333333333333333,3,1.0,0.0
2020-11-03,0.03881102883107575,0.03881102883107575,0.0,0.0,3,1.0,0.0
2020-11-04,0.07230040934620333,0.07196707601286999,0.6666666666666666,0.0003333333333333333,3,1.0,0.0
2020-11-05,-0.015033876777066319,-0.015033876777066319,0.0,0.0,3,1.0,0.0
2020-11-06,0.04643353390537889,0.04610020057204556,0.6666666666666666,0.0003333333333333333,3,1.0,0.0
2020-11-09,-0.06633206016817109,-0.06633206016817109,0.0,0.0,3,1.0,0.0
2020-11-10,0.04602053002722806,0.045687196693894726,0.6666666666666666,0.0003333333333333333,3,1.0,0.0
2020-11-11,0.07249439823564599,0.07216106490231265,0.6666666666666666,0.0003333333333333333,3,1.0,0.0
2020-11-12,0.011763756969482064,0.011763756969482064,0.0,0.0,3,1.0,0.0
2020-11-13,-0.016560158724877632,-0.016893492058210967,0.6666666666666666,0.0003333333333333333,3,1.0,0.0
2020-11-16,0.017694156454703885,0.017694156454703885,0.0,0.0,3,1.0,0.0
2020-11-17,-0.010510560354802207,-0.010510560354802207,0.0,0.0,3,1.0,0.0
2020-11-18,0.006650387204070702,0.006317053870737369,0.6666666666666666,0.0003333333333333333,3,1.0,0.0
2020-11-19,0.026446816824453153,0.026113483491119818,0.6666666666666666,0.0003333333333333333,3,1.0,0.0
2020-11-20,0.0630374149248815,0.0630374149248815,0.0,0.0,3,1.0,0.0
2020-11-23,-0.008582216698175271,-0.008582216698175271,0.0,0.0,3,1.0,0.0
2020-11-24,0.03914846765334482,0.03914846765334482,0.0,0.0,3,1.0,0.0
2020-11-25,0.09789252454920512,0.09789252454920512,0.0,0.0,3,1.0,0.0
2020-11-27,0.019975637545870985,0.019975637545870985,0.0,0.0,3,1.0,0.0
2020-11-30,-0.12261487708813519,-0.12261487708813519,0.0,0.0,3,1.0,0.0
2020-12-01,0.030053365077711947,0.030053365077711947,0.0,0.0,3,1.0,0.0
2020-12-02,0.003360813355154849,0.0030274800218215154,0.6666666666666666,0.0003333333333333333,3,1.0,0.0
2020-12-03,-0.027838553247713522,-0.027838553247713522,0.0,0.0,3,1.0,0.0
2020-12-04,0.0005777744657616442,0.0005777744657616442,0.0,0.0,3,1.0,0.0
2020-12-07,-0.0033760199280923704,-0.0033760199280923704,0.0,0.0,3,1.0,0.0
2020-12-08,-0.04226437493856623,-0.04226437493856623,0.0,0.0,3,1.0,0.0
2020-12-09,0.014398065365473944,0.014064732032140611,0.6666666666666666,0.0003333333333333333,3,1.0,0.0
2020-12-10,-0.0006775683048210173,-0.0006775683048210173,0.0,0.0,3,1.0,0.0
2020-12-11,-0.00839797656992917,-0.00839797656992917,0.0,0.0,3,1.0,0.0
2020-12-14,0.04748145459419528,0.04748145459419528,0.0,0.0,3,1.0,0.0
2020-12-15,-0.005253926024542888,-0.005253926024542888,0.0,0.0,3,1.0,0.0
2020-12-16,0.06461231052976846,0.06461231052976846,0.0,0.0,3,1.0,0.0
2020-12-17,-0.0007362613798309239,-0.0007362613798309239,0.0,0.0,3,1.0,0.0
2020-12-18,0.021653627841597335,0.021653627841597335,0.0,0.0,3,1.0,0.0
2020-12-21,0.0015098694659327894,0.0015098694659327894,0.0,0.0,3,1.0,0.0
2020-12-22,0.03568963315350741,0.03568963315350741,0.0,0.0,3,1.0,0.0
2020-12-23,-0.00954444543526441,-0.00954444543526441,0.0,0.0,3,1.0,0.0
2020-12-24,-0.06347343845070548,-0.06347343845070548,0.0,0.0,3,1.0,0.0
2020-12-28,0.014470469370424953,0.014470469370424953,0.0,0.0,3,1.0,0.0
2020-12-29,0.02506159391071061,0.024728260577377276,0.6666666666666666,0.0003333333333333333,3,1.0,0.0
2020-12-30,-0.02112484351543812,-0.021458176848771455,0.6666666666666666,0.0003333333333333333,3,1.0,0.0
2020-12-31,0.043115639092295835,0.042782305758962504,0.6666666666666666,0.0003333333333333333,3,1.0,0.0
2021-01-04,0.034108724059132754,0.034108724059132754,0.0,0.0,3,1.0,0.0
2021-01-05,-0.0013482906231875313,-0.0013482906231875313,0.0,0.0,3,1.0,0.0
2021-01-06,0.06237866417554927,0.06204533084221594,0.6666666666666666,0.0003333333333333333,3,1.0,0.0
2021-01-07,0.005268698892618202,0.004935365559284869,0.6666666666666666,0.0003333333333333333,3,1.0,0.0
2021-01-08,0.020014994505478126,0.020014994505478126,0.0,0.0,3,1.0,0.0
2021-01-11,0.03913519487572762,0.03913519487572762,0.0,0.0,3,1.0,0.0
2021-01-12,0.006884570671800075,0.006551237338466742,0.6666666666666666,0.0003333333333333333,3,1.0,0.0
2021-01-13,0.02356978861360381,0.02356978861360381,0.0,0.0,3,1.0,0.0
2021-01-14,-0.03533403468423694,-0.03533403468423694,0.0,0.0,3,1.0,0.0
2021-01-15,-0.01915858292455016,-0.01915858292455016,0.0,0.0,3,1.0,0.0
2021-01-19,-0.03100418571096767,-0.031337519044301,0.6666666666666666,0.0003333333333333333,3,1.0,0.0
2021-01-20,0.002921709612002295,0.0025883762786689615,0.6666666666666666,0.0003333333333333333,3,1.0,0.0
2021-01-21,0.049742096120197234,0.049742096120197234,0.0,0.0,3,1.0,0.0
2021-01-22,-0.0045182729740052725,-0.0045182729740052725,0.0,0.0,3,1.0,0.0
2021-01-25,0.028712173817594205,0.028712173817594205,0.0,0.0,3,1.0,0.0
2021-01-26,-0.046829025539663574,-0.046829025539663574,0.0,0.0,3,1.0,0.0
2021-01-27,0.01875687783417564,0.01875687783417564,0.0,0.0,3,1.0,0.0
2021-01-28,0.19762988969255563,0.19762988969255563,0.0,0.0,3,1.0,0.0
2021-01-29,0.07498200127177264,0.07498200127177264,0.0,0.0,3,1.0,0.0
2021-02-01,-0.009880425690682926,-0.009880425690682926,0.0,0.0,3,1.0,0.0
2021-02-02,0.047516042048040046,0.047182708714706714,0.6666666666666666,0.0003333333333333333,3,1.0,0.0
2021-02-03,-0.0047397723233951,-0.0047397723233951,0.0,0.0,3,1.0,0.0
2021-02-04,0.031794191138975414,0.031794191138975414,0.0,0.0,3,1.0,0.0
2021-02-05,0.049119650291846506,0.049119650291846506,0.0,0.0,3,1.0,0.0
2021-02-08,0.023540552074005995,0.02320721874067266,0.6666666666666666,0.0003333333333333333,3,1.0,0.0
2021-02-09,-0.0424193054722249,-0.0424193054722249,0.0,0.0,3,1.0,0.0
2021-02-10,-0.00726034678284504,-0.00726034678284504,0.0,0.0,3,1.0,0.0
2021-02-11,-0.01598973996854332,-0.01598973996854332,0.0,0.0,3,1.0,0.0
2021-02-12,-0.05668494089171672,-0.05668494089171672,0.0,0.0,3,1.0,0.0
2021-02-16,-0.012085870407439876,-0.012085870407439876,0.0,0.0,3,1.0,0.0
2021-02-17,-0.06294698390983706,-0.06294698390983706,0.0,0.0,3,1.0,0.0
2021-02-18,0.057115406205767785,0.057115406205767785,0.0,0.0,3,1.0,0.0
2021-02-19,-0.021329156585788336,-0.02166248991912167,0.6666666666666666,0.0003333333333333333,3,1.0,0.0
2021-02-22,-0.020334173782656374,-0.020334173782656374,0.0,0.0,3,1.0,0.0
2021-02-23,0.36062541656683383,0.36062541656683383,0.0,0.0,3,1.0,0.0
2021-02-24,-0.009061599522778227,-0.00939493285611156,0.6666666666666666,0.0003333333333333333,3,1.0,0.0
2021-02-25,0.009993686598055216,0.009660353264721883,0.6666666666666666,0.0003333333333333333,3,1.0,0.0
2021-02-26,0.11822619495551381,0.11822619495551381,0.0,0.0,3,1.0,0.0
2021-03-01,-0.07287044622458956,-0.07287044622458956,0.0,0.0,3,1.0,0.0
2021-03-02,-0.053254019264338814,-0.053587352597672146,0.6666666666666666,0.0003333333333333333,3,1.0,0.0
2021-03-03,-0.0532234099516717,-0.0532234099516717,0.0,0.0,3,1.0,0.0
2021-03-04,0.04287747499972409,0.04287747499972409,0.0,0.0,3,1.0,0.0
2021-03-05,0.0949135547656962,0.0949135547656962,0.0,0.0,3,1.0,0.0
2021-03-08,0.12035130301987729,0.12001796968654395,0.6666666666666666,0.0003333333333333333,3,1.0,0.0
2021-03-09,0.03355439705878349,0.03322106372545016,0.6666666666666666,0.0003333333333333333,3,1.0,0.0
2021-03-10,0.06442923417930735,0.06442923417930735,0.0,0.0,3,1.0,0.0
2021-03-11,0.01676038080424347,0.016427047470910134,0.6666666666666666,0.0003333333333333333,3,1.0,0.0
2021-03-12,0.014399855047879918,0.014399855047879918,0.0,0.0,3,1.0,0.0
2021-03-15,-0.029082098800031465,-0.029082098800031465,0.0,0.0,3,1.0,0.0
2021-03-16,-0.013077110171418029,-0.013077110171418029,0.0,0.0,3,1.0,0.0
2021-03-17,-0.06060448985280009,-0.06060448985280009,0.0,0.0,3,1.0,0.0
2021-03-18,0.046818625466816435,0.046485292133483104,0.6666666666666666,0.0003333333333333333,3,1.0,0.0
2021-03-19,-0.010191147273771056,-0.010524480607104389,0.6666666666666666,0.0003333333333333333,3,1.0,0.0
2021-03-22,-0.06112694133326901,-0.06112694133326901,0.0,0.0,3,1.0,0.0
2021-03-23,-0.09114922081733752,-0.09114922081733752,0.0,0.0,3,1.0,0.0
2021-03-24,-0.009090808127505956,-0.009090808127505956,0.0,0.0,3,1.0,0.0
2021-03-25,0.010990447631334685,0.010657114298001352,0.6666666666666666,0.0003333333333333333,3,1.0,0.0
2021-03-26,0.03411906464067497,0.03411906464067497,0.0,0.0,3,1.0,0.0
2021-03-29,0.03946603824545265,0.03946603824545265,0.0,0.0,3,1.0,0.0
2021-03-30,0.0554199587685719,0.05508662543523857,0.6666666666666666,0.0003333333333333333,3,1.0,0.0
2021-03-31,0.014112143150229533,0.0137788098168962,0.6666666666666666,0.0003333333333333333,3,1.0,0.0
2021-04-01,-0.036306372929180965,-0.036306372929180965,0.0,0.0,3,1.0,0.0
2021-04-05,0.005418160614431715,0.005084827281098382,0.6666666666666666,0.0003333333333333333,3,1.0,0.0
2021-04-06,-0.031459938058575054,-0.031459938058575054,0.0,0.0,3,1.0,0.0
2021-04-07,-0.006285636390739237,-0.006285636390739237,0.0,0.0,3,1.0,0.0
2021-04-08,-0.03202387546956405,-0.03235720880289738,0.6666666666666666,0.0003333333333333333,3,1.0,0.0
2021-04-09,-0.07090478673138788,-0.07090478673138788,0.0,0.0,3,1.0,0.0
2021-04-12,0.013400162162123919,0.013066828828790586,0.6666666666666666,0.0003333333333333333,3,1.0,0.0
2021-04-13,0.12930377294027337,0.12897043960694005,0.6666666666666666,0.0003333333333333333,3,1.0,0.0
2021-04-14,-0.044268580522566214,-0.044268580522566214,0.0,0.0,3,1.0,0.0
2021-04-15,-0.017117584164429878,-0.017117584164429878,0.0,0.0,3,1.0,0.0
2021-04-16,0.08158834264991488,0.08158834264991488,0.0,0.0,3,1.0,0.0
2021-04-19,-0.11127392746430215,-0.11127392746430215,0.0,0.0,3,1.0,0.0
2021-04-20,-0.01308411500056324,-0.01308411500056324,0.0,0.0,3,1.0,0.0
2021-04-21,-0.01654504258131395,-0.016878375914647286,0.6666666666666666,0.0003333333333333333,3,1.0,0.0
2021-04-22,0.021439580320370112,0.021439580320370112,0.0,0.0,3,1.0,0.0
2021-04-23,0.06494286784543091,0.06460953451209757,0.6666666666666666,0.0003333333333333333,3,1.0,0.0
2021-04-26,-0.0001620402317935605,-0.0001620402317935605,0.0,0.0,3,1.0,0.0
2021-04-27,0.01822558447750148,0.01822558447750148,0.0,0.0,3,1.0,0.0
2021-04-28,-0.032634894779062076,-0.032634894779062076,0.0,0.0,3,1.0,0.0
2021-04-29,0.0013493826573792358,0.0013493826573792358,0.0,0.0,3,1.0,0.0
2021-04-30,-0.028104405545346395,-0.028104405545346395,0.0,0.0,3,1.0,0.0
2021-05-03,-0.027426839946904015,-0.027426839946904015,0.0,0.0,3,1.0,0.0
2021-05-04,-0.003876031493748599,-0.004209364827081933,0.6666666666666666,0.0003333333333333333,3,1.0,0.0
2021-05-05,-0.02784131616843758,-0.028174649501770916,0.6666666666666666,0.0003333333333333333,3,1.0,0.0
2021-05-06,-0.015151811593393108,-0.015485144926726441,0.6666666666666666,0.0003333333333333333,3,1.0,0.0
2021-05-07,-0.07506777897196437,-0.07506777897196437,0.0,0.0,3,1.0,0.0
2021-05-10,0.04175813490249039,0.04175813490249039,0.0,0.0,3,1.0,0.0
2021-05-11,-0.07241289058689455,-0.07241289058689455,0.0,0.0,3,1.0,0.0
2021-05-12,0.006999847239132939,0.006666513905799606,0.6666666666666666,0.0003333333333333333,3,1.0,0.0
2021-05-13,0.060364406090303656,0.060364406090303656,0.0,0.0,3,1.0,0.0
2021-05-14,0.05487455148468963,0.05487455148468963,0.0,0.0,3,1.0,0.0
2021-05-17,0.011239266135603332,0.011239266135603332,0.0,0.0,3,1.0,0.0
2021-05-18,-0.027321195904329167,-0.027321195904329167,0.0,0.0,3,1.0,0.0
2021-05-19,0.01871794029244141,0.01871794029244141,0.0,0.0,3,1.0,0.0
2021-05-20,0.0004096460377620587,0.0004096460377620587,0.0,0.0,3,1.0,0.0
2021-05-21,0.024330414161573,0.024330414161573,0.0,0.0,3,1.0,0.0
2021-05-24,0.085028005562936,0.085028005562936,0.0,0.0,3,1.0,0.0
2021-05-25,0.07793340665143211,0.07793340665143211,0.0,0.0,3,1.0,0.0
2021-05-26,0.03195874481950052,0.03195874481950052,0.0,0.0,3,1.0,0.0
2021-05-27,-0.04212142061951266,-0.04212142061951266,0.0,0.0,3,1.0,0.0
2021-05-28,0.09104611614930687,0.09104611614930687,0.0,0.0,3,1.0,0.0
2021-06-01,0.022409493875782283,0.022409493875782283,0.0,0.0,3,1.0,0.0
2021-06-02,-0.027934458062639906,-0.027934458062639906,0.0,0.0,3,1.0,0.0
2021-06-03,0.016922597147491038,0.016922597147491038,0.0,0.0,3,1.0,0.0
2021-06-04,0.047017669959476725,0.047017669959476725,0.0,0.0,3,1.0,0.0
2021-06-07,0.031107105431788552,0.031107105431788552,0.0,0.0,3,1.0,0.0
2021-06-08,-0.021621202506586053,-0.021621202506586053,0.0,0.0,3,1.0,0.0
2021-06-09,-0.047488470647360954,-0.047821803980694286,0.6666666666666666,0.0003333333333333333,3,1.0,0.0
2021-06-10,0.04743710540266373,0.04743710540266373,0.0,0.0,3,1.0,0.0
2021-06-11,0.020011785663529236,0.020011785663529236,0.0,0.0,3,1.0,0.0
2021-06-14,-0.020028435945206757,-0.020028435945206757,0.0,0.0,3,1.0,0.0
2021-06-15,-0.009426288758860684,-0.009426288758860684,0.0,0.0,3,1.0,0.0
2021-06-16,0.012312305191097085,0.012312305191097085,0.0,0.0,3,1.0,0.0
2021-06-17,-0.021942490155007228,-0.022275823488340563,0.6666666666666666,0.0003333333333333333,3,1.0,0.0
2021-06-18,-0.01786574873262103,-0.01786574873262103,0.0,0.0,3,1.0,0.0
2021-06-21,0.13851419262270254,0.1381808592893692,0.6666666666666666,0.0003333333333333333,3,1.0,0.0
2021-06-22,0.001271310707847844,0.001271310707847844,0.0,0.0,3,1.0,0.0
2021-06-23,-0.019356979767735538,-0.019356979767735538,0.0,0.0,3,1.0,0.0
2021-06-24,-0.018178020703009036,-0.01851135403634237,0.6666666666666666,0.0003333333333333333,3,1.0,0.0
2021-06-25,0.0487923562013605,0.0487923562013605,0.0,0.0,3,1.0,0.0
2021-06-28,-0.01052806858897496,-0.01052806858897496,0.0,0.0,3,1.0,0.0
2021-06-29,0.005774916462782756,0.005774916462782756,0.0,0.0,3,1.0,0.0
2021-06-30,-0.009026236602004745,-0.009359569935338078,0.6666666666666666,0.0003333333333333333,3,1.0,0.0
2021-07-01,-0.031192139503618616,-0.031192139503618616,0.0,0.0,3,1.0,0.0
2021-07-02,-0.028388897361827366,-0.028388897361827366,0.0,0.0,3,1.0,0.0
2021-07-06,-0.05696668311441769,-0.05696668311441769,0.0,0.0,3,1.0,0.0
2021-07-07,0.0327657810729726,0.0327657810729726,0.0,0.0,3,1.0,0.0
2021-07-08,-0.005480227262115944,-0.005480227262115944,0.0,0.0,3,1.0,0.0
2021-07-09,-0.025825526016209355,-0.025825526016209355,0.0,0.0,3,1.0,0.0
2021-07-12,-0.04947618449657113,-0.04947618449657113,0.0,0.0,3,1.0,0.0
2021-07-13,-0.1003895037717453,-0.1003895037717453,0.0,0.0,3,1.0,0.0
2021-07-14,0.00407481909089058,0.00407481909089058,0.0,0.0,3,1.0,0.0
2021-07-15,-0.022427479690595293,-0.022427479690595293,0.0,0.0,3,1.0,0.0
2021-07-16,-0.010148438906983323,-0.010148438906983323,0.0,0.0,3,1.0,0.0
2021-07-19,0.12626925452947443,0.12626925452947443,0.0,0.0,3,1.0,0.0
2021-07-20,-0.006927023334849066,-0.006927023334849066,0.0,0.0,3,1.0,0.0
2021-07-21,-0.05301681898590012,-0.05301681898590012,0.0,0.0,3,1.0,0.0
2021-07-22,-0.003912318983012363,-0.004245652316345696,0.6666666666666666,0.0003333333333333333,3,1.0,0.0
2021-07-23,0.0366712257816378,0.0366712257816378,0.0,0.0,3,1.0,0.0
2021-07-26,-0.038173218991830196,-0.038173218991830196,0.0,0.0,3,1.0,0.0
2021-07-27,-0.0009357300226065686,-0.0012690633559399019,0.6666666666666666,0.0003333333333333333,3,1.0,0.0
2021-07-28,-0.008963396540822493,-0.009296729874155826,0.6666666666666666,0.0003333333333333333,3,1.0,0.0
2021-07-29,-0.027066079055791132,-0.027066079055791132,0.0,0.0,3,1.0,0.0
2021-07-30,-0.03596952264705429,-0.03630285598038762,0.6666666666666666,0.0003333333333333333,3,1.0,0.0
2021-08-02,-0.020188100615746125,-0.020188100615746125,0.0,0.0,3,1.0,0.0
2021-08-03,-0.07270988746726277,-0.07304322080059611,0.6666666666666666,0.0003333333333333333,3,1.0,0.0
2021-08-04,0.06285423416438021,0.06285423416438021,0.0,0.0,3,1.0,0.0
2021-08-05,-0.011567350340251026,-0.011567350340251026,0.0,0.0,3,1.0,0.0
2021-08-06,0.023878266710260644,0.023878266710260644,0.0,0.0,3,1.0,0.0
2021-08-09,-0.01217115937402195,-0.01217115937402195,0.0,0.0,3,1.0,0.0
2021-08-10,-0.01012147708278684,-0.01012147708278684,0.0,0.0,3,1.0,0.0
2021-08-11,0.02127521663170351,0.02127521663170351,0.0,0.0,3,1.0,0.0
2021-08-12,-0.011652051651197759,-0.011652051651197759,0.0,0.0,3,1.0,0.0
2021-08-13,0.00815756451937958,0.00815756451937958,0.0,0.0,3,1.0,0.0
2021-08-16,0.005353344821087144,0.005353344821087144,0.0,0.0,3,1.0,0.0
2021-08-17,-0.020935984194968855,-0.02126931752830219,0.6666666666666666,0.0003333333333333333,3,1.0,0.0
2021-08-18,-0.051991024083759,-0.051991024083759,0.0,0.0,3,1.0,0.0
2021-08-19,0.006028836062019722,0.005695502728686389,0.6666666666666666,0.0003333333333333333,3,1.0,0.0
2021-08-20,0.06934170305901444,0.06934170305901444,0.0,0.0,3,1.0,0.0
2021-08-23,0.186892806813766,0.186892806813766,0.0,0.0,3,1.0,0.0
2021-08-24,-0.029220213277575104,-0.029220213277575104,0.0,0.0,3,1.0,0.0
2021-08-25,-0.023327984827055337,-0.023327984827055337,0.0,0.0,3,1.0,0.0
2021-08-26,0.021255256648128995,0.021255256648128995,0.0,0.0,3,1.0,0.0
2021-08-27,0.031636459690269104,0.031636459690269104,0.0,0.0,3,1.0,0.0
2021-08-30,0.03892450949579188,0.03892450949579188,0.0,0.0,3,1.0,0.0
2021-08-31,-0.04029642091962685,-0.040629754252960185,0.6666666666666666,0.0003333333333333333,3,1.0,0.0
2021-09-01,0.04150322379106049,0.041169890457727155,0.6666666666666666,0.0003333333333333333,3,1.0,0.0
2021-09-02,-0.023817628806256153,-0.023817628806256153,0.0,0.0,3,1.0,0.0
2021-09-03,-0.01940603894518759,-0.019739372278520923,0.6666666666666666,0.0003333333333333333,3,1.0,0.0
2021-09-07,-0.017167877843215235,-0.017167877843215235,0.0,0.0,3,1.0,0.0
2021-09-08,0.02858178299650464,0.028248449663171304,0.6666666666666666,0.0003333333333333333,3,1.0,0.0
2021-09-09,-0.019751926936747245,-0.019751926936747245,0.0,0.0,3,1.0,0.0
2021-09-10,0.02671632030007346,0.026382986966740126,0.6666666666666666,0.0003333333333333333,3,1.0,0.0
2021-09-13,-0.01904386739389352,-0.01904386739389352,0.0,0.0,3,1.0,0.0
2021-09-14,0.026237901135738356,0.026237901135738356,0.0,0.0,3,1.0,0.0
2021-09-15,0.004783329520585429,0.004783329520585429,0.0,0.0,3,1.0,0.0
2021-09-16,-0.003197907487442124,-0.0035312408207754573,0.6666666666666666,0.0003333333333333333,3,1.0,0.0
2021-09-17,-0.06917628853998188,-0.06950962187331522,0.6666666666666666,0.0003333333333333333,3,1.0,0.0
2021-09-20,-0.02309016952657102,-0.023423502859904355,0.6666666666666666,0.0003333333333333333,3,1.0,0.0
2021-09-21,0.031655830107485475,0.031655830107485475,0.0,0.0,3,1.0,0.0
2021-09-22,0.014984079828781841,0.014650746495448508,0.6666666666666666,0.0003333333333333333,3,1.0,0.0
2021-09-23,-0.023486861544401084,-0.023486861544401084,0.0,0.0,3,1.0,0.0
2021-09-24,-0.0016248463126079522,-0.0016248463126079522,0.0,0.0,3,1.0,0.0
2021-09-27,-0.03926880271103757,-0.0396021360443709,0.6666666666666666,0.0003333333333333333,3,1.0,0.0
2021-09-28,-0.013705585523508904,-0.014038918856842237,0.6666666666666666,0.0003333333333333333,3,1.0,0.0
2021-09-29,0.033874875273036856,0.033874875273036856,0.0,0.0,3,1.0,0.0
2021-09-30,0.0083595265432664,0.0083595265432664,0.0,0.0,3,1.0,0.0
2021-10-01,-0.01463418164333537,-0.014967514976668704,0.6666666666666666,0.0003333333333333333,3,1.0,0.0
2021-10-04,0.016384906475745233,0.016051573142411898,0.6666666666666666,0.0003333333333333333,3,1.0,0.0
2021-10-05,-0.011374570829727296,-0.011374570829727296,0.0,0.0,3,1.0,0.0
2021-10-06,0.0286259646612886,0.0286259646612886,0.0,0.0,3,1.0,0.0
2021-10-07,-0.020121010885633006,-0.02045434421896634,0.6666666666666666,0.0003333333333333333,3,1.0,0.0
2021-10-08,0.02331384984997949,0.022980516516646156,0.6666666666666666,0.0003333333333333333,3,1.0,0.0
2021-10-11,0.009663235091369422,0.009329901758036089,0.6666666666666666,0.0003333333333333333,3,1.0,0.0
2021-10-12,0.02034915269294938,0.020015819359616046,0.6666666666666666,0.0003333333333333333,3,1.0,0.0
2021-10-13,0.024104914346779378,0.023771581013446043,0.6666666666666666,0.0003333333333333333,3,1.0,0.0
2021-10-14,0.004142632691997439,0.0038092993586641053,0.6666666666666666,0.0003333333333333333,3,1.0,0.0
2021-10-15,0.009411477853519146,0.009078144520185813,0.6666666666666666,0.0003333333333333333,3,1.0,0.0
2021-10-18,-0.012072726226785343,-0.012406059560118676,0.6666666666666666,0.0003333333333333333,3,1.0,0.0
2021-10-19,0.00628019962138567,0.00628019962138567,0.0,0.0,3,1.0,0.0
2021-10-20,-0.0279320733425746,-0.0279320733425746,0.0,0.0,3,1.0,0.0
2021-10-21,-0.03891148850669305,-0.03891148850669305,0.0,0.0,3,1.0,0.0
2021-10-22,0.018070189467240667,0.018070189467240667,0.0,0.0,3,1.0,0.0
2021-10-25,0.004588684624857767,0.004588684624857767,0.0,0.0,3,1.0,0.0
2021-10-26,-0.03341398987933012,-0.03341398987933012,0.0,0.0,3,1.0,0.0
2021-10-27,0.028456376966168463,0.028456376966168463,0.0,0.0,3,1.0,0.0
2021-10-28,-0.004713722855366124,-0.005047056188699457,0.6666666666666666,0.0003333333333333333,3,1.0,0.0
2021-10-29,0.07264291191533896,0.07230957858200562,0.6666666666666666,0.0003333333333333333,3,1.0,0.0
2021-11-01,0.028868117299624126,0.028868117299624126,0.0,0.0,3,1.0,0.0
2021-11-02,0.0014826209207627894,0.0014826209207627894,0.0,0.0,3,1.0,0.0
2021-11-03,-0.011195735326366602,-0.011195735326366602,0.0,0.0,3,1.0,0.0
2021-11-04,0.02800720127008005,0.02800720127008005,0.0,0.0,3,1.0,0.0
2021-11-05,0.046512786288550226,0.046512786288550226,0.0,0.0,3,1.0,0.0
2021-11-08,-0.054684803127307946,-0.054684803127307946,0.0,0.0,3,1.0,0.0
2021-11-09,-0.04202138864819789,-0.04202138864819789,0.0,0.0,3,1.0,0.0
2021-11-10,0.010291082848965849,0.010291082848965849,0.0,0.0,3,1.0,0.0
2021-11-11,-0.007241230375978347,-0.007241230375978347,0.0,0.0,3,1.0,0.0
2021-11-12,0.03697837615947478,0.03697837615947478,0.0,0.0,3,1.0,0.0
2021-11-15,-0.0028639555408151995,-0.0028639555408151995,0.0,0.0,3,1.0,0.0
2021-11-16,-0.006195665042184976,-0.006195665042184976,0.0,0.0,3,1.0,0.0
2021-11-17,-0.015219214471669813,-0.015219214471669813,0.0,0.0,3,1.0,0.0
2021-11-18,0.02074635439851565,0.02074635439851565,0.0,0.0,3,1.0,0.0
2021-11-19,0.03127857823886774,0.03127857823886774,0.0,0.0,3,1.0,0.0
2021-11-22,-0.04803987999919537,-0.04803987999919537,0.0,0.0,3,1.0,0.0
2021-11-23,-0.0056026825804281755,-0.0056026825804281755,0.0,0.0,3,1.0,0.0
2021-11-24,-0.04419602459445271,-0.04419602459445271,0.0,0.0,3,1.0,0.0
2021-11-26,0.018478570190240202,0.018478570190240202,0.0,0.0,3,1.0,0.0
2021-11-29,-0.05702340592464128,-0.05702340592464128,0.0,0.0,3,1.0,0.0
2021-11-30,-0.09660636200612052,-0.09660636200612052,0.0,0.0,3,1.0,0.0
2021-12-01,0.026114087064137127,0.026114087064137127,0.0,0.0,3,1.0,0.0
2021-12-02,-0.025810316977166882,-0.026143650310500217,0.6666666666666666,0.0003333333333333333,3,1.0,0.0
2021-12-03,-0.007508206757002846,-0.007841540090336179,0.6666666666666666,0.0003333333333333333,3,1.0,0.0
2021-12-06,0.03174531627426206,0.03174531627426206,0.0,0.0,3,1.0,0.0
2021-12-07,6.231679298584949e-05,6.231679298584949e-05,0.0,0.0,3,1.0,0.0
2021-12-08,-0.06672834856223755,-0.06672834856223755,0.0,0.0,3,1.0,0.0
2021-12-09,-0.01944947806111652,-0.019782811394449856,0.6666666666666666,0.0003333333333333333,3,1.0,0.0
2021-12-10,-0.11301781702880205,-0.11301781702880205,0.0,0.0,3,1.0,0.0
2021-12-13,0.03210736100789573,0.031774027674562395,0.6666666666666666,0.0003333333333333333,3,1.0,0.0
2021-12-14,0.004955774507421647,0.004955774507421647,0.0,0.0,3,1.0,0.0
2021-12-15,-0.026966219187133378,-0.026966219187133378,0.0,0.0,3,1.0,0.0
2021-12-16,0.08956762693639436,0.08956762693639436,0.0,0.0,3,1.0,0.0
2021-12-17,0.004156180520449896,0.004156180520449896,0.0,0.0,3,1.0,0.0
2021-12-20,0.02843493880548268,0.02843493880548268,0.0,0.0,3,1.0,0.0
2021-12-21,-0.03903331972656846,-0.03903331972656846,0.0,0.0,3,1.0,0.0
2021-12-22,0.004918011810773448,0.004918011810773448,0.0,0.0,3,1.0,0.0
2021-12-23,-0.007340185313908675,-0.007340185313908675,0.0,0.0,3,1.0,0.0
2021-12-27,-0.03482250523606241,-0.03482250523606241,0.0,0.0,3,1.0,0.0
2021-12-28,0.01382715439301485,0.01382715439301485,0.0,0.0,3,1.0,0.0
2021-12-29,0.012306657387583261,0.012306657387583261,0.0,0.0,3,1.0,0.0
2021-12-30,-0.03107415261444346,-0.03107415261444346,0.0,0.0,3,1.0,0.0
2021-12-31,-0.006611607562532427,-0.006611607562532427,0.0,0.0,3,1.0,0.0
2022-01-03,-0.02101062648470949,-0.02101062648470949,0.0,0.0,3,1.0,0.0
2022-01-04,-0.09211938997969367,-0.09211938997969367,0.0,0.0,3,1.0,0.0
2022-01-05,0.00874903921901371,0.00874903921901371,0.0,0.0,3,1.0,0.0
2022-01-06,0.02735671499979967,0.02735671499979967,0.0,0.0,3,1.0,0.0
2022-01-07,-0.021190674630511382,-0.021190674630511382,0.0,0.0,3,1.0,0.0
2022-01-10,-0.0033051578597349525,-0.0033051578597349525,0.0,0.0,3,1.0,0.0
2022-01-11,-0.018120961161259642,-0.018120961161259642,0.0,0.0,3,1.0,0.0
2022-01-12,-0.03845374297294838,-0.03878707630628171,0.6666666666666666,0.0003333333333333333,3,1.0,0.0
2022-01-13,0.0070669079623522455,0.0070669079623522455,0.0,0.0,3,1.0,0.0
2022-01-14,-0.04711997308674868,-0.04711997308674868,0.0,0.0,3,1.0,0.0
2022-01-18,-0.014018009638953204,-0.014018009638953204,0.0,0.0,3,1.0,0.0
2022-01-19,-0.024890183349952445,-0.024890183349952445,0.0,0.0,3,1.0,0.0
2022-01-20,-0.04480923555123806,-0.04514256888457139,0.6666666666666666,0.0003333333333333333,3,1.0,0.0
2022-01-21,-0.022688007392107634,-0.022688007392107634,0.0,0.0,3,1.0,0.0
2022-01-24,0.009792191549582295,0.009792191549582295,0.0,0.0,3,1.0,0.0
2022-01-25,0.020845494284480383,0.020845494284480383,0.0,0.0,3,1.0,0.0
2022-01-26,-0.03154875013798401,-0.03188208347131734,0.6666666666666666,0.0003333333333333333,3,1.0,0.0
2022-01-27,0.01398154837354263,0.01398154837354263,0.0,0.0,3,1.0,0.0
2022-01-28,0.03316691209829329,0.03316691209829329,0.0,0.0,3,1.0,0.0
2022-01-31,0.02242265107183668,0.02242265107183668,0.0,0.0,3,1.0,0.0
2022-02-01,-0.010077366020342999,-0.010410699353676332,0.6666666666666666,0.0003333333333333333,3,1.0,0.0
2022-02-02,-0.02030370404127583,-0.02030370404127583,0.0,0.0,3,1.0,0.0
2022-02-03,0.019315677643411612,0.019315677643411612,0.0,0.0,3,1.0,0.0
2022-02-04,0.017664754896368946,0.017664754896368946,0.0,0.0,3,1.0,0.0
2022-02-07,-0.013494565815979668,-0.013494565815979668,0.0,0.0,3,1.0,0.0
2022-02-08,0.08801387097144198,0.08768053763810864,0.6666666666666666,0.0003333333333333333,3,1.0,0.0
2022-02-09,-0.03224270483868193,-0.03224270483868193,0.0,0.0,3,1.0,0.0
2022-02-10,0.004743194057858499,0.004743194057858499,0.0,0.0,3,1.0,0.0
2022-02-11,0.019222875970429487,0.019222875970429487,0.0,0.0,3,1.0,0.0
2022-02-14,-0.01849642351034105,-0.018829756843674383,0.6666666666666666,0.0003333333333333333,3,1.0,0.0
2022-02-15,0.020117394323774018,0.020117394323774018,0.0,0.0,3,1.0,0.0
2022-02-16,-0.03985902558199831,-0.03985902558199831,0.0,0.0,3,1.0,0.0
2022-02-17,-0.02577504958324169,-0.02577504958324169,0.0,0.0,3,1.0,0.0
2022-02-18,-0.042151294033716015,-0.042151294033716015,0.0,0.0,3,1.0,0.0
2022-02-22,0.03214112337340113,0.03214112337340113,0.0,0.0,3,1.0,0.0
2022-02-23,0.07391537430273461,0.07391537430273461,0.0,0.0,3,1.0,0.0
2022-02-24,0.052078466749871447,0.052078466749871447,0.0,0.0,3,1.0,0.0
2022-02-25,-0.015444041681708577,-0.015444041681708577,0.0,0.0,3,1.0,0.0
2022-02-28,-0.021790780332491634,-0.021790780332491634,0.0,0.0,3,1.0,0.0
2022-03-01,0.04162907998163234,0.04162907998163234,0.0,0.0,3,1.0,0.0
2022-03-02,-0.019223524131894505,-0.019223524131894505,0.0,0.0,3,1.0,0.0
2022-03-03,-0.009880438239862288,-0.009880438239862288,0.0,0.0,3,1.0,0.0
2022-03-04,-0.019529345113484475,-0.019529345113484475,0.0,0.0,3,1.0,0.0
2022-03-07,0.03778924119716509,0.03778924119716509,0.0,0.0,3,1.0,0.0
2022-03-08,0.02483399963461378,0.02483399963461378,0.0,0.0,3,1.0,0.0
2022-03-09,0.01891586429189355,0.01891586429189355,0.0,0.0,3,1.0,0.0
2022-03-10,0.004007619352413931,0.004007619352413931,0.0,0.0,3,1.0,0.0
2022-03-11,-0.03159082736739527,-0.03159082736739527,0.0,0.0,3,1.0,0.0
2022-03-14,0.028753940614249553,0.028753940614249553,0.0,0.0,3,1.0,0.0
2022-03-15,0.08569862519883042,0.08569862519883042,0.0,0.0,3,1.0,0.0
2022-03-16,0.037179790415816205,0.037179790415816205,0.0,0.0,3,1.0,0.0
2022-03-17,-0.001899988210465109,-0.001899988210465109,0.0,0.0,3,1.0,0.0
2022-03-18,0.024413424438706345,0.02408009110537301,0.6666666666666666,0.0003333333333333333,3,1.0,0.0
2022-03-21,-0.002717110673812601,-0.0030504440071459347,0.6666666666666666,0.0003333333333333333,3,1.0,0.0
2022-03-22,0.024797746445816227,0.024464413112482892,0.6666666666666666,0.0003333333333333333,3,1.0,0.0
2022-03-23,0.006509876867389168,0.006509876867389168,0.0,0.0,3,1.0,0.0
2022-03-24,0.03029366405278237,0.03029366405278237,0.0,0.0,3,1.0,0.0
2022-03-25,-0.010214056646454583,-0.010547389979787916,0.6666666666666666,0.0003333333333333333,3,1.0,0.0
2022-03-28,0.022117940317120183,0.022117940317120183,0.0,0.0,3,1.0,0.0
2022-03-29,-0.01203029929732132,-0.01203029929732132,0.0,0.0,3,1.0,0.0
2022-03-30,-0.02051482128115737,-0.02051482128115737,0.0,0.0,3,1.0,0.0
2022-03-31,0.011370026127575095,0.011370026127575095,0.0,0.0,3,1.0,0.0
2022-04-01,-0.0034422143355361907,-0.0034422143355361907,0.0,0.0,3,1.0,0.0
2022-04-04,-0.008920743121983913,-0.009254076455317246,0.6666666666666666,0.0003333333333333333,3,1.0,0.0
2022-04-05,-0.024233230473855505,-0.024233230473855505,0.0,0.0,3,1.0,0.0
2022-04-06,0.033199397263416364,0.03286606393008303,0.6666666666666666,0.0003333333333333333,3,1.0,0.0
2022-04-07,0.02801597218585261,0.027682638852519276,0.6666666666666666,0.0003333333333333333,3,1.0,0.0
2022-04-08,-0.03702621049547764,-0.03702621049547764,0.0,0.0,3,1.0,0.0
2022-04-11,0.021926917109807098,0.021593583776473763,0.6666666666666666,0.0003333333333333333,3,1.0,0.0
2022-04-12,0.06291701601922901,0.062250349352562344,1.3333333333333333,0.0006666666666666666,3,1.0,0.0
2022-04-13,-0.0041668588846374135,-0.0041668588846374135,0.0,0.0,3,1.0,0.0
2022-04-14,0.029325818829827245,0.029325818829827245,0.0,0.0,3,1.0,0.0
2022-04-18,0.009435689223054749,0.009435689223054749,0.0,0.0,3,1.0,0.0
2022-04-19,0.04387247680660818,0.04387247680660818,0.0,0.0,3,1.0,0.0
2022-04-20,-0.05048422767829899,-0.050817561011632324,0.6666666666666666,0.0003333333333333333,3,1.0,0.0
2022-04-21,-0.046464547626891964,-0.046464547626891964,0.0,0.0,3,1.0,0.0
2022-04-22,-0.010162611405432731,-0.010495944738766064,0.6666666666666666,0.0003333333333333333,3,1.0,0.0
2022-04-25,-0.0315538280311782,-0.03188716136451153,0.6666666666666666,0.0003333333333333333,3,1.0,0.0
2022-04-26,0.027918025493479805,0.02758469216014647,0.6666666666666666,0.0003333333333333333,3,1.0,0.0
2022-04-27,0.02750071004288275,0.027167376709549416,0.6666666666666666,0.0003333333333333333,3,1.0,0.0
2022-04-28,-0.018789921377081797,-0.018789921377081797,0.0,0.0,3,1.0,0.0
2022-04-29,-0.00830397063569647,-0.008637303969029803,0.6666666666666666,0.0003333333333333333,3,1.0,0.0
2022-05-02,0.05525240383977888,0.054919070506445546,0.6666666666666666,0.0003333333333333333,3,1.0,0.0
2022-05-03,0.009722795432394404,0.009722795432394404,0.0,0.0,3,1.0,0.0
2022-05-04,-0.048366554021158636,-0.048366554021158636,0.0,0.0,3,1.0,0.0
2022-05-05,-0.049753648224376924,-0.049753648224376924,0.0,0.0,3,1.0,0.0
2022-05-06,-0.11108093239926822,-0.11141426573260156,0.6666666666666666,0.0003333333333333333,3,1.0,0.0
2022-05-09,0.008195576817096557,0.008195576817096557,0.0,0.0,3,1.0,0.0
2022-05-10,0.013198246994557294,0.012864913661223961,0.6666666666666666,0.0003333333333333333,3,1.0,0.0
2022-05-11,-0.021603285133558282,-0.021936618466891617,0.6666666666666666,0.0003333333333333333,3,1.0,0.0
2022-05-12,0.004677164948923042,0.004677164948923042,0.0,0.0,3,1.0,0.0
2022-05-13,0.050961229559457845,0.050961229559457845,0.0,0.0,3,1.0,0.0
2022-05-16,0.03353440049223362,0.03353440049223362,0.0,0.0,3,1.0,0.0
2022-05-17,-0.0665793512840795,-0.0665793512840795,0.0,0.0,3,1.0,0.0
2022-05-18,0.000758026344661749,0.000758026344661749,0.0,0.0,3,1.0,0.0
2022-05-19,-0.0045966531292417345,-0.0045966531292417345,0.0,0.0,3,1.0,0.0
2022-05-20,0.07550238859377607,0.07550238859377607,0.0,0.0,3,1.0,0.0
2022-05-23,-0.019228751627170526,-0.019228751627170526,0.0,0.0,3,1.0,0.0
2022-05-24,0.03669427762234615,0.03669427762234615,0.0,0.0,3,1.0,0.0
2022-05-25,0.02813383770756824,0.02813383770756824,0.0,0.0,3,1.0,0.0
2022-05-26,0.06032321303365529,0.06032321303365529,0.0,0.0,3,1.0,0.0
2022-05-27,-0.02949096066204504,-0.02949096066204504,0.0,0.0,3,1.0,0.0
2022-05-31,0.05189116629965237,0.05189116629965237,0.0,0.0,3,1.0,0.0
2022-06-01,0.025456627751367034,0.025456627751367034,0.0,0.0,3,1.0,0.0
2022-06-02,0.008316231986077522,0.008316231986077522,0.0,0.0,3,1.0,0.0
2022-06-03,0.0029587556136512574,0.0029587556136512574,0.0,0.0,3,1.0,0.0
2022-06-06,0.032848963680363566,0.032848963680363566,0.0,0.0,3,1.0,0.0
2022-06-07,-0.013293566522206774,-0.013626899855540107,0.6666666666666666,0.0003333333333333333,3,1.0,0.0
2022-06-08,-0.045523140525001386,-0.045523140525001386,0.0,0.0,3,1.0,0.0
2022-06-09,-0.017413359169719755,-0.017413359169719755,0.0,0.0,3,1.0,0.0
2022-06-10,-0.05377780658541501,-0.05377780658541501,0.0,0.0,3,1.0,0.0
2022-06-13,-0.04212774140277027,-0.0424610747361036,0.6666666666666666,0.0003333333333333333,3,1.0,0.0
2022-06-14,-0.024394920847959318,-0.024728254181292653,0.6666666666666666,0.0003333333333333333,3,1.0,0.0
2022-06-15,-0.05168751660392146,-0.05202084993725479,0.6666666666666666,0.0003333333333333333,3,1.0,0.0
2022-06-16,-0.0726321510317042,-0.0726321510317042,0.0,0.0,3,1.0,0.0
2022-06-17,0.02959037107214213,0.02959037107214213,0.0,0.0,3,1.0,0.0
2022-06-21,-0.05834784172523766,-0.05834784172523766,0.0,0.0,3,1.0,0.0
2022-06-22,-0.08653984158275936,-0.08653984158275936,0.0,0.0,3,1.0,0.0
2022-06-23,0.02865130283595592,0.02865130283595592,0.0,0.0,3,1.0,0.0
2022-06-24,0.06760580498974167,0.06760580498974167,0.0,0.0,3,1.0,0.0
2022-06-27,0.028981625138199275,0.028981625138199275,0.0,0.0,3,1.0,0.0
2022-06-28,-0.05079686384545915,-0.05079686384545915,0.0,0.0,3,1.0,0.0
2022-06-29,-0.052258294545644936,-0.052258294545644936,0.0,0.0,3,1.0,0.0
2022-06-30,0.002701445707629535,0.002701445707629535,0.0,0.0,3,1.0,0.0
2022-07-01,-0.06583852415929332,-0.06583852415929332,0.0,0.0,3,1.0,0.0
2022-07-05,-0.02017134961175378,-0.02017134961175378,0.0,0.0,3,1.0,0.0
2022-07-06,0.0739957316065111,0.0739957316065111,0.0,0.0,3,1.0,0.0
2022-07-07,-0.010527475880946527,-0.010527475880946527,0.0,0.0,3,1.0,0.0
2022-07-08,-0.015207282232865417,-0.015207282232865417,0.0,0.0,3,1.0,0.0
2022-07-11,-0.0273309193565218,-0.0273309193565218,0.0,0.0,3,1.0,0.0
2022-07-12,0.031069888799123202,0.031069888799123202,0.0,0.0,3,1.0,0.0
2022-07-13,-0.020236414577496142,-0.020236414577496142,0.0,0.0,3,1.0,0.0
2022-07-14,0.02545264767950265,0.02545264767950265,0.0,0.0,3,1.0,0.0
2022-07-15,0.0529083488985295,0.0529083488985295,0.0,0.0,3,1.0,0.0
2022-07-18,0.020674508170004453,0.020341174836671118,0.6666666666666666,0.0003333333333333333,3,1.0,0.0
2022-07-19,-0.004698904779941726,-0.004698904779941726,0.0,0.0,3,1.0,0.0
2022-07-20,-0.0184862335225315,-0.0184862335225315,0.0,0.0,3,1.0,0.0
2022-07-21,-0.026788795868434297,-0.026788795868434297,0.0,0.0,3,1.0,0.0
2022-07-22,0.007700335485327003,0.007700335485327003,0.0,0.0,3,1.0,0.0
2022-07-25,-0.005458413033155417,-0.00579174636648875,0.6666666666666666,0.0003333333333333333,3,1.0,0.0
2022-07-26,0.01933304455017615,0.018999711216842814,0.6666666666666666,0.0003333333333333333,3,1.0,0.0
2022-07-27,-0.021193492334795207,-0.021193492334795207,0.0,0.0,3,1.0,0.0
2022-07-28,0.060252569982219166,0.060252569982219166,0.0,0.0,3,1.0,0.0
2022-07-29,0.01702915640032539,0.01702915640032539,0.0,0.0,3,1.0,0.0
2022-08-01,0.00368362684816855,0.0033502935148352164,0.6666666666666666,0.0003333333333333333,3,1.0,0.0
2022-08-02,-0.020456963990643597,-0.02079029732397693,0.6666666666666666,0.0003333333333333333,3,1.0,0.0
2022-08-03,-0.02260814398347884,-0.02260814398347884,0.0,0.0,3,1.0,0.0
2022-08-04,0.009747751790845157,0.009747751790845157,0.0,0.0,3,1.0,0.0
2022-08-05,-0.007340385233764419,-0.007340385233764419,0.0,0.0,3,1.0,0.0
2022-08-08,0.021959268212930518,0.021959268212930518,0.0,0.0,3,1.0,0.0
2022-08-09,0.010362525080637989,0.010362525080637989,0.0,0.0,3,1.0,0.0
2022-08-10,0.03012826260792293,0.03012826260792293,0.0,0.0,3,1.0,0.0
2022-08-11,-0.0033912289539245926,-0.0033912289539245926,0.0,0.0,3,1.0,0.0
2022-08-12,-0.017740878043914443,-0.017740878043914443,0.0,0.0,3,1.0,0.0
2022-08-15,0.015171479565554497,0.014838146232221164,0.6666666666666666,0.0003333333333333333,3,1.0,0.0
2022-08-16,-0.0021538169693342915,-0.002487150302667625,0.6666666666666666,0.0003333333333333333,3,1.0,0.0
2022-08-17,0.058941775696963905,0.058941775696963905,0.0,0.0,3,1.0,0.0
2022-08-18,-0.012585944677666642,-0.012585944677666642,0.0,0.0,3,1.0,0.0
2022-08-19,-0.003830697616120796,-0.004164030949454129,0.6666666666666666,0.0003333333333333333,3,1.0,0.0
2022-08-22,0.012421299848035788,0.011754633181369122,1.3333333333333333,0.0006666666666666666,3,1.0,0.0
2022-08-23,0.024739622350572324,0.02440628901723899,0.6666666666666666,0.0003333333333333333,3,1.0,0.0
2022-08-24,-0.008581651592219464,-0.008581651592219464,0.0,0.0,3,1.0,0.0
2022-08-25,-0.0043753024719744476,-0.004708635805307781,0.6666666666666666,0.0003333333333333333,3,1.0,0.0
2022-08-26,0.01777380539219068,0.01777380539219068,0.0,0.0,3,1.0,0.0
2022-08-29,-0.04955364596164106,-0.04988697929497439,0.6666666666666666,0.0003333333333333333,3,1.0,0.0
2022-08-30,-0.016112914559532638,-0.016112914559532638,0.0,0.0,3,1.0,0.0
2022-08-31,-0.04874257080447182,-0.04874257080447182,0.0,0.0,3,1.0,0.0
2022-09-01,0.007039527819353056,0.007039527819353056,0.0,0.0,3,1.0,0.0
2022-09-02,-0.03293616127856076,-0.033269494611894095,0.6666666666666666,0.0003333333333333333,3,1.0,0.0
2022-09-06,-0.013864487486251648,-0.014197820819584981,0.6666666666666666,0.0003333333333333333,3,1.0,0.0
2022-09-07,-0.001895940091192835,-0.0022292734245261685,0.6666666666666666,0.0003333333333333333,3,1.0,0.0
2022-09-08,0.04977021004405564,0.04977021004405564,0.0,0.0,3,1.0,0.0
2022-09-09,0.02265827478366137,0.02265827478366137,0.0,0.0,3,1.0,0.0
2022-09-12,-0.04097943054430986,-0.04131276387764319,0.6666666666666666,0.0003333333333333333,3,1.0,0.0
2022-09-13,0.014582510843179778,0.014249177509846445,0.6666666666666666,0.0003333333333333333,3,1.0,0.0
2022-09-14,-0.031129755492541447,-0.031129755492541447,0.0,0.0,3,1.0,0.0
2022-09-15,-0.11600261492014748,-0.11633594825348081,0.6666666666666666,0.0003333333333333333,3,1.0,0.0
2022-09-16,0.011913743022551474,0.01158040968921814,0.6666666666666666,0.0003333333333333333,3,1.0,0.0
2022-09-19,0.00015102166119125918,0.00015102166119125918,0.0,0.0,3,1.0,0.0
2022-09-20,-0.03102624842023623,-0.03102624842023623,0.0,0.0,3,1.0,0.0
2022-09-21,-0.012985692599686221,-0.012985692599686221,0.0,0.0,3,1.0,0.0
2022-09-22,-0.07061092288141545,-0.07061092288141545,0.0,0.0,3,1.0,0.0
2022-09-23,-0.05321072592209544,-0.05321072592209544,0.0,0.0,3,1.0,0.0
2022-09-26,0.03226539511766635,0.03193206178433302,0.6666666666666666,0.0003333333333333333,3,1.0,0.0
2022-09-27,0.03970651949118268,0.03970651949118268,0.0,0.0,3,1.0,0.0
2022-09-28,-0.0028757515519430106,-0.0028757515519430106,0.0,0.0,3,1.0,0.0
2022-09-29,-0.0038318973209409135,-0.0038318973209409135,0.0,0.0,3,1.0,0.0
2022-09-30,0.0292574275721212,0.028924094238787865,0.6666666666666666,0.0003333333333333333,3,1.0,0.0
2022-10-03,0.04586764457606343,0.04586764457606343,0.0,0.0,3,1.0,0.0
2022-10-04,-0.012671129838841813,-0.013004463172175146,0.6666666666666666,0.0003333333333333333,3,1.0,0.0
2022-10-05,-0.023381274401496434,-0.023381274401496434,0.0,0.0,3,1.0,0.0
2022-10-06,-0.021876658793661664,-0.021876658793661664,0.0,0.0,3,1.0,0.0
2022-10-07,-0.003228781690965114,-0.0035621150242984476,0.6666666666666666,0.0003333333333333333,3,1.0,0.0
2022-10-10,0.000564107875124658,0.000564107875124658,0.0,0.0,3,1.0,0.0
2022-10-11,-0.022363911040743978,-0.022363911040743978,0.0,0.0,3,1.0,0.0
2022-10-12,0.02154678072695293,0.02154678072695293,0.0,0.0,3,1.0,0.0
2022-10-13,-0.0450501546553053,-0.0450501546553053,0.0,0.0,3,1.0,0.0
2022-10-14,0.021096149645443076,0.02076281631210974,0.6666666666666666,0.0003333333333333333,3,1.0,0.0
2022-10-17,-0.0007482867940404501,-0.0010816201273737833,0.6666666666666666,0.0003333333333333333,3,1.0,0.0
2022-10-18,-0.0032612870609443068,-0.0032612870609443068,0.0,0.0,3,1.0,0.0
2022-10-19,-0.01255026119509602,-0.01255026119509602,0.0,0.0,3,1.0,0.0
2022-10-20,0.0161487098033003,0.015815376469966964,0.6666666666666666,0.0003333333333333333,3,1.0,0.0
2022-10-21,-0.001393474783824086,-0.0017268081171574192,0.6666666666666666,0.0003333333333333333,3,1.0,0.0
2022-10-24,-0.004114760160231748,-0.004448093493565081,0.6666666666666666,0.0003333333333333333,3,1.0,0.0
2022-10-25,0.02976717515023737,0.029433841816904036,0.6666666666666666,0.0003333333333333333,3,1.0,0.0
2022-10-26,-0.0011495008406012808,-0.001482834173934614,0.6666666666666666,0.0003333333333333333,3,1.0,0.0
2022-10-27,-0.006110276454803443,-0.006110276454803443,0.0,0.0,3,1.0,0.0
2022-10-28,-0.0007236000982744351,-0.0010569334316077683,0.6666666666666666,0.0003333333333333333,3,1.0,0.0
2022-10-31,-0.005643757812772043,-0.005643757812772043,0.0,0.0,3,1.0,0.0
2022-11-01,-0.0202069934130236,-0.020873660079690267,1.3333333333333333,0.0006666666666666666,3,1.0,0.0
2022-11-02,-0.005702140199819553,-0.006035473533152886,0.6666666666666666,0.0003333333333333333,3,1.0,0.0
2022-11-03,0.013981042230838403,0.01364770889750507,0.6666666666666666,0.0003333333333333333,3,1.0,0.0
2022-11-04,-0.013281267744187808,-0.013947934410854474,1.3333333333333333,0.0006666666666666666,3,1.0,0.0
2022-11-07,-0.03793936357745065,-0.03827269691078398,0.6666666666666666,0.0003333333333333333,3,1.0,0.0
2022-11-08,-0.03553477696267997,-0.0358681102960133,0.6666666666666666,0.0003333333333333333,3,1.0,0.0
2022-11-09,0.04183995927862161,0.04150662594528828,0.6666666666666666,0.0003333333333333333,3,1.0,0.0
2022-11-10,0.008302863488871177,0.008302863488871177,0.0,0.0,3,1.0,0.0
2022-11-11,-0.01800585810439966,-0.018339191437732993,0.6666666666666666,0.0003333333333333333,3,1.0,0.0
2022-11-14,0.0052312682577036656,0.0048979349243703325,0.6666666666666666,0.0003333333333333333,3,1.0,0.0
2022-11-15,-0.028957786729311707,-0.028957786729311707,0.0,0.0,3,1.0,0.0
2022-11-16,-0.007147706095944801,-0.007481039429278134,0.6666666666666666,0.0003333333333333333,3,1.0,0.0
2022-11-17,0.0025685874352710707,0.0022352541019377372,0.6666666666666666,0.0003333333333333333,3,1.0,0.0
2022-11-18,-0.013212460835150264,-0.013545794168483597,0.6666666666666666,0.0003333333333333333,3,1.0,0.0
2022-11-21,0.005435599187502617,0.005435599187502617,0.0,0.0,3,1.0,0.0
2022-11-22,-0.005159243412662606,-0.005492576745995939,0.6666666666666666,0.0003333333333333333,3,1.0,0.0
2022-11-23,0.019552247391084444,0.019552247391084444,0.0,0.0,3,1.0,0.0
2022-11-25,-0.01963253218380371,-0.01963253218380371,0.0,0.0,3,1.0,0.0
2022-11-28,0.027708822768218507,0.027708822768218507,0.0,0.0,3,1.0,0.0
2022-11-29,0.017535993184467375,0.01686932651780071,1.3333333333333333,0.0006666666666666666,3,1.0,0.0
2022-11-30,-0.014111819023617687,-0.01444515235695102,0.6666666666666666,0.0003333333333333333,3,1.0,0.0
2022-12-01,-0.013166170321444107,-0.013166170321444107,0.0,0.0,3,1.0,0.0
2022-12-02,-0.0369537544353277,-0.0369537544353277,0.0,0.0,3,1.0,0.0
2022-12-05,-0.028546319299787973,-0.028879652633121308,0.6666666666666666,0.0003333333333333333,3,1.0,0.0
2022-12-06,0.0062354399658298325,0.0059021066324964995,0.6666666666666666,0.0003333333333333333,3,1.0,0.0
2022-12-07,-0.0019561897474504506,-0.002289523080783784,0.6666666666666666,0.0003333333333333333,3,1.0,0.0
2022-12-08,-0.029906167220414316,-0.03023950055374765,0.6666666666666666,0.0003333333333333333,3,1.0,0.0
2022-12-09,0.056460902710183294,0.05612756937684996,0.6666666666666666,0.0003333333333333333,3,1.0,0.0
2022-12-12,0.010011220744921815,0.010011220744921815,0.0,0.0,3,1.0,0.0
2022-12-13,-0.006331162988009434,-0.006331162988009434,0.0,0.0,3,1.0,0.0
2022-12-14,-0.005587815175258229,-0.005921148508591562,0.6666666666666666,0.0003333333333333333,3,1.0,0.0
2022-12-15,-0.0009811821194825412,-0.0013145154528158745,0.6666666666666666,0.0003333333333333333,3,1.0,0.0
2022-12-16,-0.030360167640381925,-0.03069350097371526,0.6666666666666666,0.0003333333333333333,3,1.0,0.0
2022-12-19,0.004294774075810544,0.0036281074091438774,1.3333333333333333,0.0006666666666666666,3,1.0,0.0
2022-12-20,0.038199673567294326,0.037866340233960995,0.6666666666666666,0.0003333333333333333,3,1.0,0.0
2022-12-21,-0.0316161340196384,-0.03194946735297173,0.6666666666666666,0.0003333333333333333,3,1.0,0.0
2022-12-22,0.00903594643909685,0.00903594643909685,0.0,0.0,3,1.0,0.0
2022-12-23,-0.020214863753864276,-0.02054819708719761,0.6666666666666666,0.0003333333333333333,3,1.0,0.0
2022-12-27,-0.008768963506075736,-0.008768963506075736,0.0,0.0,3,1.0,0.0
2022-12-28,0.009902860960208907,0.009902860960208907,0.0,0.0,3,1.0,0.0
2022-12-29,0.008192593067163504,0.008192593067163504,0.0,0.0,3,1.0,0.0
2022-12-30,-0.018832021428322184,-0.018832021428322184,0.0,0.0,3,1.0,0.0
2023-01-03,-0.0044809581300095935,-0.0044809581300095935,0.0,0.0,3,1.0,0.0
2023-01-04,0.02809734908324346,0.027764015749910127,0.6666666666666666,0.0003333333333333333,3,1.0,0.0
2023-01-05,0.024482062980791475,0.02414872964745814,0.6666666666666666,0.0003333333333333333,3,1.0,0.0
2023-01-06,-0.007275247963413722,-0.007275247963413722,0.0,0.0,3,1.0,0.0
2023-01-09,0.024717219128581085,0.024717219128581085,0.0,0.0,3,1.0,0.0
2023-01-10,-0.04507190599491573,-0.04540523932824906,0.6666666666666666,0.0003333333333333333,3,1.0,0.0
2023-01-11,0.03222137683511728,0.031888043501783946,0.6666666666666666,0.0003333333333333333,3,1.0,0.0
2023-01-12,0.03637576021765361,0.03570909355098694,1.3333333333333333,0.0006666666666666666,3,1.0,0.0
2023-01-13,0.024120818380618823,0.02378748504728549,0.6666666666666666,0.0003333333333333333,3,1.0,0.0
2023-01-17,0.006193159154628516,0.005526492487961849,1.3333333333333333,0.0006666666666666666,3,1.0,0.0
2023-01-18,-0.02897095882543913,-0.029304292158772463,0.6666666666666666,0.0003333333333333333,3,1.0,0.0
2023-01-19,0.033398309123396766,0.033398309123396766,0.0,0.0,3,1.0,0.0
2023-01-20,-0.001734338855655511,-0.0020676721889888445,0.6666666666666666,0.0003333333333333333,3,1.0,0.0
2023-01-23,0.006780891785353052,0.006447558452019719,0.6666666666666666,0.0003333333333333333,3,1.0,0.0
2023-01-24,-0.0050992237658294606,-0.005432557099162794,0.6666666666666666,0.0003333333333333333,3,1.0,0.0
2023-01-25,-0.018579453023369163,-0.018579453023369163,0.0,0.0,3,1.0,0.0
2023-01-26,-0.03137937474388386,-0.03171270807721719,0.6666666666666666,0.0003333333333333333,3,1.0,0.0
2023-01-27,-0.005841624968499011,-0.006174958301832344,0.6666666666666666,0.0003333333333333333,3,1.0,0.0
2023-01-30,0.04454715863282787,0.04421382529949454,0.6666666666666666,0.0003333333333333333,3,1.0,0.0
2023-01-31,0.02228909601000036,0.02228909601000036,0.0,0.0,3,1.0,0.0
2023-02-01,0.002702336057588924,0.002702336057588924,0.0,0.0,3,1.0,0.0
2023-02-02,-0.09614418164005656,-0.09614418164005656,0.0,0.0,3,1.0,0.0
2023-02-03,-0.05091873892835556,-0.05125207226168889,0.6666666666666666,0.0003333333333333333,3,1.0,0.0
2023-02-06,-0.02206359776587833,-0.02206359776587833,0.0,0.0,3,1.0,0.0
2023-02-07,-0.01445421255060586,-0.01445421255060586,0.0,0.0,3,1.0,0.0
2023-02-08,-0.020728731676688164,-0.020728731676688164,0.0,0.0,3,1.0,0.0
2023-02-09,-0.03145869517936121,-0.03145869517936121,0.0,0.0,3,1.0,0.0
2023-02-10,-0.026350321647789686,-0.02668365498112302,0.6666666666666666,0.0003333333333333333,3,1.0,0.0
2023-02-13,0.0200334679778947,0.0200334679778947,0.0,0.0,3,1.0,0.0
2023-02-14,0.04854358684462604,0.04854358684462604,0.0,0.0,3,1.0,0.0
2023-02-15,-0.0004999643217361548,-0.0004999643217361548,0.0,0.0,3,1.0,0.0
2023-02-16,0.023249790077894107,0.023249790077894107,0.0,0.0,3,1.0,0.0
2023-02-17,-0.031772224118077154,-0.031772224118077154,0.0,0.0,3,1.0,0.0
2023-02-21,0.005615097003648742,0.005615097003648742,0.0,0.0,3,1.0,0.0
2023-02-22,0.028315344447575514,0.02798201111424218,0.6666666666666666,0.0003333333333333333,3,1.0,0.0
2023-02-23,-0.048333431519577134,-0.048333431519577134,0.0,0.0,3,1.0,0.0
2023-02-24,-0.006061029672540741,-0.006061029672540741,0.0,0.0,3,1.0,0.0
2023-02-27,-0.014364662575591658,-0.014364662575591658,0.0,0.0,3,1.0,0.0
2023-02-28,0.038950955616119234,0.038950955616119234,0.0,0.0,3,1.0,0.0
2023-03-01,-0.009538623285466952,-0.009538623285466952,0.0,0.0,3,1.0,0.0
2023-03-02,0.06883427087649363,0.06850093754316029,0.6666666666666666,0.0003333333333333333,3,1.0,0.0
2023-03-03,-0.02568260736522217,-0.026015940698555506,0.6666666666666666,0.0003333333333333333,3,1.0,0.0
2023-03-06,-0.014895705581909075,-0.014895705581909075,0.0,0.0,3,1.0,0.0
2023-03-07,-0.02419140321173674,-0.02419140321173674,0.0,0.0,3,1.0,0.0
2023-03-08,-0.026312567555324885,-0.02664590088865822,0.6666666666666666,0.0003333333333333333,3,1.0,0.0
2023-03-09,-0.016112912720820712,-0.016112912720820712,0.0,0.0,3,1.0,0.0
2023-03-10,0.0010414046010915148,0.0010414046010915148,0.0,0.0,3,1.0,0.0
2023-03-13,0.005352419304830471,0.005352419304830471,0.0,0.0,3,1.0,0.0
2023-03-14,-0.023276929694367194,-0.023276929694367194,0.0,0.0,3,1.0,0.0
2023-03-15,0.02246996573826824,0.022136632404934905,0.6666666666666666,0.0003333333333333333,3,1.0,0.0
2023-03-16,-0.023322351992086283,-0.023322351992086283,0.0,0.0,3,1.0,0.0
2023-03-17,0.01316882923192227,0.012835495898588936,0.6666666666666666,0.0003333333333333333,3,1.0,0.0
2023-03-20,0.00013326268011926157,0.00013326268011926157,0.0,0.0,3,1.0,0.0
2023-03-21,-0.02026304432019469,-0.02026304432019469,0.0,0.0,3,1.0,0.0
2023-03-22,0.02531077938790386,0.02531077938790386,0.0,0.0,3,1.0,0.0
2023-03-23,0.00739690582387098,0.00739690582387098,0.0,0.0,3,1.0,0.0
2023-03-24,0.004722305121197978,0.004722305121197978,0.0,0.0,3,1.0,0.0
2023-03-27,0.027626772456441108,0.027626772456441108,0.0,0.0,3,1.0,0.0
2023-03-28,0.006317535300163693,0.006317535300163693,0.0,0.0,3,1.0,0.0
2023-03-29,-0.018576573185627443,-0.018576573185627443,0.0,0.0,3,1.0,0.0
2023-03-30,0.0178670145512139,0.0178670145512139,0.0,0.0,3,1.0,0.0
2023-03-31,0.018060163007527403,0.017726829674194068,0.6666666666666666,0.0003333333333333333,3,1.0,0.0
2023-04-03,-0.024137157419282792,-0.024137157419282792,0.0,0.0,3,1.0,0.0
2023-04-04,-0.03120561185571798,-0.03120561185571798,0.0,0.0,3,1.0,0.0
2023-04-05,0.00010889433905580774,0.00010889433905580774,0.0,0.0,3,1.0,0.0
2023-04-06,-0.024109937235472462,-0.024109937235472462,0.0,0.0,3,1.0,0.0
2023-04-10,0.0015997036100401756,0.0012663702767068423,0.6666666666666666,0.0003333333333333333,3,1.0,0.0
2023-04-11,-0.018086574804754025,-0.01841990813808736,0.6666666666666666,0.0003333333333333333,3,1.0,0.0
2023-04-12,0.01091701234551275,0.01091701234551275,0.0,0.0,3,1.0,0.0
2023-04-13,-0.00343589083464472,-0.00343589083464472,0.0,0.0,3,1.0,0.0
2023-04-14,0.048298215460846,0.048298215460846,0.0,0.0,3,1.0,0.0
2023-04-17,0.042856342779316596,0.042856342779316596,0.0,0.0,3,1.0,0.0
2023-04-18,0.04926712889936772,0.04926712889936772,0.0,0.0,3,1.0,0.0
2023-04-19,-0.0019294558700507017,-0.0019294558700507017,0.0,0.0,3,1.0,0.0
2023-04-20,-0.01555839269053616,-0.01555839269053616,0.0,0.0,3,1.0,0.0
2023-04-21,-0.008610186210766183,-0.008610186210766183,0.0,0.0,3,1.0,0.0
2023-04-24,-0.030788457467361474,-0.030788457467361474,0.0,0.0,3,1.0,0.0
2023-04-25,0.0320440920918094,0.0320440920918094,0.0,0.0,3,1.0,0.0
2023-04-26,-0.01272135202103249,-0.01272135202103249,0.0,0.0,3,1.0,0.0
2023-04-27,0.03838957851463406,0.03838957851463406,0.0,0.0,3,1.0,0.0
2023-04-28,-0.002865913637875323,-0.002865913637875323,0.0,0.0,3,1.0,0.0
2023-05-01,-0.0450294391353014,-0.0450294391353014,0.0,0.0,3,1.0,0.0
2023-05-02,-0.009377862223062916,-0.009711195556396249,0.6666666666666666,0.0003333333333333333,3,1.0,0.0
2023-05-03,-0.011301889635910648,-0.01163522296924398,0.6666666666666666,0.0003333333333333333,3,1.0,0.0
2023-05-04,0.0016989454755209263,0.0016989454755209263,0.0,0.0,3,1.0,0.0
2023-05-05,-0.002244886109081838,-0.002244886109081838,0.0,0.0,3,1.0,0.0
2023-05-08,-0.021618164488631554,-0.021618164488631554,0.0,0.0,3,1.0,0.0
2023-05-09,-0.012364022412611399,-0.012364022412611399,0.0,0.0,3,1.0,0.0
2023-05-10,0.020823032261388444,0.020823032261388444,0.0,0.0,3,1.0,0.0
2023-05-11,-0.007322845278643759,-0.007322845278643759,0.0,0.0,3,1.0,0.0
2023-05-12,0.03199877274210523,0.03199877274210523,0.0,0.0,3,1.0,0.0
2023-05-15,-0.012208023794547143,-0.012208023794547143,0.0,0.0,3,1.0,0.0
2023-05-16,-0.011228334743200247,-0.011228334743200247,0.0,0.0,3,1.0,0.0
2023-05-17,-0.014022482789259771,-0.014022482789259771,0.0,0.0,3,1.0,0.0
2023-05-18,-0.027367585749272744,-0.02770091908260608,0.6666666666666666,0.0003333333333333333,3,1.0,0.0
2023-05-19,0.020487432298113378,0.020487432298113378,0.0,0.0,3,1.0,0.0
2023-05-22,-0.007426504622422151,-0.007426504622422151,0.0,0.0,3,1.0,0.0
2023-05-23,0.02894839300405897,0.02894839300405897,0.0,0.0,3,1.0,0.0
2023-05-24,0.08856121205323045,0.08856121205323045,0.0,0.0,3,1.0,0.0
2023-05-25,0.009245494262077953,0.00891216092874462,0.6666666666666666,0.0003333333333333333,3,1.0,0.0
2023-05-26,0.005794796068113913,0.005794796068113913,0.0,0.0,3,1.0,0.0
2023-05-30,-0.003384687979224976,-0.003384687979224976,0.0,0.0,3,1.0,0.0
2023-05-31,0.028799215262004983,0.028799215262004983,0.0,0.0,3,1.0,0.0
2023-06-01,-0.0035468946110875175,-0.0035468946110875175,0.0,0.0,3,1.0,0.0
2023-06-02,-0.0013116981023256376,-0.0013116981023256376,0.0,0.0,3,1.0,0.0
2023-06-05,0.028184500515666157,0.027851167182332822,0.6666666666666666,0.0003333333333333333,3,1.0,0.0
2023-06-06,0.03456348054347828,0.03456348054347828,0.0,0.0,3,1.0,0.0
2023-06-07,0.007769430421663411,0.007769430421663411,0.0,0.0,3,1.0,0.0
2023-06-08,0.005527114424372148,0.005527114424372148,0.0,0.0,3,1.0,0.0
2023-06-09,-0.001019820970772467,-0.0013531543041058003,0.6666666666666666,0.0003333333333333333,3,1.0,0.0
2023-06-12,-0.005632055864832064,-0.005632055864832064,0.0,0.0,3,1.0,0.0
2023-06-13,-0.02146215241063324,-0.021795485743966576,0.6666666666666666,0.0003333333333333333,3,1.0,0.0
2023-06-14,0.008575355509558864,0.008575355509558864,0.0,0.0,3,1.0,0.0
2023-06-15,-0.024880905756118045,-0.024880905756118045,0.0,0.0,3,1.0,0.0
2023-06-16,-0.00024512196093484824,-0.0005784552942681815,0.6666666666666666,0.0003333333333333333,3,1.0,0.0
2023-06-20,0.003358323402387545,0.003358323402387545,0.0,0.0,3,1.0,0.0
2023-06-21,0.01740859242041311,0.01740859242041311,0.0,0.0,3,1.0,0.0
2023-06-22,-0.03603825881471682,-0.03603825881471682,0.0,0.0,3,1.0,0.0
2023-06-23,-0.005953870710462975,-0.005953870710462975,0.0,0.0,3,1.0,0.0
2023-06-26,0.01433095742229366,0.013997624088960327,0.6666666666666666,0.0003333333333333333,3,1.0,0.0
2023-06-27,0.04009578060433894,0.039762447271005606,0.6666666666666666,0.0003333333333333333,3,1.0,0.0
2023-06-28,0.0027278086396210024,0.0027278086396210024,0.0,0.0,3,1.0,0.0
2023-06-29,0.03467709006965151,0.034343756736318176,0.6666666666666666,0.0003333333333333333,3,1.0,0.0
2023-06-30,0.003068889202264669,0.0027355558689313355,0.6666666666666666,0.0003333333333333333,3,1.0,0.0
2023-07-03,-0.006308003586318703,-0.006308003586318703,0.0,0.0,3,1.0,0.0
2023-07-05,-0.025863401157203793,-0.025863401157203793,0.0,0.0,3,1.0,0.0
2023-07-06,0.01690486342661316,0.016571530093279826,0.6666666666666666,0.0003333333333333333,3,1.0,0.0
2023-07-07,0.023055875054827236,0.023055875054827236,0.0,0.0,3,1.0,0.0
2023-07-10,0.0026043065906789327,0.0026043065906789327,0.0,0.0,3,1.0,0.0
2023-07-11,-0.006396706771742422,-0.006730040105075755,0.6666666666666666,0.0003333333333333333,3,1.0,0.0
2023-07-12,0.048321537728076486,0.048321537728076486,0.0,0.0,3,1.0,0.0
2023-07-13,-0.013682655435894973,-0.014015988769228306,0.6666666666666666,0.0003333333333333333,3,1.0,0.0
2023-07-14,0.06567835919824017,0.06534502586490683,0.6666666666666666,0.0003333333333333333,3,1.0,0.0
2023-07-17,0.040737315737968384,0.040737315737968384,0.0,0.0,3,1.0,0.0
2023-07-18,-0.03985354974681295,-0.03985354974681295,0.0,0.0,3,1.0,0.0
2023-07-19,-0.02370110398264902,-0.02370110398264902,0.0,0.0,3,1.0,0.0
2023-07-20,-0.009714265013823515,-0.009714265013823515,0.0,0.0,3,1.0,0.0
2023-07-21,0.003755582311113243,0.0034222489777799097,0.6666666666666666,0.0003333333333333333,3,1.0,0.0
2023-07-24,0.027355648405100887,0.027355648405100887,0.0,0.0,3,1.0,0.0
2023-07-25,-0.012052942900778147,-0.012052942900778147,0.0,0.0,3,1.0,0.0
2023-07-26,-0.01690284186485439,-0.01690284186485439,0.0,0.0,3,1.0,0.0
2023-07-27,0.026170637967310263,0.026170637967310263,0.0,0.0,3,1.0,0.0
2023-07-28,0.00488130220327898,0.00488130220327898,0.0,0.0,3,1.0,0.0
2023-07-31,0.002028190576820392,0.002028190576820392,0.0,0.0,3,1.0,0.0
2023-08-01,-0.010192327368172846,-0.010525660701506179,0.6666666666666666,0.0003333333333333333,3,1.0,0.0
2023-08-02,-0.040493705241141854,-0.040493705241141854,0.0,0.0,3,1.0,0.0
2023-08-03,0.24275483075133023,0.24275483075133023,0.0,0.0,3,1.0,0.0
2023-08-04,0.05362066420384744,0.05362066420384744,0.0,0.0,3,1.0,0.0
2023-08-07,-0.0015930156745003199,-0.0015930156745003199,0.0,0.0,3,1.0,0.0
2023-08-08,-0.09940567976216833,-0.09973901309550166,0.6666666666666666,0.0003333333333333333,3,1.0,0.0
2023-08-09,0.06722127482139195,0.06722127482139195,0.0,0.0,3,1.0,0.0
2023-08-10,-0.069302796952906,-0.069302796952906,0.0,0.0,3,1.0,0.0
2023-08-11,0.08102928176520625,0.08102928176520625,0.0,0.0,3,1.0,0.0
2023-08-14,-0.034775502212752454,-0.034775502212752454,0.0,0.0,3,1.0,0.0
2023-08-15,-0.08176039137644833,-0.08176039137644833,0.0,0.0,3,1.0,0.0
2023-08-16,-0.03788061387057129,-0.03821394720390462,0.6666666666666666,0.0003333333333333333,3,1.0,0.0
2023-08-17,-0.009047929250130243,-0.009381262583463576,0.6666666666666666,0.0003333333333333333,3,1.0,0.0
2023-08-18,0.014432314306557448,0.014098980973224115,0.6666666666666666,0.0003333333333333333,3,1.0,0.0
2023-08-21,-0.01594007301172799,-0.01594007301172799,0.0,0.0,3,1.0,0.0
2023-08-22,0.05941402468251892,0.05908069134918559,0.6666666666666666,0.0003333333333333333,3,1.0,0.0
2023-08-23,-0.07715662352489024,-0.07715662352489024,0.0,0.0,3,1.0,0.0
2023-08-24,-0.03420805426781896,-0.03420805426781896,0.0,0.0,3,1.0,0.0
2023-08-25,-0.007129642915291501,-0.007462976248624834,0.6666666666666666,0.0003333333333333333,3,1.0,0.0
2023-08-28,0.10336507295961525,0.10303173962628191,0.6666666666666666,0.0003333333333333333,3,1.0,0.0
2023-08-29,0.022234173243580825,0.02190083991024749,0.6666666666666666,0.0003333333333333333,3,1.0,0.0
2023-08-30,0.029328316221959895,0.029328316221959895,0.0,0.0,3,1.0,0.0
2023-08-31,0.015821411101735038,0.015821411101735038,0.0,0.0,3,1.0,0.0
2023-09-01,0.010862119830217603,0.010862119830217603,0.0,0.0,3,1.0,0.0
2023-09-05,-0.024212880491179162,-0.024546213824512497,0.6666666666666666,0.0003333333333333333,3,1.0,0.0
2023-09-06,-0.03594303599365263,-0.03594303599365263,0.0,0.0,3,1.0,0.0
2023-09-07,-0.007456297884321115,-0.007456297884321115,0.0,0.0,3,1.0,0.0
2023-09-08,-0.014569381409081556,-0.014569381409081556,0.0,0.0,3,1.0,0.0
2023-09-11,-0.03744359086622606,-0.03744359086622606,0.0,0.0,3,1.0,0.0
2023-09-12,-0.06859396095559622,-0.06859396095559622,0.0,0.0,3,1.0,0.0
2023-09-13,0.025341582634592925,0.025341582634592925,0.0,0.0,3,1.0,0.0
2023-09-14,-0.010123517291454071,-0.010456850624787404,0.6666666666666666,0.0003333333333333333,3,1.0,0.0
2023-09-15,-0.009271107957395164,-0.009271107957395164,0.0,0.0,3,1.0,0.0
2023-09-18,-0.005598873042925907,-0.00593220637625924,0.6666666666666666,0.0003333333333333333,3,1.0,0.0
2023-09-19,-0.002454142059015026,-0.002454142059015026,0.0,0.0,3,1.0,0.0
2023-09-20,-0.04341089754792522,-0.043744230881258554,0.6666666666666666,0.0003333333333333333,3,1.0,0.0
2023-09-21,0.013188209977553135,0.012854876644219802,0.6666666666666666,0.0003333333333333333,3,1.0,0.0
2023-09-22,-0.022836619189203655,-0.022836619189203655,0.0,0.0,3,1.0,0.0
2023-09-25,-0.013418309536213589,-0.013418309536213589,0.0,0.0,3,1.0,0.0
2023-09-26,-0.013699129414581587,-0.013699129414581587,0.0,0.0,3,1.0,0.0
2023-09-27,0.0791291556114538,0.0791291556114538,0.0,0.0,3,1.0,0.0
2023-09-28,0.002884302919471763,0.002884302919471763,0.0,0.0,3,1.0,0.0
2023-09-29,-0.045088299442449443,-0.045088299442449443,0.0,0.0,3,1.0,0.0
2023-10-02,-0.06352382935854606,-0.0638571626918794,0.6666666666666666,0.0003333333333333333,3,1.0,0.0
2023-10-03,-0.020444739276649283,-0.020444739276649283,0.0,0.0,3,1.0,0.0
2023-10-04,-0.0003264188702679256,-0.0006597522036012589,0.6666666666666666,0.0003333333333333333,3,1.0,0.0
2023-10-05,0.01875101790491766,0.01875101790491766,0.0,0.0,3,1.0,0.0
2023-10-06,-0.04370154374544092,-0.04370154374544092,0.0,0.0,3,1.0,0.0
2023-10-09,0.01878603146233759,0.018452698129004255,0.6666666666666666,0.0003333333333333333,3,1.0,0.0
2023-10-10,0.003197972009887768,0.0028646386765544345,0.6666666666666666,0.0003333333333333333,3,1.0,0.0
2023-10-11,-0.04525185289708873,-0.04525185289708873,0.0,0.0,3,1.0,0.0
2023-10-12,-0.025877589898611622,-0.025877589898611622,0.0,0.0,3,1.0,0.0
2023-10-13,0.01928307904167899,0.01928307904167899,0.0,0.0,3,1.0,0.0
2023-10-16,0.004057830771380739,0.004057830771380739,0.0,0.0,3,1.0,0.0
2023-10-17,-0.03646043316113116,-0.03646043316113116,0.0,0.0,3,1.0,0.0
2023-10-18,-0.036715045220134315,-0.036715045220134315,0.0,0.0,3,1.0,0.0
2023-10-19,-0.050361115280528106,-0.050361115280528106,0.0,0.0,3,1.0,0.0
2023-10-20,0.028298957985653107,0.028298957985653107,0.0,0.0,3,1.0,0.0
2023-10-23,0.021926328999584722,0.021926328999584722,0.0,0.0,3,1.0,0.0
2023-10-24,-0.04854400730871026,-0.04854400730871026,0.0,0.0,3,1.0,0.0
2023-10-25,-0.03495815900811997,-0.03495815900811997,0.0,0.0,3,1.0,0.0
2023-10-26,0.004992471775561353,0.004992471775561353,0.0,0.0,3,1.0,0.0
2023-10-27,-0.017069405018920215,-0.017069405018920215,0.0,0.0,3,1.0,0.0
2023-10-30,0.014194769309892608,0.014194769309892608,0.0,0.0,3,1.0,0.0
2023-10-31,0.0183583066524677,0.0183583066524677,0.0,0.0,3,1.0,0.0
2023-11-01,0.07868830270964045,0.07868830270964045,0.0,0.0,3,1.0,0.0
2023-11-02,0.07363380721472304,0.07363380721472304,0.0,0.0,3,1.0,0.0
2023-11-03,0.014403421272019398,0.014403421272019398,0.0,0.0,3,1.0,0.0
2023-11-06,0.01867136990871946,0.01867136990871946,0.0,0.0,3,1.0,0.0
2023-11-07,0.00461402263206645,0.00461402263206645,0.0,0.0,3,1.0,0.0
2023-11-08,-0.031955721103626544,-0.031955721103626544,0.0,0.0,3,1.0,0.0
2023-11-09,-0.025731370597795955,-0.025731370597795955,0.0,0.0,3,1.0,0.0
2023-11-10,0.039096615480296304,0.039096615480296304,0.0,0.0,3,1.0,0.0
2023-11-13,0.14158596140887436,0.14158596140887436,0.0,0.0,3,1.0,0.0
2023-11-14,0.03783224838128303,0.0374989150479497,0.6666666666666666,0.0003333333333333333,3,1.0,0.0
2023-11-15,-0.029367734578982747,-0.029367734578982747,0.0,0.0,3,1.0,0.0
2023-11-16,0.005729096426545029,0.005729096426545029,0.0,0.0,3,1.0,0.0
2023-11-17,0.055690991519190984,0.055690991519190984,0.0,0.0,3,1.0,0.0
2023-11-20,0.08826183540067864,0.08826183540067864,0.0,0.0,3,1.0,0.0
2023-11-21,0.01020938326612571,0.01020938326612571,0.0,0.0,3,1.0,0.0
2023-11-22,-0.01869071097701665,-0.01869071097701665,0.0,0.0,3,1.0,0.0
2023-11-24,0.07348450481226768,0.07348450481226768,0.0,0.0,3,1.0,0.0
2023-11-27,0.00166729193480338,0.0013339586014700468,0.6666666666666666,0.0003333333333333333,3,1.0,0.0
2023-11-28,0.006451326815002489,0.006451326815002489,0.0,0.0,3,1.0,0.0
2023-11-29,-0.0412880308730722,-0.0412880308730722,0.0,0.0,3,1.0,0.0
2023-11-30,0.13309635790295485,0.13276302456962152,0.6666666666666666,0.0003333333333333333,3,1.0,0.0
2023-12-01,0.052400630744123815,0.052400630744123815,0.0,0.0,3,1.0,0.0
2023-12-04,-0.03146734696956255,-0.03180068030289588,0.6666666666666666,0.0003333333333333333,3,1.0,0.0
2023-12-05,0.019201713888466587,0.018868380555133252,0.6666666666666666,0.0003333333333333333,3,1.0,0.0
2023-12-06,0.015340081195986066,0.015006747862652733,0.6666666666666666,0.0003333333333333333,3,1.0,0.0
2023-12-07,0.06509900628686001,0.06509900628686001,0.0,0.0,3,1.0,0.0
2023-12-08,-0.02933487009094904,-0.02933487009094904,0.0,0.0,3,1.0,0.0
2023-12-11,-0.006757468492197789,-0.006757468492197789,0.0,0.0,3,1.0,0.0
2023-12-12,0.11689523693985127,0.11689523693985127,0.0,0.0,3,1.0,0.0
2023-12-13,0.07193221196590219,0.07193221196590219,0.0,0.0,3,1.0,0.0
2023-12-14,-0.005066099286749132,-0.005066099286749132,0.0,0.0,3,1.0,0.0
2023-12-15,0.04732348534822398,0.04732348534822398,0.0,0.0,3,1.0,0.0
2023-12-18,0.05440446767481617,0.05440446767481617,0.0,0.0,3,1.0,0.0
2023-12-19,-0.06261715626389944,-0.06261715626389944,0.0,0.0,3,1.0,0.0
2023-12-20,0.017757992899956755,0.017757992899956755,0.0,0.0,3,1.0,0.0
2023-12-21,-0.012557656906737562,-0.012890990240070895,0.6666666666666666,0.0003333333333333333,3,1.0,0.0
2023-12-22,0.034262632358124656,0.034262632358124656,0.0,0.0,3,1.0,0.0
2023-12-26,-0.011310706184033032,-0.011310706184033032,0.0,0.0,3,1.0,0.0
2023-12-27,-0.010441206073066828,-0.010441206073066828,0.0,0.0,3,1.0,0.0
2023-12-28,-0.06294516152446816,-0.06294516152446816,0.0,0.0,3,1.0,0.0
2023-12-29,-0.047146102831525975,-0.047146102831525975,0.0,0.0,3,1.0,0.0
2024-01-02,-0.058339753733417626,-0.058339753733417626,0.0,0.0,3,1.0,0.0
2024-01-03,0.010247278211793054,0.010247278211793054,0.0,0.0,3,1.0,0.0
2024-01-04,0.09384635296595203,0.0935130196326187,0.6666666666666666,0.0003333333333333333,3,1.0,0.0
2024-01-05,-0.03476799418613408,-0.03476799418613408,0.0,0.0,3,1.0,0.0
2024-01-08,0.008857243091669909,0.008523909758336575,0.6666666666666666,0.0003333333333333333,3,1.0,0.0
2024-01-09,-0.009429087353784522,-0.009429087353784522,0.0,0.0,3,1.0,0.0
2024-01-10,-0.061040007444683256,-0.061040007444683256,0.0,0.0,3,1.0,0.0
2024-01-11,-0.056509856306516684,-0.056843189639850016,0.6666666666666666,0.0003333333333333333,3,1.0,0.0
2024-01-12,-0.015762369794944976,-0.01609570312827831,0.6666666666666666,0.0003333333333333333,3,1.0,0.0
2024-01-16,-0.008676500906328283,-0.009009834239661616,0.6666666666666666,0.0003333333333333333,3,1.0,0.0
2024-01-17,-0.0068412800922870165,-0.0068412800922870165,0.0,0.0,3,1.0,0.0
2024-01-18,-0.008225950121253602,-0.008559283454586935,0.6666666666666666,0.0003333333333333333,3,1.0,0.0
2024-01-19,0.06538716820153041,0.06538716820153041,0.0,0.0,3,1.0,0.0
2024-01-22,-0.01785910687308264,-0.018192440206415975,0.6666666666666666,0.0003333333333333333,3,1.0,0.0
2024-01-23,-0.061995673156225374,-0.062329006489558705,0.6666666666666666,0.0003333333333333333,3,1.0,0.0
2024-01-24,-0.034959637511496555,-0.035292970844829887,0.6666666666666666,0.0003333333333333333,3,1.0,0.0
2024-01-25,-0.020067177532668696,-0.020067177532668696,0.0,0.0,3,1.0,0.0
2024-01-26,0.04293456616047283,0.04293456616047283,0.0,0.0,3,1.0,0.0
2024-01-29,-0.003123167652600678,-0.003123167652600678,0.0,0.0,3,1.0,0.0
2024-01-30,-0.02250153373836017,-0.02250153373836017,0.0,0.0,3,1.0,0.0
2024-01-31,0.01138636938507113,0.01138636938507113,0.0,0.0,3,1.0,0.0
2024-02-01,0.05306618278384904,0.05306618278384904,0.0,0.0,3,1.0,0.0
2024-02-02,-0.01133637659283156,-0.011669709926164893,0.6666666666666666,0.0003333333333333333,3,1.0,0.0
2024-02-05,-0.0007879104327757434,-0.0011212437661090766,0.6666666666666666,0.0003333333333333333,3,1.0,0.0
2024-02-06,0.020545028361869555,0.02021169502853622,0.6666666666666666,0.0003333333333333333,3,1.0,0.0
2024-02-07,0.00970628972308818,0.009372956389754846,0.6666666666666666,0.0003333333333333333,3,1.0,0.0
2024-02-08,0.07945641096058856,0.07945641096058856,0.0,0.0,3,1.0,0.0
2024-02-09,0.05223891767598328,0.05223891767598328,0.0,0.0,3,1.0,0.0
2024-02-12,-0.09897288424016744,-0.09930621757350078,0.6666666666666666,0.0003333333333333333,3,1.0,0.0
2024-02-13,0.06689212744120102,0.06689212744120102,0.0,0.0,3,1.0,0.0
2024-02-14,0.022205677574177053,0.022205677574177053,0.0,0.0,3,1.0,0.0
2024-02-15,-0.057126703881278496,-0.057126703881278496,0.0,0.0,3,1.0,0.0
2024-02-16,-0.00915232725336823,-0.00915232725336823,0.0,0.0,3,1.0,0.0
2024-02-20,-0.03401324926727115,-0.03434658260060448,0.6666666666666666,0.0003333333333333333,3,1.0,0.0
2024-02-21,0.1406422407568746,0.1406422407568746,0.0,0.0,3,1.0,0.0
2024-02-22,-0.12770779753548078,-0.12770779753548078,0.0,0.0,3,1.0,0.0
2024-02-23,0.05098608020923789,0.05098608020923789,0.0,0.0,3,1.0,0.0
2024-02-26,-0.0033713818614174995,-0.0033713818614174995,0.0,0.0,3,1.0,0.0
2024-02-27,-0.07110674902756534,-0.07144008236089867,0.6666666666666666,0.0003333333333333333,3,1.0,0.0
2024-02-28,0.039641331890990575,0.039307998557657244,0.6666666666666666,0.0003333333333333333,3,1.0,0.0
2024-02-29,0.0021504581208939824,0.0021504581208939824,0.0,0.0,3,1.0,0.0
2024-03-01,0.064880534713558,0.064880534713558,0.0,0.0,3,1.0,0.0
2024-03-04,-0.010074620710286973,-0.010074620710286973,0.0,0.0,3,1.0,0.0
2024-03-05,0.004456994983495166,0.004456994983495166,0.0,0.0,3,1.0,0.0
2024-03-06,-0.012124930715848857,-0.012124930715848857,0.0,0.0,3,1.0,0.0
2024-03-07,-0.01112249599479509,-0.01112249599479509,0.0,0.0,3,1.0,0.0
2024-03-08,-0.02272682928766826,-0.02272682928766826,0.0,0.0,3,1.0,0.0
2024-03-11,0.03188749140937852,0.03188749140937852,0.0,0.0,3,1.0,0.0
2024-03-12,0.008932323210075161,0.008932323210075161,0.0,0.0,3,1.0,0.0
2024-03-13,-0.06557561522165219,-0.06557561522165219,0.0,0.0,3,1.0,0.0
2024-03-14,-0.013038368254978467,-0.013038368254978467,0.0,0.0,3,1.0,0.0
2024-03-15,0.004197826166261593,0.004197826166261593,0.0,0.0,3,1.0,0.0
2024-03-18,-0.02184159497324641,-0.022174928306579744,0.6666666666666666,0.0003333333333333333,3,1.0,0.0
2024-03-19,0.018025770978090768,0.017692437644757433,0.6666666666666666,0.0003333333333333333,3,1.0,0.0
2024-03-20,0.046289161648959944,0.046289161648959944,0.0,0.0,3,1.0,0.0
2024-03-21,-0.019229617988973675,-0.019229617988973675,0.0,0.0,3,1.0,0.0
2024-03-22,0.01826289616210001,0.01826289616210001,0.0,0.0,3,1.0,0.0
2024-03-25,0.004917077171354664,0.004583743838021331,0.6666666666666666,0.0003333333333333333,3,1.0,0.0
2024-03-26,-0.003431364873459149,-0.003431364873459149,0.0,0.0,3,1.0,0.0
2024-03-27,-0.015565552443827475,-0.01589888577716081,0.6666666666666666,0.0003333333333333333,3,1.0,0.0
2024-03-28,-0.0036372679409932456,-0.003970601274326579,0.6666666666666666,0.0003333333333333333,3,1.0,0.0
2024-04-01,-0.03650182946860214,-0.036835162801935474,0.6666666666666666,0.0003333333333333333,3,1.0,0.0
2024-04-02,0.008939553899807792,0.008939553899807792,0.0,0.0,3,1.0,0.0
2024-04-03,-0.022581817720373,-0.022915151053706336,0.6666666666666666,0.0003333333333333333,3,1.0,0.0
2024-04-04,0.0019307619758271626,0.0019307619758271626,0.0,0.0,3,1.0,0.0
2024-04-05,-0.015508755416035505,-0.01584208874936884,0.6666666666666666,0.0003333333333333333,3,1.0,0.0
2024-04-08,-0.011926998481928425,-0.011926998481928425,0.0,0.0,3,1.0,0.0
2024-04-09,-0.020629567698821367,-0.020629567698821367,0.0,0.0,3,1.0,0.0
2024-04-10,0.014752216333428712,0.014752216333428712,0.0,0.0,3,1.0,0.0
2024-04-11,-0.05189457351747864,-0.052227906850811974,0.6666666666666666,0.0003333333333333333,3,1.0,0.0
2024-04-12,-0.061149870505035314,-0.061149870505035314,0.0,0.0,3,1.0,0.0
2024-04-15,0.018768256641264615,0.018768256641264615,0.0,0.0,3,1.0,0.0
2024-04-16,-0.03005980647338509,-0.03005980647338509,0.0,0.0,3,1.0,0.0
2024-04-17,0.004262276965888322,0.004262276965888322,0.0,0.0,3,1.0,0.0
2024-04-18,-0.1008306737324686,-0.10116400706580193,0.6666666666666666,0.0003333333333333333,3,1.0,0.0
2024-04-19,-0.025279963107730282,-0.025613296441063617,0.6666666666666666,0.0003333333333333333,3,1.0,0.0
2024-04-22,0.04403233788016436,0.04369900454683103,0.6666666666666666,0.0003333333333333333,3,1.0,0.0
2024-04-23,-0.01645145424832676,-0.016784787581660094,0.6666666666666666,0.0003333333333333333,3,1.0,0.0
2024-04-24,0.017292176058164244,0.01695884272483091,0.6666666666666666,0.0003333333333333333,3,1.0,0.0
2024-04-25,0.07021917742148139,0.07021917742148139,0.0,0.0,3,1.0,0.0
2024-04-26,0.013372077636666441,0.013372077636666441,0.0,0.0,3,1.0,0.0
2024-04-29,-0.027222559564047472,-0.027555892897380807,0.6666666666666666,0.0003333333333333333,3,1.0,0.0
2024-04-30,-0.02831549520388088,-0.02831549520388088,0.0,0.0,3,1.0,0.0
2024-05-01,0.13865209129983774,0.13865209129983774,0.0,0.0,3,1.0,0.0
2024-05-02,0.04680259313481764,0.04680259313481764,0.0,0.0,3,1.0,0.0
2024-05-03,0.05035259187058279,0.05035259187058279,0.0,0.0,3,1.0,0.0
2024-05-06,-0.029633598450425562,-0.029633598450425562,0.0,0.0,3,1.0,0.0
2024-05-07,-0.02876524146838203,-0.02876524146838203,0.0,0.0,3,1.0,0.0
2024-05-08,-0.0007707711281201117,-0.0007707711281201117,0.0,0.0,3,1.0,0.0
2024-05-09,-0.020060333668261432,-0.020060333668261432,0.0,0.0,3,1.0,0.0
2024-05-10,-0.014031026522084248,-0.014031026522084248,0.0,0.0,3,1.0,0.0
2024-05-13,0.06708266341833613,0.06708266341833613,0.0,0.0,3,1.0,0.0
2024-05-14,0.048539607269983895,0.048539607269983895,0.0,0.0,3,1.0,0.0
2024-05-15,-0.018770894157336238,-0.018770894157336238,0.0,0.0,3,1.0,0.0
2024-05-16,-0.024930648394057373,-0.025263981727390708,0.6666666666666666,0.0003333333333333333,3,1.0,0.0
2024-05-17,0.02521528663784759,0.024881953304514256,0.6666666666666666,0.0003333333333333333,3,1.0,0.0
2024-05-20,-0.01796681778877529,-0.018300151122108626,0.6666666666666666,0.0003333333333333333,3,1.0,0.0
2024-05-21,-0.010092445629791724,-0.010092445629791724,0.0,0.0,3,1.0,0.0
2024-05-22,-0.032192828567045896,-0.032192828567045896,0.0,0.0,3,1.0,0.0
2024-05-23,0.037621681058776314,0.037621681058776314,0.0,0.0,3,1.0,0.0
2024-05-24,-0.02134838427252746,-0.021681717605860795,0.6666666666666666,0.0003333333333333333,3,1.0,0.0
2024-05-28,0.023237379458229714,0.02290404612489638,0.6666666666666666,0.0003333333333333333,3,1.0,0.0
2024-05-29,-0.010588520695748782,-0.010921854029082115,0.6666666666666666,0.0003333333333333333,3,1.0,0.0
2024-05-30,-0.03712006018336681,-0.03712006018336681,0.0,0.0,3,1.0,0.0
2024-05-31,0.0035625368958808936,0.0035625368958808936,0.0,0.0,3,1.0,0.0
2024-06-03,-0.0022562816343473964,-0.0022562816343473964,0.0,0.0,3,1.0,0.0
2024-06-04,0.024008660067771543,0.024008660067771543,0.0,0.0,3,1.0,0.0
2024-06-05,-0.03338919515788689,-0.03372252849122022,0.6666666666666666,0.0003333333333333333,3,1.0,0.0
2024-06-06,0.004807554857335379,0.004474221524002046,0.6666666666666666,0.0003333333333333333,3,1.0,0.0
2024-06-07,0.04207093938074317,0.04207093938074317,0.0,0.0,3,1.0,0.0
2024-06-10,-0.10801874273099732,-0.10801874273099732,0.0,0.0,3,1.0,0.0
2024-06-11,0.03767609850129901,0.03767609850129901,0.0,0.0,3,1.0,0.0
2024-06-12,0.010606788614171893,0.01027345528083856,0.6666666666666666,0.0003333333333333333,3,1.0,0.0
2024-06-13,-0.12440351162259766,-0.12440351162259766,0.0,0.0,3,1.0,0.0
2024-06-14,-0.008471819672768149,-0.008471819672768149,0.0,0.0,3,1.0,0.0
2024-06-17,-0.08551662647971583,-0.08551662647971583,0.0,0.0,3,1.0,0.0
2024-06-18,-0.03930876269970073,-0.03930876269970073,0.0,0.0,3,1.0,0.0
2024-06-20,0.032166517503457705,0.032166517503457705,0.0,0.0,3,1.0,0.0
2024-06-21,-0.008372974683127143,-0.008372974683127143,0.0,0.0,3,1.0,0.0
2024-06-24,0.03201864018660553,0.03201864018660553,0.0,0.0,3,1.0,0.0
2024-06-25,-0.03990302586390804,-0.03990302586390804,0.0,0.0,3,1.0,0.0
2024-06-26,0.05575076767139338,0.05541743433806005,0.6666666666666666,0.0003333333333333333,3,1.0,0.0
2024-06-27,-0.04706558233925139,-0.04773224900591806,1.3333333333333333,0.0006666666666666666,3,1.0,0.0
2024-06-28,-0.04164014008640511,-0.04164014008640511,0.0,0.0,3,1.0,0.0
2024-07-01,-0.01727064462856794,-0.017603977961901274,0.6666666666666666,0.0003333333333333333,3,1.0,0.0
2024-07-02,-0.04375563832574014,-0.04375563832574014,0.0,0.0,3,1.0,0.0
2024-07-03,-0.0021599190473714884,-0.0021599190473714884,0.0,0.0,3,1.0,0.0
2024-07-05,-0.07769382022760885,-0.07802715356094218,0.6666666666666666,0.0003333333333333333,3,1.0,0.0
2024-07-08,-0.008880883456577929,-0.008880883456577929,0.0,0.0,3,1.0,0.0
2024-07-09,-0.0017399615160518245,-0.002073294849385158,0.6666666666666666,0.0003333333333333333,3,1.0,0.0
2024-07-10,0.019554032706408098,0.019554032706408098,0.0,0.0,3,1.0,0.0
2024-07-11,0.06643114020069676,0.06643114020069676,0.0,0.0,3,1.0,0.0
2024-07-12,0.11022242027800938,0.11022242027800938,0.0,0.0,3,1.0,0.0
2024-07-15,0.005183168234499862,0.004849834901166529,0.6666666666666666,0.0003333333333333333,3,1.0,0.0
2024-07-16,0.10107495499319992,0.10107495499319992,0.0,0.0,3,1.0,0.0
2024-07-17,-0.008244227398882531,-0.008244227398882531,0.0,0.0,3,1.0,0.0
2024-07-18,0.008257413931362367,0.007924080598029034,0.6666666666666666,0.0003333333333333333,3,1.0,0.0
2024-07-19,0.05734754568686558,0.05701421235353225,0.6666666666666666,0.0003333333333333333,3,1.0,0.0
2024-07-22,0.010132550602891383,0.00979921726955805,0.6666666666666666,0.0003333333333333333,3,1.0,0.0
2024-07-23,-0.022636826233769097,-0.02297015956710243,0.6666666666666666,0.0003333333333333333,3,1.0,0.0
2024-07-24,-0.09035450294609201,-0.09068783627942535,0.6666666666666666,0.0003333333333333333,3,1.0,0.0
2024-07-25,0.0999064259962803,0.09923975932961364,1.3333333333333333,0.0006666666666666666,3,1.0,0.0
2024-07-26,-0.02421540858964466,-0.02421540858964466,0.0,0.0,3,1.0,0.0
2024-07-29,-0.04794158798808811,-0.04794158798808811,0.0,0.0,3,1.0,0.0
2024-07-30,0.06561210096721821,0.06527876763388488,0.6666666666666666,0.0003333333333333333,3,1.0,0.0
2024-07-31,-0.015575740140296574,-0.015575740140296574,0.0,0.0,3,1.0,0.0
2024-08-01,-0.06381554989191643,-0.06381554989191643,0.0,0.0,3,1.0,0.0
2024-08-02,-0.02304390504501471,-0.023377238378348045,0.6666666666666666,0.0003333333333333333,3,1.0,0.0
2024-08-05,0.01127462571046019,0.010941292377126858,0.6666666666666666,0.0003333333333333333,3,1.0,0.0
2024-08-06,-0.023557485611230385,-0.02389081894456372,0.6666666666666666,0.0003333333333333333,3,1.0,0.0
2024-08-07,0.0814349666916824,0.0814349666916824,0.0,0.0,3,1.0,0.0
2024-08-08,0.04144370398530443,0.04144370398530443,0.0,0.0,3,1.0,0.0
2024-08-09,-0.010856464878503743,-0.011189798211837076,0.6666666666666666,0.0003333333333333333,3,1.0,0.0
2024-08-12,0.039104254223390734,0.0387709208900574,0.6666666666666666,0.0003333333333333333,3,1.0,0.0
2024-08-13,-0.03807730060072404,-0.03807730060072404,0.0,0.0,3,1.0,0.0
2024-08-14,0.04125136153607264,0.04125136153607264,0.0,0.0,3,1.0,0.0
2024-08-15,-0.014826877983224277,-0.01516021131655761,0.6666666666666666,0.0003333333333333333,3,1.0,0.0
2024-08-16,0.10310980886887294,0.10310980886887294,0.0,0.0,3,1.0,0.0
2024-08-19,-0.006346849690926729,-0.006680183024260062,0.6666666666666666,0.0003333333333333333,3,1.0,0.0
2024-08-20,0.04827837767114396,0.04827837767114396,0.0,0.0,3,1.0,0.0
2024-08-21,-0.02946927554083245,-0.02946927554083245,0.0,0.0,3,1.0,0.0
2024-08-22,0.034680082884952605,0.034680082884952605,0.0,0.0,3,1.0,0.0
2024-08-23,0.018719982833862742,0.018386649500529408,0.6666666666666666,0.0003333333333333333,3,1.0,0.0
2024-08-26,-0.024283010033227376,-0.024283010033227376,0.0,0.0,3,1.0,0.0
2024-08-27,-0.044062932836612584,-0.044062932836612584,0.0,0.0,3,1.0,0.0
2024-08-28,0.002335908644594764,0.002335908644594764,0.0,0.0,3,1.0,0.0
2024-08-29,0.011348902291511271,0.011348902291511271,0.0,0.0,3,1.0,0.0
2024-08-30,-0.028314617671320264,-0.028314617671320264,0.0,0.0,3,1.0,0.0
2024-09-03,0.03157789981655186,0.03157789981655186,0.0,0.0,3,1.0,0.0
2024-09-04,-0.040357790090969625,-0.040357790090969625,0.0,0.0,3,1.0,0.0
2024-09-05,-0.03600323921645732,-0.03600323921645732,0.0,0.0,3,1.0,0.0
2024-09-06,0.18693533857633968,0.18693533857633968,0.0,0.0,3,1.0,0.0
2024-09-09,0.06913136470207236,0.06913136470207236,0.0,0.0,3,1.0,0.0
2024-09-10,0.01689089775120089,0.01689089775120089,0.0,0.0,3,1.0,0.0
2024-09-11,0.06223254237624545,0.06223254237624545,0.0,0.0,3,1.0,0.0
2024-09-12,0.09602046092035461,0.09602046092035461,0.0,0.0,3,1.0,0.0
2024-09-13,-0.025145370670423106,-0.025145370670423106,0.0,0.0,3,1.0,0.0
2024-09-16,-0.053902240880024745,-0.053902240880024745,0.0,0.0,3,1.0,0.0
2024-09-17,0.0017458151787678178,0.0017458151787678178,0.0,0.0,3,1.0,0.0
2024-09-18,-0.007731537201699833,-0.007731537201699833,0.0,0.0,3,1.0,0.0
2024-09-19,-0.015423806838289329,-0.015423806838289329,0.0,0.0,3,1.0,0.0
2024-09-20,-0.03985414917155372,-0.03985414917155372,0.0,0.0,3,1.0,0.0
2024-09-23,0.02610793139153844,0.02610793139153844,0.0,0.0,3,1.0,0.0
2024-09-24,-0.022942725123576167,-0.022942725123576167,0.0,0.0,3,1.0,0.0
2024-09-25,-0.032571575128745756,-0.032571575128745756,0.0,0.0,3,1.0,0.0
2024-09-26,-0.006024138752508663,-0.006024138752508663,0.0,0.0,3,1.0,0.0
2024-09-27,0.05547531688937179,0.05547531688937179,0.0,0.0,3,1.0,0.0
2024-09-30,-0.03474067379000974,-0.03474067379000974,0.0,0.0,3,1.0,0.0
2024-10-01,-0.02250271737098434,-0.02250271737098434,0.0,0.0,3,1.0,0.0
2024-10-02,-0.0250289859181498,-0.0250289859181498,0.0,0.0,3,1.0,0.0
2024-10-03,0.05185591729525655,0.05185591729525655,0.0,0.0,3,1.0,0.0
2024-10-04,-0.04189637093396651,-0.04189637093396651,0.0,0.0,3,1.0,0.0
2024-10-07,0.02211583699536886,0.02211583699536886,0.0,0.0,3,1.0,0.0
2024-10-08,-0.039375804002386564,-0.039375804002386564,0.0,0.0,3,1.0,0.0
2024-10-09,-0.009550927133486448,-0.009550927133486448,0.0,0.0,3,1.0,0.0
2024-10-10,0.05798017772828712,0.05798017772828712,0.0,0.0,3,1.0,0.0
2024-10-11,0.018757737465884713,0.018757737465884713,0.0,0.0,3,1.0,0.0
2024-10-14,0.014556891212481935,0.014556891212481935,0.0,0.0,3,1.0,0.0
2024-10-15,0.09528430104667987,0.09528430104667987,0.0,0.0,3,1.0,0.0
2024-10-16,-0.026525638139219116,-0.026525638139219116,0.0,0.0,3,1.0,0.0
2024-10-17,0.003600850694001326,0.003600850694001326,0.0,0.0,3,1.0,0.0
2024-10-18,-0.041791960718869925,-0.041791960718869925,0.0,0.0,3,1.0,0.0
2024-10-21,0.009259643337635737,0.009259643337635737,0.0,0.0,3,1.0,0.0
2024-10-22,-0.04247711339609339,-0.04247711339609339,0.0,0.0,3,1.0,0.0
2024-10-23,-0.026426664009005767,-0.026426664009005767,0.0,0.0,3,1.0,0.0
2024-10-24,0.03785002228522494,0.03785002228522494,0.0,0.0,3,1.0,0.0
2024-10-25,0.03431466077702128,0.03431466077702128,0.0,0.0,3,1.0,0.0
2024-10-28,-0.011411856843254482,-0.011411856843254482,0.0,0.0,3,1.0,0.0
2024-10-29,-0.08150994592589438,-0.08150994592589438,0.0,0.0,3,1.0,0.0
2024-10-30,-0.025985319140138314,-0.025985319140138314,0.0,0.0,3,1.0,0.0
2024-10-31,0.004656108681410717,0.004656108681410717,0.0,0.0,3,1.0,0.0
2024-11-01,0.041769758103886424,0.041769758103886424,0.0,0.0,3,1.0,0.0
2024-11-04,0.011834563498131612,0.011834563498131612,0.0,0.0,3,1.0,0.0
2024-11-05,0.001827438152693702,0.001827438152693702,0.0,0.0,3,1.0,0.0
2024-11-06,-0.010507714836238838,-0.010507714836238838,0.0,0.0,3,1.0,0.0
2024-11-07,0.007666592401131507,0.007666592401131507,0.0,0.0,3,1.0,0.0
2024-11-08,0.05044752160179448,0.05044752160179448,0.0,0.0,3,1.0,0.0
2024-11-11,-0.024954907217677014,-0.024954907217677014,0.0,0.0,3,1.0,0.0
2024-11-12,0.07032185806043847,0.07032185806043847,0.0,0.0,3,1.0,0.0
2024-11-13,-0.02943326861307305,-0.02943326861307305,0.0,0.0,3,1.0,0.0
2024-11-14,-0.07380577441665384,-0.07413910774998718,0.6666666666666666,0.0003333333333333333,3,1.0,0.0
2024-11-15,0.027236720568759847,0.026903387235426512,0.6666666666666666,0.0003333333333333333,3,1.0,0.0
2024-11-18,0.030174136789923384,0.02984080345659005,0.6666666666666666,0.0003333333333333333,3,1.0,0.0
2024-11-19,-0.07137174650872116,-0.0717050798420545,0.6666666666666666,0.0003333333333333333,3,1.0,0.0
2024-11-20,-0.004060198601334626,-0.004393531934667959,0.6666666666666666,0.0003333333333333333,3,1.0,0.0
2024-11-21,0.015347639586247075,0.015347639586247075,0.0,0.0,3,1.0,0.0
2024-11-22,-0.018868057301059525,-0.01920139063439286,0.6666666666666666,0.0003333333333333333,3,1.0,0.0
2024-11-25,-0.020939871858800974,-0.02127320519213431,0.6666666666666666,0.0003333333333333333,3,1.0,0.0
2024-11-26,0.0136758879319611,0.013342554598627767,0.6666666666666666,0.0003333333333333333,3,1.0,0.0
2024-11-27,0.009083515159367745,0.008750181826034412,0.6666666666666666,0.0003333333333333333,3,1.0,0.0
2024-11-29,-0.042671647807036285,-0.042671647807036285,0.0,0.0,3,1.0,0.0
2024-12-02,-0.04068570090555512,-0.041019034238888454,0.6666666666666666,0.0003333333333333333,3,1.0,0.0
2024-12-03,-0.005406408964394113,-0.005739742297727446,0.6666666666666666,0.0003333333333333333,3,1.0,0.0
2024-12-04,-0.013794501373164882,-0.014127834706498215,0.6666666666666666,0.0003333333333333333,3,1.0,0.0
2024-12-05,0.06519239812956523,0.06519239812956523,0.0,0.0,3,1.0,0.0
2024-12-06,-0.04447952326385322,-0.04447952326385322,0.0,0.0,3,1.0,0.0
2024-12-09,-0.04707465280147105,-0.04740798613480438,0.6666666666666666,0.0003333333333333333,3,1.0,0.0
2024-12-10,0.04655633212010746,0.04655633212010746,0.0,0.0,3,1.0,0.0
2024-12-11,-0.032432419074596854,-0.032432419074596854,0.0,0.0,3,1.0,0.0
2024-12-12,0.0032050414436101864,0.0032050414436101864,0.0,0.0,3,1.0,0.0
2024-12-13,0.020552233107478703,0.020552233107478703,0.0,0.0,3,1.0,0.0
2024-12-16,-0.019654260967689147,-0.019654260967689147,0.0,0.0,3,1.0,0.0
2024-12-17,-0.06415560365745357,-0.06415560365745357,0.0,0.0,3,1.0,0.0
2024-12-18,0.03216863354391486,0.03183530021058153,0.6666666666666666,0.0003333333333333333,3,1.0,0.0
2024-12-19,0.07512960643933246,0.07479627310599912,0.6666666666666666,0.0003333333333333333,3,1.0,0.0
2024-12-20,-0.026190901802866536,-0.026190901802866536,0.0,0.0,3,1.0,0.0
2024-12-23,0.01759332510613709,0.017259991772803754,0.6666666666666666,0.0003333333333333333,3,1.0,0.0
2024-12-24,0.022541507614460606,0.02220817428112727,0.6666666666666666,0.0003333333333333333,3,1.0,0.0
2024-12-26,-0.06490138866761577,-0.06490138866761577,0.0,0.0,3,1.0,0.0
2024-12-27,-0.027859570217442453,-0.027859570217442453,0.0,0.0,3,1.0,0.0
2024-12-30,-0.017443361992247424,-0.017443361992247424,0.0,0.0,3,1.0,0.0
2024-12-31,0.02381987440406319,0.02381987440406319,0.0,0.0,3,1.0,0.0
2025-01-02,0.06575292550688545,0.06575292550688545,0.0,0.0,3,1.0,0.0
2025-01-03,0.034921057765298705,0.034921057765298705,0.0,0.0,3,1.0,0.0
2025-01-06,-0.08385879877756522,-0.08419213211089856,0.6666666666666666,0.0003333333333333333,3,1.0,0.0
2025-01-07,-0.020006132192779875,-0.02033946552611321,0.6666666666666666,0.0003333333333333333,3,1.0,0.0
2025-01-08,-0.007041308229308262,-0.007374641562641595,0.6666666666666666,0.0003333333333333333,3,1.0,0.0
2025-01-10,-0.024455996626898787,-0.024455996626898787,0.0,0.0,3,1.0,0.0
2025-01-13,0.17311626370158084,0.17278293036824752,0.6666666666666666,0.0003333333333333333,3,1.0,0.0
2025-01-14,0.11614809833385475,0.11614809833385475,0.0,0.0,3,1.0,0.0
2025-01-15,-0.0057529881568026955,-0.0060863214901360286,0.6666666666666666,0.0003333333333333333,3,1.0,0.0
2025-01-16,-0.0036659952824099618,-0.003999328615743295,0.6666666666666666,0.0003333333333333333,3,1.0,0.0
2025-01-17,0.19210641522928637,0.19210641522928637,0.0,0.0,3,1.0,0.0
2025-01-21,0.020791691590463384,0.020791691590463384,0.0,0.0,3,1.0,0.0
2025-01-22,0.0359499915008371,0.0359499915008371,0.0,0.0,3,1.0,0.0
2025-01-23,-0.018871731887440513,-0.018871731887440513,0.0,0.0,3,1.0,0.0
2025-01-24,-0.12913823683939296,-0.12913823683939296,0.0,0.0,3,1.0,0.0
2025-01-27,0.04527915727488903,0.04527915727488903,0.0,0.0,3,1.0,0.0
2025-01-28,0.011168245164873173,0.011168245164873173,0.0,0.0,3,1.0,0.0
2025-01-29,-0.0010164345367766892,-0.0013497678701100224,0.6666666666666666,0.0003333333333333333,3,1.0,0.0
2025-01-30,0.0333735403108862,0.03304020697755287,0.6666666666666666,0.0003333333333333333,3,1.0,0.0
2025-01-31,-0.003837766269507677,-0.003837766269507677,0.0,0.0,3,1.0,0.0
2025-02-03,0.023228146616340352,0.023228146616340352,0.0,0.0,3,1.0,0.0
2025-02-04,-0.008767655088311527,-0.008767655088311527,0.0,0.0,3,1.0,0.0
2025-02-05,-0.012550351109494465,-0.012550351109494465,0.0,0.0,3,1.0,0.0
2025-02-06,-0.018587200433926587,-0.018587200433926587,0.0,0.0,3,1.0,0.0
2025-02-07,0.03352422909463452,0.03352422909463452,0.0,0.0,3,1.0,0.0
2025-02-10,-0.06975780511160326,-0.06975780511160326,0.0,0.0,3,1.0,0.0
2025-02-11,0.019497556736358373,0.019497556736358373,0.0,0.0,3,1.0,0.0
2025-02-12,0.07291016982452647,0.07257683649119313,0.6666666666666666,0.0003333333333333333,3,1.0,0.0
2025-02-13,0.011909233169254109,0.011575899835920776,0.6666666666666666,0.0003333333333333333,3,1.0,0.0
2025-02-14,-0.06066298233385317,-0.0609963156671865,0.6666666666666666,0.0003333333333333333,3,1.0,0.0
2025-02-18,0.0011670016934149912,0.0011670016934149912,0.0,0.0,3,1.0,0.0
2025-02-19,-0.02201162716349318,-0.02201162716349318,0.0,0.0,3,1.0,0.0
2025-02-20,-0.07140092394199171,-0.07173425727532505,0.6666666666666666,0.0003333333333333333,3,1.0,0.0
2025-02-21,-0.0335896460269988,-0.03392297936033213,0.6666666666666666,0.0003333333333333333,3,1.0,0.0
2025-02-24,-0.08400630320905425,-0.08433963654238759,0.6666666666666666,0.0003333333333333333,3,1.0,0.0
2025-02-25,0.0316076931222314,0.0316076931222314,0.0,0.0,3,1.0,0.0
2025-02-26,-0.09020086173937446,-0.09020086173937446,0.0,0.0,3,1.0,0.0
2025-02-27,0.0385191364694933,0.0385191364694933,0.0,0.0,3,1.0,0.0
2025-02-28,-0.09345600509957253,-0.09345600509957253,0.0,0.0,3,1.0,0.0
2025-03-03,0.05131413902212774,0.05131413902212774,0.0,0.0,3,1.0,0.0
2025-03-04,0.039967583015307374,0.039967583015307374,0.0,0.0,3,1.0,0.0
2025-03-05,-0.007623877806714068,-0.007957211140047401,0.6666666666666666,0.0003333333333333333,3,1.0,0.0
2025-03-06,0.03580555647376848,0.03547222314043515,0.6666666666666666,0.0003333333333333333,3,1.0,0.0
2025-03-07,-0.10763904505070386,-0.10763904505070386,0.0,0.0,3,1.0,0.0
2025-03-10,0.06755075155056763,0.06755075155056763,0.0,0.0,3,1.0,0.0
2025-03-11,0.036186890803804696,0.036186890803804696,0.0,0.0,3,1.0,0.0
2025-03-12,-0.0397055179385289,-0.040038851271862234,0.6666666666666666,0.0003333333333333333,3,1.0,0.0
2025-03-13,0.17247173711853506,0.17213840378520173,0.6666666666666666,0.0003333333333333333,3,1.0,0.0
2025-03-14,0.015449290196970944,0.015115956863637611,0.6666666666666666,0.0003333333333333333,3,1.0,0.0
2025-03-17,-0.07150953729561178,-0.07184287062894512,0.6666666666666666,0.0003333333333333333,3,1.0,0.0
2025-03-18,-0.012703275601940215,-0.013036608935273548,0.6666666666666666,0.0003333333333333333,3,1.0,0.0
2025-03-19,-0.07869838670440732,-0.07869838670440732,0.0,0.0,3,1.0,0.0
2025-03-20,-0.004500847879932546,-0.004500847879932546,0.0,0.0,3,1.0,0.0
2025-03-21,0.07976711207645604,0.07976711207645604,0.0,0.0,3,1.0,0.0
2025-03-24,-0.008649638146651095,-0.008649638146651095,0.0,0.0,3,1.0,0.0
2025-03-25,-0.03983459799656297,-0.03983459799656297,0.0,0.0,3,1.0,0.0
2025-03-26,-0.05084869405189951,-0.05084869405189951,0.0,0.0,3,1.0,0.0
2025-03-27,-0.062249191392141495,-0.062249191392141495,0.0,0.0,3,1.0,0.0
2025-03-28,-0.018388912287878312,-0.018388912287878312,0.0,0.0,3,1.0,0.0
2025-03-31,-0.029281971022256603,-0.029281971022256603,0.0,0.0,3,1.0,0.0
2025-04-01,0.05271723259604788,0.05271723259604788,0.0,0.0,3,1.0,0.0
2025-04-02,-0.01672301247248753,-0.01672301247248753,0.0,0.0,3,1.0,0.0
2025-04-03,-0.08440714045370948,-0.08440714045370948,0.0,0.0,3,1.0,0.0
2025-04-04,0.03857526543155927,0.03857526543155927,0.0,0.0,3,1.0,0.0
2025-04-07,-0.06980860120897436,-0.06980860120897436,0.0,0.0,3,1.0,0.0
2025-04-08,0.17920836823572392,0.17920836823572392,0.0,0.0,3,1.0,0.0
2025-04-09,-0.021217953782385335,-0.021217953782385335,0.0,0.0,3,1.0,0.0
2025-04-10,0.032063508524633834,0.032063508524633834,0.0,0.0,3,1.0,0.0
2025-04-11,-0.018191235857293576,-0.018191235857293576,0.0,0.0,3,1.0,0.0
2025-04-14,-0.028938434948964087,-0.028938434948964087,0.0,0.0,3,1.0,0.0
2025-04-15,-0.07807638710203058,-0.07807638710203058,0.0,0.0,3,1.0,0.0
2025-04-16,0.040495983736634024,0.04016265040330069,0.6666666666666666,0.0003333333333333333,3,1.0,0.0
2025-04-17,-0.04712809377624586,-0.04712809377624586,0.0,0.0,3,1.0,0.0
2025-04-21,0.025310508760317704,0.025310508760317704,0.0,0.0,3,1.0,0.0
2025-04-22,0.05788005159279959,0.05788005159279959,0.0,0.0,3,1.0,0.0
2025-04-23,0.019846162743888472,0.019846162743888472,0.0,0.0,3,1.0,0.0
2025-04-24,-0.006521369067281846,-0.006521369067281846,0.0,0.0,3,1.0,0.0
2025-04-25,0.0631370707525493,0.0631370707525493,0.0,0.0,3,1.0,0.0
2025-04-28,-0.04437485351172439,-0.04437485351172439,0.0,0.0,3,1.0,0.0
2025-04-29,0.2900316379153555,0.2900316379153555,0.0,0.0,3,1.0,0.0
2025-04-30,0.1017813737691796,0.1017813737691796,0.0,0.0,3,1.0,0.0
2025-05-01,0.0354579379369129,0.0354579379369129,0.0,0.0,3,1.0,0.0
2025-05-02,-0.03572539217630114,-0.03605872550963447,0.6666666666666666,0.0003333333333333333,3,1.0,0.0
2025-05-05,-0.006507298603204906,-0.006507298603204906,0.0,0.0,3,1.0,0.0
2025-05-06,0.07102400408558289,0.07069067075224955,0.6666666666666666,0.0003333333333333333,3,1.0,0.0
2025-05-07,0.07587666054680275,0.07587666054680275,0.0,0.0,3,1.0,0.0
2025-05-08,0.2576201550582814,0.2576201550582814,0.0,0.0,3,1.0,0.0
2025-05-09,0.14339574083029266,0.14339574083029266,0.0,0.0,3,1.0,0.0
2025-05-12,-0.16803523228969122,-0.16803523228969122,0.0,0.0,3,1.0,0.0
2025-05-13,0.08907257592656259,0.08907257592656259,0.0,0.0,3,1.0,0.0
2025-05-14,0.054362160000113104,0.054362160000113104,0.0,0.0,3,1.0,0.0
2025-05-15,0.006822102955147291,0.006822102955147291,0.0,0.0,3,1.0,0.0
2025-05-16,-0.054750581344944704,-0.054750581344944704,0.0,0.0,3,1.0,0.0
2025-05-19,0.09442134485668281,0.09442134485668281,0.0,0.0,3,1.0,0.0
2025-05-20,-0.038518346872270404,-0.038851680205603735,0.6666666666666666,0.0003333333333333333,3,1.0,0.0
2025-05-21,0.11419606166671213,0.11419606166671213,0.0,0.0,3,1.0,0.0
2025-05-22,0.09437037557797144,0.09437037557797144,0.0,0.0,3,1.0,0.0
2025-05-23,-0.03340857028609519,-0.03340857028609519,0.0,0.0,3,1.0,0.0
2025-05-27,0.012490864870701945,0.012157531537368612,0.6666666666666666,0.0003333333333333333,3,1.0,0.0
2025-05-28,0.11399524611696772,0.11399524611696772,0.0,0.0,3,1.0,0.0
2025-05-29,-0.06658802765807884,-0.06692136099141217,0.6666666666666666,0.0003333333333333333,3,1.0,0.0
2025-05-30,-0.05415105936317406,-0.05415105936317406,0.0,0.0,3,1.0,0.0
2025-06-02,-0.013433235767461582,-0.013433235767461582,0.0,0.0,3,1.0,0.0
2025-06-03,-0.0025005081836880026,-0.002833841517021336,0.6666666666666666,0.0003333333333333333,3,1.0,0.0
2025-06-04,-0.0031185783656458854,-0.003451911698979219,0.6666666666666666,0.0003333333333333333,3,1.0,0.0
2025-06-05,0.0327306877640422,0.0327306877640422,0.0,0.0,3,1.0,0.0
2025-06-06,0.012067415169007112,0.012067415169007112,0.0,0.0,3,1.0,0.0
2025-06-09,-0.013010350724699174,-0.013343684058032507,0.6666666666666666,0.0003333333333333333,3,1.0,0.0
2025-06-10,0.05062318797710899,0.05062318797710899,0.0,0.0,3,1.0,0.0
2025-06-11,-0.005200473320993826,-0.005533806654327159,0.6666666666666666,0.0003333333333333333,3,1.0,0.0
2025-06-12,-0.02168649967097998,-0.022019833004313316,0.6666666666666666,0.0003333333333333333,3,1.0,0.0
2025-06-13,0.9760807729224076,0.9760807729224076,0.0,0.0,3,1.0,0.0
2025-06-16,0.0728191487256291,0.0728191487256291,0.0,0.0,3,1.0,0.0
2025-06-17,-0.06356136999689994,-0.06356136999689994,0.0,0.0,3,1.0,0.0
2025-06-18,-0.11506499693911458,-0.11539833027244792,0.6666666666666666,0.0003333333333333333,3,1.0,0.0
2025-06-20,-0.10292543114663677,-0.10292543114663677,0.0,0.0,3,1.0,0.0
2025-06-23,0.030747227702315045,0.03041389436898171,0.6666666666666666,0.0003333333333333333,3,1.0,0.0
2025-06-24,-0.047998880835762536,-0.04833221416909587,0.6666666666666666,0.0003333333333333333,3,1.0,0.0
2025-06-25,0.003305185241606095,0.003305185241606095,0.0,0.0,3,1.0,0.0
2025-06-26,-0.054315056327124266,-0.054315056327124266,0.0,0.0,3,1.0,0.0
2025-06-27,0.039417343850980724,0.039417343850980724,0.0,0.0,3,1.0,0.0
2025-06-30,-0.0879289757012072,-0.08826230903454053,0.6666666666666666,0.0003333333333333333,3,1.0,0.0
2025-07-01,-0.047959334059805826,-0.047959334059805826,0.0,0.0,3,1.0,0.0
2025-07-02,0.43132029863862215,0.43132029863862215,0.0,0.0,3,1.0,0.0
2025-07-03,-0.04490562793613395,-0.04490562793613395,0.0,0.0,3,1.0,0.0
2025-07-07,-0.00747383024480704,-0.00747383024480704,0.0,0.0,3,1.0,0.0
2025-07-08,-0.02717859965522029,-0.02717859965522029,0.0,0.0,3,1.0,0.0
2025-07-09,-0.01844435316648947,-0.01844435316648947,0.0,0.0,3,1.0,0.0
2025-07-10,-0.054480285078219996,-0.054480285078219996,0.0,0.0,3,1.0,0.0
2025-07-11,0.05218958933983641,0.05218958933983641,0.0,0.0,3,1.0,0.0
2025-07-14,-0.031355535626226394,-0.031355535626226394,0.0,0.0,3,1.0,0.0
2025-07-15,0.1580189178238315,0.1580189178238315,0.0,0.0,3,1.0,0.0
2025-07-16,0.016799907522026054,0.016799907522026054,0.0,0.0,3,1.0,0.0
2025-07-17,0.0012957681003497408,0.0012957681003497408,0.0,0.0,3,1.0,0.0
2025-07-18,-0.054542972549191306,-0.054542972549191306,0.0,0.0,3,1.0,0.0
2025-07-21,-0.0367180947013099,-0.0367180947013099,0.0,0.0,3,1.0,0.0
2025-07-22,0.073361696595722,0.073361696595722,0.0,0.0,3,1.0,0.0
2025-07-23,0.042793154630499375,0.042793154630499375,0.0,0.0,3,1.0,0.0
2025-07-24,-0.009446264895032048,-0.009446264895032048,0.0,0.0,3,1.0,0.0
2025-07-25,-0.024878929762048196,-0.024878929762048196,0.0,0.0,3,1.0,0.0
2025-07-28,-0.031129582904318106,-0.03146291623765144,0.6666666666666666,0.0003333333333333333,3,1.0,0.0
2025-07-29,0.02773519957425267,0.027401866240919334,0.6666666666666666,0.0003333333333333333,3,1.0,0.0
2025-07-30,-0.024382563675643842,-0.024715897008977177,0.6666666666666666,0.0003333333333333333,3,1.0,0.0
2025-07-31,-0.022601204281187427,-0.022601204281187427,0.0,0.0,3,1.0,0.0
2025-08-01,0.05701055328644351,0.05701055328644351,0.0,0.0,3,1.0,0.0
2025-08-04,0.009321099628126328,0.009321099628126328,0.0,0.0,3,1.0,0.0
2025-08-05,-0.035854018001962196,-0.035854018001962196,0.0,0.0,3,1.0,0.0
2025-08-06,0.009296059470275526,0.009296059470275526,0.0,0.0,3,1.0,0.0
2025-08-07,0.01891601426438579,0.01891601426438579,0.0,0.0,3,1.0,0.0
2025-08-08,0.003382137647018447,0.003382137647018447,0.0,0.0,3,1.0,0.0
2025-08-11,-0.009155862452667566,-0.009155862452667566,0.0,0.0,3,1.0,0.0
2025-08-12,0.017602815175697468,0.017602815175697468,0.0,0.0,3,1.0,0.0
2025-08-13,-0.005048812514157821,-0.005048812514157821,0.0,0.0,3,1.0,0.0
2025-08-14,-0.002265343856283037,-0.002265343856283037,0.0,0.0,3,1.0,0.0
2025-08-15,0.010078620381167247,0.010078620381167247,0.0,0.0,3,1.0,0.0
2025-08-18,-0.08087320368180065,-0.08087320368180065,0.0,0.0,3,1.0,0.0
2025-08-19,-0.014410964101422211,-0.014410964101422211,0.0,0.0,3,1.0,0.0
2025-08-20,-0.001743545736713167,-0.0020768790700465005,0.6666666666666666,0.0003333333333333333,3,1.0,0.0
2025-08-21,0.035042660020397166,0.035042660020397166,0.0,0.0,3,1.0,0.0
2025-08-22,-0.01757759424546675,-0.01757759424546675,0.0,0.0,3,1.0,0.0
2025-08-25,0.06820221027870195,0.06820221027870195,0.0,0.0,3,1.0,0.0
2025-08-26,0.013955812620891888,0.013955812620891888,0.0,0.0,3,1.0,0.0
2025-08-27,0.07147589436286468,0.07147589436286468,0.0,0.0,3,1.0,0.0
2025-08-28,-0.05205709396896188,-0.05205709396896188,0.0,0.0,3,1.0,0.0
2025-08-29,-0.04327812686383096,-0.04327812686383096,0.0,0.0,3,1.0,0.0
2025-09-02,0.008692591475803405,0.008692591475803405,0.0,0.0,3,1.0,0.0
2025-09-03,-0.03395519665256519,-0.03395519665256519,0.0,0.0,3,1.0,0.0
2025-09-04,0.011324454806520667,0.011324454806520667,0.0,0.0,3,1.0,0.0
2025-09-05,0.009819154152817422,0.009819154152817422,0.0,0.0,3,1.0,0.0
2025-09-08,0.04849640539258693,0.04849640539258693,0.0,0.0,3,1.0,0.0
2025-09-09,-0.01364065635954026,-0.01364065635954026,0.0,0.0,3,1.0,0.0
2025-09-10,0.04191355051195329,0.04191355051195329,0.0,0.0,3,1.0,0.0
2025-09-11,0.09033277779586897,0.09033277779586897,0.0,0.0,3,1.0,0.0
2025-09-12,0.04642981691935425,0.04642981691935425,0.0,0.0,3,1.0,0.0
2025-09-15,0.013301561224677369,0.013301561224677369,0.0,0.0,3,1.0,0.0
2025-09-16,0.06133725730538578,0.06133725730538578,0.0,0.0,3,1.0,0.0
2025-09-17,0.06593177551567722,0.06593177551567722,0.0,0.0,3,1.0,0.0
2025-09-18,0.15780169328043062,0.15780169328043062,0.0,0.0,3,1.0,0.0
2025-09-19,0.006481496671403667,0.006481496671403667,0.0,0.0,3,1.0,0.0
2025-09-22,0.026992857876634965,0.026992857876634965,0.0,0.0,3,1.0,0.0
2025-09-23,-0.028760187918320097,-0.028760187918320097,0.0,0.0,3,1.0,0.0
2025-09-24,-0.01294731438324918,-0.01294731438324918,0.0,0.0,3,1.0,0.0
2025-09-25,-0.034497496184102985,-0.034497496184102985,0.0,0.0,3,1.0,0.0
2025-09-26,0.030154501811919365,0.030154501811919365,0.0,0.0,3,1.0,0.0
2025-09-29,-0.031505035629628475,-0.031505035629628475,0.0,0.0,3,1.0,0.0
2025-09-30,0.02170989300925008,0.02170989300925008,0.0,0.0,3,1.0,0.0
2025-10-01,0.10571989937820817,0.10571989937820817,0.0,0.0,3,1.0,0.0
2025-10-02,0.05976060775575282,0.05976060775575282,0.0,0.0,3,1.0,0.0
2025-10-03,0.04596661533017106,0.04596661533017106,0.0,0.0,3,1.0,0.0
2025-10-06,0.06100670190707924,0.06100670190707924,0.0,0.0,3,1.0,0.0
2025-10-07,-0.014352922744135908,-0.014352922744135908,0.0,0.0,3,1.0,0.0
2025-10-08,0.021733105054527815,0.021733105054527815,0.0,0.0,3,1.0,0.0
2025-10-09,-0.03024515198066905,-0.03024515198066905,0.0,0.0,3,1.0,0.0
2025-10-10,0.09359795984398481,0.09326462651065147,0.6666666666666666,0.0003333333333333333,3,1.0,0.0
2025-10-13,-0.0008208247331904133,-0.0011541580665237465,0.6666666666666666,0.0003333333333333333,3,1.0,0.0
2025-10-14,0.026178466604834843,0.026178466604834843,0.0,0.0,3,1.0,0.0
2025-10-15,-0.08221572551375049,-0.08221572551375049,0.0,0.0,3,1.0,0.0
2025-10-16,-0.018506631527535178,-0.018506631527535178,0.0,0.0,3,1.0,0.0
2025-10-17,-0.03953391721071005,-0.03953391721071005,0.0,0.0,3,1.0,0.0
2025-10-20,-0.08485174494670629,-0.08485174494670629,0.0,0.0,3,1.0,0.0
2025-10-21,-0.08484048859192224,-0.08484048859192224,0.0,0.0,3,1.0,0.0
2025-10-22,0.05110081820564345,0.05110081820564345,0.0,0.0,3,1.0,0.0
2025-10-23,0.03571798639160536,0.03538465305827203,0.6666666666666666,0.0003333333333333333,3,1.0,0.0
2025-10-24,0.03274983057497012,0.03274983057497012,0.0,0.0,3,1.0,0.0
2025-10-27,-0.01847441624682533,-0.01847441624682533,0.0,0.0,3,1.0,0.0
2025-10-28,-0.005266630988361814,-0.005266630988361814,0.0,0.0,3,1.0,0.0
2025-10-29,0.0064781897538033605,0.0061448564204700275,0.6666666666666666,0.0003333333333333333,3,1.0,0.0
2025-10-30,0.031072368972414607,0.031072368972414607,0.0,0.0,3,1.0,0.0
2025-10-31,-0.07488744816886746,-0.07488744816886746,0.0,0.0,3,1.0,0.0
2025-11-03,-0.07532856572979174,-0.07532856572979174,0.0,0.0,3,1.0,0.0
2025-11-04,0.03416336793299254,0.033830034599659206,0.6666666666666666,0.0003333333333333333,3,1.0,0.0
2025-11-05,-0.06334483842094392,-0.06367817175427726,0.6666666666666666,0.0003333333333333333,3,1.0,0.0
2025-11-06,-0.03455657364561038,-0.03455657364561038,0.0,0.0,3,1.0,0.0
2025-11-07,0.0021172077905707107,0.0021172077905707107,0.0,0.0,3,1.0,0.0
2025-11-10,0.02151388689638315,0.021180553563049816,0.6666666666666666,0.0003333333333333333,3,1.0,0.0
2025-11-11,-0.0535425607292704,-0.05387589406260373,0.6666666666666666,0.0003333333333333333,3,1.0,0.0
2025-11-12,-0.11403076801271655,-0.11403076801271655,0.0,0.0,3,1.0,0.0
2025-11-13,0.020294227295675833,0.020294227295675833,0.0,0.0,3,1.0,0.0
2025-11-14,-0.01584492082557787,-0.01584492082557787,0.0,0.0,3,1.0,0.0
2025-11-17,0.011235711695439762,0.011235711695439762,0.0,0.0,3,1.0,0.0
2025-11-18,0.0037314995841039762,0.0037314995841039762,0.0,0.0,3,1.0,0.0
2025-11-19,-0.06770845061454792,-0.06804178394788125,0.6666666666666666,0.0003333333333333333,3,1.0,0.0
2025-11-20,0.03977828040301978,0.03977828040301978,0.0,0.0,3,1.0,0.0
2025-11-21,0.06716046967283365,0.06716046967283365,0.0,0.0,3,1.0,0.0
2025-11-24,-0.015395492156582646,-0.015395492156582646,0.0,0.0,3,1.0,0.0
2025-11-25,-0.009819392684470405,-0.009819392684470405,0.0,0.0,3,1.0,0.0
2025-11-26,0.009173668009474464,0.009173668009474464,0.0,0.0,3,1.0,0.0
2025-11-28,-0.03973673985399706,-0.03973673985399706,0.0,0.0,3,1.0,0.0
2025-12-01,0.009988155631952395,0.009988155631952395,0.0,0.0,3,1.0,0.0
2025-12-02,0.04586472039091526,0.04586472039091526,0.0,0.0,3,1.0,0.0
2025-12-03,0.158806704423462,0.158806704423462,0.0,0.0,3,1.0,0.0
2025-12-04,-0.029109964498702658,-0.029443297832035992,0.6666666666666666,0.0003333333333333333,3,1.0,0.0
2025-12-05,0.029119950059125634,0.029119950059125634,0.0,0.0,3,1.0,0.0
2025-12-08,0.009089710630373485,0.008756377297040152,0.6666666666666666,0.0003333333333333333,3,1.0,0.0
2025-12-09,-0.048067924631765124,-0.048067924631765124,0.0,0.0,3,1.0,0.0
2025-12-10,0.022063478394049724,0.022063478394049724,0.0,0.0,3,1.0,0.0
2025-12-11,-0.04101027251399747,-0.04101027251399747,0.0,0.0,3,1.0,0.0
2025-12-12,-0.01027151686418415,-0.010604850197517482,0.6666666666666666,0.0003333333333333333,3,1.0,0.0
2025-12-15,-0.0047503346668979676,-0.0047503346668979676,0.0,0.0,3,1.0,0.0
2025-12-16,-0.05330893289667431,-0.05364226623000764,0.6666666666666666,0.0003333333333333333,3,1.0,0.0
2025-12-17,0.04006243892296634,0.04006243892296634,0.0,0.0,3,1.0,0.0
2025-12-18,0.0414414923939439,0.0414414923939439,0.0,0.0,3,1.0,0.0
2025-12-19,0.01759792946113988,0.01759792946113988,0.0,0.0,3,1.0,0.0
2025-12-22,0.036896784541518894,0.03656345120818556,0.6666666666666666,0.0003333333333333333,3,1.0,0.0
2025-12-23,-0.006408626609594219,-0.006408626609594219,0.0,0.0,3,1.0,0.0
2025-12-24,-0.06711114112491541,-0.06711114112491541,0.0,0.0,3,1.0,0.0
2025-12-26,0.020021112240125892,0.020021112240125892,0.0,0.0,3,1.0,0.0
2025-12-29,-0.011998062132432742,-0.011998062132432742,0.0,0.0,3,1.0,0.0
2025-12-30,-0.029640654259204813,-0.029640654259204813,0.0,0.0,3,1.0,0.0
2025-12-31,0.051688502953363906,0.051688502953363906,0.0,0.0,3,1.0,0.0
2026-01-02,0.1367098150157191,0.1367098150157191,0.0,0.0,3,1.0,0.0
2026-01-05,0.10338272416394954,0.10338272416394954,0.0,0.0,3,1.0,0.0
2026-01-06,0.17737354461412386,0.17737354461412386,0.0,0.0,3,1.0,0.0
2026-01-07,-0.01263845079691539,-0.01263845079691539,0.0,0.0,3,1.0,0.0
2026-01-08,0.1132100624879806,0.1132100624879806,0.0,0.0,3,1.0,0.0
2026-01-09,-0.017613885992757962,-0.017613885992757962,0.0,0.0,3,1.0,0.0
2026-01-12,-0.07825651485439407,-0.0785898481877274,0.6666666666666666,0.0003333333333333333,3,1.0,0.0
2026-01-13,0.005491880672106892,0.005158547338773559,0.6666666666666666,0.0003333333333333333,3,1.0,0.0
2026-01-14,-0.08467228002854754,-0.08500561336188088,0.6666666666666666,0.0003333333333333333,3,1.0,0.0
2026-01-15,-0.0103426045072497,-0.0103426045072497,0.0,0.0,3,1.0,0.0
2026-01-16,-0.050261417857647595,-0.050594751190980926,0.6666666666666666,0.0003333333333333333,3,1.0,0.0
2026-01-20,-0.0198192727982767,-0.020152606131610035,0.6666666666666666,0.0003333333333333333,3,1.0,0.0
2026-01-21,0.14056300964466892,0.1402296763113356,0.6666666666666666,0.0003333333333333333,3,1.0,0.0
2026-01-22,-0.02652098179669482,-0.026854315130028155,0.6666666666666666,0.0003333333333333333,3,1.0,0.0
2026-01-23,-0.05455816253149755,-0.05522482919816422,1.3333333333333333,0.0006666666666666666,3,1.0,0.0
2026-01-26,0.09919263463574737,0.09885930130241403,0.6666666666666666,0.0003333333333333333,3,1.0,0.0
2026-01-27,0.012523397911706905,0.012190064578373572,0.6666666666666666,0.0003333333333333333,3,1.0,0.0
2026-01-28,-0.030459044062080557,-0.030792377395413892,0.6666666666666666,0.0003333333333333333,3,1.0,0.0
2026-01-29,-0.024612410620191778,-0.024612410620191778,0.0,0.0,3,1.0,0.0
2026-01-30,0.08055284860643597,0.08021951527310263,0.6666666666666666,0.0003333333333333333,3,1.0,0.0
2026-02-02,0.006250934817262428,0.006250934817262428,0.0,0.0,3,1.0,0.0
2026-02-03,0.010510376086732071,0.010510376086732071,0.0,0.0,3,1.0,0.0
2026-02-04,-0.022090391178840225,-0.022090391178840225,0.0,0.0,3,1.0,0.0
2026-02-05,0.0729209866166561,0.07258765328332276,0.6666666666666666,0.0003333333333333333,3,1.0,0.0
2026-02-06,0.025228951817356144,0.025228951817356144,0.0,0.0,3,1.0,0.0
2026-02-09,-0.043215963317605834,-0.043549296650939165,0.6666666666666666,0.0003333333333333333,3,1.0,0.0
2026-02-10,0.020807759506409413,0.020807759506409413,0.0,0.0,3,1.0,0.0
2026-02-11,-0.005326601901604021,-0.005659935234937354,0.6666666666666666,0.0003333333333333333,3,1.0,0.0
2026-02-12,0.03493527954215462,0.03493527954215462,0.0,0.0,3,1.0,0.0
2026-02-13,0.0166054631450541,0.0166054631450541,0.0,0.0,3,1.0,0.0
2026-02-17,0.05385772163411147,0.05352438830077814,0.6666666666666666,0.0003333333333333333,3,1.0,0.0
2026-02-18,0.03920384030573243,0.03920384030573243,0.0,0.0,3,1.0,0.0
2026-02-19,-0.048758968060758044,-0.049092301394091375,0.6666666666666666,0.0003333333333333333,3,1.0,0.0
2026-02-20,0.0034306810789977646,0.0034306810789977646,0.0,0.0,3,1.0,0.0
2026-02-23,-0.006371760799971222,-0.006371760799971222,0.0,0.0,3,1.0,0.0
2026-02-24,0.020779584301432893,0.020779584301432893,0.0,0.0,3,1.0,0.0
2026-02-25,0.025104426194235363,0.024771092860902028,0.6666666666666666,0.0003333333333333333,3,1.0,0.0
2026-02-26,-0.028228492053604077,-0.02856182538693741,0.6666666666666666,0.0003333333333333333,3,1.0,0.0
2026-02-27,-0.006611538341768346,-0.0069448716751016795,0.6666666666666666,0.0003333333333333333,3,1.0,0.0
2026-03-02,-0.07630118317790802,-0.07630118317790802,0.0,0.0,3,1.0,0.0
2026-03-03,0.06574190828181521,0.06540857494848187,0.6666666666666666,0.0003333333333333333,3,1.0,0.0
2026-03-04,-0.044554304127013625,-0.044554304127013625,0.0,0.0,3,1.0,0.0
2026-03-05,-0.08605945808512516,-0.08605945808512516,0.0,0.0,3,1.0,0.0
2026-03-06,0.12430954402429961,0.12397621069096627,0.6666666666666666,0.0003333333333333333,3,1.0,0.0
2026-03-09,0.015476716906691206,0.015476716906691206,0.0,0.0,3,1.0,0.0
2026-03-10,0.008120488026126305,0.008120488026126305,0.0,0.0,3,1.0,0.0
2026-03-11,-0.04156187342219535,-0.04156187342219535,0.0,0.0,3,1.0,0.0
2026-03-12,0.01582829442665364,0.01582829442665364,0.0,0.0,3,1.0,0.0
2026-03-13,0.014526139211867812,0.014526139211867812,0.0,0.0,3,1.0,0.0
2026-03-16,0.025285132188546333,0.025285132188546333,0.0,0.0,3,1.0,0.0
2026-03-17,0.09129954484152775,0.09129954484152775,0.0,0.0,3,1.0,0.0
2026-03-18,0.050020967698721996,0.050020967698721996,0.0,0.0,3,1.0,0.0
2026-03-19,-0.050886066964926924,-0.050886066964926924,0.0,0.0,3,1.0,0.0
2026-03-20,-0.018971180605873883,-0.018971180605873883,0.0,0.0,3,1.0,0.0
2026-03-23,0.02295137465443642,0.02295137465443642,0.0,0.0,3,1.0,0.0
2026-03-24,-0.025751411309298956,-0.025751411309298956,0.0,0.0,3,1.0,0.0
2026-03-25,-0.057377528414263024,-0.057377528414263024,0.0,0.0,3,1.0,0.0
2026-03-26,0.017280868681355845,0.017280868681355845,0.0,0.0,3,1.0,0.0
2026-03-27,-0.07657899231096583,-0.07657899231096583,0.0,0.0,3,1.0,0.0
2026-03-30,0.09101239344044038,0.09101239344044038,0.0,0.0,3,1.0,0.0
2026-03-31,0.1681298529903403,0.1681298529903403,0.0,0.0,3,1.0,0.0
2026-04-01,0.002526041058900714,0.002526041058900714,0.0,0.0,3,1.0,0.0
2026-04-02,-0.010739209359061882,-0.010739209359061882,0.0,0.0,3,1.0,0.0
2026-04-06,-0.019710822111345484,-0.019710822111345484,0.0,0.0,3,1.0,0.0
2026-04-07,0.0778777155186742,0.0778777155186742,0.0,0.0,3,1.0,0.0
2026-04-08,0.021268109238908685,0.021268109238908685,0.0,0.0,3,1.0,0.0
2026-04-09,0.00895146615839463,0.00895146615839463,0.0,0.0,3,1.0,0.0
2026-04-10,0.06927255505070343,0.06927255505070343,0.0,0.0,3,1.0,0.0
2026-04-13,-0.03187241414344825,-0.03187241414344825,0.0,0.0,3,1.0,0.0
2026-04-14,-0.033184317001026455,-0.033184317001026455,0.0,0.0,3,1.0,0.0
2026-04-15,0.04605965949599285,0.04605965949599285,0.0,0.0,3,1.0,0.0
2026-04-16,-0.019100482389849294,-0.019100482389849294,0.0,0.0,3,1.0,0.0
2026-04-17,-0.009123973522410714,-0.009123973522410714,0.0,0.0,3,1.0,0.0
2026-04-20,-0.02159016691288962,-0.02159016691288962,0.0,0.0,3,1.0,0.0
2026-04-21,0.0529395945693687,0.0529395945693687,0.0,0.0,3,1.0,0.0
2026-04-22,-0.03722339842729009,-0.03722339842729009,0.0,0.0,3,1.0,0.0
2026-04-23,0.024567369024145504,0.024567369024145504,0.0,0.0,3,1.0,0.0
2026-04-24,0.03947187239737633,0.03947187239737633,0.0,0.0,3,1.0,0.0
2026-04-27,-0.04933204996703048,-0.04933204996703048,0.0,0.0,3,1.0,0.0
2026-04-28,0.04762425095502069,0.04762425095502069,0.0,0.0,3,1.0,0.0
2026-04-29,0.030313503202762455,0.030313503202762455,0.0,0.0,3,1.0,0.0
2026-04-30,0.043955713283024535,0.043955713283024535,0.0,0.0,3,1.0,0.0
2026-05-01,0.008401949702895095,0.008401949702895095,0.0,0.0,3,1.0,0.0
2026-05-04,0.04511512296731031,0.04511512296731031,0.0,0.0,3,1.0,0.0
2026-05-05,-0.012072658467618364,-0.012072658467618364,0.0,0.0,3,1.0,0.0
2026-05-06,0.01207322495976245,0.01207322495976245,0.0,0.0,3,1.0,0.0
2026-05-07,0.041293720686838675,0.040960387353505344,0.6666666666666666,0.0003333333333333333,3,1.0,0.0
2026-05-08,0.1323865622516254,0.1323865622516254,0.0,0.0,3,1.0,0.0
2026-05-11,-0.033704877347909834,-0.033704877347909834,0.0,0.0,3,1.0,0.0
2026-05-12,0.07331021466775012,0.07331021466775012,0.0,0.0,3,1.0,0.0
2026-05-13,-0.008395018445393553,-0.008728351778726886,0.6666666666666666,0.0003333333333333333,3,1.0,0.0
2026-05-14,-0.03451921274455161,-0.03451921274455161,0.0,0.0,3,1.0,0.0
2026-05-15,-0.04718177013838583,-0.04751510347171916,0.6666666666666666,0.0003333333333333333,3,1.0,0.0
2026-05-18,0.010784653501443642,0.010451320168110309,0.6666666666666666,0.0003333333333333333,3,1.0,0.0
2026-05-19,-0.017822120475122955,-0.017822120475122955,0.0,0.0,3,1.0,0.0
2026-05-20,0.10304839912335587,0.10271506579002253,0.6666666666666666,0.0003333333333333333,3,1.0,0.0
2026-05-21,-0.02565363831964525,-0.02565363831964525,0.0,0.0,3,1.0,0.0
2026-05-22,0.012186796624451617,0.012186796624451617,0.0,0.0,3,1.0,0.0
2026-05-26,-0.005250502815428641,-0.005583836148761974,0.6666666666666666,0.0003333333333333333,3,1.0,0.0
2026-05-27,-0.008862204833031906,-0.009195538166365239,0.6666666666666666,0.0003333333333333333,3,1.0,0.0
2026-05-28,0.0028799926451070768,0.0028799926451070768,0.0,0.0,3,1.0,0.0
2026-05-29,0.01913908897475125,0.01913908897475125,0.0,0.0,3,1.0,0.0
2026-06-01,0.07295576148595835,0.07295576148595835,0.0,0.0,3,1.0,0.0
2026-06-02,-0.024874701975683422,-0.025208035309016757,0.6666666666666666,0.0003333333333333333,3,1.0,0.0
2026-06-03,0.025708578041497697,0.025708578041497697,0.0,0.0,3,1.0,0.0
2026-06-04,-0.11224725111660219,-0.11224725111660219,0.0,0.0,3,1.0,0.0
2026-06-05,0.041965665779608696,0.041965665779608696,0.0,0.0,3,1.0,0.0
2026-06-08,-0.04836650761376097,-0.04836650761376097,0.0,0.0,3,1.0,0.0
