date,gross_return,net_return,turnover,cost,n_names,invested,cash_weight
2014-01-02,-0.01357904946653743,-0.01407904946653743,1.0,0.0005,1,1.0,0.0
2014-01-03,-0.024582104228121904,-0.024582104228121904,0.0,0.0,1,1.0,0.0
2014-01-06,0.009072580645161255,0.009072580645161255,0.0,0.0,1,1.0,0.0
2014-01-07,0.06593406593406592,0.06593406593406592,0.0,0.0,1,1.0,0.0
2014-01-08,-0.27032967032967037,-0.27132967032967037,2.0,0.001,1,1.0,0.0
2014-01-09,0.05217391304347818,0.05117391304347818,2.0,0.001,1,1.0,0.0
2014-01-10,-0.005479452054794498,-0.006479452054794498,2.0,0.001,1,1.0,0.0
2014-01-13,-0.011019283746556474,-0.011019283746556474,0.0,0.0,1,1.0,0.0
2014-01-14,0.058495821727019504,0.058495821727019504,0.0,0.0,1,1.0,0.0
2014-01-15,-0.06578947368421051,-0.06578947368421051,0.0,0.0,1,1.0,0.0
2014-01-16,-0.019718309859154903,-0.019718309859154903,0.0,0.0,1,1.0,0.0
2014-01-17,0.005747126436781658,0.005747126436781658,0.0,0.0,1,1.0,0.0
2014-01-21,-0.04571428571428571,-0.04571428571428571,0.0,0.0,1,1.0,0.0
2014-01-22,-0.07784431137724546,-0.07784431137724546,0.0,0.0,1,1.0,0.0
2014-01-23,-0.0892857142857143,-0.0892857142857143,0.0,0.0,1,1.0,0.0
2014-01-24,0.026450511945392385,0.025450511945392384,2.0,0.001,1,1.0,0.0
2014-01-27,0.13549459684123022,0.13549459684123022,0.0,0.0,1,1.0,0.0
2014-01-28,0.04685212298682284,0.04685212298682284,0.0,0.0,1,1.0,0.0
2014-01-29,0.06993006993007,0.06993006993007,0.0,0.0,1,1.0,0.0
2014-01-30,0.002614379084967311,0.002614379084967311,0.0,0.0,1,1.0,0.0
2014-01-31,-0.017601043024771834,-0.017601043024771834,0.0,0.0,1,1.0,0.0
2014-02-03,0.15140845070422548,0.15040845070422548,2.0,0.001,1,1.0,0.0
2014-02-04,-0.061162079510703404,-0.061162079510703404,0.0,0.0,1,1.0,0.0
2014-02-05,0.03583061889250816,0.03583061889250816,0.0,0.0,1,1.0,0.0
2014-02-06,-0.02515723270440251,-0.02515723270440251,0.0,0.0,1,1.0,0.0
2014-02-07,0.14516129032258052,0.14516129032258052,0.0,0.0,1,1.0,0.0
2014-02-10,-0.011267605633802802,-0.011267605633802802,0.0,0.0,1,1.0,0.0
2014-02-11,0.06552706552706566,0.06552706552706566,0.0,0.0,1,1.0,0.0
2014-02-12,0.053475935828877,0.053475935828877,0.0,0.0,1,1.0,0.0
2014-02-13,-0.040609137055837574,-0.040609137055837574,0.0,0.0,1,1.0,0.0
2014-02-14,0.023809523809523947,0.023809523809523947,0.0,0.0,1,1.0,0.0
2014-02-18,-0.07235142118863058,-0.07235142118863058,0.0,0.0,1,1.0,0.0
2014-02-19,0.03064066852367686,0.03064066852367686,0.0,0.0,1,1.0,0.0
2014-02-20,-0.018918918918918948,-0.018918918918918948,0.0,0.0,1,1.0,0.0
2014-02-21,0.016528925619834656,0.016528925619834656,0.0,0.0,1,1.0,0.0
2014-02-24,0.05691056910569103,0.05691056910569103,0.0,0.0,1,1.0,0.0
2014-02-25,0.13076923076923075,0.13076923076923075,0.0,0.0,1,1.0,0.0
2014-02-26,-0.009070294784580546,-0.009070294784580546,0.0,0.0,1,1.0,0.0
2014-02-27,0.06864988558352403,0.06864988558352403,0.0,0.0,1,1.0,0.0
2014-02-28,0.246252676659529,0.246252676659529,0.0,0.0,1,1.0,0.0
2014-03-03,0.14948453608247414,0.14948453608247414,0.0,0.0,1,1.0,0.0
2014-03-04,0.008968609865470878,0.008968609865470878,0.0,0.0,1,1.0,0.0
2014-03-05,-0.057777777777777706,-0.057777777777777706,0.0,0.0,1,1.0,0.0
2014-03-06,0.3003144654088048,0.3003144654088048,0.0,0.0,1,1.0,0.0
2014-03-07,0.2466747279322854,0.2466747279322854,0.0,0.0,1,1.0,0.0
2014-03-10,-0.4151309408341416,-0.4151309408341416,0.0,0.0,1,1.0,0.0
2014-03-11,0.1276948590381426,0.1276948590381426,0.0,0.0,1,1.0,0.0
2014-03-12,0.17647058823529416,0.17647058823529416,0.0,0.0,1,1.0,0.0
2014-03-13,-0.16125,-0.16125,0.0,0.0,1,1.0,0.0
2014-03-14,-0.02980625931445602,-0.02980625931445602,0.0,0.0,1,1.0,0.0
2014-03-17,-0.08448540706605223,-0.08448540706605223,0.0,0.0,1,1.0,0.0
2014-03-18,0.04194630872483218,0.04194630872483218,0.0,0.0,1,1.0,0.0
2014-03-19,-0.03864734299516914,-0.03864734299516914,0.0,0.0,1,1.0,0.0
2014-03-20,-0.005025125628140614,-0.005025125628140614,0.0,0.0,1,1.0,0.0
2014-03-21,-0.04208754208754206,-0.04208754208754206,0.0,0.0,1,1.0,0.0
2014-03-24,0.49033391915641467,0.49033391915641467,0.0,0.0,1,1.0,0.0
2014-03-25,-0.23938679245283023,-0.23938679245283023,0.0,0.0,1,1.0,0.0
2014-03-26,0.06821705426356584,0.06821705426356584,0.0,0.0,1,1.0,0.0
2014-03-27,0.0014513788098695635,0.0014513788098695635,0.0,0.0,1,1.0,0.0
2014-03-28,0.02898550724637672,0.02898550724637672,0.0,0.0,1,1.0,0.0
2014-03-31,0.06197183098591563,0.06197183098591563,0.0,0.0,1,1.0,0.0
2014-04-01,-0.007957559681697535,-0.007957559681697535,0.0,0.0,1,1.0,0.0
2014-04-02,0.020053475935828846,0.020053475935828846,0.0,0.0,1,1.0,0.0
2014-04-03,-0.06684141546526867,-0.06684141546526867,0.0,0.0,1,1.0,0.0
2014-04-04,-0.053370786516853896,-0.053370786516853896,0.0,0.0,1,1.0,0.0
2014-04-07,0.06973293768545985,0.06973293768545985,0.0,0.0,1,1.0,0.0
2014-04-08,-0.00832177531206657,-0.00832177531206657,0.0,0.0,1,1.0,0.0
2014-04-09,-0.015384615384615441,-0.015384615384615441,0.0,0.0,1,1.0,0.0
2014-04-10,0.035511363636363535,0.035511363636363535,0.0,0.0,1,1.0,0.0
2014-04-11,0.004115226337448652,0.004115226337448652,0.0,0.0,1,1.0,0.0
2014-04-14,-0.04508196721311475,-0.04508196721311475,0.0,0.0,1,1.0,0.0
2014-04-15,0.012875536480686733,0.012875536480686733,0.0,0.0,1,1.0,0.0
2014-04-16,0.033898305084745894,0.033898305084745894,0.0,0.0,1,1.0,0.0
2014-04-17,-0.04234972677595639,-0.04234972677595639,0.0,0.0,1,1.0,0.0
2014-04-21,-0.0442225392296719,-0.0442225392296719,0.0,0.0,1,1.0,0.0
2014-04-22,-0.0432835820895523,-0.0432835820895523,0.0,0.0,1,1.0,0.0
2014-04-23,-0.06240249609984405,-0.06240249609984405,0.0,0.0,1,1.0,0.0
2014-04-24,-0.1064891846921796,-0.1064891846921796,0.0,0.0,1,1.0,0.0
2014-04-25,-0.13221601489757917,-0.13221601489757917,0.0,0.0,1,1.0,0.0
2014-04-28,0.03218884120171661,0.03218884120171661,0.0,0.0,1,1.0,0.0
2014-04-29,-0.033264033264033155,-0.033264033264033155,0.0,0.0,1,1.0,0.0
2014-04-30,0.008602150537634357,0.008602150537634357,0.0,0.0,1,1.0,0.0
2014-05-01,-0.04051172707889139,-0.04051172707889139,0.0,0.0,1,1.0,0.0
2014-05-02,-0.09777777777777785,-0.09777777777777785,0.0,0.0,1,1.0,0.0
2014-05-05,-0.064039408866995,-0.064039408866995,0.0,0.0,1,1.0,0.0
2014-05-06,0.03947368421052633,0.03947368421052633,0.0,0.0,1,1.0,0.0
2014-05-07,-0.07848101265822782,-0.07848101265822782,0.0,0.0,1,1.0,0.0
2014-05-08,0.0219780219780219,0.0219780219780219,0.0,0.0,1,1.0,0.0
2014-05-09,0.048387096774193505,0.048387096774193505,0.0,0.0,1,1.0,0.0
2014-05-12,0.04871794871794877,0.04871794871794877,0.0,0.0,1,1.0,0.0
2014-05-13,-0.0660146699266504,-0.0660146699266504,0.0,0.0,1,1.0,0.0
2014-05-14,0.054973821989528826,0.054973821989528826,0.0,0.0,1,1.0,0.0
2014-05-15,0.06451612903225801,0.06451612903225801,0.0,0.0,1,1.0,0.0
2014-05-16,0.046620046620046596,0.046620046620046596,0.0,0.0,1,1.0,0.0
2014-05-19,-0.020044543429844075,-0.020044543429844075,0.0,0.0,1,1.0,0.0
2014-05-20,0.006818181818181612,0.006818181818181612,0.0,0.0,1,1.0,0.0
2014-05-21,-0.02934537246049662,-0.02934537246049662,0.0,0.0,1,1.0,0.0
2014-05-22,-0.0488372093023256,-0.0488372093023256,0.0,0.0,1,1.0,0.0
2014-05-23,-0.022004889975550057,-0.022004889975550057,0.0,0.0,1,1.0,0.0
2014-05-27,0.09000000000000008,0.09000000000000008,0.0,0.0,1,1.0,0.0
2014-05-28,0.0,0.0,0.0,0.0,1,1.0,0.0
2014-05-29,-0.002293577981651529,-0.002293577981651529,0.0,0.0,1,1.0,0.0
2014-05-30,0.006896551724137945,0.006896551724137945,0.0,0.0,1,1.0,0.0
2014-06-02,0.006849315068493178,0.006849315068493178,0.0,0.0,1,1.0,0.0
2014-06-03,-0.013605442176870874,-0.013605442176870874,0.0,0.0,1,1.0,0.0
2014-06-04,0.020689655172414056,0.020689655172414056,0.0,0.0,1,1.0,0.0
2014-06-05,-0.011261261261261368,-0.011261261261261368,0.0,0.0,1,1.0,0.0
2014-06-06,-0.018223234624145768,-0.018223234624145768,0.0,0.0,1,1.0,0.0
2014-06-09,-0.027842227378190088,-0.027842227378190088,0.0,0.0,1,1.0,0.0
2014-06-10,-0.026252983293556187,-0.026252983293556187,0.0,0.0,1,1.0,0.0
2014-06-11,0.007352941176470562,0.007352941176470562,0.0,0.0,1,1.0,0.0
2014-06-12,0.009732360097323589,0.009732360097323589,0.0,0.0,1,1.0,0.0
2014-06-13,-0.012048192771084487,-0.012048192771084487,0.0,0.0,1,1.0,0.0
2014-06-16,0.04634146341463419,0.04634146341463419,0.0,0.0,1,1.0,0.0
2014-06-17,0.17715617715617715,0.17715617715617715,0.0,0.0,1,1.0,0.0
2014-06-18,-0.06930693069306926,-0.06930693069306926,0.0,0.0,1,1.0,0.0
2014-06-19,0.02127659574468077,0.02127659574468077,0.0,0.0,1,1.0,0.0
2014-06-20,0.0,0.0,0.0,0.0,1,1.0,0.0
2014-06-23,-0.07395833333333324,-0.07395833333333324,0.0,0.0,1,1.0,0.0
2014-06-24,0.01912260967379087,0.01912260967379087,0.0,0.0,1,1.0,0.0
2014-06-25,0.04635761589403975,0.04635761589403975,0.0,0.0,1,1.0,0.0
2014-06-26,-0.002109704641350185,-0.002109704641350185,0.0,0.0,1,1.0,0.0
2014-06-27,-0.010570824524313016,-0.010570824524313016,0.0,0.0,1,1.0,0.0
2014-06-30,0.008547008547008517,0.008547008547008517,0.0,0.0,1,1.0,0.0
2014-07-01,-0.03601694915254239,-0.03601694915254239,0.0,0.0,1,1.0,0.0
2014-07-02,-0.006593406593406681,-0.006593406593406681,0.0,0.0,1,1.0,0.0
2014-07-03,-0.008849557522123686,-0.008849557522123686,0.0,0.0,1,1.0,0.0
2014-07-07,-0.033482142857142905,-0.033482142857142905,0.0,0.0,1,1.0,0.0
2014-07-08,0.0,0.0,0.0,0.0,1,1.0,0.0
2014-07-09,-0.018475750577367167,-0.018475750577367167,0.0,0.0,1,1.0,0.0
2014-07-10,-0.004705882352941115,-0.004705882352941115,0.0,0.0,1,1.0,0.0
2014-07-11,-0.011820330969267268,-0.011820330969267268,0.0,0.0,1,1.0,0.0
2014-07-14,0.1602870813397128,0.1602870813397128,0.0,0.0,1,1.0,0.0
2014-07-15,-0.016494845360824795,-0.016494845360824795,0.0,0.0,1,1.0,0.0
2014-07-16,-0.0398322851153039,-0.0398322851153039,0.0,0.0,1,1.0,0.0
2014-07-17,0.09825327510917026,0.09825327510917026,0.0,0.0,1,1.0,0.0
2014-07-18,0.1312127236580518,0.1312127236580518,0.0,0.0,1,1.0,0.0
2014-07-21,-0.038664323374341114,-0.038664323374341114,0.0,0.0,1,1.0,0.0
2014-07-22,0.029250457038391353,0.029250457038391353,0.0,0.0,1,1.0,0.0
2014-07-23,-0.04262877442273538,-0.04262877442273538,0.0,0.0,1,1.0,0.0
2014-07-24,0.005565862708719838,0.005565862708719838,0.0,0.0,1,1.0,0.0
2014-07-25,0.01845018450184499,0.01845018450184499,0.0,0.0,1,1.0,0.0
2014-07-28,0.04528985507246386,0.04528985507246386,0.0,0.0,1,1.0,0.0
2014-07-29,-0.0121317157712304,-0.0121317157712304,0.0,0.0,1,1.0,0.0
2014-07-30,-0.0491228070175439,-0.0491228070175439,0.0,0.0,1,1.0,0.0
2014-07-31,-0.0073800738007380184,-0.0073800738007380184,0.0,0.0,1,1.0,0.0
2014-08-01,0.005576208178438735,0.005576208178438735,0.0,0.0,1,1.0,0.0
2014-08-04,-0.025878003696857776,-0.025878003696857776,0.0,0.0,1,1.0,0.0
2014-08-05,0.009487666034155628,0.009487666034155628,0.0,0.0,1,1.0,0.0
2014-08-06,0.043233082706766846,0.043233082706766846,0.0,0.0,1,1.0,0.0
2014-08-07,0.018018018018018056,0.018018018018018056,0.0,0.0,1,1.0,0.0
2014-08-08,0.030088495575221197,0.030088495575221197,0.0,0.0,1,1.0,0.0
2014-08-11,-0.029209621993127155,-0.029209621993127155,0.0,0.0,1,1.0,0.0
2014-08-12,0.036991150442477805,0.036991150442477805,0.0,0.0,1,1.0,0.0
2014-08-13,0.041986687147977486,0.041986687147977486,0.0,0.0,1,1.0,0.0
2014-08-14,-0.030303030303030387,-0.030303030303030387,0.0,0.0,1,1.0,0.0
2014-08-15,0.0033783783783785104,0.0033783783783785104,0.0,0.0,1,1.0,0.0
2014-08-18,-0.013468013468013518,-0.013468013468013518,0.0,0.0,1,1.0,0.0
2014-08-19,0.0008532423208191808,0.0008532423208191808,0.0,0.0,1,1.0,0.0
2014-08-20,-0.009377664109121997,-0.009377664109121997,0.0,0.0,1,1.0,0.0
2014-08-21,0.013769363166953541,0.013769363166953541,0.0,0.0,1,1.0,0.0
2014-08-22,0.02037351443123936,0.02037351443123936,0.0,0.0,1,1.0,0.0
2014-08-25,-0.043261231281197965,-0.043261231281197965,0.0,0.0,1,1.0,0.0
2014-08-26,0.0017391304347824654,0.0017391304347824654,0.0,0.0,1,1.0,0.0
2014-08-27,-0.03645833333333337,-0.03645833333333337,0.0,0.0,1,1.0,0.0
2014-08-28,0.00540540540540535,0.00540540540540535,0.0,0.0,1,1.0,0.0
2014-08-29,-0.028673835125448077,-0.028673835125448077,0.0,0.0,1,1.0,0.0
2014-09-02,-0.03321033210332103,-0.03321033210332103,0.0,0.0,1,1.0,0.0
2014-09-03,0.00190839694656475,0.00190839694656475,0.0,0.0,1,1.0,0.0
2014-09-04,0.03428571428571425,0.03428571428571425,0.0,0.0,1,1.0,0.0
2014-09-05,0.007366482504604033,0.007366482504604033,0.0,0.0,1,1.0,0.0
2014-09-08,-0.03656307129798908,-0.03656307129798908,0.0,0.0,1,1.0,0.0
2014-09-09,-0.03984819734345346,-0.03984819734345346,0.0,0.0,1,1.0,0.0
2014-09-10,0.015810276679841806,0.015810276679841806,0.0,0.0,1,1.0,0.0
2014-09-11,-0.0077821011673151474,-0.0077821011673151474,0.0,0.0,1,1.0,0.0
2014-09-12,-0.06274509803921557,-0.06274509803921557,0.0,0.0,1,1.0,0.0
2014-09-15,-0.023012552301255318,-0.023012552301255318,0.0,0.0,1,1.0,0.0
2014-09-16,-0.010706638115631661,-0.010706638115631661,0.0,0.0,1,1.0,0.0
2014-09-17,-0.06709956709956721,-0.06709956709956721,0.0,0.0,1,1.0,0.0
2014-09-18,0.0278422273781902,0.0278422273781902,0.0,0.0,1,1.0,0.0
2014-09-19,-0.05643340857787815,-0.05643340857787815,0.0,0.0,1,1.0,0.0
2014-09-22,0.09569377990430628,0.09569377990430628,0.0,0.0,1,1.0,0.0
2014-09-23,-0.026200873362445476,-0.026200873362445476,0.0,0.0,1,1.0,0.0
2014-09-24,-0.0358744394618834,-0.0358744394618834,0.0,0.0,1,1.0,0.0
2014-09-25,0.011627906976744207,0.011627906976744207,0.0,0.0,1,1.0,0.0
2014-09-26,0.02758620689655178,0.02758620689655178,0.0,0.0,1,1.0,0.0
2014-09-29,0.02684563758389258,0.02684563758389258,0.0,0.0,1,1.0,0.0
2014-09-30,-0.039215686274509776,-0.039215686274509776,0.0,0.0,1,1.0,0.0
2014-10-01,0.03628117913832196,0.03628117913832196,0.0,0.0,1,1.0,0.0
2014-10-02,-0.002188183807440014,-0.002188183807440014,0.0,0.0,1,1.0,0.0
2014-10-03,-0.0328947368421052,-0.0328947368421052,0.0,0.0,1,1.0,0.0
2014-10-06,-0.024943310657596474,-0.024943310657596474,0.0,0.0,1,1.0,0.0
2014-10-07,0.058139534883721034,0.058139534883721034,0.0,0.0,1,1.0,0.0
2014-10-08,-0.03076923076923066,-0.03076923076923066,0.0,0.0,1,1.0,0.0
2014-10-09,0.006802721088435382,0.006802721088435382,0.0,0.0,1,1.0,0.0
2014-10-10,-0.04729729729729726,-0.04729729729729726,0.0,0.0,1,1.0,0.0
2014-10-13,0.026004728132387633,0.026004728132387633,0.0,0.0,1,1.0,0.0
2014-10-14,0.00691244239631339,0.00691244239631339,0.0,0.0,1,1.0,0.0
2014-10-15,0.006864988558352492,0.006864988558352492,0.0,0.0,1,1.0,0.0
2014-10-16,-0.00454545454545463,-0.00454545454545463,0.0,0.0,1,1.0,0.0
2014-10-17,0.01598173515981749,0.01598173515981749,0.0,0.0,1,1.0,0.0
2014-10-20,-0.008988764044943864,-0.008988764044943864,0.0,0.0,1,1.0,0.0
2014-10-21,-0.027210884353741527,-0.027210884353741527,0.0,0.0,1,1.0,0.0
2014-10-22,0.002331002331002363,0.002331002331002363,0.0,0.0,1,1.0,0.0
2014-10-23,0.009302325581395321,0.009302325581395321,0.0,0.0,1,1.0,0.0
2014-10-24,-0.009216589861751112,-0.009216589861751112,0.0,0.0,1,1.0,0.0
2014-10-27,0.027906976744185963,0.027906976744185963,0.0,0.0,1,1.0,0.0
2014-10-28,0.00452488687782826,0.00452488687782826,0.0,0.0,1,1.0,0.0
2014-10-29,0.011261261261261257,0.011261261261261257,0.0,0.0,1,1.0,0.0
2014-10-30,0.04899777282850781,0.04899777282850781,0.0,0.0,1,1.0,0.0
2014-10-31,0.09129511677282376,0.09129511677282376,0.0,0.0,1,1.0,0.0
2014-11-03,0.040856031128404746,0.040856031128404746,0.0,0.0,1,1.0,0.0
2014-11-04,-0.07289719626168223,-0.07289719626168223,0.0,0.0,1,1.0,0.0
2014-11-05,0.032258064516129004,0.032258064516129004,0.0,0.0,1,1.0,0.0
2014-11-06,0.03515625,0.03515625,0.0,0.0,1,1.0,0.0
2014-11-07,-0.0037735849056602655,-0.0037735849056602655,0.0,0.0,1,1.0,0.0
2014-11-10,-0.037878787878787956,-0.037878787878787956,0.0,0.0,1,1.0,0.0
2014-11-11,-0.16535433070866135,-0.16535433070866135,0.0,0.0,1,1.0,0.0
2014-11-12,-0.0424528301886794,-0.0424528301886794,0.0,0.0,1,1.0,0.0
2014-11-13,-0.08374384236453192,-0.08374384236453192,0.0,0.0,1,1.0,0.0
2014-11-14,0.0,0.0,0.0,0.0,1,1.0,0.0
2014-11-17,0.08602150537634401,0.08602150537634401,0.0,0.0,1,1.0,0.0
2014-11-18,-0.01980198019801982,-0.01980198019801982,0.0,0.0,1,1.0,0.0
2014-11-19,-0.005050505050505083,-0.005050505050505083,0.0,0.0,1,1.0,0.0
2014-11-20,-0.0025380710659898,-0.0025380710659898,0.0,0.0,1,1.0,0.0
2014-11-21,0.0050890585241729624,0.0050890585241729624,0.0,0.0,1,1.0,0.0
2014-11-24,0.012658227848101111,0.012658227848101111,0.0,0.0,1,1.0,0.0
2014-11-25,-0.010000000000000009,-0.010000000000000009,0.0,0.0,1,1.0,0.0
2014-11-26,-0.03535353535353536,-0.03535353535353536,0.0,0.0,1,1.0,0.0
2014-11-28,-0.0732984293193717,-0.0732984293193717,0.0,0.0,1,1.0,0.0
2014-12-01,0.016949152542372836,0.016949152542372836,0.0,0.0,1,1.0,0.0
2014-12-02,-0.02777777777777779,-0.02777777777777779,0.0,0.0,1,1.0,0.0
2014-12-03,0.05714285714285716,0.05714285714285716,0.0,0.0,1,1.0,0.0
2014-12-04,-0.027027027027027084,-0.027027027027027084,0.0,0.0,1,1.0,0.0
2014-12-05,-0.03421787709497204,-0.03521787709497204,2.0,0.001,1,1.0,0.0
2014-12-08,0.005113108149984447,0.005113108149984447,0.0,0.0,1,1.0,0.0
2014-12-09,-0.027439024390243816,-0.028439024390243817,2.0,0.001,1,1.0,0.0
2014-12-10,-0.02226394849785407,-0.02326394849785407,2.0,0.001,1,1.0,0.0
2014-12-11,-0.024307270233196232,-0.024307270233196232,0.0,0.0,1,1.0,0.0
2014-12-12,0.040602856821504885,0.040602856821504885,0.0,0.0,1,1.0,0.0
2014-12-15,-0.03264159100734987,-0.03264159100734987,0.0,0.0,1,1.0,0.0
2014-12-16,-0.03932960893854731,-0.03932960893854731,0.0,0.0,1,1.0,0.0
2014-12-17,0.06716678297278422,0.06716678297278422,0.0,0.0,1,1.0,0.0
2014-12-18,0.014767587597406262,0.014767587597406262,0.0,0.0,1,1.0,0.0
2014-12-19,0.03446115288220564,0.033461152882205636,2.0,0.001,1,1.0,0.0
2014-12-22,-0.012719563900666309,-0.012719563900666309,0.0,0.0,1,1.0,0.0
2014-12-23,0.017791411042944683,0.017791411042944683,0.0,0.0,1,1.0,0.0
2014-12-24,0.008137432188065175,0.008137432188065175,0.0,0.0,1,1.0,0.0
2014-12-26,-0.001494768310911887,-0.001494768310911887,0.0,0.0,1,1.0,0.0
2014-12-29,0.014371257485030098,0.014371257485030098,0.0,0.0,1,1.0,0.0
2014-12-30,-0.02066115702479343,-0.02066115702479343,0.0,0.0,1,1.0,0.0
2014-12-31,0.06088004822182036,0.06088004822182036,0.0,0.0,1,1.0,0.0
2015-01-02,-0.039346590909091095,-0.039346590909091095,0.0,0.0,1,1.0,0.0
2015-01-05,-0.04376755877569116,-0.04376755877569116,0.0,0.0,1,1.0,0.0
2015-01-06,0.03061697850626266,0.03061697850626266,0.0,0.0,1,1.0,0.0
2015-01-07,0.015603900975243779,0.015603900975243779,0.0,0.0,1,1.0,0.0
2015-01-08,-0.0085684739252474,-0.0085684739252474,0.0,0.0,1,1.0,0.0
2015-01-09,-0.016212124435367792,-0.017212124435367793,2.0,0.001,1,1.0,0.0
2015-01-12,-0.01677301469170489,-0.01677301469170489,0.0,0.0,1,1.0,0.0
2015-01-13,0.047486304847048855,0.047486304847048855,0.0,0.0,1,1.0,0.0
2015-01-14,-0.1019996815626526,-0.1019996815626526,0.0,0.0,1,1.0,0.0
2015-01-15,0.04783105111798669,0.04783105111798669,0.0,0.0,1,1.0,0.0
2015-01-16,-0.0371462625954595,-0.0371462625954595,0.0,0.0,1,1.0,0.0
2015-01-20,-0.02932798523027491,-0.02932798523027491,0.0,0.0,1,1.0,0.0
2015-01-21,0.03844481869846472,0.03844481869846472,0.0,0.0,1,1.0,0.0
2015-01-22,0.000313246594999983,0.000313246594999983,0.0,0.0,1,1.0,0.0
2015-01-23,0.01939126612547204,0.01939126612547204,0.0,0.0,1,1.0,0.0
2015-01-26,-0.004295986216770076,-0.004295986216770076,0.0,0.0,1,1.0,0.0
2015-01-27,-0.026089032171629833,-0.026089032171629833,0.0,0.0,1,1.0,0.0
2015-01-28,0.03838869583834259,0.03838869583834259,0.0,0.0,1,1.0,0.0
2015-01-29,-0.056368039825204885,-0.056368039825204885,0.0,0.0,1,1.0,0.0
2015-01-30,-0.013022707679166023,-0.013022707679166023,0.0,0.0,1,1.0,0.0
2015-02-02,-0.04558385722814573,-0.04558385722814573,0.0,0.0,1,1.0,0.0
2015-02-03,-0.010968884933237777,-0.010968884933237777,0.0,0.0,1,1.0,0.0
2015-02-04,0.016404993977725546,0.016404993977725546,0.0,0.0,1,1.0,0.0
2015-02-05,-0.02102748607738192,-0.02102748607738192,0.0,0.0,1,1.0,0.0
2015-02-06,-0.019621310206110132,-0.019621310206110132,0.0,0.0,1,1.0,0.0
2015-02-09,0.04204160756089714,0.04204160756089714,0.0,0.0,1,1.0,0.0
2015-02-10,-0.0017047655138360263,-0.0017047655138360263,0.0,0.0,1,1.0,0.0
2015-02-11,0.021971828040197927,0.021971828040197927,0.0,0.0,1,1.0,0.0
2015-02-12,0.010359354167327472,0.010359354167327472,0.0,0.0,1,1.0,0.0
2015-02-13,-0.003968989421767155,-0.003968989421767155,0.0,0.0,1,1.0,0.0
2015-02-17,0.01715733625084659,0.01715733625084659,0.0,0.0,1,1.0,0.0
2015-02-18,0.006202767003878673,0.006202767003878673,0.0,0.0,1,1.0,0.0
2015-02-19,0.009301932811095037,0.009301932811095037,0.0,0.0,1,1.0,0.0
2015-02-20,0.015109338457055976,0.015109338457055976,0.0,0.0,1,1.0,0.0
2015-02-23,-0.009817915246907227,-0.009817915246907227,0.0,0.0,1,1.0,0.0
2015-02-24,0.026653204759717664,0.026653204759717664,0.0,0.0,1,1.0,0.0
2015-02-25,-0.0008308135486515544,-0.0008308135486515544,0.0,0.0,1,1.0,0.0
2015-02-26,-0.00935370821356396,-0.00935370821356396,0.0,0.0,1,1.0,0.0
2015-02-27,0.02182131461760184,0.02182131461760184,0.0,0.0,1,1.0,0.0
2015-03-02,0.015708095006813805,0.015708095006813805,0.0,0.0,1,1.0,0.0
2015-03-03,0.011321252255104719,0.011321252255104719,0.0,0.0,1,1.0,0.0
2015-03-04,0.12173864343725715,0.12173864343725715,0.0,0.0,1,1.0,0.0
2015-03-05,0.008108588130048444,0.008108588130048444,0.0,0.0,1,1.0,0.0
2015-03-06,0.0123739747892746,0.0123739747892746,0.0,0.0,1,1.0,0.0
2015-03-09,0.022524758628930552,0.022524758628930552,0.0,0.0,1,1.0,0.0
2015-03-10,0.009391965340314501,0.009391965340314501,0.0,0.0,1,1.0,0.0
2015-03-11,0.011588957584337534,0.011588957584337534,0.0,0.0,1,1.0,0.0
2015-03-12,0.002842733325345126,0.002842733325345126,0.0,0.0,1,1.0,0.0
2015-03-13,0.030101476926234882,0.030101476926234882,0.0,0.0,1,1.0,0.0
2015-03-16,-0.013356204616192136,-0.013356204616192136,0.0,0.0,1,1.0,0.0
2015-03-17,-0.011732123546013273,-0.011732123546013273,0.0,0.0,1,1.0,0.0
2015-03-18,0.04931114918784485,0.04931114918784485,0.0,0.0,1,1.0,0.0
2015-03-19,-0.012974790941918668,-0.012974790941918668,0.0,0.0,1,1.0,0.0
2015-03-20,-0.038232983531868436,-0.038232983531868436,0.0,0.0,1,1.0,0.0
2015-03-23,0.009917543909341964,0.009917543909341964,0.0,0.0,1,1.0,0.0
2015-03-24,-0.0887937320822968,-0.0887937320822968,0.0,0.0,1,1.0,0.0
2015-03-25,0.011410987723850408,0.011410987723850408,0.0,0.0,1,1.0,0.0
2015-03-26,0.024444729578122715,0.024444729578122715,0.0,0.0,1,1.0,0.0
2015-03-27,0.08285990474691785,0.08285990474691785,0.0,0.0,1,1.0,0.0
2015-03-30,-0.02518372866879026,-0.02518372866879026,0.0,0.0,1,1.0,0.0
2015-03-31,-0.002152480829229919,-0.002152480829229919,0.0,0.0,1,1.0,0.0
2015-04-01,-0.01676230170466153,-0.01676230170466153,0.0,0.0,1,1.0,0.0
2015-04-02,0.01299671845456496,0.01299671845456496,0.0,0.0,1,1.0,0.0
2015-04-06,0.003915953550377882,0.003915953550377882,0.0,0.0,1,1.0,0.0
2015-04-07,0.04290441622078589,0.04290441622078589,0.0,0.0,1,1.0,0.0
2015-04-08,-0.006525079197079675,-0.006525079197079675,0.0,0.0,1,1.0,0.0
2015-04-09,0.0119344104051049,0.0119344104051049,0.0,0.0,1,1.0,0.0
2015-04-10,0.01804638650574364,0.01804638650574364,0.0,0.0,1,1.0,0.0
2015-04-13,0.011506755005102898,0.011506755005102898,0.0,0.0,1,1.0,0.0
2015-04-14,0.017294661636775954,0.017294661636775954,0.0,0.0,1,1.0,0.0
2015-04-15,0.011937580335751319,0.011937580335751319,0.0,0.0,1,1.0,0.0
2015-04-16,-0.01060199118261107,-0.01060199118261107,0.0,0.0,1,1.0,0.0
2015-04-17,-0.0063393804113491825,-0.0063393804113491825,0.0,0.0,1,1.0,0.0
2015-04-20,0.027340809599386118,0.027340809599386118,0.0,0.0,1,1.0,0.0
2015-04-21,0.00901932343530154,0.00901932343530154,0.0,0.0,1,1.0,0.0
2015-04-22,0.026301939971653532,0.026301939971653532,0.0,0.0,1,1.0,0.0
2015-04-23,-0.027269865834306017,-0.027269865834306017,0.0,0.0,1,1.0,0.0
2015-04-24,-0.03038302703125395,-0.03038302703125395,0.0,0.0,1,1.0,0.0
2015-04-27,0.004995397420886949,0.004995397420886949,0.0,0.0,1,1.0,0.0
2015-04-28,-0.0015814498560714485,-0.0015814498560714485,0.0,0.0,1,1.0,0.0
2015-04-29,0.004676338999586305,0.004676338999586305,0.0,0.0,1,1.0,0.0
2015-04-30,0.04317186814641927,0.04317186814641927,0.0,0.0,1,1.0,0.0
2015-05-01,-0.014107115703736017,-0.014107115703736017,0.0,0.0,1,1.0,0.0
2015-05-04,-0.02861727752623333,-0.02861727752623333,0.0,0.0,1,1.0,0.0
2015-05-05,0.04930078692105311,0.04930078692105311,0.0,0.0,1,1.0,0.0
2015-05-06,0.09167800459482156,0.09167800459482156,0.0,0.0,1,1.0,0.0
2015-05-07,0.07413699587782951,0.07413699587782951,0.0,0.0,1,1.0,0.0
2015-05-08,0.010567025203426672,0.010567025203426672,0.0,0.0,1,1.0,0.0
2015-05-11,0.004593123029406954,0.004593123029406954,0.0,0.0,1,1.0,0.0
2015-05-12,-0.03531637342741745,-0.03531637342741745,0.0,0.0,1,1.0,0.0
2015-05-13,-0.018336435523427896,-0.018336435523427896,0.0,0.0,1,1.0,0.0
2015-05-14,-0.018932218444454585,-0.018932218444454585,0.0,0.0,1,1.0,0.0
2015-05-15,0.01282201520082471,0.01282201520082471,0.0,0.0,1,1.0,0.0
2015-05-18,0.09034515648566233,0.09034515648566233,0.0,0.0,1,1.0,0.0
2015-05-19,-0.028264872010057784,-0.028264872010057784,0.0,0.0,1,1.0,0.0
2015-05-20,0.04363079621352761,0.04363079621352761,0.0,0.0,1,1.0,0.0
2015-05-21,0.03145570403529807,0.03145570403529807,0.0,0.0,1,1.0,0.0
2015-05-22,0.02976776232753653,0.02976776232753653,0.0,0.0,1,1.0,0.0
2015-05-26,0.0326637462870174,0.0326637462870174,0.0,0.0,1,1.0,0.0
2015-05-27,0.014919186328332446,0.014919186328332446,0.0,0.0,1,1.0,0.0
2015-05-28,0.008986252951044715,0.008986252951044715,0.0,0.0,1,1.0,0.0
2015-05-29,-0.01683405037683805,-0.01683405037683805,0.0,0.0,1,1.0,0.0
2015-06-01,-0.013142687014544352,-0.013142687014544352,0.0,0.0,1,1.0,0.0
2015-06-02,-0.019631753532789453,-0.019631753532789453,0.0,0.0,1,1.0,0.0
2015-06-03,0.001136466454354057,0.001136466454354057,0.0,0.0,1,1.0,0.0
2015-06-04,0.025137750622708177,0.025137750622708177,0.0,0.0,1,1.0,0.0
2015-06-05,-0.005378786924664869,-0.005378786924664869,0.0,0.0,1,1.0,0.0
2015-06-08,-0.010497725127623703,-0.010497725127623703,0.0,0.0,1,1.0,0.0
2015-06-09,-0.023308512329537123,-0.023308512329537123,0.0,0.0,1,1.0,0.0
2015-06-10,0.02139599574680373,0.02139599574680373,0.0,0.0,1,1.0,0.0
2015-06-11,-0.028843307440913235,-0.028843307440913235,0.0,0.0,1,1.0,0.0
2015-06-12,-0.008351000082808868,-0.008351000082808868,0.0,0.0,1,1.0,0.0
2015-06-15,-0.04829890535049841,-0.04829890535049841,0.0,0.0,1,1.0,0.0
2015-06-16,0.002519820506526438,0.002519820506526438,0.0,0.0,1,1.0,0.0
2015-06-17,0.005319077532562222,0.005319077532562222,0.0,0.0,1,1.0,0.0
2015-06-18,-0.010698840277974297,-0.010698840277974297,0.0,0.0,1,1.0,0.0
2015-06-19,0.04472829478876239,0.04472829478876239,0.0,0.0,1,1.0,0.0
2015-06-22,-0.019353255041794304,-0.019353255041794304,0.0,0.0,1,1.0,0.0
2015-06-23,-0.024152295632698828,-0.024152295632698828,0.0,0.0,1,1.0,0.0
2015-06-24,-0.006878198589151063,-0.006878198589151063,0.0,0.0,1,1.0,0.0
2015-06-25,-0.0192979441626574,-0.0192979441626574,0.0,0.0,1,1.0,0.0
2015-06-26,-0.03863124498909376,-0.03863124498909376,0.0,0.0,1,1.0,0.0
2015-06-29,0.05713562321067278,0.05713562321067278,0.0,0.0,1,1.0,0.0
2015-06-30,-0.03147806361189753,-0.03147806361189753,0.0,0.0,1,1.0,0.0
2015-07-01,0.0008584653186207714,0.0008584653186207714,0.0,0.0,1,1.0,0.0
2015-07-02,6.134675833036063e-05,6.134675833036063e-05,0.0,0.0,1,1.0,0.0
2015-07-06,-0.02217858803057471,-0.02217858803057471,0.0,0.0,1,1.0,0.0
2015-07-07,-0.03114041272298751,-0.03114041272298751,0.0,0.0,1,1.0,0.0
2015-07-08,0.024574382833574715,0.024574382833574715,0.0,0.0,1,1.0,0.0
2015-07-09,0.003787222125911649,0.003787222125911649,0.0,0.0,1,1.0,0.0
2015-07-10,0.030623602550484463,0.030623602550484463,0.0,0.0,1,1.0,0.0
2015-07-13,0.013849712239610401,0.013849712239610401,0.0,0.0,1,1.0,0.0
2015-07-14,0.00986949208102339,0.00986949208102339,0.0,0.0,1,1.0,0.0
2015-07-15,-0.00727038644933975,-0.00727038644933975,0.0,0.0,1,1.0,0.0
2015-07-16,-0.014406304433052575,-0.014406304433052575,0.0,0.0,1,1.0,0.0
2015-07-17,0.006942836011444298,0.006942836011444298,0.0,0.0,1,1.0,0.0
2015-07-20,-0.028427703426481044,-0.028427703426481044,0.0,0.0,1,1.0,0.0
2015-07-21,0.008528631015761512,0.008528631015761512,0.0,0.0,1,1.0,0.0
2015-07-22,0.009506059155868662,0.009506059155868662,0.0,0.0,1,1.0,0.0
2015-07-23,-0.028310857756531305,-0.028310857756531305,0.0,0.0,1,1.0,0.0
2015-07-24,0.003649767944355231,0.003649767944355231,0.0,0.0,1,1.0,0.0
2015-07-27,0.005204208751202977,0.005204208751202977,0.0,0.0,1,1.0,0.0
2015-07-28,-0.008108527762482942,-0.008108527762482942,0.0,0.0,1,1.0,0.0
2015-07-29,0.0009427144978746416,0.0009427144978746416,0.0,0.0,1,1.0,0.0
2015-07-30,0.041842609921612484,0.041842609921612484,0.0,0.0,1,1.0,0.0
2015-07-31,-0.007417570852175981,-0.007417570852175981,0.0,0.0,1,1.0,0.0
2015-08-03,-0.0007896571102344874,-0.0007896571102344874,0.0,0.0,1,1.0,0.0
2015-08-04,0.012403225464143519,0.012403225464143519,0.0,0.0,1,1.0,0.0
2015-08-05,-0.05813450579519064,-0.05813450579519064,0.0,0.0,1,1.0,0.0
2015-08-06,-0.012688825645203683,-0.012688825645203683,0.0,0.0,1,1.0,0.0
2015-08-07,-0.1008136254831179,-0.1008136254831179,0.0,0.0,1,1.0,0.0
2015-08-10,-0.02398914844163902,-0.02398914844163902,0.0,0.0,1,1.0,0.0
2015-08-11,-0.007579598287374423,-0.007579598287374423,0.0,0.0,1,1.0,0.0
2015-08-12,-0.021874423169792268,-0.021874423169792268,0.0,0.0,1,1.0,0.0
2015-08-13,-0.031006143291472887,-0.031006143291472887,0.0,0.0,1,1.0,0.0
2015-08-14,0.030277137387245023,0.030277137387245023,0.0,0.0,1,1.0,0.0
2015-08-17,-0.015794727139183173,-0.015794727139183173,0.0,0.0,1,1.0,0.0
2015-08-18,-0.02006025518090382,-0.02006025518090382,0.0,0.0,1,1.0,0.0
2015-08-19,-0.045350598180074475,-0.045350598180074475,0.0,0.0,1,1.0,0.0
2015-08-20,0.0209479177083427,0.0209479177083427,0.0,0.0,1,1.0,0.0
2015-08-21,-0.03053562563861678,-0.03053562563861678,0.0,0.0,1,1.0,0.0
2015-08-24,0.04216341826331349,0.04216341826331349,0.0,0.0,1,1.0,0.0
2015-08-25,0.0367794919703226,0.0367794919703226,0.0,0.0,1,1.0,0.0
2015-08-26,0.028456730128955332,0.028456730128955332,0.0,0.0,1,1.0,0.0
2015-08-27,0.030819183881230616,0.030819183881230616,0.0,0.0,1,1.0,0.0
2015-08-28,-0.03200725393517301,-0.03200725393517301,0.0,0.0,1,1.0,0.0
2015-08-31,-0.03163738225374235,-0.03163738225374235,0.0,0.0,1,1.0,0.0
2015-09-01,0.022815243998933532,0.022815243998933532,0.0,0.0,1,1.0,0.0
2015-09-02,-0.028224749797886695,-0.028224749797886695,0.0,0.0,1,1.0,0.0
2015-09-03,0.009681986198508019,0.009681986198508019,0.0,0.0,1,1.0,0.0
2015-09-04,0.06789327211434237,0.06789327211434237,0.0,0.0,1,1.0,0.0
2015-09-08,-0.05640853384771438,-0.05640853384771438,0.0,0.0,1,1.0,0.0
2015-09-09,0.01274291175533615,0.01174291175533615,2.0,0.001,1,1.0,0.0
2015-09-10,0.002097095522700876,0.002097095522700876,0.0,0.0,1,1.0,0.0
2015-09-11,0.011614523385999886,0.011614523385999886,0.0,0.0,1,1.0,0.0
2015-09-14,0.037339677285891604,0.037339677285891604,0.0,0.0,1,1.0,0.0
2015-09-15,-0.018845348489380798,-0.018845348489380798,0.0,0.0,1,1.0,0.0
2015-09-16,0.05772357723577226,0.05772357723577226,0.0,0.0,1,1.0,0.0
2015-09-17,0.0009607993850884178,0.0009607993850884178,0.0,0.0,1,1.0,0.0
2015-09-18,-0.011134574774429029,-0.011134574774429029,0.0,0.0,1,1.0,0.0
2015-09-21,-0.0029120559114734768,-0.0029120559114734768,0.0,0.0,1,1.0,0.0
2015-09-22,-0.0031152647975076775,-0.0031152647975076775,0.0,0.0,1,1.0,0.0
2015-09-23,-0.04794921875000013,-0.04794921875000013,0.0,0.0,1,1.0,0.0
2015-09-24,-0.024412760283105905,-0.024412760283105905,0.0,0.0,1,1.0,0.0
2015-09-25,-0.04230118443316411,-0.04330118443316411,2.0,0.001,1,1.0,0.0
2015-09-28,-0.012367491166077826,-0.012367491166077826,0.0,0.0,1,1.0,0.0
2015-09-29,0.003577817531305927,0.003577817531305927,0.0,0.0,1,1.0,0.0
2015-09-30,0.021390374331550888,0.021390374331550888,0.0,0.0,1,1.0,0.0
2015-10-01,0.03141361256544495,0.03141361256544495,0.0,0.0,1,1.0,0.0
2015-10-02,-0.0016920473773265332,-0.0016920473773265332,0.0,0.0,1,1.0,0.0
2015-10-05,-0.02033898305084747,-0.02033898305084747,0.0,0.0,1,1.0,0.0
2015-10-06,0.02249134948096887,0.02249134948096887,0.0,0.0,1,1.0,0.0
2015-10-07,-0.010152284263959421,-0.010152284263959421,0.0,0.0,1,1.0,0.0
2015-10-08,0.023076923076923217,0.023076923076923217,0.0,0.0,1,1.0,0.0
2015-10-09,-0.007772330503407754,-0.008772330503407755,2.0,0.001,1,1.0,0.0
2015-10-12,-0.04325259515570934,-0.04425259515570934,2.0,0.001,1,1.0,0.0
2015-10-13,0.012658227848101111,0.012658227848101111,0.0,0.0,1,1.0,0.0
2015-10-14,0.08458932118238116,0.08358932118238116,2.0,0.001,1,1.0,0.0
2015-10-15,0.003016266293224268,0.003016266293224268,0.0,0.0,1,1.0,0.0
2015-10-16,0.01986897218343886,0.01986897218343886,0.0,0.0,1,1.0,0.0
2015-10-19,-0.005686604886267821,-0.005686604886267821,0.0,0.0,1,1.0,0.0
2015-10-20,-0.009320059309468331,-0.009320059309468331,0.0,0.0,1,1.0,0.0
2015-10-21,-0.06179174684626898,-0.06179174684626898,0.0,0.0,1,1.0,0.0
2015-10-22,0.05697356426618039,0.05697356426618039,0.0,0.0,1,1.0,0.0
2015-10-23,0.002590673575129543,0.0015906735751295429,2.0,0.001,1,1.0,0.0
2015-10-26,0.009474590869939847,0.009474590869939847,0.0,0.0,1,1.0,0.0
2015-10-27,0.0472750451503241,0.0462750451503241,2.0,0.001,1,1.0,0.0
2015-10-28,-0.03130148270181221,-0.03230148270181221,2.0,0.001,1,1.0,0.0
2015-10-29,0.023809523809523725,0.023809523809523725,0.0,0.0,1,1.0,0.0
2015-10-30,0.021594684385382257,0.021594684385382257,0.0,0.0,1,1.0,0.0
2015-11-02,0.006504065040650486,0.006504065040650486,0.0,0.0,1,1.0,0.0
2015-11-03,0.003231017770597644,0.003231017770597644,0.0,0.0,1,1.0,0.0
2015-11-04,-0.011272141706924366,-0.011272141706924366,0.0,0.0,1,1.0,0.0
2015-11-05,0.01384364820846895,0.01384364820846895,0.0,0.0,1,1.0,0.0
2015-11-06,-0.02008032128514059,-0.02008032128514059,0.0,0.0,1,1.0,0.0
2015-11-09,0.03770491803278686,0.03770491803278686,0.0,0.0,1,1.0,0.0
2015-11-10,-0.09320695102685617,-0.09320695102685617,0.0,0.0,1,1.0,0.0
2015-11-11,-0.056620209059233484,-0.056620209059233484,0.0,0.0,1,1.0,0.0
2015-11-12,-0.0027700831024930483,-0.0027700831024930483,0.0,0.0,1,1.0,0.0
2015-11-13,0.014814814814814836,0.014814814814814836,0.0,0.0,1,1.0,0.0
2015-11-16,0.029197080291970767,0.029197080291970767,0.0,0.0,1,1.0,0.0
2015-11-17,0.028368794326241176,0.028368794326241176,0.0,0.0,1,1.0,0.0
2015-11-18,-0.037931034482758585,-0.037931034482758585,0.0,0.0,1,1.0,0.0
2015-11-19,-0.023297491039426466,-0.023297491039426466,0.0,0.0,1,1.0,0.0
2015-11-20,0.0183486238532109,0.0183486238532109,0.0,0.0,1,1.0,0.0
2015-11-23,-0.009009009009009028,-0.009009009009009028,0.0,0.0,1,1.0,0.0
2015-11-24,-0.0018181818181818299,-0.0018181818181818299,0.0,0.0,1,1.0,0.0
2015-11-25,-0.0036429872495447047,-0.0036429872495447047,0.0,0.0,1,1.0,0.0
2015-11-27,-0.09240980258679377,-0.09340980258679377,2.0,0.001,1,1.0,0.0
2015-11-30,0.0448153009563097,0.0448153009563097,0.0,0.0,1,1.0,0.0
2015-12-01,-0.02083333333333337,-0.02183333333333337,2.0,0.001,1,1.0,0.0
2015-12-02,-0.049645390070921835,-0.049645390070921835,0.0,0.0,1,1.0,0.0
2015-12-03,0.00746268656716409,0.00746268656716409,0.0,0.0,1,1.0,0.0
2015-12-04,-0.04444444444444451,-0.04444444444444451,0.0,0.0,1,1.0,0.0
2015-12-07,-0.00387596899224818,-0.00387596899224818,0.0,0.0,1,1.0,0.0
2015-12-08,-0.06420233463035019,-0.06420233463035019,0.0,0.0,1,1.0,0.0
2015-12-09,0.043659043659043606,0.043659043659043606,0.0,0.0,1,1.0,0.0
2015-12-10,-0.04581673306772904,-0.04581673306772904,0.0,0.0,1,1.0,0.0
2015-12-11,0.018789144050104456,0.018789144050104456,0.0,0.0,1,1.0,0.0
2015-12-14,0.002049180327868827,0.002049180327868827,0.0,0.0,1,1.0,0.0
2015-12-15,0.04089979550102263,0.04089979550102263,0.0,0.0,1,1.0,0.0
2015-12-16,-0.011787819253438081,-0.011787819253438081,0.0,0.0,1,1.0,0.0
2015-12-17,-0.007952286282306154,-0.007952286282306154,0.0,0.0,1,1.0,0.0
2015-12-18,-0.002004008016032066,-0.002004008016032066,0.0,0.0,1,1.0,0.0
2015-12-21,0.002008032128514081,0.002008032128514081,0.0,0.0,1,1.0,0.0
2015-12-22,0.10420841683366722,0.10420841683366722,0.0,0.0,1,1.0,0.0
2015-12-23,-0.03992740471869327,-0.03992740471869327,0.0,0.0,1,1.0,0.0
2015-12-24,0.03308128544423439,0.03308128544423439,0.0,0.0,1,1.0,0.0
2015-12-28,0.04483074107959739,0.04483074107959739,0.0,0.0,1,1.0,0.0
2015-12-29,-0.010507880910682998,-0.010507880910682998,0.0,0.0,1,1.0,0.0
2015-12-30,-0.0017699115044248481,-0.0017699115044248481,0.0,0.0,1,1.0,0.0
2015-12-31,-0.02659574468085102,-0.02659574468085102,0.0,0.0,1,1.0,0.0
2016-01-04,-0.040983606557377095,-0.040983606557377095,0.0,0.0,1,1.0,0.0
2016-01-05,0.0047483380816715215,0.0047483380816715215,0.0,0.0,1,1.0,0.0
2016-01-06,-0.036374720585246934,-0.037374720585246934,2.0,0.001,1,1.0,0.0
2016-01-07,-0.043652467313369914,-0.043652467313369914,0.0,0.0,1,1.0,0.0
2016-01-08,-0.055347298787210564,-0.055347298787210564,0.0,0.0,1,1.0,0.0
2016-01-11,0.0028011204481792618,0.0028011204481792618,0.0,0.0,1,1.0,0.0
2016-01-12,-0.06354748603351967,-0.06354748603351967,0.0,0.0,1,1.0,0.0
2016-01-13,0.08078548347004721,0.08078548347004721,0.0,0.0,1,1.0,0.0
2016-01-14,-0.0558035714285714,-0.0568035714285714,2.0,0.001,1,1.0,0.0
2016-01-15,-0.01783748073111635,-0.01883748073111635,2.0,0.001,1,1.0,0.0
2016-01-19,-0.003811659192825112,-0.003811659192825112,0.0,0.0,1,1.0,0.0
2016-01-20,-0.06414584740040519,-0.06414584740040519,0.0,0.0,1,1.0,0.0
2016-01-21,0.011695906432748426,0.010695906432748425,2.0,0.001,1,1.0,0.0
2016-01-22,-0.040664375715922185,-0.041664375715922186,2.0,0.001,1,1.0,0.0
2016-01-25,0.03582089552238821,0.03582089552238821,0.0,0.0,1,1.0,0.0
2016-01-26,-0.04783861671469747,-0.04783861671469747,0.0,0.0,1,1.0,0.0
2016-01-27,0.029661016949152685,0.029661016949152685,0.0,0.0,1,1.0,0.0
2016-01-28,-0.012253596164091607,-0.013253596164091608,2.0,0.001,1,1.0,0.0
2016-01-29,0.042087542087542174,0.04108754208754217,2.0,0.001,1,1.0,0.0
2016-02-01,-0.012924071082390909,-0.012924071082390909,0.0,0.0,1,1.0,0.0
2016-02-02,-0.0155482815057284,-0.0155482815057284,0.0,0.0,1,1.0,0.0
2016-02-03,0.01662510390689942,0.01662510390689942,0.0,0.0,1,1.0,0.0
2016-02-04,-0.12296841459674945,-0.12396841459674945,2.0,0.001,1,1.0,0.0
2016-02-05,-0.1211129296235679,-0.1221129296235679,2.0,0.001,1,1.0,0.0
2016-02-08,0.040968342644320144,0.040968342644320144,0.0,0.0,1,1.0,0.0
2016-02-09,0.009838998211091132,0.009838998211091132,0.0,0.0,1,1.0,0.0
2016-02-10,0.03897254207263079,0.03897254207263079,0.0,0.0,1,1.0,0.0
2016-02-11,0.052855924978687074,0.052855924978687074,0.0,0.0,1,1.0,0.0
2016-02-12,0.018418201516793076,0.017418201516793075,2.0,0.001,1,1.0,0.0
2016-02-16,0.02659574468085113,0.02659574468085113,0.0,0.0,1,1.0,0.0
2016-02-17,-0.005181347150259086,-0.005181347150259086,0.0,0.0,1,1.0,0.0
2016-02-18,-0.0031249999999999334,-0.0031249999999999334,0.0,0.0,1,1.0,0.0
2016-02-19,0.01880877742946696,0.01880877742946696,0.0,0.0,1,1.0,0.0
2016-02-22,-0.022564102564102684,-0.022564102564102684,0.0,0.0,1,1.0,0.0
2016-02-23,0.07210884353741509,0.07110884353741509,2.0,0.001,1,1.0,0.0
2016-02-24,0.0,0.0,0.0,0.0,1,1.0,0.0
2016-02-25,-0.027918781725888242,-0.027918781725888242,0.0,0.0,1,1.0,0.0
2016-02-26,0.050913838120104415,0.050913838120104415,0.0,0.0,1,1.0,0.0
2016-02-29,0.027329192546583725,0.027329192546583725,0.0,0.0,1,1.0,0.0
2016-03-01,0.006045949214026791,0.006045949214026791,0.0,0.0,1,1.0,0.0
2016-03-02,-0.01562500000000011,-0.01562500000000011,0.0,0.0,1,1.0,0.0
2016-03-03,-0.0024420024420024333,-0.0024420024420024333,0.0,0.0,1,1.0,0.0
2016-03-04,0.008567931456548328,0.008567931456548328,0.0,0.0,1,1.0,0.0
2016-03-07,-0.004854368932038944,-0.004854368932038944,0.0,0.0,1,1.0,0.0
2016-03-08,-0.026323374003266453,-0.027323374003266454,2.0,0.001,1,1.0,0.0
2016-03-09,-0.043050430504305126,-0.04405043050430513,2.0,0.001,1,1.0,0.0
2016-03-10,-0.0012853470437018677,-0.0012853470437018677,0.0,0.0,1,1.0,0.0
2016-03-11,0.0463929482718628,0.0453929482718628,2.0,0.001,1,1.0,0.0
2016-03-14,0.012364294330518666,0.011364294330518665,2.0,0.001,1,1.0,0.0
2016-03-15,0.0899612749478702,0.0899612749478702,0.0,0.0,1,1.0,0.0
2016-03-16,-0.011934043909993641,-0.011934043909993641,0.0,0.0,1,1.0,0.0
2016-03-17,0.00875898948921261,0.00875898948921261,0.0,0.0,1,1.0,0.0
2016-03-18,-0.007403345215245549,-0.007403345215245549,0.0,0.0,1,1.0,0.0
2016-03-21,0.009830748961183744,0.008830748961183743,2.0,0.001,1,1.0,0.0
2016-03-22,-0.05933363760839805,-0.06033363760839805,2.0,0.001,1,1.0,0.0
2016-03-23,0.03619602134885991,0.03619602134885991,0.0,0.0,1,1.0,0.0
2016-03-24,-0.0020603109196478675,-0.0020603109196478675,0.0,0.0,1,1.0,0.0
2016-03-28,0.0767642642642643,0.0767642642642643,0.0,0.0,1,1.0,0.0
2016-03-29,-0.017169252222415943,-0.017169252222415943,0.0,0.0,1,1.0,0.0
2016-03-30,-0.017469185066950388,-0.017469185066950388,0.0,0.0,1,1.0,0.0
2016-03-31,-0.0007220216606499408,-0.0007220216606499408,0.0,0.0,1,1.0,0.0
2016-04-01,-0.05671965317919059,-0.05671965317919059,0.0,0.0,1,1.0,0.0
2016-04-04,0.02096897740329373,0.02096897740329373,0.0,0.0,1,1.0,0.0
2016-04-05,-0.0047828941198536645,-0.0047828941198536645,0.0,0.0,1,1.0,0.0
2016-04-06,0.018563889935921507,0.018563889935921507,0.0,0.0,1,1.0,0.0
2016-04-07,0.008788972152835584,0.008788972152835584,0.0,0.0,1,1.0,0.0
2016-04-08,0.08437270726338952,0.08437270726338952,0.0,0.0,1,1.0,0.0
2016-04-11,0.009895128552097399,0.009895128552097399,0.0,0.0,1,1.0,0.0
2016-04-12,-0.038522736789213696,-0.038522736789213696,0.0,0.0,1,1.0,0.0
2016-04-13,-0.04642452748018466,-0.04642452748018466,0.0,0.0,1,1.0,0.0
2016-04-14,0.01936426744610875,0.01936426744610875,0.0,0.0,1,1.0,0.0
2016-04-15,-0.028853046594982112,-0.028853046594982112,0.0,0.0,1,1.0,0.0
2016-04-18,0.04585716921941341,0.04585716921941341,0.0,0.0,1,1.0,0.0
2016-04-19,-0.04252315835906495,-0.04252315835906495,0.0,0.0,1,1.0,0.0
2016-04-20,0.012807518658435546,0.012807518658435546,0.0,0.0,1,1.0,0.0
2016-04-21,-0.04321324599708887,-0.04321324599708887,0.0,0.0,1,1.0,0.0
2016-04-22,-0.02776457164590662,-0.02776457164590662,0.0,0.0,1,1.0,0.0
2016-04-25,-0.007139364303178519,-0.007139364303178519,0.0,0.0,1,1.0,0.0
2016-04-26,-0.004400440044004306,-0.005400440044004306,2.0,0.001,1,1.0,0.0
2016-04-27,0.04490500863557867,0.04390500863557867,2.0,0.001,1,1.0,0.0
2016-04-28,0.03278236914600541,0.03278236914600541,0.0,0.0,1,1.0,0.0
2016-04-29,-0.03823241753356443,-0.03823241753356443,0.0,0.0,1,1.0,0.0
2016-05-02,-0.026347416104280263,-0.026347416104280263,0.0,0.0,1,1.0,0.0
2016-05-03,-0.04510064565134819,-0.04510064565134819,0.0,0.0,1,1.0,0.0
2016-05-04,0.06612309833946495,0.06612309833946495,0.0,0.0,1,1.0,0.0
2016-05-05,0.029938444320089408,0.029938444320089408,0.0,0.0,1,1.0,0.0
2016-05-06,-0.12632436837815808,-0.12632436837815808,0.0,0.0,1,1.0,0.0
2016-05-09,0.03327114427860689,0.03327114427860689,0.0,0.0,1,1.0,0.0
2016-05-10,0.04834988464239154,0.04834988464239154,0.0,0.0,1,1.0,0.0
2016-05-11,-0.05798488182949002,-0.05798488182949002,0.0,0.0,1,1.0,0.0
2016-05-12,0.023768410360589076,0.023768410360589076,0.0,0.0,1,1.0,0.0
2016-05-13,-0.0006945133445779295,-0.0006945133445779295,0.0,0.0,1,1.0,0.0
2016-05-16,-0.03196981731532955,-0.03196981731532955,0.0,0.0,1,1.0,0.0
2016-05-17,-0.0898461538461538,-0.0898461538461538,0.0,0.0,1,1.0,0.0
2016-05-18,0.008226279017353955,0.008226279017353955,0.0,0.0,1,1.0,0.0
2016-05-19,0.008159159494802726,0.008159159494802726,0.0,0.0,1,1.0,0.0
2016-05-20,-0.014634146341463428,-0.014634146341463428,0.0,0.0,1,1.0,0.0
2016-05-23,-0.0517551755175516,-0.0517551755175516,0.0,0.0,1,1.0,0.0
2016-05-24,0.032154722354057697,0.032154722354057697,0.0,0.0,1,1.0,0.0
2016-05-25,-0.009942920272509759,-0.01094292027250976,2.0,0.001,1,1.0,0.0
2016-05-26,-0.05132973777199179,-0.05132973777199179,0.0,0.0,1,1.0,0.0
2016-05-27,0.006763379729464836,0.006763379729464836,0.0,0.0,1,1.0,0.0
2016-05-31,0.007051449464612114,0.006051449464612114,2.0,0.001,1,1.0,0.0
2016-06-01,0.009336099585062207,0.009336099585062207,0.0,0.0,1,1.0,0.0
2016-06-02,0.14799588900308325,0.14799588900308325,0.0,0.0,1,1.0,0.0
2016-06-03,-0.024750371786700698,-0.0257503717867007,2.0,0.001,1,1.0,0.0
2016-06-06,-0.019932469229931415,-0.019932469229931415,0.0,0.0,1,1.0,0.0
2016-06-07,0.048677483885307904,0.048677483885307904,0.0,0.0,1,1.0,0.0
2016-06-08,0.023151125401929207,0.022151125401929206,2.0,0.001,1,1.0,0.0
2016-06-09,-0.024512884978001304,-0.024512884978001304,0.0,0.0,1,1.0,0.0
2016-06-10,0.010421755414427691,0.00942175541442769,2.0,0.001,1,1.0,0.0
2016-06-13,-0.026188557614826746,-0.026188557614826746,0.0,0.0,1,1.0,0.0
2016-06-14,0.05213074058750511,0.05213074058750511,0.0,0.0,1,1.0,0.0
2016-06-15,-0.036413684624459264,-0.036413684624459264,0.0,0.0,1,1.0,0.0
2016-06-16,-0.014446620959843393,-0.014446620959843393,0.0,0.0,1,1.0,0.0
2016-06-17,0.040000000000000036,0.040000000000000036,0.0,0.0,1,1.0,0.0
2016-06-20,-0.024366937410415623,-0.024366937410415623,0.0,0.0,1,1.0,0.0
2016-06-21,0.0024485798237021683,0.0024485798237021683,0.0,0.0,1,1.0,0.0
2016-06-22,-0.004803777886337679,-0.004803777886337679,0.0,0.0,1,1.0,0.0
2016-06-23,0.05399656385502727,0.05399656385502727,0.0,0.0,1,1.0,0.0
2016-06-24,-0.046650624854459255,-0.046650624854459255,0.0,0.0,1,1.0,0.0
2016-06-27,0.010421755414427691,0.010421755414427691,0.0,0.0,1,1.0,0.0
2016-06-28,0.042062852538275575,0.042062852538275575,0.0,0.0,1,1.0,0.0
2016-06-29,0.0351067120321682,0.0351067120321682,0.0,0.0,1,1.0,0.0
2016-06-30,0.08979530853130147,0.08979530853130147,0.0,0.0,1,1.0,0.0
2016-07-01,0.00945982999725814,0.00945982999725814,0.0,0.0,1,1.0,0.0
2016-07-05,0.025465163656118506,0.025465163656118506,0.0,0.0,1,1.0,0.0
2016-07-06,-0.030660221177405522,-0.030660221177405522,0.0,0.0,1,1.0,0.0
2016-07-07,0.07542013936330116,0.07542013936330116,0.0,0.0,1,1.0,0.0
2016-07-08,0.030047008004065567,0.030047008004065567,0.0,0.0,1,1.0,0.0
2016-07-11,-0.06321307431390688,-0.06321307431390688,0.0,0.0,1,1.0,0.0
2016-07-12,0.0973008558262014,0.0973008558262014,0.0,0.0,1,1.0,0.0
2016-07-13,0.0017998560115191076,0.0017998560115191076,0.0,0.0,1,1.0,0.0
2016-07-14,-0.010061085159899341,-0.010061085159899341,0.0,0.0,1,1.0,0.0
2016-07-15,0.003569267997580061,0.003569267997580061,0.0,0.0,1,1.0,0.0
2016-07-18,-0.009464102718669043,-0.009464102718669043,0.0,0.0,1,1.0,0.0
2016-07-19,-0.09542356377799399,-0.09542356377799399,0.0,0.0,1,1.0,0.0
2016-07-20,0.05375403659849298,0.05375403659849298,0.0,0.0,1,1.0,0.0
2016-07-21,-0.018898039966800728,-0.018898039966800728,0.0,0.0,1,1.0,0.0
2016-07-22,-0.04236350621461582,-0.04236350621461582,0.0,0.0,1,1.0,0.0
2016-07-25,0.048246806197336234,0.048246806197336234,0.0,0.0,1,1.0,0.0
2016-07-26,0.05626863736548682,0.05626863736548682,0.0,0.0,1,1.0,0.0
2016-07-27,0.0005523505584879018,0.0005523505584879018,0.0,0.0,1,1.0,0.0
2016-07-28,0.04839600073606065,0.04839600073606065,0.0,0.0,1,1.0,0.0
2016-07-29,0.031125672829393825,0.031125672829393825,0.0,0.0,1,1.0,0.0
2016-08-01,0.00896504766227868,0.00896504766227868,0.0,0.0,1,1.0,0.0
2016-08-02,0.008885389719941683,0.008885389719941683,0.0,0.0,1,1.0,0.0
2016-08-03,0.005462653288740293,0.005462653288740293,0.0,0.0,1,1.0,0.0
2016-08-04,-0.025668034150127528,-0.025668034150127528,0.0,0.0,1,1.0,0.0
2016-08-05,0.01849217638691325,0.01849217638691325,0.0,0.0,1,1.0,0.0
2016-08-08,0.014357541899441495,0.014357541899441495,0.0,0.0,1,1.0,0.0
2016-08-09,-0.009252629839731186,-0.009252629839731186,0.0,0.0,1,1.0,0.0
2016-08-10,0.004391572627717055,0.004391572627717055,0.0,0.0,1,1.0,0.0
2016-08-11,-0.012563648439229635,-0.012563648439229635,0.0,0.0,1,1.0,0.0
2016-08-12,-0.033686452553108204,-0.033686452553108204,0.0,0.0,1,1.0,0.0
2016-08-15,-0.026334106728538087,-0.026334106728538087,0.0,0.0,1,1.0,0.0
2016-08-16,-0.03401644227332312,-0.03401644227332312,0.0,0.0,1,1.0,0.0
2016-08-17,-0.006722170829478791,-0.006722170829478791,0.0,0.0,1,1.0,0.0
2016-08-18,0.041189931350114284,0.04018993135011428,2.0,0.001,1,1.0,0.0
2016-08-19,-0.03240740740740744,-0.03340740740740744,2.0,0.001,1,1.0,0.0
2016-08-22,-0.01844532279314892,-0.01844532279314892,0.0,0.0,1,1.0,0.0
2016-08-23,-0.08640056517131744,-0.08640056517131744,0.0,0.0,1,1.0,0.0
2016-08-24,0.028224559232910673,0.028224559232910673,0.0,0.0,1,1.0,0.0
2016-08-25,-0.022260660299315727,-0.022260660299315727,0.0,0.0,1,1.0,0.0
2016-08-26,0.008383970463810453,0.008383970463810453,0.0,0.0,1,1.0,0.0
2016-08-29,-0.07070938215102973,-0.07070938215102973,0.0,0.0,1,1.0,0.0
2016-08-30,-0.027497332348354164,-0.027497332348354164,0.0,0.0,1,1.0,0.0
2016-08-31,-0.01915935178933159,-0.01915935178933159,0.0,0.0,1,1.0,0.0
2016-09-01,0.04922123741502449,0.04922123741502449,0.0,0.0,1,1.0,0.0
2016-09-02,0.07676535717214805,0.07676535717214805,0.0,0.0,1,1.0,0.0
2016-09-06,0.002285017899307018,0.002285017899307018,0.0,0.0,1,1.0,0.0
2016-09-07,0.001519872330724148,0.001519872330724148,0.0,0.0,1,1.0,0.0
2016-09-08,-0.07929281432582136,-0.07929281432582136,0.0,0.0,1,1.0,0.0
2016-09-09,-0.00247239162683377,-0.00247239162683377,0.0,0.0,1,1.0,0.0
2016-09-12,-0.03825181758096485,-0.03825181758096485,0.0,0.0,1,1.0,0.0
2016-09-13,0.0,0.0,0.0,0.0,1,1.0,0.0
2016-09-14,-0.012713684391375324,-0.012713684391375324,0.0,0.0,1,1.0,0.0
2016-09-15,-0.028278082310971953,-0.028278082310971953,0.0,0.0,1,1.0,0.0
2016-09-16,0.022922636103151817,0.022922636103151817,0.0,0.0,1,1.0,0.0
2016-09-19,0.0007957981855801766,-0.00020420181441982346,2.0,0.001,1,1.0,0.0
2016-09-20,0.054786895674300284,0.054786895674300284,0.0,0.0,1,1.0,0.0
2016-09-21,-0.02110817941952514,-0.02110817941952514,0.0,0.0,1,1.0,0.0
2016-09-22,-0.03380824027724294,-0.03380824027724294,0.0,0.0,1,1.0,0.0
2016-09-23,-0.020119072059125553,-0.021119072059125554,2.0,0.001,1,1.0,0.0
2016-09-26,-0.0033521893987010776,-0.0033521893987010776,0.0,0.0,1,1.0,0.0
2016-09-27,0.04099222198864827,0.04099222198864827,0.0,0.0,1,1.0,0.0
2016-09-28,-0.03937802907915999,-0.03937802907915999,0.0,0.0,1,1.0,0.0
2016-09-29,0.006726928736598747,0.006726928736598747,0.0,0.0,1,1.0,0.0
2016-09-30,-0.01177879816330607,-0.012778798163306071,2.0,0.001,1,1.0,0.0
2016-10-03,0.004040404040403844,0.004040404040403844,0.0,0.0,1,1.0,0.0
2016-10-04,-0.03012912482065988,-0.03112912482065988,2.0,0.001,1,1.0,0.0
2016-10-05,0.03275570583262888,0.03275570583262888,0.0,0.0,1,1.0,0.0
2016-10-06,-0.006752608962553586,-0.006752608962553586,0.0,0.0,1,1.0,0.0
2016-10-07,0.07066337041615167,0.07066337041615167,0.0,0.0,1,1.0,0.0
2016-10-10,0.009236097748701155,0.009236097748701155,0.0,0.0,1,1.0,0.0
2016-10-11,-0.012392755004766554,-0.012392755004766554,0.0,0.0,1,1.0,0.0
2016-10-12,0.04729729729729737,0.04729729729729737,0.0,0.0,1,1.0,0.0
2016-10-13,-0.013640552995391686,-0.013640552995391686,0.0,0.0,1,1.0,0.0
2016-10-14,0.0,0.0,0.0,0.0,1,1.0,0.0
2016-10-17,0.06241823958138659,0.06241823958138659,0.0,0.0,1,1.0,0.0
2016-10-18,-0.005628847845206675,-0.005628847845206675,0.0,0.0,1,1.0,0.0
2016-10-19,0.001415177781708854,0.001415177781708854,0.0,0.0,1,1.0,0.0
2016-10-20,0.017311429076135143,0.017311429076135143,0.0,0.0,1,1.0,0.0
2016-10-21,-0.0007209805335255393,-0.0017209805335255393,2.0,0.001,1,1.0,0.0
2016-10-24,-0.021645021645021578,-0.021645021645021578,0.0,0.0,1,1.0,0.0
2016-10-25,-0.0103244837758113,-0.0103244837758113,0.0,0.0,1,1.0,0.0
2016-10-26,-0.0804769001490313,-0.0804769001490313,0.0,0.0,1,1.0,0.0
2016-10-27,0.01296596434359798,0.01296596434359798,0.0,0.0,1,1.0,0.0
2016-10-28,0.022399999999999975,0.022399999999999975,0.0,0.0,1,1.0,0.0
2016-10-31,-0.020344287949921713,-0.020344287949921713,0.0,0.0,1,1.0,0.0
2016-11-01,-0.12939297124600635,-0.12939297124600635,0.0,0.0,1,1.0,0.0
2016-11-02,-0.12293577981651371,-0.12293577981651371,0.0,0.0,1,1.0,0.0
2016-11-03,0.14853556485355646,0.14853556485355646,0.0,0.0,1,1.0,0.0
2016-11-04,-0.05737704918032793,-0.05737704918032793,0.0,0.0,1,1.0,0.0
2016-11-07,-0.02995169082125604,-0.02995169082125604,0.0,0.0,1,1.0,0.0
2016-11-08,0.019920318725099806,0.019920318725099806,0.0,0.0,1,1.0,0.0
2016-11-09,-0.033203125,-0.033203125,0.0,0.0,1,1.0,0.0
2016-11-10,-0.03636363636363649,-0.03636363636363649,0.0,0.0,1,1.0,0.0
2016-11-11,-0.02935010482180289,-0.02935010482180289,0.0,0.0,1,1.0,0.0
2016-11-14,0.03239740820734349,0.03239740820734349,0.0,0.0,1,1.0,0.0
2016-11-15,0.004184100418409997,0.004184100418409997,0.0,0.0,1,1.0,0.0
2016-11-16,0.04583333333333339,0.04583333333333339,0.0,0.0,1,1.0,0.0
2016-11-17,0.028112449799196915,0.027112449799196914,2.0,0.001,1,1.0,0.0
2016-11-18,0.08097165991902822,0.07997165991902822,2.0,0.001,1,1.0,0.0
2016-11-21,0.0,-0.001,2.0,0.001,1,1.0,0.0
2016-11-22,-0.027272727272727337,-0.027272727272727337,0.0,0.0,1,1.0,0.0
2016-11-23,0.028037383177570208,0.028037383177570208,0.0,0.0,1,1.0,0.0
2016-11-25,0.03320279243997937,0.032202792439979366,2.0,0.001,1,1.0,0.0
2016-11-28,0.012030323005932875,0.012030323005932875,0.0,0.0,1,1.0,0.0
2016-11-29,-0.0039081582804103565,-0.0039081582804103565,0.0,0.0,1,1.0,0.0
2016-11-30,-0.05590975968612055,-0.05590975968612055,0.0,0.0,1,1.0,0.0
2016-12-01,0.035518485544257405,0.034518485544257405,2.0,0.001,1,1.0,0.0
2016-12-02,-0.013090394480806622,-0.014090394480806623,2.0,0.001,1,1.0,0.0
2016-12-05,0.01613192328374269,0.01613192328374269,0.0,0.0,1,1.0,0.0
2016-12-06,-0.014546928481354748,-0.01554692848135475,2.0,0.001,1,1.0,0.0
2016-12-07,-0.04615876788080986,-0.04615876788080986,0.0,0.0,1,1.0,0.0
2016-12-08,-0.06765368214268597,-0.06765368214268597,0.0,0.0,1,1.0,0.0
2016-12-09,-0.024137931034482696,-0.025137931034482697,2.0,0.001,1,1.0,0.0
2016-12-12,-0.11749116607773857,-0.11749116607773857,0.0,0.0,1,1.0,0.0
2016-12-13,-0.025636992765020516,-0.026636992765020517,2.0,0.001,1,1.0,0.0
2016-12-14,0.06907894736842124,0.06807894736842124,2.0,0.001,1,1.0,0.0
2016-12-15,0.011282051282051286,0.011282051282051286,0.0,0.0,1,1.0,0.0
2016-12-16,-0.0608519269776876,-0.0608519269776876,0.0,0.0,1,1.0,0.0
2016-12-19,0.04713617116113222,0.04613617116113222,2.0,0.001,1,1.0,0.0
2016-12-20,-0.02085772054911139,-0.02085772054911139,0.0,0.0,1,1.0,0.0
2016-12-21,-0.017552439952179144,-0.017552439952179144,0.0,0.0,1,1.0,0.0
2016-12-22,-0.008739421428176408,-0.008739421428176408,0.0,0.0,1,1.0,0.0
2016-12-23,0.023380391719212135,0.023380391719212135,0.0,0.0,1,1.0,0.0
2016-12-27,-0.0071428571428571175,-0.0071428571428571175,0.0,0.0,1,1.0,0.0
2016-12-28,-0.025866329836893853,-0.025866329836893853,0.0,0.0,1,1.0,0.0
2016-12-29,-0.01426316382906756,-0.01426316382906756,0.0,0.0,1,1.0,0.0
2016-12-30,0.007492136116671544,0.007492136116671544,0.0,0.0,1,1.0,0.0
2017-01-03,0.022309264305177212,0.022309264305177212,0.0,0.0,1,1.0,0.0
2017-01-04,0.04508856682769724,0.04508856682769724,0.0,0.0,1,1.0,0.0
2017-01-05,-0.024600180649274828,-0.024600180649274828,0.0,0.0,1,1.0,0.0
2017-01-06,-0.011874931909794051,-0.011874931909794051,0.0,0.0,1,1.0,0.0
2017-01-09,0.07844542447629532,0.07844542447629532,0.0,0.0,1,1.0,0.0
2017-01-10,0.07003015897357256,0.07003015897357256,0.0,0.0,1,1.0,0.0
2017-01-11,0.002914059141069014,0.002914059141069014,0.0,0.0,1,1.0,0.0
2017-01-12,0.0266266552348291,0.0266266552348291,0.0,0.0,1,1.0,0.0
2017-01-13,-0.043752609845497226,-0.043752609845497226,0.0,0.0,1,1.0,0.0
2017-01-17,0.004221251819505056,0.004221251819505056,0.0,0.0,1,1.0,0.0
2017-01-18,-0.04443200895355348,-0.04543200895355348,2.0,0.001,1,1.0,0.0
2017-01-19,-0.002777777777777879,-0.003777777777777879,2.0,0.001,1,1.0,0.0
2017-01-20,-0.03260869565217395,-0.03360869565217395,2.0,0.001,1,1.0,0.0
2017-01-23,0.053481331987890846,0.052481331987890845,2.0,0.001,1,1.0,0.0
2017-01-24,0.012370223105809375,0.011370223105809374,2.0,0.001,1,1.0,0.0
2017-01-25,-0.028976652847479745,-0.028976652847479745,0.0,0.0,1,1.0,0.0
2017-01-26,-0.010965799289919587,-0.010965799289919587,0.0,0.0,1,1.0,0.0
2017-01-27,-0.005623242736644829,-0.006623242736644829,2.0,0.001,1,1.0,0.0
2017-01-30,0.010281079041690289,0.009281079041690288,2.0,0.001,1,1.0,0.0
2017-01-31,0.1629701060752171,0.1619701060752171,2.0,0.001,1,1.0,0.0
2017-02-01,0.018242122719734466,0.018242122719734466,0.0,0.0,1,1.0,0.0
2017-02-02,-0.0032573289902279035,-0.0032573289902279035,0.0,0.0,1,1.0,0.0
2017-02-03,0.11356209150326801,0.11356209150326801,0.0,0.0,1,1.0,0.0
2017-02-06,-0.024944974321350122,-0.024944974321350122,0.0,0.0,1,1.0,0.0
2017-02-07,0.02031602708803626,0.02031602708803626,0.0,0.0,1,1.0,0.0
2017-02-08,-0.0103244837758113,-0.0103244837758113,0.0,0.0,1,1.0,0.0
2017-02-09,0.011922503725782407,0.011922503725782407,0.0,0.0,1,1.0,0.0
2017-02-10,0.03658536585365857,0.03558536585365857,2.0,0.001,1,1.0,0.0
2017-02-13,-0.02588235294117658,-0.02588235294117658,0.0,0.0,1,1.0,0.0
2017-02-14,0.0024154589371983004,0.0024154589371983004,0.0,0.0,1,1.0,0.0
2017-02-15,-0.06867469879518073,-0.06867469879518073,0.0,0.0,1,1.0,0.0
2017-02-16,0.002587322121604174,0.002587322121604174,0.0,0.0,1,1.0,0.0
2017-02-17,-0.032258064516129004,-0.032258064516129004,0.0,0.0,1,1.0,0.0
2017-02-21,0.02400000000000002,0.02400000000000002,0.0,0.0,1,1.0,0.0
2017-02-22,0.03776041666666674,0.03776041666666674,0.0,0.0,1,1.0,0.0
2017-02-23,-0.06524466750313673,-0.06524466750313673,0.0,0.0,1,1.0,0.0
2017-02-24,-0.0738255033557047,-0.0738255033557047,0.0,0.0,1,1.0,0.0
2017-02-27,-0.00014492753623196464,-0.00014492753623196464,0.0,0.0,1,1.0,0.0
2017-02-28,0.05957385128279458,0.05957385128279458,0.0,0.0,1,1.0,0.0
2017-03-01,-0.05608755129958953,-0.05608755129958953,0.0,0.0,1,1.0,0.0
2017-03-02,0.0014492753623187582,0.0014492753623187582,0.0,0.0,1,1.0,0.0
2017-03-03,-0.0028943560057888007,-0.0028943560057888007,0.0,0.0,1,1.0,0.0
2017-03-06,-0.0522496371552974,-0.0522496371552974,0.0,0.0,1,1.0,0.0
2017-03-07,-0.024502297090352232,-0.024502297090352232,0.0,0.0,1,1.0,0.0
2017-03-08,0.004709576138147709,0.004709576138147709,0.0,0.0,1,1.0,0.0
2017-03-09,0.002187499999999787,0.002187499999999787,0.0,0.0,1,1.0,0.0
2017-03-10,0.00093545369504211,0.00093545369504211,0.0,0.0,1,1.0,0.0
2017-03-13,-0.010903426791277315,-0.010903426791277315,0.0,0.0,1,1.0,0.0
2017-03-14,0.05307086614173229,0.05307086614173229,0.0,0.0,1,1.0,0.0
2017-03-15,-0.021982951996410982,-0.021982951996410982,0.0,0.0,1,1.0,0.0
2017-03-16,-0.007645259938837912,-0.007645259938837912,0.0,0.0,1,1.0,0.0
2017-03-17,-0.04930662557781207,-0.04930662557781207,0.0,0.0,1,1.0,0.0
2017-03-20,-0.0016207455429497752,-0.0016207455429497752,0.0,0.0,1,1.0,0.0
2017-03-21,0.03149350649350646,0.03149350649350646,0.0,0.0,1,1.0,0.0
2017-03-22,0.04186339313818066,0.04186339313818066,0.0,0.0,1,1.0,0.0
2017-03-23,0.024169184290030232,0.024169184290030232,0.0,0.0,1,1.0,0.0
2017-03-24,-0.017699115044247815,-0.017699115044247815,0.0,0.0,1,1.0,0.0
2017-03-27,-0.016816816816816793,-0.016816816816816793,0.0,0.0,1,1.0,0.0
2017-03-28,0.00030543677458760854,0.00030543677458760854,0.0,0.0,1,1.0,0.0
2017-03-29,0.0015267175572519776,0.0015267175572519776,0.0,0.0,1,1.0,0.0
2017-03-30,0.018292682926829285,0.018292682926829285,0.0,0.0,1,1.0,0.0
2017-03-31,-0.0029940119760478723,-0.0029940119760478723,0.0,0.0,1,1.0,0.0
2017-04-03,0.058558558558558405,0.058558558558558405,0.0,0.0,1,1.0,0.0
2017-04-04,0.02411347517730489,0.02411347517730489,0.0,0.0,1,1.0,0.0
2017-04-05,0.011080332409972415,0.011080332409972415,0.0,0.0,1,1.0,0.0
2017-04-06,-0.004109589041095929,-0.004109589041095929,0.0,0.0,1,1.0,0.0
2017-04-07,0.005502063273727709,0.005502063273727709,0.0,0.0,1,1.0,0.0
2017-04-10,-0.0109439124487003,-0.0109439124487003,0.0,0.0,1,1.0,0.0
2017-04-11,0.0,0.0,0.0,0.0,1,1.0,0.0
2017-04-12,-0.03526645768025072,-0.03626645768025072,2.0,0.001,1,1.0,0.0
2017-04-13,0.03899268887083651,0.03899268887083651,0.0,0.0,1,1.0,0.0
2017-04-17,0.012509773260359625,0.012509773260359625,0.0,0.0,1,1.0,0.0
2017-04-18,0.00766283524904221,0.00666283524904221,2.0,0.001,1,1.0,0.0
2017-04-19,0.02102803738317749,0.02002803738317749,2.0,0.001,1,1.0,0.0
2017-04-20,-0.008390541571319576,-0.008390541571319576,0.0,0.0,1,1.0,0.0
2017-04-21,0.010000000000000009,0.010000000000000009,0.0,0.0,1,1.0,0.0
2017-04-24,-0.01834862385321101,-0.01934862385321101,2.0,0.001,1,1.0,0.0
2017-04-25,-0.03906882591093119,-0.040068825910931194,2.0,0.001,1,1.0,0.0
2017-04-26,0.039814619759848346,0.039814619759848346,0.0,0.0,1,1.0,0.0
2017-04-27,0.000607779578606138,0.000607779578606138,0.0,0.0,1,1.0,0.0
2017-04-28,0.014982790038469362,0.014982790038469362,0.0,0.0,1,1.0,0.0
2017-05-01,-0.056453221623778305,-0.056453221623778305,0.0,0.0,1,1.0,0.0
2017-05-02,-0.01754756871035934,-0.01754756871035934,0.0,0.0,1,1.0,0.0
2017-05-03,0.007316548310738247,0.007316548310738247,0.0,0.0,1,1.0,0.0
2017-05-04,0.195471053193762,0.195471053193762,0.0,0.0,1,1.0,0.0
2017-05-05,0.02555396711937097,0.02555396711937097,0.0,0.0,1,1.0,0.0
2017-05-08,0.08224429343091133,0.08224429343091133,0.0,0.0,1,1.0,0.0
2017-05-09,0.04604733537272576,0.04604733537272576,0.0,0.0,1,1.0,0.0
2017-05-10,-0.011389872248730115,-0.011389872248730115,0.0,0.0,1,1.0,0.0
2017-05-11,0.01899423945196954,0.01899423945196954,0.0,0.0,1,1.0,0.0
2017-05-12,-0.022001527883880767,-0.022001527883880767,0.0,0.0,1,1.0,0.0
2017-05-15,0.014997656616153598,0.014997656616153598,0.0,0.0,1,1.0,0.0
2017-05-16,-0.05525627212559636,-0.05525627212559636,0.0,0.0,1,1.0,0.0
2017-05-17,0.04235907461713895,0.04235907461713895,0.0,0.0,1,1.0,0.0
2017-05-18,-0.006877149109096536,-0.006877149109096536,0.0,0.0,1,1.0,0.0
2017-05-19,0.1211835064526281,0.1211835064526281,0.0,0.0,1,1.0,0.0
2017-05-22,-0.029337450870297488,-0.029337450870297488,0.0,0.0,1,1.0,0.0
2017-05-23,-0.007519884309472258,-0.007519884309472258,0.0,0.0,1,1.0,0.0
2017-05-24,-0.010928165525280531,-0.010928165525280531,0.0,0.0,1,1.0,0.0
2017-05-25,0.053476723629935385,0.053476723629935385,0.0,0.0,1,1.0,0.0
2017-05-26,-0.020108043217286986,-0.021108043217286987,2.0,0.001,1,1.0,0.0
2017-05-30,-0.009364358683314533,-0.010364358683314534,2.0,0.001,1,1.0,0.0
2017-05-31,-0.01743100228263117,-0.01843100228263117,2.0,0.001,1,1.0,0.0
2017-06-01,-0.013516367476240743,-0.013516367476240743,0.0,0.0,1,1.0,0.0
2017-06-02,-0.017983301220295567,-0.017983301220295567,0.0,0.0,1,1.0,0.0
2017-06-05,0.04883366034445169,0.04883366034445169,0.0,0.0,1,1.0,0.0
2017-06-06,0.0473913947204323,0.0473913947204323,0.0,0.0,1,1.0,0.0
2017-06-07,-0.04365945624131773,-0.04365945624131773,0.0,0.0,1,1.0,0.0
2017-06-08,-0.11525840853158331,-0.11625840853158331,2.0,0.001,1,1.0,0.0
2017-06-09,-0.0015453562046050529,-0.0015453562046050529,0.0,0.0,1,1.0,0.0
2017-06-12,-0.011762885002321588,-0.011762885002321588,0.0,0.0,1,1.0,0.0
2017-06-13,-0.045418950665622515,-0.045418950665622515,0.0,0.0,1,1.0,0.0
2017-06-14,0.021000820344544646,0.021000820344544646,0.0,0.0,1,1.0,0.0
2017-06-15,0.010445122931062256,0.010445122931062256,0.0,0.0,1,1.0,0.0
2017-06-16,0.0050890585241729624,0.0050890585241729624,0.0,0.0,1,1.0,0.0
2017-06-19,-0.03354430379746842,-0.03354430379746842,0.0,0.0,1,1.0,0.0
2017-06-20,0.03307138179436819,0.03307138179436819,0.0,0.0,1,1.0,0.0
2017-06-21,0.007606973058637001,0.007606973058637001,0.0,0.0,1,1.0,0.0
2017-06-22,0.03601761560239081,0.03601761560239081,0.0,0.0,1,1.0,0.0
2017-06-23,-0.0649764688021861,-0.0649764688021861,0.0,0.0,1,1.0,0.0
2017-06-26,-0.051144666341938705,-0.051144666341938705,0.0,0.0,1,1.0,0.0
2017-06-27,0.04380561259411375,0.04380561259411375,0.0,0.0,1,1.0,0.0
2017-06-28,-0.016393442622950838,-0.016393442622950838,0.0,0.0,1,1.0,0.0
2017-06-29,0.02983333333333338,0.02983333333333338,0.0,0.0,1,1.0,0.0
2017-06-30,-0.006473539407671147,-0.006473539407671147,0.0,0.0,1,1.0,0.0
2017-07-03,-0.012542759407069615,-0.012542759407069615,0.0,0.0,1,1.0,0.0
2017-07-05,0.014021774991751945,0.014021774991751945,0.0,0.0,1,1.0,0.0
2017-07-06,0.09484301285179764,0.09484301285179764,0.0,0.0,1,1.0,0.0
2017-07-07,0.019910846953937744,0.019910846953937744,0.0,0.0,1,1.0,0.0
2017-07-10,0.020396270396270566,0.020396270396270566,0.0,0.0,1,1.0,0.0
2017-07-11,0.037121644774414486,0.037121644774414486,0.0,0.0,1,1.0,0.0
2017-07-12,0.07433920704845831,0.07433920704845831,0.0,0.0,1,1.0,0.0
2017-07-13,0.07893388006150692,0.07893388006150692,0.0,0.0,1,1.0,0.0
2017-07-14,-0.00023752969121138,-0.00023752969121138,0.0,0.0,1,1.0,0.0
2017-07-17,0.07127583749109045,0.07127583749109045,0.0,0.0,1,1.0,0.0
2017-07-18,0.02616988245730756,0.02616988245730756,0.0,0.0,1,1.0,0.0
2017-07-19,-0.040414955694834775,-0.040414955694834775,0.0,0.0,1,1.0,0.0
2017-07-20,0.012950450450450512,0.012950450450450512,0.0,0.0,1,1.0,0.0
2017-07-21,0.0631461923290717,0.0631461923290717,0.0,0.0,1,1.0,0.0
2017-07-24,0.012234654397155653,0.012234654397155653,0.0,0.0,1,1.0,0.0
2017-07-25,0.020247933884297575,0.020247933884297575,0.0,0.0,1,1.0,0.0
2017-07-26,-0.00951802349129216,-0.00951802349129216,0.0,0.0,1,1.0,0.0
2017-07-27,-0.012062972807196815,-0.012062972807196815,0.0,0.0,1,1.0,0.0
2017-07-28,0.008795529801324475,0.008795529801324475,0.0,0.0,1,1.0,0.0
2017-07-31,0.02174582008411119,0.02174582008411119,0.0,0.0,1,1.0,0.0
2017-08-01,-0.061339222969581386,-0.061339222969581386,0.0,0.0,1,1.0,0.0
2017-08-02,0.048021390374331396,0.048021390374331396,0.0,0.0,1,1.0,0.0
2017-08-03,-0.34074905602612515,-0.34074905602612515,0.0,0.0,1,1.0,0.0
2017-08-04,0.0787925696594427,0.0787925696594427,0.0,0.0,1,1.0,0.0
2017-08-07,0.02166738412971747,0.02166738412971747,0.0,0.0,1,1.0,0.0
2017-08-08,-0.05238764044943822,-0.05238764044943822,0.0,0.0,1,1.0,0.0
2017-08-09,-0.0580998962501853,-0.0580998962501853,0.0,0.0,1,1.0,0.0
2017-08-10,0.036034618410700325,0.036034618410700325,0.0,0.0,1,1.0,0.0
2017-08-11,0.04678007290400976,0.04678007290400976,0.0,0.0,1,1.0,0.0
2017-08-14,-0.010737086477074831,-0.010737086477074831,0.0,0.0,1,1.0,0.0
2017-08-15,-0.0350542681138164,-0.0350542681138164,0.0,0.0,1,1.0,0.0
2017-08-16,-0.01945584435324521,-0.01945584435324521,0.0,0.0,1,1.0,0.0
2017-08-17,-0.0063556037823594425,-0.0063556037823594425,0.0,0.0,1,1.0,0.0
2017-08-18,-0.05460218408736339,-0.05460218408736339,0.0,0.0,1,1.0,0.0
2017-08-21,0.006930693069306937,0.006930693069306937,0.0,0.0,1,1.0,0.0
2017-08-22,0.04080629301868233,0.04080629301868233,0.0,0.0,1,1.0,0.0
2017-08-23,-0.01763501810738466,-0.01763501810738466,0.0,0.0,1,1.0,0.0
2017-08-24,-0.001442538868408505,-0.001442538868408505,0.0,0.0,1,1.0,0.0
2017-08-25,-0.016853932584269593,-0.016853932584269593,0.0,0.0,1,1.0,0.0
2017-08-28,0.023510204081632624,0.023510204081632624,0.0,0.0,1,1.0,0.0
2017-08-29,-0.01898229382676664,-0.01898229382676664,0.0,0.0,1,1.0,0.0
2017-08-30,-0.038699186991869916,-0.038699186991869916,0.0,0.0,1,1.0,0.0
2017-08-31,-0.0023680649526387487,-0.0023680649526387487,0.0,0.0,1,1.0,0.0
2017-09-01,-0.048999660902000586,-0.048999660902000586,0.0,0.0,1,1.0,0.0
2017-09-05,0.03512212515599922,0.03512212515599922,0.0,0.0,1,1.0,0.0
2017-09-06,-0.03272476748191533,-0.03272476748191533,0.0,0.0,1,1.0,0.0
2017-09-07,0.010683760683760646,0.010683760683760646,0.0,0.0,1,1.0,0.0
2017-09-08,0.02378435517970412,0.02378435517970412,0.0,0.0,1,1.0,0.0
2017-09-11,-0.0020650490449147796,-0.0020650490449147796,0.0,0.0,1,1.0,0.0
2017-09-12,0.02931539920675963,0.02931539920675963,0.0,0.0,1,1.0,0.0
2017-09-13,-0.04054280448986425,-0.04054280448986425,0.0,0.0,1,1.0,0.0
2017-09-14,-0.04398148148148162,-0.04498148148148162,2.0,0.001,1,1.0,0.0
2017-09-15,0.007902688463624408,0.006902688463624408,2.0,0.001,1,1.0,0.0
2017-09-18,0.08165548098433995,0.08065548098433994,2.0,0.001,1,1.0,0.0
2017-09-19,-0.007973931378186805,-0.008973931378186806,2.0,0.001,1,1.0,0.0
2017-09-20,-0.030800821355236097,-0.0318008213552361,2.0,0.001,1,1.0,0.0
2017-09-21,-0.04343220338983056,-0.04343220338983056,0.0,0.0,1,1.0,0.0
2017-09-22,-0.05204872646733116,-0.05204872646733116,0.0,0.0,1,1.0,0.0
2017-09-25,-0.010514018691588634,-0.010514018691588634,0.0,0.0,1,1.0,0.0
2017-09-26,0.0035419126328217754,0.0035419126328217754,0.0,0.0,1,1.0,0.0
2017-09-27,0.0011764705882353343,0.0011764705882353343,0.0,0.0,1,1.0,0.0
2017-09-28,0.007050528789659394,0.007050528789659394,0.0,0.0,1,1.0,0.0
2017-09-29,-0.01931330472102999,-0.02031330472102999,2.0,0.001,1,1.0,0.0
2017-10-02,-0.022611232676878257,-0.022611232676878257,0.0,0.0,1,1.0,0.0
2017-10-03,0.009701492537313339,0.009701492537313339,0.0,0.0,1,1.0,0.0
2017-10-04,-0.08499630450849949,-0.08499630450849949,0.0,0.0,1,1.0,0.0
2017-10-05,-0.05815831987075937,-0.05815831987075937,0.0,0.0,1,1.0,0.0
2017-10-06,0.0643224699828473,0.0643224699828473,0.0,0.0,1,1.0,0.0
2017-10-09,-0.028203062046736505,-0.028203062046736505,0.0,0.0,1,1.0,0.0
2017-10-10,-0.024046434494195745,-0.024046434494195745,0.0,0.0,1,1.0,0.0
2017-10-11,-0.015293118096856406,-0.015293118096856406,0.0,0.0,1,1.0,0.0
2017-10-12,0.011216566005176842,0.011216566005176842,0.0,0.0,1,1.0,0.0
2017-10-13,-0.04607508532423221,-0.04607508532423221,0.0,0.0,1,1.0,0.0
2017-10-16,-0.0008944543828264262,-0.0008944543828264262,0.0,0.0,1,1.0,0.0
2017-10-17,-0.025962399283795845,-0.025962399283795845,0.0,0.0,1,1.0,0.0
2017-10-18,-0.008272058823529549,-0.008272058823529549,0.0,0.0,1,1.0,0.0
2017-10-19,0.019462465245597915,0.019462465245597915,0.0,0.0,1,1.0,0.0
2017-10-20,-0.022727272727272707,-0.022727272727272707,0.0,0.0,1,1.0,0.0
2017-10-23,0.017674418604651132,0.017674418604651132,0.0,0.0,1,1.0,0.0
2017-10-24,0.02742230347349195,0.02742230347349195,0.0,0.0,1,1.0,0.0
2017-10-25,-0.020462633451957313,-0.020462633451957313,0.0,0.0,1,1.0,0.0
2017-10-26,0.061762034514078135,0.061762034514078135,0.0,0.0,1,1.0,0.0
2017-10-27,-0.03336184773310513,-0.03336184773310513,0.0,0.0,1,1.0,0.0
2017-10-30,-0.0513274336283186,-0.0513274336283186,0.0,0.0,1,1.0,0.0
2017-10-31,-0.042910447761194126,-0.042910447761194126,0.0,0.0,1,1.0,0.0
2017-11-01,0.06822612085769997,0.06822612085769997,0.0,0.0,1,1.0,0.0
2017-11-02,0.021897810218977964,0.021897810218977964,0.0,0.0,1,1.0,0.0
2017-11-03,-0.05535714285714277,-0.05535714285714277,0.0,0.0,1,1.0,0.0
2017-11-06,0.0,0.0,0.0,0.0,1,1.0,0.0
2017-11-07,-0.042533081285444196,-0.042533081285444196,0.0,0.0,1,1.0,0.0
2017-11-08,0.030602171767028397,0.030602171767028397,0.0,0.0,1,1.0,0.0
2017-11-09,0.1877394636015326,0.1877394636015326,0.0,0.0,1,1.0,0.0
2017-11-10,-0.19354838709677424,-0.19354838709677424,0.0,0.0,1,1.0,0.0
2017-11-13,0.053999999999999826,0.053999999999999826,0.0,0.0,1,1.0,0.0
2017-11-14,0.0,-0.001,2.0,0.001,1,1.0,0.0
2017-11-15,0.0539083557951483,0.0539083557951483,0.0,0.0,1,1.0,0.0
2017-11-16,0.03324808184143224,0.03324808184143224,0.0,0.0,1,1.0,0.0
2017-11-17,0.027227722772277252,0.027227722772277252,0.0,0.0,1,1.0,0.0
2017-11-20,-0.0657534246575342,-0.0667534246575342,2.0,0.001,1,1.0,0.0
2017-11-21,-0.0549513451631366,-0.0559513451631366,2.0,0.001,1,1.0,0.0
2017-11-22,-0.005681818181818232,-0.006681818181818232,2.0,0.001,1,1.0,0.0
2017-11-24,-0.004174120453190211,-0.005174120453190211,2.0,0.001,1,1.0,0.0
2017-11-27,0.059281437125748626,0.059281437125748626,0.0,0.0,1,1.0,0.0
2017-11-28,-0.02034883720930225,-0.02134883720930225,2.0,0.001,1,1.0,0.0
2017-11-29,0.01780415430267035,0.01780415430267035,0.0,0.0,1,1.0,0.0
2017-11-30,-0.0016844469399212025,-0.0026844469399212026,2.0,0.001,1,1.0,0.0
2017-12-01,-0.08773903262092253,-0.08773903262092253,0.0,0.0,1,1.0,0.0
2017-12-04,-0.0031055900621118626,-0.004105590062111863,2.0,0.001,1,1.0,0.0
2017-12-05,-0.009345794392523366,-0.009345794392523366,0.0,0.0,1,1.0,0.0
2017-12-06,0.02515723270440251,0.02515723270440251,0.0,0.0,1,1.0,0.0
2017-12-07,-0.011204996326230732,-0.012204996326230733,2.0,0.001,1,1.0,0.0
2017-12-08,-0.0347389931265093,-0.0347389931265093,0.0,0.0,1,1.0,0.0
2017-12-11,-0.03348729792147809,-0.03348729792147809,0.0,0.0,1,1.0,0.0
2017-12-12,0.03305455993628037,0.03305455993628037,0.0,0.0,1,1.0,0.0
2017-12-13,0.02366863905325456,0.022668639053254558,2.0,0.001,1,1.0,0.0
2017-12-14,0.00663803201874269,0.00563803201874269,2.0,0.001,1,1.0,0.0
2017-12-15,-0.030898876404494402,-0.0318988764044944,2.0,0.001,1,1.0,0.0
2017-12-18,-0.03768115942028982,-0.03768115942028982,0.0,0.0,1,1.0,0.0
2017-12-19,0.015060240963855387,0.015060240963855387,0.0,0.0,1,1.0,0.0
2017-12-20,-0.011869436201780603,-0.011869436201780603,0.0,0.0,1,1.0,0.0
2017-12-21,0.09609609609609615,0.09609609609609615,0.0,0.0,1,1.0,0.0
2017-12-22,-0.005479452054794609,-0.005479452054794609,0.0,0.0,1,1.0,0.0
2017-12-26,0.016528925619834656,0.016528925619834656,0.0,0.0,1,1.0,0.0
2017-12-27,0.02168021680216814,0.02168021680216814,0.0,0.0,1,1.0,0.0
2017-12-28,-0.03183023872679047,-0.03183023872679047,0.0,0.0,1,1.0,0.0
2017-12-29,0.021917808219177992,0.021917808219177992,0.0,0.0,1,1.0,0.0
2018-01-02,0.018766756032171594,0.018766756032171594,0.0,0.0,1,1.0,0.0
2018-01-03,0.0052631578947368585,0.0052631578947368585,0.0,0.0,1,1.0,0.0
2018-01-04,-0.020942408376963484,-0.020942408376963484,0.0,0.0,1,1.0,0.0
2018-01-05,-0.006232715755843721,-0.007232715755843721,2.0,0.001,1,1.0,0.0
2018-01-08,0.047884306373861873,0.04688430637386187,2.0,0.001,1,1.0,0.0
2018-01-09,0.005929257820486811,0.005929257820486811,0.0,0.0,1,1.0,0.0
2018-01-10,0.004471544715447084,0.004471544715447084,0.0,0.0,1,1.0,0.0
2018-01-11,0.08255766895993522,0.08255766895993522,0.0,0.0,1,1.0,0.0
2018-01-12,-0.08074766355140184,-0.08074766355140184,0.0,0.0,1,1.0,0.0
2018-01-16,0.06374542496949975,0.06374542496949975,0.0,0.0,1,1.0,0.0
2018-01-17,0.06728471757622101,0.06728471757622101,0.0,0.0,1,1.0,0.0
2018-01-18,0.11569803886451147,0.11569803886451147,0.0,0.0,1,1.0,0.0
2018-01-19,0.037803997110522625,0.037803997110522625,0.0,0.0,1,1.0,0.0
2018-01-22,-0.026450116009280822,-0.026450116009280822,0.0,0.0,1,1.0,0.0
2018-01-23,0.003018748013981609,0.003018748013981609,0.0,0.0,1,1.0,0.0
2018-01-24,-0.009108189450340642,-0.009108189450340642,0.0,0.0,1,1.0,0.0
2018-01-25,-0.026456718088082476,-0.026456718088082476,0.0,0.0,1,1.0,0.0
2018-01-26,0.03645320197044333,0.03645320197044333,0.0,0.0,1,1.0,0.0
2018-01-29,0.10781051964512045,0.10781051964512045,0.0,0.0,1,1.0,0.0
2018-01-30,0.06127994279585258,0.06127994279585258,0.0,0.0,1,1.0,0.0
2018-01-31,0.004177334591025428,0.004177334591025428,0.0,0.0,1,1.0,0.0
2018-02-01,-0.0070450885668276175,-0.0070450885668276175,0.0,0.0,1,1.0,0.0
2018-02-02,-0.033245489560105534,-0.033245489560105534,0.0,0.0,1,1.0,0.0
2018-02-05,0.025022716152932167,0.025022716152932167,0.0,0.0,1,1.0,0.0
2018-02-06,-0.004500511421752451,-0.004500511421752451,0.0,0.0,1,1.0,0.0
2018-02-07,-0.09904787999178033,-0.09904787999178033,0.0,0.0,1,1.0,0.0
2018-02-08,-0.03421272713449408,-0.03421272713449408,0.0,0.0,1,1.0,0.0
2018-02-09,0.07006219003385028,0.07006219003385028,0.0,0.0,1,1.0,0.0
2018-02-12,-0.01795041565511657,-0.01795041565511657,0.0,0.0,1,1.0,0.0
2018-02-13,-0.025245336729343038,-0.025245336729343038,0.0,0.0,1,1.0,0.0
2018-02-14,0.024823240086074394,0.024823240086074394,0.0,0.0,1,1.0,0.0
2018-02-15,0.013198350206224285,0.013198350206224285,0.0,0.0,1,1.0,0.0
2018-02-16,0.006217156391088663,0.006217156391088663,0.0,0.0,1,1.0,0.0
2018-02-20,0.0012504597278413243,0.0012504597278413243,0.0,0.0,1,1.0,0.0
2018-02-21,-0.016676461945342447,-0.016676461945342447,0.0,0.0,1,1.0,0.0
2018-02-22,0.012551363466567045,0.012551363466567045,0.0,0.0,1,1.0,0.0
2018-02-23,0.012838485944071554,0.012838485944071554,0.0,0.0,1,1.0,0.0
2018-02-26,-0.04276243898885412,-0.04276243898885412,0.0,0.0,1,1.0,0.0
2018-02-27,-0.040791476407914806,-0.040791476407914806,0.0,0.0,1,1.0,0.0
2018-02-28,-0.012615042843541757,-0.012615042843541757,0.0,0.0,1,1.0,0.0
2018-03-01,0.05166733627963027,0.05166733627963027,0.0,0.0,1,1.0,0.0
2018-03-02,0.01879584352078245,0.01879584352078245,0.0,0.0,1,1.0,0.0
2018-03-05,0.001199940002999833,0.001199940002999833,0.0,0.0,1,1.0,0.0
2018-03-06,0.002696629213483348,0.002696629213483348,0.0,0.0,1,1.0,0.0
2018-03-07,-0.02300911399970129,-0.02300911399970129,0.0,0.0,1,1.0,0.0
2018-03-08,0.06094204006728865,0.06094204006728865,0.0,0.0,1,1.0,0.0
2018-03-09,0.02990990990991005,0.02990990990991005,0.0,0.0,1,1.0,0.0
2018-03-12,-0.10885234429671098,-0.10885234429671098,0.0,0.0,1,1.0,0.0
2018-03-13,-0.06144724959754999,-0.06144724959754999,0.0,0.0,1,1.0,0.0
2018-03-14,-0.053212851405622486,-0.053212851405622486,0.0,0.0,1,1.0,0.0
2018-03-15,0.005744079179922368,0.005744079179922368,0.0,0.0,1,1.0,0.0
2018-03-16,0.06484491696687456,0.06484491696687456,0.0,0.0,1,1.0,0.0
2018-03-19,-0.03308853865830508,-0.03308853865830508,0.0,0.0,1,1.0,0.0
2018-03-20,-0.010667349377026847,-0.010667349377026847,0.0,0.0,1,1.0,0.0
2018-03-21,-0.05373932545501603,-0.05373932545501603,0.0,0.0,1,1.0,0.0
2018-03-22,0.04895168641750214,0.04895168641750214,0.0,0.0,1,1.0,0.0
2018-03-23,-0.00712609715825141,-0.00712609715825141,0.0,0.0,1,1.0,0.0
2018-03-26,-0.08490153172866521,-0.08490153172866521,0.0,0.0,1,1.0,0.0
2018-03-27,0.04524151123864173,0.04524151123864173,0.0,0.0,1,1.0,0.0
2018-03-28,0.0687225475841875,0.0687225475841875,0.0,0.0,1,1.0,0.0
2018-03-29,-0.0730370750920456,-0.0730370750920456,0.0,0.0,1,1.0,0.0
2018-04-02,-0.007759098466654346,-0.007759098466654346,0.0,0.0,1,1.0,0.0
2018-04-03,0.044777508843790725,0.044777508843790725,0.0,0.0,1,1.0,0.0
2018-04-04,-0.056402031542368336,-0.056402031542368336,0.0,0.0,1,1.0,0.0
2018-04-05,-0.04107648725212476,-0.04107648725212476,0.0,0.0,1,1.0,0.0
2018-04-06,0.07621861152141807,0.07621861152141807,0.0,0.0,1,1.0,0.0
2018-04-09,0.06816726141458496,0.06816726141458496,0.0,0.0,1,1.0,0.0
2018-04-10,-0.04308720232996399,-0.04308720232996399,0.0,0.0,1,1.0,0.0
2018-04-11,0.07770119058275893,0.07770119058275893,0.0,0.0,1,1.0,0.0
2018-04-12,-0.04186394218788936,-0.04186394218788936,0.0,0.0,1,1.0,0.0
2018-04-13,-0.008012820512820484,-0.009012820512820485,2.0,0.001,1,1.0,0.0
2018-04-16,0.03877221324717284,0.03877221324717284,0.0,0.0,1,1.0,0.0
2018-04-17,-0.0528771384136858,-0.0528771384136858,0.0,0.0,1,1.0,0.0
2018-04-18,-0.011135117168023956,-0.012135117168023957,2.0,0.001,1,1.0,0.0
2018-04-19,-0.0006722689075630006,-0.0006722689075630006,0.0,0.0,1,1.0,0.0
2018-04-20,-0.012781701984527327,-0.012781701984527327,0.0,0.0,1,1.0,0.0
2018-04-23,-0.007054673721340499,-0.0080546737213405,2.0,0.001,1,1.0,0.0
2018-04-24,0.08170515097690934,0.08170515097690934,0.0,0.0,1,1.0,0.0
2018-04-25,0.044334975369458185,0.044334975369458185,0.0,0.0,1,1.0,0.0
2018-04-26,-0.006295314385624917,-0.007295314385624917,2.0,0.001,1,1.0,0.0
2018-04-27,0.0,0.0,0.0,0.0,1,1.0,0.0
2018-04-30,-0.00017674089784369684,-0.0011767408978436969,2.0,0.001,1,1.0,0.0
2018-05-01,-0.001856107477461455,-0.001856107477461455,0.0,0.0,1,1.0,0.0
2018-05-02,-0.013157894736842146,-0.014157894736842147,2.0,0.001,1,1.0,0.0
2018-05-03,0.048179871520342754,0.04717987152034275,2.0,0.001,1,1.0,0.0
2018-05-04,0.0037453183520599342,0.0037453183520599342,0.0,0.0,1,1.0,0.0
2018-05-07,-0.010006784260515711,-0.010006784260515711,0.0,0.0,1,1.0,0.0
2018-05-08,0.06165413533834574,0.06065413533834574,2.0,0.001,1,1.0,0.0
2018-05-09,-0.011331444759206777,-0.011331444759206777,0.0,0.0,1,1.0,0.0
2018-05-10,0.024355300859598916,0.024355300859598916,0.0,0.0,1,1.0,0.0
2018-05-11,0.034965034965035,0.034965034965035,0.0,0.0,1,1.0,0.0
2018-05-14,-0.016216216216216273,-0.016216216216216273,0.0,0.0,1,1.0,0.0
2018-05-15,-0.026098901098901006,-0.026098901098901006,0.0,0.0,1,1.0,0.0
2018-05-16,0.007052186177715081,0.007052186177715081,0.0,0.0,1,1.0,0.0
2018-05-17,0.011204481792717047,0.011204481792717047,0.0,0.0,1,1.0,0.0
2018-05-18,-0.008310249307479367,-0.008310249307479367,0.0,0.0,1,1.0,0.0
2018-05-21,0.009759698187484567,0.008759698187484566,2.0,0.001,1,1.0,0.0
2018-05-22,-0.014701104613385363,-0.014701104613385363,0.0,0.0,1,1.0,0.0
2018-05-23,0.01825293350717061,0.01725293350717061,2.0,0.001,1,1.0,0.0
2018-05-24,0.13572343149807953,0.13572343149807953,0.0,0.0,1,1.0,0.0
2018-05-25,0.011273957158962844,0.011273957158962844,0.0,0.0,1,1.0,0.0
2018-05-29,-0.0423634336677815,-0.0423634336677815,0.0,0.0,1,1.0,0.0
2018-05-30,-0.010477299185098987,-0.010477299185098987,0.0,0.0,1,1.0,0.0
2018-05-31,-0.0023529411764706687,-0.0023529411764706687,0.0,0.0,1,1.0,0.0
2018-06-01,-0.0742924528301886,-0.0742924528301886,0.0,0.0,1,1.0,0.0
2018-06-04,-0.008917197452229297,-0.008917197452229297,0.0,0.0,1,1.0,0.0
2018-06-05,-0.0012853470437017567,-0.0012853470437017567,0.0,0.0,1,1.0,0.0
2018-06-06,0.18404118404118397,0.18404118404118397,0.0,0.0,1,1.0,0.0
2018-06-07,-0.0021739130434782483,-0.0021739130434782483,0.0,0.0,1,1.0,0.0
2018-06-08,-0.002178649237472796,-0.002178649237472796,0.0,0.0,1,1.0,0.0
2018-06-11,0.012008733624454315,0.012008733624454315,0.0,0.0,1,1.0,0.0
2018-06-12,0.03991370010787487,0.03991370010787487,0.0,0.0,1,1.0,0.0
2018-06-13,0.024896265560165887,0.024896265560165887,0.0,0.0,1,1.0,0.0
2018-06-14,-0.00910931174089058,-0.00910931174089058,0.0,0.0,1,1.0,0.0
2018-06-15,0.005107252298263587,0.005107252298263587,0.0,0.0,1,1.0,0.0
2018-06-18,0.025406504065040636,0.025406504065040636,0.0,0.0,1,1.0,0.0
2018-06-19,0.020812685827551913,0.020812685827551913,0.0,0.0,1,1.0,0.0
2018-06-20,0.01747572815533971,0.01747572815533971,0.0,0.0,1,1.0,0.0
2018-06-21,-0.020038167938931206,-0.020038167938931206,0.0,0.0,1,1.0,0.0
2018-06-22,-0.04186952288218104,-0.04186952288218104,0.0,0.0,1,1.0,0.0
2018-06-25,0.016260162601625883,0.016260162601625883,0.0,0.0,1,1.0,0.0
2018-06-26,-0.05599999999999994,-0.05599999999999994,0.0,0.0,1,1.0,0.0
2018-06-27,0.03389830508474567,0.03389830508474567,0.0,0.0,1,1.0,0.0
2018-06-28,0.010245901639344357,0.010245901639344357,0.0,0.0,1,1.0,0.0
2018-06-29,0.05827880868103974,0.05727880868103974,2.0,0.001,1,1.0,0.0
2018-07-02,-0.0029055035643096305,-0.0029055035643096305,0.0,0.0,1,1.0,0.0
2018-07-03,0.013146748890319415,0.013146748890319415,0.0,0.0,1,1.0,0.0
2018-07-05,0.0015718537841544755,0.0015718537841544755,0.0,0.0,1,1.0,0.0
2018-07-06,0.002771470548951438,0.002771470548951438,0.0,0.0,1,1.0,0.0
2018-07-09,-0.025773367520229074,-0.025773367520229074,0.0,0.0,1,1.0,0.0
2018-07-10,-0.0025293092251427174,-0.0025293092251427174,0.0,0.0,1,1.0,0.0
2018-07-11,-0.012507281636569112,-0.012507281636569112,0.0,0.0,1,1.0,0.0
2018-07-12,0.02973835797071267,0.02973835797071267,0.0,0.0,1,1.0,0.0
2018-07-13,-0.029418702611626046,-0.029418702611626046,0.0,0.0,1,1.0,0.0
2018-07-16,-0.0024998264009442606,-0.0024998264009442606,0.0,0.0,1,1.0,0.0
2018-07-17,-0.0010442046641142566,-0.0010442046641142566,0.0,0.0,1,1.0,0.0
2018-07-18,0.005993031358885181,0.005993031358885181,0.0,0.0,1,1.0,0.0
2018-07-19,-0.005784150734275517,-0.005784150734275517,0.0,0.0,1,1.0,0.0
2018-07-20,-0.009231841142658181,-0.009231841142658181,0.0,0.0,1,1.0,0.0
2018-07-23,-0.02950070323488041,-0.02950070323488041,0.0,0.0,1,1.0,0.0
2018-07-24,-0.0004709974276294604,-0.0004709974276294604,0.0,0.0,1,1.0,0.0
2018-07-25,0.008735682180658344,0.008735682180658344,0.0,0.0,1,1.0,0.0
2018-07-26,-0.008228826044773485,-0.008228826044773485,0.0,0.0,1,1.0,0.0
2018-07-27,-0.05764492753623196,-0.05764492753623196,0.0,0.0,1,1.0,0.0
2018-07-30,-0.011765158214464222,-0.011765158214464222,0.0,0.0,1,1.0,0.0
2018-07-31,-0.017468777963661752,-0.017468777963661752,0.0,0.0,1,1.0,0.0
2018-08-01,-0.00475172249940603,-0.00475172249940603,0.0,0.0,1,1.0,0.0
2018-08-02,-0.0016312564653457873,-0.0016312564653457873,0.0,0.0,1,1.0,0.0
2018-08-03,-0.01502411030964812,-0.01502411030964812,0.0,0.0,1,1.0,0.0
2018-08-06,-0.006675837514160898,-0.006675837514160898,0.0,0.0,1,1.0,0.0
2018-08-07,-0.0036658384587184845,-0.0036658384587184845,0.0,0.0,1,1.0,0.0
2018-08-08,-0.03479007399533962,-0.03479007399533962,0.0,0.0,1,1.0,0.0
2018-08-09,-0.01469716221939854,-0.01469716221939854,0.0,0.0,1,1.0,0.0
2018-08-10,-0.02673773803894597,-0.02673773803894597,0.0,0.0,1,1.0,0.0
2018-08-13,0.04624354047966084,0.04624354047966084,0.0,0.0,1,1.0,0.0
2018-08-14,-0.013086795001688634,-0.013086795001688634,0.0,0.0,1,1.0,0.0
2018-08-15,0.01912054067927116,0.01912054067927116,0.0,0.0,1,1.0,0.0
2018-08-16,-0.0018048268625393549,-0.0018048268625393549,0.0,0.0,1,1.0,0.0
2018-08-17,-0.01522159616516694,-0.01522159616516694,0.0,0.0,1,1.0,0.0
2018-08-20,0.04782237403928269,0.04782237403928269,0.0,0.0,1,1.0,0.0
2018-08-21,0.032151589242053635,0.032151589242053635,0.0,0.0,1,1.0,0.0
2018-08-22,-0.01610801847684462,-0.01610801847684462,0.0,0.0,1,1.0,0.0
2018-08-23,-0.023153163998234416,-0.023153163998234416,0.0,0.0,1,1.0,0.0
2018-08-24,0.005791981597108142,0.005791981597108142,0.0,0.0,1,1.0,0.0
2018-08-27,-0.008372472942617892,-0.008372472942617892,0.0,0.0,1,1.0,0.0
2018-08-28,-0.008855024711696857,-0.008855024711696857,0.0,0.0,1,1.0,0.0
2018-08-29,-0.008975690837315642,-0.008975690837315642,0.0,0.0,1,1.0,0.0
2018-08-30,0.0030189945071072977,0.0030189945071072977,0.0,0.0,1,1.0,0.0
2018-08-31,-0.0385435391497011,-0.0385435391497011,0.0,0.0,1,1.0,0.0
2018-09-04,0.004695856341579985,0.004695856341579985,0.0,0.0,1,1.0,0.0
2018-09-05,-0.047777729692300985,-0.047777729692300985,0.0,0.0,1,1.0,0.0
2018-09-06,0.0134981593419079,0.0134981593419079,0.0,0.0,1,1.0,0.0
2018-09-07,0.040000000000000036,0.040000000000000036,0.0,0.0,1,1.0,0.0
2018-09-10,0.004268713349430797,0.004268713349430797,0.0,0.0,1,1.0,0.0
2018-09-11,0.011850070842814864,0.011850070842814864,0.0,0.0,1,1.0,0.0
2018-09-12,0.006831586540501533,0.006831586540501533,0.0,0.0,1,1.0,0.0
2018-09-13,-0.04682231962238714,-0.04682231962238714,0.0,0.0,1,1.0,0.0
2018-09-14,0.00999248353008797,0.00999248353008797,0.0,0.0,1,1.0,0.0
2018-09-17,-0.09250098498445913,-0.09250098498445913,0.0,0.0,1,1.0,0.0
2018-09-18,0.0408104196816208,0.0408104196816208,0.0,0.0,1,1.0,0.0
2018-09-19,0.004356692621431124,0.004356692621431124,0.0,0.0,1,1.0,0.0
2018-09-20,-0.02455006922011993,-0.02455006922011993,0.0,0.0,1,1.0,0.0
2018-09-21,0.07455766865360958,0.07455766865360958,0.0,0.0,1,1.0,0.0
2018-09-24,-0.02161662410847931,-0.02161662410847931,0.0,0.0,1,1.0,0.0
2018-09-25,-0.03253386131485392,-0.03253386131485392,0.0,0.0,1,1.0,0.0
2018-09-26,-0.012651162790697668,-0.012651162790697668,0.0,0.0,1,1.0,0.0
2018-09-27,0.008714904842660687,0.008714904842660687,0.0,0.0,1,1.0,0.0
2018-09-28,-0.008733012655863237,-0.008733012655863237,0.0,0.0,1,1.0,0.0
2018-10-01,-0.010270423066050971,-0.010270423066050971,0.0,0.0,1,1.0,0.0
2018-10-02,0.025990099009900902,0.025990099009900902,0.0,0.0,1,1.0,0.0
2018-10-03,-0.04124524450218048,-0.04124524450218048,0.0,0.0,1,1.0,0.0
2018-10-04,-0.012388095814178546,-0.012388095814178546,0.0,0.0,1,1.0,0.0
2018-10-05,-0.06716417910447758,-0.06816417910447758,2.0,0.001,1,1.0,0.0
2018-10-08,0.0007272727272726875,0.0007272727272726875,0.0,0.0,1,1.0,0.0
2018-10-09,-0.09113973458235747,-0.09213973458235747,2.0,0.001,1,1.0,0.0
2018-10-10,-0.05733304702598252,-0.05733304702598252,0.0,0.0,1,1.0,0.0
2018-10-11,0.06833712984054685,0.06833712984054685,0.0,0.0,1,1.0,0.0
2018-10-12,0.0030511060259343914,0.0020511060259343914,2.0,0.001,1,1.0,0.0
2018-10-15,0.05475285171102651,0.05475285171102651,0.0,0.0,1,1.0,0.0
2018-10-16,-0.02739726027397249,-0.02739726027397249,0.0,0.0,1,1.0,0.0
2018-10-17,-0.010378057820607856,-0.010378057820607856,0.0,0.0,1,1.0,0.0
2018-10-18,-0.022471910112359494,-0.022471910112359494,0.0,0.0,1,1.0,0.0
2018-10-19,-0.005363984674329525,-0.005363984674329525,0.0,0.0,1,1.0,0.0
2018-10-22,-0.0015408320493065508,-0.0015408320493065508,0.0,0.0,1,1.0,0.0
2018-10-23,-0.07561728395061729,-0.07561728395061729,0.0,0.0,1,1.0,0.0
2018-10-24,0.04924874791318867,0.04924874791318867,0.0,0.0,1,1.0,0.0
2018-10-25,0.007159904534606243,0.007159904534606243,0.0,0.0,1,1.0,0.0
2018-10-26,-0.03238546603475512,-0.03238546603475512,0.0,0.0,1,1.0,0.0
2018-10-29,0.017142857142857126,0.017142857142857126,0.0,0.0,1,1.0,0.0
2018-10-30,0.020866773675762396,0.020866773675762396,0.0,0.0,1,1.0,0.0
2018-10-31,0.11792452830188682,0.11792452830188682,0.0,0.0,1,1.0,0.0
2018-11-01,0.018987341772151778,0.018987341772151778,0.0,0.0,1,1.0,0.0
2018-11-02,-0.02429268292682918,-0.02529268292682918,2.0,0.001,1,1.0,0.0
2018-11-05,0.04179582041795804,0.04179582041795804,0.0,0.0,1,1.0,0.0
2018-11-06,0.0094058930799501,0.0094058930799501,0.0,0.0,1,1.0,0.0
2018-11-07,-0.08914139013026523,-0.08914139013026523,0.0,0.0,1,1.0,0.0
2018-11-08,-0.03705830158150214,-0.03705830158150214,0.0,0.0,1,1.0,0.0
2018-11-09,0.01094910293240825,0.01094910293240825,0.0,0.0,1,1.0,0.0
2018-11-12,-0.2159669722803067,-0.2159669722803067,0.0,0.0,1,1.0,0.0
2018-11-13,-0.017164740477330187,-0.017164740477330187,0.0,0.0,1,1.0,0.0
2018-11-14,-0.07660729195658222,-0.07660729195658222,0.0,0.0,1,1.0,0.0
2018-11-15,-0.020872579308266248,-0.020872579308266248,0.0,0.0,1,1.0,0.0
2018-11-16,-0.07264891488379255,-0.07264891488379255,0.0,0.0,1,1.0,0.0
2018-11-19,-0.053941908713692976,-0.053941908713692976,0.0,0.0,1,1.0,0.0
2018-11-20,0.03499999999999992,0.03499999999999992,0.0,0.0,1,1.0,0.0
2018-11-21,-0.039071107720993314,-0.039071107720993314,0.0,0.0,1,1.0,0.0
2018-11-23,0.07532192626565548,0.07532192626565548,0.0,0.0,1,1.0,0.0
2018-11-26,-0.08661417322834652,-0.08661417322834652,0.0,0.0,1,1.0,0.0
2018-11-27,0.0317887931034484,0.0317887931034484,0.0,0.0,1,1.0,0.0
2018-11-28,-0.0087902523933856,-0.0087902523933856,0.0,0.0,1,1.0,0.0
2018-11-29,0.015453507770655905,0.015453507770655905,0.0,0.0,1,1.0,0.0
2018-11-30,0.03925619834710736,0.03825619834710736,2.0,0.001,1,1.0,0.0
2018-12-03,-0.1033797216699801,-0.1033797216699801,0.0,0.0,1,1.0,0.0
2018-12-04,0.00739098300073926,0.00739098300073926,0.0,0.0,1,1.0,0.0
2018-12-06,-0.03668378576669107,-0.03668378576669107,0.0,0.0,1,1.0,0.0
2018-12-07,0.04036557501904037,0.04036557501904037,0.0,0.0,1,1.0,0.0
2018-12-10,-0.002928257686676483,-0.002928257686676483,0.0,0.0,1,1.0,0.0
2018-12-11,0.11527165932452288,0.11527165932452288,0.0,0.0,1,1.0,0.0
2018-12-12,-0.025674786043449527,-0.025674786043449527,0.0,0.0,1,1.0,0.0
2018-12-13,-0.032432432432432434,-0.032432432432432434,0.0,0.0,1,1.0,0.0
2018-12-14,-0.025139664804469275,-0.025139664804469275,0.0,0.0,1,1.0,0.0
2018-12-17,-0.016475644699140424,-0.016475644699140424,0.0,0.0,1,1.0,0.0
2018-12-18,-0.02039329934450118,-0.02039329934450118,0.0,0.0,1,1.0,0.0
2018-12-19,-0.043122676579925634,-0.043122676579925634,0.0,0.0,1,1.0,0.0
2018-12-20,-0.1289821289821289,-0.1289821289821289,0.0,0.0,1,1.0,0.0
2018-12-21,-0.041926851025869794,-0.041926851025869794,0.0,0.0,1,1.0,0.0
2018-12-24,0.11359404096834269,0.11359404096834269,0.0,0.0,1,1.0,0.0
2018-12-26,0.023304836631923953,0.022304836631923952,2.0,0.001,1,1.0,0.0
2018-12-27,-0.015564202334630295,-0.015564202334630295,0.0,0.0,1,1.0,0.0
2018-12-28,0.038130667286677467,0.038130667286677467,0.0,0.0,1,1.0,0.0
2018-12-31,-0.026091825307950733,-0.026091825307950733,0.0,0.0,1,1.0,0.0
2019-01-02,-0.06576980568011959,-0.06576980568011959,0.0,0.0,1,1.0,0.0
2019-01-03,0.08984615384615391,0.08984615384615391,0.0,0.0,1,1.0,0.0
2019-01-04,0.09520045172219094,0.09520045172219094,0.0,0.0,1,1.0,0.0
2019-01-07,0.006393070736234074,0.006393070736234074,0.0,0.0,1,1.0,0.0
2019-01-08,-0.012192622950819687,-0.012192622950819687,0.0,0.0,1,1.0,0.0
2019-01-09,-0.002178197282439509,-0.002178197282439509,0.0,0.0,1,1.0,0.0
2019-01-10,0.006548856548856508,0.006548856548856508,0.0,0.0,1,1.0,0.0
2019-01-11,0.009604461427243693,0.009604461427243693,0.0,0.0,1,1.0,0.0
2019-01-14,0.02751636661211121,0.02751636661211121,0.0,0.0,1,1.0,0.0
2019-01-15,-0.004778496764559548,-0.004778496764559548,0.0,0.0,1,1.0,0.0
2019-01-16,0.021406421926577934,0.021406421926577934,0.0,0.0,1,1.0,0.0
2019-01-17,0.03143668592694149,0.03143668592694149,0.0,0.0,1,1.0,0.0
2019-01-18,-0.05507026205848842,-0.05507026205848842,0.0,0.0,1,1.0,0.0
2019-01-22,0.008842443729903726,0.008842443729903726,0.0,0.0,1,1.0,0.0
2019-01-23,0.01145418326693215,0.01145418326693215,0.0,0.0,1,1.0,0.0
2019-01-24,0.0258985721319549,0.0258985721319549,0.0,0.0,1,1.0,0.0
2019-01-25,-0.019389518141677997,-0.019389518141677997,0.0,0.0,1,1.0,0.0
2019-01-28,-0.027995301487862223,-0.027995301487862223,0.0,0.0,1,1.0,0.0
2019-01-29,0.04551863041289028,0.04551863041289028,0.0,0.0,1,1.0,0.0
2019-01-30,0.0722404161047967,0.0722404161047967,0.0,0.0,1,1.0,0.0
2019-01-31,0.014013654329859904,0.014013654329859904,0.0,0.0,1,1.0,0.0
2019-02-01,0.0044294826364281725,0.0044294826364281725,0.0,0.0,1,1.0,0.0
2019-02-04,0.004498147821485388,0.004498147821485388,0.0,0.0,1,1.0,0.0
2019-02-05,-0.0048292211783299566,-0.0048292211783299566,0.0,0.0,1,1.0,0.0
2019-02-06,-0.02841009352391033,-0.02841009352391033,0.0,0.0,1,1.0,0.0
2019-02-07,-0.04700854700854695,-0.04800854700854695,2.0,0.001,1,1.0,0.0
2019-02-08,0.008450949642794914,0.007450949642794914,2.0,0.001,1,1.0,0.0
2019-02-11,-0.003974082073434082,-0.003974082073434082,0.0,0.0,1,1.0,0.0
2019-02-12,-0.0021834061135370675,-0.0031834061135370675,2.0,0.001,1,1.0,0.0
2019-02-13,0.003282275711159688,0.003282275711159688,0.0,0.0,1,1.0,0.0
2019-02-14,0.017448200654307522,0.017448200654307522,0.0,0.0,1,1.0,0.0
2019-02-15,-0.07931404072883175,-0.07931404072883175,0.0,0.0,1,1.0,0.0
2019-02-19,0.02211874272409764,0.02211874272409764,0.0,0.0,1,1.0,0.0
2019-02-20,-0.0341685649202732,-0.0341685649202732,0.0,0.0,1,1.0,0.0
2019-02-21,0.0625,0.0625,0.0,0.0,1,1.0,0.0
2019-02-22,0.02441731409544956,0.02441731409544956,0.0,0.0,1,1.0,0.0
2019-02-25,-0.005417118093174467,-0.005417118093174467,0.0,0.0,1,1.0,0.0
2019-02-26,-0.06427015250544665,-0.06427015250544665,0.0,0.0,1,1.0,0.0
2019-02-27,-0.07334109429569269,-0.07334109429569269,0.0,0.0,1,1.0,0.0
2019-02-28,-0.002512562814070307,-0.002512562814070307,0.0,0.0,1,1.0,0.0
2019-03-01,0.02015113350125941,0.02015113350125941,0.0,0.0,1,1.0,0.0
2019-03-04,0.04444444444444451,0.04444444444444451,0.0,0.0,1,1.0,0.0
2019-03-05,0.047281323877068404,0.047281323877068404,0.0,0.0,1,1.0,0.0
2019-03-06,0.020316027088036037,0.020316027088036037,0.0,0.0,1,1.0,0.0
2019-03-07,0.0652654867256639,0.0652654867256639,0.0,0.0,1,1.0,0.0
2019-03-08,0.020768431983385183,0.020768431983385183,0.0,0.0,1,1.0,0.0
2019-03-11,0.033570701932858604,0.033570701932858604,0.0,0.0,1,1.0,0.0
2019-03-12,0.025590551181102317,0.025590551181102317,0.0,0.0,1,1.0,0.0
2019-03-13,0.027831094049904026,0.027831094049904026,0.0,0.0,1,1.0,0.0
2019-03-14,0.017740429505135324,0.017740429505135324,0.0,0.0,1,1.0,0.0
2019-03-15,0.05229357798165135,0.05229357798165135,0.0,0.0,1,1.0,0.0
2019-03-18,0.12903225806451601,0.12903225806451601,0.0,0.0,1,1.0,0.0
2019-03-19,-0.07258687258687258,-0.07258687258687258,0.0,0.0,1,1.0,0.0
2019-03-20,0.10241465445462117,0.10241465445462117,0.0,0.0,1,1.0,0.0
2019-03-21,-0.01812688821752273,-0.01812688821752273,0.0,0.0,1,1.0,0.0
2019-03-22,0.2569230769230768,0.2569230769230768,0.0,0.0,1,1.0,0.0
2019-03-25,-0.12239902080783349,-0.12239902080783349,0.0,0.0,1,1.0,0.0
2019-03-26,0.0,-0.001,2.0,0.001,1,1.0,0.0
2019-03-27,0.0,0.0,0.0,0.0,1,1.0,0.0
2019-03-28,0.0035260930888576514,0.0025260930888576514,2.0,0.001,1,1.0,0.0
2019-03-29,-0.05059732958538299,-0.05059732958538299,0.0,0.0,1,1.0,0.0
2019-04-01,0.0034444282734198417,0.0024444282734198417,2.0,0.001,1,1.0,0.0
2019-04-02,-0.0065885797950219205,-0.0075885797950219205,2.0,0.001,1,1.0,0.0
2019-04-03,0.009579955784819294,0.009579955784819294,0.0,0.0,1,1.0,0.0
2019-04-04,0.05839416058394176,0.05839416058394176,0.0,0.0,1,1.0,0.0
2019-04-05,0.0055172413793103114,0.0055172413793103114,0.0,0.0,1,1.0,0.0
2019-04-08,-0.02537722908093276,-0.02537722908093276,0.0,0.0,1,1.0,0.0
2019-04-09,0.013370865587614356,0.013370865587614356,0.0,0.0,1,1.0,0.0
2019-04-10,-0.03541666666666665,-0.03541666666666665,0.0,0.0,1,1.0,0.0
2019-04-11,-0.030957523398128073,-0.030957523398128073,0.0,0.0,1,1.0,0.0
2019-04-12,0.06315007429420505,0.06315007429420505,0.0,0.0,1,1.0,0.0
2019-04-15,0.08176100628930816,0.08176100628930816,0.0,0.0,1,1.0,0.0
2019-04-16,-0.03746770025839796,-0.03746770025839796,0.0,0.0,1,1.0,0.0
2019-04-17,0.007382550335570448,0.007382550335570448,0.0,0.0,1,1.0,0.0
2019-04-18,0.007328447701532292,0.007328447701532292,0.0,0.0,1,1.0,0.0
2019-04-22,0.05423280423280419,0.05423280423280419,0.0,0.0,1,1.0,0.0
2019-04-23,0.006273525721455453,0.006273525721455453,0.0,0.0,1,1.0,0.0
2019-04-24,0.041770573566084934,0.041770573566084934,0.0,0.0,1,1.0,0.0
2019-04-25,0.05625374027528407,0.05625374027528407,0.0,0.0,1,1.0,0.0
2019-04-26,0.017563739376770693,0.017563739376770693,0.0,0.0,1,1.0,0.0
2019-04-29,-0.012806236080178168,-0.012806236080178168,0.0,0.0,1,1.0,0.0
2019-04-30,-0.0028200789622110367,-0.0028200789622110367,0.0,0.0,1,1.0,0.0
2019-05-01,-0.010180995475113086,-0.010180995475113086,0.0,0.0,1,1.0,0.0
2019-05-02,0.02571428571428558,0.02571428571428558,0.0,0.0,1,1.0,0.0
2019-05-03,0.06685236768802216,0.06685236768802216,0.0,0.0,1,1.0,0.0
2019-05-06,0.020365535248041855,0.020365535248041855,0.0,0.0,1,1.0,0.0
2019-05-07,0.005117707267144445,0.005117707267144445,0.0,0.0,1,1.0,0.0
2019-05-08,0.00865580448065173,0.00865580448065173,0.0,0.0,1,1.0,0.0
2019-05-09,0.06259464916708746,0.06259464916708746,0.0,0.0,1,1.0,0.0
2019-05-10,0.029453681710213786,0.029453681710213786,0.0,0.0,1,1.0,0.0
2019-05-13,0.0032302722658050786,0.0032302722658050786,0.0,0.0,1,1.0,0.0
2019-05-14,0.0579576816927323,0.0579576816927323,0.0,0.0,1,1.0,0.0
2019-05-15,0.017391304347825987,0.017391304347825987,0.0,0.0,1,1.0,0.0
2019-05-16,-0.013675213675213738,-0.013675213675213738,0.0,0.0,1,1.0,0.0
2019-05-17,-0.016464471403812797,-0.016464471403812797,0.0,0.0,1,1.0,0.0
2019-05-20,0.0396475770925111,0.0396475770925111,0.0,0.0,1,1.0,0.0
2019-05-21,0.06313559322033901,0.06313559322033901,0.0,0.0,1,1.0,0.0
2019-05-22,-0.060581905141490644,-0.060581905141490644,0.0,0.0,1,1.0,0.0
2019-05-23,0.04921510394569362,0.04921510394569362,0.0,0.0,1,1.0,0.0
2019-05-24,0.019005256773150014,0.019005256773150014,0.0,0.0,1,1.0,0.0
2019-05-28,-0.011507936507936467,-0.011507936507936467,0.0,0.0,1,1.0,0.0
2019-05-29,-0.019670814933761438,-0.019670814933761438,0.0,0.0,1,1.0,0.0
2019-05-30,-0.05978705978705978,-0.05978705978705978,0.0,0.0,1,1.0,0.0
2019-05-31,0.008275261324041772,0.008275261324041772,0.0,0.0,1,1.0,0.0
2019-06-03,0.0030237580993519586,0.0030237580993519586,0.0,0.0,1,1.0,0.0
2019-06-04,-0.08957795004306623,-0.08957795004306623,0.0,0.0,1,1.0,0.0
2019-06-05,0.020813623462629938,0.020813623462629938,0.0,0.0,1,1.0,0.0
2019-06-06,0.0208526413345691,0.0208526413345691,0.0,0.0,1,1.0,0.0
2019-06-07,-0.026327734906945177,-0.026327734906945177,0.0,0.0,1,1.0,0.0
2019-06-10,-0.027972027972027913,-0.027972027972027913,0.0,0.0,1,1.0,0.0
2019-06-11,0.06091127098321336,0.06091127098321336,0.0,0.0,1,1.0,0.0
2019-06-12,0.037522603978300095,0.037522603978300095,0.0,0.0,1,1.0,0.0
2019-06-13,-0.005228758169934733,-0.005228758169934733,0.0,0.0,1,1.0,0.0
2019-06-14,0.014892685063513156,0.014892685063513156,0.0,0.0,1,1.0,0.0
2019-06-17,0.04661199827362972,0.04661199827362972,0.0,0.0,1,1.0,0.0
2019-06-18,0.02185567010309275,0.02185567010309275,0.0,0.0,1,1.0,0.0
2019-06-19,0.02138821630347043,0.02138821630347043,0.0,0.0,1,1.0,0.0
2019-06-20,-0.04504148557882248,-0.04504148557882248,0.0,0.0,1,1.0,0.0
2019-06-21,-0.02896152254861406,-0.02896152254861406,0.0,0.0,1,1.0,0.0
2019-06-24,0.02172986791648923,0.02172986791648923,0.0,0.0,1,1.0,0.0
2019-06-25,-0.06463719766472065,-0.06463719766472065,0.0,0.0,1,1.0,0.0
2019-06-26,0.13196611680784676,0.13196611680784676,0.0,0.0,1,1.0,0.0
2019-06-27,0.014178810555336652,0.014178810555336652,0.0,0.0,1,1.0,0.0
2019-06-28,0.027961165048543624,0.027961165048543624,0.0,0.0,1,1.0,0.0
2019-07-01,0.035889686437476476,0.035889686437476476,0.0,0.0,1,1.0,0.0
2019-07-02,-0.00328227571115991,-0.00328227571115991,0.0,0.0,1,1.0,0.0
2019-07-03,-0.010611050128064403,-0.010611050128064403,0.0,0.0,1,1.0,0.0
2019-07-05,0.013313609467455523,0.013313609467455523,0.0,0.0,1,1.0,0.0
2019-07-08,-0.026277372262773713,-0.026277372262773713,0.0,0.0,1,1.0,0.0
2019-07-09,-0.02361319340329826,-0.02361319340329826,0.0,0.0,1,1.0,0.0
2019-07-10,-0.011132437619961633,-0.011132437619961633,0.0,0.0,1,1.0,0.0
2019-07-11,0.01086956521739113,0.01086956521739113,0.0,0.0,1,1.0,0.0
2019-07-12,-0.001536098310291778,-0.001536098310291778,0.0,0.0,1,1.0,0.0
2019-07-15,-0.016538461538461502,-0.016538461538461502,0.0,0.0,1,1.0,0.0
2019-07-16,-0.02150958154086824,-0.02150958154086824,0.0,0.0,1,1.0,0.0
2019-07-17,0.011191047162270262,0.011191047162270262,0.0,0.0,1,1.0,0.0
2019-07-18,-0.017786561264822143,-0.017786561264822143,0.0,0.0,1,1.0,0.0
2019-07-19,0.058752515090543245,0.058752515090543245,0.0,0.0,1,1.0,0.0
2019-07-22,-0.0068415051311288,-0.0068415051311288,0.0,0.0,1,1.0,0.0
2019-07-23,-0.010715652506697149,-0.010715652506697149,0.0,0.0,1,1.0,0.0
2019-07-24,0.007736943907156624,0.007736943907156624,0.0,0.0,1,1.0,0.0
2019-07-25,0.06295585412667948,0.06295585412667948,0.0,0.0,1,1.0,0.0
2019-07-26,-0.04189237992054895,-0.04189237992054895,0.0,0.0,1,1.0,0.0
2019-07-29,-0.009046362608367997,-0.009046362608367997,0.0,0.0,1,1.0,0.0
2019-07-30,-0.030049448459490313,-0.030049448459490313,0.0,0.0,1,1.0,0.0
2019-07-31,0.017254901960784386,0.017254901960784386,0.0,0.0,1,1.0,0.0
2019-08-01,-0.009637625289128704,-0.009637625289128704,0.0,0.0,1,1.0,0.0
2019-08-02,-0.054106656286492805,-0.054106656286492805,0.0,0.0,1,1.0,0.0
2019-08-05,0.01563786008230439,0.01563786008230439,0.0,0.0,1,1.0,0.0
2019-08-06,0.008914100486223653,0.008914100486223653,0.0,0.0,1,1.0,0.0
2019-08-07,0.024096385542168752,0.024096385542168752,0.0,0.0,1,1.0,0.0
2019-08-08,-0.0015686274509804088,-0.0015686274509804088,0.0,0.0,1,1.0,0.0
2019-08-09,-0.0019638648860959007,-0.0019638648860959007,0.0,0.0,1,1.0,0.0
2019-08-12,0.08776072412436053,0.08776072412436053,0.0,0.0,1,1.0,0.0
2019-08-13,-0.0372648335745297,-0.0372648335745297,0.0,0.0,1,1.0,0.0
2019-08-14,-0.14130026305900034,-0.14130026305900034,0.0,0.0,1,1.0,0.0
2019-08-15,0.07789934354485761,0.07789934354485761,0.0,0.0,1,1.0,0.0
2019-08-16,0.009338205440519776,0.009338205440519776,0.0,0.0,1,1.0,0.0
2019-08-19,0.00201126307321009,0.00201126307321009,0.0,0.0,1,1.0,0.0
2019-08-20,0.044158972300281096,0.044158972300281096,0.0,0.0,1,1.0,0.0
2019-08-21,-0.029988465974625234,-0.029988465974625234,0.0,0.0,1,1.0,0.0
2019-08-22,-0.015061434799841456,-0.015061434799841456,0.0,0.0,1,1.0,0.0
2019-08-23,0.012072434607645732,0.012072434607645732,0.0,0.0,1,1.0,0.0
2019-08-26,-0.057256461232604305,-0.057256461232604305,0.0,0.0,1,1.0,0.0
2019-08-27,0.05820328975115974,0.05820328975115974,0.0,0.0,1,1.0,0.0
2019-08-28,0.008768433638900008,0.008768433638900008,0.0,0.0,1,1.0,0.0
2019-08-29,0.005531410509679979,0.005531410509679979,0.0,0.0,1,1.0,0.0
2019-08-30,-0.045972495088408616,-0.045972495088408616,0.0,0.0,1,1.0,0.0
2019-09-03,0.026771004942339305,0.026771004942339305,0.0,0.0,1,1.0,0.0
2019-09-04,-0.02166064981949456,-0.02166064981949456,0.0,0.0,1,1.0,0.0
2019-09-05,0.01599015990159902,0.01599015990159902,0.0,0.0,1,1.0,0.0
2019-09-06,-0.02300242130750607,-0.02300242130750607,0.0,0.0,1,1.0,0.0
2019-09-09,-0.021848739495798353,-0.022848739495798354,2.0,0.001,1,1.0,0.0
2019-09-10,0.061855670103092786,0.061855670103092786,0.0,0.0,1,1.0,0.0
2019-09-11,0.01787132644956313,0.01687132644956313,2.0,0.001,1,1.0,0.0
2019-09-12,0.047210300429184615,0.047210300429184615,0.0,0.0,1,1.0,0.0
2019-09-13,0.08643815201192262,0.08643815201192262,0.0,0.0,1,1.0,0.0
2019-09-16,0.0778159931212381,0.0768159931212381,2.0,0.001,1,1.0,0.0
2019-09-17,0.00518548065416824,0.00518548065416824,0.0,0.0,1,1.0,0.0
2019-09-18,0.07619047619047636,0.07619047619047636,0.0,0.0,1,1.0,0.0
2019-09-19,0.012905604719763986,0.012905604719763986,0.0,0.0,1,1.0,0.0
2019-09-20,-0.00873680378594821,-0.00873680378594821,0.0,0.0,1,1.0,0.0
2019-09-23,-0.08116048475945647,-0.08116048475945647,0.0,0.0,1,1.0,0.0
2019-09-24,0.0015987210231813709,0.0015987210231813709,0.0,0.0,1,1.0,0.0
2019-09-25,-0.07482043096568236,-0.07482043096568236,0.0,0.0,1,1.0,0.0
2019-09-26,-0.04011214147077846,-0.04011214147077846,0.0,0.0,1,1.0,0.0
2019-09-27,-0.001123343068973215,-0.001123343068973215,0.0,0.0,1,1.0,0.0
2019-09-30,-0.17440711462450587,-0.17540711462450587,2.0,0.001,1,1.0,0.0
2019-10-01,0.09275882704967087,0.09275882704967087,0.0,0.0,1,1.0,0.0
2019-10-02,0.003285870755750153,0.003285870755750153,0.0,0.0,1,1.0,0.0
2019-10-03,0.007641921397379958,0.007641921397379958,0.0,0.0,1,1.0,0.0
2019-10-04,-0.012459371614301218,-0.012459371614301218,0.0,0.0,1,1.0,0.0
2019-10-07,0.0038398244651673963,0.0038398244651673963,0.0,0.0,1,1.0,0.0
2019-10-08,-0.02677595628415308,-0.02677595628415308,0.0,0.0,1,1.0,0.0
2019-10-09,-0.011229646266142534,-0.011229646266142534,0.0,0.0,1,1.0,0.0
2019-10-10,0.029812606473594627,0.029812606473594627,0.0,0.0,1,1.0,0.0
2019-10-11,0.005789909015715189,0.005789909015715189,0.0,0.0,1,1.0,0.0
2019-10-14,0.13103070175438591,0.13103070175438591,0.0,0.0,1,1.0,0.0
2019-10-15,0.04847309743092576,0.04847309743092576,0.0,0.0,1,1.0,0.0
2019-10-16,0.041146555709662636,0.041146555709662636,0.0,0.0,1,1.0,0.0
2019-10-17,-0.06571936056838368,-0.06571936056838368,0.0,0.0,1,1.0,0.0
2019-10-18,0.04657794676806093,0.04657794676806093,0.0,0.0,1,1.0,0.0
2019-10-21,-0.01816530426884644,-0.01816530426884644,0.0,0.0,1,1.0,0.0
2019-10-22,0.06290471785383911,0.06290471785383911,0.0,0.0,1,1.0,0.0
2019-10-23,0.013489991296779857,0.013489991296779857,0.0,0.0,1,1.0,0.0
2019-10-24,0.005581794761700509,0.005581794761700509,0.0,0.0,1,1.0,0.0
2019-10-25,-0.019214346712211894,-0.019214346712211894,0.0,0.0,1,1.0,0.0
2019-10-28,-0.009827044025157217,-0.010827044025157218,2.0,0.001,1,1.0,0.0
2019-10-29,-0.2552600238189757,-0.2552600238189757,0.0,0.0,1,1.0,0.0
2019-10-30,0.03571428571428559,0.03571428571428559,0.0,0.0,1,1.0,0.0
2019-10-31,-0.03088008234688633,-0.03088008234688633,0.0,0.0,1,1.0,0.0
2019-11-01,-0.04646840148698883,-0.04646840148698883,0.0,0.0,1,1.0,0.0
2019-11-04,0.03536619326093016,0.03536619326093016,0.0,0.0,1,1.0,0.0
2019-11-05,-0.020979020979021046,-0.020979020979021046,0.0,0.0,1,1.0,0.0
2019-11-06,-0.01098901098901095,-0.01098901098901095,0.0,0.0,1,1.0,0.0
2019-11-07,0.02444444444444449,0.02444444444444449,0.0,0.0,1,1.0,0.0
2019-11-08,0.01626898047722336,0.01626898047722336,0.0,0.0,1,1.0,0.0
2019-11-11,0.020277481323372593,0.020277481323372593,0.0,0.0,1,1.0,0.0
2019-11-12,-0.01019874476987448,-0.01019874476987448,0.0,0.0,1,1.0,0.0
2019-11-13,0.02412451361867718,0.023124513618677178,2.0,0.001,1,1.0,0.0
2019-11-14,0.05167173252279622,0.05167173252279622,0.0,0.0,1,1.0,0.0
2019-11-15,-0.007586705202312194,-0.007586705202312194,0.0,0.0,1,1.0,0.0
2019-11-18,0.10775391336002915,0.10775391336002915,0.0,0.0,1,1.0,0.0
2019-11-19,0.07492605980939859,0.07492605980939859,0.0,0.0,1,1.0,0.0
2019-11-20,0.0431060837664321,0.0431060837664321,0.0,0.0,1,1.0,0.0
2019-11-21,-0.014654161781946118,-0.014654161781946118,0.0,0.0,1,1.0,0.0
2019-11-22,0.09756097560975618,0.09756097560975618,0.0,0.0,1,1.0,0.0
2019-11-25,0.0,0.0,0.0,0.0,1,1.0,0.0
2019-11-26,0.049051490514905316,0.049051490514905316,0.0,0.0,1,1.0,0.0
2019-11-27,0.01704985791785063,0.01704985791785063,0.0,0.0,1,1.0,0.0
2019-11-29,0.0063500127000253315,0.0063500127000253315,0.0,0.0,1,1.0,0.0
2019-12-02,0.15118626956082792,0.15118626956082792,0.0,0.0,1,1.0,0.0
2019-12-03,0.03990352992764756,0.03990352992764756,0.0,0.0,1,1.0,0.0
2019-12-04,-0.08834071262913767,-0.08834071262913767,0.0,0.0,1,1.0,0.0
2019-12-05,0.0506475485661424,0.0506475485661424,0.0,0.0,1,1.0,0.0
2019-12-06,-0.006603565925599741,-0.006603565925599741,0.0,0.0,1,1.0,0.0
2019-12-09,0.08021271881231984,0.08021271881231984,0.0,0.0,1,1.0,0.0
2019-12-10,-0.013948717948717992,-0.013948717948717992,0.0,0.0,1,1.0,0.0
2019-12-11,0.010401497815685445,0.010401497815685445,0.0,0.0,1,1.0,0.0
2019-12-12,-0.0366481367099033,-0.0366481367099033,0.0,0.0,1,1.0,0.0
2019-12-13,0.7054926266296218,0.7054926266296218,0.0,0.0,1,1.0,0.0
2019-12-16,0.014661654135338376,0.014661654135338376,0.0,0.0,1,1.0,0.0
2019-12-17,0.10621217734963562,0.10621217734963562,0.0,0.0,1,1.0,0.0
2019-12-18,0.06397231215808863,0.06397231215808863,0.0,0.0,1,1.0,0.0
2019-12-19,0.056348373557187914,0.056348373557187914,0.0,0.0,1,1.0,0.0
2019-12-20,-0.01917155061090703,-0.01917155061090703,0.0,0.0,1,1.0,0.0
2019-12-23,0.04294105732226061,0.04294105732226061,0.0,0.0,1,1.0,0.0
2019-12-24,0.03165663235579719,0.03165663235579719,0.0,0.0,1,1.0,0.0
2019-12-26,-0.040097891566264976,-0.040097891566264976,0.0,0.0,1,1.0,0.0
2019-12-27,0.018140811923906597,0.018140811923906597,0.0,0.0,1,1.0,0.0
2019-12-30,-0.0045266300683809435,-0.0045266300683809435,0.0,0.0,1,1.0,0.0
2019-12-31,-0.019833591331269274,-0.019833591331269274,0.0,0.0,1,1.0,0.0
2020-01-02,-0.0653439936827559,-0.0653439936827559,0.0,0.0,1,1.0,0.0
2020-01-03,-0.002217763227373437,-0.002217763227373437,0.0,0.0,1,1.0,0.0
2020-01-06,-0.023602878916172743,-0.023602878916172743,0.0,0.0,1,1.0,0.0
2020-01-07,-0.024390243902439046,-0.024390243902439046,0.0,0.0,1,1.0,0.0
2020-01-08,-0.014381270903010002,-0.015381270903010003,2.0,0.001,1,1.0,0.0
2020-01-09,0.01765245300320961,0.01665245300320961,2.0,0.001,1,1.0,0.0
2020-01-10,-0.005406623113313858,-0.005406623113313858,0.0,0.0,1,1.0,0.0
2020-01-13,0.02480181200452991,0.02480181200452991,0.0,0.0,1,1.0,0.0
2020-01-14,0.00221018897115699,0.00221018897115699,0.0,0.0,1,1.0,0.0
2020-01-15,0.01973756753776601,0.01973756753776601,0.0,0.0,1,1.0,0.0
2020-01-16,-0.023140138408304534,-0.023140138408304534,0.0,0.0,1,1.0,0.0
2020-01-17,-0.017821562984281614,-0.017821562984281614,0.0,0.0,1,1.0,0.0
2020-01-21,-0.013749577369548072,-0.013749577369548072,0.0,0.0,1,1.0,0.0
2020-01-22,0.0028568163638440502,0.0028568163638440502,0.0,0.0,1,1.0,0.0
2020-01-23,-0.029170464904284432,-0.029170464904284432,0.0,0.0,1,1.0,0.0
2020-01-24,0.02077464788732386,0.02077464788732386,0.0,0.0,1,1.0,0.0
2020-01-27,0.007243877199034188,0.007243877199034188,0.0,0.0,1,1.0,0.0
2020-01-28,0.027625570776255826,0.027625570776255826,0.0,0.0,1,1.0,0.0
2020-01-29,-0.017996000888691244,-0.017996000888691244,0.0,0.0,1,1.0,0.0
2020-01-30,-0.017873303167420973,-0.017873303167420973,0.0,0.0,1,1.0,0.0
2020-01-31,0.08120248790601248,0.08120248790601248,0.0,0.0,1,1.0,0.0
2020-02-03,0.025993395120911922,0.025993395120911922,0.0,0.0,1,1.0,0.0
2020-02-04,-0.018378153878101933,-0.018378153878101933,0.0,0.0,1,1.0,0.0
2020-02-05,-0.037444467950074056,-0.037444467950074056,0.0,0.0,1,1.0,0.0
2020-02-06,-0.012637362637362703,-0.012637362637362703,0.0,0.0,1,1.0,0.0
2020-02-07,0.027824151363383454,0.027824151363383454,0.0,0.0,1,1.0,0.0
2020-02-10,0.004872766648619464,0.004872766648619464,0.0,0.0,1,1.0,0.0
2020-02-11,-0.022737068965517193,-0.022737068965517193,0.0,0.0,1,1.0,0.0
2020-02-12,-0.022273679567758276,-0.022273679567758276,0.0,0.0,1,1.0,0.0
2020-02-13,0.02029998872222838,0.02029998872222838,0.0,0.0,1,1.0,0.0
2020-02-14,0.017795954460041896,0.017795954460041896,0.0,0.0,1,1.0,0.0
2020-02-18,0.0007602085143354476,0.0007602085143354476,0.0,0.0,1,1.0,0.0
2020-02-19,0.004774823657080818,0.004774823657080818,0.0,0.0,1,1.0,0.0
2020-02-20,-0.015768441516362586,-0.015768441516362586,0.0,0.0,1,1.0,0.0
2020-02-21,-0.02875013716668484,-0.02875013716668484,0.0,0.0,1,1.0,0.0
2020-02-24,-0.04236809400067787,-0.04236809400067787,0.0,0.0,1,1.0,0.0
2020-02-25,-0.011090136857008215,-0.011090136857008215,0.0,0.0,1,1.0,0.0
2020-02-26,-0.02576950608446671,-0.02576950608446671,0.0,0.0,1,1.0,0.0
2020-02-27,-0.044819985304922816,-0.044819985304922816,0.0,0.0,1,1.0,0.0
2020-02-28,0.13935897435897449,0.13935897435897449,0.0,0.0,1,1.0,0.0
2020-03-02,-0.03735793856194447,-0.03735793856194447,0.0,0.0,1,1.0,0.0
2020-03-03,0.05400350672121568,0.05400350672121568,0.0,0.0,1,1.0,0.0
2020-03-04,-0.020184096706221677,-0.020184096706221677,0.0,0.0,1,1.0,0.0
2020-03-05,-0.05263157894736836,-0.05263157894736836,0.0,0.0,1,1.0,0.0
2020-03-06,-0.09091995221027482,-0.09091995221027482,0.0,0.0,1,1.0,0.0
2020-03-09,0.01866211065843082,0.01866211065843082,0.0,0.0,1,1.0,0.0
2020-03-10,-0.04980002580312215,-0.04980002580312215,0.0,0.0,1,1.0,0.0
2020-03-11,-0.12043448744059748,-0.12043448744059748,0.0,0.0,1,1.0,0.0
2020-03-12,-0.05464649583204695,-0.05464649583204695,0.0,0.0,1,1.0,0.0
2020-03-13,-0.2988242978445461,-0.2988242978445461,0.0,0.0,1,1.0,0.0
2020-03-16,0.05123428039124356,0.05123428039124356,0.0,0.0,1,1.0,0.0
2020-03-17,-0.08728400531679215,-0.08728400531679215,0.0,0.0,1,1.0,0.0
2020-03-18,0.1279126213592232,0.1279126213592232,0.0,0.0,1,1.0,0.0
2020-03-19,0.17064772971809772,0.17064772971809772,0.0,0.0,1,1.0,0.0
2020-03-20,0.17481617647058822,0.17481617647058822,0.0,0.0,1,1.0,0.0
2020-03-23,0.044281020184634645,0.044281020184634645,0.0,0.0,1,1.0,0.0
2020-03-24,-0.06353011687144139,-0.06353011687144139,0.0,0.0,1,1.0,0.0
2020-03-25,0.016639999999999988,0.016639999999999988,0.0,0.0,1,1.0,0.0
2020-03-26,-0.004249291784702458,-0.004249291784702458,0.0,0.0,1,1.0,0.0
2020-03-27,-0.0899320373004584,-0.0899320373004584,0.0,0.0,1,1.0,0.0
2020-03-30,0.02170892671066338,0.02170892671066338,0.0,0.0,1,1.0,0.0
2020-03-31,-0.051674315825259165,-0.051674315825259165,0.0,0.0,1,1.0,0.0
2020-04-01,-0.0023301666965406254,-0.0023301666965406254,0.0,0.0,1,1.0,0.0
2020-04-02,-0.01149838303988493,-0.01149838303988493,0.0,0.0,1,1.0,0.0
2020-04-03,-0.026717557251908497,-0.026717557251908497,0.0,0.0,1,1.0,0.0
2020-04-06,-0.06872082166199811,-0.06872082166199811,0.0,0.0,1,1.0,0.0
2020-04-07,0.16703428915179486,0.16703428915179486,0.0,0.0,1,1.0,0.0
2020-04-08,-0.0352233676975946,-0.0352233676975946,0.0,0.0,1,1.0,0.0
2020-04-09,0.06927871772039174,0.06927871772039174,0.0,0.0,1,1.0,0.0
2020-04-13,0.0977681545636242,0.0977681545636242,0.0,0.0,1,1.0,0.0
2020-04-14,-0.02245486269154895,-0.02245486269154895,0.0,0.0,1,1.0,0.0
2020-04-15,-0.004811423250038804,-0.004811423250038804,0.0,0.0,1,1.0,0.0
2020-04-16,0.08172177167810357,0.08172177167810357,0.0,0.0,1,1.0,0.0
2020-04-17,0.047267270733537314,0.04626727073353731,2.0,0.001,1,1.0,0.0
2020-04-20,-0.04599683771740681,-0.046996837717406814,2.0,0.001,1,1.0,0.0
2020-04-21,0.05288533976194043,0.05288533976194043,0.0,0.0,1,1.0,0.0
2020-04-22,0.018746422438465915,0.018746422438465915,0.0,0.0,1,1.0,0.0
2020-04-23,0.07318443601629454,0.07318443601629454,0.0,0.0,1,1.0,0.0
2020-04-24,0.24345549738219896,0.24345549738219896,0.0,0.0,1,1.0,0.0
2020-04-27,0.014210526315789451,0.014210526315789451,0.0,0.0,1,1.0,0.0
2020-04-28,0.024286455630513792,0.024286455630513792,0.0,0.0,1,1.0,0.0
2020-04-29,-0.03708582429830776,-0.03708582429830776,0.0,0.0,1,1.0,0.0
2020-04-30,-0.051562664421761606,-0.051562664421761606,0.0,0.0,1,1.0,0.0
2020-05-01,0.017641184955064837,0.017641184955064837,0.0,0.0,1,1.0,0.0
2020-05-04,-0.01515481901439164,-0.01515481901439164,0.0,0.0,1,1.0,0.0
2020-05-05,-0.004629629629629761,-0.005629629629629761,2.0,0.001,1,1.0,0.0
2020-05-06,0.011627906976744207,0.011627906976744207,0.0,0.0,1,1.0,0.0
2020-05-07,-0.0022988505747125743,-0.0022988505747125743,0.0,0.0,1,1.0,0.0
2020-05-08,0.30806193272824345,0.30706193272824345,2.0,0.001,1,1.0,0.0
2020-05-11,0.6253061224489795,0.6253061224489795,0.0,0.0,1,1.0,0.0
2020-05-12,0.02134605725765959,0.02134605725765959,0.0,0.0,1,1.0,0.0
2020-05-13,-0.05827391197442844,-0.05827391197442844,0.0,0.0,1,1.0,0.0
2020-05-14,0.13916449086161897,0.13916449086161897,0.0,0.0,1,1.0,0.0
2020-05-15,0.30552372220948887,0.30552372220948887,0.0,0.0,1,1.0,0.0
2020-05-18,-0.053721910112359605,-0.053721910112359605,0.0,0.0,1,1.0,0.0
2020-05-19,-0.020222634508348714,-0.020222634508348714,0.0,0.0,1,1.0,0.0
2020-05-20,-0.051884112857413456,-0.051884112857413456,0.0,0.0,1,1.0,0.0
2020-05-21,-0.07908927501497909,-0.07908927501497909,0.0,0.0,1,1.0,0.0
2020-05-22,0.0446757753198872,0.0446757753198872,0.0,0.0,1,1.0,0.0
2020-05-26,-0.05615528337139297,-0.05615528337139297,0.0,0.0,1,1.0,0.0
2020-05-27,-0.013746838227207792,-0.013746838227207792,0.0,0.0,1,1.0,0.0
2020-05-28,0.02676181980374648,0.02676181980374648,0.0,0.0,1,1.0,0.0
2020-05-29,0.14726324934839274,0.14726324934839274,0.0,0.0,1,1.0,0.0
2020-06-01,-0.06020446800454371,-0.06020446800454371,0.0,0.0,1,1.0,0.0
2020-06-02,-0.02044854881266489,-0.02144854881266489,2.0,0.001,1,1.0,0.0
2020-06-03,-0.16081081081081083,-0.16181081081081083,2.0,0.001,1,1.0,0.0
2020-06-04,0.03893662728249181,0.03793662728249181,2.0,0.001,1,1.0,0.0
2020-06-05,0.05415162454873634,0.05315162454873634,2.0,0.001,1,1.0,0.0
2020-06-08,-0.03253424657534243,-0.03253424657534243,0.0,0.0,1,1.0,0.0
2020-06-09,-0.021119094273895023,-0.022119094273895024,2.0,0.001,1,1.0,0.0
2020-06-10,-0.011788256227758032,-0.011788256227758032,0.0,0.0,1,1.0,0.0
2020-06-11,0.02565833896016212,0.02565833896016212,0.0,0.0,1,1.0,0.0
2020-06-12,0.12069343866578897,0.12069343866578897,0.0,0.0,1,1.0,0.0
2020-06-15,0.02114744468376739,0.02114744468376739,0.0,0.0,1,1.0,0.0
2020-06-16,0.06251198465963559,0.06251198465963559,0.0,0.0,1,1.0,0.0
2020-06-17,0.0696625157913735,0.0696625157913735,0.0,0.0,1,1.0,0.0
2020-06-18,0.09245824194364771,0.09245824194364771,0.0,0.0,1,1.0,0.0
2020-06-19,0.01853281853281863,0.01853281853281863,0.0,0.0,1,1.0,0.0
2020-06-22,0.056254738438210605,0.056254738438210605,0.0,0.0,1,1.0,0.0
2020-06-23,0.11254665518231421,0.11254665518231421,0.0,0.0,1,1.0,0.0
2020-06-24,0.07793548387096783,0.07793548387096783,0.0,0.0,1,1.0,0.0
2020-06-25,-0.07361742877663402,-0.07361742877663402,0.0,0.0,1,1.0,0.0
2020-06-26,0.08037214110350166,0.08037214110350166,0.0,0.0,1,1.0,0.0
2020-06-29,-0.0031096758760914556,-0.0031096758760914556,0.0,0.0,1,1.0,0.0
2020-06-30,-0.04379124175164961,-0.04379124175164961,0.0,0.0,1,1.0,0.0
2020-07-01,0.02434127979924705,0.02434127979924705,0.0,0.0,1,1.0,0.0
2020-07-02,-0.026947574718275358,-0.026947574718275358,0.0,0.0,1,1.0,0.0
2020-07-06,0.3162134944612287,0.3162134944612287,0.0,0.0,1,1.0,0.0
2020-07-07,-0.059869931140015376,-0.059869931140015376,0.0,0.0,1,1.0,0.0
2020-07-08,-0.020345879959308255,-0.020345879959308255,0.0,0.0,1,1.0,0.0
2020-07-09,-0.02014537902388369,-0.02014537902388369,0.0,0.0,1,1.0,0.0
2020-07-10,0.1055532005086901,0.1055532005086901,0.0,0.0,1,1.0,0.0
2020-07-13,0.05416027607361973,0.05416027607361973,0.0,0.0,1,1.0,0.0
2020-07-14,0.010730199145221553,0.010730199145221553,0.0,0.0,1,1.0,0.0
2020-07-15,0.08223121907332431,0.08223121907332431,0.0,0.0,1,1.0,0.0
2020-07-16,0.16792750852107408,0.16792750852107408,0.0,0.0,1,1.0,0.0
2020-07-17,-0.016086554203146308,-0.016086554203146308,0.0,0.0,1,1.0,0.0
2020-07-20,0.017796426246111663,0.017796426246111663,0.0,0.0,1,1.0,0.0
2020-07-21,0.04094107612481346,0.04094107612481346,0.0,0.0,1,1.0,0.0
2020-07-22,-0.04684192557186739,-0.04684192557186739,0.0,0.0,1,1.0,0.0
2020-07-23,-0.04054731714306181,-0.04054731714306181,0.0,0.0,1,1.0,0.0
2020-07-24,0.04233554842081677,0.04233554842081677,0.0,0.0,1,1.0,0.0
2020-07-27,0.0644699140401146,0.0644699140401146,0.0,0.0,1,1.0,0.0
2020-07-28,-0.02180349932705239,-0.02180349932705239,0.0,0.0,1,1.0,0.0
2020-07-29,0.008668134287286744,0.008668134287286744,0.0,0.0,1,1.0,0.0
2020-07-30,-0.0240076387941619,-0.0240076387941619,0.0,0.0,1,1.0,0.0
2020-07-31,0.0892382948986723,0.0892382948986723,0.0,0.0,1,1.0,0.0
2020-08-03,0.008340283569641338,0.008340283569641338,0.0,0.0,1,1.0,0.0
2020-08-04,0.10383661004008404,0.10383661004008404,0.0,0.0,1,1.0,0.0
2020-08-05,-0.034526485676407925,-0.034526485676407925,0.0,0.0,1,1.0,0.0
2020-08-06,0.016656716417910333,0.016656716417910333,0.0,0.0,1,1.0,0.0
2020-08-07,0.048270597216512945,0.048270597216512945,0.0,0.0,1,1.0,0.0
2020-08-10,-0.1626239426362669,-0.1626239426362669,0.0,0.0,1,1.0,0.0
2020-08-11,-0.1676478458656676,-0.1676478458656676,0.0,0.0,1,1.0,0.0
2020-08-12,0.07121041633177949,0.07121041633177949,0.0,0.0,1,1.0,0.0
2020-08-13,0.09926470588235281,0.09926470588235281,0.0,0.0,1,1.0,0.0
2020-08-14,0.06156576342911757,0.06156576342911757,0.0,0.0,1,1.0,0.0
2020-08-17,-0.059795537838359225,-0.059795537838359225,0.0,0.0,1,1.0,0.0
2020-08-18,0.005675989878957788,0.005675989878957788,0.0,0.0,1,1.0,0.0
2020-08-19,-0.026723786209710387,-0.026723786209710387,0.0,0.0,1,1.0,0.0
2020-08-20,-0.03849647173897852,-0.03849647173897852,0.0,0.0,1,1.0,0.0
2020-08-21,-0.13341084144746407,-0.13341084144746407,0.0,0.0,1,1.0,0.0
2020-08-24,-0.051568002683213154,-0.051568002683213154,0.0,0.0,1,1.0,0.0
2020-08-25,0.013349836442401175,0.013349836442401175,0.0,0.0,1,1.0,0.0
2020-08-26,-0.06342697609492243,-0.06342697609492243,0.0,0.0,1,1.0,0.0
2020-08-27,0.003632976245924624,0.003632976245924624,0.0,0.0,1,1.0,0.0
2020-08-28,0.024132170038982714,0.024132170038982714,0.0,0.0,1,1.0,0.0
2020-08-31,-0.04767083559905749,-0.04767083559905749,0.0,0.0,1,1.0,0.0
2020-09-01,-0.02074609821088691,-0.02074609821088691,0.0,0.0,1,1.0,0.0
2020-09-02,0.0007774538386782215,0.0007774538386782215,0.0,0.0,1,1.0,0.0
2020-09-03,-0.09759176539133807,-0.09759176539133807,0.0,0.0,1,1.0,0.0
2020-09-04,-0.08199720219520068,-0.08199720219520068,0.0,0.0,1,1.0,0.0
2020-09-08,0.06482241237838471,0.06482241237838471,0.0,0.0,1,1.0,0.0
2020-09-09,0.022236900044033447,0.022236900044033447,0.0,0.0,1,1.0,0.0
2020-09-10,0.027891449493861797,0.027891449493861797,0.0,0.0,1,1.0,0.0
2020-09-11,0.10843373493975905,0.10843373493975905,0.0,0.0,1,1.0,0.0
2020-09-14,0.04291115311909266,0.04291115311909266,0.0,0.0,1,1.0,0.0
2020-09-15,0.08872575675185779,0.08872575675185779,0.0,0.0,1,1.0,0.0
2020-09-16,-0.038458336801798,-0.038458336801798,0.0,0.0,1,1.0,0.0
2020-09-17,-0.061899402649121305,-0.061899402649121305,0.0,0.0,1,1.0,0.0
2020-09-18,0.016519010705057235,0.016519010705057235,0.0,0.0,1,1.0,0.0
2020-09-21,0.013436223331820152,0.013436223331820152,0.0,0.0,1,1.0,0.0
2020-09-22,-0.09011914359939088,-0.09011914359939088,0.0,0.0,1,1.0,0.0
2020-09-23,0.008565521315349045,0.008565521315349045,0.0,0.0,1,1.0,0.0
2020-09-24,0.10855134713002745,0.10855134713002745,0.0,0.0,1,1.0,0.0
2020-09-25,-0.020958083832335328,-0.020958083832335328,0.0,0.0,1,1.0,0.0
2020-09-28,-0.02905198776758411,-0.02905198776758411,0.0,0.0,1,1.0,0.0
2020-09-29,0.0037054191755441224,0.0037054191755441224,0.0,0.0,1,1.0,0.0
2020-09-30,-0.03184125519150893,-0.03184125519150893,0.0,0.0,1,1.0,0.0
2020-10-01,-0.012392755004766554,-0.012392755004766554,0.0,0.0,1,1.0,0.0
2020-10-02,0.0634169884169884,0.0634169884169884,0.0,0.0,1,1.0,0.0
2020-10-05,-0.025052192066805867,-0.025052192066805867,0.0,0.0,1,1.0,0.0
2020-10-06,0.024113211060422746,0.024113211060422746,0.0,0.0,1,1.0,0.0
2020-10-07,0.009272727272727321,0.009272727272727321,0.0,0.0,1,1.0,0.0
2020-10-08,0.001801477211313296,0.001801477211313296,0.0,0.0,1,1.0,0.0
2020-10-09,-0.008991188635137592,-0.008991188635137592,0.0,0.0,1,1.0,0.0
2020-10-12,0.06405371076029764,0.06405371076029764,0.0,0.0,1,1.0,0.0
2020-10-13,-0.04706684856753063,-0.04706684856753063,0.0,0.0,1,1.0,0.0
2020-10-14,-0.003042233357194002,-0.003042233357194002,0.0,0.0,1,1.0,0.0
2020-10-15,-0.03931071620893911,-0.03931071620893911,0.0,0.0,1,1.0,0.0
2020-10-16,-0.04661808669656209,-0.04661808669656209,0.0,0.0,1,1.0,0.0
2020-10-19,-0.0361587457128858,-0.0361587457128858,0.0,0.0,1,1.0,0.0
2020-10-20,-0.0732004880032534,-0.0732004880032534,0.0,0.0,1,1.0,0.0
2020-10-21,0.026656428258007958,0.026656428258007958,0.0,0.0,1,1.0,0.0
2020-10-22,-0.00491505502724654,-0.00491505502724654,0.0,0.0,1,1.0,0.0
2020-10-23,-0.06174165145495547,-0.06174165145495547,0.0,0.0,1,1.0,0.0
2020-10-26,0.02529182879377445,0.02529182879377445,0.0,0.0,1,1.0,0.0
2020-10-27,-0.09219778993191208,-0.09219778993191208,0.0,0.0,1,1.0,0.0
2020-10-28,0.07746219107340457,0.07746219107340457,0.0,0.0,1,1.0,0.0
2020-10-29,-0.07896838982083765,-0.07896838982083765,0.0,0.0,1,1.0,0.0
2020-10-30,0.020939164911411456,0.020939164911411456,0.0,0.0,1,1.0,0.0
2020-11-02,0.015048543689320404,0.015048543689320404,0.0,0.0,1,1.0,0.0
2020-11-03,0.04340028694404596,0.04340028694404596,0.0,0.0,1,1.0,0.0
2020-11-04,0.06691875787785029,0.06691875787785029,0.0,0.0,1,1.0,0.0
2020-11-05,-0.03490495113306846,-0.03490495113306846,0.0,0.0,1,1.0,0.0
2020-11-06,0.005007789895392856,0.005007789895392856,0.0,0.0,1,1.0,0.0
2020-11-09,-0.12811427305946188,-0.12811427305946188,0.0,0.0,1,1.0,0.0
2020-11-10,0.0796291592583187,0.0796291592583187,0.0,0.0,1,1.0,0.0
2020-11-11,0.06893306669803545,0.06893306669803545,0.0,0.0,1,1.0,0.0
2020-11-12,0.06305711455926044,0.06305711455926044,0.0,0.0,1,1.0,0.0
2020-11-13,-0.061594202898550665,-0.061594202898550665,0.0,0.0,1,1.0,0.0
2020-11-16,0.024710424710424617,0.024710424710424617,0.0,0.0,1,1.0,0.0
2020-11-17,-0.032080955969426284,-0.032080955969426284,0.0,0.0,1,1.0,0.0
2020-11-18,-0.039039039039038936,-0.039039039039038936,0.0,0.0,1,1.0,0.0
2020-11-19,0.0017361111111109384,0.0017361111111109384,0.0,0.0,1,1.0,0.0
2020-11-20,0.08584633160023114,0.08584633160023114,0.0,0.0,1,1.0,0.0
2020-11-23,0.014364758459246563,0.014364758459246563,0.0,0.0,1,1.0,0.0
2020-11-24,0.07626140774152934,0.07626140774152934,0.0,0.0,1,1.0,0.0
2020-11-25,0.22504873294346983,0.22504873294346983,0.0,0.0,1,1.0,0.0
2020-11-27,0.10987349828944226,0.10987349828944226,0.0,0.0,1,1.0,0.0
2020-11-30,-0.11491039426523297,-0.11491039426523297,0.0,0.0,1,1.0,0.0
2020-12-01,0.016279258119381357,0.016279258119381357,0.0,0.0,1,1.0,0.0
2020-12-02,0.029327382849856587,0.029327382849856587,0.0,0.0,1,1.0,0.0
2020-12-03,-0.0509371554575524,-0.0519371554575524,2.0,0.001,1,1.0,0.0
2020-12-04,0.0480947955390334,0.0480947955390334,0.0,0.0,1,1.0,0.0
2020-12-07,-0.024366471734892814,-0.025366471734892815,2.0,0.001,1,1.0,0.0
2020-12-08,-0.0407925407925408,-0.0407925407925408,0.0,0.0,1,1.0,0.0
2020-12-09,0.027493751420131884,0.026493751420131884,2.0,0.001,1,1.0,0.0
2020-12-10,-0.07164971251658558,-0.07164971251658558,0.0,0.0,1,1.0,0.0
2020-12-11,-0.02382086707956166,-0.02382086707956166,0.0,0.0,1,1.0,0.0
2020-12-14,0.061493411420205035,0.061493411420205035,0.0,0.0,1,1.0,0.0
2020-12-15,-0.04230708287117735,-0.04330708287117735,2.0,0.001,1,1.0,0.0
2020-12-16,0.08992389146260749,0.08992389146260749,0.0,0.0,1,1.0,0.0
2020-12-17,-0.052371916508538896,-0.052371916508538896,0.0,0.0,1,1.0,0.0
2020-12-18,-0.006327593111734031,-0.006327593111734031,0.0,0.0,1,1.0,0.0
2020-12-21,-0.07004675157182005,-0.07004675157182005,0.0,0.0,1,1.0,0.0
2020-12-22,-0.011979823455233296,-0.012979823455233297,2.0,0.001,1,1.0,0.0
2020-12-23,-0.026377366517762124,-0.026377366517762124,0.0,0.0,1,1.0,0.0
2020-12-24,-0.037360716626611334,-0.037360716626611334,0.0,0.0,1,1.0,0.0
2020-12-28,0.04720835224693598,0.04720835224693598,0.0,0.0,1,1.0,0.0
2020-12-29,-0.010892159308223182,-0.011892159308223182,2.0,0.001,1,1.0,0.0
2020-12-30,-0.06262609280430387,-0.06262609280430387,0.0,0.0,1,1.0,0.0
2020-12-31,0.013182674199623268,0.013182674199623268,0.0,0.0,1,1.0,0.0
2021-01-04,0.028854664542396824,0.028854664542396824,0.0,0.0,1,1.0,0.0
2021-01-05,0.06452167928423957,0.06452167928423957,0.0,0.0,1,1.0,0.0
2021-01-06,0.03588168740908371,0.03588168740908371,0.0,0.0,1,1.0,0.0
2021-01-07,-0.04934467155562494,-0.04934467155562494,0.0,0.0,1,1.0,0.0
2021-01-08,-0.04410980263427844,-0.04410980263427844,0.0,0.0,1,1.0,0.0
2021-01-11,0.06576236263736268,0.06576236263736268,0.0,0.0,1,1.0,0.0
2021-01-12,0.016674722087965055,0.016674722087965055,0.0,0.0,1,1.0,0.0
2021-01-13,0.02987085017035107,0.02987085017035107,0.0,0.0,1,1.0,0.0
2021-01-14,-0.01961840283120464,-0.01961840283120464,0.0,0.0,1,1.0,0.0
2021-01-15,0.0044730440241700364,0.0044730440241700364,0.0,0.0,1,1.0,0.0
2021-01-19,-0.023046875000000022,-0.023046875000000022,0.0,0.0,1,1.0,0.0
2021-01-20,-0.021191523390643674,-0.021191523390643674,0.0,0.0,1,1.0,0.0
2021-01-21,0.03741830065359486,0.03741830065359486,0.0,0.0,1,1.0,0.0
2021-01-22,0.03528114663726578,0.03528114663726578,0.0,0.0,1,1.0,0.0
2021-01-25,-0.03270956945078363,-0.03270956945078363,0.0,0.0,1,1.0,0.0
2021-01-26,0.03161371500471866,0.03161371500471866,0.0,0.0,1,1.0,0.0
2021-01-27,0.021573410580881136,0.021573410580881136,0.0,0.0,1,1.0,0.0
2021-01-28,0.6486829341093949,0.6486829341093949,0.0,0.0,1,1.0,0.0
2021-01-29,0.21435683896080393,0.21435683896080393,0.0,0.0,1,1.0,0.0
2021-02-01,-0.014498695490122948,-0.014498695490122948,0.0,0.0,1,1.0,0.0
2021-02-02,0.07488370333951044,0.07488370333951044,0.0,0.0,1,1.0,0.0
2021-02-03,-0.01157594736286538,-0.01157594736286538,0.0,0.0,1,1.0,0.0
2021-02-04,0.0329631211732877,0.0329631211732877,0.0,0.0,1,1.0,0.0
2021-02-05,0.10252257219656769,0.10252257219656769,0.0,0.0,1,1.0,0.0
2021-02-08,-0.012690275997874534,-0.012690275997874534,0.0,0.0,1,1.0,0.0
2021-02-09,-0.05543419761294199,-0.05543419761294199,0.0,0.0,1,1.0,0.0
2021-02-10,-0.01616062683643482,-0.017160626836434822,2.0,0.001,1,1.0,0.0
2021-02-11,-0.012501953430223534,-0.013501953430223534,2.0,0.001,1,1.0,0.0
2021-02-12,-0.06630796012027218,-0.06630796012027218,0.0,0.0,1,1.0,0.0
2021-02-16,-0.032247172041195316,-0.033247172041195316,2.0,0.001,1,1.0,0.0
2021-02-17,-0.05041870202372645,-0.05041870202372645,0.0,0.0,1,1.0,0.0
2021-02-18,0.011207054932941274,0.011207054932941274,0.0,0.0,1,1.0,0.0
2021-02-19,-0.11800057578810996,-0.11900057578810996,2.0,0.001,1,1.0,0.0
2021-02-22,-0.030978689818468852,-0.03197868981846885,2.0,0.001,1,1.0,0.0
2021-02-23,1.039405799679772,1.0384057996797722,2.0,0.001,1,1.0,0.0
2021-02-24,0.18563266018231772,0.18563266018231772,0.0,0.0,1,1.0,0.0
2021-02-25,-0.0643048964426296,-0.0643048964426296,0.0,0.0,1,1.0,0.0
2021-02-26,0.18340868881462558,0.18340868881462558,0.0,0.0,1,1.0,0.0
2021-03-01,-0.01843853820598007,-0.01843853820598007,0.0,0.0,1,1.0,0.0
2021-03-02,0.050770011846336116,0.050770011846336116,0.0,0.0,1,1.0,0.0
2021-03-03,0.0657754871960059,0.0657754871960059,0.0,0.0,1,1.0,0.0
2021-03-04,0.04074107655574699,0.04074107655574699,0.0,0.0,1,1.0,0.0
2021-03-05,0.41208073181356175,0.41208073181356175,0.0,0.0,1,1.0,0.0
2021-03-08,0.07620193830366762,0.07520193830366761,2.0,0.001,1,1.0,0.0
2021-03-09,0.015303119482048322,0.015303119482048322,0.0,0.0,1,1.0,0.0
2021-03-10,0.08771014492753615,0.08771014492753615,0.0,0.0,1,1.0,0.0
2021-03-11,0.08069072110003739,0.08069072110003739,0.0,0.0,1,1.0,0.0
2021-03-12,0.072446614390689,0.072446614390689,0.0,0.0,1,1.0,0.0
2021-03-15,0.021935068518348144,0.021935068518348144,0.0,0.0,1,1.0,0.0
2021-03-16,0.01453449129280493,0.01453449129280493,0.0,0.0,1,1.0,0.0
2021-03-17,-0.03637008782045603,-0.03637008782045603,0.0,0.0,1,1.0,0.0
2021-03-18,0.05058455307005438,0.05058455307005438,0.0,0.0,1,1.0,0.0
2021-03-19,-0.009457900807381847,-0.010457900807381848,2.0,0.001,1,1.0,0.0
2021-03-22,-0.07318718381112976,-0.07418718381112976,2.0,0.001,1,1.0,0.0
2021-03-23,-0.08181498226710349,-0.08281498226710349,2.0,0.001,1,1.0,0.0
2021-03-24,0.05613052238439242,0.05613052238439242,0.0,0.0,1,1.0,0.0
2021-03-25,-0.014976707736514494,-0.015976707736514495,2.0,0.001,1,1.0,0.0
2021-03-26,0.0016574585635360517,0.0016574585635360517,0.0,0.0,1,1.0,0.0
2021-03-29,0.07258687258687258,0.07258687258687258,0.0,0.0,1,1.0,0.0
2021-03-30,-0.023860948266995807,-0.023860948266995807,0.0,0.0,1,1.0,0.0
2021-03-31,0.008576546201664703,0.008576546201664703,0.0,0.0,1,1.0,0.0
2021-04-01,-0.023505077096652838,-0.023505077096652838,0.0,0.0,1,1.0,0.0
2021-04-05,-0.013094550356248846,-0.013094550356248846,0.0,0.0,1,1.0,0.0
2021-04-06,-0.03540379403794047,-0.03540379403794047,0.0,0.0,1,1.0,0.0
2021-04-07,-0.04331115706194366,-0.04331115706194366,0.0,0.0,1,1.0,0.0
2021-04-08,-0.06989310466345577,-0.06989310466345577,0.0,0.0,1,1.0,0.0
2021-04-09,-0.10904268754736046,-0.10904268754736046,0.0,0.0,1,1.0,0.0
2021-04-12,-0.0007087574065151037,-0.0007087574065151037,0.0,0.0,1,1.0,0.0
2021-04-13,0.18114502950522038,0.18114502950522038,0.0,0.0,1,1.0,0.0
2021-04-14,-0.060600965580188904,-0.060600965580188904,0.0,0.0,1,1.0,0.0
2021-04-15,-0.011199181794937396,-0.011199181794937396,0.0,0.0,1,1.0,0.0
2021-04-16,0.0626034340091024,0.0626034340091024,0.0,0.0,1,1.0,0.0
2021-04-19,-0.03552916555131047,-0.03552916555131047,0.0,0.0,1,1.0,0.0
2021-04-20,-0.00015138899402011852,-0.00015138899402011852,0.0,0.0,1,1.0,0.0
2021-04-21,-0.046306811012693405,-0.046306811012693405,0.0,0.0,1,1.0,0.0
2021-04-22,7.938187976286315e-05,7.938187976286315e-05,0.0,0.0,1,1.0,0.0
2021-04-23,0.11742293954226746,0.11742293954226746,0.0,0.0,1,1.0,0.0
2021-04-26,0.05232874766178108,0.05232874766178108,0.0,0.0,1,1.0,0.0
2021-04-27,0.004545147717300857,0.004545147717300857,0.0,0.0,1,1.0,0.0
2021-04-28,-0.013394557061261247,-0.013394557061261247,0.0,0.0,1,1.0,0.0
2021-04-29,-0.014734261130156301,-0.014734261130156301,0.0,0.0,1,1.0,0.0
2021-04-30,-0.0656251440158534,-0.0656251440158534,0.0,0.0,1,1.0,0.0
2021-05-03,-0.00907521578298387,-0.00907521578298387,0.0,0.0,1,1.0,0.0
2021-05-04,-0.007764670748096281,-0.007764670748096281,0.0,0.0,1,1.0,0.0
2021-05-05,0.009581138700777592,0.009581138700777592,0.0,0.0,1,1.0,0.0
2021-05-06,0.0006459306369868134,0.0006459306369868134,0.0,0.0,1,1.0,0.0
2021-05-07,-0.11105318039624612,-0.11105318039624612,0.0,0.0,1,1.0,0.0
2021-05-10,0.025834380673090296,0.025834380673090296,0.0,0.0,1,1.0,0.0
2021-05-11,-0.014511298665940475,-0.014511298665940475,0.0,0.0,1,1.0,0.0
2021-05-12,0.136143879327016,0.136143879327016,0.0,0.0,1,1.0,0.0
2021-05-13,-0.027841945288753833,-0.027841945288753833,0.0,0.0,1,1.0,0.0
2021-05-14,0.12931465732866432,0.12931465732866432,0.0,0.0,1,1.0,0.0
2021-05-17,0.00037652270210419836,0.00037652270210419836,0.0,0.0,1,1.0,0.0
2021-05-18,-0.06551243164257092,-0.06551243164257092,0.0,0.0,1,1.0,0.0
2021-05-19,0.009832259287338774,0.009832259287338774,0.0,0.0,1,1.0,0.0
2021-05-20,0.03692841892874754,0.03692841892874754,0.0,0.0,1,1.0,0.0
2021-05-21,0.0182139059212163,0.0182139059212163,0.0,0.0,1,1.0,0.0
2021-05-24,0.16345940180436402,0.16345940180436402,0.0,0.0,1,1.0,0.0
2021-05-25,0.15818022078765437,0.15818022078765437,0.0,0.0,1,1.0,0.0
2021-05-26,0.04769129287598939,0.04769129287598939,0.0,0.0,1,1.0,0.0
2021-05-27,-0.12642447900270726,-0.12642447900270726,0.0,0.0,1,1.0,0.0
2021-05-28,0.12171171171171169,0.12171171171171169,0.0,0.0,1,1.0,0.0
2021-06-01,0.13340293952292992,0.13340293952292992,0.0,0.0,1,1.0,0.0
2021-06-02,-0.08524659863945583,-0.08524659863945583,0.0,0.0,1,1.0,0.0
2021-06-03,-0.03803547912309235,-0.03803547912309235,0.0,0.0,1,1.0,0.0
2021-06-04,0.1274279272024479,0.1274279272024479,0.0,0.0,1,1.0,0.0
2021-06-07,0.07139796005828414,0.07139796005828414,0.0,0.0,1,1.0,0.0
2021-06-08,0.008533333333333282,0.008533333333333282,0.0,0.0,1,1.0,0.0
2021-06-09,-0.2715891062929666,-0.2715891062929666,0.0,0.0,1,1.0,0.0
2021-06-10,0.058769079986206174,0.058769079986206174,0.0,0.0,1,1.0,0.0
2021-06-11,-0.01671380817690926,-0.01671380817690926,0.0,0.0,1,1.0,0.0
2021-06-14,-0.030247559274755864,-0.030247559274755864,0.0,0.0,1,1.0,0.0
2021-06-15,0.0021033707865167894,0.0021033707865167894,0.0,0.0,1,1.0,0.0
2021-06-16,0.0027986078719817176,0.0027986078719817176,0.0,0.0,1,1.0,0.0
2021-06-17,-0.04370460481591476,-0.04370460481591476,0.0,0.0,1,1.0,0.0
2021-06-18,-0.06289402301000835,-0.06289402301000835,0.0,0.0,1,1.0,0.0
2021-06-21,0.0999540854011538,0.0999540854011538,0.0,0.0,1,1.0,0.0
2021-06-22,-0.004809437386569915,-0.004809437386569915,0.0,0.0,1,1.0,0.0
2021-06-23,-0.03204157928330442,-0.03204157928330442,0.0,0.0,1,1.0,0.0
2021-06-24,-0.013206978409133763,-0.013206978409133763,0.0,0.0,1,1.0,0.0
2021-06-25,0.01785134696527102,0.01785134696527102,0.0,0.0,1,1.0,0.0
2021-06-28,-0.01110444177671066,-0.01110444177671066,0.0,0.0,1,1.0,0.0
2021-06-29,0.015459028831563026,0.015459028831563026,0.0,0.0,1,1.0,0.0
2021-06-30,-0.045671056318296266,-0.045671056318296266,0.0,0.0,1,1.0,0.0
2021-07-01,-0.007477001370131187,-0.007477001370131187,0.0,0.0,1,1.0,0.0
2021-07-02,-0.016131576871499576,-0.016131576871499576,0.0,0.0,1,1.0,0.0
2021-07-06,-0.044598115854880716,-0.044598115854880716,0.0,0.0,1,1.0,0.0
2021-07-07,0.0037763558166370448,0.0037763558166370448,0.0,0.0,1,1.0,0.0
2021-07-08,-0.0007942313721390759,-0.0007942313721390759,0.0,0.0,1,1.0,0.0
2021-07-09,-0.010354132240048664,-0.010354132240048664,0.0,0.0,1,1.0,0.0
2021-07-12,-0.04855005072708818,-0.04855005072708818,0.0,0.0,1,1.0,0.0
2021-07-13,-0.06908808175052761,-0.06908808175052761,0.0,0.0,1,1.0,0.0
2021-07-14,-0.004772700155112775,-0.004772700155112775,0.0,0.0,1,1.0,0.0
2021-07-15,0.01330775686368546,0.01330775686368546,0.0,0.0,1,1.0,0.0
2021-07-16,0.026336961665877956,0.026336961665877956,0.0,0.0,1,1.0,0.0
2021-07-19,0.10195282779609438,0.10195282779609438,0.0,0.0,1,1.0,0.0
2021-07-20,-0.028078250863060927,-0.028078250863060927,0.0,0.0,1,1.0,0.0
2021-07-21,-0.037478741954233286,-0.037478741954233286,0.0,0.0,1,1.0,0.0
2021-07-22,0.008454106280193274,0.008454106280193274,0.0,0.0,1,1.0,0.0
2021-07-23,0.019849190507873038,0.019849190507873038,0.0,0.0,1,1.0,0.0
2021-07-26,-0.02935739915189739,-0.02935739915189739,0.0,0.0,1,1.0,0.0
2021-07-27,-0.05276128598633356,-0.05276128598633356,0.0,0.0,1,1.0,0.0
2021-07-28,-0.025189214758751133,-0.025189214758751133,0.0,0.0,1,1.0,0.0
2021-07-29,-0.02268591532209152,-0.02268591532209152,0.0,0.0,1,1.0,0.0
2021-07-30,-0.02152432969215501,-0.02152432969215501,0.0,0.0,1,1.0,0.0
2021-08-02,-0.031081115368025602,-0.031081115368025602,0.0,0.0,1,1.0,0.0
2021-08-03,-0.038965119932963255,-0.038965119932963255,0.0,0.0,1,1.0,0.0
2021-08-04,0.045231607629427684,0.045231607629427684,0.0,0.0,1,1.0,0.0
2021-08-05,-0.010870698644421362,-0.010870698644421362,0.0,0.0,1,1.0,0.0
2021-08-06,0.061645099227789046,0.061645099227789046,0.0,0.0,1,1.0,0.0
2021-08-09,-0.012884166625291682,-0.012884166625291682,0.0,0.0,1,1.0,0.0
2021-08-10,-0.0017101325352714136,-0.0017101325352714136,0.0,0.0,1,1.0,0.0
2021-08-11,0.022471343997984672,0.022471343997984672,0.0,0.0,1,1.0,0.0
2021-08-12,0.0010594525340625882,0.0010594525340625882,0.0,0.0,1,1.0,0.0
2021-08-13,0.008688161457051313,0.008688161457051313,0.0,0.0,1,1.0,0.0
2021-08-16,-0.0023180343069076903,-0.0023180343069076903,0.0,0.0,1,1.0,0.0
2021-08-17,-0.03974271179808253,-0.03974271179808253,0.0,0.0,1,1.0,0.0
2021-08-18,-0.026437103634464942,-0.026437103634464942,0.0,0.0,1,1.0,0.0
2021-08-19,0.04185742315238716,0.04185742315238716,0.0,0.0,1,1.0,0.0
2021-08-20,0.03507846829880723,0.03507846829880723,0.0,0.0,1,1.0,0.0
2021-08-23,0.275338411527825,0.275338411527825,0.0,0.0,1,1.0,0.0
2021-08-24,-0.05057825458418941,-0.05057825458418941,0.0,0.0,1,1.0,0.0
2021-08-25,0.027888526035301453,0.027888526035301453,0.0,0.0,1,1.0,0.0
2021-08-26,-0.0013254068804209318,-0.0013254068804209318,0.0,0.0,1,1.0,0.0
2021-08-27,0.020746725998789906,0.020746725998789906,0.0,0.0,1,1.0,0.0
2021-08-30,0.043212237093690264,0.043212237093690264,0.0,0.0,1,1.0,0.0
2021-08-31,-0.024156891495601296,-0.024156891495601296,0.0,0.0,1,1.0,0.0
2021-09-01,0.0025919386950152834,0.0025919386950152834,0.0,0.0,1,1.0,0.0
2021-09-02,-0.05043087298613713,-0.05043087298613713,0.0,0.0,1,1.0,0.0
2021-09-03,-0.018505366161616243,-0.018505366161616243,0.0,0.0,1,1.0,0.0
2021-09-07,-0.0010050251256280562,-0.0010050251256280562,0.0,0.0,1,1.0,0.0
2021-09-08,0.0019114688128771817,0.0019114688128771817,0.0,0.0,1,1.0,0.0
2021-09-09,-0.044040566321919994,-0.044040566321919994,0.0,0.0,1,1.0,0.0
2021-09-10,0.06823242720894096,0.06823242720894096,0.0,0.0,1,1.0,0.0
2021-09-13,-0.020452310717797406,-0.020452310717797406,0.0,0.0,1,1.0,0.0
2021-09-14,0.02650070267014648,0.02650070267014648,0.0,0.0,1,1.0,0.0
2021-09-15,0.009055349110111521,0.009055349110111521,0.0,0.0,1,1.0,0.0
2021-09-16,-0.0068032485027039735,-0.0068032485027039735,0.0,0.0,1,1.0,0.0
2021-09-17,-0.06229265056008748,-0.06229265056008748,0.0,0.0,1,1.0,0.0
2021-09-20,-0.011716961498439038,-0.011716961498439038,0.0,0.0,1,1.0,0.0
2021-09-21,0.0010108029565985,0.0010108029565985,0.0,0.0,1,1.0,0.0
2021-09-22,0.005785210897233828,0.005785210897233828,0.0,0.0,1,1.0,0.0
2021-09-23,-0.03179251202677269,-0.03179251202677269,0.0,0.0,1,1.0,0.0
2021-09-24,0.02333117303953336,0.02333117303953336,0.0,0.0,1,1.0,0.0
2021-09-27,-0.057420308211948434,-0.057420308211948434,0.0,0.0,1,1.0,0.0
2021-09-28,-0.015005599104143341,-0.015005599104143341,0.0,0.0,1,1.0,0.0
2021-09-29,-0.002569349704411139,-0.002569349704411139,0.0,0.0,1,1.0,0.0
2021-09-30,0.008206624569722099,0.008206624569722099,0.0,0.0,1,1.0,0.0
2021-10-01,-0.03136093336649548,-0.03136093336649548,0.0,0.0,1,1.0,0.0
2021-10-04,0.004785247432306239,0.004785247432306239,0.0,0.0,1,1.0,0.0
2021-10-05,-0.006458357532814429,-0.006458357532814429,0.0,0.0,1,1.0,0.0
2021-10-06,0.006149601328126808,0.006149601328126808,0.0,0.0,1,1.0,0.0
2021-10-07,0.003253544039042433,0.003253544039042433,0.0,0.0,1,1.0,0.0
2021-10-08,0.03138753764188085,0.03138753764188085,0.0,0.0,1,1.0,0.0
2021-10-11,-0.012801796743402538,-0.012801796743402538,0.0,0.0,1,1.0,0.0
2021-10-12,0.04686611307018551,0.04686611307018551,0.0,0.0,1,1.0,0.0
2021-10-13,-0.0012387265022275606,-0.0012387265022275606,0.0,0.0,1,1.0,0.0
2021-10-14,0.016717640996658956,0.015717640996658955,2.0,0.001,1,1.0,0.0
2021-10-15,0.056211095080251905,0.056211095080251905,0.0,0.0,1,1.0,0.0
2021-10-18,-0.0518226143487347,-0.0518226143487347,0.0,0.0,1,1.0,0.0
2021-10-19,-0.012142107630040422,-0.013142107630040423,2.0,0.001,1,1.0,0.0
2021-10-20,-0.04011681900386144,-0.04111681900386144,2.0,0.001,1,1.0,0.0
2021-10-21,-0.06727941644494795,-0.06727941644494795,0.0,0.0,1,1.0,0.0
2021-10-22,0.006287419701188401,0.006287419701188401,0.0,0.0,1,1.0,0.0
2021-10-25,-0.02118126825386779,-0.02118126825386779,0.0,0.0,1,1.0,0.0
2021-10-26,-0.03578274465244968,-0.03578274465244968,0.0,0.0,1,1.0,0.0
2021-10-27,0.01352309416825559,0.01352309416825559,0.0,0.0,1,1.0,0.0
2021-10-28,0.0039749122069034915,0.0039749122069034915,0.0,0.0,1,1.0,0.0
2021-10-29,0.04806089879388753,0.04806089879388753,0.0,0.0,1,1.0,0.0
2021-11-01,0.04640048152290599,0.04640048152290599,0.0,0.0,1,1.0,0.0
2021-11-02,0.051558871379696614,0.051558871379696614,0.0,0.0,1,1.0,0.0
2021-11-03,-0.018141144965873046,-0.018141144965873046,0.0,0.0,1,1.0,0.0
2021-11-04,0.041197552011441596,0.041197552011441596,0.0,0.0,1,1.0,0.0
2021-11-05,0.08057644160314359,0.08057644160314359,0.0,0.0,1,1.0,0.0
2021-11-08,-0.11384934888327203,-0.11384934888327203,0.0,0.0,1,1.0,0.0
2021-11-09,-0.03587608906098749,-0.036876089060987494,2.0,0.001,1,1.0,0.0
2021-11-10,0.025764604293431415,0.025764604293431415,0.0,0.0,1,1.0,0.0
2021-11-11,-0.010865309318715766,-0.010865309318715766,0.0,0.0,1,1.0,0.0
2021-11-12,0.03483424047501238,0.03483424047501238,0.0,0.0,1,1.0,0.0
2021-11-15,-0.009371712728315829,-0.009371712728315829,0.0,0.0,1,1.0,0.0
2021-11-16,0.013611352447147285,0.013611352447147285,0.0,0.0,1,1.0,0.0
2021-11-17,0.0005714285714286671,0.0005714285714286671,0.0,0.0,1,1.0,0.0
2021-11-18,0.08890158004949567,0.08890158004949567,0.0,0.0,1,1.0,0.0
2021-11-19,0.0819580419580419,0.0819580419580419,0.0,0.0,1,1.0,0.0
2021-11-22,-0.13593911582213025,-0.13593911582213025,0.0,0.0,1,1.0,0.0
2021-11-23,-0.00991117344553527,-0.00991117344553527,0.0,0.0,1,1.0,0.0
2021-11-24,-0.05694588724147698,-0.05694588724147698,0.0,0.0,1,1.0,0.0
2021-11-26,0.01145603845383536,0.01145603845383536,0.0,0.0,1,1.0,0.0
2021-11-29,-0.028691932992752855,-0.028691932992752855,0.0,0.0,1,1.0,0.0
2021-11-30,-0.0834403604264774,-0.0834403604264774,0.0,0.0,1,1.0,0.0
2021-12-01,0.009564056939501686,0.009564056939501686,0.0,0.0,1,1.0,0.0
2021-12-02,-0.05051773518396119,-0.05051773518396119,0.0,0.0,1,1.0,0.0
2021-12-03,-0.030558971622154707,-0.030558971622154707,0.0,0.0,1,1.0,0.0
2021-12-06,0.06397797989468645,0.06397797989468645,0.0,0.0,1,1.0,0.0
2021-12-07,-0.023395496366949486,-0.023395496366949486,0.0,0.0,1,1.0,0.0
2021-12-08,-0.10303365351392435,-0.10303365351392435,0.0,0.0,1,1.0,0.0
2021-12-09,0.020852593733949876,0.020852593733949876,0.0,0.0,1,1.0,0.0
2021-12-10,-0.1391628094183941,-0.1391628094183941,0.0,0.0,1,1.0,0.0
2021-12-13,0.07895967270601978,0.07895967270601978,0.0,0.0,1,1.0,0.0
2021-12-14,0.006121011862846082,0.006121011862846082,0.0,0.0,1,1.0,0.0
2021-12-15,-0.026919349628512945,-0.026919349628512945,0.0,0.0,1,1.0,0.0
2021-12-16,0.19100090576625806,0.19000090576625805,2.0,0.001,1,1.0,0.0
2021-12-17,0.019916172526775133,0.019916172526775133,0.0,0.0,1,1.0,0.0
2021-12-20,0.020200038123857622,0.020200038123857622,0.0,0.0,1,1.0,0.0
2021-12-21,-0.05346515065752955,-0.05346515065752955,0.0,0.0,1,1.0,0.0
2021-12-22,-0.005579424059451998,-0.005579424059451998,0.0,0.0,1,1.0,0.0
2021-12-23,0.0063113399774636925,0.0063113399774636925,0.0,0.0,1,1.0,0.0
2021-12-27,-0.034143652819679904,-0.034143652819679904,0.0,0.0,1,1.0,0.0
2021-12-28,0.00829553987085152,0.00829553987085152,0.0,0.0,1,1.0,0.0
2021-12-29,0.03542321990277375,0.03542321990277375,0.0,0.0,1,1.0,0.0
2021-12-30,-0.06012589038100824,-0.06012589038100824,0.0,0.0,1,1.0,0.0
2021-12-31,-0.025001224349870288,-0.025001224349870288,0.0,0.0,1,1.0,0.0
2022-01-03,-0.03884019388703319,-0.03884019388703319,0.0,0.0,1,1.0,0.0
2022-01-04,-0.1074914098326386,-0.1074914098326386,0.0,0.0,1,1.0,0.0
2022-01-05,-0.012750042085385882,-0.012750042085385882,0.0,0.0,1,1.0,0.0
2022-01-06,0.023597879675279154,0.023597879675279154,0.0,0.0,1,1.0,0.0
2022-01-07,-0.009133180751513925,-0.009133180751513925,0.0,0.0,1,1.0,0.0
2022-01-10,0.00043857404957359236,0.00043857404957359236,0.0,0.0,1,1.0,0.0
2022-01-11,-0.0030686725068861387,-0.0030686725068861387,0.0,0.0,1,1.0,0.0
2022-01-12,-0.09067256883625141,-0.09067256883625141,0.0,0.0,1,1.0,0.0
2022-01-13,-0.004352206326818542,-0.004352206326818542,0.0,0.0,1,1.0,0.0
2022-01-14,-0.08410571902699637,-0.08410571902699637,0.0,0.0,1,1.0,0.0
2022-01-18,-0.027601749966856604,-0.027601749966856604,0.0,0.0,1,1.0,0.0
2022-01-19,-0.013642726000254513,-0.013642726000254513,0.0,0.0,1,1.0,0.0
2022-01-20,-0.005538098616857612,-0.005538098616857612,0.0,0.0,1,1.0,0.0
2022-01-21,-0.07400852483320974,-0.07400852483320974,0.0,0.0,1,1.0,0.0
2022-01-24,-0.03726496752824393,-0.03726496752824393,0.0,0.0,1,1.0,0.0
2022-01-25,0.011970065528196905,0.010970065528196904,2.0,0.001,1,1.0,0.0
2022-01-26,-0.041096142407760605,-0.041096142407760605,0.0,0.0,1,1.0,0.0
2022-01-27,0.005595380453897292,0.005595380453897292,0.0,0.0,1,1.0,0.0
2022-01-28,0.06504762994899971,0.06504762994899971,0.0,0.0,1,1.0,0.0
2022-01-31,0.015947887248257908,0.015947887248257908,0.0,0.0,1,1.0,0.0
2022-02-01,0.0057007181729491485,0.0057007181729491485,0.0,0.0,1,1.0,0.0
2022-02-02,-0.031667095205815565,-0.031667095205815565,0.0,0.0,1,1.0,0.0
2022-02-03,0.03505023988413147,0.03505023988413147,0.0,0.0,1,1.0,0.0
2022-02-04,0.01925722145804687,0.01825722145804687,2.0,0.001,1,1.0,0.0
2022-02-07,0.0021384114979010604,0.0011384114979010604,2.0,0.001,1,1.0,0.0
2022-02-08,0.04011461318051568,0.03911461318051568,2.0,0.001,1,1.0,0.0
2022-02-09,-0.026170798898071612,-0.026170798898071612,0.0,0.0,1,1.0,0.0
2022-02-10,0.04950495049504955,0.04950495049504955,0.0,0.0,1,1.0,0.0
2022-02-11,0.03975741239892172,0.03975741239892172,0.0,0.0,1,1.0,0.0
2022-02-14,0.03175631885936481,0.03175631885936481,0.0,0.0,1,1.0,0.0
2022-02-15,0.03266331658291466,0.03266331658291466,0.0,0.0,1,1.0,0.0
2022-02-16,-0.014598540145985495,-0.014598540145985495,0.0,0.0,1,1.0,0.0
2022-02-17,-0.06172839506172845,-0.06172839506172845,0.0,0.0,1,1.0,0.0
2022-02-18,-0.022368421052631593,-0.022368421052631593,0.0,0.0,1,1.0,0.0
2022-02-22,0.13055181695827733,0.13055181695827733,0.0,0.0,1,1.0,0.0
2022-02-23,0.029761904761904656,0.029761904761904656,0.0,0.0,1,1.0,0.0
2022-02-24,-0.011560693641618491,-0.011560693641618491,0.0,0.0,1,1.0,0.0
2022-02-25,-0.008187134502923965,-0.008187134502923965,0.0,0.0,1,1.0,0.0
2022-02-28,-0.022405660377358694,-0.022405660377358694,0.0,0.0,1,1.0,0.0
2022-03-01,-0.016887816646562026,-0.016887816646562026,0.0,0.0,1,1.0,0.0
2022-03-02,-0.012269938650306678,-0.012269938650306678,0.0,0.0,1,1.0,0.0
2022-03-03,0.04844720496894395,0.04844720496894395,0.0,0.0,1,1.0,0.0
2022-03-04,0.0165876777251186,0.0165876777251186,0.0,0.0,1,1.0,0.0
2022-03-07,-0.015151515151515249,-0.015151515151515249,0.0,0.0,1,1.0,0.0
2022-03-08,-0.04023668639053257,-0.04023668639053257,0.0,0.0,1,1.0,0.0
2022-03-09,0.004932182490752224,0.004932182490752224,0.0,0.0,1,1.0,0.0
2022-03-10,-0.013496932515337567,-0.013496932515337567,0.0,0.0,1,1.0,0.0
2022-03-11,-0.08333333333333326,-0.08333333333333326,0.0,0.0,1,1.0,0.0
2022-03-14,-0.023066485753052923,-0.023066485753052923,0.0,0.0,1,1.0,0.0
2022-03-15,-0.002777777777777879,-0.002777777777777879,0.0,0.0,1,1.0,0.0
2022-03-16,0.048746518105849734,0.048746518105849734,0.0,0.0,1,1.0,0.0
2022-03-17,-0.01726427622841964,-0.01726427622841964,0.0,0.0,1,1.0,0.0
2022-03-18,0.059459459459459296,0.059459459459459296,0.0,0.0,1,1.0,0.0
2022-03-21,-0.005102040816326481,-0.005102040816326481,0.0,0.0,1,1.0,0.0
2022-03-22,0.008974358974358942,0.008974358974358942,0.0,0.0,1,1.0,0.0
2022-03-23,0.01270648030495547,0.01270648030495547,0.0,0.0,1,1.0,0.0
2022-03-24,0.10790464240903397,0.10790464240903397,0.0,0.0,1,1.0,0.0
2022-03-25,-0.01812004530011324,-0.01812004530011324,0.0,0.0,1,1.0,0.0
2022-03-28,0.032295271049596286,0.032295271049596286,0.0,0.0,1,1.0,0.0
2022-03-29,-0.00893854748603351,-0.00893854748603351,0.0,0.0,1,1.0,0.0
2022-03-30,-0.0011273957158962622,-0.0011273957158962622,0.0,0.0,1,1.0,0.0
2022-03-31,0.0011286681715574343,0.0011286681715574343,0.0,0.0,1,1.0,0.0
2022-04-01,-0.025930101465614253,-0.025930101465614253,0.0,0.0,1,1.0,0.0
2022-04-04,0.04745370370370372,0.04745370370370372,0.0,0.0,1,1.0,0.0
2022-04-05,-0.07071823204419891,-0.07071823204419891,0.0,0.0,1,1.0,0.0
2022-04-06,0.022592152199762072,0.022592152199762072,0.0,0.0,1,1.0,0.0
2022-04-07,0.009302325581395321,0.009302325581395321,0.0,0.0,1,1.0,0.0
2022-04-08,-0.05299539170506906,-0.05299539170506906,0.0,0.0,1,1.0,0.0
2022-04-11,0.014598540145985384,0.014598540145985384,0.0,0.0,1,1.0,0.0
2022-04-12,0.11151079136690645,0.11151079136690645,0.0,0.0,1,1.0,0.0
2022-04-13,-0.017259978425027023,-0.017259978425027023,0.0,0.0,1,1.0,0.0
2022-04-14,0.06586169045005508,0.06586169045005508,0.0,0.0,1,1.0,0.0
2022-04-18,-0.054582904222451156,-0.054582904222451156,0.0,0.0,1,1.0,0.0
2022-04-19,0.009803921568627416,0.009803921568627416,0.0,0.0,1,1.0,0.0
2022-04-20,-0.06472491909385114,-0.06472491909385114,0.0,0.0,1,1.0,0.0
2022-04-21,-0.0542099192618225,-0.0542099192618225,0.0,0.0,1,1.0,0.0
2022-04-22,-0.024390243902438935,-0.024390243902438935,0.0,0.0,1,1.0,0.0
2022-04-25,-0.011249999999999982,-0.011249999999999982,0.0,0.0,1,1.0,0.0
2022-04-26,0.025284450063211006,0.025284450063211006,0.0,0.0,1,1.0,0.0
2022-04-27,0.02836004932182501,0.02836004932182501,0.0,0.0,1,1.0,0.0
2022-04-28,-0.017985611510791366,-0.017985611510791366,0.0,0.0,1,1.0,0.0
2022-04-29,-0.020757020757020794,-0.020757020757020794,0.0,0.0,1,1.0,0.0
2022-05-02,0.08977556109725704,0.08977556109725704,0.0,0.0,1,1.0,0.0
2022-05-03,-0.029748283752860427,-0.029748283752860427,0.0,0.0,1,1.0,0.0
2022-05-04,-0.06014150943396235,-0.06014150943396235,0.0,0.0,1,1.0,0.0
2022-05-05,-0.06524466750313673,-0.06524466750313673,0.0,0.0,1,1.0,0.0
2022-05-06,-0.09530201342281874,-0.09530201342281874,0.0,0.0,1,1.0,0.0
2022-05-09,0.029673590504451175,0.029673590504451175,0.0,0.0,1,1.0,0.0
2022-05-10,0.01729106628242061,0.01729106628242061,0.0,0.0,1,1.0,0.0
2022-05-11,-0.022662889518413443,-0.022662889518413443,0.0,0.0,1,1.0,0.0
2022-05-12,0.07826086956521738,0.07826086956521738,0.0,0.0,1,1.0,0.0
2022-05-13,0.09005376344086002,0.09005376344086002,0.0,0.0,1,1.0,0.0
2022-05-16,0.006165228113440335,0.006165228113440335,0.0,0.0,1,1.0,0.0
2022-05-17,-0.03431372549019607,-0.03431372549019607,0.0,0.0,1,1.0,0.0
2022-05-18,0.026649746192893398,0.026649746192893398,0.0,0.0,1,1.0,0.0
2022-05-19,0.011124845488257096,0.011124845488257096,0.0,0.0,1,1.0,0.0
2022-05-20,0.05378973105134466,0.05378973105134466,0.0,0.0,1,1.0,0.0
2022-05-23,-0.024361948955916368,-0.024361948955916368,0.0,0.0,1,1.0,0.0
2022-05-24,0.04756242568370994,0.04756242568370994,0.0,0.0,1,1.0,0.0
2022-05-25,0.020431328036322416,0.020431328036322416,0.0,0.0,1,1.0,0.0
2022-05-26,0.05339265850945507,0.05339265850945507,0.0,0.0,1,1.0,0.0
2022-05-27,0.0063357972544877406,0.0063357972544877406,0.0,0.0,1,1.0,0.0
2022-05-31,0.1332633788037776,0.1332633788037776,0.0,0.0,1,1.0,0.0
2022-06-01,0.00648148148148131,0.00648148148148131,0.0,0.0,1,1.0,0.0
2022-06-02,0.060717571297148165,0.060717571297148165,0.0,0.0,1,1.0,0.0
2022-06-03,-0.019947961838681638,-0.019947961838681638,0.0,0.0,1,1.0,0.0
2022-06-06,0.038053097345132736,0.038053097345132736,0.0,0.0,1,1.0,0.0
2022-06-07,-0.02856551438625543,-0.02956551438625543,2.0,0.001,1,1.0,0.0
2022-06-08,-0.06329113924050633,-0.06429113924050633,2.0,0.001,1,1.0,0.0
2022-06-09,-0.011711711711711592,-0.011711711711711592,0.0,0.0,1,1.0,0.0
2022-06-10,-0.042844120328167756,-0.042844120328167756,0.0,0.0,1,1.0,0.0
2022-06-13,-0.03904761904761911,-0.03904761904761911,0.0,0.0,1,1.0,0.0
2022-06-14,-0.013875123885034757,-0.013875123885034757,0.0,0.0,1,1.0,0.0
2022-06-15,-0.02713567839195974,-0.02713567839195974,0.0,0.0,1,1.0,0.0
2022-06-16,-0.06611570247933896,-0.06611570247933896,0.0,0.0,1,1.0,0.0
2022-06-17,0.03539823008849563,0.03539823008849563,0.0,0.0,1,1.0,0.0
2022-06-21,-0.037741284932296226,-0.03874128493229623,2.0,0.001,1,1.0,0.0
2022-06-22,-0.13114754098360648,-0.13214754098360648,2.0,0.001,1,1.0,0.0
2022-06-23,0.04977228366948627,0.04877228366948627,2.0,0.001,1,1.0,0.0
2022-06-24,0.055159590951347814,0.055159590951347814,0.0,0.0,1,1.0,0.0
2022-06-27,0.02466960352422909,0.02466960352422909,0.0,0.0,1,1.0,0.0
2022-06-28,-0.04041272570937238,-0.04041272570937238,0.0,0.0,1,1.0,0.0
2022-06-29,-0.08452807646356031,-0.08452807646356031,0.0,0.0,1,1.0,0.0
2022-06-30,0.0051679586563306845,0.0041679586563306845,2.0,0.001,1,1.0,0.0
2022-07-01,-0.08997429305912596,-0.08997429305912596,0.0,0.0,1,1.0,0.0
2022-07-05,-0.013684570646596006,-0.014684570646596007,2.0,0.001,1,1.0,0.0
2022-07-06,0.10267082899757196,0.10267082899757196,0.0,0.0,1,1.0,0.0
2022-07-07,-0.024850581944007577,-0.024850581944007577,0.0,0.0,1,1.0,0.0
2022-07-08,0.011935483870967767,0.011935483870967767,0.0,0.0,1,1.0,0.0
2022-07-11,-0.03328509406657021,-0.03428509406657021,2.0,0.001,1,1.0,0.0
2022-07-12,0.07599478147423366,0.07499478147423366,2.0,0.001,1,1.0,0.0
2022-07-13,-0.03546529251288277,-0.03546529251288277,0.0,0.0,1,1.0,0.0
2022-07-14,0.027341294783155057,0.027341294783155057,0.0,0.0,1,1.0,0.0
2022-07-15,0.09343065693430663,0.09243065693430663,2.0,0.001,1,1.0,0.0
2022-07-18,-0.020231213872832443,-0.021231213872832444,2.0,0.001,1,1.0,0.0
2022-07-19,-0.06882989183874133,-0.06882989183874133,0.0,0.0,1,1.0,0.0
2022-07-20,-0.004223864836325197,-0.004223864836325197,0.0,0.0,1,1.0,0.0
2022-07-21,-0.030752916224814353,-0.030752916224814353,0.0,0.0,1,1.0,0.0
2022-07-22,-0.08971553610503291,-0.08971553610503291,0.0,0.0,1,1.0,0.0
2022-07-25,0.015625,0.015625,0.0,0.0,1,1.0,0.0
2022-07-26,-0.02485207100591713,-0.02485207100591713,0.0,0.0,1,1.0,0.0
2022-07-27,-0.06553398058252424,-0.06553398058252424,0.0,0.0,1,1.0,0.0
2022-07-28,0.09350649350649354,0.09350649350649354,0.0,0.0,1,1.0,0.0
2022-07-29,-0.001187648456057011,-0.001187648456057011,0.0,0.0,1,1.0,0.0
2022-08-01,0.021403091557669507,0.021403091557669507,0.0,0.0,1,1.0,0.0
2022-08-02,-0.00465657741559955,-0.00465657741559955,0.0,0.0,1,1.0,0.0
2022-08-03,0.04678362573099415,0.04678362573099415,0.0,0.0,1,1.0,0.0
2022-08-04,-0.02346368715083802,-0.02346368715083802,0.0,0.0,1,1.0,0.0
2022-08-05,-0.021739130434782594,-0.021739130434782594,0.0,0.0,1,1.0,0.0
2022-08-08,-0.010526315789473717,-0.010526315789473717,0.0,0.0,1,1.0,0.0
2022-08-09,0.011820330969267046,0.011820330969267046,0.0,0.0,1,1.0,0.0
2022-08-10,-0.0210280373831776,-0.0210280373831776,0.0,0.0,1,1.0,0.0
2022-08-11,-0.009546539379474916,-0.009546539379474916,0.0,0.0,1,1.0,0.0
2022-08-12,0.00120481927710836,0.00120481927710836,0.0,0.0,1,1.0,0.0
2022-08-15,-0.02767749699157629,-0.02767749699157629,0.0,0.0,1,1.0,0.0
2022-08-16,0.0,0.0,0.0,0.0,1,1.0,0.0
2022-08-17,0.04084158415841577,0.04084158415841577,0.0,0.0,1,1.0,0.0
2022-08-18,0.007134363852556502,0.007134363852556502,0.0,0.0,1,1.0,0.0
2022-08-19,-0.012987012987012991,-0.012987012987012991,0.0,0.0,1,1.0,0.0
2022-08-22,-0.023809523809523836,-0.024809523809523837,2.0,0.001,1,1.0,0.0
2022-08-23,0.020364669666114388,0.020364669666114388,0.0,0.0,1,1.0,0.0
2022-08-24,-0.015780923648178402,-0.015780923648178402,0.0,0.0,1,1.0,0.0
2022-08-25,-0.003772695119075631,-0.003772695119075631,0.0,0.0,1,1.0,0.0
2022-08-26,-0.004970414201183493,-0.004970414201183493,0.0,0.0,1,1.0,0.0
2022-08-29,0.013665594855305496,0.012665594855305495,2.0,0.001,1,1.0,0.0
2022-08-30,-0.05392545598731169,-0.05392545598731169,0.0,0.0,1,1.0,0.0
2022-08-31,-0.051131601005867555,-0.051131601005867555,0.0,0.0,1,1.0,0.0
2022-09-01,-0.013250883392226243,-0.013250883392226243,0.0,0.0,1,1.0,0.0
2022-09-02,-0.021965317919075078,-0.02296531791907508,2.0,0.001,1,1.0,0.0
2022-09-06,0.011470281543274341,0.01047028154327434,2.0,0.001,1,1.0,0.0
2022-09-07,-0.004975124378109319,-0.005975124378109319,2.0,0.001,1,1.0,0.0
2022-09-08,0.03125,0.03125,0.0,0.0,1,1.0,0.0
2022-09-09,0.02666666666666684,0.02666666666666684,0.0,0.0,1,1.0,0.0
2022-09-12,-0.02007083825265643,-0.02007083825265643,0.0,0.0,1,1.0,0.0
2022-09-13,0.022559543777256108,0.021559543777256107,2.0,0.001,1,1.0,0.0
2022-09-14,-0.035335689045936425,-0.036335689045936426,2.0,0.001,1,1.0,0.0
2022-09-15,-0.01929853314758667,-0.020298533147586673,2.0,0.001,1,1.0,0.0
2022-09-16,-0.018842698976394345,-0.018842698976394345,0.0,0.0,1,1.0,0.0
2022-09-19,-0.013048635824436494,-0.014048635824436495,2.0,0.001,1,1.0,0.0
2022-09-20,-0.02644230769230782,-0.02644230769230782,0.0,0.0,1,1.0,0.0
2022-09-21,-0.016741565184995477,-0.017741565184995478,2.0,0.001,1,1.0,0.0
2022-09-22,-0.09859154929577463,-0.09959154929577463,2.0,0.001,1,1.0,0.0
2022-09-23,-0.07386363636363646,-0.07386363636363646,0.0,0.0,1,1.0,0.0
2022-09-26,0.059815950920245387,0.059815950920245387,0.0,0.0,1,1.0,0.0
2022-09-27,0.013475878178061285,0.012475878178061284,2.0,0.001,1,1.0,0.0
2022-09-28,-0.015068493150684814,-0.016068493150684815,2.0,0.001,1,1.0,0.0
2022-09-29,-0.002781641168289384,-0.002781641168289384,0.0,0.0,1,1.0,0.0
2022-09-30,0.020762014849064148,0.019762014849064147,2.0,0.001,1,1.0,0.0
2022-10-03,0.028963414634146423,0.028963414634146423,0.0,0.0,1,1.0,0.0
2022-10-04,-0.07445502645502644,-0.07445502645502644,0.0,0.0,1,1.0,0.0
2022-10-05,-0.036285390713476695,-0.037285390713476696,2.0,0.001,1,1.0,0.0
2022-10-06,-0.035686436401999866,-0.03668643640199987,2.0,0.001,1,1.0,0.0
2022-10-07,0.020331372524426516,0.019331372524426516,2.0,0.001,1,1.0,0.0
2022-10-10,-0.004128819157720898,-0.005128819157720898,2.0,0.001,1,1.0,0.0
2022-10-11,0.0,-0.001,2.0,0.001,1,1.0,0.0
2022-10-12,0.018832208901616188,0.018832208901616188,0.0,0.0,1,1.0,0.0
2022-10-13,-0.07300747939593155,-0.07300747939593155,0.0,0.0,1,1.0,0.0
2022-10-14,0.01291889266634283,0.011918892666342829,2.0,0.001,1,1.0,0.0
2022-10-17,0.01050057537399307,0.01050057537399307,0.0,0.0,1,1.0,0.0
2022-10-18,0.009555106167846272,0.008555106167846271,2.0,0.001,1,1.0,0.0
2022-10-19,-0.0021581322346477805,-0.0031581322346477805,2.0,0.001,1,1.0,0.0
2022-10-20,0.03308100668501757,0.03308100668501757,0.0,0.0,1,1.0,0.0
2022-10-21,0.008802398058714411,0.008802398058714411,0.0,0.0,1,1.0,0.0
2022-10-24,-0.018318965517241437,-0.019318965517241438,2.0,0.001,1,1.0,0.0
2022-10-25,0.0,-0.001,2.0,0.001,1,1.0,0.0
2022-10-26,0.0,0.0,0.0,0.0,1,1.0,0.0
2022-10-27,0.0,0.0,0.0,0.0,1,1.0,0.0
2022-10-28,0.0,0.0,0.0,0.0,1,1.0,0.0
2022-10-31,-0.07310344827586202,-0.07310344827586202,0.0,0.0,1,1.0,0.0
2022-11-01,0.03850050658561299,0.03750050658561299,2.0,0.001,1,1.0,0.0
2022-11-02,-0.0029268292682926855,-0.0029268292682926855,0.0,0.0,1,1.0,0.0
2022-11-03,0.007827788649706457,0.007827788649706457,0.0,0.0,1,1.0,0.0
2022-11-04,-0.001941747572815511,-0.001941747572815511,0.0,0.0,1,1.0,0.0
2022-11-07,0.0042153047989623715,0.0042153047989623715,0.0,0.0,1,1.0,0.0
2022-11-08,-0.010009686793671202,-0.010009686793671202,0.0,0.0,1,1.0,0.0
2022-11-09,0.015981735159817267,0.015981735159817267,0.0,0.0,1,1.0,0.0
2022-11-10,0.012841091492777013,0.012841091492777013,0.0,0.0,1,1.0,0.0
2022-11-11,-0.008874801901743279,-0.008874801901743279,0.0,0.0,1,1.0,0.0
2022-11-14,0.0,0.0,0.0,0.0,1,1.0,0.0
2022-11-15,-0.009913655260633147,-0.009913655260633147,0.0,0.0,1,1.0,0.0
2022-11-16,-0.015558452846588411,-0.016558452846588412,2.0,0.001,1,1.0,0.0
2022-11-17,-0.002946271264231859,-0.003946271264231859,2.0,0.001,1,1.0,0.0
2022-11-18,-0.023298289379900083,-0.023298289379900083,0.0,0.0,1,1.0,0.0
2022-11-21,0.04570125427594074,0.04570125427594074,0.0,0.0,1,1.0,0.0
2022-11-22,-0.02268068216513286,-0.02268068216513286,0.0,0.0,1,1.0,0.0
2022-11-23,0.07310704960835523,0.07210704960835523,2.0,0.001,1,1.0,0.0
2022-11-25,0.007299270072992581,0.007299270072992581,0.0,0.0,1,1.0,0.0
2022-11-28,0.03864734299516903,0.03864734299516903,0.0,0.0,1,1.0,0.0
2022-11-29,-0.024418604651162634,-0.024418604651162634,0.0,0.0,1,1.0,0.0
2022-11-30,-0.012158054711246202,-0.013158054711246203,2.0,0.001,1,1.0,0.0
2022-12-01,-0.012967032967033054,-0.012967032967033054,0.0,0.0,1,1.0,0.0
2022-12-02,-0.01291471832553992,-0.01291471832553992,0.0,0.0,1,1.0,0.0
2022-12-05,-0.025039476652379822,-0.025039476652379822,0.0,0.0,1,1.0,0.0
2022-12-06,0.00023137436372056008,0.00023137436372056008,0.0,0.0,1,1.0,0.0
2022-12-07,0.017117742308581985,0.017117742308581985,0.0,0.0,1,1.0,0.0
2022-12-08,-0.03593359108483052,-0.03593359108483052,0.0,0.0,1,1.0,0.0
2022-12-09,0.04222694031611218,0.04222694031611218,0.0,0.0,1,1.0,0.0
2022-12-12,0.026935264825712846,0.026935264825712846,0.0,0.0,1,1.0,0.0
2022-12-13,0.0077143486885606904,0.0077143486885606904,0.0,0.0,1,1.0,0.0
2022-12-14,-0.005249343832021025,-0.005249343832021025,0.0,0.0,1,1.0,0.0
2022-12-15,0.0,-0.001,2.0,0.001,1,1.0,0.0
2022-12-16,-0.025181840983195314,-0.026181840983195315,2.0,0.001,1,1.0,0.0
2022-12-19,-0.0006428583512374519,-0.001642858351237452,2.0,0.001,1,1.0,0.0
2022-12-20,0.05786350148367969,0.05686350148367969,2.0,0.001,1,1.0,0.0
2022-12-21,-0.0836839644693782,-0.0836839644693782,0.0,0.0,1,1.0,0.0
2022-12-22,0.025959367945823875,0.024959367945823874,2.0,0.001,1,1.0,0.0
2022-12-23,0.008516851198442588,0.007516851198442588,2.0,0.001,1,1.0,0.0
2022-12-27,0.02828054298642524,0.027280542986425238,2.0,0.001,1,1.0,0.0
2022-12-28,-0.004400440044004306,-0.004400440044004306,0.0,0.0,1,1.0,0.0
2022-12-29,0.015469613259668336,0.015469613259668336,0.0,0.0,1,1.0,0.0
2022-12-30,-0.052230685527747456,-0.052230685527747456,0.0,0.0,1,1.0,0.0
2023-01-03,0.0,0.0,0.0,0.0,1,1.0,0.0
2023-01-04,0.07347876004592413,0.07347876004592413,0.0,0.0,1,1.0,0.0
2023-01-05,0.010695187165775444,0.010695187165775444,0.0,0.0,1,1.0,0.0
2023-01-06,0.031746031746031855,0.031746031746031855,0.0,0.0,1,1.0,0.0
2023-01-09,-0.003076923076922977,-0.003076923076922977,0.0,0.0,1,1.0,0.0
2023-01-10,-0.12954545454545463,-0.13054545454545463,2.0,0.001,1,1.0,0.0
2023-01-11,0.04960835509138373,0.04960835509138373,0.0,0.0,1,1.0,0.0
2023-01-12,0.036979969183358774,0.03597996918335877,2.0,0.001,1,1.0,0.0
2023-01-13,-0.043749999999999956,-0.044749999999999956,2.0,0.001,1,1.0,0.0
2023-01-17,0.02698342865522818,0.02598342865522818,2.0,0.001,1,1.0,0.0
2023-01-18,-0.028273597029844444,-0.028273597029844444,0.0,0.0,1,1.0,0.0
2023-01-19,0.0408523144746511,0.0408523144746511,0.0,0.0,1,1.0,0.0
2023-01-20,-0.005900570497147539,-0.006900570497147539,2.0,0.001,1,1.0,0.0
2023-01-23,0.0034760936577686863,0.0034760936577686863,0.0,0.0,1,1.0,0.0
2023-01-24,-0.004509803921568634,-0.004509803921568634,0.0,0.0,1,1.0,0.0
2023-01-25,-0.013065458604162639,-0.013065458604162639,0.0,0.0,1,1.0,0.0
2023-01-26,-0.03705428419372003,-0.03705428419372003,0.0,0.0,1,1.0,0.0
2023-01-27,-0.028566493955094918,-0.028566493955094918,0.0,0.0,1,1.0,0.0
2023-01-30,0.024961775059559654,0.024961775059559654,0.0,0.0,1,1.0,0.0
2023-01-31,0.0028447528187336424,0.0028447528187336424,0.0,0.0,1,1.0,0.0
2023-02-01,-0.00985920365309434,-0.00985920365309434,0.0,0.0,1,1.0,0.0
2023-02-02,-0.022465236531339583,-0.022465236531339583,0.0,0.0,1,1.0,0.0
2023-02-03,-0.01183030129740159,-0.01183030129740159,0.0,0.0,1,1.0,0.0
2023-02-06,-0.0053530092592593,-0.0053530092592593,0.0,0.0,1,1.0,0.0
2023-02-07,-0.05483636363636357,-0.05483636363636357,0.0,0.0,1,1.0,0.0
2023-02-08,-0.00484764542936289,-0.00484764542936289,0.0,0.0,1,1.0,0.0
2023-02-09,-0.004561973246733242,-0.004561973246733242,0.0,0.0,1,1.0,0.0
2023-02-10,-0.008233649215473093,-0.008233649215473093,0.0,0.0,1,1.0,0.0
2023-02-13,0.05028195488721798,0.05028195488721798,0.0,0.0,1,1.0,0.0
2023-02-14,0.05242356450410135,0.05242356450410135,0.0,0.0,1,1.0,0.0
2023-02-15,0.045277403812088224,0.045277403812088224,0.0,0.0,1,1.0,0.0
2023-02-16,0.02830124728850314,0.02830124728850314,0.0,0.0,1,1.0,0.0
2023-02-17,-0.04822176076996598,-0.04822176076996598,0.0,0.0,1,1.0,0.0
2023-02-21,0.01066629727109003,0.01066629727109003,0.0,0.0,1,1.0,0.0
2023-02-22,0.052220394736842035,0.052220394736842035,0.0,0.0,1,1.0,0.0
2023-02-23,-0.10056011462810988,-0.10056011462810988,0.0,0.0,1,1.0,0.0
2023-02-24,-0.016582186821144096,-0.016582186821144096,0.0,0.0,1,1.0,0.0
2023-02-27,-0.0022457845519475717,-0.0022457845519475717,0.0,0.0,1,1.0,0.0
2023-02-28,0.03018338806686094,0.03018338806686094,0.0,0.0,1,1.0,0.0
2023-03-01,-0.022923457143880444,-0.022923457143880444,0.0,0.0,1,1.0,0.0
2023-03-02,-0.0017962535283552183,-0.0017962535283552183,0.0,0.0,1,1.0,0.0
2023-03-03,-0.005031215571061343,-0.005031215571061343,0.0,0.0,1,1.0,0.0
2023-03-06,-0.015649798841029128,-0.015649798841029128,0.0,0.0,1,1.0,0.0
2023-03-07,-0.02246053470321352,-0.02246053470321352,0.0,0.0,1,1.0,0.0
2023-03-08,-0.020329881089374724,-0.020329881089374724,0.0,0.0,1,1.0,0.0
2023-03-09,-0.05387627251370408,-0.05387627251370408,0.0,0.0,1,1.0,0.0
2023-03-10,-0.003434861777851239,-0.003434861777851239,0.0,0.0,1,1.0,0.0
2023-03-13,0.015655496034217897,0.015655496034217897,0.0,0.0,1,1.0,0.0
2023-03-14,-0.023591462916019323,-0.023591462916019323,0.0,0.0,1,1.0,0.0
2023-03-15,0.010348124402452141,0.00934812440245214,2.0,0.001,1,1.0,0.0
2023-03-16,0.019237026191638362,0.01823702619163836,2.0,0.001,1,1.0,0.0
2023-03-17,0.021228203184230354,0.021228203184230354,0.0,0.0,1,1.0,0.0
2023-03-20,-0.04020630641190959,-0.04020630641190959,0.0,0.0,1,1.0,0.0
2023-03-21,-0.05935515388373225,-0.05935515388373225,0.0,0.0,1,1.0,0.0
2023-03-22,0.0038950921838483143,0.0038950921838483143,0.0,0.0,1,1.0,0.0
2023-03-23,0.011683048801517382,0.011683048801517382,0.0,0.0,1,1.0,0.0
2023-03-24,0.015596369369753393,0.015596369369753393,0.0,0.0,1,1.0,0.0
2023-03-27,0.01036378131162663,0.01036378131162663,0.0,0.0,1,1.0,0.0
2023-03-28,-0.010423588039867204,-0.010423588039867204,0.0,0.0,1,1.0,0.0
2023-03-29,-0.015023710604725293,-0.015023710604725293,0.0,0.0,1,1.0,0.0
2023-03-30,0.0321673554599291,0.0321673554599291,0.0,0.0,1,1.0,0.0
2023-03-31,0.027284735408239058,0.027284735408239058,0.0,0.0,1,1.0,0.0
2023-04-03,-0.04513064133016631,-0.04613064133016631,2.0,0.001,1,1.0,0.0
2023-04-04,-0.02487562189054715,-0.02487562189054715,0.0,0.0,1,1.0,0.0
2023-04-05,-0.0663265306122448,-0.0663265306122448,0.0,0.0,1,1.0,0.0
2023-04-06,-0.009087971564746722,-0.010087971564746723,2.0,0.001,1,1.0,0.0
2023-04-10,-0.045856601312517786,-0.045856601312517786,0.0,0.0,1,1.0,0.0
2023-04-11,-0.05376344086021512,-0.05476344086021512,2.0,0.001,1,1.0,0.0
2023-04-12,0.017045454545454586,0.017045454545454586,0.0,0.0,1,1.0,0.0
2023-04-13,-0.025139664804469275,-0.025139664804469275,0.0,0.0,1,1.0,0.0
2023-04-14,0.06989449101296974,0.06889449101296974,2.0,0.001,1,1.0,0.0
2023-04-17,0.12773338530500866,0.12773338530500866,0.0,0.0,1,1.0,0.0
2023-04-18,0.013376192451264979,0.013376192451264979,0.0,0.0,1,1.0,0.0
2023-04-19,-0.01937310276612436,-0.01937310276612436,0.0,0.0,1,1.0,0.0
2023-04-20,0.05558067545476675,0.05558067545476675,0.0,0.0,1,1.0,0.0
2023-04-21,0.007875053543774158,0.007875053543774158,0.0,0.0,1,1.0,0.0
2023-04-24,-0.05792682926829262,-0.058926829268292624,2.0,0.001,1,1.0,0.0
2023-04-25,0.006472491909385036,0.006472491909385036,0.0,0.0,1,1.0,0.0
2023-04-26,-0.012861736334405127,-0.012861736334405127,0.0,0.0,1,1.0,0.0
2023-04-27,0.0684039087947883,0.0684039087947883,0.0,0.0,1,1.0,0.0
2023-04-28,0.027439024390244038,0.027439024390244038,0.0,0.0,1,1.0,0.0
2023-05-01,-0.06528189910979232,-0.06528189910979232,0.0,0.0,1,1.0,0.0
2023-05-02,-0.053968253968254,-0.053968253968254,0.0,0.0,1,1.0,0.0
2023-05-03,-0.01342281879194629,-0.01342281879194629,0.0,0.0,1,1.0,0.0
2023-05-04,0.023809523809523725,0.023809523809523725,0.0,0.0,1,1.0,0.0
2023-05-05,-0.03322259136212613,-0.03322259136212613,0.0,0.0,1,1.0,0.0
2023-05-08,-0.029850746268656803,-0.030850746268656803,2.0,0.001,1,1.0,0.0
2023-05-09,-0.025029200734189905,-0.025029200734189905,0.0,0.0,1,1.0,0.0
2023-05-10,-0.01379428375834324,-0.01379428375834324,0.0,0.0,1,1.0,0.0
2023-05-11,0.01665972511453573,0.01665972511453573,0.0,0.0,1,1.0,0.0
2023-05-12,-0.008978560699167026,-0.008978560699167026,0.0,0.0,1,1.0,0.0
2023-05-15,0.006596851424437444,0.006596851424437444,0.0,0.0,1,1.0,0.0
2023-05-16,-0.04895535668451945,-0.04895535668451945,0.0,0.0,1,1.0,0.0
2023-05-17,-0.005073767542281282,-0.005073767542281282,0.0,0.0,1,1.0,0.0
2023-05-18,0.0004340120800028213,0.0004340120800028213,0.0,0.0,1,1.0,0.0
2023-05-19,0.032102960847402384,0.032102960847402384,0.0,0.0,1,1.0,0.0
2023-05-22,-0.011664156362744649,-0.011664156362744649,0.0,0.0,1,1.0,0.0
2023-05-23,0.03586617521973334,0.03586617521973334,0.0,0.0,1,1.0,0.0
2023-05-24,-0.0365745175858766,-0.0365745175858766,0.0,0.0,1,1.0,0.0
2023-05-25,0.01168365353883316,0.01168365353883316,0.0,0.0,1,1.0,0.0
2023-05-26,-0.017059814658803796,-0.017059814658803796,0.0,0.0,1,1.0,0.0
2023-05-30,-0.005749589315048764,-0.005749589315048764,0.0,0.0,1,1.0,0.0
2023-05-31,-0.03365540030889691,-0.03365540030889691,0.0,0.0,1,1.0,0.0
2023-06-01,-0.033823966696402086,-0.033823966696402086,0.0,0.0,1,1.0,0.0
2023-06-02,0.02535200430868656,0.02535200430868656,0.0,0.0,1,1.0,0.0
2023-06-05,0.027389036881401818,0.027389036881401818,0.0,0.0,1,1.0,0.0
2023-06-06,0.009677537158090832,0.009677537158090832,0.0,0.0,1,1.0,0.0
2023-06-07,-0.0263310185185186,-0.0263310185185186,0.0,0.0,1,1.0,0.0
2023-06-08,-0.013632986627043153,-0.013632986627043153,0.0,0.0,1,1.0,0.0
2023-06-09,0.0007908710880129011,0.0007908710880129011,0.0,0.0,1,1.0,0.0
2023-06-12,0.010085045533227976,0.010085045533227976,0.0,0.0,1,1.0,0.0
2023-06-13,-0.04362566127710321,-0.04362566127710321,0.0,0.0,1,1.0,0.0
2023-06-14,-0.0045966265435705145,-0.0045966265435705145,0.0,0.0,1,1.0,0.0
2023-06-15,-0.04476969436074041,-0.04476969436074041,0.0,0.0,1,1.0,0.0
2023-06-16,0.005653652341349513,0.005653652341349513,0.0,0.0,1,1.0,0.0
2023-06-20,-0.0186580844909765,-0.0186580844909765,0.0,0.0,1,1.0,0.0
2023-06-21,0.010419693636099625,0.010419693636099625,0.0,0.0,1,1.0,0.0
2023-06-22,-0.04592422502870264,-0.04692422502870264,2.0,0.001,1,1.0,0.0
2023-06-23,0.0020364713505507392,0.0020364713505507392,0.0,0.0,1,1.0,0.0
2023-06-26,0.0446651270207854,0.0446651270207854,0.0,0.0,1,1.0,0.0
2023-06-27,0.04319759472962814,0.04319759472962814,0.0,0.0,1,1.0,0.0
2023-06-28,-4.2383656861932906e-05,-4.2383656861932906e-05,0.0,0.0,1,1.0,0.0
2023-06-29,0.0564574238121478,0.0564574238121478,0.0,0.0,1,1.0,0.0
2023-06-30,-0.00020060180541625616,-0.00020060180541625616,0.0,0.0,1,1.0,0.0
2023-07-03,0.02327447833065799,0.02327447833065799,0.0,0.0,1,1.0,0.0
2023-07-05,-0.017529411764705904,-0.017529411764705904,0.0,0.0,1,1.0,0.0
2023-07-06,0.03783977966710572,0.03783977966710572,0.0,0.0,1,1.0,0.0
2023-07-07,0.03815237875466315,0.03815237875466315,0.0,0.0,1,1.0,0.0
2023-07-10,0.0037787574556367165,0.0037787574556367165,0.0,0.0,1,1.0,0.0
2023-07-11,0.021000184535892252,0.021000184535892252,0.0,0.0,1,1.0,0.0
2023-07-12,0.06293377674956613,0.06293377674956613,0.0,0.0,1,1.0,0.0
2023-07-13,0.004523040299268866,0.004523040299268866,0.0,0.0,1,1.0,0.0
2023-07-14,0.022581081996072783,0.022581081996072783,0.0,0.0,1,1.0,0.0
2023-07-17,0.05413011090878994,0.05413011090878994,0.0,0.0,1,1.0,0.0
2023-07-18,-0.046262562814070374,-0.046262562814070374,0.0,0.0,1,1.0,0.0
2023-07-19,-0.002370994829913986,-0.002370994829913986,0.0,0.0,1,1.0,0.0
2023-07-20,0.0006601749463608364,0.0006601749463608364,0.0,0.0,1,1.0,0.0
2023-07-21,0.020517895431304556,0.020517895431304556,0.0,0.0,1,1.0,0.0
2023-07-24,0.03872385816336421,0.03872385816336421,0.0,0.0,1,1.0,0.0
2023-07-25,-0.012416368445619996,-0.012416368445619996,0.0,0.0,1,1.0,0.0
2023-07-26,0.031446937232165295,0.031446937232165295,0.0,0.0,1,1.0,0.0
2023-07-27,0.021873281603226102,0.021873281603226102,0.0,0.0,1,1.0,0.0
2023-07-28,-0.012645739910313925,-0.012645739910313925,0.0,0.0,1,1.0,0.0
2023-07-31,0.022072849486783452,0.022072849486783452,0.0,0.0,1,1.0,0.0
2023-08-01,-0.05317573172176804,-0.05317573172176804,0.0,0.0,1,1.0,0.0
2023-08-02,0.005006101185820233,0.005006101185820233,0.0,0.0,1,1.0,0.0
2023-08-03,0.052551290433049846,0.052551290433049846,0.0,0.0,1,1.0,0.0
2023-08-04,0.044958443018131344,0.044958443018131344,0.0,0.0,1,1.0,0.0
2023-08-07,-0.016671855982337447,-0.016671855982337447,0.0,0.0,1,1.0,0.0
2023-08-08,-0.0024610336341263084,-0.0034610336341263084,2.0,0.001,1,1.0,0.0
2023-08-09,0.1875,0.1875,0.0,0.0,1,1.0,0.0
2023-08-10,-0.14196675900277,-0.14196675900277,0.0,0.0,1,1.0,0.0
2023-08-11,0.19774011299435013,0.19774011299435013,0.0,0.0,1,1.0,0.0
2023-08-14,-0.019446300007422312,-0.020446300007422313,2.0,0.001,1,1.0,0.0
2023-08-15,-0.039701763681780355,-0.039701763681780355,0.0,0.0,1,1.0,0.0
2023-08-16,-0.038111378236708404,-0.038111378236708404,0.0,0.0,1,1.0,0.0
2023-08-17,-0.0020896500860443368,-0.0020896500860443368,0.0,0.0,1,1.0,0.0
2023-08-18,0.03732293163621425,0.03732293163621425,0.0,0.0,1,1.0,0.0
2023-08-21,0.021572197593413556,0.021572197593413556,0.0,0.0,1,1.0,0.0
2023-08-22,0.07563253128753522,0.07563253128753522,0.0,0.0,1,1.0,0.0
2023-08-23,-0.054428875040524405,-0.054428875040524405,0.0,0.0,1,1.0,0.0
2023-08-24,-0.0325333333333333,-0.0325333333333333,0.0,0.0,1,1.0,0.0
2023-08-25,0.004725153567490814,0.004725153567490814,0.0,0.0,1,1.0,0.0
2023-08-28,0.025356638971625767,0.025356638971625767,0.0,0.0,1,1.0,0.0
2023-08-29,0.005085176709890726,0.004085176709890726,2.0,0.001,1,1.0,0.0
2023-08-30,0.02672439534189297,0.02572439534189297,2.0,0.001,1,1.0,0.0
2023-08-31,0.0031107920555157875,0.0021107920555157875,2.0,0.001,1,1.0,0.0
2023-09-01,-0.006662886305642268,-0.007662886305642268,2.0,0.001,1,1.0,0.0
2023-09-05,-0.02229912944198653,-0.02229912944198653,0.0,0.0,1,1.0,0.0
2023-09-06,-0.010441767068273045,-0.011441767068273045,2.0,0.001,1,1.0,0.0
2023-09-07,-0.04220779220779214,-0.04220779220779214,0.0,0.0,1,1.0,0.0
2023-09-08,-0.012711864406779738,-0.012711864406779738,0.0,0.0,1,1.0,0.0
2023-09-11,-0.02489270386266107,-0.02489270386266107,0.0,0.0,1,1.0,0.0
2023-09-12,-0.19718309859154937,-0.19718309859154937,0.0,0.0,1,1.0,0.0
2023-09-13,0.06962719298245634,0.06962719298245634,0.0,0.0,1,1.0,0.0
2023-09-14,0.00871348026652985,0.00871348026652985,0.0,0.0,1,1.0,0.0
2023-09-15,0.004065040650406582,0.004065040650406582,0.0,0.0,1,1.0,0.0
2023-09-18,-0.02429149797570851,-0.02429149797570851,0.0,0.0,1,1.0,0.0
2023-09-19,0.020746887966804906,0.020746887966804906,0.0,0.0,1,1.0,0.0
2023-09-20,-0.05386178861788615,-0.05386178861788615,0.0,0.0,1,1.0,0.0
2023-09-21,0.029001074113855996,0.029001074113855996,0.0,0.0,1,1.0,0.0
2023-09-22,-0.019832985386221247,-0.019832985386221247,0.0,0.0,1,1.0,0.0
2023-09-25,0.03833865814696469,0.03833865814696469,0.0,0.0,1,1.0,0.0
2023-09-26,-0.1288819875776398,-0.1298819875776398,2.0,0.001,1,1.0,0.0
2023-09-27,0.11942959001782527,0.11942959001782527,0.0,0.0,1,1.0,0.0
2023-09-28,-0.004537205081669549,-0.005537205081669549,2.0,0.001,1,1.0,0.0
2023-09-29,0.027347310847766648,0.027347310847766648,0.0,0.0,1,1.0,0.0
2023-10-02,-0.08429458740017737,-0.08429458740017737,0.0,0.0,1,1.0,0.0
2023-10-03,-0.1366279069767442,-0.1366279069767442,0.0,0.0,1,1.0,0.0
2023-10-04,0.023569023569023573,0.023569023569023573,0.0,0.0,1,1.0,0.0
2023-10-05,-0.004385964912280604,-0.004385964912280604,0.0,0.0,1,1.0,0.0
2023-10-06,-0.164647577092511,-0.164647577092511,0.0,0.0,1,1.0,0.0
2023-10-09,-0.016479894528675043,-0.016479894528675043,0.0,0.0,1,1.0,0.0
2023-10-10,0.04423592493297579,0.04423592493297579,0.0,0.0,1,1.0,0.0
2023-10-11,0.020539152759948776,0.020539152759948776,0.0,0.0,1,1.0,0.0
2023-10-12,-0.02731830428702986,-0.02831830428702986,2.0,0.001,1,1.0,0.0
2023-10-13,0.022755960729312852,0.022755960729312852,0.0,0.0,1,1.0,0.0
2023-10-16,-0.007843137254902044,-0.008843137254902045,2.0,0.001,1,1.0,0.0
2023-10-17,-0.05885763989562187,-0.05985763989562187,2.0,0.001,1,1.0,0.0
2023-10-18,-0.013245033112582738,-0.014245033112582739,2.0,0.001,1,1.0,0.0
2023-10-19,-0.0724832214765101,-0.0724832214765101,0.0,0.0,1,1.0,0.0
2023-10-20,0.021886063727067695,0.020886063727067694,2.0,0.001,1,1.0,0.0
2023-10-23,0.03765690376569042,0.03665690376569042,2.0,0.001,1,1.0,0.0
2023-10-24,-0.043010752688172116,-0.043010752688172116,0.0,0.0,1,1.0,0.0
2023-10-25,-0.0351123595505618,-0.0351123595505618,0.0,0.0,1,1.0,0.0
2023-10-26,0.024745269286754024,0.024745269286754024,0.0,0.0,1,1.0,0.0
2023-10-27,0.005681818181818121,0.005681818181818121,0.0,0.0,1,1.0,0.0
2023-10-30,0.04943502824858759,0.04943502824858759,0.0,0.0,1,1.0,0.0
2023-10-31,0.03903095558546443,0.03903095558546443,0.0,0.0,1,1.0,0.0
2023-11-01,0.11010362694300535,0.11010362694300535,0.0,0.0,1,1.0,0.0
2023-11-02,0.10501750291715295,0.10501750291715295,0.0,0.0,1,1.0,0.0
2023-11-03,0.023231256599788752,0.023231256599788752,0.0,0.0,1,1.0,0.0
2023-11-06,0.02063983488132104,0.02063983488132104,0.0,0.0,1,1.0,0.0
2023-11-07,-0.005267778753292318,-0.006267778753292318,2.0,0.001,1,1.0,0.0
2023-11-08,-0.10444248308325976,-0.10444248308325976,0.0,0.0,1,1.0,0.0
2023-11-09,-0.04106438896189224,-0.04106438896189224,0.0,0.0,1,1.0,0.0
2023-11-10,0.17458622530699408,0.17358622530699408,2.0,0.001,1,1.0,0.0
2023-11-13,0.11636363636363622,0.11636363636363622,0.0,0.0,1,1.0,0.0
2023-11-14,0.03501628664495127,0.03501628664495127,0.0,0.0,1,1.0,0.0
2023-11-15,-0.04485138004246281,-0.04585138004246281,2.0,0.001,1,1.0,0.0
2023-11-16,-0.00623538581449723,-0.00723538581449723,2.0,0.001,1,1.0,0.0
2023-11-17,0.13411764705882367,0.13411764705882367,0.0,0.0,1,1.0,0.0
2023-11-20,-0.07814661134163214,-0.07814661134163214,0.0,0.0,1,1.0,0.0
2023-11-21,-0.00900225056264059,-0.00900225056264059,0.0,0.0,1,1.0,0.0
2023-11-22,0.00191387559808609,0.00091387559808609,2.0,0.001,1,1.0,0.0
2023-11-24,-0.015281757402101248,-0.015281757402101248,0.0,0.0,1,1.0,0.0
2023-11-27,0.01458333333333317,0.01358333333333317,2.0,0.001,1,1.0,0.0
2023-11-28,0.019849418206707714,0.019849418206707714,0.0,0.0,1,1.0,0.0
2023-11-29,-0.11073825503355705,-0.11073825503355705,0.0,0.0,1,1.0,0.0
2023-11-30,0.2415094339622641,0.2415094339622641,0.0,0.0,1,1.0,0.0
2023-12-01,0.013981762917933072,0.013981762917933072,0.0,0.0,1,1.0,0.0
2023-12-04,-0.03297362110311752,-0.03297362110311752,0.0,0.0,1,1.0,0.0
2023-12-05,0.06757594544327339,0.06757594544327339,0.0,0.0,1,1.0,0.0
2023-12-06,0.025551684088269466,0.025551684088269466,0.0,0.0,1,1.0,0.0
2023-12-07,0.11891279728199322,0.11891279728199322,0.0,0.0,1,1.0,0.0
2023-12-08,-0.010680576254346708,-0.011680576254346708,2.0,0.001,1,1.0,0.0
2023-12-11,-0.008285212151644461,-0.008285212151644461,0.0,0.0,1,1.0,0.0
2023-12-12,0.14101265822784792,0.14101265822784792,0.0,0.0,1,1.0,0.0
2023-12-13,0.07261794634597596,0.07161794634597596,2.0,0.001,1,1.0,0.0
2023-12-14,0.015408929276965466,0.014408929276965465,2.0,0.001,1,1.0,0.0
2023-12-15,0.035673187571921616,0.034673187571921615,2.0,0.001,1,1.0,0.0
2023-12-18,0.022666666666666835,0.022666666666666835,0.0,0.0,1,1.0,0.0
2023-12-19,-0.10386788352890053,-0.10386788352890053,0.0,0.0,1,1.0,0.0
2023-12-20,0.005819592628515835,0.005819592628515835,0.0,0.0,1,1.0,0.0
2023-12-21,-0.05961175055832324,-0.06061175055832324,2.0,0.001,1,1.0,0.0
2023-12-22,-0.021556448666423145,-0.021556448666423145,0.0,0.0,1,1.0,0.0
2023-12-26,0.01549663928304712,0.01549663928304712,0.0,0.0,1,1.0,0.0
2023-12-27,-0.027531083481349916,-0.028531083481349917,2.0,0.001,1,1.0,0.0
2023-12-28,-0.11780821917808215,-0.11780821917808215,0.0,0.0,1,1.0,0.0
2023-12-29,-0.032608695652173836,-0.032608695652173836,0.0,0.0,1,1.0,0.0
2024-01-02,-0.0658105939004816,-0.0658105939004816,0.0,0.0,1,1.0,0.0
2024-01-03,0.06128293241695304,0.06128293241695304,0.0,0.0,1,1.0,0.0
2024-01-04,0.08742579600647593,0.08742579600647593,0.0,0.0,1,1.0,0.0
2024-01-05,0.0014888337468983437,0.0014888337468983437,0.0,0.0,1,1.0,0.0
2024-01-08,0.07879088206144691,0.07879088206144691,0.0,0.0,1,1.0,0.0
2024-01-09,-0.0078089113458887915,-0.0078089113458887915,0.0,0.0,1,1.0,0.0
2024-01-10,-0.15092592592592602,-0.15092592592592602,0.0,0.0,1,1.0,0.0
2024-01-11,-0.050708833151581256,-0.050708833151581256,0.0,0.0,1,1.0,0.0
2024-01-12,-0.006892590465249926,-0.006892590465249926,0.0,0.0,1,1.0,0.0
2024-01-16,-0.02486986697513016,-0.02486986697513016,0.0,0.0,1,1.0,0.0
2024-01-17,-0.014234875444839812,-0.014234875444839812,0.0,0.0,1,1.0,0.0
2024-01-18,-0.04873646209386284,-0.04873646209386284,0.0,0.0,1,1.0,0.0
2024-01-19,0.0815939278937381,0.0815939278937381,0.0,0.0,1,1.0,0.0
2024-01-22,0.06023391812865486,0.06023391812865486,0.0,0.0,1,1.0,0.0
2024-01-23,-0.08494208494208488,-0.08494208494208488,0.0,0.0,1,1.0,0.0
2024-01-24,-0.015069318866787196,-0.015069318866787196,0.0,0.0,1,1.0,0.0
2024-01-25,-0.08261933904528762,-0.08261933904528762,0.0,0.0,1,1.0,0.0
2024-01-26,0.06504336224149432,0.06504336224149432,0.0,0.0,1,1.0,0.0
2024-01-29,0.04541183839649232,0.04541183839649232,0.0,0.0,1,1.0,0.0
2024-01-30,-0.0575194727381666,-0.0575194727381666,0.0,0.0,1,1.0,0.0
2024-01-31,0.0502225047679592,0.0502225047679592,0.0,0.0,1,1.0,0.0
2024-02-01,0.13983050847457612,0.13983050847457612,0.0,0.0,1,1.0,0.0
2024-02-02,0.048327137546468446,0.048327137546468446,0.0,0.0,1,1.0,0.0
2024-02-05,-0.010610274568421563,-0.011610274568421564,2.0,0.001,1,1.0,0.0
2024-02-06,0.0808638688345944,0.0808638688345944,0.0,0.0,1,1.0,0.0
2024-02-07,0.02059965858185442,0.02059965858185442,0.0,0.0,1,1.0,0.0
2024-02-08,0.06034939121228167,0.059349391212281666,2.0,0.001,1,1.0,0.0
2024-02-09,0.048926610084872646,0.048926610084872646,0.0,0.0,1,1.0,0.0
2024-02-12,-0.10661589719181352,-0.10661589719181352,0.0,0.0,1,1.0,0.0
2024-02-13,0.11241342567927548,0.11241342567927548,0.0,0.0,1,1.0,0.0
2024-02-14,0.07327586206896552,0.07327586206896552,0.0,0.0,1,1.0,0.0
2024-02-15,-0.0477465417224453,-0.0477465417224453,0.0,0.0,1,1.0,0.0
2024-02-16,-0.07075913776944709,-0.07075913776944709,0.0,0.0,1,1.0,0.0
2024-02-20,-0.001961919149311875,-0.002961919149311875,2.0,0.001,1,1.0,0.0
2024-02-21,0.06044815007816573,0.05944815007816573,2.0,0.001,1,1.0,0.0
2024-02-22,-0.30466830466830475,-0.30466830466830475,0.0,0.0,1,1.0,0.0
2024-02-23,0.09298069003386122,0.09198069003386122,2.0,0.001,1,1.0,0.0
2024-02-26,-0.028167127187473828,-0.028167127187473828,0.0,0.0,1,1.0,0.0
2024-02-27,-0.06486826460806783,-0.06486826460806783,0.0,0.0,1,1.0,0.0
2024-02-28,0.13494318181818188,0.13394318181818188,2.0,0.001,1,1.0,0.0
2024-02-29,-0.035669586983729684,-0.035669586983729684,0.0,0.0,1,1.0,0.0
2024-03-01,0.18648672527278354,0.18548672527278354,2.0,0.001,1,1.0,0.0
2024-03-04,0.015348958430292159,0.015348958430292159,0.0,0.0,1,1.0,0.0
2024-03-05,0.01085481682496603,0.009854816824966028,2.0,0.001,1,1.0,0.0
2024-03-06,0.031172757179692256,0.030172757179692256,2.0,0.001,1,1.0,0.0
2024-03-07,-0.017029385390080698,-0.017029385390080698,0.0,0.0,1,1.0,0.0
2024-03-08,-0.05244690836045296,-0.05244690836045296,0.0,0.0,1,1.0,0.0
2024-03-11,0.07663253781637058,0.07663253781637058,0.0,0.0,1,1.0,0.0
2024-03-12,0.0215563198624249,0.0215563198624249,0.0,0.0,1,1.0,0.0
2024-03-13,-0.0487850042505914,-0.0487850042505914,0.0,0.0,1,1.0,0.0
2024-03-14,-0.054224809974250276,-0.054224809974250276,0.0,0.0,1,1.0,0.0
2024-03-15,-0.06376130909499167,-0.06376130909499167,0.0,0.0,1,1.0,0.0
2024-03-18,-0.08964903865371554,-0.08964903865371554,0.0,0.0,1,1.0,0.0
2024-03-19,0.06397058823529411,0.06297058823529411,2.0,0.001,1,1.0,0.0
2024-03-20,0.08381764030028882,0.08281764030028882,2.0,0.001,1,1.0,0.0
2024-03-21,-0.01608579088471851,-0.01708579088471851,2.0,0.001,1,1.0,0.0
2024-03-22,0.07201307646442001,0.07101307646442001,2.0,0.001,1,1.0,0.0
2024-03-25,-0.01700246454223764,-0.01700246454223764,0.0,0.0,1,1.0,0.0
2024-03-26,-0.0017267281915205324,-0.0017267281915205324,0.0,0.0,1,1.0,0.0
2024-03-27,-0.026575130107407863,-0.027575130107407864,2.0,0.001,1,1.0,0.0
2024-03-28,-0.012740302582186391,-0.012740302582186391,0.0,0.0,1,1.0,0.0
2024-04-01,-0.045166493835695265,-0.045166493835695265,0.0,0.0,1,1.0,0.0
2024-04-02,0.0056044598033488935,0.0046044598033488935,2.0,0.001,1,1.0,0.0
2024-04-03,-0.056697224218911546,-0.056697224218911546,0.0,0.0,1,1.0,0.0
2024-04-04,-0.010407206755811638,-0.010407206755811638,0.0,0.0,1,1.0,0.0
2024-04-05,-0.020590282905424084,-0.020590282905424084,0.0,0.0,1,1.0,0.0
2024-04-08,-0.02617124394184156,-0.02617124394184156,0.0,0.0,1,1.0,0.0
2024-04-09,0.004799823047998197,0.004799823047998197,0.0,0.0,1,1.0,0.0
2024-04-10,0.03163316970083874,0.03163316970083874,0.0,0.0,1,1.0,0.0
2024-04-11,-0.04138571184704665,-0.04138571184704665,0.0,0.0,1,1.0,0.0
2024-04-12,-0.01751828067090333,-0.01751828067090333,0.0,0.0,1,1.0,0.0
2024-04-15,0.10597564429340123,0.10597564429340123,0.0,0.0,1,1.0,0.0
2024-04-16,-0.016613745774864297,-0.016613745774864297,0.0,0.0,1,1.0,0.0
2024-04-17,-0.03291392383967995,-0.03291392383967995,0.0,0.0,1,1.0,0.0
2024-04-18,0.002951510892480691,0.001951510892480691,2.0,0.001,1,1.0,0.0
2024-04-19,0.0011210762331839152,0.0011210762331839152,0.0,0.0,1,1.0,0.0
2024-04-22,0.0585106382978724,0.0585106382978724,0.0,0.0,1,1.0,0.0
2024-04-23,-0.003570483998942109,-0.003570483998942109,0.0,0.0,1,1.0,0.0
2024-04-24,0.04330082679669278,0.04230082679669278,2.0,0.001,1,1.0,0.0
2024-04-25,0.08787096774193537,0.08687096774193537,2.0,0.001,1,1.0,0.0
2024-04-26,-0.006523544063574915,-0.006523544063574915,0.0,0.0,1,1.0,0.0
2024-04-29,-0.01002865329512892,-0.01002865329512892,0.0,0.0,1,1.0,0.0
2024-04-30,0.05028943560057875,0.05028943560057875,0.0,0.0,1,1.0,0.0
2024-05-01,0.33769663566425545,0.33769663566425545,0.0,0.0,1,1.0,0.0
2024-05-02,0.04437768240343343,0.04437768240343343,0.0,0.0,1,1.0,0.0
2024-05-03,0.010684638777019861,0.010684638777019861,0.0,0.0,1,1.0,0.0
2024-05-06,-0.05131332845409453,-0.05131332845409453,0.0,0.0,1,1.0,0.0
2024-05-07,-0.01920109720555463,-0.01920109720555463,0.0,0.0,1,1.0,0.0
2024-05-08,0.05235098758958223,0.05235098758958223,0.0,0.0,1,1.0,0.0
2024-05-09,-0.0015005627110167286,-0.0025005627110167286,2.0,0.001,1,1.0,0.0
2024-05-10,-0.01971195992485908,-0.01971195992485908,0.0,0.0,1,1.0,0.0
2024-05-13,0.05060299453216821,0.05060299453216821,0.0,0.0,1,1.0,0.0
2024-05-14,0.15806753651033012,0.15806753651033012,0.0,0.0,1,1.0,0.0
2024-05-15,-0.0503591079003739,-0.0503591079003739,0.0,0.0,1,1.0,0.0
2024-05-16,-0.01825519681556831,-0.01825519681556831,0.0,0.0,1,1.0,0.0
2024-05-17,0.018076563538276247,0.018076563538276247,0.0,0.0,1,1.0,0.0
2024-05-20,-0.032258064516129115,-0.033258064516129116,2.0,0.001,1,1.0,0.0
2024-05-21,0.005998435190819773,0.004998435190819773,2.0,0.001,1,1.0,0.0
2024-05-22,-0.05020739716557199,-0.05020739716557199,0.0,0.0,1,1.0,0.0
2024-05-23,-0.006914748430534079,-0.006914748430534079,0.0,0.0,1,1.0,0.0
2024-05-24,-0.041777370590929896,-0.041777370590929896,0.0,0.0,1,1.0,0.0
2024-05-28,0.0043981260158716395,0.0043981260158716395,0.0,0.0,1,1.0,0.0
2024-05-29,-0.025321275583055636,-0.025321275583055636,0.0,0.0,1,1.0,0.0
2024-05-30,-0.023537454829573368,-0.023537454829573368,0.0,0.0,1,1.0,0.0
2024-05-31,-0.01020204040808148,-0.01020204040808148,0.0,0.0,1,1.0,0.0
2024-06-03,0.02162489894907016,0.02162489894907016,0.0,0.0,1,1.0,0.0
2024-06-04,0.019188921859545127,0.019188921859545127,0.0,0.0,1,1.0,0.0
2024-06-05,0.01581909937888204,0.01581909937888204,0.0,0.0,1,1.0,0.0
2024-06-06,0.018056749785038795,0.018056749785038795,0.0,0.0,1,1.0,0.0
2024-06-07,0.01398273273273265,0.01398273273273265,0.0,0.0,1,1.0,0.0
2024-06-10,-0.0363720499768625,-0.0363720499768625,0.0,0.0,1,1.0,0.0
2024-06-11,0.06674990395697256,0.06674990395697256,0.0,0.0,1,1.0,0.0
2024-06-12,-0.038984424236967685,-0.038984424236967685,0.0,0.0,1,1.0,0.0
2024-06-13,-0.03447629754543757,-0.03447629754543757,0.0,0.0,1,1.0,0.0
2024-06-14,0.00783663425919734,0.006836634259197339,2.0,0.001,1,1.0,0.0
2024-06-17,-0.02509852314796379,-0.02509852314796379,0.0,0.0,1,1.0,0.0
2024-06-18,-0.0027425600402878336,-0.0027425600402878336,0.0,0.0,1,1.0,0.0
2024-06-20,0.012529002320185612,0.012529002320185612,0.0,0.0,1,1.0,0.0
2024-06-21,-0.07522106000970508,-0.07522106000970508,0.0,0.0,1,1.0,0.0
2024-06-24,0.09007032758809164,0.09007032758809164,0.0,0.0,1,1.0,0.0
2024-06-25,-0.015398973401773208,-0.01639897340177321,2.0,0.001,1,1.0,0.0
2024-06-26,0.046421490948255206,0.045421490948255205,2.0,0.001,1,1.0,0.0
2024-06-27,-0.09697128622000784,-0.09697128622000784,0.0,0.0,1,1.0,0.0
2024-06-28,-0.1323857302118172,-0.1333857302118172,2.0,0.001,1,1.0,0.0
2024-07-01,0.05541278509476388,0.05541278509476388,0.0,0.0,1,1.0,0.0
2024-07-02,-0.03134987064373751,-0.03134987064373751,0.0,0.0,1,1.0,0.0
2024-07-03,-0.04163393558523176,-0.04163393558523176,0.0,0.0,1,1.0,0.0
2024-07-05,-0.1952459016393442,-0.1952459016393442,0.0,0.0,1,1.0,0.0
2024-07-08,-0.06294561010389088,-0.06294561010389088,0.0,0.0,1,1.0,0.0
2024-07-09,-0.06565217391304357,-0.06565217391304357,0.0,0.0,1,1.0,0.0
2024-07-10,-0.028850628199162287,-0.028850628199162287,0.0,0.0,1,1.0,0.0
2024-07-11,0.18615237182558686,0.18615237182558686,0.0,0.0,1,1.0,0.0
2024-07-12,0.06948091294687941,0.06948091294687941,0.0,0.0,1,1.0,0.0
2024-07-15,0.029272898961284266,0.029272898961284266,0.0,0.0,1,1.0,0.0
2024-07-16,0.3155963302752294,0.3155963302752294,0.0,0.0,1,1.0,0.0
2024-07-17,-0.06401673640167371,-0.06401673640167371,0.0,0.0,1,1.0,0.0
2024-07-18,-0.12665772612129345,-0.12665772612129345,0.0,0.0,1,1.0,0.0
2024-07-19,0.02615248226950362,0.025152482269503618,2.0,0.001,1,1.0,0.0
2024-07-22,-0.007343412526997772,-0.007343412526997772,0.0,0.0,1,1.0,0.0
2024-07-23,-0.02850304612706711,-0.02850304612706711,0.0,0.0,1,1.0,0.0
2024-07-24,0.0015677491601344684,0.0015677491601344684,0.0,0.0,1,1.0,0.0
2024-07-25,0.07647584973166377,0.07647584973166377,0.0,0.0,1,1.0,0.0
2024-07-26,-0.035521395928541755,-0.035521395928541755,0.0,0.0,1,1.0,0.0
2024-07-29,-0.02433771268576357,-0.02433771268576357,0.0,0.0,1,1.0,0.0
2024-07-30,0.006181015452538574,0.006181015452538574,0.0,0.0,1,1.0,0.0
2024-07-31,-0.022158841597191725,-0.022158841597191725,0.0,0.0,1,1.0,0.0
2024-08-01,-0.07404083464213596,-0.07404083464213596,0.0,0.0,1,1.0,0.0
2024-08-02,0.022534528713351154,0.022534528713351154,0.0,0.0,1,1.0,0.0
2024-08-05,0.0381516587677726,0.0381516587677726,0.0,0.0,1,1.0,0.0
2024-08-06,-0.06162976489385996,-0.06162976489385996,0.0,0.0,1,1.0,0.0
2024-08-07,0.018486986134760297,0.018486986134760297,0.0,0.0,1,1.0,0.0
2024-08-08,0.12132791975161217,0.12132791975161217,0.0,0.0,1,1.0,0.0
2024-08-09,-0.05260915867944638,-0.05260915867944638,0.0,0.0,1,1.0,0.0
2024-08-12,0.01146582733812962,0.01146582733812962,0.0,0.0,1,1.0,0.0
2024-08-13,-0.047566125805734605,-0.047566125805734605,0.0,0.0,1,1.0,0.0
2024-08-14,0.06161026837806305,0.06161026837806305,0.0,0.0,1,1.0,0.0
2024-08-15,-0.011211255220927807,-0.011211255220927807,0.0,0.0,1,1.0,0.0
2024-08-16,0.009337483325922769,0.009337483325922769,0.0,0.0,1,1.0,0.0
2024-08-19,-0.011674008810572678,-0.011674008810572678,0.0,0.0,1,1.0,0.0
2024-08-20,0.0033429908624917903,0.0033429908624917903,0.0,0.0,1,1.0,0.0
2024-08-21,-0.0480897378942694,-0.0480897378942694,0.0,0.0,1,1.0,0.0
2024-08-22,0.015517442538793835,0.015517442538793835,0.0,0.0,1,1.0,0.0
2024-08-23,0.027997565429093152,0.02699756542909315,2.0,0.001,1,1.0,0.0
2024-08-26,-0.07904085257548854,-0.07904085257548854,0.0,0.0,1,1.0,0.0
2024-08-27,-0.10414657666345217,-0.10414657666345217,0.0,0.0,1,1.0,0.0
2024-08-28,0.049515608180839665,0.049515608180839665,0.0,0.0,1,1.0,0.0
2024-08-29,-0.007179487179487243,-0.007179487179487243,0.0,0.0,1,1.0,0.0
2024-08-30,0.012741046831955982,0.012741046831955982,0.0,0.0,1,1.0,0.0
2024-09-03,0.12478748724923494,0.12478748724923494,0.0,0.0,1,1.0,0.0
2024-09-04,-0.13996372430471582,-0.13996372430471582,0.0,0.0,1,1.0,0.0
2024-09-05,-0.08224956063268896,-0.08224956063268896,0.0,0.0,1,1.0,0.0
2024-09-06,-0.006510915358100222,-0.006510915358100222,0.0,0.0,1,1.0,0.0
2024-09-09,0.0065535851966074254,0.0065535851966074254,0.0,0.0,1,1.0,0.0
2024-09-10,0.06855610877058593,0.06855610877058593,0.0,0.0,1,1.0,0.0
2024-09-11,-0.03978494623655915,-0.03978494623655915,0.0,0.0,1,1.0,0.0
2024-09-12,0.11347517730496448,0.11347517730496448,0.0,0.0,1,1.0,0.0
2024-09-13,0.0003352329869259485,0.0003352329869259485,0.0,0.0,1,1.0,0.0
2024-09-16,-0.06166219839142095,-0.06166219839142095,0.0,0.0,1,1.0,0.0
2024-09-17,0.010714285714285676,0.010714285714285676,0.0,0.0,1,1.0,0.0
2024-09-18,0.010954063604240227,0.010954063604240227,0.0,0.0,1,1.0,0.0
2024-09-19,-0.07375043691017125,-0.07375043691017125,0.0,0.0,1,1.0,0.0
2024-09-20,0.0041509433962263476,0.0041509433962263476,0.0,0.0,1,1.0,0.0
2024-09-23,-0.028560691469372346,-0.028560691469372346,0.0,0.0,1,1.0,0.0
2024-09-24,-0.056479690522243775,-0.056479690522243775,0.0,0.0,1,1.0,0.0
2024-09-25,-0.022960229602296156,-0.022960229602296156,0.0,0.0,1,1.0,0.0
2024-09-26,0.06252622744439784,0.06252622744439784,0.0,0.0,1,1.0,0.0
2024-09-27,0.03278041074249605,0.03278041074249605,0.0,0.0,1,1.0,0.0
2024-09-30,-0.07820267686424465,-0.07820267686424465,0.0,0.0,1,1.0,0.0
2024-10-01,-0.010993569798796954,-0.010993569798796954,0.0,0.0,1,1.0,0.0
2024-10-02,-0.026006711409396033,-0.026006711409396033,0.0,0.0,1,1.0,0.0
2024-10-03,0.12446167097329885,0.12446167097329885,0.0,0.0,1,1.0,0.0
2024-10-04,-0.04595940252776709,-0.04595940252776709,0.0,0.0,1,1.0,0.0
2024-10-07,-0.028502609393817768,-0.028502609393817768,0.0,0.0,1,1.0,0.0
2024-10-08,-0.06570247933884299,-0.06570247933884299,0.0,0.0,1,1.0,0.0
2024-10-09,-0.015343915343915326,-0.016343915343915327,2.0,0.001,1,1.0,0.0
2024-10-10,0.07200429876410541,0.07200429876410541,0.0,0.0,1,1.0,0.0
2024-10-11,0.015037593984962516,0.015037593984962516,0.0,0.0,1,1.0,0.0
2024-10-14,0.07851851851851843,0.07851851851851843,0.0,0.0,1,1.0,0.0
2024-10-15,0.07417582417582413,0.07417582417582413,0.0,0.0,1,1.0,0.0
2024-10-16,-0.08056265984654731,-0.08056265984654731,0.0,0.0,1,1.0,0.0
2024-10-17,-0.01228501228501222,-0.013285012285012221,2.0,0.001,1,1.0,0.0
2024-10-18,-0.01776830135039087,-0.01776830135039087,0.0,0.0,1,1.0,0.0
2024-10-21,0.004390243902439028,0.0033902439024390283,2.0,0.001,1,1.0,0.0
2024-10-22,-0.05844388669774114,-0.059443886697741144,2.0,0.001,1,1.0,0.0
2024-10-23,-0.02845731402895657,-0.02945731402895657,2.0,0.001,1,1.0,0.0
2024-10-24,0.09249743062692706,0.09249743062692706,0.0,0.0,1,1.0,0.0
2024-10-25,0.0460959548447788,0.0460959548447788,0.0,0.0,1,1.0,0.0
2024-10-28,-0.018435251798561203,-0.018435251798561203,0.0,0.0,1,1.0,0.0
2024-10-29,-0.0685693106004448,-0.0695693106004448,2.0,0.001,1,1.0,0.0
2024-10-30,-0.05252686032630327,-0.05252686032630327,0.0,0.0,1,1.0,0.0
2024-10-31,0.0016799664006721393,0.0016799664006721393,0.0,0.0,1,1.0,0.0
2024-11-01,0.0037735849056603765,0.0037735849056603765,0.0,0.0,1,1.0,0.0
2024-11-04,0.007936507936507908,0.007936507936507908,0.0,0.0,1,1.0,0.0
2024-11-05,-0.06672192291752999,-0.06672192291752999,0.0,0.0,1,1.0,0.0
2024-11-06,-0.047291296625222135,-0.047291296625222135,0.0,0.0,1,1.0,0.0
2024-11-07,0.01469194312796196,0.013691943127961959,2.0,0.001,1,1.0,0.0
2024-11-08,0.01681457262961228,0.01681457262961228,0.0,0.0,1,1.0,0.0
2024-11-11,-0.04639412034910417,-0.04639412034910417,0.0,0.0,1,1.0,0.0
2024-11-12,-0.0621387283236996,-0.0621387283236996,0.0,0.0,1,1.0,0.0
2024-11-13,-0.0010272213662043672,-0.0010272213662043672,0.0,0.0,1,1.0,0.0
2024-11-14,-0.05861182519280206,-0.05861182519280206,0.0,0.0,1,1.0,0.0
2024-11-15,0.03659202621518309,0.03659202621518309,0.0,0.0,1,1.0,0.0
2024-11-18,0.05374077976817704,0.05374077976817704,0.0,0.0,1,1.0,0.0
2024-11-19,-0.06899999999999995,-0.06899999999999995,0.0,0.0,1,1.0,0.0
2024-11-20,-0.010741138560687369,-0.010741138560687369,0.0,0.0,1,1.0,0.0
2024-11-21,0.03148751357220414,0.03148751357220414,0.0,0.0,1,1.0,0.0
2024-11-22,0.010000000000000009,0.010000000000000009,0.0,0.0,1,1.0,0.0
2024-11-25,0.0005211047420530246,0.0005211047420530246,0.0,0.0,1,1.0,0.0
2024-11-26,-0.013541666666666563,-0.013541666666666563,0.0,0.0,1,1.0,0.0
2024-11-27,-0.025343189017951406,-0.025343189017951406,0.0,0.0,1,1.0,0.0
2024-11-29,0.0016251354279521735,0.0016251354279521735,0.0,0.0,1,1.0,0.0
2024-12-02,-0.03893996755002693,-0.03893996755002693,0.0,0.0,1,1.0,0.0
2024-12-03,-0.009566685424873267,-0.009566685424873267,0.0,0.0,1,1.0,0.0
2024-12-04,-0.00454545454545463,-0.00454545454545463,0.0,0.0,1,1.0,0.0
2024-12-05,0.05821917808219168,0.05821917808219168,0.0,0.0,1,1.0,0.0
2024-12-06,-0.0714285714285714,-0.0724285714285714,2.0,0.001,1,1.0,0.0
2024-12-09,-0.036977491961414866,-0.037977491961414866,2.0,0.001,1,1.0,0.0
2024-12-10,0.04451864218141344,0.04451864218141344,0.0,0.0,1,1.0,0.0
2024-12-11,-0.013867488443759624,-0.014867488443759624,2.0,0.001,1,1.0,0.0
2024-12-12,-0.0022383883603807053,-0.0032383883603807053,2.0,0.001,1,1.0,0.0
2024-12-13,-0.04608294930875578,-0.047082949308755784,2.0,0.001,1,1.0,0.0
2024-12-16,-0.03542673107890493,-0.03542673107890493,0.0,0.0,1,1.0,0.0
2024-12-17,-0.03338898163606008,-0.03338898163606008,0.0,0.0,1,1.0,0.0
2024-12-18,-0.005232862375719405,-0.006232862375719405,2.0,0.001,1,1.0,0.0
2024-12-19,0.06980611156428429,0.06880611156428429,2.0,0.001,1,1.0,0.0
2024-12-20,-0.08778143876990652,-0.08878143876990652,2.0,0.001,1,1.0,0.0
2024-12-23,0.06487582361885469,0.06387582361885469,2.0,0.001,1,1.0,0.0
2024-12-24,0.03855306996668251,0.03855306996668251,0.0,0.0,1,1.0,0.0
2024-12-26,-0.03334006287312896,-0.03434006287312896,2.0,0.001,1,1.0,0.0
2024-12-27,0.000626547722051507,0.000626547722051507,0.0,0.0,1,1.0,0.0
2024-12-30,-0.03443854731945861,-0.03443854731945861,0.0,0.0,1,1.0,0.0
2024-12-31,0.055430318376926024,0.055430318376926024,0.0,0.0,1,1.0,0.0
2025-01-02,0.025952367019720368,0.025952367019720368,0.0,0.0,1,1.0,0.0
2025-01-03,0.012205903322401346,0.012205903322401346,0.0,0.0,1,1.0,0.0
2025-01-06,-0.07022511481137128,-0.07022511481137128,0.0,0.0,1,1.0,0.0
2025-01-07,-0.002439356979439755,-0.002439356979439755,0.0,0.0,1,1.0,0.0
2025-01-08,-0.03256379100850537,-0.03256379100850537,0.0,0.0,1,1.0,0.0
2025-01-10,-0.008791760864104492,-0.008791760864104492,0.0,0.0,1,1.0,0.0
2025-01-13,0.017137607704003965,0.017137607704003965,0.0,0.0,1,1.0,0.0
2025-01-14,0.22234636871508373,0.22134636871508373,2.0,0.001,1,1.0,0.0
2025-01-15,-0.009014118138674143,-0.010014118138674144,2.0,0.001,1,1.0,0.0
2025-01-16,-0.1254448398576512,-0.1264448398576512,2.0,0.001,1,1.0,0.0
2025-01-17,0.42217700915564604,0.42217700915564604,0.0,0.0,1,1.0,0.0
2025-01-21,-0.005007153075822668,-0.005007153075822668,0.0,0.0,1,1.0,0.0
2025-01-22,-0.03163191948238675,-0.03163191948238675,0.0,0.0,1,1.0,0.0
2025-01-23,-0.020044543429844186,-0.020044543429844186,0.0,0.0,1,1.0,0.0
2025-01-24,-0.05681818181818177,-0.05681818181818177,0.0,0.0,1,1.0,0.0
2025-01-27,0.050602409638554224,0.050602409638554224,0.0,0.0,1,1.0,0.0
2025-01-28,-0.032110091743119296,-0.032110091743119296,0.0,0.0,1,1.0,0.0
2025-01-29,-0.028436018957345932,-0.028436018957345932,0.0,0.0,1,1.0,0.0
2025-01-30,0.07073170731707301,0.07073170731707301,0.0,0.0,1,1.0,0.0
2025-01-31,0.02277904328018221,0.02277904328018221,0.0,0.0,1,1.0,0.0
2025-02-03,0.018559762435040872,0.018559762435040872,0.0,0.0,1,1.0,0.0
2025-02-04,0.008017492711370311,0.008017492711370311,0.0,0.0,1,1.0,0.0
2025-02-05,-0.03904555314533631,-0.03904555314533631,0.0,0.0,1,1.0,0.0
2025-02-06,-0.03310759969902177,-0.03310759969902177,0.0,0.0,1,1.0,0.0
2025-02-07,-0.03891050583657585,-0.03891050583657585,0.0,0.0,1,1.0,0.0
2025-02-10,-0.10769230769230775,-0.10769230769230775,0.0,0.0,1,1.0,0.0
2025-02-11,0.06624319419237756,0.06624319419237756,0.0,0.0,1,1.0,0.0
2025-02-12,0.24019246949936912,0.23919246949936912,2.0,0.001,1,1.0,0.0
2025-02-13,-0.03591836734693876,-0.03691836734693876,2.0,0.001,1,1.0,0.0
2025-02-14,-0.10922946655376808,-0.10922946655376808,0.0,0.0,1,1.0,0.0
2025-02-18,0.048479087452471425,0.048479087452471425,0.0,0.0,1,1.0,0.0
2025-02-19,0.03989120580235728,0.03989120580235728,0.0,0.0,1,1.0,0.0
2025-02-20,-0.06277244986922415,-0.06277244986922415,0.0,0.0,1,1.0,0.0
2025-02-21,-0.05860465116279079,-0.05860465116279079,0.0,0.0,1,1.0,0.0
2025-02-24,-0.10770750988142297,-0.10770750988142297,0.0,0.0,1,1.0,0.0
2025-02-25,0.027685492801771794,0.027685492801771794,0.0,0.0,1,1.0,0.0
2025-02-26,-0.13469827586206895,-0.13469827586206895,0.0,0.0,1,1.0,0.0
2025-02-27,0.05354919053549212,0.05354919053549212,0.0,0.0,1,1.0,0.0
2025-02-28,-0.08983451536643028,-0.08983451536643028,0.0,0.0,1,1.0,0.0
2025-03-03,0.020779220779220786,0.020779220779220786,0.0,0.0,1,1.0,0.0
2025-03-04,0.040712468193384144,0.040712468193384144,0.0,0.0,1,1.0,0.0
2025-03-05,0.04034229828850866,0.04034229828850866,0.0,0.0,1,1.0,0.0
2025-03-06,0.09870740305522907,0.09870740305522907,0.0,0.0,1,1.0,0.0
2025-03-07,-0.1540106951871657,-0.1540106951871657,0.0,0.0,1,1.0,0.0
2025-03-10,0.017699115044247815,0.017699115044247815,0.0,0.0,1,1.0,0.0
2025-03-11,0.11180124223602461,0.11180124223602461,0.0,0.0,1,1.0,0.0
2025-03-12,-0.022346368715083775,-0.022346368715083775,0.0,0.0,1,1.0,0.0
2025-03-13,0.28228571428571425,0.28228571428571425,0.0,0.0,1,1.0,0.0
2025-03-14,-0.005347593582887722,-0.005347593582887722,0.0,0.0,1,1.0,0.0
2025-03-17,-0.08064516129032262,-0.08064516129032262,0.0,0.0,1,1.0,0.0
2025-03-18,-0.034600389863547854,-0.034600389863547854,0.0,0.0,1,1.0,0.0
2025-03-19,-0.09237758707723365,-0.09237758707723365,0.0,0.0,1,1.0,0.0
2025-03-20,0.008898776418242438,0.008898776418242438,0.0,0.0,1,1.0,0.0
2025-03-21,0.0782800441014333,0.0782800441014333,0.0,0.0,1,1.0,0.0
2025-03-24,0.004089979550102374,0.004089979550102374,0.0,0.0,1,1.0,0.0
2025-03-25,-0.06517311608961307,-0.06517311608961307,0.0,0.0,1,1.0,0.0
2025-03-26,-0.0773420479302831,-0.0773420479302831,0.0,0.0,1,1.0,0.0
2025-03-27,-0.037780401416765086,-0.037780401416765086,0.0,0.0,1,1.0,0.0
2025-03-28,-0.02822085889570558,-0.02822085889570558,0.0,0.0,1,1.0,0.0
2025-03-31,-0.01388888888888895,-0.01388888888888895,0.0,0.0,1,1.0,0.0
2025-04-01,0.0870678617157492,0.0870678617157492,0.0,0.0,1,1.0,0.0
2025-04-02,-0.03703703703703709,-0.03803703703703709,2.0,0.001,1,1.0,0.0
2025-04-03,-0.0699721964782205,-0.0699721964782205,0.0,0.0,1,1.0,0.0
2025-04-04,0.06278026905829592,0.06278026905829592,0.0,0.0,1,1.0,0.0
2025-04-07,-0.048288795124238004,-0.048288795124238004,0.0,0.0,1,1.0,0.0
2025-04-08,0.18916256157635458,0.18916256157635458,0.0,0.0,1,1.0,0.0
2025-04-09,-0.04142502071251031,-0.04142502071251031,0.0,0.0,1,1.0,0.0
2025-04-10,-0.03397027600849256,-0.03497027600849256,2.0,0.001,1,1.0,0.0
2025-04-11,-0.02637362637362639,-0.02637362637362639,0.0,0.0,1,1.0,0.0
2025-04-14,-0.02708803611738153,-0.02708803611738153,0.0,0.0,1,1.0,0.0
2025-04-15,-0.04292343387470987,-0.04292343387470987,0.0,0.0,1,1.0,0.0
2025-04-16,0.00848484848484854,0.00848484848484854,0.0,0.0,1,1.0,0.0
2025-04-17,-0.025240384615384692,-0.025240384615384692,0.0,0.0,1,1.0,0.0
2025-04-21,-0.006553079947575369,-0.007553079947575369,2.0,0.001,1,1.0,0.0
2025-04-22,0.058047493403694084,0.058047493403694084,0.0,0.0,1,1.0,0.0
2025-04-23,0.07359500446030331,0.07259500446030331,2.0,0.001,1,1.0,0.0
2025-04-24,-0.012879102617365912,-0.012879102617365912,0.0,0.0,1,1.0,0.0
2025-04-25,0.020622895622895543,0.020622895622895543,0.0,0.0,1,1.0,0.0
2025-04-28,-0.01443298969072171,-0.01443298969072171,0.0,0.0,1,1.0,0.0
2025-04-29,-0.028870292887029247,-0.028870292887029247,0.0,0.0,1,1.0,0.0
2025-04-30,-0.008186126669538996,-0.008186126669538996,0.0,0.0,1,1.0,0.0
2025-05-01,0.14769765421372738,0.14769765421372738,0.0,0.0,1,1.0,0.0
2025-05-02,-0.06320968962906892,-0.06320968962906892,0.0,0.0,1,1.0,0.0
2025-05-05,0.013333333333333197,0.013333333333333197,0.0,0.0,1,1.0,0.0
2025-05-06,0.009569377990430672,0.009569377990430672,0.0,0.0,1,1.0,0.0
2025-05-07,0.11459459459459476,0.11359459459459476,2.0,0.001,1,1.0,0.0
2025-05-08,0.026188166828321924,0.026188166828321924,0.0,0.0,1,1.0,0.0
2025-05-09,0.09168241965973545,0.09168241965973545,0.0,0.0,1,1.0,0.0
2025-05-12,-0.14588744588744595,-0.14588744588744595,0.0,0.0,1,1.0,0.0
2025-05-13,0.17992904206791693,0.17992904206791693,0.0,0.0,1,1.0,0.0
2025-05-14,-0.0085910652920963,-0.0085910652920963,0.0,0.0,1,1.0,0.0
2025-05-15,0.016006097560975707,0.015006097560975706,2.0,0.001,1,1.0,0.0
2025-05-16,0.016877637130801704,0.015877637130801703,2.0,0.001,1,1.0,0.0
2025-05-19,0.017066233238520967,0.016066233238520966,2.0,0.001,1,1.0,0.0
2025-05-20,-0.08053691275167774,-0.08153691275167774,2.0,0.001,1,1.0,0.0
2025-05-21,0.26459854014598516,0.26459854014598516,0.0,0.0,1,1.0,0.0
2025-05-22,0.011544011544011523,0.011544011544011523,0.0,0.0,1,1.0,0.0
2025-05-23,0.012125534950071293,0.012125534950071293,0.0,0.0,1,1.0,0.0
2025-05-27,-0.002114164904862492,-0.002114164904862492,0.0,0.0,1,1.0,0.0
2025-05-28,-0.0713276836158192,-0.0713276836158192,0.0,0.0,1,1.0,0.0
2025-05-29,-0.07832699619771877,-0.07832699619771877,0.0,0.0,1,1.0,0.0
2025-05-30,-0.14710342735820436,-0.14810342735820436,2.0,0.001,1,1.0,0.0
2025-06-02,-0.18568380410485674,-0.18568380410485674,0.0,0.0,1,1.0,0.0
2025-06-03,0.03449996880653816,0.03449996880653816,0.0,0.0,1,1.0,0.0
2025-06-04,-0.008201664455433577,-0.008201664455433577,0.0,0.0,1,1.0,0.0
2025-06-05,0.09747050954639414,0.09747050954639414,0.0,0.0,1,1.0,0.0
2025-06-06,-0.06692891572940318,-0.06692891572940318,0.0,0.0,1,1.0,0.0
2025-06-09,-0.03948696633216575,-0.03948696633216575,0.0,0.0,1,1.0,0.0
2025-06-10,0.012858555885262302,0.012858555885262302,0.0,0.0,1,1.0,0.0
2025-06-11,-0.01940917968750011,-0.01940917968750011,0.0,0.0,1,1.0,0.0
2025-06-12,-0.025208514876135846,-0.025208514876135846,0.0,0.0,1,1.0,0.0
2025-06-13,2.8311729774599326,2.8311729774599326,0.0,0.0,1,1.0,0.0
2025-06-16,0.30000000000000004,0.30000000000000004,0.0,0.0,1,1.0,0.0
2025-06-17,-0.18782051282051282,-0.18782051282051282,0.0,0.0,1,1.0,0.0
2025-06-18,-0.4,-0.4,0.0,0.0,1,1.0,0.0
2025-06-20,-0.37647987371744274,-0.37647987371744274,0.0,0.0,1,1.0,0.0
2025-06-23,-0.04388185654008436,-0.04388185654008436,0.0,0.0,1,1.0,0.0
2025-06-24,-0.04104148278905562,-0.04104148278905562,0.0,0.0,1,1.0,0.0
2025-06-25,-0.07086976530142652,-0.07086976530142652,0.0,0.0,1,1.0,0.0
2025-06-26,-0.13818722139673123,-0.13818722139673123,0.0,0.0,1,1.0,0.0
2025-06-27,-0.020689655172413723,-0.020689655172413723,0.0,0.0,1,1.0,0.0
2025-06-30,-0.14319248826291076,-0.14319248826291076,0.0,0.0,1,1.0,0.0
2025-07-01,-0.2904109589041096,-0.2904109589041096,0.0,0.0,1,1.0,0.0
2025-07-02,1.2191119691119692,1.2191119691119692,0.0,0.0,1,1.0,0.0
2025-07-03,-0.19834710743801653,-0.19834710743801653,0.0,0.0,1,1.0,0.0
2025-07-07,0.0477482365708084,0.0477482365708084,0.0,0.0,1,1.0,0.0
2025-07-08,-0.09891248058001034,-0.09891248058001034,0.0,0.0,1,1.0,0.0
2025-07-09,-0.04798850574712632,-0.04798850574712632,0.0,0.0,1,1.0,0.0
2025-07-10,-0.10956836703893758,-0.10956836703893758,0.0,0.0,1,1.0,0.0
2025-07-11,-0.004745762711864443,-0.004745762711864443,0.0,0.0,1,1.0,0.0
2025-07-14,-0.06675749318801094,-0.06675749318801094,0.0,0.0,1,1.0,0.0
2025-07-15,0.11605839416058394,0.11605839416058394,0.0,0.0,1,1.0,0.0
2025-07-16,-0.028122956180510084,-0.028122956180510084,0.0,0.0,1,1.0,0.0
2025-07-17,-0.024226110363391617,-0.024226110363391617,0.0,0.0,1,1.0,0.0
2025-07-18,-0.006896551724137945,-0.006896551724137945,0.0,0.0,1,1.0,0.0
2025-07-21,-0.050694444444444486,-0.050694444444444486,0.0,0.0,1,1.0,0.0
2025-07-22,0.08193123628383314,0.08193123628383314,0.0,0.0,1,1.0,0.0
2025-07-23,0.026369168356997985,0.026369168356997985,0.0,0.0,1,1.0,0.0
2025-07-24,-0.008563899868247682,-0.008563899868247682,0.0,0.0,1,1.0,0.0
2025-07-25,-0.0830564784053156,-0.0830564784053156,0.0,0.0,1,1.0,0.0
2025-07-28,0.006521739130434856,0.006521739130434856,0.0,0.0,1,1.0,0.0
2025-07-29,0.0388768898488121,0.0388768898488121,0.0,0.0,1,1.0,0.0
2025-07-30,-0.0852390852390853,-0.0852390852390853,0.0,0.0,1,1.0,0.0
2025-07-31,-0.017424242424242342,-0.017424242424242342,0.0,0.0,1,1.0,0.0
2025-08-01,0.06090979182729361,0.06090979182729361,0.0,0.0,1,1.0,0.0
2025-08-04,-0.021802325581395277,-0.021802325581395277,0.0,0.0,1,1.0,0.0
2025-08-05,-0.06389301634472522,-0.06389301634472522,0.0,0.0,1,1.0,0.0
2025-08-06,0.04603174603174609,0.04603174603174609,0.0,0.0,1,1.0,0.0
2025-08-07,0.05993930197268593,0.05993930197268593,0.0,0.0,1,1.0,0.0
2025-08-08,-0.0322118826055835,-0.0322118826055835,0.0,0.0,1,1.0,0.0
2025-08-11,-0.00591715976331364,-0.00591715976331364,0.0,0.0,1,1.0,0.0
2025-08-12,-0.0014880952380952328,-0.0014880952380952328,0.0,0.0,1,1.0,0.0
2025-08-13,-0.053651266766020944,-0.053651266766020944,0.0,0.0,1,1.0,0.0
2025-08-14,0.03307086614173227,0.03307086614173227,0.0,0.0,1,1.0,0.0
2025-08-15,0.015625,0.015625,0.0,0.0,1,1.0,0.0
2025-08-18,-0.06416510318949331,-0.06416510318949331,0.0,0.0,1,1.0,0.0
2025-08-19,-0.01122694466720131,-0.01122694466720131,0.0,0.0,1,1.0,0.0
2025-08-20,0.018653690186536842,0.018653690186536842,0.0,0.0,1,1.0,0.0
2025-08-21,0.019108280254777066,0.019108280254777066,0.0,0.0,1,1.0,0.0
2025-08-22,-0.04062500000000013,-0.04062500000000013,0.0,0.0,1,1.0,0.0
2025-08-25,0.10342019543973957,0.10342019543973957,0.0,0.0,1,1.0,0.0
2025-08-26,0.05092250922509223,0.05092250922509223,0.0,0.0,1,1.0,0.0
2025-08-27,0.07303370786516838,0.07303370786516838,0.0,0.0,1,1.0,0.0
2025-08-28,-0.08049738219895275,-0.08049738219895275,0.0,0.0,1,1.0,0.0
2025-08-29,-0.0854092526690392,-0.0854092526690392,0.0,0.0,1,1.0,0.0
2025-09-02,0.07548638132295715,0.07548638132295715,0.0,0.0,1,1.0,0.0
2025-09-03,-0.07091172214182351,-0.07091172214182351,0.0,0.0,1,1.0,0.0
2025-09-04,0.032710280373831724,0.032710280373831724,0.0,0.0,1,1.0,0.0
2025-09-05,0.012820512820512775,0.012820512820512775,0.0,0.0,1,1.0,0.0
2025-09-08,0.01042442293373047,0.01042442293373047,0.0,0.0,1,1.0,0.0
2025-09-09,-0.01915991156963892,-0.01915991156963892,0.0,0.0,1,1.0,0.0
2025-09-10,0.010518407212622094,0.010518407212622094,0.0,0.0,1,1.0,0.0
2025-09-11,0.09293680297397766,0.09293680297397766,0.0,0.0,1,1.0,0.0
2025-09-12,-0.023809523809523836,-0.023809523809523836,0.0,0.0,1,1.0,0.0
2025-09-15,-0.0027874564459929863,-0.0027874564459929863,0.0,0.0,1,1.0,0.0
2025-09-16,0.09014675052410892,0.09014675052410892,0.0,0.0,1,1.0,0.0
2025-09-17,-0.028846153846153855,-0.028846153846153855,0.0,0.0,1,1.0,0.0
2025-09-18,0.032343234323432446,0.032343234323432446,0.0,0.0,1,1.0,0.0
2025-09-19,-0.01278772378516635,-0.01278772378516635,0.0,0.0,1,1.0,0.0
2025-09-22,-0.04468911917098439,-0.04468911917098439,0.0,0.0,1,1.0,0.0
2025-09-23,-0.0115254237288136,-0.0115254237288136,0.0,0.0,1,1.0,0.0
2025-09-24,0.03840877914952001,0.03840877914952001,0.0,0.0,1,1.0,0.0
2025-09-25,-0.0026420079260238705,-0.0026420079260238705,0.0,0.0,1,1.0,0.0
2025-09-26,0.08543046357615891,0.08543046357615891,0.0,0.0,1,1.0,0.0
2025-09-29,-0.057352043929225216,-0.057352043929225216,0.0,0.0,1,1.0,0.0
2025-09-30,0.024595469255663582,0.024595469255663582,0.0,0.0,1,1.0,0.0
2025-10-01,0.020214782059380765,0.020214782059380765,0.0,0.0,1,1.0,0.0
2025-10-02,0.05882352941176494,0.05882352941176494,0.0,0.0,1,1.0,0.0
2025-10-03,0.008771929824561209,0.008771929824561209,0.0,0.0,1,1.0,0.0
2025-10-06,0.16231884057971024,0.16231884057971024,0.0,0.0,1,1.0,0.0
2025-10-07,-0.032418952618453956,-0.032418952618453956,0.0,0.0,1,1.0,0.0
2025-10-08,-0.04948453608247405,-0.04948453608247405,0.0,0.0,1,1.0,0.0
2025-10-09,-0.08839479392624738,-0.08839479392624738,0.0,0.0,1,1.0,0.0
2025-10-10,0.07019631171921481,0.07019631171921481,0.0,0.0,1,1.0,0.0
2025-10-13,-0.04280155642023342,-0.04280155642023342,0.0,0.0,1,1.0,0.0
2025-10-14,0.08943089430894324,0.08943089430894324,0.0,0.0,1,1.0,0.0
2025-10-15,-0.04317697228145001,-0.04317697228145001,0.0,0.0,1,1.0,0.0
2025-10-16,-0.030083565459609996,-0.030083565459609996,0.0,0.0,1,1.0,0.0
2025-10-17,-0.025847214244686945,-0.025847214244686945,0.0,0.0,1,1.0,0.0
2025-10-20,-0.0548349056603773,-0.0548349056603773,0.0,0.0,1,1.0,0.0
2025-10-21,-0.017467248908296984,-0.017467248908296984,0.0,0.0,1,1.0,0.0
2025-10-22,0.017142857142857126,0.017142857142857126,0.0,0.0,1,1.0,0.0
2025-10-23,-0.0074906367041197575,-0.0074906367041197575,0.0,0.0,1,1.0,0.0
2025-10-24,0.03836477987421394,0.03836477987421394,0.0,0.0,1,1.0,0.0
2025-10-27,0.04663840096910965,0.04663840096910965,0.0,0.0,1,1.0,0.0
2025-10-28,-0.03877314814814825,-0.03877314814814825,0.0,0.0,1,1.0,0.0
2025-10-29,-0.015653220951234115,-0.015653220951234115,0.0,0.0,1,1.0,0.0
2025-10-30,0.0183486238532109,0.0183486238532109,0.0,0.0,1,1.0,0.0
2025-10-31,-0.18558558558558547,-0.18558558558558547,0.0,0.0,1,1.0,0.0
2025-11-03,-0.03171091445427732,-0.03171091445427732,0.0,0.0,1,1.0,0.0
2025-11-04,-0.0022848438690024064,-0.0022848438690024064,0.0,0.0,1,1.0,0.0
2025-11-05,0.012213740458015376,0.012213740458015376,0.0,0.0,1,1.0,0.0
2025-11-06,-0.018099547511312264,-0.018099547511312264,0.0,0.0,1,1.0,0.0
2025-11-07,0.062211981566820285,0.062211981566820285,0.0,0.0,1,1.0,0.0
2025-11-10,0.05133767172812709,0.05133767172812709,0.0,0.0,1,1.0,0.0
2025-11-11,-0.059147180192572146,-0.059147180192572146,0.0,0.0,1,1.0,0.0
2025-11-12,-0.049707602339181256,-0.049707602339181256,0.0,0.0,1,1.0,0.0
2025-11-13,-0.03076923076923077,-0.03076923076923077,0.0,0.0,1,1.0,0.0
2025-11-14,0.026190476190476097,0.026190476190476097,0.0,0.0,1,1.0,0.0
2025-11-17,0.012374323279195742,0.012374323279195742,0.0,0.0,1,1.0,0.0
2025-11-18,-0.01680672268907568,-0.01680672268907568,0.0,0.0,1,1.0,0.0
2025-11-19,-0.019425019425019396,-0.019425019425019396,0.0,0.0,1,1.0,0.0
2025-11-20,-0.011093502377178988,-0.011093502377178988,0.0,0.0,1,1.0,0.0
2025-11-21,-0.06410256410256421,-0.06410256410256421,0.0,0.0,1,1.0,0.0
2025-11-24,-0.03424657534246578,-0.03424657534246578,0.0,0.0,1,1.0,0.0
2025-11-25,-0.01507092198581561,-0.01507092198581561,0.0,0.0,1,1.0,0.0
2025-11-26,0.03780378037803778,0.03780378037803778,0.0,0.0,1,1.0,0.0
2025-11-28,0.03642671292280997,0.03642671292280997,0.0,0.0,1,1.0,0.0
2025-12-01,0.03263598326359829,0.03263598326359829,0.0,0.0,1,1.0,0.0
2025-12-02,0.054294975688816915,0.054294975688816915,0.0,0.0,1,1.0,0.0
2025-12-03,0.22982321291314367,0.22982321291314367,0.0,0.0,1,1.0,0.0
2025-12-04,0.014999999999999902,0.014999999999999902,0.0,0.0,1,1.0,0.0
2025-12-05,0.04556650246305427,0.04556650246305427,0.0,0.0,1,1.0,0.0
2025-12-08,-0.022379269729092988,-0.022379269729092988,0.0,0.0,1,1.0,0.0
2025-12-09,-0.014457831325301318,-0.014457831325301318,0.0,0.0,1,1.0,0.0
2025-12-10,0.029951100244498985,0.029951100244498985,0.0,0.0,1,1.0,0.0
2025-12-11,-0.014836795252225476,-0.014836795252225476,0.0,0.0,1,1.0,0.0
2025-12-12,0.03975903614457832,0.03975903614457832,0.0,0.0,1,1.0,0.0
2025-12-15,-0.03244495944380077,-0.03244495944380077,0.0,0.0,1,1.0,0.0
2025-12-16,0.006586826347305452,0.006586826347305452,0.0,0.0,1,1.0,0.0
2025-12-17,0.1255205234979182,0.1255205234979182,0.0,0.0,1,1.0,0.0
2025-12-18,0.04704016913319231,0.04704016913319231,0.0,0.0,1,1.0,0.0
2025-12-19,0.11509338717819295,0.11509338717819295,0.0,0.0,1,1.0,0.0
2025-12-22,0.14305115436849247,0.14305115436849247,0.0,0.0,1,1.0,0.0
2025-12-23,-0.025742574257425654,-0.025742574257425654,0.0,0.0,1,1.0,0.0
2025-12-24,-0.1398373983739838,-0.1398373983739838,0.0,0.0,1,1.0,0.0
2025-12-26,0.10964083175803396,0.10964083175803396,0.0,0.0,1,1.0,0.0
2025-12-29,-0.02470187393526413,-0.02470187393526413,0.0,0.0,1,1.0,0.0
2025-12-30,-0.08296943231441045,-0.08296943231441045,0.0,0.0,1,1.0,0.0
2025-12-31,-0.021904761904761982,-0.021904761904761982,0.0,0.0,1,1.0,0.0
2026-01-02,0.31645569620253156,0.31645569620253156,0.0,0.0,1,1.0,0.0
2026-01-05,0.22152366863905337,0.22152366863905337,0.0,0.0,1,1.0,0.0
2026-01-06,0.6009688162276718,0.6009688162276718,0.0,0.0,1,1.0,0.0
2026-01-07,-0.21671709531013617,-0.21671709531013617,0.0,0.0,1,1.0,0.0
2026-01-08,0.10550458715596323,0.10550458715596323,0.0,0.0,1,1.0,0.0
2026-01-09,-0.036689233457086745,-0.036689233457086745,0.0,0.0,1,1.0,0.0
2026-01-12,-0.26229879845839943,-0.26229879845839943,0.0,0.0,1,1.0,0.0
2026-01-13,0.08082360172095893,0.08082360172095893,0.0,0.0,1,1.0,0.0
2026-01-14,-0.1452942849019051,-0.1452942849019051,0.0,0.0,1,1.0,0.0
2026-01-15,-0.08749168330006651,-0.08749168330006651,0.0,0.0,1,1.0,0.0
2026-01-16,-0.1133795114837769,-0.1133795114837769,0.0,0.0,1,1.0,0.0
2026-01-20,-0.09909539473684215,-0.09909539473684215,0.0,0.0,1,1.0,0.0
2026-01-21,0.4043815609310817,0.4043815609310817,0.0,0.0,1,1.0,0.0
2026-01-22,0.020799480012999805,0.020799480012999805,0.0,0.0,1,1.0,0.0
2026-01-23,-0.0703597580388412,-0.0703597580388412,0.0,0.0,1,1.0,0.0
2026-01-26,0.09760273972602729,0.09760273972602729,0.0,0.0,1,1.0,0.0
2026-01-27,0.007488299531981379,0.007488299531981379,0.0,0.0,1,1.0,0.0
2026-01-28,-0.13611025085165684,-0.13611025085165684,0.0,0.0,1,1.0,0.0
2026-01-29,-0.10414052697616061,-0.10414052697616061,0.0,0.0,1,1.0,0.0
2026-01-30,0.13165266106442597,0.13165266106442597,0.0,0.0,1,1.0,0.0
2026-02-02,0.006011315417255858,0.006011315417255858,0.0,0.0,1,1.0,0.0
2026-02-03,-0.002460456942003475,-0.002460456942003475,0.0,0.0,1,1.0,0.0
2026-02-04,-0.11663143058491887,-0.11663143058491887,0.0,0.0,1,1.0,0.0
2026-02-05,0.08615875548464302,0.08615875548464302,0.0,0.0,1,1.0,0.0
2026-02-06,0.01781123760558212,0.01781123760558212,0.0,0.0,1,1.0,0.0
2026-02-09,-0.03734439834024894,-0.03734439834024894,0.0,0.0,1,1.0,0.0
2026-02-10,0.0014992503748125774,0.0014992503748125774,0.0,0.0,1,1.0,0.0
2026-02-11,0.08607784431137722,0.08607784431137722,0.0,0.0,1,1.0,0.0
2026-02-12,0.0758097863542384,0.0758097863542384,0.0,0.0,1,1.0,0.0
2026-02-13,0.011210762331838708,0.011210762331838708,0.0,0.0,1,1.0,0.0
2026-02-17,0.010452961672473782,0.010452961672473782,0.0,0.0,1,1.0,0.0
2026-02-18,0.0489028213166145,0.0489028213166145,0.0,0.0,1,1.0,0.0
2026-02-19,-0.1282127913927077,-0.1282127913927077,0.0,0.0,1,1.0,0.0
2026-02-20,-0.07473431607816261,-0.07473431607816261,0.0,0.0,1,1.0,0.0
2026-02-23,-0.04149685068543896,-0.04149685068543896,0.0,0.0,1,1.0,0.0
2026-02-24,0.02473908001546188,0.02473908001546188,0.0,0.0,1,1.0,0.0
2026-02-25,-0.008298755186722073,-0.008298755186722073,0.0,0.0,1,1.0,0.0
2026-02-26,-0.0022822365918599985,-0.0022822365918599985,0.0,0.0,1,1.0,0.0
2026-02-27,-0.004956157072054879,-0.004956157072054879,0.0,0.0,1,1.0,0.0
2026-03-02,-0.08084291187739479,-0.08084291187739479,0.0,0.0,1,1.0,0.0
2026-03-03,0.06085869112130049,0.06085869112130049,0.0,0.0,1,1.0,0.0
2026-03-04,-0.04872298624754412,-0.04872298624754412,0.0,0.0,1,1.0,0.0
2026-03-05,-0.03552251135894258,-0.03552251135894258,0.0,0.0,1,1.0,0.0
2026-03-06,0.10920770877944319,0.10920770877944319,0.0,0.0,1,1.0,0.0
2026-03-09,-0.053667953667953516,-0.053667953667953516,0.0,0.0,1,1.0,0.0
2026-03-10,-0.03467972256221952,-0.03467972256221952,0.0,0.0,1,1.0,0.0
2026-03-11,0.014370245139475823,0.014370245139475823,0.0,0.0,1,1.0,0.0
2026-03-12,-0.03208333333333335,-0.03208333333333335,0.0,0.0,1,1.0,0.0
2026-03-13,-0.02367628067154548,-0.02367628067154548,0.0,0.0,1,1.0,0.0
2026-03-16,0.012786596119929383,0.012786596119929383,0.0,0.0,1,1.0,0.0
2026-03-17,0.14845450587723108,0.14845450587723108,0.0,0.0,1,1.0,0.0
2026-03-18,0.023881728582259454,0.023881728582259454,0.0,0.0,1,1.0,0.0
2026-03-19,0.013328396890040617,0.013328396890040617,0.0,0.0,1,1.0,0.0
2026-03-20,-0.07873584216295215,-0.07873584216295215,0.0,0.0,1,1.0,0.0
2026-03-23,-0.031330557208011034,-0.031330557208011034,0.0,0.0,1,1.0,0.0
2026-03-24,-0.011258955987717645,-0.011258955987717645,0.0,0.0,1,1.0,0.0
2026-03-25,0.05175983436852993,0.05175983436852993,0.0,0.0,1,1.0,0.0
2026-03-26,0.010629921259842634,0.010629921259842634,0.0,0.0,1,1.0,0.0
2026-03-27,-0.09115699259836396,-0.09115699259836396,0.0,0.0,1,1.0,0.0
2026-03-30,0.09001285897985434,0.09001285897985434,0.0,0.0,1,1.0,0.0
2026-03-31,0.3259929217459694,0.3259929217459694,0.0,0.0,1,1.0,0.0
2026-04-01,-0.08659549228944241,-0.08659549228944241,0.0,0.0,1,1.0,0.0
2026-04-02,0.0009740259740258495,0.0009740259740258495,0.0,0.0,1,1.0,0.0
2026-04-06,-0.09633473889069089,-0.09633473889069089,0.0,0.0,1,1.0,0.0
2026-04-07,0.036611629576453586,0.036611629576453586,0.0,0.0,1,1.0,0.0
2026-04-08,-0.024584487534625943,-0.024584487534625943,0.0,0.0,1,1.0,0.0
2026-04-09,0.023074192403265803,0.023074192403265803,0.0,0.0,1,1.0,0.0
2026-04-10,0.11866759195003485,0.11866759195003485,0.0,0.0,1,1.0,0.0
2026-04-13,-0.06606699751861045,-0.06606699751861045,0.0,0.0,1,1.0,0.0
2026-04-14,-0.00996346728661579,-0.00996346728661579,0.0,0.0,1,1.0,0.0
2026-04-15,0.03111963396581885,0.03011963396581885,2.0,0.001,1,1.0,0.0
2026-04-16,-0.06215243702976769,-0.0631524370297677,2.0,0.001,1,1.0,0.0
2026-04-17,-0.01988140913847225,-0.01988140913847225,0.0,0.0,1,1.0,0.0
2026-04-20,0.010676156583629748,0.010676156583629748,0.0,0.0,1,1.0,0.0
2026-04-21,0.0313380281690141,0.0313380281690141,0.0,0.0,1,1.0,0.0
2026-04-22,-0.03345851826561963,-0.03345851826561963,0.0,0.0,1,1.0,0.0
2026-04-23,-0.02896503002472628,-0.02896503002472628,0.0,0.0,1,1.0,0.0
2026-04-24,0.06220443797744646,0.06220443797744646,0.0,0.0,1,1.0,0.0
2026-04-27,-0.005136986301369828,-0.005136986301369828,0.0,0.0,1,1.0,0.0
2026-04-28,-0.0034423407917384408,-0.0034423407917384408,0.0,0.0,1,1.0,0.0
2026-04-29,0.00932642487046631,0.00932642487046631,0.0,0.0,1,1.0,0.0
2026-04-30,-0.003422313483915085,-0.003422313483915085,0.0,0.0,1,1.0,0.0
2026-05-01,0.05801179443976401,0.05701179443976401,2.0,0.001,1,1.0,0.0
2026-05-04,0.11980634784131983,0.11980634784131983,0.0,0.0,1,1.0,0.0
2026-05-05,0.0026025371181523926,0.0026025371181523926,0.0,0.0,1,1.0,0.0
2026-05-06,-0.04966027886920377,-0.04966027886920377,0.0,0.0,1,1.0,0.0
2026-05-07,0.16596017791575868,0.16596017791575868,0.0,0.0,1,1.0,0.0
2026-05-08,-0.009460168721277085,-0.009460168721277085,0.0,0.0,1,1.0,0.0
2026-05-11,-0.06173589392333734,-0.06173589392333734,0.0,0.0,1,1.0,0.0
2026-05-12,-0.003298852632883764,-0.003298852632883764,0.0,0.0,1,1.0,0.0
2026-05-13,-0.04457480842713324,-0.04457480842713324,0.0,0.0,1,1.0,0.0
2026-05-14,0.018000752140708176,0.018000752140708176,0.0,0.0,1,1.0,0.0
2026-05-15,-0.05299763428790638,-0.05299763428790638,0.0,0.0,1,1.0,0.0
2026-05-18,0.0377191468931215,0.0377191468931215,0.0,0.0,1,1.0,0.0
2026-05-19,0.006701414743112366,0.006701414743112366,0.0,0.0,1,1.0,0.0
2026-05-20,0.10748549434135701,0.10748549434135701,0.0,0.0,1,1.0,0.0
2026-05-21,-0.041206297333748254,-0.041206297333748254,0.0,0.0,1,1.0,0.0
2026-05-22,0.07497176554923612,0.07497176554923612,0.0,0.0,1,1.0,0.0
2026-05-26,0.00024535245824286456,0.00024535245824286456,0.0,0.0,1,1.0,0.0
2026-05-27,0.032516950325169436,0.032516950325169436,0.0,0.0,1,1.0,0.0
2026-05-28,0.03249189834555688,0.03249189834555688,0.0,0.0,1,1.0,0.0
2026-05-29,0.039204002407108085,0.039204002407108085,0.0,0.0,1,1.0,0.0
2026-06-01,-0.025587164973913334,-0.025587164973913334,0.0,0.0,1,1.0,0.0
2026-06-02,0.06708382856743356,0.06708382856743356,0.0,0.0,1,1.0,0.0
2026-06-03,-0.039213759213759136,-0.039213759213759136,0.0,0.0,1,1.0,0.0
2026-06-04,-0.11386161120203675,-0.11386161120203675,0.0,0.0,1,1.0,0.0
2026-06-05,0.05302311263884252,0.05302311263884252,0.0,0.0,1,1.0,0.0
2026-06-08,0.0027649208282582993,0.0027649208282582993,0.0,0.0,1,1.0,0.0
