date,gross_return,net_return,turnover,cost,n_names,invested,cash_weight
2014-01-02,0.00910331590659554,0.008628315906595541,0.95,0.000475,5,0.95,0.050000000000000044
2014-01-03,-0.016084265323430578,-0.016269921945319267,0.37131324377738095,0.00018565662188869047,5,0.6786867562226191,0.3213132437773809
2014-01-06,0.0816604965135399,0.08150264228678292,0.315708453513977,0.0001578542267569885,5,0.95,0.050000000000000044
2014-01-07,0.059618419223122235,0.059487132680838564,0.2625730845673413,0.00013128654228367065,5,0.7874269154326591,0.21257308456734092
2014-01-08,-0.061735933292702695,-0.0618717811607751,0.27169573614481257,0.00013584786807240628,5,0.9408773484225283,0.05912265157747165
2014-01-09,0.026044208356493063,0.025987770980484173,0.11287475201778366,5.643737600889183e-05,5,0.946247899559688,0.05375210044031198
2014-01-10,-0.006579285903766541,-0.006602840897956138,0.04710998837919425,2.3554994189597125e-05,5,0.95,0.050000000000000044
2014-01-13,0.046459864346376716,0.04644899450073175,0.021739691289931584,1.0869845644965793e-05,5,0.9499999999999998,0.050000000000000155
2014-01-14,0.02194911780932366,0.02190675822540836,0.08471916783060354,4.235958391530177e-05,5,0.9500000000000002,0.04999999999999982
2014-01-15,0.0012275823303417137,0.0012062702218234736,0.042624217036480117,2.1312108518240057e-05,5,0.9499999999999997,0.050000000000000266
2014-01-16,-0.007461368552400212,-0.007473195256706921,0.023653408613416887,1.1826704306708444e-05,5,0.95,0.050000000000000044
2014-01-17,0.009885104196041293,0.009865764559693126,0.03867927269633545,1.9339636348167725e-05,5,0.95,0.050000000000000044
2014-01-21,-0.0067537516754816295,-0.0067698276970342775,0.03215204310529604,1.607602155264802e-05,5,0.95,0.050000000000000044
2014-01-22,-0.02273068059057986,-0.022842428568558094,0.22349595595647384,0.00011174797797823693,5,0.8265040440435263,0.1734959559564737
2014-01-23,-0.045961972697733035,-0.04607541477196452,0.22688414846298094,0.00011344207423149048,5,0.9466118074934927,0.05338819250650728
2014-01-24,-0.014114681688253082,-0.014231553465288937,0.23374355407171174,0.00011687177703585588,5,0.8196446384347955,0.1803553615652045
2014-01-27,0.07402277577620858,0.0739435465030406,0.1584585463359758,7.92292731679879e-05,5,0.95,0.050000000000000044
2014-01-28,0.06176133363169174,0.06175437093547916,0.01392539242516469,6.962696212582345e-06,5,0.95,0.050000000000000044
2014-01-29,0.02801590068778423,0.02799382124492373,0.04415888572099719,2.2079442860498595e-05,5,0.9499999999999998,0.050000000000000155
2014-01-30,-0.010313049015720005,-0.010337078705321212,0.048059379202414626,2.4029689601207314e-05,5,0.95,0.050000000000000044
2014-01-31,-0.030234513704965937,-0.03024254805225588,0.016068694579885356,8.034347289942678e-06,5,0.9500000000000002,0.04999999999999982
2014-02-03,0.02631566972240266,0.026176005914854646,0.279327615096025,0.0001396638075480125,5,0.770672384903975,0.22932761509602495
2014-02-04,-0.022541017566749852,-0.02265793437291739,0.23383361233507752,0.00011691680616753876,5,0.95,0.050000000000000044
2014-02-05,0.013217494170379922,0.013203817465099422,0.027353410560998326,1.3676705280499163e-05,5,0.95,0.050000000000000044
2014-02-06,0.029380677210511904,0.02930220466955402,0.15694508191576495,7.847254095788248e-05,5,0.8930549180842351,0.1069450819157649
2014-02-07,0.07977739697550412,0.07970252728240655,0.14973938619515512,7.486969309757756e-05,5,0.95,0.050000000000000044
2014-02-10,0.0027418549400733587,0.002672198826194243,0.13931222775823157,6.965611387911578e-05,5,0.9106877722417684,0.08931222775823155
2014-02-11,0.03368247489343128,0.03358265783203114,0.1996341228002683,9.981706140013415e-05,5,0.8896781049579632,0.11032189504203682
2014-02-12,0.04228469795849975,0.042193783744179585,0.181828428640322,9.0914214320161e-05,5,0.9284934664017148,0.07150653359828518
2014-02-13,-0.026500856235558864,-0.026595295563577974,0.18887865603822324,9.443932801911162e-05,5,0.882627877560062,0.117372122439938
2014-02-14,0.02091037013307057,0.020858828556303118,0.10308315353490599,5.1541576767453e-05,5,0.95,0.050000000000000044
2014-02-18,-0.023731946116536725,-0.023746329111185054,0.02876598929665511,1.4382994648327556e-05,5,0.95,0.050000000000000044
2014-02-19,0.03166382348099001,0.031656440778434394,0.014765405111242552,7.382702555621276e-06,5,0.95,0.050000000000000044
2014-02-20,-0.0007653911947117765,-0.0007843429841460105,0.03790357886846811,1.8951789434234056e-05,5,0.95,0.050000000000000044
2014-02-21,0.014604505965624267,0.014596346187595133,0.016319556058267237,8.15977802913362e-06,5,0.9499999999999998,0.050000000000000155
2014-02-24,0.03211207616732558,0.03210447451197429,0.015203310702586112,7.601655351293056e-06,5,0.9499999999999998,0.050000000000000155
2014-02-25,0.07282544386301654,0.07274995507997199,0.15097756608907686,7.548878304453844e-05,5,0.8990224339109233,0.10097756608907671
2014-02-26,-0.006349260616262135,-0.006423142161713734,0.14776309090319908,7.388154545159954e-05,5,0.9500000000000001,0.04999999999999993
2014-02-27,0.02888203150580624,0.02887417285767453,0.01571729626342465,7.858648131712325e-06,5,0.95,0.050000000000000044
2014-02-28,0.12273283768699285,0.12268283067297192,0.10001402804185613,5.0007014020928066e-05,5,0.9499859719581439,0.05001402804185606
2014-03-03,0.11317527037320949,0.1131429713161457,0.0645981141275542,3.22990570637771e-05,5,0.95,0.050000000000000044
2014-03-04,0.04969916001596661,0.049670764062652646,0.05679190662792247,2.8395953313961234e-05,5,0.95,0.050000000000000044
2014-03-05,-0.03320140216837626,-0.033223481271184706,0.0441582056168805,2.2079102808440248e-05,5,0.95,0.050000000000000044
2014-03-06,0.12979601407441968,0.1297673133865349,0.05740137576951132,2.870068788475566e-05,5,0.95,0.050000000000000044
2014-03-07,0.12878712026568728,0.1287731911066699,0.02785831803477036,1.392915901738518e-05,5,0.95,0.050000000000000044
2014-03-10,-0.22058485703843278,-0.22059998506377057,0.030256050675586413,1.5128025337793207e-05,5,0.9499999999999998,0.050000000000000155
2014-03-11,0.07036555332719688,0.07033434287808277,0.06242089822822376,3.121044911411188e-05,5,0.95,0.050000000000000044
2014-03-12,0.05842746683207314,0.058415170414513884,0.024592835118505546,1.2296417559252773e-05,5,0.95,0.050000000000000044
2014-03-13,-0.08123639047961753,-0.0812596486513431,0.04651634345112665,2.3258171725563328e-05,5,0.95,0.050000000000000044
2014-03-14,-0.011150764931086242,-0.011167620514184283,0.03371116619608307,1.6855583098041535e-05,5,0.9499999999999998,0.050000000000000155
2014-03-17,-0.021103241343470906,-0.02110954831188739,0.012613936832963663,6.306968416481831e-06,5,0.95,0.050000000000000044
2014-03-18,0.0202789095284051,0.02022387773298278,0.11006359084463972,5.5031795422319864e-05,5,0.9399364091553605,0.060063590844639525
2014-03-19,-0.013757305289212427,-0.013796725559211732,0.07884053999860983,3.9420269999304915e-05,5,0.9500000000000002,0.04999999999999982
2014-03-20,-0.032246152952884015,-0.0322945374228166,0.09676893986516319,4.8384469932581594e-05,5,0.95,0.050000000000000044
2014-03-21,-0.07184949954253363,-0.07186436154376587,0.029724002464484228,1.4862001232242115e-05,5,0.9500000000000001,0.04999999999999993
2014-03-24,0.18926692146841892,0.18919246981851348,0.14890329981088013,7.445164990544006e-05,5,0.9010967001891199,0.09890329981088009
2014-03-25,-0.11218328051638717,-0.11222102082781228,0.07548062285023081,3.7740311425115406e-05,5,0.95,0.050000000000000044
2014-03-26,0.02304649813695262,0.02301146466472931,0.0700669444466263,3.503347222331315e-05,5,0.9500000000000001,0.04999999999999993
2014-03-27,-0.005755558578518826,-0.005787813896510727,0.06451063598380316,3.2255317991901584e-05,5,0.95,0.050000000000000044
2014-03-28,0.023197809881953278,0.023181491847446428,0.0326360690136977,1.631803450684885e-05,5,0.95,0.050000000000000044
2014-03-31,0.06138160926499094,0.06129081628760537,0.18158595477115572,9.079297738557786e-05,5,0.8684140452288444,0.13158595477115564
2014-04-01,-0.0003887647320265893,-0.0004630541358045173,0.14857880755585598,7.4289403777928e-05,5,0.9499999999999998,0.050000000000000155
2014-04-02,-0.010374802881659973,-0.010446916598781528,0.14422743424311077,7.211371712155538e-05,5,0.9057725657568895,0.09422743424311053
2014-04-03,-0.05753236228932592,-0.05756981935522514,0.07491413179844128,3.745706589922064e-05,5,0.95,0.050000000000000044
2014-04-04,-0.031844738465458516,-0.03184833674371486,0.007196556512686039,3.5982782563430198e-06,5,0.9499999999999998,0.050000000000000155
2014-04-07,0.042214353196378576,0.04221016090395645,0.008384584844252072,4.1922924221260354e-06,5,0.9499999999999998,0.050000000000000155
2014-04-08,0.012789280528945724,0.012779144179401588,0.020272699088272964,1.0136349544136482e-05,5,0.95,0.050000000000000044
2014-04-09,-0.039116261254980016,-0.03912162934379003,0.010736177620025891,5.368088810012945e-06,5,0.95,0.050000000000000044
2014-04-10,-0.02631189356638347,-0.02631854625645892,0.013305380150893942,6.652690075446971e-06,5,0.9500000000000001,0.04999999999999993
2014-04-11,-0.005334532589726328,-0.005340052961742248,0.011040744031839453,5.5203720159197265e-06,5,0.9500000000000001,0.04999999999999993
2014-04-14,-0.04010103590673296,-0.04010741357498597,0.01275533650602012,6.37766825301006e-06,5,0.9500000000000001,0.04999999999999993
2014-04-15,0.03366828877879681,0.03360384018555602,0.12889718648158421,6.44485932407921e-05,5,0.9211028135184158,0.07889718648158417
2014-04-16,0.027980929816788506,0.027962516845964517,0.036825941647980476,1.841297082399024e-05,5,0.95,0.050000000000000044
2014-04-17,-0.010308694581138346,-0.010318186686266946,0.018984210257198958,9.492105128599478e-06,5,0.95,0.050000000000000044
2014-04-21,0.0014468511795635822,0.0014360317967198957,0.021638765687372927,1.0819382843686463e-05,5,0.95,0.050000000000000044
2014-04-22,-0.03239527280933257,-0.032414144299758134,0.03774298085113026,1.887149042556513e-05,5,0.95,0.050000000000000044
2014-04-23,-0.03346782105071231,-0.033481411634442876,0.02718116746113275,1.3590583730566375e-05,5,0.95,0.050000000000000044
2014-04-24,-0.07263099141981236,-0.07264317261086584,0.024362382106963704,1.2181191053481852e-05,5,0.9500000000000001,0.04999999999999993
2014-04-25,-0.09035897186105558,-0.09042505884293132,0.13217396375149099,6.60869818757455e-05,5,0.917826036248509,0.082173963751491
2014-04-28,0.02907617748808783,0.029059056685385158,0.03424160540534377,1.7120802702671885e-05,5,0.9499999999999998,0.050000000000000155
2014-04-29,-0.019026042047015877,-0.019086412422260134,0.1207407504885115,6.037037524425575e-05,5,0.9292592495114887,0.07074075048851125
2014-04-30,0.0206579167153301,0.020637679633387983,0.040474163884228656,2.0237081942114328e-05,5,0.9500000000000001,0.04999999999999993
2014-05-01,-0.0241883612237117,-0.02419527068128824,0.013818915153078815,6.9094575765394074e-06,5,0.95,0.050000000000000044
2014-05-02,-0.0414485988559839,-0.041508659290337736,0.1201208687076753,6.006043435383765e-05,5,0.9298791312923249,0.07012086870767509
2014-05-05,-0.058563133371610475,-0.05857860206373824,0.03093738425552675,1.5468692127763375e-05,5,0.95,0.050000000000000044
2014-05-06,-5.413656560652666e-05,-0.00011429934693967368,0.12032556266629403,6.016278133314702e-05,5,0.9296744373337061,0.07032556266629386
2014-05-07,-0.05013348037118547,-0.050195637554810636,0.12431436725033099,6.21571836251655e-05,5,0.9460111954159629,0.0539888045840371
2014-05-08,0.02802137345461987,0.028010667052845415,0.021412803548914845,1.0706401774457424e-05,5,0.95,0.050000000000000044
2014-05-09,0.04247829825071307,0.04241925698754098,0.11808252634418188,5.9041263172090944e-05,5,0.9319174736558182,0.06808252634418177
2014-05-12,0.028071276265323165,0.028049066726842264,0.04441907696180533,2.2209538480902666e-05,5,0.95,0.050000000000000044
2014-05-13,-0.03605113256950022,-0.036114117251279804,0.1259693635591767,6.298468177958836e-05,5,0.9240306364408234,0.0759693635591766
2014-05-14,0.03405815001686742,0.034037955704354285,0.04038862502627048,2.0194312513135243e-05,5,0.9499999999999998,0.050000000000000155
2014-05-15,0.02641692579783725,0.026400946347815885,0.03195890004272331,1.5979450021361654e-05,5,0.95,0.050000000000000044
2014-05-16,0.044616011905088966,0.044601663258322516,0.028697293532902374,1.4348646766451187e-05,5,0.95,0.050000000000000044
2014-05-19,-0.01654764694649004,-0.016552883446426036,0.010472999871995667,5.236499935997834e-06,5,0.95,0.050000000000000044
2014-05-20,0.005067629627424073,0.0050529619623284425,0.029335330191261513,1.4667665095630758e-05,5,0.95,0.050000000000000044
2014-05-21,-0.012033142992866208,-0.012042349363373629,0.018412741014841763,9.206370507420883e-06,5,0.9499999999999998,0.050000000000000155
2014-05-22,-0.02545658086964772,-0.025473923008877814,0.03468427846018218,1.734213923009109e-05,5,0.9499999999999997,0.050000000000000266
2014-05-23,0.009592253885345455,0.009588402385368526,0.00770299995385848,3.85149997692924e-06,5,0.95,0.050000000000000044
2014-05-27,0.05221003694831252,0.05220315146002221,0.01377097658062465,6.885488290312325e-06,5,0.95,0.050000000000000044
2014-05-28,-0.0036265440277604144,-0.003692708400111834,0.1323287447028391,6.616437235141955e-05,5,0.9176712552971611,0.08232874470283891
2014-05-29,-0.014732217926891947,-0.01475715186078675,0.049867867789604683,2.493393389480234e-05,5,0.9500000000000001,0.04999999999999993
2014-05-30,-0.0006161952898346017,-0.0006363665900148908,0.04034260036057806,2.017130018028903e-05,5,0.9500000000000001,0.04999999999999993
2014-06-02,0.02205186743043375,0.02202935026074053,0.045034339386439484,2.2517169693219743e-05,5,0.95,0.050000000000000044
2014-06-03,-0.009222235734418417,-0.009240784084777074,0.03709670071731398,1.8548350358656992e-05,5,0.95,0.050000000000000044
2014-06-04,0.03139134679612416,0.03136187953010408,0.05893453204015563,2.9467266020077813e-05,5,0.9499999999999998,0.050000000000000155
2014-06-05,-0.0006093914080680951,-0.0006162691771282889,0.013755538120387698,6.877769060193849e-06,5,0.9500000000000001,0.04999999999999993
2014-06-06,0.0072678365335069935,0.0072520496885194845,0.03157368997501739,1.5786844987508696e-05,5,0.95,0.050000000000000044
2014-06-09,-0.00509723243810263,-0.0051298997266044375,0.06533457700361589,3.2667288501807944e-05,5,0.95,0.050000000000000044
2014-06-10,-0.009407207879872488,-0.009458956473110439,0.10349718647590177,5.174859323795088e-05,5,0.946502813524098,0.05349718647590196
2014-06-11,-0.02473653523182863,-0.02474997676112709,0.026883058596917114,1.3441529298458557e-05,5,0.9499999999999997,0.050000000000000266
2014-06-12,-0.02046681023423332,-0.020486154480286643,0.03868849210665201,1.9344246053326006e-05,5,0.95,0.050000000000000044
2014-06-13,0.02010936918078285,0.020097912209102977,0.02291394335974349,1.1456971679871745e-05,5,0.95,0.050000000000000044
2014-06-16,0.0346232887207033,0.034597610551199774,0.051356339007053914,2.5678169503526958e-05,5,0.95,0.050000000000000044
2014-06-17,0.0829226034022577,0.0828925640863378,0.060078631839802776,3.003931591990139e-05,5,0.95,0.050000000000000044
2014-06-18,-0.02693148548677762,-0.026944912745283336,0.026854517011435694,1.3427258505717848e-05,5,0.95,0.050000000000000044
2014-06-19,0.016280033630823053,0.016245716172162493,0.06863491732112315,3.4317458660561574e-05,5,0.9499999999999998,0.050000000000000155
2014-06-20,-0.005275085476045195,-0.0052975270468649145,0.04488314163943802,2.2441570819719008e-05,5,0.9500000000000001,0.04999999999999993
2014-06-23,-0.040471493853638615,-0.04049381957701652,0.044651446755806304,2.232572337790315e-05,5,0.95,0.050000000000000044
2014-06-24,0.0007105172188813816,0.0006983749156471942,0.024284606468374714,1.2142303234187358e-05,5,0.9499999999999997,0.050000000000000266
2014-06-25,0.030167567516112714,0.03013571517667113,0.06370467888317055,3.185233944158528e-05,5,0.95,0.050000000000000044
2014-06-26,0.012741450288548794,0.012711278552602871,0.060343471891845066,3.0171735945922533e-05,5,0.95,0.050000000000000044
2014-06-27,-0.004419122522002558,-0.004426472449331781,0.014699854658446573,7.349927329223286e-06,5,0.9500000000000001,0.04999999999999993
2014-06-30,0.003678621079003121,0.003658786169562408,0.0396698188814253,1.9834909440712652e-05,5,0.95,0.050000000000000044
2014-07-01,-0.016876048150539766,-0.016897246320557082,0.042396340034633356,2.1198170017316678e-05,5,0.95,0.050000000000000044
2014-07-02,-0.004803924122788503,-0.00483513292732794,0.0624176090788745,3.120880453943725e-05,5,0.95,0.050000000000000044
2014-07-03,-0.024705332551428125,-0.02471438993425414,0.0181147656520253,9.05738282601265e-06,5,0.95,0.050000000000000044
2014-07-07,-0.04439952203916898,-0.044448077375300966,0.09711067226398071,4.855533613199036e-05,5,0.9499999999999998,0.050000000000000155
2014-07-08,0.02060998652722402,0.020575923886652032,0.06812528114397515,3.406264057198758e-05,5,0.95,0.050000000000000044
2014-07-09,-0.0035148467495205765,-0.003542689794898741,0.05568609075632873,2.7843045378164365e-05,5,0.9500000000000002,0.04999999999999982
2014-07-10,0.007486889243998034,0.007473807431773314,0.026163624449439038,1.308181222471952e-05,5,0.9500000000000001,0.04999999999999993
2014-07-11,0.00812924700731937,0.008114061226798476,0.030371561041785594,1.5185780520892797e-05,5,0.9500000000000001,0.04999999999999993
2014-07-14,0.03584849676624212,0.03582598980160501,0.045013929274220266,2.2506964637110134e-05,5,0.95,0.050000000000000044
2014-07-15,-0.01834670621014316,-0.018435538806983214,0.17766519368011002,8.883259684005502e-05,5,0.8723348063198899,0.1276651936801101
2014-07-16,-0.030552691714983676,-0.030591524311823732,0.0776651936801099,3.8832596840054955e-05,5,0.9499999999999997,0.050000000000000266
2014-07-17,0.04747201011025137,0.04745725068232508,0.02951885585259069,1.4759427926295345e-05,5,0.9499999999999998,0.050000000000000155
2014-07-18,0.05119841269114032,0.05116057565318997,0.075674075900696,3.7837037950348e-05,5,0.9500000000000001,0.04999999999999993
2014-07-21,-0.008669988657229115,-0.0087526537366807,0.165330158903169,8.26650794515845e-05,5,0.8846698410968308,0.11533015890316922
2014-07-22,0.023376496719671624,0.02333296510984754,0.08706321964816413,4.353160982408207e-05,5,0.95,0.050000000000000044
2014-07-23,-0.02040572082858539,-0.020423241451361655,0.03504124555252709,1.7520622776263548e-05,5,0.9499999999999998,0.050000000000000155
2014-07-24,-0.004339096712044788,-0.004417731679149426,0.1572699342092758,7.86349671046379e-05,5,0.8927300657907241,0.10726993420927589
2014-07-25,-0.062498922082404526,-0.06253871035658662,0.07957654836418443,3.978827418209222e-05,5,0.9499999999999997,0.050000000000000266
2014-07-28,0.011585791816622117,0.011568365897725323,0.034851837793586776,1.742591889679339e-05,5,0.9500000000000002,0.04999999999999982
2014-07-29,0.022979710880066347,0.022963066147255195,0.0332894656223002,1.66447328111501e-05,5,0.95,0.050000000000000044
2014-07-30,-0.03923859642053526,-0.03928066114877313,0.08412945647573089,4.2064728237865446e-05,5,0.95,0.050000000000000044
2014-07-31,0.0022074997101926316,0.0021161040443229374,0.18279133173938825,9.139566586969413e-05,5,0.8672086682606116,0.1327913317393884
2014-08-01,0.0021931376579503972,0.0021453190791737493,0.09563715755329605,4.781857877664802e-05,5,0.95,0.050000000000000044
2014-08-04,-0.0016661352821685557,-0.001683382282881618,0.03449400142612474,1.724700071306237e-05,5,0.9500000000000002,0.04999999999999982
2014-08-05,-0.00376976990732287,-0.003789398337929864,0.03925686121398797,1.9628430606993987e-05,5,0.9499999999999998,0.050000000000000155
2014-08-06,0.04125016662777331,0.041206602834257346,0.08712758703193334,4.356379351596667e-05,5,0.9499999999999998,0.050000000000000155
2014-08-07,-0.003654561476761656,-0.003674831024409599,0.04053909529588559,2.0269547647942794e-05,5,0.9500000000000001,0.04999999999999993
2014-08-08,0.01738898157953483,0.017290342781545294,0.19727759597907638,9.863879798953819e-05,5,0.8527224040209233,0.14727759597907675
2014-08-11,-0.007302234615977891,-0.007388568101270585,0.17266697058538638,8.63334852926932e-05,5,0.95,0.050000000000000044
2014-08-12,0.03527871738142388,0.035254455198311566,0.0485243662246304,2.42621831123152e-05,5,0.95,0.050000000000000044
2014-08-13,0.0036247545155669017,0.0035317917735819934,0.18592548396981665,9.296274198490832e-05,5,0.8640745160301831,0.13592548396981685
2014-08-14,-0.012538814899770039,-0.01260624237632138,0.1348549531026841,6.742747655134205e-05,5,0.95,0.050000000000000044
2014-08-15,0.009249374322239934,0.009232199334093406,0.034349976293055404,1.7174988146527702e-05,5,0.9499999999999998,0.050000000000000155
2014-08-18,-0.004077064355000103,-0.004166963306255183,0.17979790251015917,8.989895125507959e-05,5,0.8702020974898408,0.1297979025101592
2014-08-19,-0.0004316006763884658,-0.0005048446603166905,0.1464879678564495,7.324398392822475e-05,5,0.9499999999999998,0.050000000000000155
2014-08-20,-0.009801831284010791,-0.009838030942118983,0.07239931621638265,3.6199658108191325e-05,5,0.95,0.050000000000000044
2014-08-21,-0.00029728840738430277,-0.00030748577907429263,0.020394743379979693,1.0197371689989846e-05,5,0.95,0.050000000000000044
2014-08-22,0.008430852750229173,0.008399646745535989,0.06241200938636658,3.1206004693183294e-05,5,0.9499999999999998,0.050000000000000155
2014-08-25,-0.012570569374556676,-0.012587833011882703,0.03452727465205488,1.726363732602744e-05,5,0.95,0.050000000000000044
2014-08-26,-0.0026428015031284722,-0.002698302510403551,0.11100201455015814,5.550100727507907e-05,5,0.9389979854498417,0.0610020145501583
2014-08-27,-0.01848611935601504,-0.018592064990762127,0.2118912694941755,0.00010594563474708775,5,0.8491107450559826,0.1508892549440174
2014-08-28,-0.0044400619185017,-0.004537683037528648,0.19524223805389587,9.762111902694794e-05,5,0.95,0.050000000000000044
2014-08-29,-0.004242802849163396,-0.004278821552318443,0.07203740631009417,3.601870315504709e-05,5,0.95,0.050000000000000044
2014-09-02,-0.007737509010927124,-0.007757501609568609,0.03998519728297131,1.9992598641485658e-05,5,0.95,0.050000000000000044
2014-09-03,-0.0098113291866703,-0.009827282935302002,0.03190749726340418,1.595374863170209e-05,5,0.9499999999999998,0.050000000000000155
2014-09-04,0.012910545891471633,0.01289073009630615,0.03963159033096539,1.9815795165482693e-05,5,0.95,0.050000000000000044
2014-09-05,0.020823409056670454,0.020802729353479724,0.041359406381458144,2.067970319072907e-05,5,0.95,0.050000000000000044
2014-09-08,-0.01596828235806035,-0.015997778948985436,0.05899318185017595,2.9496590925087976e-05,5,0.95,0.050000000000000044
2014-09-09,-0.012260537338519298,-0.012348654540781812,0.1762344045250283,8.811720226251416e-05,5,0.8737655954749715,0.12623440452502854
2014-09-10,0.014557219588727754,0.014505874969007458,0.1026892394405927,5.1344619720296356e-05,5,0.95,0.050000000000000044
2014-09-11,-0.002726846714317121,-0.002777900095715438,0.10210676279663411,5.1053381398317057e-05,5,0.9478932372033657,0.05210676279663429
2014-09-12,-0.04528594555320828,-0.0453050327717695,0.03817443712244427,1.9087218561222135e-05,5,0.9499999999999998,0.050000000000000155
2014-09-15,-0.003186883075492399,-0.0032083483537709277,0.04293055655705752,2.146527827852876e-05,5,0.9499999999999998,0.050000000000000155
2014-09-16,0.001845519001799568,0.0018110923578370834,0.06885328792496934,3.442664396248467e-05,5,0.9500000000000002,0.04999999999999982
2014-09-17,-0.020547516951591883,-0.02063212237801798,0.16921085285219276,8.460542642609639e-05,5,0.8807891471478071,0.1192108528521929
2014-09-18,0.013403856952328624,0.013281711313178735,0.2442912782997809,0.00012214563914989045,5,0.8749195745524119,0.12508042544758813
2014-09-19,-0.04537038926900673,-0.04547323450906328,0.20569048011309166,0.00010284524005654583,5,0.9193899453344964,0.08061005466550364
2014-09-22,0.04973997541562208,0.04964776818140191,0.1844144684403345,9.220723422016725e-05,5,0.8961955862251689,0.10380441377483107
2014-09-23,-0.0038154054794852345,-0.0038510882711080296,0.07136558324558999,3.568279162279499e-05,5,0.9499999999999998,0.050000000000000155
2014-09-24,-0.0315227673830031,-0.03152972687151498,0.01391897702375798,6.95948851187899e-06,5,0.9499999999999997,0.050000000000000266
2014-09-25,0.004040319618248388,0.004015630661394006,0.04937791370876442,2.4688956854382208e-05,5,0.95,0.050000000000000044
2014-09-26,0.014524355284921672,0.014519788640483413,0.009133288876519513,4.566644438259756e-06,5,0.9500000000000001,0.04999999999999993
2014-09-29,0.0006181490655243968,0.0005250361753206373,0.18622578040751897,9.311289020375949e-05,5,0.8637742195924808,0.1362257804075192
2014-09-30,-0.024301900373871407,-0.02436372305783591,0.12364536792900326,6.182268396450163e-05,5,0.9499999999999998,0.050000000000000155
2014-10-01,0.018572035653200553,0.01842664279075194,0.2907857248972289,0.00014539286244861447,5,0.759214275102771,0.24078572489722905
2014-10-02,0.009176782836660886,0.009037403239890917,0.2787591935399366,0.00013937959676996832,5,0.9499999999999997,0.050000000000000266
2014-10-03,-0.02067249829997383,-0.020762886836027908,0.18077707210815155,9.038853605407578e-05,5,0.8692229278918484,0.1307770721081516
2014-10-06,-0.03242812528038935,-0.032477498305043574,0.09874604930844245,4.937302465422123e-05,5,0.9499999999999998,0.050000000000000155
2014-10-07,0.0077285809367558505,0.007644091604705361,0.16897866410098009,8.448933205049005e-05,5,0.88102133589902,0.11897866410098001
2014-10-08,-0.016816189519713896,-0.016911462656444796,0.19054627346180056,9.527313673090028e-05,5,0.9284323906391795,0.07156760936082052
2014-10-09,-0.01144578784914561,-0.011587011822032072,0.28244794577292487,0.00014122397288646244,5,0.7891196635878956,0.21088033641210435
2014-10-10,-0.05239970819670927,-0.05251189334179573,0.2243702901729157,0.00011218514508645786,5,0.9499999999999998,0.050000000000000155
2014-10-13,0.013682754932770567,0.013594389227850622,0.17673140983989036,8.836570491994518e-05,5,0.8732685901601094,0.12673140983989062
2014-10-14,-0.016557417013218285,-0.01664578809109221,0.1767421557478454,8.837107787392271e-05,5,0.9499892540920448,0.05001074590795518
2014-10-15,0.015671226420625593,0.015584313842689398,0.17382515587238886,8.691257793619444e-05,5,0.876185590035566,0.12381440996443405
2014-10-16,0.0035016268704193233,0.0034516076531975783,0.10003843444349014,5.001921722174507e-05,5,0.95,0.050000000000000044
2014-10-17,0.011034982844052387,0.011002762120264747,0.0644414475752818,3.22207237876409e-05,5,0.95,0.050000000000000044
2014-10-20,-0.006489869688544647,-0.006584152634647122,0.18856589220495124,9.428294610247562e-05,5,0.8614341077950485,0.13856589220495152
2014-10-21,-0.009736298488593937,-0.009805145806338931,0.13769463548998834,6.884731774499418e-05,5,0.95,0.050000000000000044
2014-10-22,0.010297093399921155,0.010194064461370434,0.2060578771014413,0.00010302893855072065,5,0.8439421228985586,0.15605787710144137
2014-10-23,0.0032046305911950733,0.003108994091241782,0.19127299990658267,9.563649995329134e-05,5,0.95,0.050000000000000044
2014-10-24,-0.004132130818844017,-0.004222987408546666,0.18171317940529733,9.085658970264866e-05,5,0.8682868205947024,0.1317131794052976
2014-10-27,0.023416097496940513,0.0233282873108825,0.17562037211602544,8.781018605801272e-05,5,0.9500000000000001,0.04999999999999993
2014-10-28,0.0022544442212293373,0.0021706595084657757,0.16756942552712295,8.378471276356148e-05,5,0.8824305744728768,0.11756942552712324
2014-10-29,0.006133617981300556,0.006038992473142017,0.18925101631707691,9.462550815853846e-05,5,0.928318409210046,0.07168159078995395
2014-10-30,0.034043901554615445,0.03394289133368302,0.20202044186484122,0.00010101022093242062,5,0.8696611489251124,0.13033885107488763
2014-10-31,0.045552467152505584,0.04545774423497369,0.18944583506379598,9.472291753189799e-05,5,0.9408930160110913,0.05910698398890868
2014-11-03,0.031995328190380264,0.03197099676855356,0.04866284365339618,2.433142182669809e-05,5,0.9500000000000001,0.04999999999999993
2014-11-04,-0.0497295179740669,-0.04981284416495416,0.16665238177453473,8.332619088726737e-05,5,0.8833476182254649,0.11665238177453507
2014-11-05,0.03193824050359522,0.03190188800095111,0.07270500528821365,3.6352502644106825e-05,5,0.9500000000000001,0.04999999999999993
2014-11-06,0.015291250009334482,0.015206332201404963,0.16983561585903761,8.49178079295188e-05,5,0.8801643841409621,0.1198356158590379
2014-11-07,0.007158438616624953,0.007110199209223111,0.09647881480368377,4.8239407401841887e-05,5,0.9500000000000001,0.04999999999999993
2014-11-10,-0.019586405650635665,-0.01968471494398098,0.19661858669062654,9.830929334531327e-05,5,0.8533814133093731,0.14661858669062688
2014-11-11,-0.08623780341922098,-0.08629105345805141,0.10650007766087233,5.325003883043617e-05,5,0.95,0.050000000000000044
2014-11-12,-0.01645636082084698,-0.016537655998121393,0.1625903545488234,8.12951772744117e-05,5,0.8874096454511764,0.1125903545488236
2014-11-13,-0.041187906069973315,-0.041220821745954594,0.06583135196255774,3.291567598127887e-05,5,0.9500000000000001,0.04999999999999993
2014-11-14,-0.0024778172231592396,-0.002575212209521211,0.19478997272394316,9.739498636197159e-05,5,0.8552100272760566,0.14478997272394345
2014-11-17,0.03965274928590706,0.039504224497006434,0.29704957780126334,0.00014852478890063167,5,0.8477403949226798,0.15225960507732017
2014-11-18,-0.01608597810459351,-0.01619877638870499,0.2255965682229547,0.00011279828411147736,5,0.9266630368543651,0.07333696314563487
2014-11-19,-0.008517334238766033,-0.008615182574768964,0.19569667200586374,9.784833600293187e-05,5,0.8776402911397708,0.12235970886022918
2014-11-20,0.004877619887738408,0.004754108986770863,0.24702180193508871,0.00012351090096754435,5,0.8753379069251401,0.12466209307485987
2014-11-21,0.013430098183568846,0.01338507158143296,0.09005320427177331,4.5026602135886655e-05,5,0.9499999999999998,0.050000000000000155
2014-11-24,0.009446911349776758,0.00942716491850213,0.03949286254925506,1.9746431274627532e-05,5,0.95,0.050000000000000044
2014-11-25,0.001335325027539848,0.0013065725352227058,0.05750498463428462,2.875249231714231e-05,5,0.9499999999999998,0.050000000000000155
2014-11-26,-0.017734656893893846,-0.017826540109907914,0.1837664320281345,9.188321601406726e-05,5,0.8662335679718653,0.13376643202813465
2014-11-28,-0.047514463934044925,-0.047609703441854535,0.1904790156192284,9.52395078096142e-05,5,0.9432874164089059,0.0567125835910941
2014-12-01,0.01197657749170865,0.011885603033480388,0.18194891645652153,9.097445822826077e-05,5,0.8747636671345721,0.1252363328654279
2014-12-02,-0.006139639247460486,-0.00630737709835721,0.3354757017934488,0.00016773785089672441,5,0.7897606310719787,0.2102393689280213
2014-12-03,0.02877080275502064,0.02859570984295133,0.35018582413861876,0.00017509291206930938,5,0.8600535447894021,0.1399464552105979
2014-12-04,0.009843596756647734,0.009715406005981397,0.25638150133267323,0.00012819075066633663,5,0.8835649538779242,0.11643504612207578
2014-12-05,-0.026620215040256454,-0.026802508723268652,0.36458736602439595,0.00018229368301219797,5,0.7518476800976794,0.24815231990232056
2014-12-08,0.0007000114942920604,0.0005774238646014403,0.24517525938124005,0.00012258762969062002,5,0.9500000000000002,0.04999999999999982
2014-12-09,-0.01979424430104888,-0.019931644567629633,0.2748005331615063,0.00013740026658075316,5,0.7751994668384933,0.22480053316150672
2014-12-10,0.0001746047469692539,8.460555756320368e-05,0.17999837881210043,8.999918940605021e-05,5,0.9500000000000001,0.04999999999999993
2014-12-11,-0.008194298395020415,-0.008205514081515469,0.022431372990107917,1.121568649505396e-05,5,0.9499999999999998,0.050000000000000155
2014-12-12,0.0007681490146457474,0.000562570866141456,0.41115629700858286,0.00020557814850429143,5,0.6388437029914169,0.3611562970085831
2014-12-15,-0.02413309781064163,-0.02428867595914592,0.31115629700858294,0.00015557814850429149,5,0.9499999999999997,0.050000000000000266
2014-12-16,0.006886653270638886,0.006873062294795646,0.02718195168647944,1.359097584323972e-05,5,0.95,0.050000000000000044
2014-12-17,0.02999991577981259,0.029987597674292057,0.024636211041067085,1.2318105520533542e-05,5,0.9500000000000001,0.04999999999999993
2014-12-18,0.0024305717260352027,0.0024091403271411242,0.04286279778815713,2.1431398894078567e-05,5,0.9499999999999998,0.050000000000000155
2014-12-19,0.007220623210055496,0.007178104631811066,0.08503715648885898,4.251857824442949e-05,5,0.9499999999999998,0.050000000000000155
2014-12-22,-0.012850937781414804,-0.012964216350718448,0.22655713860728707,0.00011327856930364354,5,0.8234428613927129,0.17655713860728706
2014-12-23,0.013528634790250089,0.013422895309093383,0.21147896231341198,0.00010573948115670599,5,0.95,0.050000000000000044
2014-12-24,0.0040274522755526405,0.003921105425523838,0.21269370005760524,0.00010634685002880262,5,0.8373062999423946,0.16269370005760542
2014-12-26,-0.012053019281966493,-0.012215898616818356,0.3257586697037237,0.00016287933485186184,5,0.8369350303538815,0.1630649696461185
2014-12-29,0.008701028923891926,0.008568785112056,0.26448762367185075,0.00013224381183592538,5,0.8985773459742676,0.10142265402573236
2014-12-30,-0.0023970769332439233,-0.0024414807585265365,0.08880765056522634,4.440382528261317e-05,5,0.95,0.050000000000000044
2014-12-31,0.02520790188975267,0.025201070813122298,0.013662153260740245,6.831076630370123e-06,5,0.95,0.050000000000000044
2015-01-02,-0.008770774425798468,-0.008800570902920204,0.05959295424347419,2.9796477121737095e-05,5,0.9500000000000001,0.04999999999999993
2015-01-05,-0.026380555113604192,-0.026390764544089833,0.020418860971278513,1.0209430485639257e-05,5,0.95,0.050000000000000044
2015-01-06,0.015160087913274807,0.015053815116456816,0.21254559363598233,0.00010627279681799116,5,0.8374544063640175,0.16254559363598253
2015-01-07,0.0364357321999349,0.036323086250942035,0.2252918979857291,0.00011264594899286455,5,0.9372536956502532,0.06274630434974682
2015-01-08,0.008328015492701232,0.008209254985225454,0.2375210149515533,0.00011876050747577666,5,0.8252252893981933,0.17477471060180672
2015-01-09,-0.022701798307806102,-0.022850439545297495,0.2972824749827843,0.00014864123749139217,5,0.8774922356190222,0.12250776438097777
2015-01-12,-0.004808973509270025,-0.004852425703351583,0.08690438816311613,4.3452194081558066e-05,5,0.9499999999999998,0.050000000000000155
2015-01-13,0.015552895565486937,0.01552229140831505,0.0612083143437734,3.06041571718867e-05,5,0.95,0.050000000000000044
2015-01-14,-0.044408471580231375,-0.04444380517436424,0.07066718826573228,3.533359413286614e-05,5,0.9500000000000001,0.04999999999999993
2015-01-15,0.027677386995545797,0.027588210285246884,0.1783534205978267,8.917671029891334e-05,5,0.8716465794021729,0.12835342059782706
2015-01-16,0.0007429078764526003,0.0006460308149289428,0.19375412304731504,9.687706152365752e-05,5,0.9345992975505116,0.06540070244948837
2015-01-20,-0.0035594815638664914,-0.003703244337137352,0.28752554654172113,0.00014376277327086056,5,0.7778751559077668,0.2221248440922332
2015-01-21,0.026087933526881355,0.02596439580274937,0.24707544826396557,0.0001235377241319828,5,0.95,0.050000000000000044
2015-01-22,0.014915732195118096,0.014829644308312122,0.1721757736119474,8.608788680597371e-05,5,0.8778242263880524,0.12217577361194765
2015-01-23,0.010652884964187752,0.010566327402002987,0.17311512436952972,8.655756218476486e-05,5,0.9490606492424177,0.05093935075758227
2015-01-26,0.00042865772607560615,0.0004214937033499055,0.014328045451401261,7.164022725700631e-06,5,0.9500000000000001,0.04999999999999993
2015-01-27,-0.008166993280942936,-0.008263739857741051,0.19349315359622796,9.674657679811398e-05,5,0.8565068464037717,0.14349315359622827
2015-01-28,0.02433443202541694,0.024286610389427702,0.09564327197847132,4.782163598923566e-05,5,0.95,0.050000000000000044
2015-01-29,-0.031634757460831844,-0.031733455723749894,0.1973965258361061,9.869826291805305e-05,5,0.8526034741638937,0.1473965258361063
2015-01-30,-0.005823998378678063,-0.005910947687543706,0.1738986177312852,8.69493088656426e-05,5,0.9499999999999997,0.050000000000000266
2015-02-02,-0.01927964885212898,-0.01940997372936905,0.26064975448014127,0.00013032487724007065,5,0.7893502455198588,0.21064975448014123
2015-02-03,-0.004720754860793842,-0.004885402625535575,0.32929552948346597,0.000164647764741733,5,0.881354224996675,0.11864577500332496
2015-02-04,0.011255611459237924,0.011221123629597426,0.06897565928099593,3.448782964049797e-05,5,0.95,0.050000000000000044
2015-02-05,-0.012386652965592437,-0.012484936582529747,0.19656723387461766,9.828361693730884e-05,5,0.8534327661253822,0.14656723387461779
2015-02-06,-0.020692581223479306,-0.020826859064589705,0.2685556822208,0.0001342778411104,5,0.8780115516538174,0.12198844834618261
2015-02-09,0.019552898679751952,0.01940912381317576,0.28754973315238486,0.00014377486657619242,5,0.8344387151937975,0.16556128480620247
2015-02-10,-0.0028795568610220767,-0.003019797829298195,0.28048193655223697,0.0001402409682761185,5,0.8850793482539654,0.11492065174603461
2015-02-11,0.012625001841651495,0.012517117805964175,0.21576807137463952,0.00010788403568731976,5,0.8991525803713948,0.10084741962860522
2015-02-12,0.003058151920631752,0.0030220615734107845,0.07218069444193516,3.609034722096758e-05,5,0.9500000000000001,0.04999999999999993
2015-02-13,0.00018048185633169427,0.00015973210674811251,0.04149949916716353,2.0749749583581763e-05,5,0.95,0.050000000000000044
2015-02-17,0.004455458593276104,0.004362821639504563,0.18527390754308196,9.263695377154098e-05,5,0.8647260924569178,0.13527390754308222
2015-02-18,0.008607562752467945,0.008515231576498023,0.18466235193984382,9.233117596992191e-05,5,0.95,0.050000000000000044
2015-02-19,0.013111846343628827,0.013016096199772191,0.19150028771327068,9.575014385663534e-05,5,0.8584997122867292,0.14150028771327083
2015-02-20,0.018192270365973456,0.018030986329613807,0.3225680727192955,0.00016128403635964775,5,0.818932214993975,0.18106778500602505
2015-02-23,-0.00011571518747950492,-0.00024305486945687068,0.2546793639547315,0.00012733968197736577,5,0.9263884210512933,0.07361157894870674
2015-02-24,0.011921711597517556,0.011820929067419217,0.20156506019667658,0.0001007825300983383,5,0.8720465187520301,0.1279534812479699
2015-02-25,0.006131411024085083,0.0060321332497863265,0.19855554859751293,9.927777429875646e-05,5,0.9293979326504568,0.07060206734954322
2015-02-26,-0.010599322425645027,-0.010691655625064217,0.18466639883837815,9.233319941918907e-05,5,0.8859356685111648,0.11406433148883521
2015-02-27,0.02778851683940544,0.02768539497711604,0.2062437245788014,0.00010312186228940071,5,0.9078206069100335,0.09217939308996648
2015-03-02,0.00024900842915117054,0.00013057842378085617,0.23686001074062876,0.00011843000537031438,5,0.8553193823493375,0.14468061765066254
2015-03-03,0.010948626750496805,0.010897034891716041,0.10318371756152764,5.159185878076382e-05,5,0.95,0.050000000000000044
2015-03-04,0.045816957802561765,0.045803570260845757,0.026775083432023464,1.3387541716011732e-05,5,0.9500000000000001,0.04999999999999993
2015-03-05,-0.002334878451093367,-0.002432637549236399,0.1955181962860644,9.77590981430322e-05,5,0.8544818037139352,0.14551819628606477
2015-03-06,0.0015354870385462143,0.0014813081608631028,0.10835775536622323,5.4178877683111615e-05,5,0.9500000000000002,0.04999999999999982
2015-03-09,0.006176537927100158,0.0061537437995082735,0.045588255183768855,2.2794127591884428e-05,5,0.95,0.050000000000000044
2015-03-10,0.0038339386739807313,0.0038185261020242086,0.03082514391304564,1.541257195652282e-05,5,0.95,0.050000000000000044
2015-03-11,0.012406870704937222,0.012394156980138803,0.02542744959683635,1.2713724798418175e-05,5,0.9500000000000001,0.04999999999999993
2015-03-12,0.0005071352470461066,0.0004937924861460603,0.02668552180009262,1.3342760900046311e-05,5,0.9499999999999998,0.050000000000000155
2015-03-13,0.021363388380457822,0.021344371334558455,0.038034091798732544,1.9017045899366272e-05,5,0.9499999999999997,0.050000000000000266
2015-03-16,-0.004165615724199765,-0.004178147803410016,0.025064158420500193,1.2532079210250097e-05,5,0.95,0.050000000000000044
2015-03-17,-0.002730643223934147,-0.0027388436599841905,0.016400872100086922,8.20043605004346e-06,5,0.9500000000000001,0.04999999999999993
2015-03-18,0.027310305192629523,0.02730471655415013,0.0111772769587907,5.58863847939535e-06,5,0.9500000000000002,0.04999999999999982
2015-03-19,-0.005792540690671819,-0.005809160613451719,0.03323984555980089,1.6619922779900446e-05,5,0.95,0.050000000000000044
2015-03-20,-0.01374592203527933,-0.013841723697664786,0.19160332477091113,9.580166238545557e-05,5,0.8583966752290886,0.14160332477091142
2015-03-23,0.026400269282140943,0.026333311754176122,0.1339150559296434,6.69575279648217e-05,5,0.95,0.050000000000000044
2015-03-24,-0.0749407034829295,-0.07495901521978654,0.036623473714077454,1.831173685703873e-05,5,0.95,0.050000000000000044
2015-03-25,-0.003328856875241362,-0.0033470995098157123,0.036485269148701316,1.824263457435066e-05,5,0.95,0.050000000000000044
2015-03-26,0.02975471449412134,0.029731614416272183,0.046200155698313455,2.310007784915673e-05,5,0.95,0.050000000000000044
2015-03-27,0.054843751242207965,0.054746247646327316,0.19500719176129772,9.750359588064887e-05,5,0.854992808238702,0.14500719176129795
2015-03-30,-0.02880741768157777,-0.028905593728352004,0.19635209354847216,9.817604677423609e-05,5,0.9486550982128255,0.051344901787174546
2015-03-31,-0.002470010562243623,-0.002568508059931342,0.19699499537543783,9.849749768771892e-05,5,0.8543499064117364,0.14565009358826364
2015-04-01,-0.00816426893385131,-0.008219811107787817,0.11108434787301741,5.554217393650871e-05,5,0.9500000000000001,0.04999999999999993
2015-04-02,0.0011421363181582217,0.001044856028690562,0.1945605789353198,9.72802894676599e-05,5,0.8554394210646801,0.14456057893531993
2015-04-06,0.005956550397093413,0.005872869387878927,0.16736201842897241,8.36810092144862e-05,5,0.9499999999999997,0.050000000000000266
2015-04-07,0.024768175620476562,0.024760178228931215,0.015994783090697753,7.997391545348878e-06,5,0.95,0.050000000000000044
2015-04-08,0.000660411228324896,0.0006530471172012645,0.014728222247262904,7.364111123631452e-06,5,0.95,0.050000000000000044
2015-04-09,0.006657435568340866,0.0066537446311871265,0.007381874307480135,3.6909371537400676e-06,5,0.9500000000000001,0.04999999999999993
2015-04-10,0.005795964710410436,0.005791753578774854,0.008422263271163771,4.211131635581886e-06,5,0.9500000000000002,0.04999999999999982
2015-04-13,-0.0013505607865718595,-0.001360654551366323,0.02018752958892696,1.009376479446348e-05,5,0.95,0.050000000000000044
2015-04-14,0.007947088922857537,0.007939707321811602,0.014763202091870112,7.381601045935056e-06,5,0.95,0.050000000000000044
2015-04-15,0.004929646839613262,0.004915812160978884,0.02766935726875533,1.3834678634377665e-05,5,0.9499999999999997,0.050000000000000266
2015-04-16,-0.010710979185199119,-0.01080504670495701,0.1881350395157803,9.406751975789016e-05,5,0.8618649604842196,0.13813503951578043
2015-04-17,0.00385838546688709,0.003761670258453957,0.1934304168662659,9.671520843313295e-05,5,0.9447046226495142,0.05529537735048584
2015-04-20,0.015092902109133359,0.015084751880000594,0.01630045826552888,8.15022913276444e-06,5,0.9500000000000001,0.04999999999999993
2015-04-21,0.0023665384623505733,0.0023560055384515793,0.021065847797987453,1.0532923898993726e-05,5,0.9499999999999998,0.050000000000000155
2015-04-22,0.010244905871884466,0.010228445063434462,0.03292161690000853,1.6460808450004263e-05,5,0.95,0.050000000000000044
2015-04-23,-0.013185994518171616,-0.013285611082600929,0.19923312885862443,9.961656442931221e-05,5,0.8507668711413753,0.14923312885862472
2015-04-24,-0.03535385778653562,-0.03542409166358916,0.14046775410708473,7.023387705354237e-05,5,0.9500000000000001,0.04999999999999993
2015-04-27,-0.002305539360853902,-0.0023154892073119545,0.01989969291610487,9.949846458052434e-06,5,0.9499999999999998,0.050000000000000155
2015-04-28,-0.009079622332240507,-0.009092321058149213,0.02539745181741157,1.2698725908705785e-05,5,0.95,0.050000000000000044
2015-04-29,-0.017646850001812646,-0.017737926175784745,0.18215234794419968,9.107617397209985e-05,5,0.8678476520558003,0.13215234794419972
2015-04-30,0.021257938049255055,0.02116618726549956,0.1835015675109907,9.175078375549535e-05,5,0.9486507804332088,0.05134921956679117
2015-05-01,0.0004085158110123156,0.00039710295437150693,0.02282571328161738,1.141285664080869e-05,5,0.95,0.050000000000000044
2015-05-04,0.011613874124704663,0.01152578532924434,0.17617759092064494,8.808879546032248e-05,5,0.8738224090793548,0.12617759092064518
2015-05-05,0.020789098516628583,0.0207045893621799,0.16901830889736774,8.450915444868388e-05,5,0.95,0.050000000000000044
2015-05-06,0.02947983868786361,0.029466328930184357,0.02701951535850801,1.3509757679254004e-05,5,0.9499999999999998,0.050000000000000155
2015-05-07,0.028167656038800698,0.028070072475085674,0.19516712743004963,9.758356371502482e-05,5,0.8548328725699502,0.14516712743004978
2015-05-08,0.00861551305171387,0.008549246357391262,0.13253338864521313,6.626669432260656e-05,5,0.9499999999999998,0.050000000000000155
2015-05-11,0.009012191492451402,0.008925302558220124,0.17377786846255538,8.688893423127769e-05,5,0.8762221315374444,0.12377786846255556
2015-05-12,-0.013139873505158007,-0.013179408502525929,0.07906999473584424,3.953499736792212e-05,5,0.95,0.050000000000000044
2015-05-13,-0.0014199450290444616,-0.0015044367506004644,0.1689834431120057,8.449172155600284e-05,5,0.8810165568879941,0.11898344311200593
2015-05-14,-0.0094415575527162,-0.009515865207141306,0.14861530885020963,7.430765442510481e-05,5,0.95,0.050000000000000044
2015-05-15,0.01742354390377274,0.017331551198483376,0.18398541057872506,9.199270528936253e-05,5,0.8660145894212746,0.13398541057872537
2015-05-18,0.022288680050493632,0.022239975411842926,0.09740927730141383,4.870463865070692e-05,5,0.9500000000000002,0.04999999999999982
2015-05-19,-0.0027452899359939743,-0.0027573505655117147,0.02412125903548082,1.2060629517740409e-05,5,0.9499999999999997,0.050000000000000266
2015-05-20,0.004799542324914955,0.004696663556283786,0.20575753726233717,0.00010287876863116859,5,0.8442424627376626,0.15575753726233743
2015-05-21,0.00870747787051065,0.008631508349871518,0.15193904127826316,7.596952063913158e-05,5,0.95,0.050000000000000044
2015-05-22,0.008917533590563739,0.008902487155544987,0.0300928700375043,1.504643501875215e-05,5,0.9499999999999998,0.050000000000000155
2015-05-26,0.018303384201271252,0.018212992958577867,0.18078248538677089,9.039124269338544e-05,5,0.8692175146132289,0.13078248538677106
2015-05-27,0.0026895513766824206,0.002593145792046005,0.19281116927283135,9.640558463641568e-05,5,0.9379713161139394,0.06202868388606064
2015-05-28,0.010817416592045125,0.010721901926996432,0.1910293300973852,9.551466504869261e-05,5,0.8709993537886751,0.1290006462113249
2015-05-29,-0.008798657979572919,-0.008840063535305398,0.08281111146495582,4.1405555732477907e-05,5,0.9500000000000001,0.04999999999999993
2015-06-01,-0.0019919909129221557,-0.0020349027810270272,0.08582373620974315,4.2911868104871573e-05,5,0.9499999999999998,0.050000000000000155
2015-06-02,0.0022776861859223436,0.002262282785348663,0.030806801147361285,1.5403400573680642e-05,5,0.95,0.050000000000000044
2015-06-03,-0.006278888155226706,-0.006370116833550296,0.18245735664717952,9.122867832358976e-05,5,0.8675426433528204,0.1324573566471796
2015-06-04,0.02392776591788118,0.02385123460433034,0.1530626271016754,7.65313135508377e-05,5,0.9499999999999998,0.050000000000000155
2015-06-05,0.003957989889594449,0.003938939691523003,0.0381003961428915,1.905019807144575e-05,5,0.95,0.050000000000000044
2015-06-08,-0.019310901667736243,-0.019405492723390944,0.18918211130940032,9.459105565470017e-05,5,0.8608178886905994,0.1391821113094006
2015-06-09,0.005057369630294339,0.004956297835569617,0.20214358944944397,0.00010107179472472198,5,0.9370385218599566,0.06296147814004338
2015-06-10,0.012213967573972105,0.012124644967227599,0.17864521348901127,8.932260674450564e-05,5,0.8843162646510321,0.11568373534896792
2015-06-11,-0.012474571635916802,-0.012539211643687648,0.12928001554169338,6.464000777084669e-05,5,0.95,0.050000000000000044
2015-06-12,0.0020051311761631434,0.0019129603436989614,0.18434166492836393,9.217083246418197e-05,5,0.865658335071636,0.13434166492836397
2015-06-15,0.0008676220131241998,0.0007678347897919142,0.19957444666457128,9.978722333228563e-05,5,0.9347672182637926,0.06523278173620739
2015-06-16,0.0008840383091549249,0.0008137831425739796,0.14051033316189054,7.025516658094527e-05,5,0.9247224485743166,0.07527755142568338
2015-06-17,0.015672213233501653,0.015644690483423124,0.05504550015705917,2.7522750078529583e-05,5,0.95,0.050000000000000044
2015-06-18,0.005489705372758307,0.005381842280466937,0.2157261845827384,0.0001078630922913692,5,0.8342738154172613,0.1657261845827387
2015-06-19,0.03005118910831793,0.029985831008943486,0.1307161987488863,6.535809937444314e-05,5,0.9499999999999998,0.050000000000000155
2015-06-22,-0.016953199526723504,-0.01696230881340778,0.018218573368553093,9.109286684276547e-06,5,0.95,0.050000000000000044
2015-06-23,-0.013149621605806766,-0.013257307933660128,0.2153726557067233,0.00010768632785336165,5,0.8346273442932767,0.16537265570672333
2015-06-24,-0.008097889182027414,-0.008260646664586972,0.3255149651191145,0.00016275748255955726,5,0.8398576905876087,0.16014230941239127
2015-06-25,-0.020569571772239382,-0.020631790986977396,0.12443842947602869,6.221921473801435e-05,5,0.95,0.050000000000000044
2015-06-26,-0.016871744358890783,-0.016972732474325732,0.20197623086989916,0.00010098811543494958,5,0.8480237691301007,0.1519762308698993
2015-06-29,0.03551272298910625,0.03536671362364368,0.2920187309251456,0.00014600936546257278,5,0.8599574999447535,0.14004250005524654
2015-06-30,-0.007395701099914452,-0.007448335150761946,0.10526810169498799,5.263405084749399e-05,5,0.9499999999999998,0.050000000000000155
2015-07-01,-0.0014732086730981763,-0.0015753568284180897,0.20429631063982684,0.00010214815531991342,5,0.845703689360173,0.15429631063982696
2015-07-02,-0.0019371713755804998,-0.0020873894418967235,0.3004361326324475,0.00015021806631622376,5,0.8538601780073791,0.14613982199262088
2015-07-06,-0.012001841858455178,-0.012151690207935745,0.2996966989611334,0.0001498483494805667,5,0.8464431230314873,0.15355687696851272
2015-07-07,-0.02746603227910984,-0.027608232611053614,0.2844006638875465,0.00014220033194377324,5,0.869156213080966,0.13084378691903398
2015-07-08,0.017552311141617885,0.017418843072094525,0.26693613904672275,0.00013346806952336138,5,0.8639076478723109,0.1360923521276891
2015-07-09,0.008472165695961674,0.008333746300482517,0.27683879095831265,0.00013841939547915632,5,0.8592535611693763,0.14074643883062365
2015-07-10,0.01673950629594991,0.016666591357887735,0.14582987612435402,7.291493806217701e-05,5,0.95,0.050000000000000044
2015-07-13,0.009413697305054557,0.009405826882332859,0.015740845443395574,7.870422721697787e-06,5,0.95,0.050000000000000044
2015-07-14,-0.00419246562926939,-0.004198250342446927,0.01156942635507402,5.78471317753701e-06,5,0.95,0.050000000000000044
2015-07-15,0.01454655811251434,0.014536598715649132,0.019918793730415385,9.959396865207693e-06,5,0.9499999999999998,0.050000000000000155
2015-07-16,-0.00924842655257854,-0.009272135079658423,0.047417054159762745,2.3708527079881372e-05,5,0.9499999999999998,0.050000000000000155
2015-07-17,-0.013968204746847183,-0.013973276276815227,0.010143059936087467,5.071529968043734e-06,5,0.9499999999999997,0.050000000000000266
2015-07-20,-0.018621948050792172,-0.01873598464354196,0.22807318549957775,0.00011403659274978887,5,0.8219268145004222,0.17807318549957785
2015-07-21,0.013896816448627265,0.013826664321389168,0.14030425447619477,7.015212723809738e-05,5,0.95,0.050000000000000044
2015-07-22,-0.005251813590630783,-0.0052582216240079985,0.01281606675443106,6.408033377215531e-06,5,0.9499999999999998,0.050000000000000155
2015-07-23,-0.023003096257085836,-0.023109541905812422,0.21289129745317378,0.0001064456487265869,5,0.8371087025468261,0.16289129745317388
2015-07-24,-0.02062967591628706,-0.02069444709416359,0.1295423557530649,6.477117787653244e-05,5,0.95,0.050000000000000044
2015-07-27,0.020920645853399884,0.020812003527195325,0.21728465240911837,0.0001086423262045592,5,0.8327153475908815,0.1672846524091185
2015-07-28,-0.011856271634970855,-0.012040492770252011,0.3684422705623135,0.00018422113528115676,5,0.7988423818468049,0.2011576181531951
2015-07-29,-0.019562935292856208,-0.019675791483424205,0.2257123811359928,0.00011285619056799639,5,0.9499999999999998,0.050000000000000155
2015-07-30,0.004308001894896543,0.0042770896422186806,0.061824505355724174,3.0912252677862085e-05,5,0.95,0.050000000000000044
2015-07-31,-0.04182383213733486,-0.04183345479094736,0.019245307225003755,9.622653612501877e-06,5,0.9499999999999997,0.050000000000000266
2015-08-03,-0.007601750805997727,-0.007621122286948695,0.03874296190193599,1.9371480950967994e-05,5,0.9500000000000001,0.04999999999999993
2015-08-04,-0.0017032336795312682,-0.001714269498761487,0.022071638460437748,1.1035819230218875e-05,5,0.95,0.050000000000000044
2015-08-05,-0.038763294179173534,-0.03886419809232854,0.2018078263100165,0.00010090391315500825,5,0.8481921736899833,0.15180782631001666
2015-08-06,-0.0061996068948406355,-0.0063017327286064035,0.20425166753153584,0.00010212583376576792,5,0.9475561587784807,0.05244384122151935
2015-08-07,-0.028828375650059964,-0.028999958600471772,0.3431659008236183,0.00017158295041180916,5,0.7092779403979009,0.29072205960209907
2015-08-10,-0.02283576876729742,-0.022999803172597037,0.32806881059923587,0.00016403440529961795,5,0.95,0.050000000000000044
2015-08-11,-0.017197513934601782,-0.017214938950450884,0.034850031698201056,1.742501584910053e-05,5,0.95,0.050000000000000044
2015-08-12,-0.006342122467999375,-0.006446157457279318,0.20806997855988502,0.00010403498927994251,5,0.8419300214401148,0.15806997855988525
2015-08-13,-0.014217027677983163,-0.0142834329919028,0.13281062783927494,6.640531391963748e-05,5,0.9500000000000001,0.04999999999999993
2015-08-14,0.03214648490761462,0.0321213140538196,0.050341707590030926,2.5170853795015463e-05,5,0.95,0.050000000000000044
2015-08-17,-0.015369977537036205,-0.015388551230855647,0.03714738763888473,1.8573693819442362e-05,5,0.9500000000000001,0.04999999999999993
2015-08-18,-0.0029637920435000766,-0.002979408874718146,0.031233662436138565,1.5616831218069284e-05,5,0.9499999999999998,0.050000000000000155
2015-08-19,-0.033653502011456116,-0.03375142004516928,0.19583606742633733,9.791803371316867e-05,5,0.8541639325736624,0.1458360674263376
2015-08-20,-0.0010817908252345612,-0.001184045078247448,0.20450850602577345,0.00010225425301288672,5,0.9413275614005636,0.05867243859943638
2015-08-21,-0.050556929408504765,-0.05066324616964286,0.2126335222761803,0.00010631676113809015,5,0.8460389163232557,0.15396108367674433
2015-08-24,0.006294659181003029,0.00623291759330924,0.12348317538757703,6.174158769378851e-05,5,0.9500000000000002,0.04999999999999982
2015-08-25,0.023051967386944823,0.023031959316581502,0.040016140726643945,2.0008070363321973e-05,5,0.9499999999999998,0.050000000000000155
2015-08-26,0.03272878686473194,0.03262940173874544,0.1987702519730038,9.93851259865019e-05,5,0.851229748026996,0.14877025197300398
2015-08-27,-0.0005203596516398319,-0.0006226979427420022,0.20467658220434048,0.00010233829110217025,5,0.9440936697686632,0.05590633023133684
2015-08-28,-0.019052355734499184,-0.019234558813007088,0.3644061570158083,0.00018220307850790415,5,0.6915001732155283,0.30849982678447174
2015-08-31,-0.017323763610784998,-0.01745917792179451,0.2708286220190279,0.00013541431100951395,5,0.95,0.050000000000000044
2015-09-01,0.029062707464476156,0.02893756181326518,0.25029130242194525,0.00012514565121097263,5,0.7997086975780543,0.2002913024219457
2015-09-02,-0.022308297204105206,-0.02250003894852604,0.38348348884166344,0.00019174174442083172,5,0.8168078135802816,0.18319218641971835
2015-09-03,0.003147894702760423,0.0030796789263936443,0.13643155273355717,6.821577636677859e-05,5,0.9499999999999998,0.050000000000000155
2015-09-04,0.03185084973750451,0.03183071126980288,0.0402769354032643,2.013846770163215e-05,5,0.95,0.050000000000000044
2015-09-08,-0.031616295792677516,-0.031628713615245475,0.024835645135920237,1.2417822567960118e-05,5,0.95,0.050000000000000044
2015-09-09,0.008812525529826018,0.008780359645095005,0.06433176946202573,3.2165884731012865e-05,5,0.95,0.050000000000000044
2015-09-10,0.006342472697737826,0.0063188557026392575,0.047233990197137615,2.3616995098568808e-05,5,0.9500000000000002,0.04999999999999982
2015-09-11,-0.001381802945727446,-0.0014907658398493754,0.21792578824385903,0.00010896289412192951,5,0.8320742117561405,0.1679257882438595
2015-09-14,0.023426573482869553,0.023239647669146487,0.3738516274461314,0.00018692581372306568,5,0.7940741607977277,0.20592583920227225
2015-09-15,-0.0034274805537859846,-0.0035703742876484167,0.2857874677248644,0.0001428937338624322,5,0.9201383714774074,0.0798616285225926
2015-09-16,0.03090721043685541,0.030877108160832563,0.06020455204569722,3.010227602284861e-05,5,0.9500000000000002,0.04999999999999982
2015-09-17,0.007734187841671104,0.007619880359345757,0.2286149646506942,0.0001143074823253471,5,0.8213850353493055,0.17861496465069449
2015-09-18,-0.024729757708517208,-0.024795598867180097,0.1316823173257784,6.58411586628892e-05,5,0.95,0.050000000000000044
2015-09-21,-0.019629285387283594,-0.019644594797945503,0.030618821323815743,1.5309410661907873e-05,5,0.95,0.050000000000000044
2015-09-22,-0.010475679916359623,-0.010588429899326967,0.22549996593468655,0.00011274998296734328,5,0.8245000340653131,0.17549996593468686
2015-09-23,-0.025246547541703458,-0.02535356495377934,0.2140348241517644,0.0001070174120758822,5,0.9499999999999998,0.050000000000000155
2015-09-24,-0.0408139378145087,-0.040838294907024085,0.048714185030770185,2.4357092515385094e-05,5,0.9500000000000001,0.04999999999999993
2015-09-25,-0.05789255482235217,-0.05790964485042494,0.034180056145538734,1.7090028072769367e-05,5,0.95,0.050000000000000044
2015-09-28,-0.02045233307456391,-0.020469003649846548,0.033341150565272704,1.6670575282636352e-05,5,0.95,0.050000000000000044
2015-09-29,0.01385725063543251,0.01384732449972521,0.019852271414599776,9.926135707299888e-06,5,0.9500000000000001,0.04999999999999993
2015-09-30,0.010594060307941152,0.010582138123264188,0.023844369353929556,1.1922184676964778e-05,5,0.95,0.050000000000000044
2015-10-01,0.022978313643802286,0.02287155528316068,0.21351672128321406,0.00010675836064160703,5,0.8364832787167858,0.16351672128321415
2015-10-02,0.013363717281648521,0.01330364914944344,0.12013626441016514,6.0068132205082576e-05,5,0.9499999999999997,0.050000000000000266
2015-10-05,-0.03900512753206907,-0.039023129280478436,0.036003496818725056,1.8001748409362528e-05,5,0.95,0.050000000000000044
2015-10-06,0.012277076154120006,0.012274104174841283,0.005943958557445256,2.971979278722628e-06,5,0.95,0.050000000000000044
2015-10-07,-0.00063665391584199,-0.0006458504441334159,0.01839305658285184,9.196528291425921e-06,5,0.9500000000000001,0.04999999999999993
2015-10-08,0.014113251854672933,0.01409746552060136,0.031572668143146465,1.578633407157323e-05,5,0.95,0.050000000000000044
2015-10-09,-0.018780035315911478,-0.01881168652902317,0.06330242622338228,3.165121311169114e-05,5,0.95,0.050000000000000044
2015-10-12,-0.02923010744071216,-0.0292456873229603,0.03115976449628155,1.5579882248140776e-05,5,0.95,0.050000000000000044
2015-10-13,-0.0004224794034351307,-0.000425726454651366,0.0064941024324706165,3.247051216235308e-06,5,0.95,0.050000000000000044
2015-10-14,0.05180836669054399,0.05170440578878504,0.20792180351790565,0.00010396090175895283,5,0.8420781964820941,0.15792180351790586
2015-10-15,0.0017919460023934266,0.001680086643607992,0.22371871757086956,0.00011185935878543478,5,0.934203085947036,0.06579691405296395
2015-10-16,-0.00022129207308594604,-0.0003431798658858602,0.24377558559982834,0.00012188779279991417,5,0.8220213284531352,0.17797867154686475
2015-10-19,-0.022938635159240196,-0.02305461777022416,0.23196522196793024,0.00011598261098396512,5,0.9460134495789342,0.053986550421065815
2015-10-20,-0.00660773909031215,-0.006715742044877229,0.21600590913015905,0.00010800295456507953,5,0.8379806412909065,0.16201935870909345
2015-10-21,-0.017173664658158817,-0.01725440198712224,0.16147465792685006,8.073732896342503e-05,5,0.95,0.050000000000000044
2015-10-22,0.022065060081084092,0.021964155717250407,0.20180872766736555,0.00010090436383368278,5,0.8481912723326344,0.15180872766736564
2015-10-23,0.0016424189416840735,0.001576497378772522,0.1318431258231026,6.59215629115513e-05,5,0.9499999999999998,0.050000000000000155
2015-10-26,0.009861806729150324,0.00983950089906613,0.04461166016839019,2.2305830084195093e-05,5,0.95,0.050000000000000044
2015-10-27,0.031986426366096034,0.031804367236089856,0.36411826001235353,0.00018205913000617676,5,0.6858817399876463,0.31411826001235366
2015-10-28,-0.08368899997241272,-0.08382473942716688,0.27147890950833375,0.00013573945475416687,5,0.9500000000000001,0.04999999999999993
2015-10-29,0.0005173790837341608,0.00041303494378215687,0.20868827990400785,0.00010434413995200393,5,0.8413117200959918,0.15868827990400824
2015-10-30,0.05026180492541535,0.050150888772839096,0.22183230515250546,0.00011091615257625273,5,0.9368559747515022,0.06314402524849783
2015-11-02,0.010620461316513683,0.010509397590779825,0.22212745146771726,0.00011106372573385863,5,0.8410165737807801,0.1589834262192199
2015-11-03,-0.0033720872357495663,-0.0034818494175240947,0.21952436354905636,0.00010976218177452818,5,0.9394590626701632,0.060540937329836786
2015-11-04,-0.0038361050950846357,-0.00387132639779871,0.07044260542814795,3.5221302714073975e-05,5,0.95,0.050000000000000044
2015-11-05,-0.002780231879483534,-0.0028929330163014904,0.22540227363591295,0.00011270113681795648,5,0.8245977263640867,0.17540227363591332
2015-11-06,0.004102178227126054,0.004033499676371503,0.13735710150910105,6.867855075455052e-05,5,0.95,0.050000000000000044
2015-11-09,0.02476677984619816,0.024743487788535704,0.046584115324910275,2.3292057662455136e-05,5,0.95,0.050000000000000044
2015-11-10,-0.027735294416362972,-0.027766060932897192,0.061533033068442294,3.076651653422115e-05,5,0.95,0.050000000000000044
2015-11-11,-0.046980198097417845,-0.046994285879665275,0.028175564494862165,1.4087782247431084e-05,5,0.95,0.050000000000000044
2015-11-12,-0.0020719106148282176,-0.0021830364598700337,0.22225169008363216,0.00011112584504181608,5,0.8277483099163674,0.1722516900836326
2015-11-13,0.006627162842023131,0.006554042684433256,0.1462403151797495,7.312015758987475e-05,5,0.95,0.050000000000000044
2015-11-16,0.009012130740605672,0.00889968985510969,0.22488177099196419,0.0001124408854959821,5,0.8251182290080354,0.17488177099196456
2015-11-17,0.010795871907748913,0.010726630148766883,0.1384835179640586,6.924175898202931e-05,5,0.95,0.050000000000000044
2015-11-18,-0.010214545650794271,-0.010323754948935712,0.21841859628288082,0.00010920929814144041,5,0.8315814037171188,0.16841859628288125
2015-11-19,0.01803290097286827,0.01796956305269584,0.12667584034485913,6.333792017242957e-05,5,0.95,0.050000000000000044
2015-11-20,0.028540080576757186,0.02852541180184755,0.02933754981927103,1.4668774909635516e-05,5,0.9500000000000001,0.04999999999999993
2015-11-23,0.006292684904214745,0.006272568676142519,0.04023245614445303,2.0116228072226515e-05,5,0.95,0.050000000000000044
2015-11-24,0.004249021241624794,0.004235945253532111,0.026151976185367215,1.3075988092683608e-05,5,0.9499999999999998,0.050000000000000155
2015-11-25,0.00874090767123194,0.008629088032449123,0.22363927756563456,0.00011181963878281729,5,0.8263607224343652,0.1736392775656348
2015-11-27,-0.028070039691433513,-0.028182591051002848,0.22510271913867042,0.0001125513595693352,5,0.948536558426964,0.05146344157303595
2015-11-30,0.013336255982339004,0.013152990447458785,0.3665310697604355,0.00018326553488021776,5,0.6849323718126001,0.31506762818739986
2015-12-01,-0.010338470641712668,-0.010514298004022465,0.3516547246195937,0.00017582736230979684,5,0.9500000000000001,0.04999999999999993
2015-12-02,-0.022239620647912958,-0.022417132286900444,0.35502327797497063,0.0001775116389874853,5,0.6949767220250289,0.3050232779749711
2015-12-03,0.023127400598436428,0.02297158160390618,0.3116379890604974,0.0001558189945302487,5,0.9499999999999997,0.050000000000000266
2015-12-04,-0.04178296062453316,-0.0418825695202222,0.19921779137807202,9.960889568903601e-05,5,0.8507822086219277,0.14921779137807234
2015-12-07,0.018370923493376018,0.01826765623092518,0.20653452490168037,0.00010326726245084018,5,0.9426832664763916,0.05731673352360844
2015-12-08,-0.040327866074747705,-0.04036003038783649,0.06432862617756546,3.216431308878273e-05,5,0.9500000000000001,0.04999999999999993
2015-12-09,0.02557658149206761,0.025471973623760333,0.20921573661455095,0.00010460786830727548,5,0.8407842633854484,0.15921573661455157
2015-12-10,-0.03308790215046254,-0.03324057469555994,0.30534509019478906,0.00015267254509739454,5,0.8538706464197621,0.14612935358023793
2015-12-11,-0.009394596692747555,-0.00947337524594309,0.15755710639106862,7.877855319553431e-05,5,0.9500000000000001,0.04999999999999993
2015-12-14,0.020265881825345985,0.02024887186911107,0.0340199124698298,1.70099562349149e-05,5,0.9500000000000002,0.04999999999999982
2015-12-15,0.029301189893787112,0.02920504474741138,0.1922902927514682,9.614514637573409e-05,5,0.8577097072485314,0.14229029275146865
2015-12-16,-0.015962459985029865,-0.01611077954055429,0.2966391110488512,0.00014831955552442561,5,0.845651181702617,0.154348818297383
2015-12-17,-0.021572021641610532,-0.021709546141559403,0.2750489998977397,0.00013752449994886985,5,0.8792998183996428,0.12070018160035723
2015-12-18,-0.011044712485740868,-0.011084997822474992,0.08057067346824717,4.028533673412359e-05,5,0.95,0.050000000000000044
2015-12-21,-0.005995726968905025,-0.0061007994458644865,0.21014495391892374,0.00010507247695946188,5,0.8398550460810758,0.16014495391892425
2015-12-22,0.044593090717079176,0.044527748714085644,0.13068400598706162,6.534200299353081e-05,5,0.95,0.050000000000000044
2015-12-23,-0.01336298088629336,-0.01346492462638668,0.20388748018664185,0.00010194374009332093,5,0.8461125198133577,0.15388748018664233
2015-12-24,0.010078765659665236,0.01001657639692498,0.12437852548051131,6.218926274025566e-05,5,0.9499999999999998,0.050000000000000155
2015-12-28,0.021387155397786912,0.02137447096507637,0.0253688654210851,1.268443271054255e-05,5,0.9499999999999998,0.050000000000000155
2015-12-29,-0.01375549305501773,-0.01386015546403424,0.20932481803302055,0.00010466240901651029,5,0.8406751819669789,0.15932481803302112
2015-12-30,-0.009165078105059139,-0.00927669241742217,0.22322862472606214,0.00011161431236303108,5,0.9360961933069583,0.06390380669304174
2015-12-31,-0.01890599101003384,-0.01893434814760131,0.05671427513493918,2.835713756746959e-05,5,0.95,0.050000000000000044
2016-01-04,-0.0017770685777939391,-0.0018911086357566835,0.22808011592548863,0.00011404005796274432,5,0.8219198840745108,0.17808011592548922
2016-01-05,-0.00122221602347722,-0.0013003606666873338,0.15628928642022738,7.814464321011369e-05,5,0.95,0.050000000000000044
2016-01-06,-0.037883707338468624,-0.0379908371696271,0.21425966231694946,0.00010712983115847472,5,0.8357403376830501,0.16425966231694988
2016-01-07,-0.01935277269453789,-0.019539366375622487,0.3731873621691928,0.0001865936810845964,5,0.7910723001477566,0.20892769985224335
2016-01-08,-0.03237561051543982,-0.03253241210820115,0.31360318552266336,0.0001568015927613317,5,0.8953245143295795,0.10467548567042051
2016-01-11,-0.0009176561174622272,-0.0009582544205761936,0.08119660622793287,4.0598303113966435e-05,5,0.95,0.050000000000000044
2016-01-12,-0.06352673867200152,-0.06356719067360964,0.0809040032162382,4.04520016081191e-05,5,0.95,0.050000000000000044
2016-01-13,0.03148752621873301,0.03147853175580685,0.017988925852320342,8.994462926160171e-06,5,0.95,0.050000000000000044
2016-01-14,-0.12196552313342784,-0.12208799345927558,0.2449406516954715,0.00012247032584773574,5,0.8050593483045281,0.19494065169547192
2016-01-15,-0.00694168736153563,-0.0071300433895749755,0.37671205607869135,0.00018835602803934568,5,0.8182285956167801,0.18177140438321993
2016-01-19,0.0054954048048006165,0.005417119900624101,0.1565698083530312,7.82849041765156e-05,5,0.9499999999999997,0.050000000000000266
2016-01-20,-0.037578106198160516,-0.03769502207115254,0.23383174598403597,0.00011691587299201799,5,0.8161682540159636,0.1838317459840364
2016-01-21,0.02616447024851717,0.026044087284205698,0.24076592862294327,0.00012038296431147164,5,0.9430658173610925,0.05693418263890748
2016-01-22,-0.01296054522311568,-0.012988869737425086,0.05664902861881091,2.8324514309405457e-05,5,0.95,0.050000000000000044
2016-01-25,0.007560592729521916,0.007546192251244111,0.028800956555609103,1.4400478277804552e-05,5,0.9499999999999998,0.050000000000000155
2016-01-26,-0.04207663264033645,-0.042085421248853394,0.01757721703388418,8.78860851694209e-06,5,0.95,0.050000000000000044
2016-01-27,-0.01908663735511696,-0.01911905710560038,0.06483950096684055,3.241975048342027e-05,5,0.95,0.050000000000000044
2016-01-28,0.01914287701640579,0.019026078713857572,0.23359660509643315,0.00011679830254821658,5,0.8164033949035665,0.1835966050964335
2016-01-29,0.0040440141204268615,0.0038533224959852517,0.3813832488832193,0.00019069162444160963,5,0.8022133562132139,0.19778664378678612
2016-02-01,-0.031865369395213276,-0.03202564369797835,0.32054860553013964,0.00016027430276506981,5,0.877238038256646,0.12276196174335396
2016-02-02,-0.01748916412792612,-0.0175408738419334,0.10341942801456284,5.170971400728142e-05,5,0.9499999999999998,0.050000000000000155
2016-02-03,0.01884235486596737,0.0188209818352018,0.04274606153113575,2.1373030765567875e-05,5,0.9499999999999998,0.050000000000000155
2016-02-04,-0.06005341672835131,-0.060075619751541104,0.044406046379591,2.2203023189795503e-05,5,0.9499999999999997,0.050000000000000266
2016-02-05,-0.05819828192404075,-0.05831997739517351,0.2433909422655163,0.00012169547113275815,5,0.8066090577344834,0.19339094226551656
2016-02-08,0.007591345504616293,0.007406916431982541,0.3688581452675046,0.00018442907263375232,5,0.8245327969980115,0.17546720300198848
2016-02-09,-0.004032067043993033,-0.0041817475451241745,0.29936100226228424,0.00014968050113114213,5,0.8761062007397039,0.12389379926029609
2016-02-10,0.004437918074193534,0.00437785309039542,0.1201299675962285,6.006498379811425e-05,5,0.95,0.050000000000000044
2016-02-11,0.0036273365434083948,0.003610354134796301,0.03396481722418751,1.6982408612093757e-05,5,0.95,0.050000000000000044
2016-02-12,0.033063246652486236,0.032934591612502825,0.25731007996682376,0.00012865503998341188,5,0.792689920033176,0.20731007996682405
2016-02-16,0.03961667343986102,0.03953626295126805,0.1608209771859287,8.041048859296434e-05,5,0.9499999999999998,0.050000000000000155
2016-02-17,-0.0012922580071403843,-0.0014151835712222253,0.24585112816368215,0.00012292556408184107,5,0.8041488718363176,0.19585112816368244
2016-02-18,0.024508308696766797,0.024297039474387477,0.42253844475864255,0.00021126922237932127,5,0.7733126834050393,0.22668731659496066
2016-02-19,0.03089991061531092,0.03074378964989869,0.31224193082445983,0.0001561209654122299,5,0.9144453857705004,0.08555461422949961
2016-02-22,-0.021610615886336403,-0.021722322218221506,0.2234126637702035,0.00011170633188510175,5,0.8621419504592958,0.13785804954070424
2016-02-23,0.03621240066534226,0.03615030092690373,0.12419947687705027,6.209973843852513e-05,5,0.95,0.050000000000000044
2016-02-24,0.005852697355416088,0.005840610583568089,0.024173543695996114,1.2086771847998056e-05,5,0.9500000000000001,0.04999999999999993
2016-02-25,-6.17261605730373e-05,-0.0001784792331449396,0.23350614514380458,0.00011675307257190229,5,0.816493854856195,0.18350614514380503
2016-02-26,0.010608104715465333,0.010529150935682586,0.15790755956549213,7.895377978274607e-05,5,0.9499999999999998,0.050000000000000155
2016-02-29,0.01246847562552696,0.012200108547919452,0.5367341552150156,0.00026836707760750776,5,0.5132658447849843,0.48673415521501573
2016-03-01,0.005166878898644563,0.004904141906929742,0.5254739834296414,0.0002627369917148207,5,0.9499999999999998,0.050000000000000155
2016-03-02,-0.0040054701794910875,-0.004117414364089763,0.2238883691973514,0.0001119441845986757,5,0.8261116308026483,0.17388836919735173
2016-03-03,-0.0062997352079145405,-0.006466922410511042,0.33437440519300266,0.00016718720259650133,5,0.8395139640043487,0.16048603599565125
2016-03-04,0.009209195081610845,0.009137357951321125,0.14367426057944133,7.183713028972066e-05,5,0.95,0.050000000000000044
2016-03-07,-0.004233888176957453,-0.004431176784586003,0.39457721525710043,0.00019728860762855023,5,0.6554227847428992,0.34457721525710083
2016-03-08,0.0008635276449791484,0.0005775975569930788,0.5718601759721392,0.0002859300879860696,5,0.7727170392849613,0.22728296071503873
2016-03-09,-0.0053034051824210095,-0.005562652712413211,0.518495059984403,0.00025924752999220154,5,0.7087879007306354,0.29121209926936464
2016-03-10,-0.004440799309163497,-0.004703952655469182,0.5263066926113708,0.0002631533463056854,5,0.7649054066579937,0.23509459334200633
2016-03-11,0.0022828215394138504,0.0020562349468945637,0.45317318503857296,0.00022658659251928649,5,0.781921408303433,0.21807859169656696
2016-03-14,-0.011638345767972883,-0.011798405700254576,0.3201198645633867,0.00016005993228169335,5,0.8979587271331798,0.10204127286682019
2016-03-15,0.02837314436736694,0.028229496701301003,0.28729533213187364,0.0001436476660659368,5,0.8147459407349461,0.1852540592650539
2016-03-16,0.023697850600261264,0.023558807881617065,0.2780854372883997,0.00013904271864419984,5,0.9071686219766538,0.09283137802334618
2016-03-17,0.007979900426204462,0.007839251443875697,0.2812979646575311,0.00014064898232876556,5,0.8115334133658145,0.18846658663418547
2016-03-18,-0.004900790530864262,-0.004979908147260173,0.15823523279182128,7.911761639591064e-05,5,0.95,0.050000000000000044
2016-03-21,-0.002541281847735064,-0.002667268658732157,0.25197362199418605,0.00012598681099709302,5,0.7980263780058134,0.20197362199418656
2016-03-22,-0.04120458964424411,-0.041328029156826644,0.24687902516506735,0.0001234395125825337,5,0.9500000000000002,0.04999999999999982
2016-03-23,-0.005525534691718288,-0.0056546521896351926,0.25823499583380827,0.00012911749791690415,5,0.7917650041661912,0.20823499583380878
2016-03-24,0.0006930972450430121,0.0004991089653480604,0.3879765593899033,0.00019398827969495163,5,0.8202584364439051,0.17974156355609494
2016-03-28,0.030420933012616454,0.030356062230838407,0.1297415635560949,6.487078177804744e-05,5,0.9499999999999998,0.050000000000000155
2016-03-29,-0.010407056099608144,-0.010527373633630594,0.24063506804489843,0.00012031753402244922,5,0.8093649319551011,0.19063506804489894
2016-03-30,-0.011377124038950078,-0.011560170062814535,0.3660920477289121,0.00018304602386445603,5,0.8245430203159865,0.17545697968401353
2016-03-31,0.007837478516298393,0.007759739891141648,0.15547725031349055,7.773862515674528e-05,5,0.95,0.050000000000000044
2016-04-01,-0.03437815493427473,-0.03448577746545292,0.21524506235638616,0.00010762253117819309,5,0.8347549376436136,0.16524506235638636
2016-04-04,0.008890563611153696,0.00881206338166285,0.15700045898169007,7.850022949084504e-05,5,0.95,0.050000000000000044
2016-04-05,0.00761245361501194,0.007497751948045332,0.22940333393321605,0.00011470166696660803,5,0.8205966660667837,0.17940333393321628
2016-04-06,0.0049261715613874765,0.004754904902208531,0.3425333183578907,0.00017126665917894534,5,0.8368700155753253,0.16312998442467475
2016-04-07,0.008062654165460297,0.007984914576293394,0.15547917833380764,7.773958916690382e-05,5,0.9499999999999998,0.050000000000000155
2016-04-08,0.028943252384235316,0.028922852071878835,0.04080062471296428,2.040031235648214e-05,5,0.9499999999999998,0.050000000000000155
2016-04-11,0.0056922814876450255,0.005661700129328057,0.06116271663393691,3.058135831696845e-05,5,0.95,0.050000000000000044
2016-04-12,-0.003988565969053397,-0.004028040551757559,0.07894916540832386,3.947458270416193e-05,5,0.95,0.050000000000000044
2016-04-13,-0.002804534214573304,-0.00283239852737974,0.05572862561287181,2.7864312806435908e-05,5,0.95,0.050000000000000044
2016-04-14,0.004001241778767069,0.003979897045581087,0.042689466371963386,2.1344733185981692e-05,5,0.9500000000000001,0.04999999999999993
2016-04-15,0.006966979427916058,0.006951043300571414,0.03187225468928945,1.5936127344644725e-05,5,0.9500000000000002,0.04999999999999982
2016-04-18,0.019651164245996135,0.019609361354256276,0.08360578347971623,4.1802891739858114e-05,5,0.95,0.050000000000000044
2016-04-19,-0.010873498925480094,-0.010889599254890999,0.03220065882180903,1.6100329410904517e-05,5,0.95,0.050000000000000044
2016-04-20,-0.007900061323490888,-0.007918483418039144,0.03684418909651091,1.8422094548255456e-05,5,0.9499999999999998,0.050000000000000155
2016-04-21,-0.01691502547731159,-0.01693211803993221,0.03418512524123918,1.709256262061959e-05,5,0.95,0.050000000000000044
2016-04-22,0.0013561788255329744,0.0012253726112363438,0.26161242859326117,0.0001308062142966306,5,0.7883875714067384,0.21161242859326157
2016-04-25,-0.0044507883617580166,-0.0045741735192060175,0.2467703148960021,0.00012338515744800106,5,0.95,0.050000000000000044
2016-04-26,0.009576630419725807,0.009550349010064187,0.05256281932324114,2.628140966162057e-05,5,0.95,0.050000000000000044
2016-04-27,0.0004632630404938434,0.00044224939058765616,0.04202729981237449,2.1013649906187247e-05,5,0.95,0.050000000000000044
2016-04-28,-0.013499816152450194,-0.013524712519509001,0.04979273411761509,2.4896367058807547e-05,5,0.95,0.050000000000000044
2016-04-29,0.01901983742868043,0.018909492395762364,0.22069006583613204,0.00011034503291806602,5,0.8293099341638677,0.17069006583613233
2016-05-02,0.004504108774537013,0.004429780837227324,0.14865587461937757,7.432793730968879e-05,5,0.95,0.050000000000000044
2016-05-03,-0.006831114504334207,-0.00694416082263231,0.22609263659620502,0.0001130463182981025,5,0.8239073634037947,0.17609263659620533
2016-05-04,0.016112746881641975,0.015929972963571775,0.36554783614039926,0.00018277391807019962,5,0.8105448004558057,0.18945519954419432
2016-05-05,-0.0027032157184318202,-0.002845762430943137,0.2850934250226336,0.00014254671251131678,5,0.9043617745215604,0.09563822547843959
2016-05-06,-0.03463950415990791,-0.03484875356899969,0.4184988181835658,0.0002092494090917829,5,0.6771394072948735,0.32286059270512646
2016-05-09,0.046010146887390795,0.045772332584236186,0.4756286063092132,0.00023781430315460663,5,0.8472319863959131,0.15276801360408687
2016-05-10,0.013901248837107446,0.013757549098526814,0.2873994771612625,0.00014369973858063126,5,0.8653685364428243,0.1346314635571757
2016-05-11,-0.017399286181780334,-0.01744186013684972,0.08514791013877249,4.257395506938624e-05,5,0.95,0.050000000000000044
2016-05-12,-0.0009198704026180272,-0.0010348994466742511,0.23005808811244774,0.00011502904405622388,5,0.8199419118875522,0.18005808811244783
2016-05-13,0.006806116626444812,0.00669251848271969,0.2271962874502436,0.0001135981437251218,5,0.95,0.050000000000000044
2016-05-16,0.022287818866955078,0.02227137840315251,0.032880927605136306,1.6440463802568154e-05,5,0.9499999999999998,0.050000000000000155
2016-05-17,-0.05996017628976532,-0.06006364723932115,0.20694189911166816,0.00010347094955583408,5,0.8430581008883319,0.15694189911166812
2016-05-18,0.00039092373490613556,0.00029927588734502097,0.18329569512222915,9.164784756111458e-05,5,0.9500000000000001,0.04999999999999993
2016-05-19,-3.8986966773291816e-05,-5.794608444022848e-05,0.03791823533387334,1.895911766693667e-05,5,0.95,0.050000000000000044
2016-05-20,-0.001955680303987179,-0.0020733109238798004,0.2352612397852426,0.00011763061989262131,5,0.8147387602147573,0.18526123978524267
2016-05-23,-0.0552088298984148,-0.05533144932691403,0.24523885699845893,0.00012261942849922948,5,0.9400223827867835,0.05997761721321648
2016-05-24,0.026273261823352434,0.02616415480121884,0.21821404426718627,0.00010910702213359313,5,0.84176357294603,0.15823642705397
2016-05-25,-0.0016264871696658044,-0.0017055890720751071,0.15820380481860544,7.910190240930272e-05,5,0.95,0.050000000000000044
2016-05-26,-0.030460448139219623,-0.030567685869468723,0.21447546049820115,0.00010723773024910059,5,0.8355245395017986,0.1644754604982014
2016-05-27,0.007907946483993712,0.007746211586794998,0.3234697943974284,0.00016173489719871421,5,0.8410056661007728,0.15899433389922724
2016-05-31,0.0009572057040919488,0.0008875694943019706,0.1392724195799565,6.963620978997826e-05,5,0.95,0.050000000000000044
2016-06-01,0.017315132675852888,0.017300361005270302,0.029543341165170017,1.4771670582585008e-05,5,0.9500000000000002,0.04999999999999982
2016-06-02,0.10612692543572844,0.10610317666274263,0.04749754597160591,2.3748772985802953e-05,5,0.95,0.050000000000000044
2016-06-03,0.0031683081783682766,0.0030635877563045645,0.20944084412742395,0.00010472042206371197,5,0.8405591558725759,0.1594408441274241
2016-06-06,-0.014924362168152613,-0.015087825913908613,0.32692749151199785,0.00016346374575599892,5,0.832513352615426,0.16748664738457397
2016-06-07,0.06787380776547057,0.06774733990328798,0.2529357243651917,0.00012646786218259583,5,0.9145509230193821,0.08544907698061788
2016-06-08,0.004680687876186796,0.004553847641633982,0.2536804691056286,0.0001268402345528143,5,0.8317686078749891,0.16823139212501093
2016-06-09,-0.03668389876907239,-0.03675588244109894,0.14396734405310266,7.198367202655133e-05,5,0.95,0.050000000000000044
2016-06-10,0.0006863854479513456,0.0005746820888634635,0.22340671817576402,0.00011170335908788201,5,0.8265932818242356,0.17340671817576436
2016-06-13,-0.02186231736014022,-0.021943771676737743,0.1629086331950502,8.14543165975251e-05,5,0.9500000000000001,0.04999999999999993
2016-06-14,0.05011336796533973,0.05008847375994146,0.04978841079654858,2.4894205398274292e-05,5,0.95,0.050000000000000044
2016-06-15,-0.03333367947493068,-0.03334893349692386,0.030508043986348155,1.5254021993174077e-05,5,0.9500000000000001,0.04999999999999993
2016-06-16,0.0013529718210641584,0.0013187357471879872,0.06847214775234237,3.423607387617118e-05,5,0.95,0.050000000000000044
2016-06-17,0.007177991133712248,0.007070943042365521,0.2140961826934535,0.00010704809134672675,5,0.8359038173065463,0.16409618269345372
2016-06-20,-0.02889430925977459,-0.029002322897973234,0.21602727639728728,0.00010801363819864364,5,0.9480689062961664,0.05193109370383364
2016-06-21,0.024584058664478926,0.02457497752856603,0.018162271825790804,9.081135912895403e-06,5,0.95,0.050000000000000044
2016-06-22,-0.001934466729126472,-0.0019524904904439115,0.036047522634878815,1.802376131743941e-05,5,0.95,0.050000000000000044
2016-06-23,0.043159673532790425,0.043043721994855025,0.23190307587079528,0.00011595153793539764,5,0.8180969241292047,0.18190307587079535
2016-06-24,-0.00845185606728503,-0.00856332902442819,0.2229459142863179,0.00011147295714315895,5,0.9499999999999997,0.050000000000000266
2016-06-27,-0.006527300301236395,-0.006634824660323311,0.21504871817383164,0.00010752435908691582,5,0.8349512818261683,0.1650487181738317
2016-06-28,0.03414459699646201,0.03407626227095811,0.13666945100779218,6.83347255038961e-05,5,0.9499999999999998,0.050000000000000155
2016-06-29,0.010514308942160927,0.010505695886048631,0.01722611222459397,8.613056112296986e-06,5,0.95,0.050000000000000044
2016-06-30,0.05779653099210616,0.05778517993740001,0.022702109412296168,1.1351054706148085e-05,5,0.95,0.050000000000000044
2016-07-01,0.01806354568671663,0.017955463390319688,0.2161645927938815,0.00010808229639694075,5,0.8338354072061183,0.16616459279388174
2016-07-05,0.028091151354158045,0.027922179053698065,0.3379446009199563,0.00016897230045997817,5,0.8282199918739253,0.17178000812607475
2016-07-06,-0.034549380956292224,-0.034681079243371306,0.26339657415815765,0.00013169828707907882,5,0.908383433967917,0.09161656603208301
2016-07-07,0.04737067628192455,0.04726310668222328,0.2151391994025404,0.0001075695997012702,5,0.8764773666295423,0.12352263337045766
2016-07-08,0.013340891423494821,0.013153479662052462,0.37482352288471826,0.00018741176144235913,5,0.7486991104857392,0.2513008895142608
2016-07-11,-0.03320705784439161,-0.03336275543328545,0.3113951777876751,0.00015569758889383755,5,0.9399057117265855,0.06009428827341445
2016-07-12,0.04215813272409938,0.04204564681383243,0.22497182053389383,0.00011248591026694692,5,0.8351224677395204,0.16487753226047963
2016-07-13,0.009221768975918329,0.009058865927906534,0.32580609602359106,0.00016290304801179554,5,0.8390714362368883,0.1609285637631117
2016-07-14,-0.003965695463410895,-0.004021159745292451,0.11092856376311155,5.546428188155578e-05,5,0.9499999999999997,0.050000000000000266
2016-07-15,0.010883107004168445,0.010701796903373108,0.36262020159067243,0.00018131010079533623,5,0.6873797984093274,0.3126202015906726
2016-07-18,-0.017287868006331666,-0.01744888013384083,0.322024255018333,0.00016101212750916648,5,0.95,0.050000000000000044
2016-07-19,-0.06514733997747311,-0.06515739073304361,0.020101511140997702,1.005075557049885e-05,5,0.95,0.050000000000000044
2016-07-20,0.03878057786411876,0.0387664961574262,0.02816341338511441,1.4081706692557205e-05,5,0.9499999999999997,0.050000000000000266
2016-07-21,0.007337763015499157,0.007327469114292707,0.020587802412900924,1.0293901206450462e-05,5,0.9499999999999998,0.050000000000000155
2016-07-22,-0.03642889960512408,-0.0365345962389657,0.21139326768324215,0.00010569663384162107,5,0.8386067323167576,0.16139326768324236
2016-07-25,0.03904074289427152,0.038930237558806195,0.22101067093064947,0.00011050533546532474,5,0.9403825967525927,0.059617403247407275
2016-07-26,0.041665419707045945,0.041646536970800195,0.03776547249150233,1.8882736245751166e-05,5,0.9499999999999997,0.050000000000000266
2016-07-27,0.009953037275333644,0.009848632535132636,0.20880948040201866,0.00010440474020100933,5,0.8411905195979814,0.1588094804020186
2016-07-28,0.026972091273722985,0.02690864516680298,0.12689221384001426,6.344610692000712e-05,5,0.9499999999999998,0.050000000000000155
2016-07-29,0.01623239157336766,0.016219276396585484,0.026230353564355657,1.3115176782177829e-05,5,0.9500000000000001,0.04999999999999993
2016-08-01,0.015671526008927683,0.01564272716450363,0.05759768884810365,2.8798844424051825e-05,5,0.9499999999999998,0.050000000000000155
2016-08-02,-0.0013808992174599573,-0.0014838765224609142,0.20595461000191384,0.00010297730500095692,5,0.844045389998086,0.15595461000191402
2016-08-03,0.020339566063794768,0.020234695141864188,0.20974184386115852,0.00010487092193057926,5,0.9462127661407552,0.053787233859244776
2016-08-04,-0.026769091297652113,-0.02678759841324871,0.037014231193192415,1.8507115596596207e-05,5,0.95,0.050000000000000044
2016-08-05,0.012835271348959853,0.01272966775322256,0.21120719147458428,0.00010560359573729214,5,0.8387928085254156,0.1612071914745844
2016-08-08,0.009996233425066222,0.009770833495612665,0.4507998589071144,0.00022539992945355718,5,0.7104073325674698,0.2895926674325302
2016-08-09,-0.003300761960791973,-0.0034734952637560153,0.34546660592808437,0.0001727333029640422,5,0.9441260615044456,0.05587393849555444
2016-08-10,-0.0004187936419946087,-0.0005316569436772943,0.22572660336537123,0.00011286330168268562,5,0.8301473351301828,0.1698526648698172
2016-08-11,-0.016026072844767803,-0.016188941550746083,0.3257374119565588,0.0001628687059782794,5,0.8441152529132578,0.15588474708674216
2016-08-12,0.002819467606423989,0.0026825933234032474,0.27374856604148357,0.0001368742830207418,5,0.8821361810452581,0.11786381895474185
2016-08-15,-0.017487324223925592,-0.01760155862256393,0.22846879727667863,0.00011423439863833932,5,0.889395021678063,0.11060497832193705
2016-08-16,-0.02234770456170413,-0.022459943312030283,0.22447750065230548,0.00011223875032615275,5,0.8861274776696313,0.11387252233036871
2016-08-17,0.0008280130889311158,0.0007167636378888067,0.22249890208461823,0.00011124945104230911,5,0.8913736202457501,0.10862637975424994
2016-08-18,-0.021500485753440372,-0.021635227418339693,0.26948332979864403,0.00013474166489932203,5,0.8391430499556055,0.1608569500443945
2016-08-19,-0.030047114231744363,-0.03018012692709126,0.266025390693791,0.0001330126953468955,5,0.8948315593506031,0.1051684406493969
2016-08-22,-0.00915013930991989,-0.009188815044015879,0.07735146819197754,3.867573409598877e-05,5,0.9500000000000001,0.04999999999999993
2016-08-23,-0.05466096783718889,-0.05468581964571741,0.04970361705702897,2.4851808528514485e-05,5,0.9500000000000001,0.04999999999999993
2016-08-24,0.016857774027954322,0.01683882555725105,0.037896941406543955,1.894847070327198e-05,5,0.9499999999999998,0.050000000000000155
2016-08-25,0.014959280961169774,0.014923275470461989,0.07201098141557097,3.6005490707785486e-05,5,0.9500000000000001,0.04999999999999993
2016-08-26,0.014782817726302352,0.014773062762541077,0.019509927522550374,9.754963761275187e-06,5,0.9499999999999998,0.050000000000000155
2016-08-29,-0.025154359701853826,-0.025170823925499273,0.03292844729089214,1.6464223645446072e-05,5,0.9500000000000001,0.04999999999999993
2016-08-30,-0.0064592523185294255,-0.00656258927069506,0.20667390433126803,0.00010333695216563402,5,0.8433260956687316,0.15667390433126838
2016-08-31,0.008458931348065312,0.00839288741513528,0.1320878658600634,6.604393293003171e-05,5,0.95,0.050000000000000044
2016-09-01,0.03219280464774516,0.0321817904184364,0.022028458617527724,1.1014229308763863e-05,5,0.9500000000000001,0.04999999999999993
2016-09-02,0.04573293738784972,0.04563053594799432,0.20480287971078895,0.00010240143985539448,5,0.8451971202892108,0.1548028797107892
2016-09-06,-0.005981473357065243,-0.0061289772469598144,0.29500777978914255,0.00014750388989457128,5,0.8597950999216465,0.1402049000783535
2016-09-07,-0.010972682469905555,-0.01102703732154104,0.10870970327097186,5.435485163548593e-05,5,0.9499999999999998,0.050000000000000155
2016-09-08,-0.06577882668169809,-0.06588242817994604,0.20720299649589485,0.00010360149824794743,5,0.8427970035041049,0.1572029964958951
2016-09-09,-0.00013129333578456545,-0.00027983453336454726,0.2970823951599636,0.0001485411975799818,5,0.8601206013359312,0.13987939866406884
2016-09-12,-0.05813144421250992,-0.05817733465912621,0.09178089323258025,4.589044661629012e-05,5,0.95,0.050000000000000044
2016-09-13,0.001950762230081615,0.0018541062999772654,0.19331186020869906,9.665593010434953e-05,5,0.8566881397913008,0.14331186020869924
2016-09-14,0.011185807041212508,0.011031897382221855,0.3078193179813064,0.0001539096589906532,5,0.8354925422273927,0.16450745777260734
2016-09-15,-0.013514024645193688,-0.013571278374079992,0.11450745777260729,5.7253728886303645e-05,5,0.95,0.050000000000000044
2016-09-16,-0.0012199577459779463,-0.0013256381116776292,0.21136073139936598,0.000105680365699683,5,0.8386392686006339,0.16136073139936613
2016-09-19,0.009528260194324643,0.009340409277737827,0.3757018331736344,0.00018785091658681723,5,0.7856588982257314,0.21434110177426857
2016-09-20,0.03446926607915394,0.03435627528952884,0.2259815792502069,0.00011299078962510345,5,0.9499999999999997,0.050000000000000266
2016-09-21,-0.006202834972647241,-0.00621645599615826,0.027242047022038113,1.3621023511019057e-05,5,0.9499999999999998,0.050000000000000155
2016-09-22,-0.016229099284708014,-0.016341774304079373,0.2253500387427179,0.00011267501937135894,5,0.8246499612572821,0.17535003874271793
2016-09-23,-0.016848109987587595,-0.0170455603644679,0.39490075376061423,0.00019745037688030713,5,0.7804492849821034,0.21955071501789658
2016-09-26,0.00547890650679049,0.005394131149281542,0.1695507150178966,8.47753575089483e-05,5,0.9500000000000001,0.04999999999999993
2016-09-27,0.021491142625485952,0.021470021035228187,0.04224318051553147,2.1121590257765736e-05,5,0.9499999999999998,0.050000000000000155
2016-09-28,-0.012271897729303961,-0.012386955963052945,0.23011646749796502,0.00011505823374898251,5,0.8198835325020349,0.18011646749796506
2016-09-29,0.0010628647321683296,0.0009303526675034304,0.2650241293297983,0.00013251206466489916,5,0.9150923381681666,0.0849076618318334
2016-09-30,0.00547303872837443,0.005422591311644412,0.10089483346003558,5.044741673001779e-05,5,0.9500000000000002,0.04999999999999982
2016-10-03,-0.005160787643862229,-0.005181598614311988,0.0416219408995179,2.081097044975895e-05,5,0.95,0.050000000000000044
2016-10-04,-0.0097030089093694,-0.009832134218667712,0.25825061859662357,0.0001291253092983118,5,0.7917493814033765,0.20825061859662353
2016-10-05,0.012025662226708506,0.011909531280101871,0.2322618932132686,0.0001161309466066343,5,0.95,0.050000000000000044
2016-10-06,0.009522402843783874,0.00941424168795816,0.21632231165143004,0.00010816115582571503,5,0.8336776883485698,0.1663223116514302
2016-10-07,0.02884944898808218,0.028693179979459242,0.3125380172458697,0.00015626900862293486,5,0.8537842944055603,0.14621570559443975
2016-10-10,-0.016381806927060944,-0.01647880789130076,0.19400192847962938,9.700096423981469e-05,5,0.9500000000000001,0.04999999999999993
2016-10-11,0.000640212334688188,0.0006226266277267247,0.03517141392292658,1.758570696146329e-05,5,0.9500000000000001,0.04999999999999993
2016-10-12,0.005344370407395412,0.005322279679186196,0.04418145641843224,2.209072820921612e-05,5,0.9500000000000002,0.04999999999999982
2016-10-13,-0.008731192845901145,-0.008752712823223664,0.04303995464503904,2.1519977322519522e-05,5,0.95,0.050000000000000044
2016-10-14,0.004528527905528583,0.004502311724749707,0.05243236155775219,2.6216180778876096e-05,5,0.95,0.050000000000000044
2016-10-17,0.029966140296234095,0.029937393192932,0.05749420660419069,2.8747103302095347e-05,5,0.9500000000000001,0.04999999999999993
2016-10-18,0.030334389292618606,0.030223973786361415,0.22083101251437984,0.00011041550625718992,5,0.82916898748562,0.17083101251438004
2016-10-19,0.012409694286594284,0.012239907533821901,0.3395735055447661,0.00016978675277238306,5,0.8312575069696138,0.16874249303038624
2016-10-20,0.009516136027051996,0.009329166972424252,0.37393810925548776,0.0001869690546277439,5,0.7948043837748984,0.20519561622510163
2016-10-21,-9.757729529324993e-05,-0.0002545727980541822,0.3139910055218646,0.0001569955027609323,5,0.891204610703237,0.10879538929676302
2016-10-24,-0.001233639262914735,-0.0012808230592879686,0.09436759274646712,4.7183796373233565e-05,5,0.95,0.050000000000000044
2016-10-25,-0.017868691213103857,-0.01788223739739396,0.027092368580204612,1.3546184290102307e-05,5,0.95,0.050000000000000044
2016-10-26,-0.031838218008308536,-0.03195534307830157,0.23425013998606647,0.00011712506999303323,5,0.8157498600139336,0.18425013998606643
2016-10-27,0.0038831132022660686,0.0037701586419623435,0.22590912060744983,0.00011295456030372492,5,0.95,0.050000000000000044
2016-10-28,0.010553313750861328,0.010529135098904964,0.04835730391272548,2.417865195636274e-05,5,0.9499999999999997,0.050000000000000266
2016-10-31,-0.011284990372148005,-0.01135517181276012,0.14036288122422952,7.018144061211476e-05,5,0.9096371187757704,0.09036288122422964
2016-11-01,-0.07253361028586944,-0.07256447408464009,0.06172759754130945,3.086379877065473e-05,5,0.95,0.050000000000000044
2016-11-02,-0.04820378051621666,-0.04831171250813053,0.215863983827744,0.000107931991913872,5,0.834136016172256,0.16586398382774403
2016-11-03,0.056598931076196776,0.056479783955465275,0.2382942414630001,0.00011914712073150005,5,0.9275697423647438,0.07243025763525623
2016-11-04,-0.009532577155265478,-0.009545714944724375,0.026275578917796014,1.3137789458898007e-05,5,0.9499999999999998,0.050000000000000155
2016-11-07,-0.01148225096086758,-0.011592110264961293,0.2197186081874284,0.00010985930409371419,5,0.8302813918125715,0.16971860818742845
2016-11-08,0.006017085550987328,0.005865008935370978,0.3041532312326993,0.00015207661561634963,5,0.865565376954729,0.13443462304527098
2016-11-09,-0.04909291927152447,-0.04915460216145553,0.12336577986211954,6.168288993105978e-05,5,0.95,0.050000000000000044
2016-11-10,-0.022461673348350593,-0.0225154478006493,0.10754890459741696,5.377445229870848e-05,5,0.9424510954025828,0.05754890459741724
2016-11-11,-0.016872345451968092,-0.016906207274626366,0.06772364531655067,3.3861822658275336e-05,5,0.9499999999999998,0.050000000000000155
2016-11-14,0.03629809639777336,0.03627660676865124,0.04297925824423246,2.148962912211623e-05,5,0.95,0.050000000000000044
2016-11-15,-0.0010422836733088568,-0.0010566042862784467,0.028641225939179865,1.4320612969589934e-05,5,0.9499999999999997,0.050000000000000266
2016-11-16,0.0022454696505602376,0.0021351442279881195,0.2206508451442361,0.00011032542257211806,5,0.8293491548557639,0.17065084514423612
2016-11-17,0.0006031278452369028,0.0005113293077510356,0.18359707497173428,9.179853748586714e-05,5,0.9499999999999998,0.050000000000000155
2016-11-18,0.04266085021856182,0.04254916310297316,0.22337423117731914,0.00011168711558865958,5,0.8266257688226808,0.1733742311773192
2016-11-21,0.08580472356004476,0.08567567318397534,0.2581007521388413,0.00012905037606942066,5,0.9152734790384778,0.08472652096152222
2016-11-22,-0.01781342537534503,-0.01789277345517206,0.1586961596540612,7.93480798270306e-05,5,0.926030361307461,0.07396963869253903
2016-11-23,0.015652673153215706,0.0155768407758394,0.15166475475261426,7.583237737630713e-05,5,0.9223048839399246,0.0776951160600754
2016-11-25,-0.001219619599631208,-0.0013644215871103046,0.2896039749581928,0.0001448019874790964,5,0.7880911411018823,0.21190885889811772
2016-11-28,-0.004157101110540954,-0.004287679423413069,0.2611566257442307,0.00013057831287211535,5,0.9500000000000001,0.04999999999999993
2016-11-29,-0.0013690865501069264,-0.0014834122800744633,0.22865145993507383,0.00011432572996753691,5,0.8213485400649259,0.17865145993507414
2016-11-30,-0.0507301922927046,-0.05089931664972578,0.33824871404236084,0.00016912435702118043,5,0.840402745892713,0.15959725410728698
2016-12-01,0.00655944112278398,0.006424115004788977,0.27065223599000676,0.00013532611799500337,5,0.88894501811728,0.11105498188272
2016-12-02,0.016161472409570863,0.016024983606863833,0.27297760541405736,0.00013648880270702868,5,0.8380773764686624,0.16192262353133757
2016-12-05,0.021480739359540937,0.021319767825041976,0.32194306899792535,0.00016097153449896268,5,0.8399795545334121,0.1600204454665879
2016-12-06,0.034789731127272676,0.034734720904539385,0.11002044546658789,5.501022273329394e-05,5,0.9499999999999998,0.050000000000000155
2016-12-07,-0.01174871779254205,-0.011855198455903269,0.2129613267224382,0.0001064806633612191,5,0.8370386732775618,0.16296132672243824
2016-12-08,-0.055317928299199626,-0.055378507101769225,0.12115760513919885,6.0578802569599424e-05,5,0.95,0.050000000000000044
2016-12-09,0.030055564547186282,0.029985220440168294,0.14068821403597934,7.034410701798967e-05,5,0.9093117859640204,0.0906882140359796
2016-12-12,-0.04387559895549943,-0.04400597282801158,0.2607477450242995,0.00013037387251214975,5,0.8299404690116797,0.17005953098832027
2016-12-13,-0.02783986812025747,-0.027904556387157785,0.12937653380063235,6.468826690031618e-05,5,0.9499999999999997,0.050000000000000266
2016-12-14,0.02443080336077301,0.024315108563467497,0.23138959461102573,0.00011569479730551287,5,0.8186104053889741,0.18138959461102588
2016-12-15,-0.02115669158295563,-0.02122238638026114,0.13138959461102573,6.569479730551287e-05,5,0.9499999999999998,0.050000000000000155
2016-12-16,-0.020615364769821017,-0.020633622594159948,0.03651564867786286,1.825782433893143e-05,5,0.9500000000000001,0.04999999999999993
2016-12-19,0.008797892768449816,0.008742635173243774,0.11051519041208357,5.525759520604179e-05,5,0.9394848095879161,0.060515190412083864
2016-12-20,-0.0026270141580056186,-0.0026492449612534686,0.044461606495699774,2.2230803247849886e-05,5,0.95,0.050000000000000044
2016-12-21,-0.03305733247357202,-0.03307519376291144,0.03572257867884837,1.7861289339424186e-05,5,0.95,0.050000000000000044
2016-12-22,-0.008429448824622343,-0.008460423237571077,0.06194882589746917,3.0974412948734586e-05,5,0.95,0.050000000000000044
2016-12-23,0.001409918516143604,0.0013049987153858492,0.2098396015155095,0.00010491980075775476,5,0.8401603984844901,0.1598396015155099
2016-12-27,0.01052173475468824,0.010410383983684095,0.22270154200828957,0.00011135077100414479,5,0.93713805950722,0.06286194049278004
2016-12-28,-0.015750105244539958,-0.0158595262985821,0.21884210808428078,0.0001094210540421404,5,0.8440198324084989,0.15598016759150113
2016-12-29,-0.01855164133519193,-0.018633003354829134,0.16272403927440512,8.136201963720256e-05,5,0.9499999999999998,0.050000000000000155
2016-12-30,0.010749121043791431,0.010634617782802233,0.2290065219783944,0.00011450326098919721,5,0.8209934780216053,0.17900652197839473
2017-01-03,0.009245818388757866,0.009174247849666617,0.14314107818249636,7.157053909124818e-05,5,0.95,0.050000000000000044
2017-01-04,0.003039997820422086,0.0029361590070954976,0.20767762665317746,0.00010383881332658873,5,0.8423223733468223,0.15767762665317775
2017-01-05,-0.015936054657880463,-0.016004791003533407,0.1374726913058873,6.873634565294365e-05,5,0.95,0.050000000000000044
2017-01-06,-0.00804067642380131,-0.008057397151345465,0.03344145508830876,1.672072754415438e-05,5,0.9500000000000002,0.04999999999999982
2017-01-09,0.04713869008258543,0.04712242780117785,0.032524562815162805,1.6262281407581402e-05,5,0.95,0.050000000000000044
2017-01-10,0.0393677423255473,0.03925148844020814,0.23250777067832454,0.00011625388533916227,5,0.8174922293216752,0.1825077706783248
2017-01-11,0.005242314559047591,0.005121457971192574,0.24171317571003473,0.00012085658785501736,5,0.9407945949682898,0.059205405031710234
2017-01-12,0.013350398514175594,0.0132391991223209,0.2223987837093882,0.00011119939185469411,5,0.8368066213223216,0.16319337867767836
2017-01-13,-0.00941609839858392,-0.009532681661221027,0.23316652527421358,0.0001165832626371068,5,0.9300268534034644,0.06997314659653564
2017-01-17,-0.004767742312653594,-0.0047925339421048645,0.049583258902541144,2.4791629451270573e-05,5,0.95,0.050000000000000044
2017-01-18,-0.016064905310104467,-0.016185307611449533,0.2408046026901346,0.0001204023013450673,5,0.8091953973098651,0.19080460269013488
2017-01-19,-0.0077520881188846286,-0.007957984659139846,0.41179308051043706,0.00020589654025521853,5,0.7790115221796974,0.22098847782030262
2017-01-20,0.007949789393768378,0.0077391479726861175,0.4212828421645208,0.0002106414210822604,5,0.7997056356557812,0.20029436434421877
2017-01-23,0.03942565380128394,0.03926744325538746,0.3164210917929585,0.00015821054589647927,5,0.8838732725512597,0.11612672744874031
2017-01-24,-0.009324889186774122,-0.00945484454210128,0.2599107106543166,0.0001299553553271583,5,0.8562160167944233,0.14378398320557673
2017-01-25,-0.008810069153028427,-0.00893994620206009,0.2597540980633255,0.00012987704903166274,5,0.8840298851422509,0.11597011485774911
2017-01-26,0.0014441379446780778,0.0012985498120756918,0.2911762652047721,0.00014558813260238604,5,0.8247938496529768,0.17520615034702325
2017-01-27,-0.026414118770758187,-0.026488403660992556,0.14856978046873698,7.428489023436849e-05,5,0.95,0.050000000000000044
2017-01-30,-0.0014609576956383199,-0.0014773882973390683,0.03286120340149706,1.6430601700748532e-05,5,0.95,0.050000000000000044
2017-01-31,0.03975870161669644,0.039549576267951234,0.41825069749040866,0.00020912534874520435,5,0.631749302509591,0.36825069749040895
2017-02-01,0.011451282508855017,0.011278444331761981,0.3456763541860726,0.0001728381770930363,5,0.9500000000000001,0.04999999999999993
2017-02-02,-0.008038692396389302,-0.00815972449667238,0.24206420056615896,0.00012103210028307948,5,0.8079357994338408,0.19206420056615925
2017-02-03,0.020647040427010727,0.02045320639980744,0.3876680544065786,0.0001938340272032893,5,0.8043961461595804,0.19560385384041956
2017-02-06,-0.011769017826791997,-0.011841819753712207,0.14560385384041952,7.280192692020976e-05,5,0.9499999999999998,0.050000000000000155
2017-02-07,0.006642977898493727,0.006523812339491193,0.23833111800506773,0.00011916555900253387,5,0.811668881994932,0.18833111800506797
2017-02-08,-0.003718068645659223,-0.003840146632119872,0.24415597292129804,0.000122077986460649,5,0.9441751450837697,0.05582485491623035
2017-02-09,0.012983136305620948,0.01286012265862836,0.2460272939851775,0.00012301364699258876,5,0.8097975609310526,0.1902024390689474
2017-02-10,0.01751742290399698,0.017414438249057664,0.2059693098786309,0.00010298465493931546,5,0.95,0.050000000000000044
2017-02-13,-0.019232092524919468,-0.019390731632779476,0.31727821572001486,0.00015863910786000743,5,0.7327217842799848,0.2672782157200152
2017-02-14,-0.01101216032848549,-0.011151255561339533,0.27819046570808326,0.00013909523285404163,5,0.95,0.050000000000000044
2017-02-15,-0.024654318794190694,-0.024751479924166597,0.1943222599518076,9.71611299759038e-05,5,0.8556777400481923,0.1443222599518077
2017-02-16,0.0008526250398024544,0.0006784360179116148,0.348378043781679,0.0001741890218908395,5,0.7959442161701286,0.20405578382987144
2017-02-17,-0.008902398023125728,-0.008985073496440005,0.16535094662855587,8.267547331427794e-05,5,0.95,0.050000000000000044
2017-02-21,0.010355941791582142,0.010347354463609558,0.01717465594516912,8.58732797258456e-06,5,0.9500000000000002,0.04999999999999982
2017-02-22,0.0036361504682734993,0.003548513862189426,0.17527321216814645,8.763660608407323e-05,5,0.8747267878318532,0.1252732121681468
2017-02-23,-0.03519767828650482,-0.03523819268270312,0.08102879239658893,4.051439619829447e-05,5,0.95,0.050000000000000044
2017-02-24,-0.022672556373196092,-0.022675805023598172,0.0064973008041600555,3.248650402080028e-06,5,0.95,0.050000000000000044
2017-02-27,-0.014877788713222085,-0.014879680441996952,0.0037834575497346645,1.8917287748673323e-06,5,0.95,0.050000000000000044
2017-02-28,0.04521563253508135,0.045132400443468355,0.1664641832259898,8.32320916129949e-05,5,0.88353581677401,0.11646418322598995
2017-03-01,-0.049080824983667476,-0.049115809054961095,0.06996814258723921,3.4984071293619604e-05,5,0.95,0.050000000000000044
2017-03-02,0.004399961053392716,0.004270336833421139,0.2592484399431526,0.0001296242199715763,5,0.7907515600568471,0.2092484399431529
2017-03-03,-0.004812714953470902,-0.005057952545959226,0.4904751849766475,0.00024523759248832374,5,0.7187732549665051,0.2812267450334949
2017-03-06,-0.026228165985771976,-0.026343779358288723,0.2312267450334949,0.00011561337251674746,5,0.95,0.050000000000000044
2017-03-07,-0.008427581893302144,-0.008446445445723115,0.03772710484194361,1.8863552420971806e-05,5,0.95,0.050000000000000044
2017-03-08,0.0012284161594819651,0.0011054570067302412,0.24591830550344812,0.00012295915275172407,5,0.8040816944965516,0.19591830550344835
2017-03-09,0.007778474131638497,0.007705514978886772,0.14591830550344853,7.295915275172426e-05,5,0.9500000000000002,0.04999999999999982
2017-03-10,0.009556057798818025,0.009534519677201524,0.04307624323300392,2.153812161650196e-05,5,0.95,0.050000000000000044
2017-03-13,-0.02035648297641273,-0.020462572026881194,0.21217810093692435,0.00010608905046846218,5,0.8378218990630755,0.16217810093692453
2017-03-14,0.034737004009569375,0.0346485037590229,0.17700050109295654,8.850025054647827e-05,5,0.95,0.050000000000000044
2017-03-15,-0.02331650921227766,-0.023341147940167412,0.049277455779502835,2.4638727889751416e-05,5,0.95,0.050000000000000044
2017-03-16,-0.0069628126637025865,-0.00698057150474181,0.035517682078447035,1.775884103922352e-05,5,0.9500000000000002,0.04999999999999982
2017-03-17,-0.009969230859695045,-0.01000783836131705,0.07721500324401136,3.860750162200568e-05,5,0.95,0.050000000000000044
2017-03-20,-0.03122780235888508,-0.031238900336275525,0.022195954780889413,1.1097977390444706e-05,5,0.95,0.050000000000000044
2017-03-21,0.02336484269210442,0.0233492200920794,0.031245200050038113,1.5622600025019058e-05,5,0.95,0.050000000000000044
2017-03-22,0.00878686417793247,0.008765270544475333,0.04318726691427069,2.1593633457135346e-05,5,0.95,0.050000000000000044
2017-03-23,0.014984776126225716,0.01495739620660099,0.054759839249453046,2.7379919624726525e-05,5,0.95,0.050000000000000044
2017-03-24,-0.005344671527088358,-0.005366100777459135,0.04285850074155416,2.142925037077708e-05,5,0.9500000000000002,0.04999999999999982
2017-03-27,-0.009252761931677886,-0.009268536911714706,0.03154996007364015,1.5774980036820078e-05,5,0.9500000000000002,0.04999999999999982
2017-03-28,-0.003350815841307509,-0.0033669928450484788,0.03235400748193934,1.617700374096967e-05,5,0.95,0.050000000000000044
2017-03-29,0.004510981627924056,0.004487056578816346,0.04785009821541995,2.3925049107709976e-05,5,0.9499999999999998,0.050000000000000155
2017-03-30,0.019772580040482254,0.019691125085061406,0.16290991084169826,8.145495542084914e-05,5,0.8870900891583016,0.11290991084169844
2017-03-31,-0.0027673444329358314,-0.002830838393130308,0.12698792038895285,6.349396019447643e-05,5,0.95,0.050000000000000044
2017-04-03,0.028061823376766108,0.02803489644041383,0.053853872704552566,2.6926936352276283e-05,5,0.95,0.050000000000000044
2017-04-04,-0.00010826668453319324,-0.00018437130625112585,0.1522092434358652,7.61046217179326e-05,5,0.8977907565641345,0.10220924343586546
2017-04-05,-0.008961411362416965,-0.009082177265584902,0.24153180633587432,0.00012076590316793717,5,0.8606774370999908,0.13932256290000922
2017-04-06,0.0011876394745180658,0.0011399061213489966,0.09546670633813821,4.773335316906911e-05,5,0.95,0.050000000000000044
2017-04-07,0.0004628659762571938,0.000432785070666521,0.06016181118134556,3.008090559067278e-05,5,0.95,0.050000000000000044
2017-04-10,0.015352406647896905,0.015324513392597617,0.05578651059857445,2.7893255299287226e-05,5,0.9500000000000002,0.04999999999999982
2017-04-11,-0.014907300171564344,-0.014976030377384614,0.13746041164054135,6.873020582027067e-05,5,0.9125395883594583,0.08746041164054175
2017-04-12,0.01793985365729659,0.017723546725246477,0.43261386410022656,0.0002163069320501133,5,0.6548465475403149,0.3451534524596851
2017-04-13,0.009889816018768722,0.009710994122106088,0.3576437933252685,0.00017882189666263427,5,0.95,0.050000000000000044
2017-04-17,0.0026033332137637656,0.0025054629432780732,0.1957405409713843,9.787027048569215e-05,5,0.8542594590286156,0.14574054097138445
2017-04-18,-0.007897590804020287,-0.007963502338601902,0.13182306916323094,6.591153458161548e-05,5,0.9500000000000001,0.04999999999999993
2017-04-19,0.003739366499374743,0.0036819465973463,0.1148398040568859,5.7419902028442954e-05,5,0.9351601959431137,0.06483980405688627
2017-04-20,-0.003694743404194759,-0.003714370032782786,0.03925325717605335,1.9626628588026677e-05,5,0.9500000000000001,0.04999999999999993
2017-04-21,0.02447567300641808,0.02445231056545319,0.04672488192978547,2.3362440964892735e-05,5,0.95,0.050000000000000044
2017-04-24,0.008505590696821308,0.008439606776404063,0.13196784083448732,6.598392041724366e-05,5,0.9180321591655124,0.0819678408344876
2017-04-25,-0.01105958549773013,-0.011176454328138146,0.23373766081603245,0.00011686883040801623,5,0.8482301800184548,0.15176981998154515
2017-04-26,0.013802852841295031,0.013729335881359135,0.1470339198717901,7.351695993589505e-05,5,0.9500000000000001,0.04999999999999993
2017-04-27,-0.002814989432218356,-0.002832955237225359,0.03593161001400541,1.7965805007002706e-05,5,0.95,0.050000000000000044
2017-04-28,0.014458455285302953,0.014450309861303273,0.016290847999358926,8.145423999679463e-06,5,0.9500000000000001,0.04999999999999993
2017-05-01,-0.05494097220721067,-0.05495274844025698,0.023552466092615548,1.1776233046307775e-05,5,0.95,0.050000000000000044
2017-05-02,-0.013171231675362738,-0.013184500163408325,0.02653697609117306,1.326848804558653e-05,5,0.9499999999999997,0.050000000000000266
2017-05-03,-0.015241923238570758,-0.015346737688852108,0.20962890056269948,0.00010481445028134974,5,0.8403710994373004,0.15962890056269963
2017-05-04,0.06294305622708563,0.06282913597135378,0.22784051146369314,0.00011392025573184657,5,0.9317883890990062,0.06821161090099381
2017-05-05,-0.0015941394083576785,-0.0017269871846899263,0.26569555266449574,0.00013284777633224787,5,0.8025160582364977,0.19748394176350226
2017-05-08,0.028707313853480576,0.028631273537049126,0.15208063286289844,7.604031643144922e-05,5,0.9500000000000001,0.04999999999999993
2017-05-09,0.012668407291626483,0.012650709997872652,0.03539458750766197,1.7697293753830986e-05,5,0.95,0.050000000000000044
2017-05-10,-0.005750017795435911,-0.00578505745208995,0.07007931330807868,3.503965665403934e-05,5,0.9500000000000001,0.04999999999999993
2017-05-11,0.002672989530086275,0.0025460889141264336,0.253801231919683,0.0001269006159598415,5,0.7961987680803166,0.20380123191968336
2017-05-12,-0.01003094681259009,-0.010223212551219576,0.3845314772589728,0.0001922657386294864,5,0.8192697546607103,0.18073024533928972
2017-05-15,-0.0030735492564773928,-0.0032324185251041753,0.3177385372535652,0.00015886926862678262,5,0.8629917080857243,0.13700829191427566
2017-05-16,-0.04461230921281454,-0.04467032273937518,0.11602705312127527,5.801352656063764e-05,5,0.95,0.050000000000000044
2017-05-17,-0.05920111123413298,-0.05921293807812825,0.02365368799053269,1.1826843995266345e-05,5,0.9499999999999998,0.050000000000000155
2017-05-18,0.01587124442300793,0.015852831946960806,0.036824952094251656,1.8412476047125828e-05,5,0.95,0.050000000000000044
2017-05-19,0.012756538392220752,0.012745279567294246,0.02251764985300969,1.1258824926504847e-05,5,0.95,0.050000000000000044
2017-05-22,0.0028266628436299356,0.002811856285557746,0.029613116144378837,1.480655807218942e-05,5,0.9500000000000001,0.04999999999999993
2017-05-23,0.02712469229098406,0.027106552011390086,0.03628055918794379,1.8140279593971896e-05,5,0.9500000000000001,0.04999999999999993
2017-05-24,-0.0009607305934031332,-0.0009848478045874794,0.048234422368692326,2.4117211184346164e-05,5,0.9500000000000001,0.04999999999999993
2017-05-25,0.024346765983169164,0.024335357441539106,0.022817083260113058,1.140854163005653e-05,5,0.95,0.050000000000000044
2017-05-26,-0.013916959627417506,-0.013969223578181368,0.1045279015277247,5.226395076386235e-05,5,0.9454720984722751,0.05452790152772491
2017-05-30,0.01804732251336781,0.018029048223222766,0.036548580290093474,1.8274290145046737e-05,5,0.95,0.050000000000000044
2017-05-31,0.009762231681236522,0.009746403690989731,0.03165598049357979,1.5827990246789894e-05,5,0.95,0.050000000000000044
2017-06-01,0.010336058833197052,0.010312537576707909,0.04704251297828621,2.3521256489143107e-05,5,0.9500000000000001,0.04999999999999993
2017-06-02,-0.018716155371466914,-0.01874329175205199,0.05427276117014718,2.713638058507359e-05,5,0.9499999999999998,0.050000000000000155
2017-06-05,0.012025206671051085,0.01201307202380909,0.024269294483989845,1.2134647241994922e-05,5,0.9499999999999998,0.050000000000000155
2017-06-06,-0.011584894009849134,-0.011688619631570933,0.20745124344360028,0.00010372562172180014,5,0.8425487565563995,0.1574512434436005
2017-06-07,0.00047959109900679617,0.00041813007796121806,0.1229220420911562,6.146102104557811e-05,5,0.9500000000000001,0.04999999999999993
2017-06-08,-0.054818760347243665,-0.05491378181167436,0.19004292886138766,9.502146443069382e-05,5,0.8599570711386121,0.14004292886138792
2017-06-09,-0.007904266794419494,-0.008013369596976568,0.21820560511414927,0.00010910280255707464,5,0.9218373237472384,0.07816267625276163
2017-06-12,0.0023864478548190574,0.002364641726122959,0.04361225739219721,2.1806128696098602e-05,5,0.9500000000000001,0.04999999999999993
2017-06-13,-0.022237882726395843,-0.02225083241499913,0.025899377206571872,1.2949688603285936e-05,5,0.95,0.050000000000000044
2017-06-14,0.0015667155071770024,0.0015163718251728618,0.10068736400828142,5.034368200414071e-05,5,0.9493126359917184,0.050687364008281555
2017-06-15,0.005783860795621041,0.005771283049228395,0.025155492785293096,1.2577746392646548e-05,5,0.95,0.050000000000000044
2017-06-16,0.016951734816811566,0.01692527898145867,0.052911670705792724,2.6455835352896363e-05,5,0.95,0.050000000000000044
2017-06-19,-0.02632437291566509,-0.02639086874006855,0.13299164880691744,6.649582440345873e-05,5,0.9170083511930822,0.08299164880691778
2017-06-20,0.020763870547273928,0.02065257573347973,0.22258962758839337,0.00011129481379419668,5,0.860402021218524,0.13959797878147595
2017-06-21,0.00973695927051952,0.009502414052790918,0.46909043545720486,0.00023454521772860244,5,0.6705075433242708,0.32949245667572924
2017-06-22,0.017508997794436775,0.017355207806051633,0.30757997677028476,0.00015378998838514238,5,0.9499999999999997,0.050000000000000266
2017-06-23,-0.0246526430223921,-0.02476834224882055,0.23139845285689767,0.00011569922642844883,5,0.8186015471431021,0.18139845285689793
2017-06-26,-0.032288321681759706,-0.03238867918799074,0.20071501246205947,0.00010035750623102974,5,0.95,0.050000000000000044
2017-06-27,0.03554238230865176,0.035522994840893524,0.038774935516470876,1.9387467758235437e-05,5,0.95,0.050000000000000044
2017-06-28,-0.018566971539487113,-0.01866680477691432,0.19966647485441408,9.983323742720704e-05,5,0.8503335251455856,0.14966647485441442
2017-06-29,0.01126910915581472,0.011096065888122765,0.3460865353839111,0.00017304326769195555,5,0.8035799394705029,0.19642006052949712
2017-06-30,-0.0063993635708491006,-0.006488311167948609,0.17789519419901642,8.894759709950821e-05,5,0.9500000000000001,0.04999999999999993
2017-07-03,0.009585930054992059,0.009571550074871753,0.02875996024061181,1.4379980120305905e-05,5,0.9499999999999998,0.050000000000000155
2017-07-05,-0.014938833996778459,-0.014944087168449232,0.010506343341544933,5.253171670772466e-06,5,0.95,0.050000000000000044
2017-07-06,0.05040972879196945,0.05039325675933276,0.03294406527337801,1.6472032636689006e-05,5,0.95,0.050000000000000044
2017-07-07,0.009839439527899618,0.009827636312827815,0.023606430143608526,1.1803215071804264e-05,5,0.95,0.050000000000000044
2017-07-10,0.013262125583504881,0.013254064994599773,0.0161211778102138,8.0605889051069e-06,5,0.95,0.050000000000000044
2017-07-11,0.035674141750997326,0.03563461590923532,0.0790516835240142,3.95258417620071e-05,5,0.95,0.050000000000000044
2017-07-12,0.0260299326852755,0.025938133922970816,0.18359752460937181,9.17987623046859e-05,5,0.8664024753906279,0.13359752460937213
2017-07-13,0.029168541018119474,0.02912307629625341,0.09092944373212763,4.5464721866063815e-05,5,0.95,0.050000000000000044
2017-07-14,-0.002614303393570253,-0.0026388451852479306,0.04908358335535526,2.454179167767763e-05,5,0.9499999999999998,0.050000000000000155
2017-07-17,0.029264660993999783,0.029251314810793634,0.026692366412294943,1.3346183206147471e-05,5,0.9500000000000002,0.04999999999999982
2017-07-18,0.002171149355629173,0.002163659788403376,0.014979134451593573,7.489567225796786e-06,5,0.95,0.050000000000000044
2017-07-19,-0.01610571573386967,-0.016112384496243994,0.013337524748650714,6.668762374325357e-06,5,0.95,0.050000000000000044
2017-07-20,0.0018729507276108517,0.0018629962674513824,0.019908920318938428,9.954460159469214e-06,5,0.95,0.050000000000000044
2017-07-21,0.030405809974611592,0.03030133177577087,0.20895639768144925,0.00010447819884072463,5,0.8410436023185505,0.15895639768144953
2017-07-24,-0.012850585846574003,-0.012909652431358087,0.1181331695681696,5.9066584784084804e-05,5,0.9499999999999998,0.050000000000000155
2017-07-25,0.02202159465686469,0.021923489391466808,0.1962105307957662,9.81052653978831e-05,5,0.8537894692042336,0.1462105307957664
2017-07-26,-0.019599408016186842,-0.01975414797915652,0.30947992593935747,0.00015473996296967873,5,0.8367306048564086,0.1632693951435914
2017-07-27,0.0015358072545957296,0.001409494097511369,0.2526263141687212,0.00012631315708436062,5,0.9106430809748698,0.08935691902513021
2017-07-28,-0.012211211023314704,-0.012331203157975625,0.23998426932184153,0.00011999213466092076,5,0.8493726497032883,0.1506273502967117
2017-07-31,0.006557462210119236,0.0063453438275099545,0.42423676521856374,0.00021211838260928187,5,0.7263905850781477,0.2736094149218523
2017-08-01,-0.03710162006155906,-0.03726868579080359,0.33413145848906384,0.00016706572924453194,5,0.9394779564327884,0.06052204356721158
2017-08-02,0.005665820226022944,0.005565878986089518,0.19988247986685162,9.994123993342581e-05,5,0.8606395637003599,0.13936043629964012
2017-08-03,-0.10320217161515047,-0.10334887725781025,0.29341128531957666,0.00014670564265978833,5,0.8459491509800634,0.1540508490199366
2017-08-04,0.03924191102237562,0.03911241756630915,0.25898691213293457,0.00012949345606646728,5,0.8950639368870019,0.10493606311299808
2017-08-07,0.015418928330129412,0.015379431202323142,0.07899425561253946,3.949712780626973e-05,5,0.95,0.050000000000000044
2017-08-08,-0.01576167276803343,-0.015862696343310577,0.2020471505542982,0.0001010235752771491,5,0.8479528494457018,0.15204715055429818
2017-08-09,-0.06104328486517731,-0.061103995202366576,0.12142067437853021,6.071033718926511e-05,5,0.95,0.050000000000000044
2017-08-10,0.011891143724936146,0.011786688119528236,0.20891121081581943,0.00010445560540790972,5,0.8410887891841805,0.1589112108158195
2017-08-11,0.027688687829236856,0.027617178037208326,0.14301958405705936,7.150979202852968e-05,5,0.95,0.050000000000000044
2017-08-14,-0.012698090118309182,-0.012732257966839551,0.06833569706073911,3.416784853036956e-05,5,0.95,0.050000000000000044
2017-08-15,-0.01572127817579358,-0.015735234879062733,0.02791340653830865,1.3956703269154326e-05,5,0.9499999999999998,0.050000000000000155
2017-08-16,-0.013688824931149743,-0.01370400978144736,0.030369700595234833,1.5184850297617417e-05,5,0.9499999999999997,0.050000000000000266
2017-08-17,-0.001979625717941354,-0.0020087599293174287,0.05826842275214941,2.9134211376074707e-05,5,0.95,0.050000000000000044
2017-08-18,-0.014694731813934814,-0.014707972751976064,0.026481876082501132,1.3240938041250567e-05,5,0.95,0.050000000000000044
2017-08-21,0.017328252927479155,0.017308304308971963,0.03989723701438719,1.9948618507193595e-05,5,0.9499999999999997,0.050000000000000266
2017-08-22,0.016032265977549427,0.016014269431465916,0.03599309216702197,1.7996546083510986e-05,5,0.9500000000000001,0.04999999999999993
2017-08-23,0.007961694479078027,0.007871722486452579,0.1799439852508955,8.997199262544775e-05,5,0.8700560147491045,0.12994398525089546
2017-08-24,-0.00863529734814026,-0.008770515447579662,0.2704361988788064,0.00013521809943940318,5,0.8595077863720889,0.1404922136279111
2017-08-25,0.021517307371336863,0.021439240781928392,0.15613317881694477,7.80665894084724e-05,5,0.95,0.050000000000000044
2017-08-28,0.0044974603535747355,0.004478861937125533,0.03719683289840517,1.8598416449202584e-05,5,0.9500000000000001,0.04999999999999993
2017-08-29,0.0007694474577751986,0.0006742841651525141,0.19032658524536902,9.516329262268452e-05,5,0.8596734147546308,0.14032658524536923
2017-08-30,0.003859846852243477,0.0038018434552416643,0.11600679400362485,5.8003397001812426e-05,5,0.9499999999999998,0.050000000000000155
2017-08-31,-0.0009497484884394567,-0.0009669101485871096,0.03432332029530591,1.7161660147652956e-05,5,0.95,0.050000000000000044
2017-09-01,-0.03487575025980105,-0.034887615662995156,0.0237308063881993,1.186540319409965e-05,5,0.9500000000000001,0.04999999999999993
2017-09-05,0.004331654159422546,0.00417417244955597,0.31496341973315234,0.00015748170986657617,5,0.7350365802668476,0.2649634197331524
2017-09-06,-0.003468642729807256,-0.003608010674551684,0.2787358894888561,0.00013936794474442806,5,0.95,0.050000000000000044
2017-09-07,0.001667425443376454,0.0015386839519814122,0.2574829827900835,0.00012874149139504177,5,0.7925170172099163,0.2074829827900837
2017-09-08,0.0057415532755189964,0.005543337107488052,0.3964323360618893,0.00019821616803094466,5,0.8110506467281942,0.18894935327180584
2017-09-11,-0.005262140465819458,-0.005408602592534516,0.29292425343011597,0.000146462126715058,5,0.8960250998416897,0.10397490015831035
2017-09-12,0.022812486960521662,0.02268136559063902,0.2622427397652852,0.00013112136988264263,5,0.841732160393025,0.158267839606975
2017-09-13,-0.022019806244654834,-0.022073940164458322,0.10826783960697485,5.413391980348743e-05,5,0.9499999999999997,0.050000000000000266
2017-09-14,0.01064976758334884,0.010629077834415692,0.041379497866297826,2.0689748933148914e-05,5,0.95,0.050000000000000044
2017-09-15,0.039268493285704226,0.039139535969733345,0.2579146319417628,0.0001289573159708814,5,0.7920853680582371,0.20791463194176285
2017-09-18,0.01558826173493196,0.01539506508368441,0.3863933024950993,0.00019319665124754965,5,0.8215213294466633,0.17847867055333666
2017-09-19,-0.010153147368671057,-0.010225995205709501,0.1456956740768876,7.284783703844381e-05,5,0.95,0.050000000000000044
2017-09-20,-0.011525470513429118,-0.011647240147966151,0.2435392690740658,0.00012176963453703291,5,0.8064607309259341,0.19353926907406593
2017-09-21,-0.009227898519644923,-0.0093099305681962,0.16406409710255432,8.203204855127716e-05,5,0.9499999999999997,0.050000000000000266
2017-09-22,-0.003501456588854592,-0.003619619783841955,0.2363263899747262,0.0001181631949873631,5,0.8136736100252739,0.18632638997472606
2017-09-25,-0.0014057516003009697,-0.0015319618691158996,0.25242053762985944,0.00012621026881492973,5,0.9339058523448666,0.06609414765513344
2017-09-26,0.006811658608741106,0.00669657510199154,0.23016701349913282,0.00011508350674956642,5,0.8359271341560006,0.16407286584399938
2017-09-27,0.009021307771099265,0.008901742753908896,0.23913003438073863,0.00011956501719036931,5,0.9249428314632607,0.07505716853673927
2017-09-28,-0.004454332071804161,-0.004558509788767065,0.2083554339258093,0.00010417771696290466,5,0.8667017346109298,0.1332982653890702
2017-09-29,-0.015550376199919,-0.015663624695933714,0.22649699202942905,0.00011324849601471453,5,0.906801273359641,0.093198726640359
2017-10-02,-0.010070318984784853,-0.01020111059693589,0.2615832243020777,0.00013079161215103885,5,0.8316155023382812,0.1683844976617188
2017-10-03,0.018615391474863106,0.018497882195053987,0.2350185596182357,0.00011750927980911785,5,0.933365938043483,0.066634061956517
2017-10-04,-0.025333483509562188,-0.025359165120882553,0.05136322264072937,2.5681611320364688e-05,5,0.9500000000000001,0.04999999999999993
2017-10-05,-0.02476664180616052,-0.024812653894295395,0.09202417626975351,4.6012088134876756e-05,5,0.9500000000000001,0.04999999999999993
2017-10-06,0.022084854682502653,0.021978165650715146,0.21337806357501107,0.00010668903178750554,5,0.8366219364249888,0.16337806357501117
2017-10-09,-0.0083875871741961,-0.008447353536928675,0.11953272546514684,5.9766362732573426e-05,5,0.9500000000000001,0.04999999999999993
2017-10-10,-0.010463475633206107,-0.010565698209755362,0.2044451530985091,0.00010222257654925456,5,0.8455548469014909,0.15444515309850915
2017-10-11,-0.015312608108974588,-0.01537613518613922,0.1270541543292615,6.352707716463075e-05,5,0.9500000000000001,0.04999999999999993
2017-10-12,-0.003633210503149605,-0.0037357435427207457,0.20506607914228195,0.00010253303957114098,5,0.844933920857718,0.155066079142282
2017-10-13,-0.0020074314930826555,-0.0021627717200507343,0.31068045393615734,0.00015534022696807868,5,0.8443856252061247,0.1556143747938753
2017-10-16,-0.009710020695761544,-0.00983419229746238,0.2483432034016721,0.00012417160170083606,5,0.9072711713922031,0.09272882860779685
2017-10-17,-0.009677518224032016,-0.009806665389320512,0.25829433057699175,0.00012914716528849586,5,0.8344344980308049,0.16556550196919506
2017-10-18,-0.0011938141498196277,-0.001340689920504927,0.2937515413705986,0.0001468757706852993,5,0.8718139605985964,0.1281860394014036
2017-10-19,-0.000970891064282111,-0.0011011298328859715,0.26047753720772115,0.0001302387686038606,5,0.8677085021936826,0.13229149780631744
2017-10-20,-0.01180081980385667,-0.011857973321674426,0.1143070356355113,5.715351781775565e-05,5,0.9500000000000001,0.04999999999999993
2017-10-23,0.0034900555502490648,0.003390906600302119,0.1982978998938915,9.914894994694575e-05,5,0.8517021001061085,0.14829789989389153
2017-10-24,0.013004539858181398,0.012889357568210963,0.2303645799408713,0.00011518228997043565,5,0.9179333199530204,0.08206668004697959
2017-10-25,-0.007901347638182482,-0.008001953789736706,0.2012123031084459,0.00010060615155422295,5,0.8808543769385339,0.11914562306146614
2017-10-26,0.04342536101853726,0.04336745420807552,0.11581362092346963,5.790681046173482e-05,5,0.95,0.050000000000000044
2017-10-27,-0.0022071846435264093,-0.002316311628411016,0.21825396976921385,0.00010912698488460693,5,0.8317460302307862,0.1682539697692138
2017-10-30,0.0023828768457595318,0.0022234810002925926,0.31879169093387866,0.00015939584546693933,5,0.8494622788353352,0.1505377211646648
2017-10-31,-0.01894448113836997,-0.01908090142125885,0.2728405657777584,0.0001364202828888792,5,0.8776971553869064,0.1223028446130936
2017-11-01,0.0467372589380274,0.04669043250320878,0.09365286963724699,4.68264348186235e-05,5,0.95,0.050000000000000044
2017-11-02,0.027116032749835352,0.027084571642422894,0.06292221482491489,3.1461107412457444e-05,5,0.95,0.050000000000000044
2017-11-03,-0.02485602185314289,-0.024980037431284106,0.24803115628243674,0.00012401557814121838,5,0.8019688437175635,0.1980311562824365
2017-11-06,-0.012474434224462929,-0.012559753781758628,0.1706391145914006,8.53195572957003e-05,5,0.9499999999999998,0.050000000000000155
2017-11-07,-0.025753731812295066,-0.02587819407305558,0.24892452152102862,0.00012446226076051433,5,0.8010754784789715,0.19892452152102846
2017-11-08,0.020811365094089866,0.020718905815068706,0.18491855804232274,9.245927902116138e-05,5,0.9499999999999998,0.050000000000000155
2017-11-09,0.04953219562816512,0.04951668851476082,0.031014226808594808,1.5507113404297406e-05,5,0.95,0.050000000000000044
2017-11-10,-0.03864879893417114,-0.03867922127706966,0.060844685797031645,3.0422342898515823e-05,5,0.95,0.050000000000000044
2017-11-13,-0.031218305214269774,-0.03123648589984336,0.036361371147176635,1.818068557358832e-05,5,0.95,0.050000000000000044
2017-11-14,0.012256601688994328,0.012139647390585971,0.23390859681671256,0.00011695429840835629,5,0.8160914031832877,0.18390859681671234
2017-11-15,0.10305402010854796,0.10297015000716687,0.16774020276215504,8.387010138107752e-05,5,0.9499999999999998,0.050000000000000155
2017-11-16,-0.014345568157983055,-0.014452023390325551,0.21291046468499183,0.00010645523234249592,5,0.8370895353150084,0.1629104646849916
2017-11-17,0.030515028445320197,0.030438643172257765,0.15277054612486454,7.638527306243228e-05,5,0.95,0.050000000000000044
2017-11-20,-0.005618757595637645,-0.005648224278388783,0.05893336550227543,2.9466682751137716e-05,5,0.95,0.050000000000000044
2017-11-21,0.01347104133696336,0.013348760223473912,0.24456222697889582,0.00012228111348944792,5,0.8054377730211044,0.19456222697889558
2017-11-22,-0.007245911651126562,-0.007321543721215046,0.15126414017696654,7.563207008848327e-05,5,0.95,0.050000000000000044
2017-11-24,-0.00928090994596302,-0.009391038047795008,0.22025620366397788,0.00011012810183198894,5,0.8297437963360224,0.17025620366397765
2017-11-27,0.012588037184916669,0.01251510389819661,0.14586657344011786,7.293328672005892e-05,5,0.9500000000000002,0.04999999999999982
2017-11-28,-0.017576289300948192,-0.01760435077327297,0.056122944649555556,2.8061472324777778e-05,5,0.9500000000000001,0.04999999999999993
2017-11-29,0.029711206346482593,0.02960100478316885,0.2204031266274891,0.00011020156331374455,5,0.829596873372511,0.17040312662748902
2017-11-30,-0.008801201343492208,-0.008976476609419465,0.35055053185451246,0.00017527526592725623,5,0.8198525947729766,0.18014740522702344
2017-12-01,-0.0460053647685783,-0.04615717564099188,0.30362174482715565,0.00015181087241357782,5,0.8765256603998679,0.1234743396001321
2017-12-04,-0.02057652352634504,-0.02070527470373709,0.2575023547841002,0.0001287511773920501,5,0.865971984816032,0.134028015183968
2017-12-05,0.13764812260602063,0.137518192188747,0.2598608345472644,0.0001299304172736322,5,0.8741671806367035,0.1258328193632965
2017-12-06,0.0059497386771753666,0.005795944435485256,0.3075884833802213,0.00015379424169011067,5,0.8182443359830751,0.1817556640169249
2017-12-07,-0.0007549325016143916,-0.0008343676877253863,0.15887037222198958,7.94351861109948e-05,5,0.95,0.050000000000000044
2017-12-08,-0.03300690953433625,-0.03312131107772887,0.22880308678524983,0.00011440154339262491,5,0.8211969132147502,0.1788030867852498
2017-12-11,-0.00736435777725363,-0.007564440003049322,0.4001644515913835,0.00020008222579569174,5,0.7786386351938662,0.22136136480613378
2017-12-12,0.02989477893385045,0.029735730671970703,0.3180965237594922,0.00015904826187974612,5,0.9032648410466415,0.09673515895335849
2017-12-13,-0.015398971048030044,-0.015443329169565685,0.08871624307128234,4.4358121535641175e-05,5,0.95,0.050000000000000044
2017-12-14,0.020253232262462638,0.020127646705600404,0.2511711137244663,0.00012558555686223316,5,0.7988288862755338,0.20117111372446617
2017-12-15,-0.003836056445014079,-0.004019453675631665,0.3667944612351719,0.00018339723061758595,5,0.8343766524892942,0.16562334751070584
2017-12-18,-0.006752628316088626,-0.0069050881304061305,0.3049196286350092,0.00015245981431750462,5,0.8607037188756966,0.13929628112430337
2017-12-19,0.016853089148255625,0.016693197651981552,0.3197829925481433,0.00015989149627407165,5,0.81951328857616,0.18048671142383999
2017-12-20,7.08429148941923e-05,-8.612225399513412e-05,0.3139303377786528,0.00015696516888932642,5,0.866556373645187,0.133443626354813
2017-12-21,0.016504038193375238,0.016374774251126076,0.2585278844983204,0.00012926394224916022,5,0.8749157418564925,0.12508425814350754
2017-12-22,0.00926223450827068,0.009144231150170835,0.23600671619969063,0.00011800335809984532,5,0.8890775419438167,0.11092245805618328
2017-12-26,0.0007763862439797882,0.0006334804426498483,0.2858116026598799,0.00014290580132993996,5,0.8251108553963031,0.17488914460369687
2017-12-27,0.01379705695855138,0.013670091949310561,0.2539300184816374,0.00012696500924081868,5,0.9209591261220593,0.07904087387794068
2017-12-28,-0.02348189162513039,-0.02350970063462855,0.05561801899631888,2.780900949815944e-05,5,0.9499999999999998,0.050000000000000155
2017-12-29,0.01694847680850005,0.016928549021002128,0.03985557499584241,1.9927787497921207e-05,5,0.95,0.050000000000000044
2018-01-02,0.020776409517329335,0.020752315776542726,0.0481874815732202,2.4093740786610098e-05,5,0.9500000000000001,0.04999999999999993
2018-01-03,-0.002936408862107486,-0.002945326670627177,0.01783561703938208,8.91780851969104e-06,5,0.95,0.050000000000000044
2018-01-04,-0.004681229747410887,-0.004795736211437174,0.22901292805257473,0.00011450646402628737,5,0.8209870719474252,0.17901292805257485
2018-01-05,-0.05009467260164382,-0.05021453793919953,0.2397306751114251,0.00011986533755571255,5,0.9392822529411496,0.06071774705885036
2018-01-08,0.06604645966688909,0.06586682876184027,0.3592618100976327,0.00017963090504881634,5,0.7014559369612177,0.29854406303878234
2018-01-09,0.019554071362217585,0.019340100522047463,0.4279416803402403,0.00021397084017012017,5,0.870602382698542,0.12939761730145805
2018-01-10,0.024087874923434095,0.02396928216360091,0.23718551966637424,0.00011859275983318712,5,0.8922120976350837,0.10778790236491631
2018-01-11,0.053264439183824494,0.053229237496815206,0.07040337401858208,3.520168700929104e-05,5,0.9499999999999998,0.050000000000000155
2018-01-12,-0.041275966613518705,-0.04129004668705222,0.02816014706702527,1.4080073533512635e-05,5,0.95,0.050000000000000044
2018-01-16,0.027746937734420753,0.02773900276692449,0.0158699349925239,7.93496749626195e-06,5,0.95,0.050000000000000044
2018-01-17,0.03847653216048009,0.038380508104486295,0.19204811198758678,9.60240559937934e-05,5,0.8579518880124131,0.14204811198758693
2018-01-18,0.034221099061247,0.034171794146342103,0.09860982980979599,4.9304914904898e-05,5,0.95,0.050000000000000044
2018-01-19,0.03109709808814834,0.031007800797269103,0.17859458175847465,8.929729087923732e-05,5,0.8714054182415253,0.1285945817584747
2018-01-22,0.004283161310071247,0.00422377431759133,0.11877398495983274,5.938699247991637e-05,5,0.9499999999999997,0.050000000000000266
2018-01-23,-0.014089307144786054,-0.014106493710487477,0.034373131402849366,1.7186565701424684e-05,5,0.9500000000000001,0.04999999999999993
2018-01-24,0.005981476144090306,0.005967624728415696,0.027702831349219442,1.3851415674609721e-05,5,0.9500000000000001,0.04999999999999993
2018-01-25,-0.011430591851437627,-0.011517462128075607,0.17374055327595972,8.687027663797986e-05,5,0.8762594467240401,0.1237405532759599
2018-01-26,0.0237485314769191,0.02366722310882203,0.16261673619414665,8.130836809707333e-05,5,0.9499999999999998,0.050000000000000155
2018-01-29,0.020808677618733347,0.020722866083806905,0.17162306985287992,8.581153492643996e-05,5,0.87837693014712,0.12162306985287996
2018-01-30,0.024324004094173218,0.02426728001594536,0.11344815645571629,5.6724078227858145e-05,5,0.9499999999999998,0.050000000000000155
2018-01-31,0.02504091398109681,0.025038715365746984,0.004397230699651589,2.1986153498257945e-06,5,0.9499999999999998,0.050000000000000155
2018-02-01,-0.011785597429216277,-0.011807713144516197,0.044231430599838875,2.211571529991944e-05,5,0.9500000000000001,0.04999999999999993
2018-02-02,-0.030781558474487516,-0.030787390812935113,0.011664676895197026,5.832338447598514e-06,5,0.95,0.050000000000000044
2018-02-05,0.02602930429719231,0.026021633583831687,0.015341426721246887,7.670713360623444e-06,5,0.9499999999999997,0.050000000000000266
2018-02-06,-0.005523749562779504,-0.005618992819145365,0.19048651273172215,9.524325636586107e-05,5,0.8595134872682779,0.14048651273172208
2018-02-07,-0.06780511383132856,-0.06790719706876204,0.20416647486694783,0.00010208323743347392,5,0.9363200378647742,0.06367996213522575
2018-02-08,-0.014606852588431606,-0.014709119243152727,0.20453330944224157,0.00010226665472112078,5,0.8591466526929843,0.1408533473070157
2018-02-09,0.044312664030997505,0.04425947367296832,0.10638071605836899,5.3190358029184496e-05,5,0.95,0.050000000000000044
2018-02-12,-0.010373842374259114,-0.010465368383518041,0.18305201851785402,9.152600925892702e-05,5,0.866947981482146,0.13305201851785398
2018-02-13,0.0301494977620499,0.030103125593755962,0.09274433658787325,4.637216829393662e-05,5,0.9499999999999998,0.050000000000000155
2018-02-14,0.0069356313286428,0.006920958790657485,0.029345075970629256,1.4672537985314628e-05,5,0.9499999999999997,0.050000000000000266
2018-02-15,0.017291082524375733,0.01726910716674284,0.04395071526578287,2.1975357632891436e-05,5,0.9500000000000001,0.04999999999999993
2018-02-16,-0.017837252652281976,-0.017848483376447705,0.022461448331454054,1.1230724165727027e-05,5,0.9499999999999998,0.050000000000000155
2018-02-20,0.011250007859301988,0.011153946295071108,0.19212312846176188,9.606156423088094e-05,5,0.8578768715382381,0.1421231284617619
2018-02-21,0.0051086788979789475,0.0049613380755536545,0.2946816448505853,0.00014734082242529264,5,0.8474414836111767,0.15255851638882334
2018-02-22,0.006224464187913555,0.006160459290186862,0.12800979545338667,6.400489772669334e-05,5,0.95,0.050000000000000044
2018-02-23,0.005142620387080519,0.00505914103220117,0.16695870975869842,8.34793548793492e-05,5,0.8830412902413016,0.11695870975869838
2018-02-26,-0.027364427092303443,-0.027404007627435674,0.07916107026445877,3.9580535132229386e-05,5,0.9500000000000001,0.04999999999999993
2018-02-27,-0.022343788505391274,-0.022352255894312386,0.016934777842222998,8.4673889211115e-06,5,0.9500000000000002,0.04999999999999982
2018-02-28,-0.010235806401453298,-0.010321328828430391,0.17104485395418764,8.552242697709382e-05,5,0.8789551460458122,0.12104485395418785
2018-03-01,0.0621042761973709,0.06201333094750901,0.18189049972378418,9.09452498618921e-05,5,0.9391543542304035,0.0608456457695965
2018-03-02,0.023845940902035106,0.023759080310546205,0.17372118297780068,8.686059148890034e-05,5,0.8871244627917956,0.11287553720820442
2018-03-05,-0.012863991648600285,-0.012901871015683871,0.07575873416717492,3.787936708358746e-05,5,0.9499999999999998,0.050000000000000155
2018-03-06,0.012973187083631064,0.012896872461280622,0.15262924470088585,7.631462235044292e-05,5,0.8973707552991141,0.10262924470088586
2018-03-07,0.01495190890362521,0.014908517651169531,0.08678250491135764,4.339125245567882e-05,5,0.9499999999999998,0.050000000000000155
2018-03-08,0.052268233996602464,0.05223603692867745,0.0643941358500399,3.2197067925019955e-05,5,0.9500000000000001,0.04999999999999993
2018-03-09,-0.00043373292889846947,-0.00044174931404823047,0.016032770299522006,8.016385149761003e-06,5,0.95,0.050000000000000044
2018-03-12,-0.048079737265799435,-0.04809326631084179,0.027058090084718447,1.3529045042359223e-05,5,0.95,0.050000000000000044
2018-03-13,-0.0265408968058609,-0.02661854730269389,0.15530099366598288,7.765049683299145e-05,5,0.8946990063340171,0.10530099366598289
2018-03-14,-0.03488302066781904,-0.034959613776059134,0.15318621648019143,7.659310824009571e-05,5,0.95,0.050000000000000044
2018-03-15,-0.0004934281343465892,-0.0005014400838833512,0.016023899073524084,8.011949536762042e-06,5,0.9500000000000002,0.04999999999999982
2018-03-16,0.024563803816333322,0.024538539692943596,0.050528246779455305,2.5264123389727652e-05,5,0.95,0.050000000000000044
2018-03-19,0.000114334044646296,1.92003654362348e-05,0.1902673584201224,9.51336792100612e-05,5,0.8597326415798776,0.1402673584201224
2018-03-20,0.0011662435276617944,0.001058031505670223,0.21642404398314266,0.00010821202199157134,5,0.9238433144369796,0.07615668556302035
2018-03-21,-0.033837881957220664,-0.03385339737214537,0.03103082984941953,1.5515414924709767e-05,5,0.95,0.050000000000000044
2018-03-22,0.013391185950667838,0.013302382789498057,0.17760632233956244,8.880316116978123e-05,5,0.8723936776604374,0.1276063223395626
2018-03-23,0.011651337546549857,0.011601321463526932,0.10003216604584998,5.001608302292499e-05,5,0.95,0.050000000000000044
2018-03-26,-0.04987270123398635,-0.04996571517509699,0.18602788222128236,9.301394111064118e-05,5,0.8639721177787174,0.1360278822212826
2018-03-27,0.010717076804443684,0.010632581298972273,0.16899101094282182,8.449550547141091e-05,5,0.9500000000000001,0.04999999999999993
2018-03-28,0.03946651979522454,0.03946021041723315,0.01261875598276499,6.309377991382495e-06,5,0.95,0.050000000000000044
2018-03-29,-0.052301620598096024,-0.05231995314484846,0.03666509350487859,1.8332546752439296e-05,5,0.95,0.050000000000000044
2018-04-02,-0.010211288693234196,-0.010230947047418573,0.03931670836875234,1.965835418437617e-05,5,0.9499999999999998,0.050000000000000155
2018-04-03,0.023477420106364603,0.023448309214287113,0.05822178415498033,2.9110892077490166e-05,5,0.95,0.050000000000000044
2018-04-04,-0.028635611311924294,-0.028649714760841636,0.028206897834687217,1.4103448917343608e-05,5,0.9499999999999998,0.050000000000000155
2018-04-05,-0.041483805260717724,-0.041577185551747636,0.18676058205981844,9.338029102990921e-05,5,0.8632394179401814,0.13676058205981856
2018-04-06,0.05529044327477439,0.05523518115688713,0.11052423577452757,5.526211788726379e-05,5,0.95,0.050000000000000044
2018-04-09,0.038288674107067544,0.038261944078160116,0.05346005781486153,2.6730028907430767e-05,5,0.95,0.050000000000000044
2018-04-10,0.005678971841166183,0.0056589022399623256,0.040139202407716124,2.0069601203858063e-05,5,0.95,0.050000000000000044
2018-04-11,0.03535027577810651,0.0353408065674496,0.018938421313830597,9.4692106569153e-06,5,0.95,0.050000000000000044
2018-04-12,-0.0122450774377908,-0.01234017949701523,0.19020411844886118,9.510205922443059e-05,5,0.8597958815511386,0.14020411844886138
2018-04-13,-0.025113971491263445,-0.02521594612582142,0.2039492691159473,0.00010197463455797365,5,0.9362548493329139,0.06374515066708608
2018-04-16,0.01761024932109752,0.01758861751071787,0.04326362075929989,2.1631810379649944e-05,5,0.9499999999999998,0.050000000000000155
2018-04-17,-0.007066889110519836,-0.007157241976118258,0.1807057311968442,9.03528655984221e-05,5,0.8692942688031559,0.13070573119684414
2018-04-18,-0.011361897287219154,-0.01142167826965239,0.1195619648664725,5.978098243323625e-05,5,0.9499999999999997,0.050000000000000266
2018-04-19,0.004603945329506269,0.004591285279790539,0.025320099431459686,1.2660049715729843e-05,5,0.9499999999999998,0.050000000000000155
2018-04-20,-0.009517240674541993,-0.009616586782714088,0.1986922163441897,9.934610817209485e-05,5,0.8513077836558104,0.1486922163441896
2018-04-23,-0.034717933986836244,-0.03477890347073729,0.12193896780208371,6.096948390104186e-05,5,0.9499999999999997,0.050000000000000266
2018-04-24,0.012870111608764619,0.012774442722208838,0.1913377731115603,9.566888655578016e-05,5,0.8586622268884399,0.14133777311156015
2018-04-25,0.02844741549011453,0.028394915270814013,0.10500043860103155,5.250021930051577e-05,5,0.95,0.050000000000000044
2018-04-26,0.0006266585728123722,0.0005963844079812387,0.06054832966226706,3.027416483113353e-05,5,0.95,0.050000000000000044
2018-04-27,-0.02668679737262256,-0.026703463810552906,0.0333328758606915,1.666643793034575e-05,5,0.95,0.050000000000000044
2018-04-30,0.011353120503777365,0.011329374202627805,0.04749260229911953,2.3746301149559767e-05,5,0.95,0.050000000000000044
2018-05-01,0.04842884459761246,0.04841967560238733,0.018337990450250224,9.168995225125112e-06,5,0.95,0.050000000000000044
2018-05-02,-0.005996362260645187,-0.006095414695940725,0.19810487059107668,9.905243529553834e-05,5,0.8518951294089233,0.1481048705910767
2018-05-03,-0.023121951854178535,-0.023214892857096776,0.1858820058364836,9.29410029182418e-05,5,0.9499999999999998,0.050000000000000155
2018-05-04,0.013920481282794763,0.013823014720182117,0.19493312522529266,9.746656261264634e-05,5,0.8550668747747073,0.14493312522529267
2018-05-07,-0.0004576516492493259,-0.0005090726117492931,0.10284192499993441,5.142096249996721e-05,5,0.95,0.050000000000000044
2018-05-08,0.021615018671629627,0.02158494489164725,0.0601475599647532,3.00737799823766e-05,5,0.95,0.050000000000000044
2018-05-09,-0.019617348789034678,-0.019709738105972357,0.1847786338753585,9.238931693767925e-05,5,0.8652213661246414,0.1347786338753586
2018-05-10,0.04062891494135728,0.04056578774017144,0.12625440237168517,6.312720118584258e-05,5,0.9499999999999998,0.050000000000000155
2018-05-11,0.04076370955474222,0.04066177725065161,0.20386460818122706,0.00010193230409061353,5,0.8461353918187732,0.15386460818122683
2018-05-14,0.0037599379983885555,0.0036953773146239976,0.12912136752911607,6.456068376455804e-05,5,0.9500000000000001,0.04999999999999993
2018-05-15,0.00409596132022106,0.004079771957726036,0.032378724990048624,1.6189362495024314e-05,5,0.95,0.050000000000000044
2018-05-16,-0.006461312992815546,-0.0064773265012171705,0.03202701680324921,1.6013508401624606e-05,5,0.95,0.050000000000000044
2018-05-17,0.014545868447923955,0.014512649351961298,0.066438191925314,3.3219095962657e-05,5,0.95,0.050000000000000044
2018-05-18,-0.017124504963402745,-0.017229156563009655,0.20930319921382107,0.00010465159960691053,5,0.8406968007861788,0.1593031992138212
2018-05-21,0.011421382837681036,0.011268033012409067,0.306699650543938,0.000153349825271969,5,0.852603548669883,0.14739645133011703
2018-05-22,0.007115353145757429,0.007065533804334099,0.09963868284665989,4.981934142332994e-05,5,0.9499999999999998,0.050000000000000155
2018-05-23,0.01323975196804949,0.013207925845234173,0.0636522456306359,3.182612281531795e-05,5,0.9499999999999998,0.050000000000000155
2018-05-24,0.01615134109045132,0.016128196194581754,0.046289791739127395,2.3144895869563697e-05,5,0.9499999999999998,0.050000000000000155
2018-05-25,-0.00197992934827273,-0.0019972763158803493,0.03469393521523803,1.7346967607619015e-05,5,0.9500000000000001,0.04999999999999993
2018-05-29,0.0007443888581829409,0.0007341025889340419,0.020572538497798,1.0286269248898999e-05,5,0.9500000000000001,0.04999999999999993
2018-05-30,0.32037885439656677,0.3203653406827908,0.027027427551938293,1.3513713775969148e-05,5,0.95,0.050000000000000044
2018-05-31,0.010013724389093814,0.009981084809315375,0.06527915955688066,3.263957977844033e-05,5,0.95,0.050000000000000044
2018-06-01,-0.028057919993362743,-0.028075299885071965,0.034759783418444684,1.737989170922234e-05,5,0.95,0.050000000000000044
2018-06-04,0.021673957951007048,0.021666885357228556,0.014145187556981825,7.072593778490913e-06,5,0.9500000000000001,0.04999999999999993
2018-06-05,0.00044174782770887083,0.0003469234403225606,0.18964877477262052,9.482438738631026e-05,5,0.8603512252273794,0.1396487747726206
2018-06-06,0.032893176631657264,0.03283638101270604,0.1135912379024484,5.6795618951224205e-05,5,0.9499999999999997,0.050000000000000266
2018-06-07,-0.006333733555425895,-0.006346194555090626,0.024921999329462097,1.2460999664731049e-05,5,0.95,0.050000000000000044
2018-06-08,-0.007199225939840099,-0.007230014354304642,0.06157682892908617,3.078841446454309e-05,5,0.95,0.050000000000000044
2018-06-11,0.009492856095834876,0.009472539197008962,0.04063379765182887,2.0316898825914434e-05,5,0.9500000000000001,0.04999999999999993
2018-06-12,0.08887917188097366,0.08884902941180653,0.06028493833425884,3.014246916712942e-05,5,0.9500000000000001,0.04999999999999993
2018-06-13,0.01622198999984502,0.016129034649361065,0.18591070096790882,9.29553504839544e-05,5,0.864089299032091,0.13591070096790903
2018-06-14,-0.030220696243456906,-0.030316273901297527,0.1911553156812407,9.557765784062035e-05,5,0.9447553852866682,0.05524461471333175
2018-06-15,0.05474850561572881,0.05465981072429487,0.17738978286788148,8.869489143394074e-05,5,0.8778548318454502,0.12214516815454979
2018-06-18,0.010448311091742926,0.010358303600916786,0.1800149816522803,9.000749082614016e-05,5,0.9421301865022694,0.05786981349773057
2018-06-19,-0.0010183364468273814,-0.0010490238455145226,0.06137479737428245,3.068739868714122e-05,5,0.9500000000000002,0.04999999999999982
2018-06-20,-0.006044148446143077,-0.006051072963279846,0.013849034273536398,6.9245171367681994e-06,5,0.9500000000000001,0.04999999999999993
2018-06-21,0.006935864490643519,0.006912681446982984,0.04636608732106953,2.3183043660534767e-05,5,0.95,0.050000000000000044
2018-06-22,-0.01257631041812075,-0.012587457546647897,0.022294257054292027,1.1147128527146013e-05,5,0.9500000000000002,0.04999999999999982
2018-06-25,0.01949358387886529,0.019470277221939867,0.04661331385085157,2.3306656925425787e-05,5,0.9500000000000002,0.04999999999999982
2018-06-26,-0.041434794609633945,-0.04145863447356611,0.04767972786432936,2.3839863932164682e-05,5,0.95,0.050000000000000044
2018-06-27,0.010622051593563145,0.01059864132340396,0.04682054031836773,2.3410270159183864e-05,5,0.9499999999999997,0.050000000000000266
2018-06-28,0.00705050809757095,0.00703008333340504,0.04084952833181932,2.042476416590966e-05,5,0.9499999999999998,0.050000000000000155
2018-06-29,0.029146877555657383,0.029032616105555884,0.22852290020299534,0.00011426145010149767,5,0.8214770997970048,0.17852290020299522
2018-07-02,0.010662879901859077,0.010585915689487621,0.15392842474291285,7.696421237145643e-05,5,0.95,0.050000000000000044
2018-07-03,0.013193598560771739,0.013178431049582717,0.030335022378042448,1.5167511189021225e-05,5,0.9499999999999998,0.050000000000000155
2018-07-05,0.012080051887728756,0.012057213593718922,0.04567658801966877,2.2838294009834386e-05,5,0.95,0.050000000000000044
2018-07-06,0.014042732570323452,0.014029358756574763,0.026747627497378176,1.3373813748689088e-05,5,0.9500000000000001,0.04999999999999993
2018-07-09,-0.02859269051448854,-0.02867605056433861,0.16672009970013701,8.33600498500685e-05,5,0.8832799002998628,0.11672009970013719
2018-07-10,-0.0031090862963503263,-0.003152376612265209,0.08658063182976605,4.3290315914883026e-05,5,0.9500000000000001,0.04999999999999993
2018-07-11,-0.005366270844305166,-0.0053810605514590755,0.029579414307819726,1.4789707153909863e-05,5,0.9499999999999998,0.050000000000000155
2018-07-12,0.014217188211099591,0.014202332588004882,0.029711246189418478,1.4855623094709239e-05,5,0.95,0.050000000000000044
2018-07-13,-0.021902262952793915,-0.021945773553973605,0.08702120235937617,4.3510601179688085e-05,5,0.9500000000000001,0.04999999999999993
2018-07-16,0.01415961028750518,0.0140862669866688,0.1466866016727612,7.33433008363806e-05,5,0.9033133983272388,0.09668660167276122
2018-07-17,0.0008210536371278882,0.0007766260427851387,0.08885518868549899,4.4427594342749495e-05,5,0.9499999999999998,0.050000000000000155
2018-07-18,0.008436138255614763,0.008399664374674938,0.07294776187964852,3.647388093982426e-05,5,0.95,0.050000000000000044
2018-07-19,0.0043430685633990065,0.00433105564657633,0.02402583364535242,1.201291682267621e-05,5,0.95,0.050000000000000044
2018-07-20,-0.001345788314469104,-0.0013587342040017592,0.025891779065310136,1.2945889532655069e-05,5,0.9499999999999998,0.050000000000000155
2018-07-23,-0.018695785402677134,-0.018707975213712386,0.02437962207050437,1.2189811035252185e-05,5,0.9500000000000001,0.04999999999999993
2018-07-24,0.009140956578918398,0.009126827313407,0.028258531022794867,1.4129265511397434e-05,5,0.9499999999999997,0.050000000000000266
2018-07-25,0.015216588319559238,0.01520386221921276,0.0254522006929591,1.272610034647955e-05,5,0.95,0.050000000000000044
2018-07-26,-0.03356199686879747,-0.033590972195560134,0.0579506535253381,2.897532676266905e-05,5,0.95,0.050000000000000044
2018-07-27,-0.036340224846843135,-0.036405918884381175,0.1313880750760783,6.569403753803915e-05,5,0.9186119249239216,0.08138807507607837
2018-07-30,-0.020947583957815784,-0.0210090824515899,0.12299698754823099,6.14984937741155e-05,5,0.9500000000000001,0.04999999999999993
2018-07-31,-0.005051716815784911,-0.0050644710425031035,0.025508453436384415,1.2754226718192207e-05,5,0.9500000000000001,0.04999999999999993
2018-08-01,0.015459475521969386,0.015442960948769591,0.033029146399591314,1.6514573199795657e-05,5,0.9500000000000002,0.04999999999999982
2018-08-02,-0.02912530455162638,-0.029138526046821597,0.026442990390432297,1.322149519521615e-05,5,0.9500000000000002,0.04999999999999982
2018-08-03,0.0034887504472437157,0.003478983882002885,0.019533130481661234,9.766565240830618e-06,5,0.9500000000000002,0.04999999999999982
2018-08-06,0.015336995826961602,0.015331737620043912,0.010516413835380017,5.258206917690009e-06,5,0.9500000000000001,0.04999999999999993
2018-08-07,0.003069789932950976,0.00305275041975347,0.0340790263950114,1.70395131975057e-05,5,0.95,0.050000000000000044
2018-08-08,-0.0025119818336796183,-0.002526454873422129,0.028946079485021065,1.4473039742510532e-05,5,0.95,0.050000000000000044
2018-08-09,0.00017782428098169823,0.00015854242818653426,0.03856370559032797,1.9281852795163985e-05,5,0.95,0.050000000000000044
2018-08-10,-0.02258288938843191,-0.022604206743299295,0.04263470973477047,2.1317354867385236e-05,5,0.95,0.050000000000000044
2018-08-13,0.0038773705495201297,0.003863038496544094,0.028664105952070806,1.4332052976035403e-05,5,0.95,0.050000000000000044
2018-08-14,-0.02922184635415303,-0.02923055565031467,0.01741859232327979,8.709296161639894e-06,5,0.9499999999999998,0.050000000000000155
2018-08-15,0.010359083392846299,0.010347573110946483,0.02302056379963005,1.1510281899815025e-05,5,0.9499999999999998,0.050000000000000155
2018-08-16,-0.000755113178932806,-0.0007654001611786035,0.020573964491594862,1.028698224579743e-05,5,0.95,0.050000000000000044
2018-08-17,-0.01064152967606538,-0.010657050451297827,0.031041550464894818,1.552077523244741e-05,5,0.95,0.050000000000000044
2018-08-20,0.019876124893557962,0.019862741145013584,0.026767497088758266,1.3383748544379134e-05,5,0.95,0.050000000000000044
2018-08-21,0.023453012713038394,0.02343553875892197,0.03494790823285221,1.7473954116426105e-05,5,0.9499999999999998,0.050000000000000155
2018-08-22,-0.005263187572034712,-0.00527524731407552,0.02411948408161635,1.2059742040808174e-05,5,0.95,0.050000000000000044
2018-08-23,-0.0009464827981640837,-0.0009675600946852402,0.04215459304231313,2.1077296521156565e-05,5,0.9499999999999998,0.050000000000000155
2018-08-24,-0.008551718860050125,-0.008593297036053252,0.08315635200625361,4.157817600312681e-05,5,0.9500000000000001,0.04999999999999993
2018-08-27,0.006315122778737223,0.006239581702813903,0.15108215184664187,7.554107592332093e-05,5,0.8989178481533581,0.10108215184664193
2018-08-28,0.0040860989448002405,0.004037242539175838,0.09771281124880656,4.8856405624403275e-05,5,0.95,0.050000000000000044
2018-08-29,-0.01833550094481783,-0.018355020088966598,0.039038288297539456,1.9519144148769727e-05,5,0.9500000000000001,0.04999999999999993
2018-08-30,0.007609423384552994,0.007595197002146122,0.02845276481374384,1.4226382406871921e-05,5,0.95,0.050000000000000044
2018-08-31,-0.0035503609759662386,-0.0035645424907690395,0.028363029605601567,1.4181514802800783e-05,5,0.95,0.050000000000000044
2018-09-04,-0.019209700707458362,-0.019231981554941463,0.044561694966199036,2.228084748309952e-05,5,0.95,0.050000000000000044
2018-09-05,-0.0032733743580925963,-0.003284408096693162,0.022067477201131308,1.1033738600565655e-05,5,0.95,0.050000000000000044
2018-09-06,0.01778138817846716,0.017773103164010925,0.016570028912470516,8.285014456235259e-06,5,0.95,0.050000000000000044
2018-09-07,0.017659778439807813,0.017641712396399695,0.036132086816233616,1.806604340811681e-05,5,0.95,0.050000000000000044
2018-09-10,0.008824458195108513,0.008804134133639206,0.040648122938614556,2.032406146930728e-05,5,0.95,0.050000000000000044
2018-09-11,-0.009963439369540186,-0.009980200391045337,0.03352204301030222,1.676102150515111e-05,5,0.95,0.050000000000000044
2018-09-12,-0.008349179654094983,-0.00835725101535259,0.016142722515215063,8.071361257607533e-06,5,0.9499999999999997,0.050000000000000266
2018-09-13,-0.006872045149357125,-0.006949266382517684,0.15444246632111805,7.722123316055903e-05,5,0.8955575336788821,0.10444246632111787
2018-09-14,-0.007900833167448253,-0.00793305141887902,0.0644365028615349,3.221825143076745e-05,5,0.9499999999999998,0.050000000000000155
2018-09-17,-0.028062540149686302,-0.028203920611149586,0.2827609229265706,0.00014138046146328531,5,0.7672390770734295,0.23276092292657047
2018-09-18,0.015245957959877526,0.015085200202120732,0.3215155155135895,0.00016075775775679474,5,0.9112454074129809,0.08875459258701912
2018-09-19,0.016099513942880193,0.016060611183774418,0.07780551821154964,3.890275910577482e-05,5,0.95,0.050000000000000044
2018-09-20,-0.02372107344750401,-0.023739637210774673,0.03712752654132999,1.8563763270664996e-05,5,0.95,0.050000000000000044
2018-09-21,0.0357442837812079,0.03573988112294789,0.008805316520024864,4.402658260012432e-06,5,0.9499999999999998,0.050000000000000155
2018-09-24,-0.005656094603832748,-0.0057323844288837056,0.15257965010191518,7.62898250509576e-05,5,0.8974203498980851,0.10257965010191494
2018-09-25,-0.04233819325146472,-0.04236448307651568,0.0525796501019149,2.628982505095745e-05,5,0.95,0.050000000000000044
2018-09-26,-0.009633850631119992,-0.009657091108876937,0.04648095551388867,2.3240477756944335e-05,5,0.95,0.050000000000000044
2018-09-27,-0.00894238054491748,-0.008973867049055412,0.06297300827586258,3.148650413793129e-05,5,0.9499999999999998,0.050000000000000155
2018-09-28,-0.007684004846688531,-0.007724565851422141,0.08112200946721901,4.056100473360951e-05,5,0.9500000000000002,0.04999999999999982
2018-10-01,-0.01380169756198341,-0.013809472156609652,0.01554918925248533,7.774594626242665e-06,5,0.9500000000000001,0.04999999999999993
2018-10-02,-0.0014994671186774496,-0.0015244341541014105,0.04993407084792206,2.4967035423961033e-05,5,0.9500000000000001,0.04999999999999993
2018-10-03,-0.046097893744587226,-0.04611812294599213,0.04045840280979965,2.0229201404899823e-05,5,0.9499999999999997,0.050000000000000266
2018-10-04,-0.010177862846583107,-0.010201020906253752,0.046316119341292955,2.3158059670646477e-05,5,0.95,0.050000000000000044
2018-10-05,-0.025754720220790027,-0.025891056276262737,0.27267211094542015,0.0001363360554727101,5,0.7773278890545801,0.22267211094541994
2018-10-08,-0.01528150913255536,-0.015378619741699535,0.19422121828835143,9.711060914417572e-05,5,0.95,0.050000000000000044
2018-10-09,-0.05595127715985363,-0.055976839912565086,0.051125505422905226,2.5562752711452612e-05,5,0.9500000000000001,0.04999999999999993
2018-10-10,-0.009779812380571528,-0.009801284621922783,0.042944482702510084,2.1472241351255042e-05,5,0.9500000000000001,0.04999999999999993
2018-10-11,0.03705094081372869,0.03703345362212907,0.034974383199237374,1.748719159961869e-05,5,0.95,0.050000000000000044
2018-10-12,-0.024542396170916476,-0.024558036607100927,0.03128087236890062,1.564043618445031e-05,5,0.9500000000000001,0.04999999999999993
2018-10-15,0.052306998151894366,0.052203274720268755,0.2074468632512206,0.0001037234316256103,5,0.8425531367487795,0.15744686325122048
2018-10-16,-0.021242563573273934,-0.021349686418471795,0.214245690395719,0.0001071228451978595,5,0.9432011728555016,0.056798827144498354
2018-10-17,-0.029374501945809317,-0.029395019260923257,0.04103463022787929,2.0517315113939645e-05,5,0.9499999999999998,0.050000000000000155
2018-10-18,-0.03860262932367293,-0.03861813288306792,0.031007118789974863,1.550355939498743e-05,5,0.9500000000000001,0.04999999999999993
2018-10-19,-0.01512792730777313,-0.01513889304590921,0.021931476272160355,1.0965738136080178e-05,5,0.9500000000000001,0.04999999999999993
2018-10-22,0.02021772534391524,0.020203552720162853,0.028345247504776155,1.4172623752388078e-05,5,0.95,0.050000000000000044
2018-10-23,-0.09782250643617404,-0.09783770308279781,0.03039329324752843,1.5196646623764216e-05,5,0.95,0.050000000000000044
2018-10-24,0.056200132666989755,0.05618201078745477,0.03624375906996408,1.8121879534982038e-05,5,0.95,0.050000000000000044
2018-10-25,-0.002987890791113904,-0.003015757572670871,0.05573356311393485,2.7866781556967423e-05,5,0.9499999999999998,0.050000000000000155
2018-10-26,-0.023846970749634783,-0.023866613371053346,0.039285242837124174,1.9642621418562088e-05,5,0.9500000000000001,0.04999999999999993
2018-10-29,0.014260886558963234,0.01416147500399252,0.1988231099414288,9.94115549707144e-05,5,0.8511768900585711,0.1488231099414289
2018-10-30,0.029152241980563695,0.029096399937021084,0.11168408708522387,5.584204354261194e-05,5,0.9499999999999998,0.050000000000000155
2018-10-31,0.07560579408556779,0.0755708359064466,0.06991635824238329,3.495817912119165e-05,5,0.95,0.050000000000000044
2018-11-01,0.014762980716336256,0.014655973662483574,0.2140141077053654,0.00010700705385268269,5,0.8359858922946347,0.1640141077053653
2018-11-02,-0.010499889728065284,-0.010629431422862656,0.2590833895947455,0.00012954169479737274,5,0.9049307181106199,0.09506928188938013
2018-11-05,0.00659671652931643,0.006561883981439347,0.06966509575416654,3.4832547877083275e-05,5,0.95,0.050000000000000044
2018-11-06,0.021028111353730353,0.020997307861989136,0.061606983482430266,3.080349174121513e-05,5,0.9500000000000001,0.04999999999999993
2018-11-07,-0.07919340690483874,-0.07920960111060786,0.03238841153822919,1.6194205769114595e-05,5,0.95,0.050000000000000044
2018-11-08,-0.029548340150968543,-0.029572820659293973,0.04896101665086211,2.4480508325431057e-05,5,0.95,0.050000000000000044
2018-11-09,-0.04290836200299542,-0.043014327066144276,0.21193012629770178,0.00010596506314885089,5,0.8380698737022982,0.16193012629770176
2018-11-12,-0.04485842948008625,-0.04496891263593018,0.2209663116878712,0.00011048315584393561,5,0.9409638146098306,0.059036185390169416
2018-11-13,-0.022465130298556082,-0.022501118751606368,0.07197690610057036,3.598845305028518e-05,5,0.9500000000000001,0.04999999999999993
2018-11-14,0.003738342967971613,0.003628727308741256,0.21923131846071406,0.00010961565923035703,5,0.8307686815392858,0.16923131846071415
2018-11-15,-0.011501605807954172,-0.011618190379769983,0.2331691436316206,0.00011658457181581031,5,0.9360621748290935,0.06393782517090651
2018-11-16,-0.05582753248561911,-0.05593642521849972,0.21778546576123417,0.00010889273288061709,5,0.8461523594096723,0.15384764059032774
2018-11-19,-0.020730549502741842,-0.020794040896891648,0.12698278829960838,6.349139414980419e-05,5,0.95,0.050000000000000044
2018-11-20,0.029681809036110667,0.029661880924303653,0.039856223614028796,1.9928111807014398e-05,5,0.95,0.050000000000000044
2018-11-21,-0.0025140354247857565,-0.002526421146853192,0.024771444134871423,1.2385722067435712e-05,5,0.95,0.050000000000000044
2018-11-23,0.027909461150246256,0.02786971750404411,0.07948729240429042,3.974364620214521e-05,5,0.9500000000000002,0.04999999999999982
2018-11-26,-0.02131243877488369,-0.021429761095973988,0.23464464218059564,0.00011732232109029782,5,0.8153553578194042,0.18464464218059584
2018-11-27,0.03948592480889082,0.03929353117447818,0.3847872688252859,0.00019239363441264296,5,0.79985737335531,0.20014262664468996
2018-11-28,-0.00263709361091309,-0.002790575632961189,0.30696404409619754,0.00015348202204809879,5,0.8931785825484926,0.10682141745150742
2018-11-29,0.005793844872229796,0.0057493153781387075,0.08905898818217647,4.452949409108824e-05,5,0.9500000000000001,0.04999999999999993
2018-11-30,0.02712136153758284,0.027094132199659816,0.05445867584604688,2.7229337923023442e-05,5,0.95,0.050000000000000044
2018-12-03,-0.03893601918153801,-0.03905623002326605,0.24042168345608933,0.00012021084172804466,5,0.8095783165439109,0.19042168345608912
2018-12-04,0.024696489796511064,0.024513910054619833,0.36515948378246266,0.00018257974189123132,5,0.8252621996736265,0.17473780032637354
2018-12-06,-0.04613205354522215,-0.04626558414981909,0.2670612091938852,0.0001335306045969426,5,0.9076765911324883,0.09232340886751167
2018-12-07,0.007894541368459322,0.0077361793484404615,0.31672404003772114,0.00015836202001886056,5,0.7755993688297904,0.22440063117020959
2018-12-10,0.008565869980351784,0.008418970047342838,0.293799866017893,0.0001468999330089465,5,0.9306007651523165,0.06939923484768351
2018-12-11,0.05204827281469473,0.05194201282993149,0.212519969526483,0.0001062599847632415,5,0.8568792653212005,0.1431207346787995
2018-12-12,-0.01303491988759927,-0.013189877571532008,0.3099153678654747,0.00015495768393273735,5,0.8332053668133248,0.1667946331866752
2018-12-13,-0.022402034873352208,-0.022477460757238416,0.15085176777241252,7.542588388620626e-05,5,0.9500000000000001,0.04999999999999993
2018-12-14,-0.04285855179903256,-0.04296142298290034,0.20574236773556284,0.00010287118386778142,5,0.844257632264437,0.15574236773556305
2018-12-17,-0.006889998976601554,-0.006951481052740179,0.122964152277251,6.14820761386255e-05,5,0.95,0.050000000000000044
2018-12-18,-0.005989446528290323,-0.006004677019307594,0.030460982034541173,1.5230491017270586e-05,5,0.9499999999999998,0.050000000000000155
2018-12-19,-0.04693804295118994,-0.046956396697599746,0.03670749281962096,1.835374640981048e-05,5,0.9499999999999998,0.050000000000000155
2018-12-20,-0.07556908976547103,-0.07566421331215847,0.1902470933749039,9.512354668745194e-05,5,0.8597529066250961,0.14024709337490393
2018-12-21,-0.020137386808860593,-0.02020389105731425,0.13300849690731237,6.650424845365618e-05,5,0.95,0.050000000000000044
2018-12-24,0.08965801775483348,0.08955533098162614,0.2053735464146586,0.0001026867732073293,5,0.8446264535853413,0.15537354641465873
2018-12-26,0.018073578832878988,0.017989793324411904,0.1675710169341667,8.378550846708335e-05,5,0.9499999999999998,0.050000000000000155
2018-12-27,-0.008463027681921108,-0.00856303870015177,0.20002203646132594,0.00010001101823066297,5,0.849977963538674,0.15002203646132595
2018-12-28,0.028864775756802012,0.0287693638898834,0.1908237338372246,9.54118669186123e-05,5,0.95,0.050000000000000044
2018-12-31,-0.0033831346947240906,-0.003391873751093693,0.017478112739204424,8.739056369602212e-06,5,0.95,0.050000000000000044
2019-01-02,-0.05614420144197846,-0.056158438214114884,0.02847354427284965,1.4236772136424825e-05,5,0.9499999999999998,0.050000000000000155
2019-01-03,0.08020540203460265,0.08019172987128487,0.027344326635573374,1.3672163317786687e-05,5,0.9500000000000001,0.04999999999999993
2019-01-04,0.06128959736911725,0.06124564984149544,0.08789505524362379,4.3947527621811894e-05,5,0.95,0.050000000000000044
2019-01-07,0.028273123451902568,0.028244820298058797,0.05660630768754529,2.8303153843772648e-05,5,0.9499999999999998,0.050000000000000155
2019-01-08,-0.010595272879127456,-0.010618805138717238,0.047064519179565056,2.353225958978253e-05,5,0.95,0.050000000000000044
2019-01-09,-0.027794284039477833,-0.027815101852052607,0.04163562514954744,2.081781257477372e-05,5,0.9500000000000002,0.04999999999999982
2019-01-10,-0.002740043523559013,-0.0027560222825414827,0.03195751796493912,1.597875898246956e-05,5,0.9499999999999997,0.050000000000000266
2019-01-11,-0.005304165027749956,-0.005314653679557334,0.0209773036147555,1.0488651807377749e-05,5,0.95,0.050000000000000044
2019-01-14,0.03378736839450819,0.033777016714492375,0.020703360031630785,1.0351680015815392e-05,5,0.95,0.050000000000000044
2019-01-15,-0.010939873345524525,-0.011047842997504012,0.21593930395897365,0.00010796965197948683,5,0.8340606960410264,0.1659393039589736
2019-01-16,0.018864236192103395,0.01875548242674559,0.21750753071561243,0.00010875376535780622,5,0.9484317732433611,0.05156822675663886
2019-01-17,0.02955055104790076,0.029440105144287933,0.2208918072256573,0.00011044590361282865,5,0.8306764195309816,0.1693235804690184
2019-01-18,-0.02291534172387505,-0.022978820564464632,0.1269576811791623,6.347884058958115e-05,5,0.9499999999999998,0.050000000000000155
2019-01-22,0.008868305583698602,0.008852105795986071,0.03239957542505953,1.6199787712529765e-05,5,0.95,0.050000000000000044
2019-01-23,0.009802025855458587,0.009795489097753551,0.013073515410072817,6.536757705036409e-06,5,0.95,0.050000000000000044
2019-01-24,0.018769266751757267,0.018662307191827647,0.21391911985923784,0.00010695955992961892,5,0.8360808801407622,0.1639191198592378
2019-01-25,0.0001829262275037857,7.678995585377042e-05,0.21227254330003056,0.00010613627165001528,5,0.95,0.050000000000000044
2019-01-28,-0.012393589165064504,-0.012410566517613688,0.03395470509836743,1.6977352549183715e-05,5,0.95,0.050000000000000044
2019-01-29,0.024846309105090336,0.02483342085502565,0.02577650012937499,1.2888250064687496e-05,5,0.9500000000000002,0.04999999999999982
2019-01-30,0.03559111452817665,0.035580461650766615,0.02130575482006755,1.0652877410033776e-05,5,0.95,0.050000000000000044
2019-01-31,0.006120999721245194,0.006023133272416185,0.19573289765801774,9.786644882900887e-05,5,0.8542671023419823,0.14573289765801767
2019-02-01,0.013887616179464886,0.01383269318477374,0.10984598938229274,5.492299469114637e-05,5,0.95,0.050000000000000044
2019-02-04,0.012422679959723317,0.012408490016717838,0.028379886010957922,1.4189943005478962e-05,5,0.95,0.050000000000000044
2019-02-05,-0.0262366487245303,-0.02625003023916266,0.02676302926471194,1.3381514632355971e-05,5,0.95,0.050000000000000044
2019-02-06,-0.015351962110339446,-0.015475827607360455,0.24773099404201793,0.00012386549702100898,5,0.8022690059579822,0.19773099404201777
2019-02-07,0.010892041422593202,0.010760327728532798,0.2634273881208077,0.00013171369406040384,5,0.9343036059212102,0.0656963940787898
2019-02-08,0.014702037012986738,0.014665650656610746,0.0727727127519831,3.638635637599155e-05,5,0.95,0.050000000000000044
2019-02-11,0.01093263144804676,0.010894770136056268,0.07572262398098029,3.786131199049015e-05,5,0.9500000000000001,0.04999999999999993
2019-02-12,-0.025197160843541105,-0.025214623608712208,0.034925530342204886,1.7462765171102443e-05,5,0.95,0.050000000000000044
2019-02-13,0.0026722450415191806,0.00265415402281849,0.03618203740138154,1.809101870069077e-05,5,0.95,0.050000000000000044
2019-02-14,0.01148947599285795,0.011478992174081172,0.020967637553555685,1.0483818776777843e-05,5,0.9499999999999998,0.050000000000000155
2019-02-15,-0.006123863632566784,-0.006240055417242689,0.23238356935180948,0.00011619178467590474,5,0.8176164306481908,0.18238356935180922
2019-02-19,-0.0026584821047386156,-0.002728927771224766,0.14089133297230041,7.044566648615021e-05,5,0.9499999999999997,0.050000000000000266
2019-02-20,-0.016677914424002138,-0.016788096728826064,0.2203646096478526,0.0001101823048239263,5,0.8296353903521476,0.17036460964785238
2019-02-21,0.026398357110150265,0.02615499701937137,0.48672018155779323,0.0002433600907788966,5,0.6836444280900592,0.3163555719099408
2019-02-22,0.01787292021023909,0.01768671946524619,0.3724014899858,0.00018620074499290002,5,0.9439540819241408,0.056045918075859236
2019-02-25,-0.018924421970999618,-0.018950034930370084,0.051225918740934434,2.561295937046722e-05,5,0.95,0.050000000000000044
2019-02-26,0.00588829501984921,0.005783871017878336,0.20884800394174802,0.00010442400197087401,5,0.8411519960582521,0.15884800394174792
2019-02-27,-0.012703451168379332,-0.012772875816578827,0.13884929639898813,6.942464819949407e-05,5,0.95,0.050000000000000044
2019-02-28,0.009843592284002526,0.00982625446632426,0.034675635356534035,1.7337817678267018e-05,5,0.9500000000000002,0.04999999999999982
2019-03-01,-0.017142507279267322,-0.017324107501387916,0.3632004442411867,0.00018160022212059334,5,0.6867995557588132,0.31320044424118676
2019-03-04,0.025310693399128743,0.025144659365512936,0.33206806723161086,0.00016603403361580544,5,0.9500000000000001,0.04999999999999993
2019-03-05,0.00024436844953486237,0.00021885620958595956,0.05102447989780562,2.551223994890281e-05,5,0.95,0.050000000000000044
2019-03-06,0.013464261022850463,0.013438321255239982,0.05187953522096256,2.593976761048128e-05,5,0.95,0.050000000000000044
2019-03-07,0.028739937607640383,0.028642118592861233,0.19563802955829654,9.781901477914828e-05,5,0.8543619704417035,0.14563802955829652
2019-03-08,0.029222643973145192,0.029119020414810542,0.20724711666929668,0.00010362355833464834,5,0.9383909128889998,0.061609087111000216
2019-03-11,0.02252482308337227,0.022518573626049046,0.012498914646446951,6.249457323223476e-06,5,0.9500000000000001,0.04999999999999993
2019-03-12,0.006392321199991255,0.006365855593491929,0.05293121299865092,2.6465606499325457e-05,5,0.9499999999999997,0.050000000000000266
2019-03-13,0.04959709967151737,0.04957547371406147,0.043251914911799916,2.1625957455899958e-05,5,0.9499999999999998,0.050000000000000155
2019-03-14,0.004164172810158654,0.004135296086579375,0.05775344715855921,2.8876723579279606e-05,5,0.95,0.050000000000000044
2019-03-15,0.019907470586725082,0.01979469974468359,0.22554168408298234,0.00011277084204149117,5,0.8244583159170177,0.17554168408298232
2019-03-18,0.05419353496082671,0.05411834612295485,0.1503776757437186,7.518883787185931e-05,5,0.9500000000000001,0.04999999999999993
2019-03-19,-0.01769536356421834,-0.01780345928251958,0.21619143660247803,0.00010809571830123902,5,0.8338085633975219,0.16619143660247815
2019-03-20,0.055402131403583015,0.055299252842596486,0.2057571219730534,0.00010287856098652671,5,0.95,0.050000000000000044
2019-03-21,-0.021154649137324996,-0.02118263855382275,0.05597883299550829,2.7989416497754148e-05,5,0.95,0.050000000000000044
2019-03-22,0.06616523252271464,0.06613793284674703,0.054599351935230384,2.7299675967615193e-05,5,0.95,0.050000000000000044
2019-03-25,-0.04428516545813692,-0.04434453670159968,0.1187424869255182,5.93712434627591e-05,5,0.9312575130744817,0.06874248692551832
2019-03-26,-0.011629128535211995,-0.011776294799035036,0.2943325276460802,0.0001471662638230401,5,0.774409959279438,0.225590040720562
2019-03-27,-0.007076349694187019,-0.007261561435846845,0.3704234833196526,0.00018521174165982629,5,0.8551665574009092,0.1448334425990908
2019-03-28,0.018181995398197218,0.017965967749538864,0.43205529731671,0.000216027648658355,5,0.7127781452823806,0.2872218547176194
2019-03-29,-0.008996038428265803,-0.0091713751338374,0.35067341114319406,0.00017533670557159703,5,0.9365484435744251,0.06345155642557487
2019-04-01,0.011460172488627917,0.011353071342213524,0.21420229282878464,0.00010710114641439232,5,0.84924926359679,0.15075073640321002
2019-04-02,0.0044770283437901804,0.004369213355188849,0.21562997720266316,0.00010781498860133158,5,0.9351207592005465,0.06487924079945351
2019-04-03,-0.01582232064287639,-0.015842722591950284,0.04080389814778909,2.0401949073894547e-05,5,0.95,0.050000000000000044
2019-04-04,0.013863674831286227,0.013698227285971273,0.3308950906299081,0.00016544754531495404,5,0.7191049093700917,0.28089509062990825
2019-04-05,0.0045459394446231306,0.004404244749197174,0.2833893908519133,0.00014169469542595664,5,0.9499999999999997,0.050000000000000266
2019-04-08,-0.014290874619141474,-0.014388077752867498,0.19440626745204742,9.720313372602371e-05,5,0.8555937325479522,0.14440626745204777
2019-04-09,0.01650179075694786,0.016359659971032742,0.2842615718302398,0.0001421307859151199,5,0.8601446956218076,0.13985530437819238
2019-04-10,-0.016869011623250614,-0.01697993552342762,0.22184780035400747,0.00011092390017700373,5,0.9180075040241845,0.08199249597581548
2019-04-11,-0.013224269945173058,-0.01333749155200035,0.22644321365458242,0.00011322160682729121,5,0.8555492823212326,0.14445071767876738
2019-04-12,0.023388298799477,0.02321764813107701,0.34130133679998237,0.0001706506683999912,5,0.8031493808787846,0.19685061912121538
2019-04-15,0.013592251085349517,0.013509566590648052,0.165368989402929,8.26844947014645e-05,5,0.95,0.050000000000000044
2019-04-16,-0.026775341721685518,-0.02687126176497898,0.19184008658692203,9.592004329346102e-05,5,0.8581599134130777,0.14184008658692226
2019-04-17,-0.009402871107621178,-0.009505581761243696,0.20542130724503638,0.0001027106536225182,5,0.9364187793418854,0.06358122065811456
2019-04-18,0.031149176695985926,0.03112145870788472,0.05543597620240977,2.7717988101204884e-05,5,0.9499999999999998,0.050000000000000155
2019-04-22,0.029120238730644253,0.029035720090467773,0.16903728035295745,8.451864017647873e-05,5,0.8809627196470422,0.1190372803529578
2019-04-23,-0.003499298411642593,-0.003539887602264231,0.08117838124327613,4.058919062163806e-05,5,0.95,0.050000000000000044
2019-04-24,0.027825289757982017,0.027779802464529418,0.09097458690519789,4.5487293452598945e-05,5,0.9500000000000002,0.04999999999999982
2019-04-25,0.022352235398807874,0.022310215025720462,0.08404074617482514,4.202037308741257e-05,5,0.9500000000000001,0.04999999999999993
2019-04-26,0.012710030338912616,0.012614324072210626,0.19141253340397835,9.570626670198917e-05,5,0.8585874665960213,0.14141253340397875
2019-04-29,-0.00040552572168112404,-0.0005051662986273256,0.1992811538924032,9.96405769462016e-05,5,0.9421313795115751,0.05786862048842489
2019-04-30,-0.022551923415236465,-0.022571853661827245,0.0398604931815633,1.9930246590781652e-05,5,0.95,0.050000000000000044
2019-05-01,0.014565535253431662,0.014529243839468457,0.07258282792641131,3.6291413963205656e-05,5,0.9500000000000001,0.04999999999999993
2019-05-02,0.015666885316832576,0.015570589505824902,0.1925916220153493,9.629581100767464e-05,5,0.8574083779846502,0.1425916220153498
2019-05-03,0.01622203604840036,0.016126128937243057,0.19181422231460504,9.590711115730252e-05,5,0.95,0.050000000000000044
2019-05-06,-0.011879218579595762,-0.011907648783171338,0.05686040715115041,2.8430203575575207e-05,5,0.9499999999999998,0.050000000000000155
2019-05-07,0.008279092006135398,0.008185698621212463,0.18678676984587037,9.339338492293518e-05,5,0.8632132301541293,0.13678676984587068
2019-05-08,-0.02447177773715889,-0.024564607150579346,0.18565882684091153,9.282941342045576e-05,5,0.9499999999999998,0.050000000000000155
2019-05-09,0.0151199474655118,0.01511079679355714,0.018301343909317827,9.150671954658913e-06,5,0.95,0.050000000000000044
2019-05-10,-0.017837240066851525,-0.017934012166179084,0.1935441986551165,9.677209932755825e-05,5,0.8564558013448832,0.1435441986551168
2019-05-13,0.028905525877968637,0.02885875377864108,0.09354419865511682,4.677209932755841e-05,5,0.95,0.050000000000000044
2019-05-14,0.041995989280651624,0.04188600497308895,0.21996861512534965,0.00010998430756267483,5,0.83003138487465,0.16996861512535
2019-05-15,0.024009480057440996,0.0239115700726185,0.19581996964499207,9.790998482249604e-05,5,0.9500000000000001,0.04999999999999993
2019-05-16,-0.02259403380469689,-0.022697497667981226,0.2069277265686769,0.00010346386328433845,5,0.8430722734313228,0.15692772656867715
2019-05-17,-0.01679965931884291,-0.01687396878944434,0.1486189412028624,7.43094706014312e-05,5,0.95,0.050000000000000044
2019-05-20,0.0258944906545775,0.025875804023535384,0.03737326208422777,1.8686631042113885e-05,5,0.95,0.050000000000000044
2019-05-21,0.0184302407776434,0.018412150347739655,0.03618085980749461,1.8090429903747303e-05,5,0.9499999999999997,0.050000000000000266
2019-05-22,-0.0336271076520348,-0.03372024164580704,0.18626798754447957,9.313399377223978e-05,5,0.8637320124555201,0.13626798754447988
2019-05-23,0.025772851185267325,0.025677627181331937,0.19044800787077634,9.522400393538817e-05,5,0.9458199796737031,0.054180020326296874
2019-05-24,0.018028948531187677,0.017931082622337377,0.19573181770059708,9.786590885029854e-05,5,0.8584482026256994,0.14155179737430057
2019-05-28,-0.012576343701366382,-0.012713993535233383,0.2752996677340021,0.00013764983386700105,5,0.8662521296402981,0.13374787035970193
2019-05-29,-0.0005386566679834275,-0.0006496877409331295,0.22206214589940412,0.00011103107294970207,5,0.9116857244602975,0.0883142755397025
2019-05-30,-0.03136603018968604,-0.031461366194873816,0.190672010375556,9.5336005187778e-05,5,0.8976422651641461,0.10235773483585386
2019-05-31,-0.010051940656537835,-0.010093522957328311,0.0831646015809536,4.15823007904768e-05,5,0.9500000000000001,0.04999999999999993
2019-06-03,0.017187751917387292,0.017030368055284923,0.3147677242047401,0.00015738386210237005,5,0.7352322757952596,0.2647677242047404
2019-06-04,-0.02122696974543826,-0.021351273982138118,0.24860847339971046,0.00012430423669985524,5,0.9500000000000002,0.04999999999999982
2019-06-05,0.012212900249244719,0.012115463525005294,0.19487344847884985,9.743672423942492e-05,5,0.8551265515211497,0.1448734484788503
2019-06-06,0.033378901412621086,0.03327745596305865,0.2028908991248628,0.0001014454495624314,5,0.941982549353987,0.05801745064601305
2019-06-07,-0.0069254605702523085,-0.006945013972045115,0.03910680358561275,1.9553401792806373e-05,5,0.9500000000000001,0.04999999999999993
2019-06-10,-0.007633445070065229,-0.007653994397443927,0.04109865475739531,2.0549327378697657e-05,5,0.95,0.050000000000000044
2019-06-11,0.02394185598294916,0.02392196615046574,0.03977966496684343,1.9889832483421715e-05,5,0.9499999999999998,0.050000000000000155
2019-06-12,0.02288477701658704,0.022861103814772136,0.04734640362980595,2.3673201814902977e-05,5,0.9499999999999997,0.050000000000000266
2019-06-13,-0.011431714867214868,-0.011516490521708372,0.1695513089870062,8.477565449350311e-05,5,0.8804486910129935,0.1195513089870065
2019-06-14,0.013398909272907067,0.01329969682959748,0.19842488661917396,9.921244330958698e-05,5,0.9211264223678323,0.07887357763216774
2019-06-17,0.030031535867545277,0.029938308010111152,0.18645571486824947,9.322785743412474e-05,5,0.892417862763918,0.10758213723608201
2019-06-18,0.018020359217410034,0.01791455808920472,0.2116022564106279,0.00010580112820531396,5,0.8959798808254538,0.10402011917454623
2019-06-19,0.00787294027626033,0.007785662324096611,0.17455590432743973,8.727795216371987e-05,5,0.9294642148471062,0.07053578515289383
2019-06-20,-0.03286934497446372,-0.032883729812664256,0.028769676401068436,1.4384838200534219e-05,5,0.9499999999999998,0.050000000000000155
2019-06-21,-0.020115437068142773,-0.020198619742439593,0.16636534859364294,8.318267429682147e-05,5,0.8836346514063569,0.11636534859364311
2019-06-24,-0.009187613864518097,-0.00929787429666086,0.22052086428552686,0.00011026043214276343,5,0.8958444843081159,0.10415551569188408
2019-06-25,-0.028867603662920335,-0.028896240852753798,0.05727437966692632,2.8637189833463162e-05,5,0.9500000000000002,0.04999999999999982
2019-06-26,0.07684936671576749,0.0767690685152161,0.1605964011027704,8.02982005513852e-05,5,0.8894035988972291,0.11059640110277091
2019-06-27,0.006818699472290902,0.006786552277725576,0.06429438913065046,3.214719456532523e-05,5,0.95,0.050000000000000044
2019-06-28,0.01290802608214192,0.012899962888345868,0.016126387592103733,8.063193796051867e-06,5,0.95,0.050000000000000044
2019-07-01,0.02646478394863036,0.026460963643034234,0.007640611192255259,3.820305596127629e-06,5,0.95,0.050000000000000044
2019-07-02,0.001452001554753393,0.0013684562787038843,0.16709055209901746,8.354527604950873e-05,5,0.8829094479009821,0.11709055209901786
2019-07-03,0.009033727036744554,0.008955739382452761,0.15597530858358574,7.798765429179288e-05,5,0.95,0.050000000000000044
2019-07-05,0.015666026037009714,0.015571906564056931,0.18823894590556733,9.411947295278366e-05,5,0.8617610540944323,0.13823894590556773
2019-07-08,-0.008669487495192535,-0.008718686924085058,0.09839885778504796,4.919942889252398e-05,5,0.95,0.050000000000000044
2019-07-09,-0.014238054440839018,-0.014305944132326,0.13577938297396558,6.788969148698279e-05,5,0.9142206170260343,0.0857793829739657
2019-07-10,-0.004455742347677366,-0.004485874696681047,0.06026469800736273,3.0132349003681365e-05,5,0.9500000000000001,0.04999999999999993
2019-07-11,0.0021422243579249387,0.002049243993986167,0.18596072787754403,9.298036393877202e-05,5,0.8640392721224555,0.13596072787754454
2019-07-12,0.000558461932820671,0.00042517927808408205,0.2665653094731778,0.0001332826547365889,5,0.8693954184043663,0.1306045815956337
2019-07-15,-0.0033392426178255334,-0.0034499606036018063,0.22143597155254596,0.00011071798577627298,5,0.9091686100430874,0.09083138995691264
2019-07-16,-8.602525795912025e-05,-0.00010644095293757647,0.04083138995691242,2.041569497845621e-05,5,0.95,0.050000000000000044
2019-07-17,0.008722701256036325,0.008717145668318731,0.011111175435186652,5.555587717593326e-06,5,0.95,0.050000000000000044
2019-07-18,-0.007661503428673229,-0.007673666891545627,0.02432692574479743,1.2163462872398717e-05,5,0.9500000000000001,0.04999999999999993
2019-07-19,0.029998649990392052,0.02998986733254338,0.017565315697340295,8.782657848670147e-06,5,0.9500000000000002,0.04999999999999982
2019-07-22,-0.021420526477784772,-0.021439336894812065,0.03762083405458655,1.8810417027293274e-05,5,0.95,0.050000000000000044
2019-07-23,-0.0014690211290249162,-0.0015594644723031558,0.18088668655647921,9.04433432782396e-05,5,0.8691133134435206,0.1308866865564794
2019-07-24,0.0033893491921208048,0.0033399101616213246,0.0988780609989608,4.94390304994804e-05,5,0.95,0.050000000000000044
2019-07-25,0.04687582339595135,0.04684664471459418,0.058357362714343025,2.9178681357171514e-05,5,0.95,0.050000000000000044
2019-07-26,-0.029713628661644287,-0.029734697068361376,0.042136813434178536,2.1068406717089267e-05,5,0.95,0.050000000000000044
2019-07-29,0.0005666656993997019,0.00046829002811056504,0.1967513425782738,9.837567128913691e-05,5,0.853248657421726,0.14675134257827405
2019-07-30,0.0321825743562078,0.03213271953771721,0.09970963698117533,4.9854818490587665e-05,5,0.9499999999999998,0.050000000000000155
2019-07-31,0.022005498523889378,0.021999131519975144,0.012734007828467203,6.367003914233601e-06,5,0.95,0.050000000000000044
2019-08-01,-0.002808496777688946,-0.002937475700451483,0.25795784552507417,0.0001289789227625371,5,0.7920421544749255,0.20795784552507446
2019-08-02,-0.052476477550148115,-0.052567388900327285,0.18182270035833564,9.091135017916782e-05,5,0.9499999999999998,0.050000000000000155
2019-08-05,0.014660768027951665,0.014582864015099912,0.15580802570350594,7.790401285175296e-05,5,0.894191974296494,0.105808025703506
2019-08-06,0.0215056873206401,0.021427212637729006,0.15694936582219082,7.847468291109541e-05,5,0.9488586598813151,0.051141340118684875
2019-08-07,0.026933884832013266,0.02685890495669842,0.14995975062969158,7.49798753148458e-05,5,0.9011815894889933,0.0988184105110067
2019-08-08,-0.0016692154923473414,-0.0017774248457073456,0.21641870672000818,0.00010820935336000409,5,0.8823997037909984,0.11760029620900159
2019-08-09,-0.021455509626011202,-0.021492763606021193,0.07450796001998426,3.7253980009992134e-05,5,0.95,0.050000000000000044
2019-08-12,0.05575450746811925,0.055747410841912384,0.014193252413740115,7.096626206870057e-06,5,0.95,0.050000000000000044
2019-08-13,-0.04043877786184708,-0.04051354107224285,0.14952642079154344,7.476321039577172e-05,5,0.9004735792084563,0.09952642079154372
2019-08-14,-0.06869502189231469,-0.06876902676718569,0.14800974974198927,7.400487487099464e-05,5,0.9500000000000001,0.04999999999999993
2019-08-15,0.05199030152880835,0.05191649108430197,0.14762088901275322,7.381044450637661e-05,5,0.9023791109872464,0.09762088901275356
2019-08-16,0.009740603007248484,0.0096718274592204,0.13755109605616578,6.87755480280829e-05,5,0.9500000000000002,0.04999999999999982
2019-08-19,-0.003977364693524825,-0.00404619303538573,0.13765668372181022,6.882834186090512e-05,5,0.9123433162781894,0.08765668372181057
2019-08-20,0.026462622562306932,0.026388250999961685,0.14874312469049397,7.437156234524698e-05,5,0.9389135590313162,0.061086440968683764
2019-08-21,-0.026847226575261108,-0.026882510989708244,0.07056882889427325,3.5284414447136626e-05,5,0.95,0.050000000000000044
2019-08-22,-0.0161103266051819,-0.016126397195954018,0.032141181544237854,1.607059077211893e-05,5,0.9500000000000001,0.04999999999999993
2019-08-23,0.015331393998853023,0.01531477644907286,0.033235099560329745,1.6617549780164872e-05,5,0.9500000000000001,0.04999999999999993
2019-08-26,-0.03144443508479937,-0.03146396717091673,0.03906417223472462,1.953208611736231e-05,5,0.9500000000000001,0.04999999999999993
2019-08-27,0.028235155337000307,0.02816078019734743,0.14875027930575668,7.437513965287834e-05,5,0.9012497206942431,0.09875027930575686
2019-08-28,-0.0005379194472400716,-0.000568386521244018,0.06093414800789291,3.0467074003946456e-05,5,0.95,0.050000000000000044
2019-08-29,-0.006530090926345075,-0.006633237919147344,0.2062939856045394,0.00010314699280226971,5,0.8437060143954604,0.15629398560453955
2019-08-30,-0.04167988752671027,-0.04182057330716115,0.28137156090176396,0.000140685780450882,5,0.8749224247027754,0.12507757529722463
2019-09-03,0.019610495086686313,0.019478949050528917,0.2630920723147897,0.00013154603615739486,5,0.8619855029824347,0.1380144970175653
2019-09-04,-0.02711906197585755,-0.027243376820101674,0.24862968848824757,0.0001243148442441238,5,0.8893848085293174,0.11061519147068255
2019-09-05,0.003833644887493494,0.0037811378725875065,0.1050140298119742,5.250701490598711e-05,5,0.9499999999999998,0.050000000000000155
2019-09-06,-0.034711712740860906,-0.03479429819757599,0.165170913430177,8.25854567150885e-05,5,0.8848290865698228,0.11517091343017716
2019-09-09,-0.010496287373740847,-0.010576479360486203,0.16038397349071304,8.019198674535652e-05,5,0.9500000000000002,0.04999999999999982
2019-09-10,0.03814645947887414,0.03807283500218016,0.14724895338796412,7.362447669398206e-05,5,0.9027510466120354,0.09724895338796458
2019-09-11,-0.017262042585646425,-0.017339308093782882,0.15453101627291427,7.726550813645713e-05,5,0.9427179371150499,0.05728206288495008
2019-09-12,0.007178473625877418,0.0071014843195132404,0.15397861272835542,7.698930636417771e-05,5,0.9033034501565943,0.0966965498434057
2019-09-13,0.03818192807478567,0.03809145026040218,0.18095562876697746,9.047781438348873e-05,5,0.915740921076428,0.08425907892357198
2019-09-16,0.0254807925206724,0.025387822350519756,0.18594034030528628,9.297017015264314e-05,5,0.8983187386182855,0.10168126138171452
2019-09-17,0.0020821021081890954,0.0019979656450030397,0.16827292637211141,8.413646318605571e-05,5,0.9334083350096029,0.06659166499039715
2019-09-18,0.013651347039454085,0.013529176724197517,0.2443406305131366,0.0001221703152565683,5,0.8222510344772602,0.17774896552273978
2019-09-19,0.01218720344021896,0.012071201082669281,0.23200471509935966,0.00011600235754967984,5,0.9457442504233798,0.05425574957662016
2019-09-20,-0.020368903430701826,-0.020482446468088254,0.22708607477285794,0.00011354303738642897,5,0.827169674803762,0.17283032519623798
2019-09-23,-0.04638357572570013,-0.04648277597303654,0.19840049467282364,9.920024733641182e-05,5,0.9499999999999998,0.050000000000000155
2019-09-24,0.01398692337331238,0.013911034441053969,0.15177786451682007,7.588893225841004e-05,5,0.8982221354831798,0.10177786451682025
2019-09-25,-0.04805959848228047,-0.04813920655498524,0.15921614540955578,7.96080727047779e-05,5,0.942561719107264,0.05743828089273595
2019-09-26,-0.0579144443413654,-0.05800189347327569,0.1748982638205882,8.744913191029411e-05,5,0.8825400170721475,0.11745998292785254
2019-09-27,-0.028937412914086268,-0.029044353269684256,0.21388071119597662,0.00010694035559798831,5,0.9035792717318756,0.09642072826812442
2019-09-30,-0.06177243243744268,-0.06182588028495825,0.10689569503113654,5.344784751556827e-05,5,0.9499999999999997,0.050000000000000266
2019-10-01,0.03522310237255967,0.035095940058549525,0.2543246280202881,0.00012716231401014406,5,0.7956753719797118,0.20432462802028817
2019-10-02,0.009100484667711628,0.008977027999000011,0.24691333742323418,0.0001234566687116171,5,0.9500000000000001,0.04999999999999993
2019-10-03,0.015260871281678983,0.015065190035587853,0.3913624921822603,0.00019568124609113018,5,0.6586375078177394,0.34136249218226056
2019-10-04,0.0039183420940791264,0.0037610544384417094,0.31457531127483424,0.00015728765563741712,5,0.9499999999999998,0.050000000000000155
2019-10-07,-0.003193520105343394,-0.0032077597701551915,0.0284793296235948,1.42396648117974e-05,5,0.9500000000000001,0.04999999999999993
2019-10-08,0.00417020155772017,0.004089655908606217,0.16109129822790488,8.054564911395244e-05,5,0.8889087017720946,0.11109129822790542
2019-10-09,0.001330183135182201,0.0012695368636276565,0.12129254310908878,6.064627155454439e-05,5,0.9500000000000002,0.04999999999999982
2019-10-10,0.016100008000049418,0.016024308524685737,0.15139895072735887,7.569947536367943e-05,5,0.8986010492726405,0.1013989507273595
2019-10-11,0.008875823962915629,0.008817041035885171,0.11756585406091487,5.878292703045744e-05,5,0.95,0.050000000000000044
2019-10-14,0.06281532814585025,0.06280493352443824,0.02078924282402994,1.039462141201497e-05,5,0.9500000000000001,0.04999999999999993
2019-10-15,0.017330946902768835,0.01724512883910058,0.1716361273365144,8.58180636682572e-05,5,0.8783638726634853,0.12163612733651474
2019-10-16,0.03306994381906145,0.03302399903910721,0.09188955990848119,4.5944779954240596e-05,5,0.9500000000000001,0.04999999999999993
2019-10-17,-0.03641400240847198,-0.036441895877999196,0.055786939054429496,2.7893469527214748e-05,5,0.95,0.050000000000000044
2019-10-18,0.032965731086785154,0.03286636643434225,0.19872930488580082,9.936465244290041e-05,5,0.8512706951141987,0.14872930488580127
2019-10-21,-0.033821568378841156,-0.03401196032109212,0.3807838845019239,0.00019039194225096195,5,0.7679454203838769,0.23205457961612308
2019-10-22,0.022451363033789362,0.02230248033228432,0.29776540301008486,0.00014888270150504243,5,0.9342891766060378,0.06571082339396217
2019-10-23,0.0023421282828606184,0.0022016152745171396,0.2810260166869577,0.00014051300834347886,5,0.784684806707004,0.21531519329299598
2019-10-24,0.025390440123622442,0.025277095594828287,0.22668905758831426,0.00011334452879415713,5,0.95,0.050000000000000044
2019-10-25,0.008131199634302375,0.008043659502713647,0.17508026317745734,8.754013158872867e-05,5,0.8749197368225423,0.12508026317745768
2019-10-28,0.022859710054600788,0.022799841155253225,0.11973779869512775,5.986889934756388e-05,5,0.9499999999999997,0.050000000000000266
2019-10-29,-0.09103490260311121,-0.09113206501759379,0.19432482896514863,9.716241448257432e-05,5,0.8556751710348511,0.14432482896514887
2019-10-30,0.025386479592939836,0.02521572827552797,0.34150263482372545,0.00017075131741186274,5,0.8028221941414232,0.1971778058585768
2019-10-31,0.007685736611919767,0.007549054309397875,0.27336460504378374,0.00013668230252189187,5,0.9238132008147927,0.07618679918520732
2019-11-01,-0.0068462967361660075,-0.0069406637803041,0.18873408827618363,9.436704413809181e-05,5,0.8874527109090231,0.11254728909097689
2019-11-04,0.010409832630552663,0.010318430093361352,0.18280507438262444,9.140253719131223e-05,5,0.9297422147083518,0.07025778529164817
2019-11-05,-0.007804304187144785,-0.007821339987849094,0.034071601408620145,1.703580070431007e-05,5,0.95,0.050000000000000044
2019-11-06,-0.05159808191662357,-0.05160881074723673,0.021457661226306213,1.0728830613153107e-05,5,0.95,0.050000000000000044
2019-11-07,0.030027772063681617,0.03000278759346233,0.049968940438572196,2.49844702192861e-05,5,0.9499999999999998,0.050000000000000155
2019-11-08,0.001140279597268919,0.0011202601795024085,0.040038835533020845,2.0019417766510424e-05,5,0.9499999999999998,0.050000000000000155
2019-11-11,0.007326036603953862,0.007224839008132399,0.2023951916429272,0.0001011975958214636,5,0.8476048083570722,0.1523951916429278
2019-11-12,0.019231530472410507,0.019178765369104834,0.10553020661134631,5.276510330567315e-05,5,0.95,0.050000000000000044
2019-11-13,0.011821464626753599,0.011761449397494916,0.12003045851736763,6.0015229258683815e-05,5,0.9299695414826319,0.07003045851736811
2019-11-14,0.027241008137844795,0.027184620036026595,0.11277620363640259,5.638810181820129e-05,5,0.95,0.050000000000000044
2019-11-15,-0.007464209250757904,-0.007559731372550675,0.19104424358554134,9.552212179277068e-05,5,0.8589557564144581,0.1410442435855419
2019-11-18,0.042619987875843854,0.04245708828985527,0.32579917197717057,0.00016289958598858528,5,0.8152450716083707,0.18475492839162933
2019-11-19,0.0138284062286876,0.013667745565280569,0.3213213268140599,0.00016066066340702994,5,0.8634336015775688,0.13656639842243123
2019-11-20,0.01786892938172885,0.017743144743188503,0.25156927708068844,0.00012578463854034423,5,0.8849971213417422,0.11500287865825776
2019-11-21,0.0008428379748841124,0.0008018433051963411,0.08198933937554256,4.099466968777128e-05,5,0.9499999999999997,0.050000000000000266
2019-11-22,0.058283071666827474,0.058185797931191566,0.19454747127181515,9.727373563590758e-05,5,0.8554525287281843,0.14454747127181566
2019-11-25,0.009120806729358777,0.009062114937268346,0.11738358418086231,5.869179209043116e-05,5,0.95,0.050000000000000044
2019-11-26,0.029827801629161838,0.029734977529713442,0.18564819889679177,9.282409944839588e-05,5,0.8643518011032078,0.13564819889679225
2019-11-27,-0.0007588950067759592,-0.0008177677437656937,0.11774547397946905,5.887273698973453e-05,5,0.9500000000000002,0.04999999999999982
2019-11-29,-0.022762936925324405,-0.02288545303031144,0.2450322099740702,0.0001225161049870351,5,0.8049677900259293,0.19503220997407067
2019-12-02,0.08115451619663976,0.08104347822897998,0.22207593531956982,0.00011103796765978492,5,0.9500000000000001,0.04999999999999993
2019-12-03,0.013107917898852304,0.013002869247102594,0.2100973034994178,0.0001050486517497089,5,0.8399026965005816,0.16009730349941842
2019-12-04,-0.04851456660452135,-0.04858366042284432,0.1381876366459365,6.909381832296825e-05,5,0.95,0.050000000000000044
2019-12-05,0.019937948178089145,0.019839371007181878,0.1971543418145303,9.857717090726515e-05,5,0.8528456581854691,0.1471543418145309
2019-12-06,-0.002437227695115655,-0.002574393517445414,0.2743316446595184,0.0001371658223297592,5,0.8728226971550119,0.12717730284498807
2019-12-09,0.03607029583657125,0.035883283679553776,0.3740243140349486,0.00018701215701747432,5,0.753152988810039,0.246847011189961
2019-12-10,-0.0057345824029546326,-0.005846057428187301,0.2229500504653371,0.00011147502523266856,5,0.95,0.050000000000000044
2019-12-11,-0.007782913514307169,-0.007807780404654687,0.049733780695036256,2.486689034751813e-05,5,0.9500000000000002,0.04999999999999982
2019-12-12,-0.021937289455590474,-0.021957440450008612,0.04030198883627792,2.015099441813896e-05,5,0.9499999999999998,0.050000000000000155
2019-12-13,0.2893178514932352,0.28929485708849795,0.04598880947449213,2.2994404737246065e-05,5,0.9499999999999998,0.050000000000000155
2019-12-16,0.00318100683648045,0.0030927335384797225,0.17654659600145534,8.827329800072766e-05,5,0.8734534039985441,0.1265465960014559
2019-12-17,0.043457518146299605,0.04336380128922292,0.18743371415337487,9.371685707668744e-05,5,0.9391128818480805,0.060887118151919495
2019-12-18,0.03497448888606125,0.03489240020923947,0.16417735364355357,8.208867682177678e-05,5,0.8967097645083653,0.10329023549163474
2019-12-19,0.0121502841558338,0.012058123974278053,0.18432036311149408,9.216018155574704e-05,5,0.9189698723801398,0.08103012761986017
2019-12-20,-0.0010375618747221795,-0.0011325307029055357,0.18993765636671267,9.496882818335634e-05,5,0.8910924712531467,0.10890752874685328
2019-12-23,0.03355332520769827,0.033523871443324846,0.05890752874685314,2.945376437342657e-05,5,0.95,0.050000000000000044
2019-12-24,0.02083124661754462,0.020822713606825374,0.01706602143849098,8.53301071924549e-06,5,0.95,0.050000000000000044
2019-12-26,-0.03072921546790775,-0.030809195626154424,0.1599603164933453,7.998015824667265e-05,5,0.8900396835066542,0.10996031649334581
2019-12-27,-0.004552381070229728,-0.004593241484563249,0.08172082866704378,4.086041433352189e-05,5,0.95,0.050000000000000044
2019-12-30,0.0024420982174190257,0.0023736577629219478,0.13688090899415545,6.844045449707772e-05,5,0.9131190910058439,0.08688090899415613
2019-12-31,0.010515879245831153,0.010442998318348868,0.14576185496456998,7.288092748228499e-05,5,0.9411190540295854,0.0588809459704146
2020-01-02,-0.0322068860061483,-0.032303229148035496,0.19268628377439576,9.634314188719788e-05,5,0.8661946621960182,0.13380533780398185
2020-01-03,4.406161192389209e-05,-3.0384158974532593e-05,0.14889154179684935,7.444577089842468e-05,5,0.9499999999999998,0.050000000000000155
2020-01-06,-0.013898357935962944,-0.013972680004064387,0.14864413620288608,7.432206810144303e-05,5,0.9013558637971134,0.09864413620288659
2020-01-07,-0.002729139743155654,-0.0028836598974924616,0.30904030867361537,0.0001545201543368077,5,0.7896038275292705,0.2103961724707295
2020-01-08,-0.012415266725677577,-0.012536850607173937,0.24316776299272005,0.00012158388149636003,5,0.95,0.050000000000000044
2020-01-09,-0.01011628232601286,-0.010224592469383094,0.21662028674046907,0.00010831014337023453,5,0.8333797132595304,0.16662028674046958
2020-01-10,-0.0035806792250272497,-0.0036891925573758655,0.21702666469723148,0.00010851333234861575,5,0.9495936220432377,0.05040637795676228
2020-01-13,0.010283444462202236,0.010267158315706586,0.03257229299129842,1.6286146495649212e-05,5,0.95,0.050000000000000044
2020-01-14,0.002236260625877125,0.0022157171581373802,0.041086935479489606,2.0543467739744804e-05,5,0.95,0.050000000000000044
2020-01-15,0.008578677542599408,0.008559535586883178,0.03828391143246218,1.914195571623109e-05,5,0.9500000000000001,0.04999999999999993
2020-01-16,0.0032798419947574773,0.0031848806658735514,0.18992265776785167,9.496132888392583e-05,5,0.8600773422321478,0.13992265776785218
2020-01-17,-0.05179855780987652,-0.05192864009644756,0.260164573142077,0.00013008228657103852,5,0.8797580846257747,0.12024191537422535
2020-01-21,0.014991892013364792,0.014947839739041985,0.08810454864561461,4.4052274322807306e-05,5,0.95,0.050000000000000044
2020-01-22,-0.017197894986786873,-0.017213807871714046,0.031825769854346486,1.5912884927173243e-05,5,0.95,0.050000000000000044
2020-01-23,-0.017541290010368228,-0.01757309962050183,0.0636192202671996,3.18096101335998e-05,5,0.95,0.050000000000000044
2020-01-24,-0.008883590776885643,-0.008982541386451767,0.19790121913224668,9.895060956612335e-05,5,0.8520987808677528,0.14790121913224719
2020-01-27,0.029798096855246026,0.029735895271617754,0.12440316725654572,6.220158362827286e-05,5,0.95,0.050000000000000044
2020-01-28,0.007909100564405873,0.00789046023367277,0.037280661466205414,1.8640330733102707e-05,5,0.95,0.050000000000000044
2020-01-29,-0.02034541256300362,-0.02034969128226268,0.008557438518122837,4.278719259061418e-06,5,0.95,0.050000000000000044
2020-01-30,-0.014557907693639047,-0.014638027948607602,0.16024050993711053,8.012025496855527e-05,5,0.8897594900628889,0.1102405099371111
2020-01-31,0.052803186946170484,0.05272482433648366,0.15672521937365,7.8362609686825e-05,5,0.95,0.050000000000000044
2020-02-03,0.02613968540541721,0.026100471621698006,0.078427567438409,3.9213783719204495e-05,5,0.95,0.050000000000000044
2020-02-04,-0.013818330086812542,-0.01385540411221653,0.07414805080797407,3.707402540398704e-05,5,0.9500000000000001,0.04999999999999993
2020-02-05,-0.024586602086670403,-0.024596076007957393,0.018947842573979634,9.473921286989818e-06,5,0.9500000000000001,0.04999999999999993
2020-02-06,-0.009890491195085484,-0.009911692158796845,0.04240192742272411,2.1200963711362055e-05,5,0.9499999999999998,0.050000000000000155
2020-02-07,0.029430132240734607,0.029342080185634518,0.17610411020017525,8.805205510008762e-05,5,0.8738958897998242,0.12610411020017576
2020-02-10,0.0016197174524748546,0.001541554157295457,0.15632659035879518,7.816329517939758e-05,5,0.9500000000000002,0.04999999999999982
2020-02-11,-0.003057545927838818,-0.0030826479842761263,0.05020411287461704,2.5102056437308522e-05,5,0.95,0.050000000000000044
2020-02-12,-0.019370127606354027,-0.019472697134499835,0.20513905629161533,0.00010256952814580767,5,0.8448609437083843,0.15513905629161573
2020-02-13,0.010663904680218139,0.010611335152072332,0.10513905629161584,5.256952814580792e-05,5,0.95,0.050000000000000044
2020-02-14,-0.010574732268214372,-0.01065486382881081,0.16026312119287478,8.013156059643739e-05,5,0.8897368788071247,0.11026312119287529
2020-02-18,0.059066588937725234,0.05895924575174931,0.21468637195185547,0.00010734318597592774,5,0.8955767492410194,0.10442325075898062
2020-02-19,-0.0041270279020538415,-0.004209402292419385,0.16474878073108667,8.237439036554334e-05,5,0.9396744700278934,0.060325529972106606
2020-02-20,-0.01866179836976659,-0.018752635771766935,0.18167480400069397,9.083740200034699e-05,5,0.878650725971412,0.12134927402858797
2020-02-21,-0.045195996649173766,-0.045235354886598834,0.07871647485013732,3.935823742506866e-05,5,0.95,0.050000000000000044
2020-02-24,-0.055829928813555384,-0.055898242368515004,0.1366271099192431,6.831355495962155e-05,5,0.9133728900807563,0.08662710991924372
2020-02-25,-0.002857066912580115,-0.0029457068537342835,0.17727988230833697,8.863994115416849e-05,5,0.9093472276109063,0.09065277238909375
2020-02-26,-0.03686884840451424,-0.03696046646641349,0.183236123798506,9.1618061899253e-05,5,0.9074166485905872,0.09258335140941276
2020-02-27,-0.0080871155417628,-0.008178184723425711,0.1821383633258234,9.10691816629117e-05,5,0.9104449880835888,0.08955501191641124
2020-02-28,0.09157795016596669,0.09150498488505632,0.14593056182073202,7.296528091036602e-05,5,0.9436244500956785,0.056375549904321476
2020-03-02,-0.01789976141291574,-0.017980383867816016,0.16124490980055467,8.062245490027733e-05,5,0.8951306401037662,0.1048693598962338
2020-03-03,0.04735308497977189,0.04731688133579035,0.07240728796307588,3.620364398153794e-05,5,0.9499999999999998,0.050000000000000155
2020-03-04,-0.01986304019674399,-0.019886286520866485,0.046492648244986334,2.324632412249317e-05,5,0.9499999999999998,0.050000000000000155
2020-03-05,-0.04005526105675984,-0.040091054476927915,0.07158684033614551,3.579342016807276e-05,5,0.9500000000000001,0.04999999999999993
2020-03-06,-0.10882202962043064,-0.10885401505556708,0.06397087027286859,3.19854351364343e-05,5,0.95,0.050000000000000044
2020-03-09,0.00514580541935695,0.005117016475372285,0.0575778879693301,2.878894398466505e-05,5,0.95,0.050000000000000044
2020-03-10,-0.08444443637813413,-0.08445076135669917,0.012649957130063338,6.324978565031669e-06,5,0.9499999999999998,0.050000000000000155
2020-03-11,-0.15154790259082696,-0.15155720983174895,0.018614481843974767,9.307240921987383e-06,5,0.9499999999999997,0.050000000000000266
2020-03-12,-0.00315830343232462,-0.0031623412582613398,0.008075651873439171,4.037825936719586e-06,5,0.9500000000000002,0.04999999999999982
2020-03-13,-0.157105565552839,-0.15712421748455566,0.037303863433300666,1.8651931716650333e-05,5,0.95,0.050000000000000044
2020-03-16,0.06282830189316374,0.06279796902780044,0.060665730726593814,3.0332865363296907e-05,5,0.95,0.050000000000000044
2020-03-17,-0.12260217209403752,-0.1226889351625057,0.17352613693636446,8.676306846818222e-05,5,0.8764738630636351,0.12352613693636494
2020-03-18,0.09399136610060521,0.09392092207663869,0.14088804793304374,7.044402396652187e-05,5,0.95,0.050000000000000044
2020-03-19,0.051929388699147025,0.0518683318293984,0.12211373949724547,6.105686974862274e-05,5,0.9278862605027539,0.07211373949724609
2020-03-20,0.07975778238651805,0.07973732664749088,0.04091147805433845,2.0455739027169227e-05,5,0.9499999999999998,0.050000000000000155
2020-03-23,0.13335144074073602,0.1333350010552256,0.03287937102082128,1.643968551041064e-05,5,0.9499999999999998,0.050000000000000155
2020-03-24,0.009279759136054541,0.009230973439015364,0.09757139407835574,4.878569703917787e-05,5,0.9500000000000001,0.04999999999999993
2020-03-25,0.032990668093511644,0.03297058724028208,0.040161706459128754,2.0080853229564378e-05,5,0.9500000000000001,0.04999999999999993
2020-03-26,-0.04780081689329531,-0.04790488864029038,0.2081434939901504,0.0001040717469950752,5,0.8418565060098491,0.15814349399015093
2020-03-27,-0.03365696645531638,-0.03373634312741857,0.15875334420438236,7.937667210219118e-05,5,0.9499999999999998,0.050000000000000155
2020-03-30,-0.002742244588634234,-0.002767604078240015,0.050718979211562265,2.535948960578113e-05,5,0.95,0.050000000000000044
2020-03-31,-0.05750879171264721,-0.057550133106347774,0.082682787401136,4.1341393700568e-05,5,0.9500000000000001,0.04999999999999993
2020-04-01,-0.01350657346049946,-0.013517043485522658,0.02094005004639475,1.0470025023197376e-05,5,0.95,0.050000000000000044
2020-04-02,-0.013601863753390944,-0.013617912993851683,0.03209848092147628,1.6049240460738142e-05,5,0.95,0.050000000000000044
2020-04-03,0.08797202024465138,0.08794421434681324,0.055611795676291084,2.780589783814554e-05,5,0.9500000000000001,0.04999999999999993
2020-04-06,-0.011497168317669546,-0.011511019293280503,0.027701951221913962,1.385097561095698e-05,5,0.9500000000000002,0.04999999999999982
2020-04-07,0.08340952234110491,0.08336971462332328,0.0796154355632648,3.9807717781632397e-05,5,0.9499999999999998,0.050000000000000155
2020-04-08,-0.0002573549522920625,-0.00034463108369914714,0.1745522628141693,8.727613140708466e-05,5,0.8754477371858305,0.12455226281416953
2020-04-09,0.05377592690770878,0.05370800285880372,0.13584809781011226,6.792404890505613e-05,5,0.95,0.050000000000000044
2020-04-13,0.08018176328899662,0.08013937443222988,0.08477771353347935,4.2388856766739675e-05,5,0.95,0.050000000000000044
2020-04-14,-0.0036559774675572394,-0.0036970333699731274,0.08211180483177566,4.105590241588783e-05,5,0.95,0.050000000000000044
2020-04-15,0.001698480563616918,0.0016331861697388705,0.13058878775609484,6.529439387804742e-05,5,0.9194112122439047,0.08058878775609535
2020-04-16,0.01969571219876579,0.019576539463713603,0.23834547010437185,0.00011917273505218592,5,0.842243317651723,0.157756682348277
2020-04-17,0.04524807621894229,0.04510925138718016,0.27764966352427156,0.0001388248317621358,5,0.8801070188240049,0.11989298117599512
2020-04-20,-0.03964369060908911,-0.039757746147409935,0.2281110766416557,0.00011405553832082785,5,0.8917819045343389,0.10821809546566108
2020-04-21,0.03287230827310335,0.032811452238570904,0.12171206906489539,6.08560345324477e-05,5,0.9499999999999998,0.050000000000000155
2020-04-22,0.04481822993014216,0.0447670550406335,0.102349779017328,5.1174889508664e-05,5,0.9476502209826716,0.0523497790173284
2020-04-23,0.01526136823557831,0.015208852210119101,0.10503205091841765,5.251602545920883e-05,5,0.9473177280989103,0.05268227190108965
2020-04-24,0.08049719308942235,0.08044786613117924,0.09865391648623222,4.932695824311611e-05,5,0.9499999999999998,0.050000000000000155
2020-04-27,0.004044390493004282,0.003919121533979631,0.2505379180493016,0.00012526895902465078,5,0.799462081950698,0.200537918049302
2020-04-28,0.03364703592664081,0.03356491058898905,0.16425067530352083,8.212533765176042e-05,5,0.9499999999999998,0.050000000000000155
2020-04-29,-0.01979051158520964,-0.019825658604031512,0.0702940376437427,3.514701882187135e-05,5,0.95,0.050000000000000044
2020-04-30,-0.020397529969863173,-0.020520619047116686,0.2461781545070243,0.00012308907725351215,5,0.8038218454929754,0.19617815450702458
2020-05-01,0.02749093002808599,0.027377186912788055,0.22748623059586726,0.00011374311529793363,5,0.95,0.050000000000000044
2020-05-04,-0.010571757309594245,-0.0106765707910698,0.20962696295111005,0.00010481348147555502,5,0.8403730370488897,0.15962696295111034
2020-05-05,0.010677725243740884,0.010584133383339257,0.18718372080325496,9.359186040162749e-05,5,0.95,0.050000000000000044
2020-05-06,0.017794043620288226,0.017666912064625978,0.25426311132449614,0.00012713155566224807,5,0.7957368886755034,0.2042631113244966
2020-05-07,0.008271537305444006,0.008174279654958877,0.19451530097025993,9.725765048512996e-05,5,0.95,0.050000000000000044
2020-05-08,0.11280849662843362,0.1127577533424004,0.10148657206643699,5.07432860332185e-05,5,0.9485134279335625,0.051486572066437475
2020-05-11,0.14409166518436703,0.14405935673143322,0.06461690586762267,3.230845293381134e-05,5,0.95,0.050000000000000044
2020-05-12,-0.009815352511641482,-0.009932454025181982,0.23420302708100055,0.00011710151354050027,5,0.8157969729189991,0.1842030270810009
2020-05-13,-0.006017550092077964,-0.006135572062126787,0.23604394009764562,0.00011802197004882282,5,0.9481590869833548,0.051840913016645174
2020-05-14,0.010630629832880652,0.010519168927802044,0.22292181015721513,0.00011146090507860757,5,0.8289191028594295,0.1710808971405705
2020-05-15,0.09277284739606419,0.0926967123550158,0.15227008209677903,7.613504104838952e-05,5,0.95,0.050000000000000044
2020-05-18,-0.02131084700936724,-0.0213373866567354,0.053079294736319255,2.653964736815963e-05,5,0.95,0.050000000000000044
2020-05-19,0.009416378005141772,0.009294952003592427,0.24285200309868876,0.00012142600154934438,5,0.8071479969013107,0.19285200309868933
2020-05-20,0.013561418135599319,0.013483987834624863,0.15486060194891219,7.74303009744561e-05,5,0.9500000000000002,0.04999999999999982
2020-05-21,-0.034176837104898966,-0.03421007910680981,0.06648400382167946,3.324200191083973e-05,5,0.9500000000000001,0.04999999999999993
2020-05-22,-0.008894236725236147,-0.008933078247113249,0.07768304375420348,3.8841521877101744e-05,5,0.9499999999999998,0.050000000000000155
2020-05-26,0.06537437194356031,0.06535658683452199,0.03557021807666133,1.7785109038330665e-05,5,0.95,0.050000000000000044
2020-05-27,-0.03254202415235555,-0.03257660771521884,0.06916712572659575,3.458356286329788e-05,5,0.95,0.050000000000000044
2020-05-28,0.024265244284102584,0.024245390705483847,0.039707157237471286,1.9853578618735642e-05,5,0.95,0.050000000000000044
2020-05-29,0.06884556545653815,0.06873504228253667,0.22104634800297435,0.00011052317400148718,5,0.8289536519970252,0.1710463480029748
2020-06-01,-0.026710057752829138,-0.02677267552164262,0.12523553762696854,6.261776881348427e-05,5,0.9500000000000002,0.04999999999999982
2020-06-02,-0.029372613257422856,-0.02949197568990453,0.23872486496334924,0.00011936243248167462,5,0.8112751350366502,0.18872486496334984
2020-06-03,-0.041993581077639584,-0.042091854824316835,0.19654749335449453,9.827374667724727e-05,5,0.9500000000000001,0.04999999999999993
2020-06-04,0.002939371613898143,0.0029240630272716383,0.030617173253009472,1.5308586626504737e-05,5,0.9500000000000001,0.04999999999999993
2020-06-05,0.026443843909935323,0.02632676805744565,0.2341517049793445,0.00011707585248967225,5,0.8158482950206549,0.18415170497934508
2020-06-08,-0.005231526614849996,-0.005312466758775254,0.16188028785051595,8.094014392525798e-05,5,0.9499999999999998,0.050000000000000155
2020-06-09,0.03869838582616779,0.038569755439832355,0.25726077267086683,0.00012863038633543342,5,0.7927392273291327,0.2072607726708673
2020-06-10,0.004899538438043711,0.004615297744418736,0.5684813872499492,0.0002842406936249746,5,0.6387793854209174,0.3612206145790826
2020-06-11,0.022892900251279415,0.022635827241564856,0.5141460194291197,0.00025707300971455986,5,0.8470745951499623,0.1529254048500377
2020-06-12,0.12487914597907532,0.1248172382728845,0.12381541238162416,6.190770619081209e-05,5,0.95,0.050000000000000044
2020-06-15,-0.0021816495759157113,-0.002270913541372143,0.1785279309128633,8.926396545643164e-05,5,0.8714720690871361,0.12852793091286385
2020-06-16,0.02375499548013768,0.02361169846404643,0.2865940321825031,0.00014329701609125156,5,0.8419338987303603,0.1580661012696397
2020-06-17,0.052445037445291,0.052285161352884586,0.31975218481282175,0.00015987609240641088,5,0.8383139164568174,0.1616860835431826
2020-06-18,0.059633686092147926,0.05956697566506722,0.13342085416141736,6.671042708070868e-05,5,0.9499999999999998,0.050000000000000155
2020-06-19,0.031334867924965475,0.031307201843074395,0.055332163782154,2.7666081891077e-05,5,0.95,0.050000000000000044
2020-06-22,0.030430541485818446,0.03039434874113722,0.0723854893624535,3.6192744681226746e-05,5,0.9499999999999998,0.050000000000000155
2020-06-23,0.0533449478963103,0.053261960236230234,0.16597532016013006,8.298766008006503e-05,5,0.8840246798398694,0.11597532016013057
2020-06-24,0.012325887276671454,0.012203038836720855,0.24569687990119776,0.00012284843995059887,5,0.8702784402589322,0.1297215597410678
2020-06-25,-0.06069820818398232,-0.06082258735342978,0.2487583388949322,0.0001243791694474661,5,0.8809632208461349,0.11903677915386512
2020-06-26,0.05620474204797035,0.05616146514132471,0.08655381329128645,4.327690664564322e-05,5,0.9500000000000001,0.04999999999999993
2020-06-29,0.028605304179054464,0.02852108505246533,0.16843825317826794,8.421912658913397e-05,5,0.8815617468217314,0.11843825317826862
2020-06-30,-0.030694088477279717,-0.030781449829886398,0.17472270521335972,8.736135260667986e-05,5,0.9437155479649081,0.056284452035091914
2020-07-01,0.008864282731560575,0.008785317931509884,0.15792960010138207,7.896480005069103e-05,5,0.898354851933709,0.10164514806629099
2020-07-02,-0.026940447309039564,-0.027027037860893745,0.17318110370836126,8.659055185418063e-05,5,0.928464044357929,0.07153595564207105
2020-07-06,0.11009294078162679,0.11004415115540064,0.09757925245229135,4.8789626226145677e-05,5,0.95,0.050000000000000044
2020-07-07,0.05648766771065046,0.056455570706031376,0.06419400923816258,3.209700461908129e-05,5,0.95,0.050000000000000044
2020-07-08,-0.00044070409554214287,-0.0005348484534490228,0.1882887158137599,9.414435790687994e-05,5,0.8617112841862394,0.13828871581376057
2020-07-09,-0.026593923724865406,-0.026657073850998397,0.12630025226598451,6.315012613299225e-05,5,0.95,0.050000000000000044
2020-07-10,0.04486886977201371,0.04476391783691908,0.2099038701892515,0.00010495193509462575,5,0.8400961298107479,0.15990387018925212
2020-07-13,0.028514600352450417,0.028408385551782437,0.21242960133596295,0.00010621480066798147,5,0.9474742688532884,0.05252573114671155
2020-07-14,0.02829326267538363,0.02827631947334659,0.03388640407408429,1.6943202037042146e-05,5,0.95,0.050000000000000044
2020-07-15,0.03341100869183958,0.03340075231115431,0.020512761370537133,1.0256380685268566e-05,5,0.9499999999999998,0.050000000000000155
2020-07-16,0.07543415609639674,0.07541958814192841,0.029135908936655713,1.4567954468327857e-05,5,0.9499999999999997,0.050000000000000266
2020-07-17,-0.043857366202059204,-0.04394395338943628,0.1731743747541539,8.658718737707695e-05,5,0.8768256252458457,0.12317437475415427
2020-07-20,0.011926134099121178,0.011883362531831197,0.08554313457996054,4.277156728998027e-05,5,0.95,0.050000000000000044
2020-07-21,-0.0013543228877149743,-0.0013753450855641743,0.042044395698399906,2.1022197849199954e-05,5,0.9499999999999997,0.050000000000000266
2020-07-22,-0.05849679285277673,-0.05853167666491701,0.06976762428055136,3.488381214027568e-05,5,0.9500000000000001,0.04999999999999993
2020-07-23,-0.04912524017667165,-0.04914902971933833,0.04757908533335371,2.3789542666676856e-05,5,0.95,0.050000000000000044
2020-07-24,0.04860984078437279,0.04852812862694433,0.16342431485692957,8.171215742846479e-05,5,0.88657568514307,0.11342431485693005
2020-07-27,0.0173797240345777,0.017303943851187022,0.15156036678136042,7.578018339068021e-05,5,0.95,0.050000000000000044
2020-07-28,-0.019085442903208447,-0.019111760572303797,0.05263533819070211,2.6317669095351057e-05,5,0.95,0.050000000000000044
2020-07-29,-0.007915008582684097,-0.007922496029544507,0.014974893720819824,7.487446860409912e-06,5,0.95,0.050000000000000044
2020-07-30,-0.035649609840461276,-0.0356714096484397,0.043599615956848234,2.179980797842412e-05,5,0.95,0.050000000000000044
2020-07-31,0.09875262160367515,0.09872837269762857,0.04849781209313854,2.424890604656927e-05,5,0.9500000000000001,0.04999999999999993
2020-08-03,-0.001959122437446675,-0.0019933596891909644,0.06847450348857835,3.4237251744289176e-05,5,0.95,0.050000000000000044
2020-08-04,0.03218049677980724,0.03205053146348634,0.2599306326418101,0.00012996531632090505,5,0.7900693673581893,0.20993063264181067
2020-08-05,-0.01437343227678982,-0.01455029079926402,0.3537170449484006,0.0001768585224742003,5,0.8562135876934096,0.1437864123065904
2020-08-06,-0.00942022216334293,-0.009532737029213971,0.22502973174208196,0.00011251486587104098,5,0.9187566805645081,0.0812433194354919
2020-08-07,0.04862454465308408,0.04859070756456595,0.06767417703625436,3.383708851812718e-05,5,0.9500000000000001,0.04999999999999993
2020-08-10,-0.11421219034875262,-0.11422587537176046,0.027370046015696106,1.3685023007848053e-05,5,0.9499999999999998,0.050000000000000155
2020-08-11,-0.06635932290723502,-0.06644295078956187,0.16725576465369857,8.362788232684928e-05,5,0.8827442353463012,0.1172557646536988
2020-08-12,0.04435310235197749,0.04431198239567089,0.08223991261318582,4.111995630659291e-05,5,0.95,0.050000000000000044
2020-08-13,0.03850174908821547,0.0384392685016089,0.12496117321314741,6.248058660657371e-05,5,0.9250388267868522,0.07496117321314777
2020-08-14,0.03533988745057052,0.03532567529457224,0.028424311996550183,1.4212155998275092e-05,5,0.95,0.050000000000000044
2020-08-17,-0.035819378232124124,-0.03583936231846436,0.03996817268046504,1.998408634023252e-05,5,0.9499999999999998,0.050000000000000155
2020-08-18,0.006226738664883179,0.006140942915864544,0.17159149803726906,8.579574901863452e-05,5,0.8784085019627307,0.12159149803726932
2020-08-19,-0.011673316121674578,-0.011722628237430902,0.09862423151264825,4.931211575632413e-05,5,0.9500000000000001,0.04999999999999993
2020-08-20,-0.028532323075261976,-0.02855478411192243,0.044922073320905545,2.2461036660452774e-05,5,0.95,0.050000000000000044
2020-08-21,-0.07795339291466448,-0.07796634513786589,0.02590444640283071,1.2952223201415355e-05,5,0.95,0.050000000000000044
2020-08-24,-0.021086831007082026,-0.021099923466110913,0.026184918057770956,1.3092459028885479e-05,5,0.9499999999999998,0.050000000000000155
2020-08-25,0.0033126122105652037,0.0032871462218472328,0.05093197743594177,2.5465988717970886e-05,5,0.95,0.050000000000000044
2020-08-26,-0.03290938596512623,-0.03291812422721383,0.01747652417520207,8.738262087601035e-06,5,0.95,0.050000000000000044
2020-08-27,-0.0007869904159902095,-0.000798050008094117,0.022119184207814876,1.1059592103907439e-05,5,0.95,0.050000000000000044
2020-08-28,0.030230135551217133,0.030151644550096442,0.1569820022413811,7.849100112069055e-05,5,0.8930179977586183,0.10698200224138166
2020-08-31,-0.026433085104039095,-0.026494214297482235,0.12225838688628128,6.112919344314065e-05,5,0.95,0.050000000000000044
2020-09-01,-0.022768807412980912,-0.022782064177843075,0.026513529724328577,1.325676486216429e-05,5,0.9500000000000002,0.04999999999999982
2020-09-02,-0.029334159269823412,-0.02935310784360186,0.0378971475568929,1.894857377844645e-05,5,0.9500000000000001,0.04999999999999993
2020-09-03,-0.05554633022026663,-0.05562524873056999,0.1578370206067119,7.891851030335595e-05,5,0.8921629793932876,0.10783702060671241
2020-09-04,-0.05029873129591473,-0.05033817343577521,0.0788842797209629,3.944213986048145e-05,5,0.95,0.050000000000000044
2020-09-08,0.04442146808980095,0.044342233680231255,0.15846881913939467,7.923440956969734e-05,5,0.8915311808606048,0.10846881913939521
2020-09-09,0.015466584783768313,0.01538204547498831,0.16907861756000692,8.453930878000346e-05,5,0.9393902015793878,0.060609798420612204
2020-09-10,0.01907606654203345,0.01898551138736622,0.18111030933446082,9.055515466723041e-05,5,0.8794994890861509,0.12050051091384906
2020-09-11,0.1047438825347603,0.10465339112553318,0.18098281845424286,9.049140922712143e-05,5,0.9395176924596058,0.06048230754039419
2020-09-14,0.03787512858251822,0.03778104778332442,0.18816159838760627,9.408079919380313e-05,5,0.8723207091527876,0.1276792908472124
2020-09-15,0.04301850136994598,0.042886118784715925,0.2647651704601081,0.00013238258523005407,5,0.8629141203871039,0.1370858796128961
2020-09-16,-0.012728722696712182,-0.012861669598223888,0.26589380302341126,0.00013294690151170564,5,0.8711920765894844,0.1288079234105156
2020-09-17,-0.0073789811697645095,-0.007494157413889097,0.23035248824917565,0.00011517624412458782,5,0.8984554351613396,0.10154456483866037
2020-09-18,0.010697500643861392,0.010664172447762714,0.06665639219735708,3.3328196098678545e-05,5,0.95,0.050000000000000044
2020-09-21,0.00372987628587322,0.0036327435842623853,0.19426540322166927,9.713270161083463e-05,5,0.8557345967783304,0.14426540322166959
2020-09-22,-0.06511673466128388,-0.06517685656377248,0.12024380497717808,6.0121902488589045e-05,5,0.9500000000000001,0.04999999999999993
2020-09-23,0.0033088416468425356,0.0032008577523752325,0.21596778893460622,0.00010798389446730311,5,0.8340322110653934,0.16596778893460662
2020-09-24,0.06198326053765363,0.06189567380703239,0.1751734612424711,8.758673062123555e-05,5,0.9500000000000001,0.04999999999999993
2020-09-25,0.0031517231052846243,0.0031284387471547277,0.04656871625979317,2.3284358129896584e-05,5,0.95,0.050000000000000044
2020-09-28,0.016961183980190336,0.016939050516364424,0.044266927651827256,2.2133463825913627e-05,5,0.95,0.050000000000000044
2020-09-29,0.009293446489785733,0.009200136334875453,0.1866203098205615,9.331015491028074e-05,5,0.8633796901794382,0.13662030982056184
2020-09-30,0.010999804117378175,0.010949113719451566,0.10138079585321766,5.069039792660883e-05,5,0.95,0.050000000000000044
2020-10-01,-0.01866758244294773,-0.018683012876042984,0.03086086619051226,1.543043309525613e-05,5,0.95,0.050000000000000044
2020-10-02,0.030703910583192773,0.0306203178693159,0.16718542775374048,8.359271387687024e-05,5,0.882814572246259,0.11718542775374097
2020-10-05,-0.02819974523711188,-0.028290463634776483,0.1814367953292046,9.071839766460229e-05,5,0.9357486324245358,0.06425136757546424
2020-10-06,0.02677044266012915,0.026679206258835315,0.1824728025876757,9.123640129383786e-05,5,0.8817785649877881,0.11822143501221194
2020-10-07,-0.007580260086067055,-0.007642941661286911,0.12536315043971297,6.268157521985648e-05,5,0.9499999999999998,0.050000000000000155
2020-10-08,0.01074616173488619,0.010733888354531334,0.024546760709713608,1.2273380354856805e-05,5,0.95,0.050000000000000044
2020-10-09,-8.283376118615408e-05,-8.988491270282487e-05,0.014102303033341576,7.0511515166707885e-06,5,0.9499999999999998,0.050000000000000155
2020-10-12,0.037517995753317025,0.037512551998521236,0.010887509591577846,5.443754795788923e-06,5,0.9500000000000002,0.04999999999999982
2020-10-13,0.029800146029949834,0.029785963087201613,0.028365885496445725,1.4182942748222864e-05,5,0.95,0.050000000000000044
2020-10-14,0.0036268183462063834,0.0035420908726938416,0.16945494702508337,8.47274735125417e-05,5,0.8805450529749161,0.11945494702508386
2020-10-15,-0.0179420170746263,-0.01799403408242397,0.10403401559534195,5.201700779767098e-05,5,0.95,0.050000000000000044
2020-10-16,-0.03172389219207435,-0.03174010306728227,0.03242175041582915,1.6210875207914573e-05,5,0.9499999999999997,0.050000000000000266
2020-10-19,-0.010267283820660802,-0.010283786926743683,0.033006212165763923,1.650310608288196e-05,5,0.9500000000000001,0.04999999999999993
2020-10-20,-0.06437298153240688,-0.06440024632389653,0.0545295829793086,2.72647914896543e-05,5,0.9500000000000001,0.04999999999999993
2020-10-21,0.017415656377892375,0.017324283201841935,0.18274635210088047,9.137317605044024e-05,5,0.8672536478991191,0.13274635210088093
2020-10-22,-0.009350828408455315,-0.009481602207047156,0.26154759718368115,0.00013077379859184057,5,0.8711987549171993,0.12880124508280066
2020-10-23,-0.03218517594194113,-0.03230627525186321,0.24219861984415875,0.00012109930992207937,5,0.8866026252386414,0.11339737476135858
2020-10-26,0.04276045418721863,0.042654472958656466,0.21196245712433404,0.00010598122856216702,5,0.901434917637024,0.09856508236297601
2020-10-27,-0.049772646097529225,-0.049800134809153324,0.054977423248191715,2.7488711624095858e-05,5,0.95,0.050000000000000044
2020-10-28,0.06540456011059967,0.06537328908506412,0.06254205107108952,3.127102553554476e-05,5,0.95,0.050000000000000044
2020-10-29,-0.0581906535054662,-0.0582030383724034,0.02476973387440609,1.2384866937203046e-05,5,0.95,0.050000000000000044
2020-10-30,0.0317083086587813,0.03162933757867018,0.15794216022223306,7.897108011111654e-05,5,0.8920578397777665,0.10794216022223346
2020-11-02,0.03440376265562351,0.03431824642076121,0.17103246972460606,8.551623486230303e-05,5,0.9369096904976268,0.06309030950237315
2020-11-03,0.046945372620786394,0.046920186801576974,0.050371638418833686,2.5185819209416845e-05,5,0.9500000000000001,0.04999999999999993
2020-11-04,0.0666531697953105,0.0666065730889571,0.0931934127067967,4.6596706353398345e-05,5,0.9500000000000002,0.04999999999999982
2020-11-05,-0.01737109198266428,-0.017519089383955994,0.29599480258342076,0.0001479974012917104,5,0.7540051974165787,0.24599480258342132
2020-11-06,-0.018854432137913463,-0.018984007057303538,0.25914983878014985,0.00012957491939007493,5,0.95,0.050000000000000044
2020-11-09,-0.07450189516361862,-0.0745957626790755,0.18773503091376625,9.386751545688312e-05,5,0.8622649690862332,0.13773503091376682
2020-11-10,0.0683768970076837,0.06824722058946579,0.2593528364358203,0.00012967641821791016,5,0.878382194477946,0.12161780552205403
2020-11-11,0.05975188477840397,0.05964620049313996,0.21136857052801908,0.00010568428526400954,5,0.9102492349940343,0.08975076500596568
2020-11-12,0.009131457871088705,0.009014825258577514,0.23326522502238162,0.0001166326125111908,5,0.8564855399835835,0.14351446001641655
2020-11-13,-0.00972781824103917,-0.009800663828716298,0.14569117535425632,7.284558767712816e-05,5,0.9499999999999998,0.050000000000000155
2020-11-16,0.01625854388285533,0.016253904789078396,0.009278187553870373,4.639093776935187e-06,5,0.9499999999999998,0.050000000000000155
2020-11-17,-0.01576958148522351,-0.01578601039431713,0.03285781818724527,1.6428909093622635e-05,5,0.95,0.050000000000000044
2020-11-18,0.005692162951788451,0.005614163423787436,0.1559990560020304,7.799952800101521e-05,5,0.8940009439979693,0.10599905600203074
2020-11-19,0.017923210809042474,0.01784375573537127,0.15891014734240808,7.945507367120404e-05,5,0.9470889086596223,0.05291109134037775
2020-11-20,0.06262786619637185,0.06254607499019862,0.1635824123464521,8.179120617322605e-05,5,0.8893286789939251,0.11067132100607491
2020-11-23,-0.0005669685680687567,-0.0006456750455300896,0.15741295492266594,7.870647746133296e-05,5,0.95,0.050000000000000044
2020-11-24,0.04186998185735315,0.041859065553945196,0.0218326068159046,1.09163034079523e-05,5,0.9500000000000001,0.04999999999999993
2020-11-25,0.09766924375251697,0.09765701593861567,0.024455627802607238,1.222781390130362e-05,5,0.9499999999999998,0.050000000000000155
2020-11-27,0.019391635189293502,0.0193668863679633,0.04949764266040925,2.4748821330204624e-05,5,0.9500000000000001,0.04999999999999993
2020-11-30,-0.0819937156337364,-0.08204733518783203,0.107239108191239,5.36195540956195e-05,5,0.9427608918087603,0.057239108191239674
2020-12-01,0.022302097565544708,0.022281135253516344,0.04192462405672839,2.0962312028364196e-05,5,0.9499999999999998,0.050000000000000155
2020-12-02,0.0024430843187702865,0.002426451232171143,0.03326617319828719,1.6633086599143595e-05,5,0.95,0.050000000000000044
2020-12-03,-0.023255705604656528,-0.023276560366917012,0.041709524520972166,2.0854762260486082e-05,5,0.9500000000000001,0.04999999999999993
2020-12-04,0.011120424383588668,0.011102468635545246,0.035911496086844866,1.7955748043422432e-05,5,0.9500000000000001,0.04999999999999993
2020-12-07,0.008845074300248055,0.008768643713935912,0.15286117262428645,7.643058631214323e-05,5,0.8971388273757128,0.10286117262428718
2020-12-08,-0.04701067993520882,-0.04704846065524274,0.07556144006784977,3.7780720033924886e-05,5,0.9500000000000001,0.04999999999999993
2020-12-09,0.018345818698710038,0.018294972530271545,0.10169233687698456,5.084616843849228e-05,5,0.948307663123015,0.051692336876985046
2020-12-10,-0.0002090477095936247,-0.00028612613856106815,0.1541568579348869,7.707842896744344e-05,5,0.8975354789420976,0.10246452105790238
2020-12-11,0.0020314209205008053,0.0019484627380720574,0.16591636485749556,8.295818242874778e-05,5,0.9365481562004063,0.06345184379959368
2020-12-14,0.02436433809163429,0.024285830596216505,0.15701499083557058,7.850749541778529e-05,5,0.9064368529640227,0.09356314703597735
2020-12-15,0.0027831359718377582,0.0027271303987308217,0.11201114621387329,5.6005573106936647e-05,5,0.95,0.050000000000000044
2020-12-16,0.04810082369198581,0.0480771569954683,0.04733339303502358,2.366669651751179e-05,5,0.95,0.050000000000000044
2020-12-17,-0.007336393758899492,-0.007347544637340562,0.02230175688214041,1.1150878441070205e-05,5,0.95,0.050000000000000044
2020-12-18,0.027190063029821212,0.0271853018976658,0.009522264310823536,4.761132155411768e-06,5,0.95,0.050000000000000044
2020-12-21,-0.015491819603122162,-0.015515113075453942,0.04658694466356203,2.3293472331781016e-05,5,0.95,0.050000000000000044
2020-12-22,0.029946770504305793,0.029929163743438233,0.035213521735117284,1.7606760867558642e-05,5,0.95,0.050000000000000044
2020-12-23,-0.006447889356185111,-0.006469588282259947,0.043397852149672,2.1698926074836e-05,5,0.95,0.050000000000000044
2020-12-24,-0.06208142722852578,-0.06209592742066876,0.02900038428594784,1.450019214297392e-05,5,0.9500000000000002,0.04999999999999982
2020-12-28,0.02281963126399456,0.02274278400356288,0.15369452086335417,7.684726043167708e-05,5,0.8963054791366452,0.10369452086335484
2020-12-29,0.02047585062194801,0.020374718672537463,0.20226389882109702,0.00010113194941054851,5,0.9014306220422573,0.09856937795774268
2020-12-30,-0.03434726464708465,-0.03445618481764546,0.21784034112161085,0.00010892017056080542,5,0.8807290368361312,0.11927096316386876
2020-12-31,0.01975063807213312,0.019653655988733934,0.19396416679837278,9.698208339918639e-05,5,0.9253067963654955,0.07469320363450449
2021-01-04,0.02455949627960258,0.02446540391146574,0.1881847362736824,9.409236813684121e-05,5,0.8865084673608217,0.11349153263917833
2021-01-05,0.022320293365109004,0.022270918703118744,0.09874932398051672,4.9374661990258365e-05,5,0.9499999999999998,0.050000000000000155
2021-01-06,0.04245427783973292,0.042439353131707123,0.029849416051592345,1.4924708025796173e-05,5,0.95,0.050000000000000044
2021-01-07,0.00397354609805857,0.0039598936638034245,0.027304868510291125,1.3652434255145563e-05,5,0.9499999999999998,0.050000000000000155
2021-01-08,-0.002154034340854708,-0.002167104798233309,0.02614091475720154,1.307045737860077e-05,5,0.95,0.050000000000000044
2021-01-11,0.047481457803187826,0.04746742768502888,0.028060236317893103,1.4030118158946551e-05,5,0.9500000000000002,0.04999999999999982
2021-01-12,0.007751387414776008,0.007743951176457498,0.014872476637020626,7.436238318510313e-06,5,0.95,0.050000000000000044
2021-01-13,0.03163116639098579,0.031606530395512165,0.04927199094724054,2.463599547362027e-05,5,0.95,0.050000000000000044
2021-01-14,-0.02092287514142175,-0.02093934609335654,0.03294190386957507,1.6470951934787537e-05,5,0.95,0.050000000000000044
2021-01-15,0.007359134118070463,0.007263206549994997,0.19185513615093203,9.592756807546601e-05,5,0.8581448638490675,0.14185513615093248
2021-01-19,-0.028205848968165657,-0.028302805784230365,0.19391363212941304,9.695681606470652e-05,5,0.9479415040215189,0.05205849597848111
2021-01-20,-0.0033965953161412053,-0.0034693403884006793,0.14549014451894832,7.274507225947416e-05,5,0.9065683514595322,0.09343164854046782
2021-01-21,0.036475541646468046,0.036436176625357704,0.0787300422206895,3.936502111034475e-05,5,0.9499999999999998,0.050000000000000155
2021-01-22,-0.008199375284963659,-0.008229166185946105,0.05958180196489399,2.9790900982446993e-05,5,0.95,0.050000000000000044
2021-01-25,0.003841346848535796,0.0038136033331781956,0.0554870307152015,2.7743515357600753e-05,5,0.9500000000000001,0.04999999999999993
2021-01-26,-0.04715128356930252,-0.04717055272993733,0.038538321269626946,1.9269160634813473e-05,5,0.95,0.050000000000000044
2021-01-27,0.0015295217313593306,0.001411690667660251,0.23566212739815914,0.00011783106369907957,5,0.8143378726018404,0.18566212739815957
2021-01-28,0.1704250225383595,0.17031416218084078,0.22172071503743784,0.00011086035751871893,5,0.9499999999999998,0.050000000000000155
2021-01-29,0.08479879442348547,0.08478269270877134,0.03220342942824042,1.610171471412021e-05,5,0.95,0.050000000000000044
2021-02-01,0.0007279355820755406,0.0006863746114685118,0.08312194121405772,4.156097060702886e-05,5,0.95,0.050000000000000044
2021-02-02,0.04681159055425189,0.046779535912374284,0.06410928375520111,3.205464187760056e-05,5,0.9499999999999997,0.050000000000000266
2021-02-03,0.007012760251882112,0.006997784351372318,0.029951801019588165,1.4975900509794082e-05,5,0.95,0.050000000000000044
2021-02-04,0.020881992390108715,0.020872240918742208,0.01950294273301753,9.751471366508766e-06,5,0.95,0.050000000000000044
2021-02-05,0.043121106061652474,0.043101610044410675,0.038992034483600224,1.949601724180011e-05,5,0.9500000000000001,0.04999999999999993
2021-02-08,0.012041713675483538,0.01201193564460243,0.059556061762216755,2.977803088110838e-05,5,0.9500000000000001,0.04999999999999993
2021-02-09,-0.03298262370834701,-0.03302629225735913,0.08733709802425345,4.3668549012126725e-05,5,0.9499999999999997,0.050000000000000266
2021-02-10,0.012087156856127547,0.012065201367151012,0.043910977953071376,2.195548897653569e-05,5,0.95,0.050000000000000044
2021-02-11,-0.007421953313318911,-0.007456349685259222,0.06879274388062159,3.43963719403108e-05,5,0.9500000000000001,0.04999999999999993
2021-02-12,-0.03876358322692403,-0.038861059093889344,0.1949517339306237,9.747586696531185e-05,5,0.8550482660693757,0.14495173393062433
2021-02-16,-0.027700753370117827,-0.02777702379737092,0.15254085450618618,7.62704272530931e-05,5,0.9500000000000001,0.04999999999999993
2021-02-17,-0.05918854507944164,-0.05921217088388865,0.04725160889401789,2.3625804447008944e-05,5,0.9499999999999998,0.050000000000000155
2021-02-18,0.038399222798243995,0.038377370447816916,0.0437047008541597,2.185235042707985e-05,5,0.95,0.050000000000000044
2021-02-19,-0.040577832151398596,-0.040591684413837155,0.02770452487712302,1.385226243856151e-05,5,0.95,0.050000000000000044
2021-02-22,-0.0323309907101328,-0.032353608208705864,0.04523499714613058,2.261749857306529e-05,5,0.95,0.050000000000000044
2021-02-23,0.2963391626729122,0.296277113229633,0.12409888655834408,6.204944327917204e-05,5,0.9259011134416554,0.07409888655834462
2021-02-24,0.0065851071768249815,0.006522646225106368,0.12492190343722831,6.246095171861415e-05,5,0.9491769831211156,0.05082301687888435
2021-02-25,-0.0026414686369944616,-0.002750574240922764,0.21821120785660422,0.00010910560392830211,5,0.8326118090222795,0.1673881909777205
2021-02-26,0.12708454039751296,0.12700714203533656,0.1547967243527882,7.73983621763941e-05,5,0.9500000000000002,0.04999999999999982
2021-03-01,-0.04162664492988427,-0.04169875805686732,0.14422625396609912,7.211312698304956e-05,5,0.9057737460339004,0.09422625396609963
2021-03-02,-0.009147697952115825,-0.009243554052758483,0.19171220128531394,9.585610064265697e-05,5,0.9025140526807851,0.0974859473192149
2021-03-03,-0.006590976639381617,-0.006688500031923742,0.1950467850842495,9.752339254212475e-05,5,0.9024391622349647,0.09756083776503532
2021-03-04,0.03082367312128171,0.030677628485554567,0.2920892714542842,0.0001460446357271421,5,0.8054715663107503,0.19452843368924966
2021-03-05,0.0703077785151467,0.07022627154296263,0.16301394436814587,8.150697218407294e-05,5,0.9500000000000001,0.04999999999999993
2021-03-08,0.11910897702913542,0.11897882237805095,0.26030930216893267,0.00013015465108446634,5,0.7896906978310667,0.2103093021689333
2021-03-09,0.022784953128782284,0.022704798477697817,0.16030930216893322,8.01546510844666e-05,5,0.9499999999999998,0.050000000000000155
2021-03-10,0.03910010544074224,0.03907118474913962,0.057841383205234936,2.8920691602617468e-05,5,0.95,0.050000000000000044
2021-03-11,0.020303986437244594,0.020195637977592534,0.216696919304122,0.000108348459652061,5,0.8333030806958774,0.16669691930412256
2021-03-12,-0.01934719099236711,-0.0194105749508136,0.12676791689298336,6.338395844649169e-05,5,0.95,0.050000000000000044
2021-03-15,-0.025813768005277557,-0.025844038371222386,0.06054073188965828,3.027036594482914e-05,5,0.9500000000000001,0.04999999999999993
2021-03-16,-0.0021333787741707622,-0.002244144327637252,0.22153110693297928,0.00011076555346648964,5,0.8284688930670199,0.17153110693298013
2021-03-17,-0.04398176540202514,-0.044181583392763304,0.39963598147632884,0.00019981799073816442,5,0.7718951254566505,0.2281048745433495
2021-03-18,0.03473134674702116,0.03458462917123361,0.2934351515751107,0.00014671757578755534,5,0.9346697229682381,0.06533027703176186
2021-03-19,-0.009252756862869993,-0.009297461468454758,0.08940921116952899,4.4704605584764495e-05,5,0.95,0.050000000000000044
2021-03-22,-0.0474365262157708,-0.047551678057327726,0.2303036831138579,0.00011515184155692896,5,0.8196963168861415,0.18030368311385847
2021-03-23,-0.09570447314466003,-0.09582054777132314,0.2321492533262188,0.0001160746266631094,5,0.948154429787639,0.051845570212361025
2021-03-24,0.0002334015805195537,0.000123644566001763,0.2195140290355814,0.0001097570145177907,5,0.8323315411767789,0.16766845882322112
2021-03-25,-0.0045085681082948,-0.004706676074028261,0.39621593146692075,0.00019810796573346037,5,0.7714525273562997,0.22854747264370034
2021-03-26,0.012280546574388882,0.012140171487104756,0.280750174568252,0.000140375087284126,5,0.9477972980754477,0.05220270192455234
2021-03-29,0.04936073147660795,0.049347556266707386,0.02635041980112693,1.3175209900563465e-05,5,0.95,0.050000000000000044
2021-03-30,0.03254596088907615,0.032425163303969474,0.2415951702133575,0.00012079758510667875,5,0.8084048297866421,0.19159517021335792
2021-03-31,0.010023783817975189,0.009844822495348987,0.35792264525240514,0.00017896132262620258,5,0.8336725249609522,0.16632747503904777
2021-04-01,-0.017864728658067763,-0.017959919742167266,0.19038216819900416,9.519108409950208e-05,5,0.9500000000000003,0.04999999999999971
2021-04-05,0.00018931656767797855,8.364379414010905e-05,0.211345547075739,0.0001056727735378695,5,0.8386544529242601,0.1613455470757399
2021-04-06,-0.027371392008052928,-0.027462877354638975,0.18297069317209086,9.148534658604544e-05,5,0.9500000000000001,0.04999999999999993
2021-04-07,-0.005878658414658499,-0.005979940806555668,0.20256478379433907,0.00010128239189716954,5,0.8474352162056601,0.1525647837943399
2021-04-08,-0.0416565805616905,-0.041717300698531065,0.12144027368112911,6.0720136840564557e-05,5,0.95,0.050000000000000044
2021-04-09,-0.062599212500206,-0.06260445997746979,0.010494954527572098,5.247477263786049e-06,5,0.95,0.050000000000000044
2021-04-12,0.0008410579665847858,0.0007630489692564579,0.15601799465665586,7.800899732832793e-05,5,0.8939820053433435,0.10601799465665651
2021-04-13,0.11095828324091396,0.11091994944039751,0.07666760103289796,3.833380051644898e-05,5,0.9500000000000001,0.04999999999999993
2021-04-14,-0.0388394939804025,-0.03894932098095804,0.21965400111108677,0.00010982700055554338,5,0.8303459988889126,0.16965400111108742
2021-04-15,0.001582969326885824,0.0015231423263302804,0.11965400111108741,5.982700055554371e-05,5,0.95,0.050000000000000044
2021-04-16,0.04982155020445448,0.04980673688227583,0.02962664435730139,1.4813322178650695e-05,5,0.9499999999999997,0.050000000000000266
2021-04-19,-0.06120408163778902,-0.06122705220387533,0.04594113217262069,2.2970566086310347e-05,5,0.9499999999999997,0.050000000000000266
2021-04-20,0.004037886789243413,0.003942356001309298,0.19106157586822844,9.553078793411422e-05,5,0.858938424131771,0.14106157586822898
2021-04-21,-0.018241151010804195,-0.01830712880856646,0.13195559552452832,6.597779776226416e-05,5,0.9499999999999998,0.050000000000000155
2021-04-22,0.01915820060781326,0.01913206957991416,0.052262055798198204,2.6131027899099102e-05,5,0.9499999999999998,0.050000000000000155
2021-04-23,0.0641254946630979,0.0640088901520342,0.2332090221273881,0.00011660451106369405,5,0.8167909778726112,0.18320902212738877
2021-04-26,0.01404747247694545,0.013872062671601132,0.35081961068863643,0.0001754098053443182,5,0.8323894114387516,0.16761058856124844
2021-04-27,0.018044786859155917,0.017927262979639598,0.23504775903264086,0.00011752387951632043,5,0.9325628295286068,0.06743717047139319
2021-04-28,-0.024696996152176385,-0.02472026159154022,0.046530878727671685,2.3265439363835843e-05,5,0.9499999999999998,0.050000000000000155
2021-04-29,-0.004006575605679214,-0.0040911536777004385,0.16915614404244825,8.457807202122412e-05,5,0.8808438559575511,0.1191561440424489
2021-04-30,-0.052800319475836896,-0.05284502530511866,0.08941165856353597,4.4705829281767984e-05,5,0.95,0.050000000000000044
2021-05-03,-0.029958886496065762,-0.02997903204675343,0.04029110137533448,2.014555068766724e-05,5,0.9499999999999998,0.050000000000000155
2021-05-04,-0.009077050052374285,-0.009110070958968864,0.06604181318915683,3.302090659457842e-05,5,0.95,0.050000000000000044
2021-05-05,-0.013929969131698396,-0.013936774105454968,0.013609947513145537,6.804973756572769e-06,5,0.9500000000000002,0.04999999999999982
2021-05-06,-0.0035243333464545575,-0.0035499478941691536,0.05122909542919184,2.561454771459592e-05,5,0.95,0.050000000000000044
2021-05-07,-0.08417786866463078,-0.08419794931373678,0.040161298212,2.0080649106e-05,5,0.95,0.050000000000000044
2021-05-10,0.013556177168871066,0.013544444920963674,0.023464495814783812,1.1732247907391906e-05,5,0.9499999999999998,0.050000000000000155
2021-05-11,-0.044967644102752474,-0.045046134855789476,0.1569815060739964,7.849075303699821e-05,5,0.893018493926003,0.10698150607399703
2021-05-12,0.051920886379822506,0.051833965944310854,0.17384087102330292,8.692043551165147e-05,5,0.9331406350506934,0.06685936494930655
2021-05-13,0.021805879718379724,0.02171717323601264,0.17741296473417004,8.870648236708502e-05,5,0.8894464002151358,0.11055359978486423
2021-05-14,0.0787023094217836,0.07867028120552089,0.06405643252545015,3.202821626272508e-05,5,0.95,0.050000000000000044
2021-05-17,-0.00040852722821960803,-0.000477207871653593,0.1373612868679699,6.868064343398495e-05,5,0.9126387131320296,0.0873612868679704
2021-05-18,-0.03319493702287797,-0.03327169712818217,0.1535202106084007,7.676010530420035e-05,5,0.9338410762595691,0.06615892374043086
2021-05-19,0.01933484726204131,0.01925686267889177,0.15596916629908172,7.798458314954087e-05,5,0.9101897574413486,0.08981024255865144
2021-05-20,0.018620865027721305,0.018541055855333385,0.15961834477584097,7.980917238792049e-05,5,0.9301918977828098,0.06980810221719025
2021-05-21,0.02283445731637597,0.022815411163470557,0.03809230581082526,1.9046152905412633e-05,5,0.9499999999999998,0.050000000000000155
2021-05-24,0.09197974375846914,0.09197274275136562,0.01400201420703362,7.00100710351681e-06,5,0.95,0.050000000000000044
2021-05-25,0.09454237561127324,0.09447132084340815,0.1421095357301863,7.105476786509315e-05,5,0.9078904642698129,0.0921095357301871
2021-05-26,0.032582095211707074,0.03250807776883805,0.14803488573803705,7.401744286901852e-05,5,0.9440746499921493,0.055925350007850705
2021-05-27,-0.061881649400324264,-0.061949645689135274,0.135992577622019,6.79962888110095e-05,5,0.919932772385831,0.08006722761416896
2021-05-28,0.0832627938196091,0.08324145650385456,0.042674631509083516,2.1337315754541758e-05,5,0.95,0.050000000000000044
2021-06-01,0.07081114253876367,0.07080437909533543,0.013526886856475073,6.763443428237537e-06,5,0.95,0.050000000000000044
2021-06-02,-0.04808578790752632,-0.048096127138514466,0.020678461976291404,1.0339230988145702e-05,5,0.95,0.050000000000000044
2021-06-03,0.0010439043862499838,0.0010303701938280637,0.027068384843840415,1.3534192421920208e-05,5,0.9500000000000001,0.04999999999999993
2021-06-04,0.07368186699618497,0.07360185869530958,0.1600166017507838,8.00083008753919e-05,5,0.8899833982492154,0.11001660175078465
2021-06-07,0.04806994614775187,0.04796688635295339,0.2061195895969595,0.00010305979479847975,5,0.9038970121538243,0.09610298784617566
2021-06-08,0.002772444518735019,0.0026805028326742915,0.18388337212145547,9.194168606072774e-05,5,0.9122196157247193,0.08778038427528068
2021-06-09,-0.13725058875026586,-0.13738328946248526,0.2654014244387967,0.00013270071221939837,5,0.822378959836483,0.17762104016351699
2021-06-10,0.04278169987398068,0.04262602684206482,0.31134606383172264,0.00015567303191586134,5,0.8662749763317934,0.1337250236682066
2021-06-11,0.004369689564876194,0.00426309263960272,0.21319385054694823,0.00010659692527347411,5,0.9205311731212574,0.07946882687874257
2021-06-14,-0.015416847979836142,-0.01550952954183637,0.18536312400045551,9.268156200022776e-05,5,0.8941057028782862,0.10589429712171383
2021-06-15,-0.0043015127513434046,-0.004382403919961672,0.161782337236534,8.089116861826701e-05,5,0.9441119598851789,0.05588804011482107
2021-06-16,0.005720522161103236,0.005709725151796629,0.02159401861321507,1.0797009306607534e-05,5,0.9499999999999998,0.050000000000000155
2021-06-17,-0.025161864124464386,-0.025245386147427676,0.16704404592658292,8.352202296329147e-05,5,0.8829559540734164,0.11704404592658357
2021-06-18,-0.024881282484850917,-0.024963246845850995,0.16392872200015526,8.196436100007764e-05,5,0.95,0.050000000000000044
2021-06-21,0.07876583056767728,0.07868016636375731,0.1713284078399393,8.566420391996965e-05,5,0.87867159216006,0.12132840783994003
2021-06-22,0.006783429931351732,0.006739530139496962,0.08779958370954012,4.389979185477006e-05,5,0.95,0.050000000000000044
2021-06-23,-0.011638162295731284,-0.011644898066253122,0.01347154104367701,6.735770521838505e-06,5,0.9500000000000001,0.04999999999999993
2021-06-24,-0.0088783980332203,-0.009016642832033203,0.2764895976258055,0.00013824479881290275,5,0.7735104023741937,0.22648959762580634
2021-06-25,0.023050344159556747,0.02288001517685099,0.3406579654115191,0.00017032898270575957,5,0.8858316322142865,0.11416836778571349
2021-06-28,-0.009651715580548482,-0.009753613144851984,0.2037951286070046,0.0001018975643035023,5,0.9103732391787082,0.08962676082129184
2021-06-29,0.008538334554217632,0.00844789169591792,0.18088571659942537,9.044285829971269e-05,5,0.9087410442218657,0.09125895577813425
2021-06-30,-0.03773094443890746,-0.03776058463563476,0.059280393454601496,2.9640196727300748e-05,5,0.95,0.050000000000000044
2021-07-01,-0.015642968390354575,-0.01573687455978413,0.18781233885911167,9.390616942955584e-05,5,0.8621876611408875,0.13781233885911248
2021-07-02,-0.020857367282982382,-0.020956018464621064,0.19730236327736214,9.865118163868107e-05,5,0.9405099755817495,0.059490024418250464
2021-07-06,-0.0499784527860542,-0.04999003708128875,0.023168590469088673,1.1584295234544338e-05,5,0.9500000000000001,0.04999999999999993
2021-07-07,0.02047679567113985,0.02041305770511631,0.12747593204708357,6.373796602354179e-05,5,0.9225240679529156,0.07747593204708436
2021-07-08,-0.007397467295752986,-0.007417768566566832,0.04060254162769097,2.0301270813845484e-05,5,0.95,0.050000000000000044
2021-07-09,-0.02147797033298669,-0.02150051030945994,0.04507995294650284,2.253997647325142e-05,5,0.9499999999999998,0.050000000000000155
2021-07-12,-0.04442528520424603,-0.044488261470993676,0.1259525334952821,6.297626674764105e-05,5,0.9240474665047174,0.07595253349528264
2021-07-13,-0.08281522143022918,-0.08288045843450859,0.13047400855881566,6.523700427940783e-05,5,0.9454785249364662,0.054521475063533775
2021-07-14,0.008154879333849525,0.008136289498473117,0.037179670752815364,1.858983537640768e-05,5,0.95,0.050000000000000044
2021-07-15,-0.009018048182340872,-0.009028379478777286,0.020662592872827033,1.0331296436413517e-05,5,0.95,0.050000000000000044
2021-07-16,0.0011163150843214896,0.001058905932196511,0.11481830424995731,5.7409152124978655e-05,5,0.9351816957500421,0.06481830424995794
2021-07-19,0.12256860850949648,0.12255294947097341,0.03131807704616127,1.5659038523080634e-05,5,0.9499999999999998,0.050000000000000155
2021-07-20,-0.010516940488463019,-0.0105821265042882,0.13037203165036323,6.518601582518161e-05,5,0.9196279683496363,0.08037203165036366
2021-07-21,-0.04325323660516734,-0.043277339058384275,0.048204906433869286,2.4102453216934645e-05,5,0.95,0.050000000000000044
2021-07-22,-0.0001676695830000475,-0.00017123598131439893,0.007132796628702837,3.566398314351418e-06,5,0.95,0.050000000000000044
2021-07-23,0.03378036779230349,0.033768507943716844,0.023719697173302315,1.1859848586651158e-05,5,0.95,0.050000000000000044
2021-07-26,-0.03706021407618009,-0.037074855218719546,0.02928228507890744,1.4641142539453721e-05,5,0.95,0.050000000000000044
2021-07-27,-0.018832599799507056,-0.01884510724204017,0.025014885066223277,1.2507442533111639e-05,5,0.9500000000000001,0.04999999999999993
2021-07-28,-0.015403785365002918,-0.01542942778371692,0.051284837428003854,2.5642418714001926e-05,5,0.9499999999999998,0.050000000000000155
2021-07-29,-0.020176426713447236,-0.02024811240251268,0.14337137813089001,7.1685689065445e-05,5,0.9066286218691093,0.09337137813089069
2021-07-30,-0.021489410859336713,-0.021522882838632948,0.0669439585924706,3.34719792962353e-05,5,0.95,0.050000000000000044
2021-08-02,-0.02264966091544966,-0.022661315277047695,0.023308723196071954,1.1654361598035977e-05,5,0.9499999999999997,0.050000000000000266
2021-08-03,-0.048155553818838515,-0.04817667818980271,0.042248741928387776,2.112437096419389e-05,5,0.95,0.050000000000000044
2021-08-04,0.05709652163372001,0.05707985128663612,0.033340694167789175,1.667034708389459e-05,5,0.9499999999999998,0.050000000000000155
2021-08-05,-0.00425943120526827,-0.0042646831588195626,0.0105039071025846,5.2519535512923005e-06,5,0.95,0.050000000000000044
2021-08-06,0.02789876149911706,0.027892300479769247,0.012922038695626276,6.461019347813138e-06,5,0.95,0.050000000000000044
2021-08-09,-0.005711726668281691,-0.0057250236621851506,0.02659398780692039,1.3296993903460196e-05,5,0.9500000000000001,0.04999999999999993
2021-08-10,-0.003312318137785013,-0.003316778593258443,0.00892091094686033,4.460455473430165e-06,5,0.95,0.050000000000000044
2021-08-11,0.01848393340731038,0.01846958412388062,0.028698566859519367,1.4349283429759684e-05,5,0.9499999999999998,0.050000000000000155
2021-08-12,-0.005228553978801103,-0.005305802054000483,0.1544961503987602,7.724807519938009e-05,5,0.8955038496012392,0.10449615039876081
2021-08-13,0.010814121023142944,0.01078038403177107,0.06747398274374485,3.373699137187242e-05,5,0.95,0.050000000000000044
2021-08-16,-0.00257006014566454,-0.0025772074131127777,0.014294534896474781,7.147267448237391e-06,5,0.9499999999999997,0.050000000000000266
2021-08-17,-0.02991373931036756,-0.02992957520490952,0.031671789083919474,1.583589454195974e-05,5,0.9500000000000001,0.04999999999999993
2021-08-18,-0.034428524740095244,-0.034449540301058096,0.04203112192570517,2.1015560962852587e-05,5,0.9499999999999998,0.050000000000000155
2021-08-19,0.025888031015162613,0.025868085747723726,0.0398905348777725,1.994526743888625e-05,5,0.9500000000000001,0.04999999999999993
2021-08-20,0.0449463160902744,0.044926149934596975,0.04033231135484529,2.0166155677422643e-05,5,0.9500000000000001,0.04999999999999993
2021-08-23,0.1783521783933069,0.17827472504170297,0.15490670320785307,7.745335160392653e-05,5,0.8950932967921462,0.10490670320785378
2021-08-24,-0.029100585254386108,-0.029206922187957278,0.21267386714233966,0.00010633693357116983,5,0.8922328360655134,0.1077671639344866
2021-08-25,0.00013314665307117375,3.698173800316267e-05,0.19232983013602215,9.616491506801108e-05,5,0.9154373337984637,0.0845626662015363
2021-08-26,0.03789515851445426,0.037876379375168225,0.037558278572074805,1.8779139286037403e-05,5,0.95,0.050000000000000044
2021-08-27,0.0070442962923361295,0.006959956477987841,0.16867962869657704,8.433981434828853e-05,5,0.8813203713034222,0.11867962869657778
2021-08-30,0.029795942976361848,0.029756682374441026,0.07852120384164156,3.9260601920820783e-05,5,0.95,0.050000000000000044
2021-08-31,-0.022457242824067903,-0.022512305219390363,0.11012479064491845,5.5062395322459225e-05,5,0.9398752093550808,0.06012479064491916
2021-09-01,0.027820651749998863,0.027706617350839798,0.22806879831812849,0.00011403439915906424,5,0.83205599232679,0.16794400767321005
2021-09-02,-0.015828302019133978,-0.0159927847893977,0.3289655405274444,0.00016448277026372222,5,0.8389784671457651,0.16102153285423493
2021-09-03,-0.007801099596640703,-0.00795718849096764,0.31217778865387624,0.00015608889432693814,5,0.848843744200358,0.15115625579964198
2021-09-07,-0.012817292212051532,-0.012867870339951354,0.10115625579964178,5.057812789982089e-05,5,0.9499999999999998,0.050000000000000155
2021-09-08,0.02222340829757161,0.02218330606517318,0.08020446479686155,4.010223239843078e-05,5,0.9499999999999998,0.050000000000000155
2021-09-09,-0.019802328679460832,-0.019844551243966665,0.0844451290116629,4.222256450583145e-05,5,0.9500000000000001,0.04999999999999993
2021-09-10,0.023435144961961474,0.023323268113608193,0.2237536967065641,0.00011187684835328204,5,0.8262463032934351,0.17375369670656493
2021-09-13,-0.009348149987718959,-0.009452731705195064,0.20916343495221018,0.00010458171747610509,5,0.95,0.050000000000000044
2021-09-14,0.02453361795340446,0.024441753207159776,0.18372949248937004,9.186474624468502e-05,5,0.8662705075106293,0.13372949248937072
2021-09-15,0.0042373034492876336,0.004140447243642598,0.19371241129007208,9.685620564503604e-05,5,0.9400170811992979,0.059982918800702056
2021-09-16,-0.009517558694621953,-0.009636447281491375,0.23777717373884427,0.00011888858686942214,5,0.8222057450618571,0.17779425493814294
2021-09-17,-0.049619095277798474,-0.04973788984971915,0.23758914384135707,0.00011879457192067854,5,0.9402051110967851,0.05979488890321494
2021-09-20,-0.010302613626157343,-0.010315923514243158,0.026619776171628917,1.330988808581446e-05,5,0.9499999999999998,0.050000000000000155
2021-09-21,0.018038086158490202,0.017943114562903345,0.18994319117371167,9.497159558685583e-05,5,0.8600568088262878,0.13994319117371223
2021-09-22,0.012964885161267594,0.012848871070341977,0.23202818185123514,0.00011601409092561757,5,0.9079150093224764,0.09208499067752363
2021-09-23,-0.012618704514938212,-0.012733539410433937,0.22966979099145074,0.00011483489549572538,5,0.8624151996860723,0.13758480031392772
2021-09-24,0.0118682190243975,0.01180887324663717,0.11869155552066257,5.9345777760331286e-05,5,0.95,0.050000000000000044
2021-09-27,-0.040807904744924475,-0.04083111492464535,0.046420359441752546,2.3210179720876273e-05,5,0.95,0.050000000000000044
2021-09-28,-0.003706319739279929,-0.0037416239933766773,0.07060850819349634,3.530425409674817e-05,5,0.9499999999999998,0.050000000000000155
2021-09-29,0.017034570821251104,0.016933877020337093,0.20138760182802318,0.00010069380091401159,5,0.8486123981719762,0.1513876018280238
2021-09-30,0.012008444711223431,0.011901597092949948,0.21369523654696534,0.00010684761827348268,5,0.9376923652810577,0.062307634718942295
2021-10-01,-0.021233776951423887,-0.021257167207595275,0.04678051234277493,2.3390256171387466e-05,5,0.95,0.050000000000000044
2021-10-04,0.010743538843261496,0.010722651632370232,0.041774421782527965,2.0887210891263984e-05,5,0.95,0.050000000000000044
2021-10-05,-0.0076994818238264925,-0.007798567390804434,0.198171133955883,9.90855669779415e-05,5,0.8518288660441162,0.14817113395588377
2021-10-06,0.025139666230202504,0.025029532936263463,0.22026658787808234,0.00011013329393904117,5,0.9279045460778007,0.07209545392219929
2021-10-07,-0.013397276836874195,-0.013502026044613619,0.20949841547884704,0.00010474920773942352,5,0.8625970384433517,0.13740296155664833
2021-10-08,0.016367358103102636,0.016204718660895755,0.32527888441376523,0.00016263944220688262,5,0.8121240771428824,0.18787592285711763
2021-10-11,-0.0079165078223449,-0.008042965595373165,0.2529155460565307,0.00012645777302826535,5,0.9349603768005862,0.06503962319941381
2021-10-12,0.019158170459484668,0.019048607796817784,0.21912532533376852,0.00010956266266688426,5,0.8459142978656445,0.15408570213435546
2021-10-13,0.020842281207221255,0.020790238356154078,0.10408570213435539,5.20428510671777e-05,5,0.95,0.050000000000000044
2021-10-14,0.004882689734149423,0.004845056632958543,0.07526620238176024,3.763310119088012e-05,5,0.9500000000000002,0.04999999999999982
2021-10-15,0.008603070125332034,0.00857517758113658,0.055785088390907456,2.7892544195453728e-05,5,0.95,0.050000000000000044
2021-10-18,-0.005590724857758732,-0.00562270528866357,0.06396086180967622,3.198043090483811e-05,5,0.95,0.050000000000000044
2021-10-19,0.008391064723111099,0.00835580448616785,0.07052047388649771,3.526023694324885e-05,5,0.9499999999999998,0.050000000000000155
2021-10-20,-0.02711440579037364,-0.027133737596313885,0.03866361188049011,1.9331805940245058e-05,5,0.9500000000000001,0.04999999999999993
2021-10-21,-0.0261409788051435,-0.026157590555228025,0.03322350016905032,1.661175008452516e-05,5,0.95,0.050000000000000044
2021-10-22,0.016909101461285228,0.016893076329905447,0.032050262759563575,1.602513137978179e-05,5,0.95,0.050000000000000044
2021-10-25,0.007297767913245145,0.007284094585691003,0.02734665510828327,1.3673327554141635e-05,5,0.95,0.050000000000000044
2021-10-26,-0.03220070432804282,-0.03222172976677717,0.04205087746869017,2.1025438734345084e-05,5,0.95,0.050000000000000044
2021-10-27,0.02105202971468798,0.021038710667912235,0.02663809355148787,1.3319046775743935e-05,5,0.95,0.050000000000000044
2021-10-28,-0.007928519369154442,-0.007953823892100425,0.05060904589196846,2.5304522945984232e-05,5,0.9499999999999998,0.050000000000000155
2021-10-29,0.06050049518923847,0.06047095861625189,0.059073145973161656,2.953657298658083e-05,5,0.95,0.050000000000000044
2021-11-01,0.019862097322962544,0.01983954664500689,0.045101355911309024,2.2550677955654512e-05,5,0.95,0.050000000000000044
2021-11-02,0.014616679451446579,0.014588124003561517,0.05711089577012338,2.855544788506169e-05,5,0.9499999999999998,0.050000000000000155
2021-11-03,-0.007608633684067434,-0.007630972039825854,0.044676711516840106,2.2338355758420053e-05,5,0.9500000000000001,0.04999999999999993
2021-11-04,0.020546179032262427,0.020525804317322906,0.04074942987904186,2.037471493952093e-05,5,0.9499999999999998,0.050000000000000155
2021-11-05,0.04656725406793035,0.04655082118207805,0.032865771704593774,1.6432885852296886e-05,5,0.9500000000000001,0.04999999999999993
2021-11-08,-0.03315264176966656,-0.03316935598398112,0.03342842862912021,1.6714214314560107e-05,5,0.95,0.050000000000000044
2021-11-09,-0.040615253918767,-0.04067682152993754,0.12313522234108061,6.156761117054031e-05,5,0.9268647776589188,0.07313522234108116
2021-11-10,0.009626705188433393,0.009601858997062885,0.04969238274101756,2.484619137050878e-05,5,0.95,0.050000000000000044
2021-11-11,-0.008550305933131806,-0.008576873211417408,0.05313455657120497,2.6567278285602487e-05,5,0.9500000000000001,0.04999999999999993
2021-11-12,0.02627203976005848,0.026187640797348387,0.16879792542018063,8.439896271009032e-05,5,0.8812020745798187,0.1187979254201813
2021-11-15,0.01903829989687684,0.018949505494415427,0.1775888049228233,8.879440246141165e-05,5,0.9412091204973575,0.0587908795026425
2021-11-16,-0.01201147414460534,-0.012031644047623767,0.040339806036855635,2.0169903018427818e-05,5,0.95,0.050000000000000044
2021-11-17,-0.007982553976837517,-0.007998460064401844,0.03181217512865517,1.5906087564327584e-05,5,0.95,0.050000000000000044
2021-11-18,0.01813899593874791,0.018121258039846266,0.03547579780328797,1.7737898901643983e-05,5,0.95,0.050000000000000044
2021-11-19,0.011445480760401852,0.011353593906720721,0.1837737073622615,9.188685368113076e-05,5,0.8662262926377382,0.1337737073622618
2021-11-22,-0.03507217076176794,-0.035210272891996935,0.27620426045798996,0.000138102130228995,5,0.8575694469042714,0.1424305530957286
2021-11-23,0.004169890865273981,0.004109815375124244,0.12015098029947291,6.0075490149736455e-05,5,0.95,0.050000000000000044
2021-11-24,-0.05032736696566939,-0.05036858608079683,0.08243823025487662,4.121911512743831e-05,5,0.9499999999999998,0.050000000000000155
2021-11-26,0.01381348297989444,0.0137153486325376,0.1962686947136812,9.81343473568406e-05,5,0.8537313052863184,0.14626869471368165
2021-11-29,-0.05637762296233307,-0.05643460509000904,0.11396425535194889,5.6982127675974445e-05,5,0.95,0.050000000000000044
2021-11-30,-0.08101048980819783,-0.08102307977651306,0.025179936630443878,1.258996831522194e-05,5,0.95,0.050000000000000044
2021-12-01,0.01768055800456514,0.017578390245151454,0.20433551882736684,0.00010216775941368343,5,0.8456644811726326,0.1543355188273674
2021-12-02,-0.024961554458408718,-0.02513298213858972,0.34285536036200626,0.00017142768018100314,5,0.8114801584653607,0.1885198415346393
2021-12-03,-0.00040551027934395724,-0.0005560622617501132,0.30110396481231194,0.00015055198240615598,5,0.887415876722327,0.11258412327767298
2021-12-06,0.05177862745359332,0.051737506022511884,0.08224286216287713,4.1121431081438566e-05,5,0.9500000000000001,0.04999999999999993
2021-12-07,0.0028085529665350726,0.002711488430994697,0.19412907108075103,9.706453554037552e-05,5,0.8558709289192485,0.14412907108075146
2021-12-08,-0.05027425980795657,-0.050365837876339685,0.1831561367662306,9.15780683831153e-05,5,0.95,0.050000000000000044
2021-12-09,-0.01291033757962109,-0.012966777402907354,0.11287964657252705,5.643982328626353e-05,5,0.9371203534274724,0.06287964657252765
2021-12-10,-0.08663673426388095,-0.08667176528720778,0.07006204665366275,3.5031023326831376e-05,5,0.9499999999999998,0.050000000000000155
2021-12-13,0.02812833130440748,0.028029095328865997,0.19847195108296617,9.923597554148309e-05,5,0.8515280489170336,0.1484719510829664
2021-12-14,0.0078617093424244,0.007785637267207169,0.15214415043445934,7.607207521722967e-05,5,0.95,0.050000000000000044
2021-12-15,-0.02096121838298231,-0.020999586472505886,0.07673617904715221,3.836808952357611e-05,5,0.95,0.050000000000000044
2021-12-16,0.06610144654030226,0.06594070769912272,0.3214776823590624,0.0001607388411795312,5,0.7285223176409372,0.2714776823590628
2021-12-17,0.015516479645452799,0.015379668606247926,0.2736220784097448,0.0001368110392048724,5,0.95,0.050000000000000044
2021-12-20,0.007394965056620181,0.007376299260649854,0.03733159194065236,1.866579597032618e-05,5,0.95,0.050000000000000044
2021-12-21,-0.02358627030007053,-0.023598391350572925,0.024242101004790448,1.2121050502395224e-05,5,0.9499999999999998,0.050000000000000155
2021-12-22,0.017919410053512934,0.01788173548687972,0.07534913326643049,3.767456663321524e-05,5,0.95,0.050000000000000044
2021-12-23,0.0024437728512217414,0.0024039560169651915,0.0796336685130998,3.98168342565499e-05,5,0.9500000000000001,0.04999999999999993
2021-12-27,-0.03629846459824096,-0.036321576469166034,0.046223741850154015,2.3111870925077007e-05,5,0.9499999999999997,0.050000000000000266
2021-12-28,0.013834147785753235,0.013802434145047037,0.06342728141239382,3.171364070619691e-05,5,0.9499999999999998,0.050000000000000155
2021-12-29,0.010988777724335581,0.010898947698137776,0.17966005239560864,8.983002619780433e-05,5,0.8703399476043909,0.12966005239560907
2021-12-30,-0.029477574580280285,-0.029628677377490198,0.3022055944198259,0.00015110279720991296,5,0.8274544579757825,0.17254554202421746
2021-12-31,0.006549488338463719,0.006428969297992309,0.24103808094281895,0.00012051904047140948,5,0.9315074610813979,0.06849253891860207
2022-01-03,-0.019465673546284406,-0.019552796598178275,0.17424610378773708,8.712305189386854e-05,5,0.8942464351308644,0.10575356486913556
2022-01-04,-0.08584019609106741,-0.08586944206098296,0.05849193983110657,2.9245969915553287e-05,5,0.95,0.050000000000000044
2022-01-05,0.012608016905600209,0.012591442613108874,0.033148584982669274,1.6574292491334637e-05,5,0.9499999999999998,0.050000000000000155
2022-01-06,0.02245415271756275,0.022424630183082755,0.059045068959989344,2.9522534479994673e-05,5,0.95,0.050000000000000044
2022-01-07,-0.01813471397784918,-0.018139298192136475,0.009168428574591547,4.584214287295774e-06,5,0.9500000000000001,0.04999999999999993
2022-01-10,0.012773787283632486,0.012687124744683968,0.17332507789703394,8.666253894851698e-05,5,0.8766749221029655,0.12332507789703451
2022-01-11,-0.003972272156688892,-0.0040651853217995694,0.1858263302213562,9.29131651106781e-05,5,0.9374987476756776,0.06250125232432235
2022-01-12,-0.039484074382625266,-0.039597535583360155,0.22692240146978435,0.00011346120073489217,5,0.8355788508545373,0.16442114914546269
2022-01-13,0.005185433888451597,0.005109013355435574,0.15284106603204567,7.642053301602284e-05,5,0.95,0.050000000000000044
2022-01-14,-0.04285795273095698,-0.04289085592563714,0.0658063893603205,3.290319468016025e-05,5,0.9500000000000001,0.04999999999999993
2022-01-18,-0.016679347901859723,-0.01673526685833779,0.11183791295613281,5.591895647806641e-05,5,0.9381620870438666,0.06183791295613339
2022-01-19,-0.018412962563198895,-0.018473374927945898,0.12082472949400778,6.041236474700389e-05,5,0.941013183462125,0.058986816537874964
2022-01-20,-0.01896464882992977,-0.018998560534474407,0.06782340908927219,3.3911704544636093e-05,5,0.95,0.050000000000000044
2022-01-21,-0.007107575351576621,-0.0072118262556852,0.2085018082171573,0.00010425090410857865,5,0.8414981917828422,0.15850180821715776
2022-01-24,0.001992780687776167,0.001879501001556055,0.22655937244022423,0.00011327968622011212,5,0.931942435776933,0.06805756422306697
2022-01-25,0.010343210467729553,0.010234576508972386,0.21726791751433583,0.00010863395875716791,5,0.8507896467087307,0.1492103532912693
2022-01-26,-0.024579949342302003,-0.024779047785187087,0.39819688577016904,0.00019909844288508452,5,0.7510134675210999,0.24898653247890012
2022-01-27,0.01556844362321633,0.015415138008919792,0.30661122859307677,0.0001533056142965384,5,0.9423753038858229,0.05762469611417709
2022-01-28,0.04016301805664291,0.04005780466718961,0.2104267789065983,0.00010521338945329916,5,0.8471979172075783,0.1528020827924217
2022-01-31,0.019739929577037803,0.01963782488820875,0.20420937765810002,0.00010210468882905002,5,0.9485927051343213,0.05140729486567874
2022-02-01,-0.008116476801632322,-0.008218475373064745,0.20399714286484677,0.00010199857143242339,5,0.8474101520008316,0.15258984799916842
2022-02-02,-0.01658186510795953,-0.016683742446525717,0.20375467713237408,0.00010187733856618704,5,0.9488351708667938,0.05116482913320619
2022-02-03,0.013123529753460999,0.012942678248464292,0.3617030099934127,0.00018085150499670636,5,0.689461819139793,0.310538180860207
2022-02-04,0.00992660802040963,0.009794980507115079,0.26325502658910127,0.00013162751329455063,5,0.9499999999999996,0.05000000000000038
2022-02-07,-0.001435320731547127,-0.0014501776222420545,0.029713781389855004,1.4856890694927503e-05,5,0.9499999999999997,0.050000000000000266
2022-02-08,0.0604493721258481,0.060407339818001365,0.08406461569346646,4.203230784673323e-05,5,0.9500000000000001,0.04999999999999993
2022-02-09,-0.027226159845017014,-0.02732612937142186,0.1999390528096881,9.996952640484405e-05,5,0.8500609471903113,0.14993905280968867
2022-02-10,0.003235090627172175,0.0031323770575042167,0.20542713933591622,0.00010271356966795811,5,0.9445119134737718,0.055488086526228164
2022-02-11,0.011884755036256741,0.011868521659919964,0.03246675267355431,1.6233376336777156e-05,5,0.95,0.050000000000000044
2022-02-14,-0.0013597579910681699,-0.0013806688226846184,0.04182166323289717,2.0910831616448585e-05,5,0.95,0.050000000000000044
2022-02-15,0.019607375033474123,0.019517523563838773,0.17970293927070005,8.985146963535002e-05,5,0.8702970607292995,0.12970293927070053
2022-02-16,-0.026064848791761054,-0.0261666798412306,0.2036620989390951,0.00010183104946954755,5,0.9260408403316049,0.07395915966839506
2022-02-17,-0.02480228539564814,-0.02491071854370339,0.21686629611050223,0.00010843314805525112,5,0.8570928635578923,0.14290713644210773
2022-02-18,-0.037984239831380315,-0.03803758171892083,0.10668377508103156,5.334188754051578e-05,5,0.95,0.050000000000000044
2022-02-22,0.03220351059766611,0.032110625614022684,0.18576996728685113,9.288498364342557e-05,5,0.8642300327131482,0.13576996728685176
2022-02-23,0.045679669005916156,0.04558034579382547,0.19864642418137038,9.93232120906852e-05,5,0.9371235431054808,0.06287645689451915
2022-02-24,0.03582099961107049,0.0357109170465254,0.22016512909017308,0.00011008256454508654,5,0.8427113278043455,0.15728867219565446
2022-02-25,-0.0024368176378948775,-0.00249721028098729,0.12078528618482484,6.039264309241242e-05,5,0.95,0.050000000000000044
2022-02-28,-0.016631876389615247,-0.016726881903832657,0.19001102843482154,9.500551421741077e-05,5,0.8599889715651781,0.14001102843482194
2022-03-01,0.017521499129313292,0.017461090823106984,0.12081661241261686,6.040830620630843e-05,5,0.95,0.050000000000000044
2022-03-02,-0.013828028393452305,-0.013913733380652417,0.17140997440022365,8.570498720011182e-05,5,0.8785900255997758,0.12140997440022416
2022-03-03,-0.00032130273174208867,-0.00036400786700230145,0.08541027052042555,4.270513526021277e-05,5,0.95,0.050000000000000044
2022-03-04,-0.004965413080940683,-0.005052359162109088,0.1738921623368086,8.69460811684043e-05,5,0.876107837663191,0.123892162336809
2022-03-07,0.0179575009771393,0.017868697263918064,0.1776074264424735,8.880371322123675e-05,5,0.9462847358943349,0.05371526410566507
2022-03-08,0.005589231759193478,0.0055801886589958985,0.018086200395159305,9.043100197579652e-06,5,0.95,0.050000000000000044
2022-03-09,0.01709371780081163,0.017084971246246205,0.01749310913085035,8.746554565425176e-06,5,0.95,0.050000000000000044
2022-03-10,-0.0039036336364741036,-0.003989460336777151,0.17165340060609438,8.582670030304719e-05,5,0.8783465993939052,0.12165340060609475
2022-03-11,-0.050598753522219125,-0.050642541172862605,0.08757530128696299,4.3787650643481495e-05,5,0.95,0.050000000000000044
2022-03-14,0.013505207935861227,0.013484551964807228,0.04131194210799709,2.0655971053998544e-05,5,0.95,0.050000000000000044
2022-03-15,0.04803470165893965,0.04800421040394829,0.060982509982722144,3.049125499136107e-05,5,0.95,0.050000000000000044
2022-03-16,0.050936809684886945,0.05090680328503284,0.06001279970820911,3.0006399854104556e-05,5,0.9499999999999997,0.050000000000000266
2022-03-17,-0.0004565943714878685,-0.000507756468192432,0.10232419340912713,5.116209670456356e-05,5,0.9476758065908726,0.05232419340912742
2022-03-18,0.03157452762041779,0.03155918956757195,0.0306761056916858,1.53380528458429e-05,5,0.95,0.050000000000000044
2022-03-21,0.00025062896297047086,0.00022461124629039576,0.05203543336015021,2.6017716680075103e-05,5,0.95,0.050000000000000044
2022-03-22,0.0007981981876181636,0.0007634581812108068,0.06948001281471353,3.4740006407356765e-05,5,0.95,0.050000000000000044
2022-03-23,0.006659009288121924,0.006552733053439895,0.21255246936405975,0.00010627623468202988,5,0.8374475306359399,0.1625524693640601
2022-03-24,0.04128727034605784,0.04116569469188713,0.24315130834143045,0.00012157565417071522,5,0.9194011610226294,0.08059883897737063
2022-03-25,-0.009643044275935007,-0.009744135537619505,0.20218252336899506,0.00010109126168449753,5,0.8784163156083754,0.12158368439162459
2022-03-28,0.0200376969271669,0.019958291962282583,0.15880992976863,7.940496488431501e-05,5,0.95,0.050000000000000044
2022-03-29,-0.011187021960441641,-0.011237383769622399,0.10072361836151604,5.0361809180758024e-05,5,0.9492763816384836,0.0507236183615164
2022-03-30,-0.008687746035740001,-0.008706820641001261,0.03814921052252042,1.907460526126021e-05,5,0.95,0.050000000000000044
2022-03-31,0.004920545542783241,0.004867375439131072,0.10634020730433835,5.317010365216918e-05,5,0.9436597926956612,0.05634020730433875
2022-04-01,0.003860487286360398,0.0038366083511168813,0.04775787048703367,2.3878935243516838e-05,5,0.95,0.050000000000000044
2022-04-04,0.0022347785960936985,0.0021354533234452205,0.19865054529695622,9.932527264847811e-05,5,0.8513494547030435,0.14865054529695654
2022-04-05,-0.029441747315399655,-0.029532746931352064,0.181999231904819,9.099961595240951e-05,5,0.95,0.050000000000000044
2022-04-06,0.016899123713946515,0.016881226810561575,0.03579380676987699,1.7896903384938497e-05,5,0.95,0.050000000000000044
2022-04-07,0.022519214119900762,0.022414292412615132,0.20984341457126235,0.00010492170728563118,5,0.8401565854287373,0.15984341457126272
2022-04-08,-0.03114384921732529,-0.031295762635207655,0.3038268357647215,0.00015191341788236076,5,0.8560165788065407,0.1439834211934593
2022-04-11,0.014266496709435842,0.01415167446324336,0.22964449238496504,0.00011482224619248252,5,0.9143389288084939,0.08566107119150612
2022-04-12,0.060649966093014006,0.06053347100683122,0.23299017236556976,0.00011649508618278488,5,0.852670898825936,0.14732910117406395
2022-04-13,-0.004688335072068262,-0.004834456500375249,0.2922428566139734,0.00014612142830698673,5,0.8550862445600902,0.1449137554399098
2022-04-14,0.03244886759867016,0.03237080973217217,0.1561157329959857,7.805786649799285e-05,5,0.9500000000000002,0.04999999999999982
2022-04-18,-0.004669474170801807,-0.004767377115986578,0.19580589036954146,9.790294518477073e-05,5,0.854194109630458,0.14580589036954195
2022-04-19,0.032031431503249205,0.03197347269167531,0.11591762314778517,5.7958811573892586e-05,5,0.95,0.050000000000000044
2022-04-20,-0.03927750007575481,-0.039384849035210716,0.21469791891180434,0.00010734895945590217,5,0.8353020810881953,0.16469791891180474
2022-04-21,-0.0542873671577524,-0.0543447161172083,0.11469791891180467,5.7348959455902335e-05,5,0.95,0.050000000000000044
2022-04-22,-0.014115589020326625,-0.01422258564608934,0.213993251525429,0.0001069966257627145,5,0.8360067484745706,0.16399325152542943
2022-04-25,-0.0204290946107556,-0.020534707924584655,0.21122662765811004,0.00010561331382905502,5,0.95,0.050000000000000044
2022-04-26,0.021471653475536052,0.021360960969442684,0.22138501218673345,0.00011069250609336673,5,0.8286149878132663,0.17138501218673374
2022-04-27,0.02349914480900675,0.023344373011234664,0.3095435955441745,0.00015477179777208724,5,0.861841416642559,0.13815858335744102
2022-04-28,-0.019051103394695255,-0.01910232468847646,0.10244258756241015,5.1221293781205075e-05,5,0.9500000000000001,0.04999999999999993
2022-04-29,-0.00010482291072533599,-0.00011896164737615601,0.028277473301640044,1.4138736650820022e-05,5,0.95,0.050000000000000044
2022-05-02,0.05556983883108259,0.05547073246985155,0.19821272246207455,9.910636123103728e-05,5,0.851787277537925,0.14821272246207495
2022-05-03,0.009672023350877731,0.009604071455045927,0.13590379166361088,6.795189583180544e-05,5,0.95,0.050000000000000044
2022-05-04,-0.04191517098542085,-0.04193186148825455,0.033381005667391994,1.6690502833695998e-05,5,0.9499999999999998,0.050000000000000155
2022-05-05,-0.03316711916193884,-0.03318271875376648,0.031199183655286233,1.5599591827643117e-05,5,0.95,0.050000000000000044
2022-05-06,-0.10223719567519352,-0.10226151569638636,0.04864004238568709,2.4320021192843546e-05,5,0.95,0.050000000000000044
2022-05-09,0.013642904452256544,0.01362804908687853,0.029710730756028286,1.4855365378014144e-05,5,0.95,0.050000000000000044
2022-05-10,0.014998653660939474,0.014897105741750422,0.20309583837810408,0.00010154791918905204,5,0.8469041616218955,0.15309583837810448
2022-05-11,-0.00840346655268868,-0.008587939893948418,0.3689466825194785,0.00018447334125973924,5,0.7841491558586255,0.21585084414137445
2022-05-12,0.03057664233029482,0.030368455301951293,0.4163740566870542,0.0002081870283435271,5,0.7994767874543198,0.20052321254568017
2022-05-13,0.05622196930618047,0.056140377302459035,0.16318400744288136,8.159200372144068e-05,5,0.95,0.050000000000000044
2022-05-16,0.020610714713426227,0.020605488622746523,0.010452181359409951,5.226090679704976e-06,5,0.9500000000000001,0.04999999999999993
2022-05-17,-0.049090852634871326,-0.04909412582105131,0.006546372359975128,3.273186179987564e-06,5,0.95,0.050000000000000044
2022-05-18,0.004259955241151664,0.0042325988103508105,0.054712861601707075,2.7356430800853538e-05,5,0.95,0.050000000000000044
2022-05-19,-0.001293409364774817,-0.0013112126471791494,0.035606564808664753,1.7803282404332377e-05,5,0.9500000000000002,0.04999999999999982
2022-05-20,0.053583572254065154,0.05357479287885784,0.017558750414629343,8.77937520731467e-06,5,0.9499999999999998,0.050000000000000155
2022-05-23,-0.017177484204549245,-0.017186384636215246,0.01780086333199904,8.90043166599952e-06,5,0.9499999999999998,0.050000000000000155
2022-05-24,0.03244718455178604,0.03243276766949532,0.028833764581435647,1.4416882290717825e-05,5,0.9500000000000001,0.04999999999999993
2022-05-25,0.025819738608285066,0.02579867849495462,0.0421202266608877,2.106011333044385e-05,5,0.9500000000000001,0.04999999999999993
2022-05-26,0.04684841491077783,0.04675818848037731,0.18045286080104236,9.022643040052119e-05,5,0.8695471391989573,0.13045286080104268
2022-05-27,-0.0137834703231964,-0.013883479395600853,0.20001814480890817,0.00010000907240445409,5,0.9304347159921342,0.06956528400786577
2022-05-31,0.05636417633562247,0.05634270302994233,0.04294661136028438,2.147330568014219e-05,5,0.9500000000000001,0.04999999999999993
2022-06-01,0.011625033281965114,0.011521866158023189,0.20633424788385107,0.00010316712394192554,5,0.8436657521161486,0.15633424788385142
2022-06-02,0.011819016077979541,0.01176064694093421,0.11673827409066095,5.836913704533048e-05,5,0.9500000000000001,0.04999999999999993
2022-06-03,0.0020651276341519613,0.0020369639522610987,0.0563273637817257,2.816368189086285e-05,5,0.95,0.050000000000000044
2022-06-06,0.024388100284754192,0.02427563580167419,0.22492896616000427,0.00011246448308000213,5,0.8250710338399957,0.1749289661600043
2022-06-07,-0.01676187555433275,-0.016877644816061188,0.23153852345687795,0.00011576926172843898,5,0.9433904427031263,0.05660955729687367
2022-06-08,-0.0383717864450846,-0.0383929087237392,0.042244557309193465,2.1122278654596734e-05,5,0.9500000000000002,0.04999999999999982
2022-06-09,-0.021012895408598915,-0.02102550129306759,0.02521176893735172,1.260588446867586e-05,5,0.95,0.050000000000000044
2022-06-10,-0.04560003808193656,-0.04571058120144586,0.22108623901859906,0.00011054311950929953,5,0.8289137609814008,0.1710862390185992
2022-06-13,-0.018976430018174343,-0.01908978270526228,0.22670537417587203,0.00011335268708793602,5,0.944380864842727,0.055619135157273014
2022-06-14,-0.010243830368006879,-0.01035402849173009,0.2203962474464209,0.00011019812372321045,5,0.835222887710852,0.16477711228914804
2022-06-15,-0.05444121197765014,-0.05454790814707048,0.2133923388406883,0.00010669616942034416,5,0.95,0.050000000000000044
2022-06-16,-0.056741719910253695,-0.05675179481455847,0.020149808609553954,1.0074904304776978e-05,5,0.9499999999999998,0.050000000000000155
2022-06-17,0.02637668574648923,0.026272537272708,0.20829694756245518,0.0001041484737812276,5,0.8417030524375448,0.15829694756245516
2022-06-21,-0.04699982297645901,-0.04710839318816824,0.21714042341846587,0.00010857021170923293,5,0.9411565241439893,0.058843475856010685
2022-06-22,-0.05859711513788109,-0.05861167612278986,0.029121969817545862,1.4560984908772931e-05,5,0.95,0.050000000000000044
2022-06-23,0.028633976106110487,0.02861272979288786,0.04249262644525731,2.1246313222628654e-05,5,0.95,0.050000000000000044
2022-06-24,0.05104168892770834,0.05103475643378379,0.01386498784910642,6.93249392455321e-06,5,0.9500000000000001,0.04999999999999993
2022-06-27,0.00979938880858368,0.009685907749538059,0.22696211809124178,0.0001134810590456209,5,0.8230378819087579,0.17696211809124207
2022-06-28,-0.043236974218555775,-0.04334857556246393,0.22320268781630842,0.00011160134390815421,5,0.9499999999999998,0.050000000000000155
2022-06-29,-0.0359213793976877,-0.03592846743712853,0.014176078881663529,7.088039440831765e-06,5,0.9499999999999998,0.050000000000000155
2022-06-30,0.00600803267531406,0.005892625397592098,0.23081455544392368,0.00011540727772196184,5,0.8191854445560763,0.18081455544392366
2022-07-01,-0.054796570757755104,-0.05491910490262193,0.2450682897336603,0.00012253414486683014,5,0.9357462657102633,0.06425373428973669
2022-07-05,-0.016778570167285962,-0.016898117302980367,0.2390942713888105,0.00011954713569440526,5,0.825159462900926,0.174840537099074
2022-07-06,0.058261959220789,0.058098449283094836,0.3270198753883324,0.0001635099376941662,5,0.8478206617107413,0.15217933828925867
2022-07-07,-0.012338605100807695,-0.01246738208461544,0.25755396761549115,0.00012877698380774557,5,0.8946253706737675,0.10537462932623254
2022-07-08,-0.012365909466741388,-0.012479362983251389,0.22690703302000229,0.00011345351651000115,5,0.8784675963062302,0.12153240369376983
2022-07-11,-0.029262520729974574,-0.029378024802396117,0.23100814484308388,0.00011550407242154195,5,0.8905242588506859,0.10947574114931413
2022-07-12,0.01910031452140049,0.019058715582974967,0.08319787685104355,4.1598938425521776e-05,5,0.9499999999999998,0.050000000000000155
2022-07-13,-0.0233835543375507,-0.023389178637120984,0.0112485991405685,5.6242995702842494e-06,5,0.9499999999999997,0.050000000000000266
2022-07-14,0.02535329764364815,0.025340153182053914,0.026288923188468316,1.3144461594234158e-05,5,0.9499999999999998,0.050000000000000155
2022-07-15,0.04898054564840779,0.04894588655779634,0.06931818122290367,3.4659090611451835e-05,5,0.9500000000000001,0.04999999999999993
2022-07-18,0.029123765186241525,0.028969290266193465,0.3089498400961199,0.00015447492004805997,5,0.7410501599038799,0.2589498400961201
2022-07-19,-0.005710089486360094,-0.005847707778829391,0.27523658493859415,0.00013761829246929707,5,0.95,0.050000000000000044
2022-07-20,-0.018258858260808846,-0.018369613797014295,0.2215110724108977,0.00011075553620544885,5,0.8284889275891022,0.1715110724108978
2022-07-21,-0.02596072979281659,-0.026053107125587255,0.18475466554133518,9.237733277066759e-05,5,0.95,0.050000000000000044
2022-07-22,0.005743952576377279,0.005619710656641154,0.2484838394722513,0.00012424191973612564,5,0.8015161605277488,0.19848383947225123
2022-07-25,-0.0037178998744356257,-0.0039018680295757236,0.36793631028019597,0.000183968155140098,5,0.8305475291920554,0.16945247080794457
2022-07-26,0.01511892930252742,0.014975114232524763,0.2876301400053124,0.0001438150700026562,5,0.8818223308026323,0.11817766919736772
2022-07-27,-0.008254672742392397,-0.008335774649795166,0.1622038148055388,8.11019074027694e-05,5,0.95,0.050000000000000044
2022-07-28,0.04483041883320046,0.04482080373011955,0.019230206161814978,9.61510308090749e-06,5,0.9499999999999998,0.050000000000000155
2022-07-29,0.0037786068337995397,0.0037385900296341428,0.08003360833079379,4.0016804165396895e-05,5,0.95,0.050000000000000044
2022-08-01,-0.0024450023150151606,-0.002490728080584154,0.09145153113798701,4.572576556899351e-05,5,0.95,0.050000000000000044
2022-08-02,-0.034669265701012635,-0.03468698534115788,0.03543928029049867,1.7719640145249337e-05,5,0.9500000000000001,0.04999999999999993
2022-08-03,-0.019764654524777114,-0.01982254213455878,0.11577521956333314,5.788760978166657e-05,5,0.9342247804366668,0.06577521956333321
2022-08-04,0.010642048137007679,0.010620299993786098,0.04349628644316278,2.174814322158139e-05,5,0.9499999999999997,0.050000000000000266
2022-08-05,0.00177950483789017,0.001664425904839313,0.23015786610171357,0.00011507893305085679,5,0.8198421338982865,0.18015786610171347
2022-08-08,0.007980186361198658,0.007877041008165494,0.20629070606632877,0.00010314535303316439,5,0.9500000000000001,0.04999999999999993
2022-08-09,0.01135284587961891,0.011316236010081623,0.073219739074572,3.6609869537286e-05,5,0.95,0.050000000000000044
2022-08-10,0.020209547246261384,0.020117710937637694,0.18367261724738312,9.183630862369156e-05,5,0.8663273827526169,0.1336726172473831
2022-08-11,-0.0036858133258220265,-0.003765298722327139,0.15897079301022488,7.948539650511244e-05,5,0.9500000000000002,0.04999999999999982
2022-08-12,-0.013965616430001025,-0.014068188035683802,0.20514321136555572,0.00010257160568277786,5,0.8448567886344442,0.15514321136555576
2022-08-15,0.007970169415299096,0.007895963315353253,0.14841219989168777,7.420609994584389e-05,5,0.95,0.050000000000000044
2022-08-16,-0.002848084942615477,-0.0029544580036696857,0.21274612210841795,0.00010637306105420898,5,0.8372538778915821,0.16274612210841788
2022-08-17,0.04349626614051216,0.04341496724714028,0.16259778674376557,8.129889337188278e-05,5,0.95,0.050000000000000044
2022-08-18,0.00796202954004345,0.00789934715327866,0.12536477352957903,6.268238676478951e-05,5,0.9246352264704211,0.07536477352957893
2022-08-19,0.0031382836409139135,0.0031057288718351218,0.06510953815758305,3.2554769078791524e-05,5,0.95,0.050000000000000044
2022-08-22,0.01518029117169964,0.014996671067937553,0.36724020752417164,0.00018362010376208582,5,0.6827597924758285,0.3172402075241715
2022-08-23,0.022271248783525155,0.022137628679763068,0.26724020752417155,0.00013362010376208577,5,0.9500000000000001,0.04999999999999993
2022-08-24,-0.008187894909005537,-0.00821964372961569,0.06349764122030394,3.174882061015197e-05,5,0.95,0.050000000000000044
2022-08-25,-0.004081804155650374,-0.004204678434556906,0.24574855781306315,0.00012287427890653158,5,0.8042514421869368,0.19574855781306322
2022-08-26,0.01340129215062719,0.013276355593212198,0.24987311482998378,0.0001249365574149919,5,0.9458754429830792,0.05412455701692076
2022-08-29,-0.049535491475231265,-0.04966751318660792,0.2640434227533145,0.00013202171137665725,5,0.790081134263606,0.20991886573639396
2022-08-30,-0.012698896102360663,-0.012831372831448484,0.2649534581756414,0.0001324767290878207,5,0.9449654075607524,0.055034592439247576
2022-08-31,-0.04270819649481905,-0.04272787080772947,0.03934862582084031,1.9674312910420155e-05,5,0.95,0.050000000000000044
2022-09-01,0.007160596285495262,0.0071366486430424906,0.047895284905542346,2.3947642452771175e-05,5,0.95,0.050000000000000044
2022-09-02,-0.04279084570371133,-0.04293896668139542,0.2962419553681749,0.00014812097768408745,5,0.7537580446318252,0.24624195536817484
2022-09-06,-0.010033695851831888,-0.010182054021000855,0.2967163383379344,0.0001483581691689672,5,0.9495256170302403,0.0504743829697597
2022-09-07,0.011877347056389546,0.011741312551789536,0.2720690092000201,0.00013603450460001004,5,0.7784053737697394,0.2215946262302606
2022-09-08,0.0357924975346407,0.035604270906634435,0.3764532560125286,0.0001882266280062643,5,0.845141370217732,0.15485862978226805
2022-09-09,0.02293464313858799,0.022788434568832387,0.29241713951120596,0.000146208569755603,5,0.862441490271062,0.13755850972893802
2022-09-12,-0.023875742865484217,-0.023932819815445282,0.11415389992212677,5.7076949961063385e-05,5,0.9499999999999998,0.050000000000000155
2022-09-13,0.02766188521218687,0.027625404481317832,0.07296146173807666,3.648073086903833e-05,5,0.95,0.050000000000000044
2022-09-14,-0.027193384144240967,-0.02731155877186376,0.23634925524558514,0.00011817462762279257,5,0.8136507447544147,0.18634925524558532
2022-09-15,-0.08372367251808234,-0.08382475658855552,0.20216814094637683,0.00010108407047318843,5,0.9499999999999998,0.050000000000000155
2022-09-16,0.0076455655385939646,0.0075187426069225,0.25364586334292794,0.00012682293167146398,5,0.796354136657072,0.203645863342928
2022-09-19,-0.004247969326803088,-0.0043541329878416055,0.2123273220770351,0.00010616366103851756,5,0.95,0.050000000000000044
2022-09-20,-0.025929477568654758,-0.02604862049221009,0.23828584711066653,0.00011914292355533326,5,0.8117141528893335,0.18828584711066654
2022-09-21,-0.02185291858538204,-0.021934495195010697,0.1631532192573137,8.157660962865685e-05,5,0.95,0.050000000000000044
2022-09-22,-0.06618420797827018,-0.06621883672620038,0.06925749586038896,3.462874793019448e-05,5,0.9500000000000001,0.04999999999999993
2022-09-23,-0.03664792227807025,-0.03676190655165311,0.22796854716572693,0.00011398427358286346,5,0.8220314528342729,0.17796854716572708
2022-09-26,0.017694870360559944,0.0175772085926046,0.23532353591068875,0.00011766176795534437,5,0.942645011255038,0.05735498874496203
2022-09-27,0.033756479737681755,0.03363997938519609,0.2330007049713234,0.00011650035248566171,5,0.8243542837736383,0.17564571622636171
2022-09-28,-0.007899238442878237,-0.007975192077647644,0.15190726953881553,7.595363476940777e-05,5,0.95,0.050000000000000044
2022-09-29,0.0001798981827935012,0.00016097376641787195,0.037848832751258527,1.8924416375629264e-05,5,0.95,0.050000000000000044
2022-09-30,0.03145564270848943,0.03133646610987701,0.23835319722483744,0.00011917659861241872,5,0.8116468027751624,0.18835319722483757
2022-10-03,0.04129217604249895,0.04116571056408258,0.25293095683273925,0.00012646547841636962,5,0.935422240392098,0.06457775960790202
2022-10-04,0.00012388284224709202,9.585702197201876e-05,0.056051640550146525,2.8025820275073262e-05,5,0.9500000000000002,0.04999999999999982
2022-10-05,-0.0065869194118464884,-0.006712651510440642,0.2514641971883066,0.0001257320985941533,5,0.7985358028116931,0.20146419718830688
2022-10-06,-0.018226745320754086,-0.018433224741304325,0.4129588411004795,0.00020647942055023973,5,0.7885053560878272,0.21149464391217276
2022-10-07,0.0007280074436482654,0.0005206571126820071,0.4147006619325167,0.00020735033096625836,5,0.7967939819796559,0.2032060180203441
2022-10-10,-0.0024414996427197444,-0.0025935677405480883,0.3041361956566879,0.00015206809782834397,5,0.899069822363656,0.10093017763634404
2022-10-11,-0.02018983732197846,-0.020330387319546485,0.2810999951360499,0.00014054999756802494,5,0.8198301825002938,0.18016981749970618
2022-10-12,0.024470963089017313,0.024398888822684317,0.14414853266599467,7.207426633299734e-05,5,0.95,0.050000000000000044
2022-10-13,-0.030421799023028086,-0.030539812032154726,0.23602601825327843,0.00011801300912663922,5,0.8139739817467214,0.18602601825327858
2022-10-14,0.02859771036602439,0.028466801270434456,0.26181819117987,0.000130909095589935,5,0.9242078270734084,0.07579217292659157
2022-10-17,0.005273592635860444,0.005065085200886516,0.41701486994785564,0.00020850743497392784,5,0.6587773029787356,0.3412226970212644
2022-10-18,-0.003982511331942513,-0.004176752201033421,0.3884817381818167,0.00019424086909090835,5,0.9499999999999998,0.050000000000000155
2022-10-19,-0.008332729764306214,-0.008345189047511458,0.02491856641048834,1.245928320524417e-05,5,0.9500000000000002,0.04999999999999982
2022-10-20,0.016890693390999238,0.01676209552609514,0.25719572980819705,0.00012859786490409852,5,0.7928042701918027,0.20719572980819734
2022-10-21,-0.0027842254243907417,-0.0029114289889709353,0.25440712916038744,0.0001272035645801937,5,0.95,0.050000000000000044
2022-10-24,0.009281379145671571,0.009158324492958126,0.2461093054268899,0.00012305465271344497,5,0.8038906945731101,0.19610930542688987
2022-10-25,0.01636858062676362,0.01622866063399405,0.2798399855391431,0.00013991999276957153,5,0.9162693198877467,0.08373068011225326
2022-10-26,0.005640846505549294,0.005514204772335604,0.2532834664273792,0.00012664173321368962,5,0.830447213684874,0.16955278631512605
2022-10-27,0.0023893531056511947,0.0022607632420684086,0.2571797271655724,0.0001285898635827862,5,0.9123730591495536,0.08762694085044642
2022-10-28,-0.007000614116807778,-0.007037160629571565,0.07309302552757313,3.654651276378657e-05,5,0.95,0.050000000000000044
2022-10-31,-0.0011061599161880827,-0.00113147616731974,0.05063250226331467,2.5316251131657336e-05,5,0.9500000000000001,0.04999999999999993
2022-11-01,-0.014360205062330446,-0.014511059343335428,0.3017085620099629,0.00015085428100498145,5,0.7482914379900371,0.25170856200996294
2022-11-02,0.004256055167841473,0.004041718244114169,0.42867384745460835,0.00021433692372730418,5,0.8230347145553546,0.1769652854446454
2022-11-03,0.008512425085956794,0.008244629995731721,0.5355901804501476,0.0002677950902250738,5,0.6413751049944977,0.3586248950055023
2022-11-04,0.003831291693042633,0.0036769792455398818,0.3086248950055022,0.00015431244750275112,5,0.95,0.050000000000000044
2022-11-07,-0.02426034246158648,-0.024377488961471523,0.2342929997700845,0.00011714649988504225,5,0.8157070002299154,0.18429299977008462
2022-11-08,-0.03127887448972774,-0.031485581289315695,0.4134135991759089,0.00020670679958795446,5,0.7708794005941755,0.22912059940582452
2022-11-09,0.015837000862174523,0.015603515499571837,0.46697072520537064,0.00023348536260268534,5,0.7621498742004537,0.23785012579954634
2022-11-10,0.0202545108670767,0.020061131089555824,0.38675955504174864,0.00019337977752087432,5,0.8510905707577975,0.14890942924220252
2022-11-11,-0.016488174385840236,-0.01656945334984255,0.16255792800462207,8.127896400231103e-05,5,0.9499999999999997,0.050000000000000266
2022-11-14,0.011208824830390356,0.01118128468025332,0.05508030027407218,2.754015013703609e-05,5,0.95,0.050000000000000044
2022-11-15,-0.019918997440614483,-0.02003476697249835,0.23153906376773653,0.00011576953188386827,5,0.8184609362322632,0.18153906376773676
2022-11-16,-0.010614047280042407,-0.010703349397628466,0.17860423517211585,8.930211758605792e-05,5,0.95,0.050000000000000044
2022-11-17,0.0003084501211301425,0.00017753840610279859,0.2618234300546879,0.00013091171502734394,5,0.7881765699453118,0.21182343005468818
2022-11-18,-0.009617360919145642,-0.009811420129921561,0.388118421551838,0.000194059210775919,5,0.82370500850285,0.17629499149715
2022-11-21,0.01181047390436264,0.011626717369356046,0.36751307001319067,0.00018375653500659535,5,0.8087819214839592,0.19121807851604078
2022-11-22,-0.006062692594874389,-0.006245371748589939,0.36535830743109926,0.00018267915371554964,5,0.8258597710849415,0.17414022891505854
2022-11-23,0.015020592159113118,0.014932117666655635,0.17694898491496575,8.847449245748288e-05,5,0.9499999999999998,0.050000000000000155
2022-11-25,-0.016432662421003857,-0.01655297103308554,0.24061722416336925,0.00012030861208168463,5,0.8093827758366304,0.19061722416336957
2022-11-28,0.020797785595481358,0.020718188030355526,0.15919513025166376,7.959756512583188e-05,5,0.95,0.050000000000000044
2022-11-29,0.012273166382990327,0.012232334311364617,0.08166414325141949,4.083207162570975e-05,5,0.9499999999999997,0.050000000000000266
2022-11-30,-0.013946834928281337,-0.01397701615723587,0.06036245790906444,3.018122895453222e-05,5,0.95,0.050000000000000044
2022-12-01,-0.00432842643402079,-0.004337629703613265,0.018406539184949833,9.203269592474917e-06,5,0.95,0.050000000000000044
2022-12-02,-0.02910919816242579,-0.02922724521952928,0.23609411420697396,0.00011804705710348698,5,0.8139058857930257,0.1860941142069743
2022-12-05,-0.02677383616743477,-0.02699007745760886,0.432482580348187,0.00021624129017409349,5,0.753611533858787,0.24638846614121301
2022-12-06,0.00448833981764509,0.0042771078030307335,0.42246402922871307,0.00021123201461435655,5,0.8239244369124996,0.1760755630875004
2022-12-07,-0.005663992322648215,-0.005847091063241146,0.36619748118586315,0.00018309874059293157,5,0.809878081901637,0.19012191809836299
2022-12-08,-0.01665526412413972,-0.016922054096476277,0.5335799446731196,0.0002667899723365598,5,0.656541973425243,0.343458026574757
2022-12-09,0.04124106756849391,0.04098535678238379,0.5114215722202478,0.00025571078611012386,5,0.8320364543545088,0.1679635456454912
2022-12-12,0.015165570787654547,0.015016249564356534,0.2986424465960271,0.00014932122329801357,5,0.8693210990494639,0.13067890095053614
2022-12-13,-0.005175882892836938,-0.005382850340772145,0.4139348958704131,0.00020696744793520654,5,0.7167440050801228,0.2832559949198772
2022-12-14,-0.00973181870999307,-0.009868222081823558,0.2728067436609769,0.00013640337183048847,5,0.9499999999999998,0.050000000000000155
2022-12-15,-0.0014162753504792952,-0.0015394634626154941,0.24637622427239778,0.00012318811213619889,5,0.803623775727602,0.19637622427239798
2022-12-16,-0.004122335475436037,-0.004204424774345063,0.16417859781805044,8.208929890902522e-05,5,0.95,0.050000000000000044
2022-12-19,0.013224633583811849,0.013005925931894334,0.43741530383502913,0.00021870765191751458,5,0.6125846961649705,0.38741530383502953
2022-12-20,0.025691645384441318,0.02540438941883658,0.5745119312094793,0.00028725596560473965,5,0.81290337262555,0.18709662737445
2022-12-21,-0.023373022719075206,-0.023613994463690988,0.4819434892315647,0.00024097174461578237,5,0.7051531381428849,0.29484686185711506
2022-12-22,0.0117864283019173,0.011596205399172768,0.38044580548906354,0.00019022290274453178,5,0.9144010563680511,0.08559894363194887
2022-12-23,-0.006477476778652663,-0.006511146521415136,0.06733948552494401,3.3669742762472004e-05,5,0.95,0.050000000000000044
2022-12-27,-0.009482911068159043,-0.009598090493896694,0.23035885147530477,0.00011517942573765238,5,0.8196411485246952,0.18035885147530484
2022-12-28,0.010882258566524272,0.010697316461148146,0.3698842107522544,0.0001849421053761272,5,0.8104746407230502,0.1895253592769498
2022-12-29,0.004808865223932535,0.0046568084420203874,0.30411356382429383,0.00015205678191214692,5,0.8854117954526557,0.11458820454734431
2022-12-30,-0.01459736131652966,-0.014738285376426463,0.281848119793607,0.0001409240598968035,5,0.8327400847537372,0.16725991524626282
2023-01-03,-0.0015997402707775064,-0.0016583702284006378,0.11725991524626285,5.8629957623131424e-05,5,0.9499999999999998,0.050000000000000155
2023-01-04,0.01983414161294645,0.019816135668529584,0.03601188883372883,1.8005944416864416e-05,5,0.9500000000000002,0.04999999999999982
2023-01-05,0.029938818307471183,0.029814413184045666,0.24881024685103298,0.00012440512342551648,5,0.8011897531489667,0.19881024685103332
2023-01-06,0.005640953347596988,0.005553948993119257,0.17400870895546208,8.700435447773105e-05,5,0.9500000000000002,0.04999999999999982
2023-01-09,0.001354256099107248,0.0013337748109464424,0.040962576321611266,2.0481288160805634e-05,5,0.9499999999999998,0.050000000000000155
2023-01-10,-0.002687564326703567,-0.002909113129087796,0.4430976047684583,0.00022154880238422914,5,0.6069023952315414,0.39309760476845856
2023-01-11,0.027289620913475972,0.026993243024402303,0.5927557781473376,0.0002963778890736688,5,0.8003418266211205,0.19965817337887948
2023-01-12,0.02392392195786206,0.023667610982044642,0.5126219516348367,0.00025631097581741834,5,0.6870362217440422,0.3129637782559578
2023-01-13,0.019701416167675345,0.019463052021065665,0.47672829321936194,0.000238364146609681,5,0.8362354850365954,0.1637645149634046
2023-01-17,-0.02104826105290047,-0.02121219611332562,0.3278701208502955,0.00016393506042514775,5,0.8358943941131086,0.16410560588689138
2023-01-18,-0.022001028323050925,-0.022252568238269814,0.5030798304377753,0.00025153991521888766,5,0.6610257754491157,0.33897422455088433
2023-01-19,0.02677131926602555,0.026513585333354472,0.5154678653421594,0.0002577339326710797,5,0.8235063592087244,0.1764936407912756
2023-01-20,-0.0001459440053408256,-0.00035275083611077836,0.41361366153990553,0.00020680683076995278,5,0.7628799792513696,0.23712002074863037
2023-01-23,-0.006246228863994973,-0.006363956988331378,0.23545624867281037,0.0001177281243364052,5,0.9500000000000001,0.04999999999999993
2023-01-24,-0.011711065412355394,-0.011822965007857443,0.22379919100409776,0.00011189959550204888,5,0.8262008089959016,0.17379919100409835
2023-01-25,-0.02012515209314335,-0.020195864270558903,0.1414243548311023,7.071217741555115e-05,5,0.95,0.050000000000000044
2023-01-26,-0.035228716480545465,-0.03525112440724983,0.044815853408730816,2.240792670436541e-05,5,0.95,0.050000000000000044
2023-01-27,-0.002326918756487937,-0.0024410774927454684,0.22831747251506296,0.00011415873625753148,5,0.8216825274849365,0.17831747251506347
2023-01-30,0.029872437855504103,0.029783854155034276,0.17716740093965397,8.858370046982699e-05,5,0.9500000000000001,0.04999999999999993
2023-01-31,0.012670881068752695,0.012632934542167592,0.07589305317020355,3.7946526585101775e-05,5,0.95,0.050000000000000044
2023-02-01,0.001848007514797393,0.00174488912507546,0.20623677944386562,0.00010311838972193281,5,0.8437632205561336,0.15623677944386638
2023-02-02,-0.06698486091581612,-0.06709688821207985,0.2240545925274468,0.00011202729626372341,5,0.9321821869164187,0.06781781308358126
2023-02-03,-0.03466384761740835,-0.034706108009391994,0.08452078396728671,4.226039198364336e-05,5,0.9500000000000001,0.04999999999999993
2023-02-06,-0.022399032947160957,-0.02250143835841182,0.204810822501728,0.000102405411250864,5,0.8451891774982712,0.15481082250172884
2023-02-07,-0.01622591894681715,-0.016331465495952425,0.21109309827055034,0.00010554654913527517,5,0.9437177242311775,0.0562822757688225
2023-02-08,-0.012412615006178919,-0.012525712038821534,0.22619406528522992,0.00011309703264261496,5,0.8300882104835916,0.1699117895164084
2023-02-09,-0.02023303654610848,-0.020298595131888555,0.13111717156015054,6.555858578007527e-05,5,0.9500000000000001,0.04999999999999993
2023-02-10,-0.000890379456597647,-0.0009246245688582532,0.06849022452121234,3.424511226060617e-05,5,0.95,0.050000000000000044
2023-02-13,0.023148655715293093,0.023134343879585725,0.028623671414734847,1.4311835707367424e-05,5,0.9499999999999998,0.050000000000000155
2023-02-14,0.04484379332896984,0.04480030447435689,0.08697770922588843,4.3488854612944215e-05,5,0.9500000000000001,0.04999999999999993
2023-02-15,0.003704746338112184,0.003602769156920235,0.20395436238389816,0.00010197718119194909,5,0.8460456376161009,0.15395436238389915
2023-02-16,0.019711379679711982,0.019565394091361682,0.2919711767006016,0.0001459855883503008,5,0.8619831856832967,0.13801681431670332
2023-02-17,-0.030358733983070818,-0.03048709608710307,0.25672420806449997,0.00012836210403225,5,0.8812926062522024,0.1187073937477976
2023-02-21,0.019206807642150523,0.019159086302452066,0.0954426793969149,4.772133969845745e-05,5,0.9500000000000001,0.04999999999999993
2023-02-22,0.012880705288513252,0.012775825858195346,0.20975886063581375,0.00010487943031790687,5,0.8402411393641853,0.15975886063581468
2023-02-23,-0.042101788554604946,-0.0422608993261323,0.3182215430547034,0.0001591107715273517,5,0.8415373175811103,0.15846268241888972
2023-02-24,-0.01580773216752572,-0.01592693811247747,0.23841188990349918,0.00011920594495174959,5,0.9200507925153893,0.07994920748461065
2023-02-27,-0.01305108025373453,-0.013154276550687188,0.20639259390531817,0.00010319629695265908,5,0.8735566135792914,0.12644338642070863
2023-02-28,0.052345457525110974,0.05228619813768004,0.11851877486187107,5.9259387430935535e-05,5,0.95,0.050000000000000044
2023-03-01,0.028742377734947,0.028633617290705682,0.2175208884826368,0.0001087604442413184,5,0.8324791115173622,0.1675208884826378
2023-03-02,0.05048713282893634,0.05037648426266204,0.22129713254861172,0.00011064856627430586,5,0.946223755934025,0.05377624406597503
2023-03-03,-0.0031720528111542756,-0.0032914482027174216,0.23879078312629212,0.00011939539156314606,5,0.8149854609396817,0.18501453906031828
2023-03-06,-0.01707825530608488,-0.01719330152781597,0.230092443462177,0.0001150462217310885,5,0.9500000000000001,0.04999999999999993
2023-03-07,-0.010993699707309179,-0.01101577558066897,0.04415174671958072,2.207587335979036e-05,5,0.95,0.050000000000000044
2023-03-08,-0.03444982867449828,-0.03448744452297448,0.07523169695240572,3.761584847620286e-05,5,0.95,0.050000000000000044
2023-03-09,-0.026419060898800147,-0.026525720975398185,0.2133201531960742,0.0001066600765980371,5,0.8366798468039248,0.16332015319607518
2023-03-10,-0.016806119833768125,-0.0168657555944034,0.11927152127055116,5.963576063527558e-05,5,0.95,0.050000000000000044
2023-03-13,0.003926957083216169,0.0037454466828372363,0.363020800757866,0.000181510400378933,5,0.6869791992421328,0.3130208007578672
2023-03-14,-0.028457455796859224,-0.028641298795029198,0.3676859963399495,0.00018384299816997474,5,0.9453348044179165,0.05466519558208349
2023-03-15,0.017562333380074627,0.0174301298715229,0.2644070171034496,0.0001322035085517248,5,0.7902581784786327,0.20974182152136733
2023-03-16,-0.02858116140300247,-0.028695473319187453,0.22862383236996958,0.0001143119161849848,5,0.95,0.050000000000000044
2023-03-17,0.004992816850738335,0.004775182213457046,0.4352692745625788,0.0002176346372812894,5,0.6147307254374201,0.38526927456257987
2023-03-20,0.007630960834357346,0.007443067839962409,0.37578598878987474,0.00018789299439493737,5,0.9499999999999997,0.050000000000000266
2023-03-21,-0.016804526394512097,-0.016991795469516048,0.3745381500079046,0.0001872690750039523,5,0.6754618499920945,0.32453815000790553
2023-03-22,0.01822944374433106,0.01807048506925046,0.31791735016120104,0.00015895867508060053,5,0.95,0.050000000000000044
2023-03-23,0.0005865562437604603,0.0004879149652976315,0.19728255692565763,9.864127846282882e-05,5,0.8527174430743415,0.1472825569256585
2023-03-24,0.013793156728337771,0.013728905755479809,0.12850194571592544,6.425097285796272e-05,5,0.95,0.050000000000000044
2023-03-27,0.02483794366046109,0.02479942299959104,0.07704132174009795,3.8520660870048976e-05,5,0.95,0.050000000000000044
2023-03-28,0.008752453038066987,0.008746294426172386,0.012317223789204246,6.158611894602123e-06,5,0.95,0.050000000000000044
2023-03-29,-0.005567120856293695,-0.0055793633435985875,0.024484974609785104,1.2242487304892551e-05,5,0.95,0.050000000000000044
2023-03-30,0.00951944428583402,0.009493376767010066,0.05213503764790639,2.6067518823953197e-05,5,0.95,0.050000000000000044
2023-03-31,0.01314654198968591,0.0130219888400145,0.24910629934281875,0.00012455314967140937,5,0.8008937006571804,0.19910629934281965
2023-04-03,-0.031031853439900878,-0.031154230948687522,0.24475501757329154,0.00012237750878664577,5,0.95,0.050000000000000044
2023-04-04,-0.027810553729655275,-0.02782545567355347,0.029803887796387984,1.4901943898193993e-05,5,0.95,0.050000000000000044
2023-04-05,0.002371907264775143,0.0023424489988400237,0.058916531870238875,2.9458265935119437e-05,5,0.95,0.050000000000000044
2023-04-06,-0.00714818305989301,-0.007169221086345438,0.04207605290485597,2.1038026452427987e-05,5,0.9500000000000002,0.04999999999999982
2023-04-10,0.002340436382028708,0.002325374046580042,0.030124670897332256,1.506233544866613e-05,5,0.9500000000000001,0.04999999999999993
2023-04-11,-0.006477792067188216,-0.0065146247660534074,0.07366539773038153,3.6832698865190764e-05,5,0.9499999999999998,0.050000000000000155
2023-04-12,0.011085660452196264,0.01106720883493385,0.036903234524828965,1.8451617262414484e-05,5,0.9499999999999997,0.050000000000000266
2023-04-13,0.0034906394576908525,0.003468377597426856,0.04452372052799225,2.2261860263996126e-05,5,0.95,0.050000000000000044
2023-04-14,0.034218722773852614,0.034192207897162444,0.05302975338034102,2.6514876690170513e-05,5,0.95,0.050000000000000044
2023-04-17,0.03554513183587776,0.03544348736786943,0.20328893601665035,0.00010164446800832517,5,0.8467110639833487,0.15328893601665128
2023-04-18,0.02175466365257291,0.021678968517640045,0.15139026986573065,7.569513493286532e-05,5,0.95,0.050000000000000044
2023-04-19,-0.0015835063532474727,-0.0015971505414953335,0.027288376495721633,1.3644188247860817e-05,5,0.95,0.050000000000000044
2023-04-20,-0.0033197122080048744,-0.0034263630522939304,0.21330168857811171,0.00010665084428905585,5,0.8366983114218874,0.16330168857811256
2023-04-21,-0.016774796818554684,-0.016892095032671247,0.23459642823312565,0.00011729821411656283,5,0.9287052603449861,0.07129473965501387
2023-04-24,-0.0317680103963784,-0.03179563278069691,0.05524476863701738,2.7622384318508692e-05,5,0.95,0.050000000000000044
2023-04-25,0.024051871386992295,0.02402843549132204,0.04687179134051303,2.3435895670256517e-05,5,0.95,0.050000000000000044
2023-04-26,-0.012709982085583549,-0.012744015092105236,0.06806601304337265,3.4033006521686326e-05,5,0.9499999999999997,0.050000000000000266
2023-04-27,0.0327585977018997,0.0327359706113086,0.04525418118220295,2.2627090591101476e-05,5,0.95,0.050000000000000044
2023-04-28,0.0025151548722482067,0.0024880783200298953,0.05415310443662247,2.7076552218311236e-05,5,0.95,0.050000000000000044
2023-05-01,-0.041300639227776784,-0.04132002252923904,0.03876660292451592,1.938330146225796e-05,5,0.9500000000000001,0.04999999999999993
2023-05-02,-0.010018344928195578,-0.01013548363875203,0.2342774211129032,0.0001171387105564516,5,0.8157225788870959,0.18427742111290413
2023-05-03,0.0009504244227580127,0.0008731045393556671,0.1546397668046911,7.731988340234555e-05,5,0.9500000000000002,0.04999999999999982
2023-05-04,0.00732042633870207,0.007222900657982698,0.19505136143874555,9.752568071937277e-05,5,0.8549486385612536,0.14505136143874642
2023-05-05,0.008179211276150705,0.008074419917651175,0.20958271699906222,0.00010479135849953112,5,0.9354686444396834,0.06453135556031664
2023-05-08,-0.018659538935316022,-0.01870190255502271,0.08472723941337912,4.236361970668956e-05,5,0.9500000000000001,0.04999999999999993
2023-05-09,-0.017532632484308044,-0.01763516758392179,0.20507019922748887,0.00010253509961374444,5,0.8449298007725101,0.15507019922748988
2023-05-10,0.006400059228425438,0.0062880491920798325,0.22402007269121088,0.00011201003634560545,5,0.931050126536278,0.06894987346372194
2023-05-11,-0.01168266360483838,-0.011791598009651651,0.2178688096265433,0.00010893440481327166,5,0.8510810638371777,0.14891893616282226
2023-05-12,0.03038230907031747,0.030229823596809487,0.3049709470159653,0.00015248547350798263,5,0.843947989146856,0.15605201085314402
2023-05-15,-0.006980304534226806,-0.007110856021231475,0.2611029740093397,0.00013055148700466984,5,0.8949490368438032,0.10505096315619677
2023-05-16,-0.016330191898920335,-0.01643862757985596,0.21687136187125097,0.00010843568093562549,5,0.8881796012849449,0.11182039871505511
2023-05-17,-0.0007241131090358604,-0.0008466143504748992,0.24500248287807752,0.00012250124143903875,5,0.8668179158369766,0.13318208416302335
2023-05-18,-0.015500071088600163,-0.0155639675973593,0.12779301751827732,6.389650875913866e-05,5,0.95,0.050000000000000044
2023-05-19,0.017705661064627787,0.01768900434687801,0.03331343549955407,1.6656717749777033e-05,5,0.9499999999999998,0.050000000000000155
2023-05-22,-0.007739535997500186,-0.007859985226600745,0.24089845820111883,0.00012044922910055942,5,0.8091015417988803,0.19089845820111973
2023-05-23,0.011979273094349152,0.011905520377731505,0.14750543323529353,7.375271661764677e-05,5,0.9499999999999998,0.050000000000000155
2023-05-24,0.04276300550947526,0.042739588188764124,0.04683464142226812,2.341732071113406e-05,5,0.9500000000000002,0.04999999999999982
2023-05-25,0.009587020970812765,0.009564909454405114,0.04422303281530321,2.2111516407651605e-05,5,0.9500000000000001,0.04999999999999993
2023-05-26,-0.001542242072980799,-0.001643575172044812,0.2026661981280261,0.00010133309906401306,5,0.8473338018719728,0.15266619812802718
2023-05-30,-0.00876663499331849,-0.00883453785123008,0.13580571582317763,6.790285791158882e-05,5,0.95,0.050000000000000044
2023-05-31,0.022413884031980524,0.022394969039709573,0.03782998454190395,1.8914992270951975e-05,5,0.95,0.050000000000000044
2023-06-01,0.007776653686129028,0.007743721374074345,0.06586462410936678,3.2932312054683386e-05,5,0.9499999999999998,0.050000000000000155
2023-06-02,0.004435444190790058,0.004335589431531803,0.19970951851650953,9.985475925825477e-05,5,0.8502904814834896,0.14970951851651038
2023-06-05,0.023753041157076958,0.0236774257320109,0.15123085013211804,7.561542506605903e-05,5,0.95,0.050000000000000044
2023-06-06,0.015232200071607107,0.015203976833975692,0.05644647526282914,2.8223237631414574e-05,5,0.9499999999999997,0.050000000000000266
2023-06-07,0.004559861199955749,0.004527708526331516,0.0643053472484667,3.215267362423335e-05,5,0.95,0.050000000000000044
2023-06-08,-0.0008562028680308751,-0.0009574326589973192,0.20245958193288832,0.00010122979096644416,5,0.8475404180671108,0.15245958193288922
2023-06-09,0.0009813788288870545,0.0007477531167072259,0.46725142435965716,0.0002336257121798286,5,0.6852081575732312,0.31479184242676883
2023-06-12,-0.009830017104332381,-0.009970839076272251,0.2816439438797398,0.0001408219719398699,5,0.9500000000000001,0.04999999999999993
2023-06-13,-0.003336082989508331,-0.003452443278029155,0.23272057704164847,0.00011636028852082423,5,0.8172794229583504,0.18272057704164957
2023-06-14,0.009430661837812594,0.009271102970859816,0.3191177339055545,0.00015955886695277725,5,0.8636028431360939,0.13639715686390608
2023-06-15,-0.026842810652568213,-0.02689800262728145,0.11038394942647288,5.519197471323644e-05,5,0.9500000000000001,0.04999999999999993
2023-06-16,0.0006516858460579242,0.0006368086924853104,0.02975430714522745,1.4877153572613726e-05,5,0.95,0.050000000000000044
2023-06-20,0.0019387418897509772,0.001906123439834606,0.06523689983274245,3.261844991637122e-05,5,0.9499999999999998,0.050000000000000155
2023-06-21,0.011544551003236128,0.011440649038479208,0.20780392951383875,0.00010390196475691938,5,0.8421960704861602,0.1578039295138398
2023-06-22,-0.025841315581481387,-0.025958170583790994,0.2337100046192095,0.00011685500230960474,5,0.9240939248946293,0.07590607510537073
2023-06-23,0.009402516586985156,0.009275235190071477,0.25456279382735897,0.0001272813969136795,5,0.8213432812780108,0.17865671872198918
2023-06-26,-0.0053859501934598805,-0.005474187931389742,0.17647547585972362,8.823773792986182e-05,5,0.95,0.050000000000000044
2023-06-27,0.011460479495388469,0.011256564147281501,0.4078306962139339,0.00020391534810696696,5,0.6421693037860651,0.35783069621393493
2023-06-28,0.007366109879432744,0.007105666234339975,0.5208872901855386,0.0002604436450927693,5,0.8369434060283953,0.16305659397160466
2023-06-29,0.024943962569843686,0.024737312082880585,0.413300973926203,0.00020665048696310152,5,0.7497556200454006,0.25024437995459936
2023-06-30,0.005712348524127045,0.005612226334149745,0.20024437995459946,0.00010012218997729973,5,0.9500000000000001,0.04999999999999993
2023-07-03,-0.000642508597020407,-0.0008317668616510249,0.3785165292612358,0.0001892582646306179,5,0.671483470738763,0.328516529261237
2023-07-05,-0.026895858222319047,-0.02706191762214377,0.3321187996494446,0.0001660593998247223,5,0.9500000000000001,0.04999999999999993
2023-07-06,0.02034888693559938,0.02031779929236322,0.06217528647231588,3.108764323615794e-05,5,0.95,0.050000000000000044
2023-07-07,0.01677711295339242,0.016673911961018858,0.2064019847471241,0.00010320099237356206,5,0.8435980152528748,0.1564019847471252
2023-07-10,0.004720079963453421,0.004569040761955085,0.30207840299667077,0.00015103920149833538,5,0.8543235817504533,0.1456764182495467
2023-07-11,0.012673156208492601,0.012540871700015891,0.26456901695341994,0.00013228450847670997,5,0.8811074012961255,0.11889259870387447
2023-07-12,0.03701653553327929,0.03690760143129332,0.21786820397194345,0.00010893410198597174,5,0.9010243947319297,0.09897560526807025
2023-07-13,-0.011833957996782132,-0.011864720098394045,0.06152420322382657,3.076210161191328e-05,5,0.95,0.050000000000000044
2023-07-14,0.03972377241790892,0.03961217006241632,0.22320471098520564,0.00011160235549260282,5,0.8267952890147933,0.17320471098520673
2023-07-17,0.03664964192109581,0.036588039565603206,0.12320471098520669,6.160235549260334e-05,5,0.95,0.050000000000000044
2023-07-18,-0.03274048960218859,-0.03276308878905784,0.045198373738515124,2.2599186869257564e-05,5,0.95,0.050000000000000044
2023-07-19,-0.018701790459948436,-0.01873571940363737,0.067857887377867,3.39289436889335e-05,5,0.95,0.050000000000000044
2023-07-20,-0.008333287957340159,-0.008433327838900724,0.20007976312113215,0.00010003988156056608,5,0.8499202368788668,0.15007976312113325
2023-07-21,-0.007906546495858174,-0.008014429245082581,0.21576549844881282,0.00010788274922440641,5,0.9343142646723193,0.06568573532768074
2023-07-24,0.009594764817720999,0.009492195563795611,0.20513850785077664,0.00010256925392538833,5,0.8605472274769029,0.13945277252309707
2023-07-25,-0.017454058148794492,-0.017595601441606594,0.2830865856242022,0.0001415432928121011,5,0.8563661868988938,0.14363381310110623
2023-07-26,-0.04462934077079263,-0.044688185741807517,0.1176899420297786,5.8844971014889305e-05,5,0.95,0.050000000000000044
2023-07-27,0.027988851196771206,0.027882056352923852,0.21358968769470954,0.00010679484384735477,5,0.8364103123052894,0.1635896876947106
2023-07-28,0.013113221157005705,0.012995793096751229,0.23485612050895233,0.00011742806025447616,5,0.9287335671857573,0.07126643281424272
2023-07-31,0.01447336044416998,0.014456470945239148,0.033778997861663274,1.6889498930831637e-05,5,0.95,0.050000000000000044
2023-08-01,0.013658426144877528,0.01353978755280922,0.23727718413661839,0.0001186385920683092,5,0.8127228158633805,0.18727718413661953
2023-08-02,-0.02422244852416385,-0.024332839334842267,0.22078162135683743,0.00011039081067841871,5,0.9500000000000002,0.04999999999999982
2023-08-03,0.1402412639364514,0.14022500903447066,0.032509803961447176,1.6254901980723588e-05,5,0.95,0.050000000000000044
2023-08-04,0.03812988688646026,0.038027853510655484,0.20406675160955767,0.00010203337580477883,5,0.8459332483904413,0.15406675160955874
2023-08-07,0.003661462737646045,0.0035040675496040433,0.3147903760840026,0.0001573951880420013,5,0.839276375525555,0.160723624474445
2023-08-08,-0.08183655873170832,-0.08194354385567161,0.2139702479265864,0.0001069851239632932,5,0.9467533765478575,0.05324662345214248
2023-08-09,0.06095617246499794,0.06092730227418211,0.05774038163165107,2.8870190815825536e-05,5,0.9500000000000001,0.04999999999999993
2023-08-10,-0.05063250881067746,-0.05073457471868057,0.20413181600622407,0.00010206590800311204,5,0.8458681839937747,0.15413181600622528
2023-08-11,0.06317983402517466,0.0630708288006916,0.21801044896609167,0.00010900522448304584,5,0.9361213670401325,0.06387863295986751
2023-08-14,-0.03575222915107356,-0.035790743854978053,0.0770294078089922,3.8514703904496103e-05,5,0.9499999999999998,0.050000000000000155
2023-08-15,-0.053636458538597,-0.05375115689557008,0.22939671394615202,0.00011469835697307601,5,0.8206032860538468,0.1793967139461532
2023-08-16,-0.03287790960358176,-0.03299266810281339,0.22951699846327242,0.00011475849923163622,5,0.9498797154828795,0.05012028451712047
2023-08-17,-0.0067159986590709115,-0.006767756730212509,0.10351614228319533,5.175807114159767e-05,5,0.946604142233924,0.05339585776607603
2023-08-18,0.03828275182660271,0.03826305782180773,0.03938800958995603,1.9694004794978015e-05,5,0.9500000000000001,0.04999999999999993
2023-08-21,-0.005176282784051812,-0.005211460086817798,0.07035460553197168,3.517730276598584e-05,5,0.95,0.050000000000000044
2023-08-22,0.05045450653330518,0.0504146985214324,0.07961602374557253,3.9808011872786265e-05,5,0.95,0.050000000000000044
2023-08-23,-0.05385705574461774,-0.05395964898263656,0.20518647603762935,0.00010259323801881467,5,0.8448135239623695,0.15518647603763047
2023-08-24,-0.017670296587048127,-0.017782481209155113,0.22436924421397386,0.00011218462210698693,5,0.9308172318236554,0.06918276817634461
2023-08-25,0.009732312085029398,0.009614078995042996,0.2364661799728042,0.0001182330899864021,5,0.8327165882035392,0.16728341179646078
2023-08-28,0.07164148535827747,0.0715629740579036,0.15702260074773255,7.851130037386628e-05,5,0.95,0.050000000000000044
2023-08-29,0.013248991770840816,0.013100450716364027,0.29708210895357995,0.00014854105447678997,5,0.7529178910464188,0.24708210895358118
2023-08-30,0.011839669854795735,0.011736241843494541,0.20685602260238653,0.00010342801130119327,5,0.9500000000000002,0.04999999999999982
2023-08-31,0.013958649970648798,0.013848088055541,0.22112383021559387,0.00011056191510779694,5,0.8288761697844047,0.1711238302155953
2023-09-01,-0.00025000246464230427,-0.0003592346875143325,0.21846444574405643,0.00010923222287202822,5,0.9500000000000002,0.04999999999999982
2023-09-05,-0.004015879760534524,-0.004225127643763284,0.41849576645752046,0.00020924788322876023,5,0.6315042335424782,0.3684957664575218
2023-09-06,-0.034579559250809466,-0.03476760460129172,0.3760907009644987,0.00018804535048224936,5,0.95,0.050000000000000044
2023-09-07,-0.005403977111935382,-0.005555372824992885,0.3027914261150061,0.00015139571305750304,5,0.7472085738849926,0.2527914261150074
2023-09-08,-0.014197770103241603,-0.014362423849483988,0.32930749248476815,0.0001646537462423841,5,0.9234839336302381,0.07651606636976194
2023-09-11,-0.021767975976529762,-0.0218040236813427,0.07209540962587953,3.6047704812939764e-05,5,0.95,0.050000000000000044
2023-09-12,-0.06383553660427221,-0.06394963987083702,0.22820653312959197,0.00011410326656479598,5,0.8217934668704068,0.17820653312959323
2023-09-13,0.035889493288484245,0.03572378268827137,0.3314212004257384,0.00016571060021286922,5,0.8467853327038536,0.1532146672961464
2023-09-14,-0.012442660501180806,-0.012644729192161532,0.40413738196145244,0.0002020686909807262,5,0.7490772853346926,0.25092271466530736
2023-09-15,0.001012648146778408,0.0008548671658015827,0.3155619619536504,0.00015778098097682519,5,0.9353607527116556,0.06463924728834436
2023-09-18,-0.009189595102238119,-0.009298949967657226,0.21870973083821443,0.00010935486541910722,5,0.8459295164501287,0.1540704835498713
2023-09-19,-0.00812129202130066,-0.008252951951475665,0.2633198603500098,0.0001316599301750049,5,0.8907506231998602,0.1092493768001398
2023-09-20,-0.036653349834430186,-0.03677811848361872,0.2495372983770636,0.0001247686491885318,5,0.8597120784230751,0.14028792157692493
2023-09-21,0.010178309298963758,0.009986086747774306,0.38444510237890306,0.00019222255118945153,5,0.7558428191980209,0.24415718080197912
2023-09-22,-0.007296606350790057,-0.007411941570604886,0.23067043962965866,0.00011533521981482934,5,0.95,0.050000000000000044
2023-09-25,-0.005859374230296243,-0.006044556589301478,0.37036471801047005,0.00018518235900523504,5,0.6796352819895289,0.32036471801047106
2023-09-26,-0.014195705923711418,-0.014390630448710818,0.3898490499988019,0.00019492452499940093,5,0.930515668011668,0.06948433198833204
2023-09-27,0.06412063304259692,0.06401498317371429,0.21129973776525,0.00010564986888262499,5,0.8581845942230809,0.1418154057769191
2023-09-28,-0.0019607394474554438,-0.002114366707105475,0.30725451930006287,0.00015362725965003144,5,0.8345608864768551,0.1654391135231449
2023-09-29,-0.01841526709641826,-0.018547658753497988,0.2647833141594504,0.0001323916570797252,5,0.9006557993636936,0.09934420063630645
2023-10-02,-0.05192723158055515,-0.05205014797565921,0.24583279020812024,0.00012291639510406013,5,0.8535114104281851,0.14648858957181488
2023-10-03,-0.025472736972034962,-0.025626508777873244,0.30754361167656624,0.00015377180583828312,5,0.8389449778952476,0.16105502210475242
2023-10-04,0.0032549357803768188,0.003129257626764382,0.25135630722487357,0.0001256781536124368,5,0.9096987148798779,0.09030128512012214
2023-10-05,0.015696691977611938,0.015566756697514733,0.25987056019440935,0.00012993528009720468,5,0.8304307249257117,0.16956927507428832
2023-10-06,-0.033310165210030426,-0.03346551032635515,0.3106902326494391,0.00015534511632471956,5,0.858879042424848,0.14112095757515197
2023-10-09,0.01328720909289472,0.01322825939063489,0.11789940451965687,5.8949702259828435e-05,5,0.9499999999999998,0.050000000000000155
2023-10-10,0.00826786050919479,0.008151319714691282,0.23308158900701717,0.00011654079450350859,5,0.8169184109929819,0.1830815890070181
2023-10-11,-0.032162183284489596,-0.03233758611325898,0.3508056575387688,0.0001754028287693844,5,0.8322759314682483,0.1677240685317517
2023-10-12,-0.03251044140198019,-0.032660247884077495,0.29961296419460437,0.00014980648209730218,5,0.8681111043371463,0.13188889566285367
2023-10-13,0.01998846560671827,0.019939752632258837,0.09742594891886827,4.8712974459434135e-05,5,0.95,0.050000000000000044
2023-10-16,0.004786474219912348,0.004675813793895093,0.22132085203450955,0.00011066042601725477,5,0.8286791479654895,0.17132085203451053
2023-10-17,-0.04294128381916115,-0.04301275194789976,0.14293625747721886,7.146812873860943e-05,5,0.9499999999999998,0.050000000000000155
2023-10-18,-0.03224038420399136,-0.032259738974971294,0.03870954195986803,1.9354770979934017e-05,5,0.95,0.050000000000000044
2023-10-19,-0.03706894080357525,-0.03708459590861329,0.03131021007607321,1.5655105038036603e-05,5,0.95,0.050000000000000044
2023-10-20,0.01761337548004661,0.0175910553213594,0.04464031737442309,2.2320158687211544e-05,5,0.95,0.050000000000000044
2023-10-23,0.023725898267834358,0.0237114941472595,0.028808241149717723,1.4404120574858862e-05,5,0.95,0.050000000000000044
2023-10-24,-0.036647869947896386,-0.03665571080775368,0.01568171971458515,7.840859857292575e-06,5,0.95,0.050000000000000044
2023-10-25,-0.024521195303739734,-0.02462212117339304,0.20185173930660888,0.00010092586965330445,5,0.84814826069339,0.15185173930661
2023-10-26,0.004479473853292151,0.0044230029760779855,0.11294175442833065,5.647087721416533e-05,5,0.9499999999999998,0.050000000000000155
2023-10-27,-0.010559884310615424,-0.010652132112390961,0.18449560355107278,9.22478017755364e-05,5,0.8655043964489264,0.1344956035510736
2023-10-30,0.018833654628480696,0.018734687527387325,0.19793420218674435,9.896710109337217e-05,5,0.9365614013643283,0.0634385986356717
2023-10-31,0.01814528087246793,0.01810710725516548,0.07634723460490497,3.817361730245249e-05,5,0.9500000000000002,0.04999999999999982
2023-11-01,0.06670856901351711,0.06668199248230014,0.053153062433937026,2.6576531216968513e-05,5,0.9500000000000001,0.04999999999999993
2023-11-02,0.052922049740327715,0.05280655305994437,0.23099336076668792,0.00011549668038334396,5,0.8190066392333109,0.18099336076668915
2023-11-03,0.013705492496435866,0.013507531491203298,0.3959220104651354,0.0001979610052325677,5,0.7850713503015526,0.21492864969844738
2023-11-06,0.014717759135694295,0.014562105979126782,0.3113063131350252,0.0001556531565675126,5,0.9036223365634213,0.09637766343657872
2023-11-07,-0.007287777099971195,-0.00742394932395414,0.27234444796588997,0.00013617222398294498,5,0.8240332154706879,0.17596678452931214
2023-11-08,-0.027405044652631938,-0.027611884093908776,0.41367888255367663,0.00020683944127683832,5,0.7622879019756347,0.23771209802436533
2023-11-09,-0.01900442195011469,-0.019159067698780504,0.3092914973316292,0.0001546457486658146,5,0.9284206006927352,0.07157939930726476
2023-11-10,0.04291454572552089,0.04279818287215298,0.23272570673582124,0.00011636285336791062,5,0.8388536925714426,0.1611463074285574
2023-11-13,0.10483580599701088,0.10471117632757788,0.24925933886598034,0.00012462966943299018,5,0.9118869685625762,0.08811303143742377
2023-11-14,0.020164411003327932,0.020109529095325582,0.10976381600470238,5.488190800235119e-05,5,0.95,0.050000000000000044
2023-11-15,-0.02270562217149021,-0.022736992522239666,0.06274070149891053,3.137035074945527e-05,5,0.95,0.050000000000000044
2023-11-16,0.00797397994349609,0.00795255500860429,0.04284986978360156,2.1424934891800778e-05,5,0.9500000000000001,0.04999999999999993
2023-11-17,0.05128642423962866,0.05126319480261621,0.046458874024913666,2.3229437012456832e-05,5,0.95,0.050000000000000044
2023-11-20,0.04840757795642288,0.04838555552437912,0.04404486408751476,2.2022432043757382e-05,5,0.9499999999999997,0.050000000000000266
2023-11-21,0.0073252703190166,0.007295718447831983,0.059103742369232964,2.9551871184616484e-05,5,0.9499999999999998,0.050000000000000155
2023-11-22,-0.014326074720764477,-0.014350180924623647,0.04821240771834093,2.4106203859170463e-05,5,0.95,0.050000000000000044
2023-11-24,0.04213387360368385,0.04202691557549209,0.21391605638351655,0.00010695802819175827,5,0.8360839436164823,0.1639160563835177
2023-11-27,-0.0035360759388908215,-0.0037027569633685817,0.33336204895552085,0.00016668102447776043,5,0.8305540074279958,0.1694459925720042
2023-11-28,0.008267013317498519,0.008104616657832775,0.32479331933148775,0.00016239665966574389,5,0.8446526732405154,0.1553473267594846
2023-11-29,-0.022470515084737602,-0.0226160865468914,0.291142924307599,0.00014557146215379952,5,0.8642044024518845,0.13579559754811554
2023-11-30,0.10892586034325855,0.10886530504243384,0.1211106016494044,6.0555300824702204e-05,5,0.95,0.050000000000000044
2023-12-01,0.04744935111055492,0.047432018652640844,0.03466491582815365,1.7332457914076824e-05,5,0.95,0.050000000000000044
2023-12-04,-0.019053061161190623,-0.019168468129907825,0.230813937434401,0.0001154069687172005,5,0.8191860625655979,0.1808139374344021
2023-12-05,0.00014780900771082595,7.40136807801337e-05,0.1475906538613845,7.379532693069226e-05,5,0.9499999999999998,0.050000000000000155
2023-12-06,0.018832042971309932,0.01872246387043406,0.21915820175174697,0.00010957910087587348,5,0.8308417982482521,0.1691582017517479
2023-12-07,0.050489157746173595,0.050420553101470346,0.1372092894064995,6.860464470324975e-05,5,0.9500000000000001,0.04999999999999993
2023-12-08,-0.01629663697481306,-0.01638788630068052,0.18249865173491758,9.12493258674588e-05,5,0.8675013482650814,0.1324986517349186
2023-12-11,0.002628645965231755,0.0025873966393642955,0.08249865173491878,4.124932586745939e-05,5,0.9500000000000002,0.04999999999999982
2023-12-12,0.0854892487958514,0.0854445891983112,0.0893191950803991,4.4659597540199545e-05,5,0.95,0.050000000000000044
2023-12-13,0.05457534802770291,0.05453524639981281,0.08020325578020862,4.010162789010431e-05,5,0.9499999999999997,0.050000000000000266
2023-12-14,0.005725831904325705,0.0057004467598015494,0.05077028904831227,2.5385144524156133e-05,5,0.9500000000000002,0.04999999999999982
2023-12-15,0.03303941132598602,0.033022363814826615,0.03409502231880841,1.7047511159404207e-05,5,0.9499999999999998,0.050000000000000155
2023-12-18,0.03786670676632531,0.03776742991789593,0.1985536968587573,9.927684842937865e-05,5,0.8514463031412416,0.1485536968587584
2023-12-19,-0.060316218856526035,-0.06036549570495541,0.09855369685875826,4.927684842937913e-05,5,0.9499999999999998,0.050000000000000155
2023-12-20,0.018914093489575658,0.018888501426284694,0.05118412658192943,2.5592063290964715e-05,5,0.9499999999999998,0.050000000000000155
2023-12-21,-0.018266475686006044,-0.018432463916199845,0.33197646038760054,0.00016598823019380027,5,0.7180235396123986,0.2819764603876014
2023-12-22,0.02348627180762784,0.02336131420886461,0.24991519752645514,0.00012495759876322756,5,0.95,0.050000000000000044
2023-12-26,0.0019248431142223502,0.0019110988009960245,0.027488626452651516,1.3744313226325759e-05,5,0.95,0.050000000000000044
2023-12-27,-0.013065432350035716,-0.013103254082052825,0.07564346403421923,3.7821732017109617e-05,5,0.9500000000000002,0.04999999999999982
2023-12-28,-0.05524253966307572,-0.055266383294237505,0.047687262323575605,2.3843631161787804e-05,5,0.9499999999999998,0.050000000000000155
2023-12-29,-0.0361392177586592,-0.036230634095859714,0.18283267440103018,9.141633720051509e-05,5,0.8671673255989688,0.1328326744010312
2024-01-02,-0.048185534885895234,-0.04832299011904882,0.2749104663071741,0.00013745523315358704,5,0.8579222080938559,0.1420777919061441
2024-01-03,0.008870739001757546,0.008739167825363908,0.26314235278727527,0.00013157117639363763,5,0.8789354391188676,0.12106456088113238
2024-01-04,0.045394254022738834,0.045252192021699444,0.2841240020787842,0.0001420620010393921,5,0.836940558802347,0.16305944119765303
2024-01-05,0.001969105828562386,0.0018351519658230512,0.26790772547866937,0.0001339538627393347,5,0.8951517157189824,0.10484828428101756
2024-01-08,0.012555314198738253,0.01239141854299502,0.3277913114864643,0.00016389565574323215,5,0.7770569727945521,0.2229430272054479
2024-01-09,-0.01626626568707174,-0.016397485394963107,0.2624394157827381,0.00013121970789136905,5,0.95,0.050000000000000044
2024-01-10,-0.05564112123428428,-0.05573315228554975,0.18406210253093996,9.203105126546998e-05,5,0.8659378974690589,0.13406210253094109
2024-01-11,-0.04400033867947921,-0.044102192097532404,0.20370683610638468,0.00010185341805319234,5,0.9303552664245552,0.06964473357544476
2024-01-12,-0.02475827133571236,-0.024802443909641442,0.08834514785816702,4.4172573929083515e-05,5,0.95,0.050000000000000044
2024-01-16,-0.019997443428588224,-0.020057215230994463,0.11954360481247711,5.9771802406238555e-05,5,0.9304563951875219,0.06954360481247812
2024-01-17,-0.0005575517635720956,-0.0006655422323362219,0.21598093752825237,0.00010799046876412619,5,0.8535626672842247,0.1464373327157753
2024-01-18,0.003216505017908781,0.0031110941464456573,0.21082174292624745,0.00010541087146312372,5,0.9356155897895269,0.06438441021047314
2024-01-19,0.05353736551646984,0.0534367517060376,0.20122762086447876,0.00010061381043223938,5,0.8631567893459933,0.13684321065400673
2024-01-22,-0.0006616797969122151,-0.0008226498452531067,0.32194009668178314,0.00016097004834089156,5,0.8149031139722224,0.18509688602777763
2024-01-23,-0.05131333457988655,-0.05146756030929759,0.30845145882207586,0.00015422572941103794,5,0.8766454272057006,0.1233545727942994
2024-01-24,-0.019862344942381916,-0.019910859861734184,0.09702983870453669,4.851491935226834e-05,5,0.95,0.050000000000000044
2024-01-25,-0.020803713475197726,-0.020893141075149713,0.17885519990397117,8.942759995198559e-05,5,0.8711448000960278,0.1288551999039722
2024-01-26,0.051706249471665494,0.05164880577125564,0.11488740081970128,5.744370040985064e-05,5,0.9500000000000001,0.04999999999999993
2024-01-29,-0.0032235657494249443,-0.00324365616226924,0.04018082568859131,2.0090412844295658e-05,5,0.9500000000000001,0.04999999999999993
2024-01-30,-0.030305386619292364,-0.03041033291754477,0.20989259650481504,0.00010494629825240752,5,0.8401074034951839,0.15989259650481613
2024-01-31,0.006872822047007724,0.006742999038938665,0.2596460161381177,0.00012982300806905887,5,0.9002465803666972,0.09975341963330275
2024-02-01,0.04679278752756744,0.04669475620753131,0.19606264007225846,9.803132003612923e-05,5,0.9036907795610433,0.09630922043895673
2024-02-02,0.011526748858650798,0.011467416902689452,0.11866391192269218,5.933195596134609e-05,5,0.9499999999999998,0.050000000000000155
2024-02-05,0.006266285450884588,0.006208563453543776,0.11544399468162546,5.772199734081273e-05,5,0.9345560053183738,0.0654439946816262
2024-02-06,0.025040240830259394,0.024942916457355295,0.19464874580819563,9.732437290409782e-05,5,0.8707952488734295,0.12920475112657048
2024-02-07,0.02024149203204562,0.020108514242226944,0.26595557963735356,0.0001329777898186768,5,0.863249171489216,0.13675082851078402
2024-02-08,0.049323435242293844,0.0492465848780197,0.1537007285482882,7.68503642741441e-05,5,0.9499999999999998,0.050000000000000155
2024-02-09,0.04232297413210835,0.042231391191542296,0.18316588113211035,9.158294056605518e-05,5,0.8668341188678889,0.13316588113211114
2024-02-12,-0.06743179216544921,-0.06754108072033857,0.21857710977871012,0.00010928855488935506,5,0.9145887713534001,0.08541122864659989
2024-02-13,0.07051433554617917,0.07048077033423918,0.06713042387998872,3.356521193999436e-05,5,0.9500000000000001,0.04999999999999993
2024-02-14,0.046962540333941385,0.04693352008386361,0.05804050015554865,2.9020250077774325e-05,5,0.9500000000000001,0.04999999999999993
2024-02-15,-0.07731518405668551,-0.07732977356882946,0.02917902428788388,1.458951214394194e-05,5,0.9499999999999998,0.050000000000000155
2024-02-16,-0.013212217501250973,-0.013322792107097204,0.22114921169246318,0.0001105746058462316,5,0.8288507883075361,0.1711492116924639
2024-02-20,-0.030456228947140344,-0.030591481325100565,0.2705047559204407,0.00013525237796022037,5,0.9006444557720223,0.09935554422797765
2024-02-21,0.0941219257435939,0.09408727783245846,0.06929582227088196,3.464791113544098e-05,5,0.9499999999999998,0.050000000000000155
2024-02-22,-0.03966921485806904,-0.03969078863090632,0.04314754567455048,2.157377283727524e-05,5,0.95,0.050000000000000044
2024-02-23,0.0370772151810377,0.037050348696456875,0.05373296916165621,2.6866484580828104e-05,5,0.9500000000000001,0.04999999999999993
2024-02-26,0.027966597363298693,0.02795156412632906,0.030066473939263233,1.5033236969631617e-05,5,0.95,0.050000000000000044
2024-02-27,-0.05844578697433436,-0.05849519086154799,0.09880777442724495,4.9403887213622476e-05,5,0.95,0.050000000000000044
2024-02-28,0.028320811351060432,0.028288428810813736,0.06476508049339291,3.2382540246696455e-05,5,0.9499999999999998,0.050000000000000155
2024-02-29,0.018154995316746574,0.018130773227492045,0.048444178509056024,2.4222089254528013e-05,5,0.95,0.050000000000000044
2024-03-01,0.03835897361559819,0.03834512014591963,0.027706939357116073,1.3853469678558037e-05,5,0.95,0.050000000000000044
2024-03-04,-0.014451722504924559,-0.014559075154883971,0.2147052999188252,0.0001073526499594126,5,0.8352947000811739,0.1647052999188261
2024-03-05,0.009037194198622783,0.008962287820547032,0.14981275615150003,7.490637807575002e-05,5,0.9499999999999998,0.050000000000000155
2024-03-06,-0.0004751119509051588,-0.0005089978518157038,0.06777180182108983,3.3885900910544914e-05,5,0.95,0.050000000000000044
2024-03-07,0.006165487149039269,0.0060708302939954184,0.18931371008770023,9.465685504385012e-05,5,0.8606862899122989,0.1393137100877011
2024-03-08,-0.03566355402892912,-0.035733000539253656,0.13889302064906936,6.944651032453468e-05,5,0.9499999999999998,0.050000000000000155
2024-03-11,0.018655355052913967,0.018625733038454488,0.059244028918960745,2.9622014459480375e-05,5,0.95,0.050000000000000044
2024-03-12,0.014603648756948152,0.01450974935211941,0.18779880965748427,9.389940482874213e-05,5,0.8622011903425147,0.13779880965748526
2024-03-13,-0.06452612797388094,-0.0646147816916921,0.17730743562234144,8.865371781117073e-05,5,0.95,0.050000000000000044
2024-03-14,-0.0034491618883254675,-0.003541977208687083,0.18563064072323116,9.281532036161558e-05,5,0.8643693592767678,0.13563064072323217
2024-03-15,0.00557064163189203,0.005511098454573501,0.11908635463705786,5.954317731852893e-05,5,0.9499999999999998,0.050000000000000155
2024-03-18,-0.03359331584231387,-0.03362387788274686,0.06112408086598256,3.056204043299128e-05,5,0.9499999999999997,0.050000000000000266
2024-03-19,0.029905664180389806,0.029859452328680147,0.09242370341931615,4.621185170965808e-05,5,0.95,0.050000000000000044
2024-03-20,0.04034118953886237,0.04030829714915586,0.06578477941301367,3.2892389706506834e-05,5,0.95,0.050000000000000044
2024-03-21,-0.015395121273293233,-0.015425404547254036,0.06056654792160414,3.028327396080207e-05,5,0.95,0.050000000000000044
2024-03-22,0.018823329932137298,0.018778323465836577,0.09001293260143875,4.5006466300719374e-05,5,0.9500000000000001,0.04999999999999993
2024-03-25,0.0022870281930288555,0.002209193840877882,0.15566870430194663,7.783435215097331e-05,5,0.8943312956980523,0.10566870430194775
2024-03-26,-0.009802413694933136,-0.009838258431263392,0.07168947266051198,3.584473633025599e-05,5,0.95,0.050000000000000044
2024-03-27,-0.007250666907823392,-0.0073156560020737355,0.129978188500686,6.4989094250343e-05,5,0.9200218114993132,0.07997818850068683
2024-03-28,-0.0033319890663622226,-0.003350723190830447,0.037468248936448206,1.8734124468224102e-05,5,0.95,0.050000000000000044
2024-04-01,-0.025886894585388176,-0.02598918647058415,0.2045837703919482,0.0001022918851959741,5,0.845416229608051,0.15458377039194904
2024-04-02,0.0043053540298616825,0.004248318541865442,0.1140709759924803,5.703548799624015e-05,5,0.9499999999999997,0.050000000000000266
2024-04-03,-0.02423593809230014,-0.024352322107159062,0.23276802971784646,0.00011638401485892323,5,0.8172319702821528,0.18276802971784722
2024-04-04,0.0020190256007378985,0.0019136282108675152,0.21079477974076644,0.00010539738987038322,5,0.95,0.050000000000000044
2024-04-05,-0.016215626316818187,-0.016238520880786363,0.04578912793635599,2.2894563968177996e-05,5,0.95,0.050000000000000044
2024-04-08,-0.005783941528161507,-0.005885979388091134,0.20407571985925474,0.00010203785992962737,5,0.8459242801407443,0.15407571985925572
2024-04-09,-0.002814477017366695,-0.002880066506182033,0.13117897763067618,6.558948881533809e-05,5,0.9500000000000002,0.04999999999999982
2024-04-10,0.014742436173454363,0.01471598378481962,0.0529047772694865,2.6452388634743253e-05,5,0.95,0.050000000000000044
2024-04-11,-0.04608092076692116,-0.04610756361982928,0.05328570581624553,2.6642852908122767e-05,5,0.9499999999999997,0.050000000000000266
2024-04-12,-0.02387501030803065,-0.02390575623790622,0.06149185975113197,3.074592987556599e-05,5,0.95,0.050000000000000044
2024-04-15,0.03420573571195132,0.034106507743374724,0.19845593715318705,9.922796857659353e-05,5,0.8515440628468118,0.14845593715318817
2024-04-16,-0.014183213820084218,-0.014337545231919113,0.30866282366978864,0.00015433141183489432,5,0.8397931134833985,0.16020688651660153
2024-04-17,-0.018423394043256498,-0.01851008788630945,0.17338768610590272,8.669384305295136e-05,5,0.9500000000000001,0.04999999999999993
2024-04-18,-0.06647605605314658,-0.06659567385322288,0.2392356001525873,0.00011961780007629365,5,0.8107643998474116,0.18923560015258845
2024-04-19,0.01067002107908448,0.010584627666247045,0.17078682567487283,8.539341283743641e-05,5,0.9499999999999998,0.050000000000000155
2024-04-22,0.039008213059113034,0.03900143359400441,0.013558930217248466,6.779465108624233e-06,5,0.9499999999999998,0.050000000000000155
2024-04-23,-0.0063534788367859436,-0.006367107994370372,0.0272583151688576,1.36291575844288e-05,5,0.95,0.050000000000000044
2024-04-24,0.021374049383343443,0.02132564137165611,0.09681602337466566,4.840801168733283e-05,5,0.95,0.050000000000000044
2024-04-25,0.05777161616489084,0.057748546940411705,0.04613844895827371,2.3069224479136856e-05,5,0.95,0.050000000000000044
2024-04-26,0.0030795007768859937,0.003061797294479664,0.035406964812659786,1.7703482406329892e-05,5,0.95,0.050000000000000044
2024-04-29,-0.04458422663182459,-0.04460656994216317,0.04468662067716546,2.234331033858273e-05,5,0.9500000000000002,0.04999999999999982
2024-04-30,-0.023294174879202947,-0.023388628735954677,0.18890771350345748,9.445385675172874e-05,5,0.8610922864965413,0.13890771350345865
2024-05-01,0.13599487729148985,0.13594711050038913,0.09553358220142857,4.776679110071429e-05,5,0.9500000000000001,0.04999999999999993
2024-05-02,0.04138381796904871,0.041291599360740505,0.18443721661641513,9.221860830820756e-05,5,0.8655627833835837,0.13443721661641628
2024-05-03,0.035167155738995745,0.03504913619438741,0.2360390892166635,0.00011801954460833175,5,0.8983981273997517,0.10160187260024833
2024-05-06,-0.02521539235148227,-0.02539212404421284,0.35346338546114087,0.00017673169273057043,5,0.7481384871391062,0.25186151286089375
2024-05-07,-0.01571246896075578,-0.015881346010599207,0.3377540996868547,0.00016887704984342735,5,0.9141074131740379,0.08589258682596213
2024-05-08,0.004797491082728222,0.004668596003792358,0.2577901578717281,0.00012889507893586405,5,0.8281024289542329,0.17189757104576708
2024-05-09,-0.025850608564200555,-0.025983402418138155,0.2655877078752019,0.00013279385393760097,5,0.9063098631705641,0.09369013682943594
2024-05-10,-0.00044675688901575595,-0.0004844668086272624,0.07541983922301285,3.7709919611506425e-05,5,0.9499999999999997,0.050000000000000266
2024-05-13,0.05372160589585582,0.053701911329387675,0.039389132936280935,1.969456646814047e-05,5,0.95,0.050000000000000044
2024-05-14,0.0601282224183559,0.06001137812059263,0.23368859552654542,0.0001168442977632727,5,0.8163114044734534,0.1836885955265466
2024-05-15,-0.015351828378738198,-0.01553275328040775,0.3618498033391028,0.00018092490166955142,5,0.8218387921874426,0.1781612078125574
2024-05-16,-0.007855245127017272,-0.00794010707091456,0.16972388779457814,8.486194389728908e-05,5,0.9499999999999997,0.050000000000000266
2024-05-17,0.028718638393286436,0.02870315905340458,0.030958679763717606,1.5479339881858804e-05,5,0.95,0.050000000000000044
2024-05-20,-0.012732569418883979,-0.012789060540127902,0.11298224248784516,5.649112124392258e-05,5,0.9370177575121535,0.06298224248784645
2024-05-21,-0.004384318756133892,-0.004506286768986101,0.24393602570441766,0.00012196801285220883,5,0.8190462167834276,0.1809537832165724
2024-05-22,-0.03106747455070539,-0.031239169764115553,0.343390426820325,0.0001716952134101625,5,0.8375633563962461,0.16243664360375387
2024-05-23,0.032696818976634484,0.03254738828409992,0.29886138506912924,0.00014943069253456462,5,0.8635752585346235,0.13642474146537653
2024-05-24,0.0033446420136164995,0.0032824083192458365,0.12446738874132639,6.22336943706632e-05,5,0.95,0.050000000000000044
2024-05-28,0.008338328433993616,0.008216654213925582,0.24334844013606635,0.00012167422006803317,5,0.8066515598639326,0.19334844013606745
2024-05-29,-0.014143414957339617,-0.014329734797061044,0.3726396794428551,0.00018631983972142754,5,0.8207087606932112,0.1792912393067888
2024-05-30,-0.033739968183635505,-0.03380803184234934,0.1361273174276615,6.806365871383074e-05,5,0.9499999999999998,0.050000000000000155
2024-05-31,0.005813941829982922,0.005633752137282696,0.3603793854004512,0.0001801896927002256,5,0.6896206145995476,0.3103793854004524
2024-06-03,-0.00501809669376722,-0.005205121118922133,0.37404885030982393,0.00018702442515491197,5,0.9363305350906274,0.06366946490937264
2024-06-04,0.021195348453923964,0.021093283983773477,0.20412894030097523,0.00010206447015048761,5,0.8595405246083964,0.14045947539160364
2024-06-05,0.08536847627623798,0.0852745696148406,0.1878133227947347,9.390666139736735e-05,5,0.9500000000000001,0.04999999999999993
2024-06-06,-0.0021433965626427693,-0.002157107736805976,0.02742234832641402,1.371117416320701e-05,5,0.95,0.050000000000000044
2024-06-07,0.02807469367117974,0.02805266154219872,0.04406425796204669,2.2032128981023343e-05,5,0.9500000000000001,0.04999999999999993
2024-06-10,-0.06522489030170181,-0.06535697087351724,0.2641611436308689,0.00013208057181543446,5,0.78583885636913,0.21416114363087002
2024-06-11,0.030051236546640145,0.02995889324252444,0.18468660823141372,9.234330411570687e-05,5,0.95,0.050000000000000044
2024-06-12,0.013550142033534367,0.013431848692381147,0.23658668230644214,0.00011829334115322107,5,0.8134133176935568,0.18658668230644315
2024-06-13,-0.0911017090887527,-0.0912267480944612,0.25007801141698693,0.00012503900570849346,5,0.9365086708894551,0.06349132911054489
2024-06-14,-0.004269531342955967,-0.004394286943649769,0.249511201387605,0.0001247556006938025,5,0.8139801277229388,0.18601987227706118
2024-06-17,-0.038274645230922215,-0.03837247984576747,0.19566922969051184,9.783461484525592e-05,5,0.9500000000000002,0.04999999999999982
2024-06-18,-0.03174348829257825,-0.0317662086616062,0.04544073805590865,2.2720369027954326e-05,5,0.9500000000000001,0.04999999999999993
2024-06-20,0.01719889087767872,0.01719087371753237,0.01603432029269805,8.017160146349025e-06,5,0.9499999999999998,0.050000000000000155
2024-06-21,-0.025502549861821853,-0.02552436159704218,0.043623470440654566,2.1811735220327282e-05,5,0.95,0.050000000000000044
2024-06-24,0.028380779819298776,0.028371192252932127,0.019175132733297462,9.587566366648731e-06,5,0.9500000000000001,0.04999999999999993
2024-06-25,-0.0341671391205674,-0.03420257793293615,0.07087762473748793,3.5438812368743965e-05,5,0.9500000000000001,0.04999999999999993
2024-06-26,0.03387237967052666,0.03385244788002611,0.03986358100110832,1.9931790500554158e-05,5,0.9499999999999998,0.050000000000000155
2024-06-27,-0.04235371741652059,-0.04248125788869214,0.2550809443431085,0.00012754047217155426,5,0.7949190556568906,0.20508094434310942
2024-06-28,-0.02598266159668523,-0.026181849880514273,0.3983765676580878,0.00019918828382904392,5,0.8067043766850208,0.19329562331497918
2024-07-01,-0.0019999200145510276,-0.002163864043536755,0.32788805797145515,0.00016394402898572757,5,0.865407565343523,0.13459243465647697
2024-07-02,-0.006805449067354861,-0.0068477452846831,0.08459243465647681,4.229621732823841e-05,5,0.9499999999999998,0.050000000000000155
2024-07-03,-0.010445016964034291,-0.010463685733510072,0.037337538951563276,1.8668769475781637e-05,5,0.9499999999999998,0.050000000000000155
2024-07-05,-0.04016920809419123,-0.04029511486369736,0.25181353901225323,0.0001259067695061266,5,0.7981864609877458,0.20181353901225418
2024-07-08,-0.008212858011313884,-0.008480550610451065,0.5353851982743614,0.0002676925991371807,5,0.6664283407378918,0.3335716592621082
2024-07-09,-0.007876210256171428,-0.008048530967437902,0.3446414225329493,0.00017232071126647468,5,0.9500000000000001,0.04999999999999993
2024-07-10,0.0023767422577814458,0.0022138404520761477,0.32580361141059627,0.00016290180570529815,5,0.7241963885894025,0.2758036114105975
2024-07-11,0.07383168866611703,0.07370946426178682,0.24444880866041152,0.00012222440433020575,5,0.95,0.050000000000000044
2024-07-12,0.055129281183228816,0.0550662421666228,0.1260780332120276,6.30390166060138e-05,5,0.9239219667879716,0.07607803321202844
2024-07-15,0.01009576614377071,0.00998408035964993,0.2233715682415592,0.0001116857841207796,5,0.8527064649704683,0.14729353502953169
2024-07-16,0.09418634840785381,0.09403284733965901,0.3070021363895933,0.00015350106819479663,5,0.8402913986399375,0.15970860136006249
2024-07-17,-0.013412978900068623,-0.013570915962050333,0.3158741239634218,0.0001579370619817109,5,0.8438344773966397,0.15616552260336025
2024-07-18,-0.02034930252125749,-0.02048404178360862,0.2694785247022548,0.0001347392623511274,5,0.8866869979011044,0.11331300209889561
2024-07-19,0.039112984592316685,0.039028116049620434,0.16973708539249804,8.486854269624902e-05,5,0.9435759167063964,0.0564240832936036
2024-07-22,-0.004783541088964065,-0.004988374376817546,0.40966657570696163,0.00020483328785348082,5,0.6467575075866409,0.35324249241335914
2024-07-23,0.07215114748447742,0.07194766337436762,0.4069682202195957,0.00020348411010979786,5,0.9462742721937624,0.05372572780623763
2024-07-24,-0.05339080339642442,-0.05341787276610768,0.05413873936652763,2.7069369683263817e-05,5,0.95,0.050000000000000044
2024-07-25,0.05869615896112727,0.05857537889871994,0.241560124814667,0.0001207800624073335,5,0.8084398751853318,0.19156012481466822
2024-07-26,-0.027004018642452353,-0.027077636552275977,0.1472358196472513,7.361790982362566e-05,5,0.95,0.050000000000000044
2024-07-29,-0.029308777912650377,-0.029424323957955016,0.2310920906092813,0.00011554604530464065,5,0.8189079093907177,0.18109209060928233
2024-07-30,0.04596538267551751,0.045888120007505716,0.15452533602358506,7.726266801179254e-05,5,0.95,0.050000000000000044
2024-07-31,-0.021603294524794633,-0.021717542708259888,0.22849636693051062,0.00011424818346525531,5,0.8215036330694883,0.17849636693051174
2024-08-01,-0.05775853121955394,-0.05783372224857354,0.15038205803920293,7.519102901960147e-05,5,0.95,0.050000000000000044
2024-08-02,-0.011551891552460836,-0.011758185221488675,0.4125873380556792,0.0002062936690278396,5,0.6374126619443196,0.36258733805568044
2024-08-05,0.009495549005939493,0.009311062513486814,0.36897298490535735,0.0001844864924526787,5,0.95,0.050000000000000044
2024-08-06,-0.05646985802518273,-0.05648506096201433,0.03040587366320982,1.5202936831604911e-05,5,0.9500000000000001,0.04999999999999993
2024-08-07,0.0617616051645819,0.061643595939769244,0.23601844962530807,0.00011800922481265404,5,0.8139815503746908,0.18601844962530922
2024-08-08,0.04319946448301796,0.043076419934017285,0.24608909800134696,0.00012304454900067348,5,0.9399293516239612,0.060070648376038815
2024-08-09,-0.014712400748407881,-0.01490910328934441,0.39340508187305606,0.00019670254093652803,5,0.6666655665029816,0.3333344334970184
2024-08-12,0.02910043396338658,0.028838488775065514,0.5238903766421303,0.00026194518832106515,5,0.809444056854887,0.19055594314511304
2024-08-13,-0.02748028738028798,-0.02764188970796873,0.32320465536149967,0.00016160232768074983,5,0.8673512877836121,0.13264871221638785
2024-08-14,0.11672809107854178,0.11665269751527481,0.15078712653393486,7.539356326696744e-05,5,0.95,0.050000000000000044
2024-08-15,-0.006310537901528095,-0.006430197722616793,0.2393196421773957,0.00011965982108869786,5,0.8106803578226032,0.18931964217739683
2024-08-16,0.06361690743803644,0.06354426658891085,0.14528169825117765,7.264084912558882e-05,5,0.95,0.050000000000000044
2024-08-19,-0.02415634511804715,-0.024273877267608764,0.2350642991232295,0.00011753214956161475,5,0.8149357008767694,0.18506429912323064
2024-08-20,0.04172151724079345,0.04159515741797357,0.252719645639742,0.00012635982281987098,5,0.9323446534834876,0.0676553465165124
2024-08-21,-0.027028309256654705,-0.02705679249489434,0.05696647647927097,2.8483238239635486e-05,5,0.95,0.050000000000000044
2024-08-22,0.012757185578108489,0.012649578083172174,0.2152149898726295,0.00010760749493631475,5,0.8347850101273695,0.1652149898726305
2024-08-23,0.0037429231942024375,0.0036219444541558954,0.24195748009308407,0.00012097874004654204,5,0.9232575097795452,0.07674249022045476
2024-08-26,-0.022295456382187544,-0.022308827627297773,0.02674249022045458,1.3371245110227289e-05,5,0.9499999999999998,0.050000000000000155
2024-08-27,-0.04116186789153703,-0.04117259336697277,0.021450950871481744,1.0725475435740873e-05,5,0.95,0.050000000000000044
2024-08-28,0.0022321205562107855,0.0022103601789560372,0.04352075450949644,2.176037725474822e-05,5,0.9499999999999998,0.050000000000000155
2024-08-29,0.00673443918741364,0.00669205504527748,0.08476828427231924,4.238414213615962e-05,5,0.95,0.050000000000000044
2024-08-30,-0.031384282543504165,-0.03139684023029462,0.02511537358090543,1.2557686790452715e-05,5,0.95,0.050000000000000044
2024-09-03,0.030448610273311236,0.030427198265672303,0.04282401527786879,2.1412007638934394e-05,5,0.9500000000000001,0.04999999999999993
2024-09-04,-0.04239487210661534,-0.04241111215852503,0.032480103819373274,1.6240051909686636e-05,5,0.9500000000000001,0.04999999999999993
2024-09-05,-0.03019544035407906,-0.030292280864816265,0.19368102147440686,9.684051073720343e-05,5,0.8563189785255921,0.14368102147440787
2024-09-06,0.1096293385461165,0.10948597502187311,0.2867270484867872,0.0001433635242433936,5,0.8569539729876197,0.14304602701238034
2024-09-09,0.04309452728764445,0.04299065848498007,0.20773760532875568,0.00010386880266437784,5,0.9353084216836236,0.0646915783163764
2024-09-10,0.01694353583584328,0.016852837474981116,0.18139672172432486,9.069836086216244e-05,5,0.8832948565920504,0.11670514340794957
2024-09-11,0.05843720870179556,0.0583838630735169,0.1066912565573136,5.33456282786568e-05,5,0.9499999999999998,0.050000000000000155
2024-09-12,0.07422689990171241,0.07419251836098473,0.06876308145536786,3.438154072768393e-05,5,0.9499999999999998,0.050000000000000155
2024-09-13,-0.013420363683082262,-0.01345080073735609,0.060874108547654626,3.0437054273827315e-05,5,0.95,0.050000000000000044
2024-09-16,-0.03721200042899275,-0.037285624868684177,0.14724887938284822,7.362443969142411e-05,5,0.9027511206171508,0.09724887938284921
2024-09-17,0.003238480178503972,0.0032102464955252475,0.05646736595744929,2.8233682978724647e-05,5,0.95,0.050000000000000044
2024-09-18,0.005574067212573919,0.005522862669293198,0.10240908656144153,5.1204543280720764e-05,5,0.9475909134385574,0.05240908656144261
2024-09-19,-0.02409850611997933,-0.024134217134223694,0.07142202848872502,3.571101424436251e-05,5,0.9500000000000001,0.04999999999999993
2024-09-20,-0.009917979246630565,-0.009994346044986809,0.15273359671248768,7.636679835624385e-05,5,0.8972664032875112,0.10273359671248883
2024-09-23,0.010351668264989303,0.010273254407750787,0.15682771447703298,7.84138572385165e-05,5,0.9459058822354549,0.05409411776454509
2024-09-24,-0.0262637593380058,-0.026347756614637646,0.16799455326368734,8.399727663184367e-05,5,0.8860995645008568,0.1139004354991432
2024-09-25,-0.02454018211143871,-0.024626120578409964,0.17187693394251108,8.593846697125554e-05,5,0.9420235015566311,0.05797649844336894
2024-09-26,0.011760656055753448,0.011678189339128328,0.1649334332502412,8.24667166251206e-05,5,0.8930430651931267,0.1069569348068733
2024-09-27,0.03590434312618755,0.03585700841286718,0.09466942664073638,4.733471332036819e-05,5,0.9499999999999998,0.050000000000000155
2024-09-30,-0.04226847356234367,-0.04229723836101144,0.057529597335534255,2.876479866776713e-05,5,0.9499999999999998,0.050000000000000155
2024-10-01,-0.013097646328620205,-0.013175902914028592,0.15651317081677601,7.825658540838802e-05,5,0.8934868291832232,0.1065131708167768
2024-10-02,-0.02084301483045786,-0.020921761598192406,0.1574935354690966,7.87467677345483e-05,5,0.9490196353476793,0.0509803646523207
2024-10-03,0.05651990360105087,0.05643029797702958,0.17921124804258395,8.960562402129198e-05,5,0.8717691166097359,0.12823088339026412
2024-10-04,-0.04792736670345007,-0.04802215978129027,0.18958615568041026,9.479307784020513e-05,5,0.9386447277098529,0.061355272290147145
2024-10-07,0.013816216914305108,0.013733155682747274,0.166122463115667,8.30612315578335e-05,5,0.8952328091744791,0.10476719082552088
2024-10-08,-0.03140834864907477,-0.031501879921952275,0.18706254575500614,9.353127287750307e-05,5,0.9177046450705137,0.08229535492948625
2024-10-09,-0.00771099509320698,-0.007764364297464374,0.10673840851478611,5.336920425739305e-05,5,0.9500000000000002,0.04999999999999982
2024-10-10,0.04649247002765009,0.046417751271768344,0.1494375117634957,7.471875588174786e-05,5,0.9005624882365033,0.09943751176349669
2024-10-11,0.0194325462262758,0.01937512912581432,0.11483420092295692,5.741710046147846e-05,5,0.9500000000000001,0.04999999999999993
2024-10-14,0.024546280765918003,0.024518726686772078,0.05510815829185238,2.755407914592619e-05,5,0.95,0.050000000000000044
2024-10-15,0.08111009246537312,0.08103753179339468,0.14512134395687892,7.256067197843947e-05,5,0.9048786560431202,0.09512134395687977
2024-10-16,-0.02724753351097163,-0.027297991439433743,0.10091585692422507,5.045792846211253e-05,5,0.95,0.050000000000000044
2024-10-17,0.00725249823732529,0.007213086714914496,0.07882304482158738,3.941152241079369e-05,5,0.9500000000000001,0.04999999999999993
2024-10-18,-0.028616152089691337,-0.028635840531637567,0.03937688389245679,1.9688441946228395e-05,5,0.9499999999999997,0.050000000000000266
2024-10-21,0.0011879493745434848,0.0011588699993713687,0.05815875034423208,2.907937517211604e-05,5,0.9499999999999998,0.050000000000000155
2024-10-22,-0.03056806961640723,-0.030601763860276618,0.06738848773877326,3.369424386938663e-05,5,0.9500000000000001,0.04999999999999993
2024-10-23,-0.017087185455848516,-0.01711457477558528,0.054778639473527915,2.738931973676396e-05,5,0.95,0.050000000000000044
2024-10-24,0.03637595431547232,0.0363513764712816,0.04915568838142538,2.457784419071269e-05,5,0.95,0.050000000000000044
2024-10-25,0.02711179846451664,0.027098845733442043,0.025905462149193564,1.2952731074596783e-05,5,0.9500000000000002,0.04999999999999982
2024-10-28,0.000200005957258006,0.00018141644927233388,0.03717901597134422,1.8589507985672113e-05,5,0.9500000000000002,0.04999999999999982
2024-10-29,-0.060747722324823936,-0.060764922109221145,0.03439956879442495,1.7199784397212476e-05,5,0.9499999999999998,0.050000000000000155
2024-10-30,-1.285083999610524e-05,-5.177911139859865e-05,0.07785654280498683,3.892827140249341e-05,5,0.9499999999999997,0.050000000000000266
2024-10-31,0.007177676755617705,0.007170127503804759,0.015098503625891407,7.549251812945704e-06,5,0.95,0.050000000000000044
2024-11-01,0.03589302813917908,0.035846006928426766,0.09404242150462358,4.702121075231179e-05,5,0.95,0.050000000000000044
2024-11-04,0.015814852726173178,0.015790236005552242,0.04923344124187359,2.4616720620936796e-05,5,0.95,0.050000000000000044
2024-11-05,0.029014081782910227,0.028995368386747638,0.03742679232517793,1.8713396162588962e-05,5,0.95,0.050000000000000044
2024-11-06,-0.004379545012807386,-0.004402368745810952,0.04564746600713403,2.2823733003567015e-05,5,0.95,0.050000000000000044
2024-11-07,0.015009617871500786,0.01497736955555645,0.06449663188867051,3.2248315944335256e-05,5,0.9500000000000001,0.04999999999999993
2024-11-08,0.047210354145597426,0.047202357308213594,0.015993674767658367,7.996837383829184e-06,5,0.95,0.050000000000000044
2024-11-11,-0.03167901160715481,-0.03177172537295049,0.18542753159135608,9.271376579567804e-05,5,0.8645724684086429,0.13542753159135712
2024-11-12,0.04555739619458633,0.04550428566185601,0.10622106546064697,5.311053273032348e-05,5,0.9499999999999997,0.050000000000000266
2024-11-13,-0.0211687622428109,-0.021271459520845984,0.20539455607016793,0.00010269727803508397,5,0.8446054439298312,0.15539455607016883
2024-11-14,-0.0719769334172562,-0.07209491040141924,0.2359539683260875,0.00011797698416304375,5,0.9194405877440802,0.08055941225591978
2024-11-15,0.043496809121216014,0.043463652023264125,0.06631419590377163,3.315709795188582e-05,5,0.95,0.050000000000000044
2024-11-18,0.01710721484092214,0.01707824834821567,0.05793298541294012,2.896649270647006e-05,5,0.95,0.050000000000000044
2024-11-19,-0.04785591784202059,-0.047876172707349236,0.0405097306572971,2.025486532864855e-05,5,0.95,0.050000000000000044
2024-11-20,0.008392303727250543,0.008283239135123707,0.21812918425367334,0.00010906459212683667,5,0.8318708157463257,0.1681291842536743
2024-11-21,0.03586823991407365,0.035799631902153954,0.1372160238393938,6.86080119196969e-05,5,0.9499999999999998,0.050000000000000155
2024-11-22,-0.0018133509557231118,-0.0019262672497296746,0.22583258801312556,0.00011291629400656278,5,0.8241674119868735,0.1758325880131265
2024-11-25,-0.021114458387393675,-0.02122770970632768,0.22650263786801014,0.00011325131893400508,5,0.9493299501451153,0.05067004985488466
2024-11-26,-0.0016875339219426608,-0.001800827824099765,0.22658780431420822,0.00011329390215710411,5,0.8240822455406756,0.17591775445932445
2024-11-27,0.006546303968371131,0.006352146442687253,0.38831505136775657,0.0001941575256838783,5,0.7876027030915669,0.21239729690843312
2024-11-29,-0.03659935009908241,-0.03675396736488614,0.3092345316074523,0.00015461726580372616,5,0.9031627653009797,0.09683723469902028
2024-12-02,-0.03121759063013657,-0.03127597389508514,0.11676652989713235,5.838326494856617e-05,5,0.95,0.050000000000000044
2024-12-03,-0.003837512104311001,-0.003954341853264512,0.23365949790702256,0.00011682974895351129,5,0.8163405020929765,0.18365949790702352
2024-12-04,-0.014468064526433002,-0.014593929151566733,0.2517292502674619,0.00012586462513373094,5,0.9319302476395606,0.06806975236043944
2024-12-05,0.04322483052832583,0.04319442090678128,0.06081924308911471,3.0409621544557355e-05,5,0.9500000000000001,0.04999999999999993
2024-12-06,-0.03759570844637121,-0.037632869818229296,0.07432274371617664,3.716137185808832e-05,5,0.9500000000000002,0.04999999999999982
2024-12-09,-0.03824194811571731,-0.038354575732331427,0.22525523322822913,0.00011262761661411456,5,0.8247447667717698,0.17525523322823022
2024-12-10,0.03988520995295571,0.039795653859349675,0.17911218721207575,8.955609360603787e-05,5,0.9499999999999998,0.050000000000000155
2024-12-11,-0.028012972283712106,-0.02802982794658188,0.03371132573954372,1.685566286977186e-05,5,0.95,0.050000000000000044
2024-12-12,-0.0003442425570457505,-0.0004554468201939783,0.22240852629645566,0.00011120426314822783,5,0.8275914737035432,0.17240852629645675
2024-12-13,0.020744485438213254,0.02063038588454724,0.22819910733202872,0.00011409955366601437,5,0.9442094189644269,0.055790581035573106
2024-12-16,-0.015272511772567197,-0.015286318334592432,0.02761312405046895,1.3806562025234476e-05,5,0.95,0.050000000000000044
2024-12-17,-0.06430982388694816,-0.0644161587299481,0.21266968599990596,0.00010633484299995298,5,0.8373303140000931,0.16266968599990694
2024-12-18,0.01601583665574033,0.015919862945809746,0.19194741986116579,9.597370993058289e-05,5,0.95,0.050000000000000044
2024-12-19,0.034551602834071576,0.03452410254398711,0.055000580168921454,2.7500290084460726e-05,5,0.9499999999999998,0.050000000000000155
2024-12-20,-0.010782699877896684,-0.010800392531315818,0.035385306838268515,1.769265341913426e-05,5,0.95,0.050000000000000044
2024-12-23,0.027338664005265845,0.027296319964310995,0.08468808190969976,4.234404095484988e-05,5,0.9500000000000001,0.04999999999999993
2024-12-24,0.0016141220984599077,0.0015972246486088265,0.03379489970216254,1.689744985108127e-05,5,0.9500000000000001,0.04999999999999993
2024-12-26,-0.05010096813918398,-0.0501131619803519,0.02438768233584518,1.219384116792259e-05,5,0.95,0.050000000000000044
2024-12-27,-0.020611959420945646,-0.02072578041999251,0.22764199809372881,0.0001138209990468644,5,0.8223580019062702,0.17764199809372982
2024-12-30,-0.019816209771161216,-0.019901298780366297,0.1701780184101654,8.50890092050827e-05,5,0.95,0.050000000000000044
