date,gross_return,net_return,turnover,cost,n_names,invested,cash_weight
2014-01-02,0.01120035189766855,0.01072535189766855,0.95,0.000475,10,0.95,0.050000000000000044
2014-01-03,-0.011674780186193933,-0.011787365712544486,0.2251710527011064,0.00011258552635055321,10,0.9499999999999998,0.050000000000000155
2014-01-06,0.04610675361678248,0.04601554578316893,0.18241566722709449,9.120783361354725e-05,10,0.9499999999999998,0.050000000000000155
2014-01-07,0.05078876462362023,0.050586080026416735,0.4053691944069966,0.0002026845972034983,10,0.95,0.050000000000000044
2014-01-08,-0.04381625537523218,-0.043986844652763056,0.3411785550617577,0.00017058927753087886,10,0.9499999999999998,0.050000000000000155
2014-01-09,0.017578114357989838,0.017381252834378483,0.3937230472227118,0.0001968615236113559,10,0.95,0.050000000000000044
2014-01-10,-0.01310314275371018,-0.01319828499021526,0.19028447301016005,9.514223650508002e-05,10,0.95,0.050000000000000044
2014-01-13,0.035993612730983074,0.03590532987900489,0.1765657039563744,8.82828519781872e-05,10,0.95,0.050000000000000044
2014-01-14,0.01054949151797264,0.010449438963169522,0.2001051096062371,0.00010005255480311855,10,0.9500000000000001,0.04999999999999993
2014-01-15,0.0064674035004952425,0.00645054549431606,0.03371601235836642,1.6858006179183213e-05,10,0.95,0.050000000000000044
2014-01-16,-0.0070894920921817945,-0.0071687738160734725,0.15856344778335565,7.928172389167783e-05,10,0.9500000000000001,0.04999999999999993
2014-01-17,-0.0006399923419231498,-0.0007250693394738057,0.17015399510131174,8.507699755065587e-05,10,0.95,0.050000000000000044
2014-01-21,0.0006492741483258812,0.0006353850460337145,0.02777820458433347,1.3889102292166737e-05,10,0.95,0.050000000000000044
2014-01-22,-0.00877402286381572,-0.008797366525960082,0.04668732428872602,2.334366214436301e-05,10,0.9500000000000001,0.04999999999999993
2014-01-23,-0.038550891225887056,-0.03863756907014442,0.17335568851472916,8.667784425736458e-05,10,0.95,0.050000000000000044
2014-01-24,-0.016194007729867843,-0.01629930902283664,0.21060258593759332,0.00010530129296879666,10,0.95,0.050000000000000044
2014-01-27,0.06075126101461175,0.06072699141339626,0.04853920243097208,2.426960121548604e-05,10,0.9500000000000002,0.04999999999999982
2014-01-28,0.028337633375050623,0.028263789469685205,0.14768781073083803,7.384390536541902e-05,10,0.9500000000000001,0.04999999999999993
2014-01-29,0.026746357999954,0.02666302719916559,0.16666160157682336,8.333080078841169e-05,10,0.95,0.050000000000000044
2014-01-30,-0.00783427543460668,-0.007858829909925069,0.04910895063677552,2.455447531838776e-05,10,0.9500000000000001,0.04999999999999993
2014-01-31,-0.03436531355773131,-0.0344431412417929,0.15565536812319236,7.782768406159618e-05,10,0.9499999999999998,0.050000000000000155
2014-02-03,0.02954519621421671,0.02935047378667476,0.3894448550839033,0.00019472242754195167,10,0.9499999999999997,0.050000000000000266
2014-02-04,-0.014757431391757078,-0.014843889677737747,0.1729165719613368,8.64582859806684e-05,10,0.95,0.050000000000000044
2014-02-05,0.01647044897350852,0.016395270997196815,0.15035595262340967,7.517797631170484e-05,10,0.9500000000000002,0.04999999999999982
2014-02-06,0.02701930062428903,0.026878272592466883,0.2820560636442971,0.00014102803182214853,10,0.95,0.050000000000000044
2014-02-07,0.06094476644953641,0.06085153898891743,0.18645492123796348,9.322746061898174e-05,10,0.95,0.050000000000000044
2014-02-10,-0.00178073416127986,-0.0019130009582249434,0.26453359389016645,0.00013226679694508322,10,0.9500000000000001,0.04999999999999993
2014-02-11,0.01973580490949614,0.019642597962589922,0.18641389381243423,9.320694690621712e-05,10,0.9499999999999998,0.050000000000000155
2014-02-12,0.029430451334863543,0.029282804622027286,0.29529342567251043,0.00014764671283625522,10,0.95,0.050000000000000044
2014-02-13,-0.024400436962299772,-0.02449808394206615,0.1952939595327578,9.76469797663789e-05,10,0.9499999999999997,0.050000000000000266
2014-02-14,0.023156721536424937,0.022999650259485038,0.31414255387979906,0.00015707127693989953,10,0.9500000000000001,0.04999999999999993
2014-02-18,-0.024818312989147644,-0.024907747596346584,0.17886921439787754,8.943460719893876e-05,10,0.9500000000000001,0.04999999999999993
2014-02-19,0.029363952582699897,0.02935425675240493,0.01939166058993727,9.695830294968636e-06,10,0.9499999999999998,0.050000000000000155
2014-02-20,0.0021155345831867377,0.0020553873254157157,0.12029451554204373,6.0147257771021866e-05,10,0.9500000000000002,0.04999999999999982
2014-02-21,0.010668456858949307,0.010607060875772572,0.12279196635346988,6.139598317673494e-05,10,0.9500000000000001,0.04999999999999993
2014-02-24,0.02700197194139953,0.026992249305794348,0.019445271210365586,9.722635605182792e-06,10,0.9499999999999998,0.050000000000000155
2014-02-25,0.06047349223060773,0.06041509912440428,0.11678621240690407,5.839310620345203e-05,10,0.9499999999999998,0.050000000000000155
2014-02-26,0.0027348494245444405,0.002675519690220985,0.11865946864691129,5.932973432345565e-05,10,0.95,0.050000000000000044
2014-02-27,0.009079349276514725,0.008997341901779964,0.16401474946952144,8.200737473476072e-05,10,0.9499999999999998,0.050000000000000155
2014-02-28,0.08946243146580694,0.08941368864097,0.09748564967387224,4.874282483693612e-05,10,0.9500000000000001,0.04999999999999993
2014-03-03,0.0925917310288401,0.09251753717689407,0.14838770389204742,7.419385194602371e-05,10,0.9500000000000001,0.04999999999999993
2014-03-04,0.03646962700775551,0.03640087753247146,0.13749895056809264,6.874947528404632e-05,10,0.95,0.050000000000000044
2014-03-05,-0.033593344739148205,-0.0336594407254528,0.13219197260919816,6.609598630459908e-05,10,0.95,0.050000000000000044
2014-03-06,0.09856876229863268,0.09849769131734598,0.14214196257338108,7.107098128669054e-05,10,0.9500000000000002,0.04999999999999982
2014-03-07,0.09642050158418233,0.09632443567723824,0.19213181388819167,9.606590694409584e-05,10,0.9500000000000002,0.04999999999999982
2014-03-10,-0.16927059713779086,-0.16928578489495225,0.030375514322764453,1.5187757161382227e-05,10,0.95,0.050000000000000044
2014-03-11,0.0626282686973491,0.06255805656744606,0.14042425980606216,7.021212990303108e-05,10,0.9499999999999998,0.050000000000000155
2014-03-12,0.03952508956808869,0.0395116480805158,0.026882975145782362,1.344148757289118e-05,10,0.9500000000000001,0.04999999999999993
2014-03-13,-0.06107780895450826,-0.061140868633089304,0.1261193571620794,6.30596785810397e-05,10,0.9500000000000001,0.04999999999999993
2014-03-14,-0.007497211687772511,-0.007555263839538443,0.1161043035318628,5.80521517659314e-05,10,0.9499999999999997,0.050000000000000266
2014-03-17,-0.012357542458139456,-0.01244623870069322,0.17739248510753033,8.869624255376516e-05,10,0.95,0.050000000000000044
2014-03-18,0.013611819995106597,0.013475823552228032,0.27199288575712965,0.00013599644287856484,10,0.95,0.050000000000000044
2014-03-19,-0.007520577325883077,-0.007561367626606552,0.0815806014469488,4.07903007234744e-05,10,0.95,0.050000000000000044
2014-03-20,-0.03283254109924004,-0.03288655260455654,0.10802301063300779,5.401150531650389e-05,10,0.9500000000000001,0.04999999999999993
2014-03-21,-0.06569674646467898,-0.0657569677854475,0.12044264153704581,6.022132076852291e-05,10,0.95,0.050000000000000044
2014-03-24,0.13992628519774108,0.13985648710063125,0.13959619421967184,6.979809710983592e-05,10,0.95,0.050000000000000044
2014-03-25,-0.09589995478646224,-0.09592082491651964,0.0417402601148063,2.087013005740315e-05,10,0.9499999999999998,0.050000000000000155
2014-03-26,0.019463764336729913,0.019429515683685582,0.06849730608866464,3.424865304433232e-05,10,0.9500000000000001,0.04999999999999993
2014-03-27,-0.006345856649237832,-0.006418621732689566,0.14553016690346876,7.276508345173439e-05,10,0.9500000000000001,0.04999999999999993
2014-03-28,0.025967114830591175,0.02591032729763604,0.11357506591027064,5.678753295513532e-05,10,0.95,0.050000000000000044
2014-03-31,0.058829670072225185,0.05875329549273536,0.1527491589796462,7.63745794898231e-05,10,0.9499999999999998,0.050000000000000155
2014-04-01,-0.005039434601159594,-0.0050574657247526205,0.03606224718605326,1.8031123593026632e-05,10,0.95,0.050000000000000044
2014-04-02,-0.011446633876832289,-0.011518855355448714,0.1444429572328498,7.22214786164249e-05,10,0.9500000000000001,0.04999999999999993
2014-04-03,-0.054447018059357595,-0.05450679055290679,0.1195449870983874,5.9772493549193705e-05,10,0.9499999999999997,0.050000000000000266
2014-04-04,-0.037311534143542255,-0.03736357807552846,0.10408786397241591,5.204393198620796e-05,10,0.9499999999999998,0.050000000000000155
2014-04-07,0.04421020137428869,0.04410708881065498,0.20622512726740694,0.00010311256363370347,10,0.9500000000000002,0.04999999999999982
2014-04-08,0.0149532904046112,0.014915632847444496,0.0753151143334052,3.7657557166702595e-05,10,0.9500000000000001,0.04999999999999993
2014-04-09,-0.038424799353700925,-0.038474087925469226,0.09857714353660722,4.9288571768303615e-05,10,0.95,0.050000000000000044
2014-04-10,-0.01474970694541137,-0.014777215501981881,0.05501711314102261,2.7508556570511306e-05,10,0.9500000000000001,0.04999999999999993
2014-04-11,-0.002101521632429127,-0.0021785665289256453,0.15408979299303624,7.704489649651812e-05,10,0.95,0.050000000000000044
2014-04-14,-0.03118268652827864,-0.031238503048434483,0.11163304031168418,5.5816520155842093e-05,10,0.95,0.050000000000000044
2014-04-15,0.0315269846924448,0.03148170908349989,0.09055121788980905,4.527560894490453e-05,10,0.95,0.050000000000000044
2014-04-16,0.023275537120842595,0.023209519610372254,0.132035020940685,6.60175104703425e-05,10,0.9500000000000001,0.04999999999999993
2014-04-17,-0.010126276223356882,-0.010149565422026247,0.04657839733873084,2.3289198669365423e-05,10,0.9499999999999998,0.050000000000000155
2014-04-21,0.006628666216035958,0.006583500048537986,0.09033233499594456,4.516616749797228e-05,10,0.9500000000000001,0.04999999999999993
2014-04-22,-0.031632514326973456,-0.031666099494352846,0.06717033475878673,3.358516737939336e-05,10,0.95,0.050000000000000044
2014-04-23,-0.03251132761950888,-0.032586472345148824,0.15028945127988544,7.514472563994272e-05,10,0.9500000000000002,0.04999999999999982
2014-04-24,-0.0710846739296776,-0.07110056747173213,0.03178708410906856,1.589354205453428e-05,10,0.9500000000000001,0.04999999999999993
2014-04-25,-0.08603738767248413,-0.0860795291384428,0.0842829319173426,4.21414659586713e-05,10,0.9500000000000002,0.04999999999999982
2014-04-28,0.02885220273682169,0.02882127821989533,0.061849033852720385,3.0924516926360194e-05,10,0.9500000000000001,0.04999999999999993
2014-04-29,-0.014856960481804758,-0.014864144347864145,0.014367732118771837,7.183866059385919e-06,10,0.9499999999999998,0.050000000000000155
2014-04-30,0.014886085332260615,0.014875853278560993,0.02046410739924478,1.023205369962239e-05,10,0.9500000000000001,0.04999999999999993
2014-05-01,-0.022000355245921,-0.022035714743448773,0.07071899505553994,3.535949752776997e-05,10,0.9500000000000001,0.04999999999999993
2014-05-02,-0.04075991551347129,-0.040819230101705975,0.11862917646937784,5.9314588234688927e-05,10,0.9500000000000001,0.04999999999999993
2014-05-05,-0.05048988147080763,-0.050497017615708156,0.014272289801055382,7.136144900527691e-06,10,0.9500000000000002,0.04999999999999982
2014-05-06,-0.010536943486544333,-0.010545056623411516,0.016226273734365228,8.113136867182615e-06,10,0.95,0.050000000000000044
2014-05-07,-0.05409584645981025,-0.05410734713387177,0.023001348123039077,1.150067406151954e-05,10,0.95,0.050000000000000044
2014-05-08,0.023447495320655362,0.023437226200632294,0.020538240046135768,1.0269120023067885e-05,10,0.9499999999999997,0.050000000000000266
2014-05-09,0.03967717455364077,0.039664676380381826,0.0249963465178898,1.24981732589449e-05,10,0.9499999999999997,0.050000000000000266
2014-05-12,0.02773792214418086,0.02769407446067686,0.08769536700799616,4.384768350399808e-05,10,0.95,0.050000000000000044
2014-05-13,-0.03391379789073195,-0.03396331815887006,0.0990405362762261,4.952026813811305e-05,10,0.9500000000000001,0.04999999999999993
2014-05-14,0.022402463116129343,0.022361826053493586,0.08127412527151333,4.0637062635756666e-05,10,0.95,0.050000000000000044
2014-05-15,0.030589716031123353,0.030544865312595353,0.08970143705600057,4.485071852800029e-05,10,0.9499999999999998,0.050000000000000155
2014-05-16,0.04093044860798335,0.040917721440889496,0.025454334187710842,1.2727167093855422e-05,10,0.9500000000000001,0.04999999999999993
2014-05-19,-0.015598692439831204,-0.01563737675057526,0.07736862148811315,3.8684310744056576e-05,10,0.95,0.050000000000000044
2014-05-20,0.007893955093492744,0.007851515381942765,0.08487942309995808,4.243971154997904e-05,10,0.95,0.050000000000000044
2014-05-21,-0.0092433781114646,-0.009334445126733025,0.18213403053685182,9.106701526842592e-05,10,0.95,0.050000000000000044
2014-05-22,-0.021880705101132956,-0.021918279834023578,0.0751494657812422,3.75747328906211e-05,10,0.9500000000000002,0.04999999999999982
2014-05-23,0.006755496937964828,0.006699728955791092,0.1115359643474708,5.5767982173735405e-05,10,0.9500000000000001,0.04999999999999993
2014-05-27,0.04537921238731863,0.04533342688572604,0.09157100318519366,4.5785501592596833e-05,10,0.9499999999999998,0.050000000000000155
2014-05-28,0.0008949958400033,0.0007823344858512628,0.2253227083040742,0.0001126613541520371,10,0.95,0.050000000000000044
2014-05-29,-0.013637062961809762,-0.013690222267751653,0.1063186118837817,5.315930594189085e-05,10,0.9500000000000002,0.04999999999999982
2014-05-30,-0.003081543904853633,-0.0031415411895975047,0.11999456948774301,5.99972847438715e-05,10,0.95,0.050000000000000044
2014-06-02,0.01830028544900452,0.018235785185137528,0.12900052773398718,6.450026386699359e-05,10,0.9500000000000002,0.04999999999999982
2014-06-03,-0.0034827556080416215,-0.0035421496585713863,0.11878810105952937,5.9394050529764686e-05,10,0.9499999999999998,0.050000000000000155
2014-06-04,0.0231834833596827,0.02311609008879955,0.13478654176630395,6.739327088315198e-05,10,0.9500000000000002,0.04999999999999982
2014-06-05,-0.003797222849303371,-0.0038566701736982944,0.11889464878984722,5.944732439492361e-05,10,0.95,0.050000000000000044
2014-06-06,0.006811025110645353,0.006703770709327121,0.21450880263646446,0.00010725440131823224,10,0.95,0.050000000000000044
2014-06-09,-0.002029059280538106,-0.0021009916437150235,0.1438647263538354,7.19323631769177e-05,10,0.9500000000000001,0.04999999999999993
2014-06-10,-0.0068980704162458035,-0.00698675558015974,0.1773703278278721,8.868516391393605e-05,10,0.9499999999999997,0.050000000000000266
2014-06-11,-0.023290111297418488,-0.02330919196396632,0.0381613330956607,1.908066654783035e-05,10,0.95,0.050000000000000044
2014-06-12,-0.014360621036962154,-0.014379106259900227,0.03697044587614437,1.8485222938072185e-05,10,0.9499999999999998,0.050000000000000155
2014-06-13,0.014959792036222355,0.01494647573295083,0.026632606543049935,1.3316303271524968e-05,10,0.9500000000000001,0.04999999999999993
2014-06-16,0.030366441347050754,0.03024807251236212,0.23673766937726876,0.00011836883468863437,10,0.95,0.050000000000000044
2014-06-17,0.06514623898193724,0.0650769610754945,0.13855581288545987,6.927790644272994e-05,10,0.9500000000000001,0.04999999999999993
2014-06-18,-0.0242377166580932,-0.024296834129603644,0.11823494302088491,5.9117471510442456e-05,10,0.95,0.050000000000000044
2014-06-19,0.014130052883678164,0.014057683434683072,0.14473889799018444,7.236944899509222e-05,10,0.9499999999999998,0.050000000000000155
2014-06-20,-0.0025628578048272795,-0.0026255338382852314,0.12535206691590345,6.267603345795172e-05,10,0.9500000000000001,0.04999999999999993
2014-06-23,-0.03301809048524625,-0.0331223242781056,0.20846758571870588,0.00010423379285935295,10,0.9499999999999997,0.050000000000000266
2014-06-24,0.005279937227333436,0.005220932107437209,0.11801023979245456,5.900511989622728e-05,10,0.9499999999999998,0.050000000000000155
2014-06-25,0.02342777776831412,0.02331638330952855,0.2227889175711409,0.00011139445878557044,10,0.9500000000000001,0.04999999999999993
2014-06-26,0.00748863585408446,0.007424273826288951,0.128724055591018,6.4362027795509e-05,10,0.9500000000000001,0.04999999999999993
2014-06-27,-0.0017366883487296887,-0.0017469320645385673,0.020487431617757033,1.0243715808878517e-05,10,0.95,0.050000000000000044
2014-06-30,0.004295340379096201,0.004235714763389817,0.1192512314127685,5.962561570638425e-05,10,0.95,0.050000000000000044
2014-07-01,-0.008757780651325393,-0.008775920747574776,0.03628019249876582,1.8140096249382914e-05,10,0.9500000000000001,0.04999999999999993
2014-07-02,-0.0002995630016028567,-0.00036625797335082934,0.1333899434959452,6.669497174797261e-05,10,0.9500000000000002,0.04999999999999982
2014-07-03,-0.021843110480465444,-0.021852670382993784,0.019119805056681573,9.559902528340787e-06,10,0.95,0.050000000000000044
2014-07-07,-0.0380575834527985,-0.03810568251102296,0.09619811644892878,4.8099058224464395e-05,10,0.9499999999999998,0.050000000000000155
2014-07-08,0.020652499892551742,0.020624800606943664,0.055398571216158835,2.7699285608079416e-05,10,0.9500000000000001,0.04999999999999993
2014-07-09,-0.0029458119435659177,-0.0030162313491227015,0.14083881111356733,7.041940555678366e-05,10,0.9499999999999998,0.050000000000000155
2014-07-10,0.005005771888695093,0.004951380616430988,0.10878254452820985,5.4391272264104926e-05,10,0.9500000000000001,0.04999999999999993
2014-07-11,0.00653872652135202,0.006476398213107831,0.12465661648837699,6.232830824418849e-05,10,0.9500000000000002,0.04999999999999982
2014-07-14,0.021382360299564186,0.021362527928924853,0.039664741278661916,1.983237063933096e-05,10,0.9499999999999998,0.050000000000000155
2014-07-15,-0.012553809647272374,-0.012678139262418972,0.24865923029319567,0.00012432961514659784,10,0.95,0.050000000000000044
2014-07-16,-0.023056999950491125,-0.02310902387611687,0.10404785125148859,5.20239256257443e-05,10,0.95,0.050000000000000044
2014-07-17,0.03992984641843508,0.039916802313520565,0.026088209829031456,1.3044104914515729e-05,10,0.95,0.050000000000000044
2014-07-18,0.037788723721198895,0.037753898875963116,0.06964969047155303,3.4824845235776515e-05,10,0.9499999999999998,0.050000000000000155
2014-07-21,-0.004440376405730739,-0.004464727750433987,0.04870268940649534,2.435134470324767e-05,10,0.9500000000000001,0.04999999999999993
2014-07-22,0.01425175884525754,0.014139720364943086,0.22407696062891053,0.00011203848031445527,10,0.9499999999999998,0.050000000000000155
2014-07-23,-0.015324630055593091,-0.015435118805772766,0.22097750035935007,0.00011048875017967504,10,0.95,0.050000000000000044
2014-07-24,-0.016498757967431416,-0.016555963999465868,0.11441206406890266,5.720603203445133e-05,10,0.9500000000000001,0.04999999999999993
2014-07-25,-0.04557022723521967,-0.04559242592816105,0.044397385882762944,2.2198692941381473e-05,10,0.95,0.050000000000000044
2014-07-28,0.00843866301825395,0.008366050361375778,0.145225313756343,7.26126568781715e-05,10,0.9500000000000001,0.04999999999999993
2014-07-29,0.022678624823914167,0.022616249191964394,0.12475126389954579,6.237563194977289e-05,10,0.9500000000000001,0.04999999999999993
2014-07-30,-0.03779179886376218,-0.037879729946516116,0.17586216550787184,8.793108275393593e-05,10,0.9500000000000001,0.04999999999999993
2014-07-31,-0.0020470180394499505,-0.0021230499897443834,0.1520639005888657,7.603195029443286e-05,10,0.9499999999999998,0.050000000000000155
2014-08-01,0.002234618130373795,0.00221419840966637,0.04083944141485003,2.0419720707425016e-05,10,0.9499999999999998,0.050000000000000155
2014-08-04,-0.00865478768058811,-0.008670582156207623,0.031588951239024124,1.5794475619512062e-05,10,0.9500000000000001,0.04999999999999993
2014-08-05,-0.0003941694884627947,-0.0004679913057148671,0.14764363450414475,7.382181725207238e-05,10,0.9500000000000001,0.04999999999999993
2014-08-06,0.02924022310615085,0.02919985770717564,0.0807307979504201,4.036539897521005e-05,10,0.9499999999999997,0.050000000000000266
2014-08-07,-0.000196396669647081,-0.00027676519592262713,0.16073705255109225,8.036852627554612e-05,10,0.95,0.050000000000000044
2014-08-08,0.01462216477525038,0.014584073580669508,0.07618238916174072,3.809119458087036e-05,10,0.9500000000000001,0.04999999999999993
2014-08-11,-0.010038603327205737,-0.010056616815892745,0.0360269773740166,1.8013488687008298e-05,10,0.95,0.050000000000000044
2014-08-12,0.02757395133230615,0.027550062605771298,0.04777745306970457,2.388872653485229e-05,10,0.95,0.050000000000000044
2014-08-13,0.007025924403311136,0.006934876160003654,0.18209648661496297,9.104824330748149e-05,10,0.9500000000000002,0.04999999999999982
2014-08-14,-0.010551863001011463,-0.010572866199522276,0.04200639702162287,2.1003198510811435e-05,10,0.9500000000000001,0.04999999999999993
2014-08-15,0.012459310822782885,0.012441686029651181,0.03524958626340772,1.762479313170386e-05,10,0.9499999999999997,0.050000000000000266
2014-08-18,-0.004016960324510821,-0.004111918779254027,0.1899169094864123,9.495845474320615e-05,10,0.9500000000000002,0.04999999999999982
2014-08-19,0.0016406592684218568,0.0015649023851920466,0.15151376645962034,7.575688322981017e-05,10,0.9499999999999998,0.050000000000000155
2014-08-20,-0.007010867053895633,-0.007041317283081875,0.060900458372482584,3.0450229186241293e-05,10,0.9499999999999998,0.050000000000000155
2014-08-21,0.0021084570076452948,0.0020956597594858177,0.025594496318954434,1.2797248159477217e-05,10,0.9500000000000001,0.04999999999999993
2014-08-22,0.0068689476854410314,0.0067971918466595204,0.14351167756302258,7.17558387815113e-05,10,0.95,0.050000000000000044
2014-08-25,-0.00844854567899313,-0.008466313342824909,0.03553532766355628,1.776766383177814e-05,10,0.9500000000000001,0.04999999999999993
2014-08-26,-0.004388946124610782,-0.0044791628057576785,0.18043336229379223,9.021668114689612e-05,10,0.9500000000000001,0.04999999999999993
2014-08-27,-0.013237829898115356,-0.013353473571118924,0.2312873460071377,0.00011564367300356885,10,0.95,0.050000000000000044
2014-08-28,0.0010366189102240567,0.0008956657548929358,0.2819063106622417,0.00014095315533112085,10,0.9500000000000002,0.04999999999999982
2014-08-29,-0.0015806890441105875,-0.0016131472774603144,0.06491646669945397,3.2458233349726986e-05,10,0.9500000000000002,0.04999999999999982
2014-09-02,0.0002902790056511383,0.00016338411315730761,0.25378978498766136,0.0001268948924938307,10,0.95,0.050000000000000044
2014-09-03,-0.009262438832877713,-0.009385805256512208,0.24673284726898978,0.00012336642363449489,10,0.95,0.050000000000000044
2014-09-04,0.01229916229688672,0.012227745776847794,0.14283304007785105,7.141652003892553e-05,10,0.95,0.050000000000000044
2014-09-05,0.015830137909313518,0.01575502314227034,0.15022953408635592,7.511476704317796e-05,10,0.9499999999999998,0.050000000000000155
2014-09-08,-0.01669645233813181,-0.01678137567034004,0.1698466644164628,8.49233322082314e-05,10,0.9500000000000002,0.04999999999999982
2014-09-09,-0.0037521889927898643,-0.003894220738529503,0.28406349147927745,0.00014203174573963872,10,0.9499999999999997,0.050000000000000266
2014-09-10,0.008593546296911392,0.008448662339138161,0.2897679155464626,0.0001448839577732313,10,0.95,0.050000000000000044
2014-09-11,-0.0051842116268433205,-0.005336693333840066,0.30496341399349125,0.00015248170699674562,10,0.9499999999999998,0.050000000000000155
2014-09-12,-0.04006575088549306,-0.04013439864175601,0.13729551252589944,6.864775626294972e-05,10,0.95,0.050000000000000044
2014-09-15,-0.00016423406693362452,-0.0001843825446838659,0.040296955500482776,2.0148477750241387e-05,10,0.9499999999999997,0.050000000000000266
2014-09-16,0.0047544646870288,0.00462168203845766,0.2655652971422809,0.00013278264857114044,10,0.9500000000000001,0.04999999999999993
2014-09-17,-0.012300880789330127,-0.0123778041515069,0.15384672435354332,7.692336217677167e-05,10,0.95,0.050000000000000044
2014-09-18,0.013542920530869383,0.013403671282394924,0.27849849694891937,0.00013924924847445968,10,0.95,0.050000000000000044
2014-09-19,-0.0373360874227836,-0.037409468128002436,0.1467614104376772,7.33807052188386e-05,10,0.9500000000000001,0.04999999999999993
2014-09-22,0.03642892150888192,0.03628532893280669,0.2871851521504485,0.00014359257607522426,10,0.95,0.050000000000000044
2014-09-23,-0.002105913777275155,-0.002120301227948173,0.028774901346036136,1.4387450673018069e-05,10,0.9499999999999998,0.050000000000000155
2014-09-24,-0.028082025033248813,-0.028091043295426447,0.018036524355265565,9.018262177632783e-06,10,0.9500000000000001,0.04999999999999993
2014-09-25,0.003461276443783436,0.003315392658700974,0.29176757016492416,0.0001458837850824621,10,0.95,0.050000000000000044
2014-09-26,0.005431985070284083,0.005361503054058252,0.14096403245166145,7.048201622583073e-05,10,0.9500000000000001,0.04999999999999993
2014-09-29,-0.00949375851873579,-0.009523692678805692,0.0598683201398046,2.99341600699023e-05,10,0.95,0.050000000000000044
2014-09-30,-0.02399000998551226,-0.024072984534528538,0.16594909803255478,8.29745490162774e-05,10,0.9499999999999996,0.05000000000000038
2014-10-01,0.0098931496381892,0.009742610537102897,0.3010782021726064,0.0001505391010863032,10,0.9500000000000001,0.04999999999999993
2014-10-02,0.012145262140827619,0.012057948004467734,0.17462827271976872,8.731413635988436e-05,10,0.95,0.050000000000000044
2014-10-03,-0.023172894211799144,-0.023254397423723077,0.16300642384787017,8.150321192393509e-05,10,0.95,0.050000000000000044
2014-10-06,-0.032422709825559816,-0.03250240532581989,0.1593910005201548,7.969550026007741e-05,10,0.9500000000000001,0.04999999999999993
2014-10-07,-0.00801670657381214,-0.008027604109930819,0.021795072237356272,1.0897536118678136e-05,10,0.95,0.050000000000000044
2014-10-08,-0.021991186415048592,-0.022156143601297165,0.3299143724971421,0.00016495718624857106,10,0.9500000000000001,0.04999999999999993
2014-10-09,0.006242210675958105,0.00609326360608275,0.2978941397507103,0.00014894706987535514,10,0.95,0.050000000000000044
2014-10-10,-0.04797269548151497,-0.04800628209929871,0.06717323556748359,3.358661778374179e-05,10,0.95,0.050000000000000044
2014-10-13,0.011851597675724222,0.011775157066364948,0.15288121871854754,7.644060935927377e-05,10,0.9500000000000001,0.04999999999999993
2014-10-14,0.001825629347562128,0.0017469702690008763,0.15731815712250358,7.865907856125179e-05,10,0.95,0.050000000000000044
2014-10-15,0.028821522964947967,0.02873542315216059,0.17219962557475915,8.609981278737957e-05,10,0.95,0.050000000000000044
2014-10-16,0.009458319330524644,0.009309910579783105,0.29681750148307773,0.00014840875074153886,10,0.9499999999999998,0.050000000000000155
2014-10-17,0.01577109861980039,0.015677471038652323,0.18725516229613243,9.362758114806621e-05,10,0.9499999999999998,0.050000000000000155
2014-10-20,0.011515346326071575,0.011427009422563748,0.17667380701565433,8.833690350782716e-05,10,0.95,0.050000000000000044
2014-10-21,-0.010036683628193453,-0.010129686958968164,0.1860066615494217,9.300333077471085e-05,10,0.9499999999999997,0.050000000000000266
2014-10-22,0.01250837404561278,0.012397193429106411,0.22236123301273714,0.00011118061650636857,10,0.9499999999999997,0.050000000000000266
2014-10-23,0.0060670366517425215,0.005919898833832988,0.2942756358190676,0.0001471378179095338,10,0.95,0.050000000000000044
2014-10-24,-0.009432717338164621,-0.009516553665321184,0.16767265431312578,8.38363271565629e-05,10,0.95,0.050000000000000044
2014-10-27,0.023330178235326463,0.023246370338837363,0.16761579297819856,8.380789648909928e-05,10,0.95,0.050000000000000044
2014-10-28,0.006119995987129239,0.006041035118185835,0.15792173788680686,7.896086894340343e-05,10,0.95,0.050000000000000044
2014-10-29,0.005780544948292277,0.005754952523342419,0.05118484989971643,2.5592424949858215e-05,10,0.95,0.050000000000000044
2014-10-30,0.03023050934686841,0.030078035235580138,0.30494822257654347,0.00015247411128827175,10,0.9499999999999997,0.050000000000000266
2014-10-31,0.03005670152513295,0.029779619508921273,0.5541640324233528,0.00027708201621167637,10,0.95,0.050000000000000044
2014-11-03,0.022928069008678796,0.02284745626090666,0.1612254955442702,8.061274777213511e-05,10,0.9500000000000002,0.04999999999999982
2014-11-04,-0.03140806036164523,-0.031482069953914095,0.1480191845377379,7.400959226886896e-05,10,0.95,0.050000000000000044
2014-11-05,0.029204113687384462,0.02913381864752273,0.14059007972346688,7.029503986173344e-05,10,0.9500000000000002,0.04999999999999982
2014-11-06,0.008407313622534903,0.00832475451391565,0.1651182172385084,8.25591086192542e-05,10,0.9500000000000001,0.04999999999999993
2014-11-07,0.005706607309945751,0.00557302908221305,0.26715645546540295,0.00013357822773270149,10,0.95,0.050000000000000044
2014-11-10,-0.01612641186141796,-0.01622864228375571,0.2044608446754983,0.00010223042233774915,10,0.9499999999999998,0.050000000000000155
2014-11-11,-0.06190612416236506,-0.061979493229226294,0.14673813372247252,7.336906686123626e-05,10,0.95,0.050000000000000044
2014-11-12,-0.014707672891175326,-0.014789338636272862,0.1633314901950706,8.16657450975353e-05,10,0.9499999999999998,0.050000000000000155
2014-11-13,-0.02745291220546179,-0.02757429306951605,0.2427617281085223,0.00012138086405426116,10,0.9500000000000001,0.04999999999999993
2014-11-14,0.00015938638951030562,-8.640345815619655e-06,0.33605347065185054,0.00016802673532592528,10,0.9499999999999998,0.050000000000000155
2014-11-17,0.030392508628837495,0.030251229104360133,0.2825590489547231,0.00014127952447736157,10,0.95,0.050000000000000044
2014-11-18,-0.016813772284892874,-0.01696008411367954,0.2926236575733302,0.0001463118287866651,10,0.9500000000000001,0.04999999999999993
2014-11-19,-0.0003680840703099554,-0.0005192928664076666,0.3024175921954224,0.0001512087960977112,10,0.9499999999999998,0.050000000000000155
2014-11-20,0.004017626324630811,0.003936525500799529,0.16220164766256356,8.110082383128178e-05,10,0.95,0.050000000000000044
2014-11-21,0.009559169283414418,0.009480171949827735,0.1579946671733661,7.899733358668306e-05,10,0.9500000000000002,0.04999999999999982
2014-11-24,0.006916896300576166,0.006838076030388988,0.157640540374355,7.882027018717749e-05,10,0.9499999999999998,0.050000000000000155
2014-11-25,0.005610430018211104,0.005527136606731445,0.16658682295931782,8.32934114796589e-05,10,0.9499999999999997,0.050000000000000266
2014-11-26,-0.018100918582705263,-0.018186823843338886,0.17181052126724378,8.590526063362189e-05,10,0.95,0.050000000000000044
2014-11-28,-0.03856558073750033,-0.038657685470099866,0.18420946519908502,9.210473259954251e-05,10,0.95,0.050000000000000044
2014-12-01,0.01863083534506904,0.01854966733741669,0.16233601530469768,8.116800765234884e-05,10,0.9500000000000002,0.04999999999999982
2014-12-02,0.004763325551120539,0.004661624417658132,0.20340226692481458,0.0001017011334624073,10,0.95,0.050000000000000044
2014-12-03,0.023407159113552678,0.023375552294714715,0.06321363767592245,3.1606818837961224e-05,10,0.95,0.050000000000000044
2014-12-04,0.01919634141404298,0.01910421656818398,0.1842496917180016,9.21248458590008e-05,10,0.95,0.050000000000000044
2014-12-05,-0.009723149986016966,-0.009892511435261786,0.33872289848964093,0.00016936144924482047,10,0.9500000000000001,0.04999999999999993
2014-12-08,0.0650579080465272,0.06503821291172114,0.039390269612104845,1.9695134806052423e-05,10,0.9500000000000001,0.04999999999999993
2014-12-09,-0.011318575010133522,-0.01144905292155066,0.26095582283427815,0.00013047791141713907,10,0.95,0.050000000000000044
2014-12-10,0.005891745088643335,0.005785647954598291,0.21219426809008815,0.00010609713404504408,10,0.95,0.050000000000000044
2014-12-11,-0.011316245170138736,-0.01132477687932947,0.017063418381470463,8.531709190735231e-06,10,0.95,0.050000000000000044
2014-12-12,-0.007717783520771935,-0.007925293705884828,0.41502037022578575,0.0002075101851128929,10,0.9500000000000002,0.04999999999999982
2014-12-15,-0.015294769268947565,-0.015463461971373023,0.33738540485091423,0.00016869270242545712,10,0.9499999999999998,0.050000000000000155
2014-12-16,0.018970297941567342,0.018876634305273185,0.18732727258831391,9.366363629415696e-05,10,0.95,0.050000000000000044
2014-12-17,0.02978448556253973,0.029618228249976813,0.33251462512582897,0.0001662573125629145,10,0.9500000000000001,0.04999999999999993
2014-12-18,0.005462807808450262,0.0054464966679093505,0.0326222810818223,1.631114054091115e-05,10,0.9500000000000001,0.04999999999999993
2014-12-19,0.003798071418217938,0.0037697776493474775,0.05658753774092096,2.829376887046048e-05,10,0.9499999999999998,0.050000000000000155
2014-12-22,-0.014192925886457925,-0.014460032043046016,0.5342123131761809,0.00026710615658809045,10,0.95,0.050000000000000044
2014-12-23,0.010966780963982662,0.01079145564836871,0.35065063122790524,0.00017532531561395264,10,0.9499999999999998,0.050000000000000155
2014-12-24,0.008670615392462163,0.00857357228513093,0.19408621466246273,9.704310733123137e-05,10,0.95,0.050000000000000044
2014-12-26,-0.006934468538579098,-0.007110736548442321,0.352536019726446,0.000176268009863223,10,0.95,0.050000000000000044
2014-12-29,0.002448365452991144,0.002429952880480579,0.03682514502112964,1.841257251056482e-05,10,0.95,0.050000000000000044
2014-12-30,-0.007710172419604212,-0.0077286244663561125,0.03690409350380157,1.8452046751900784e-05,10,0.9499999999999998,0.050000000000000155
2014-12-31,0.013104198918435294,0.013095853827037245,0.016690182796098116,8.345091398049059e-06,10,0.95,0.050000000000000044
2015-01-02,-0.010919424360071376,-0.011016242967798384,0.19363721545401563,9.681860772700782e-05,10,0.95,0.050000000000000044
2015-01-05,-0.019653985467269357,-0.01974948142099434,0.19099190744996625,9.549595372498312e-05,10,0.9500000000000001,0.04999999999999993
2015-01-06,0.018796686932206035,0.018709994548900093,0.17338476661188335,8.669238330594168e-05,10,0.95,0.050000000000000044
2015-01-07,0.030244851654762366,0.0300789760424964,0.33175122453193046,0.00016587561226596523,10,0.9500000000000001,0.04999999999999993
2015-01-08,0.006281947989248684,0.00618198027065028,0.19993543719680812,9.996771859840406e-05,10,0.9500000000000001,0.04999999999999993
2015-01-09,-0.018739526588727618,-0.018838846653288995,0.19864012912275586,9.932006456137794e-05,10,0.9500000000000001,0.04999999999999993
2015-01-12,-0.008545503475113765,-0.008557701383717068,0.024395817206603443,1.2197908603301721e-05,10,0.9499999999999998,0.050000000000000155
2015-01-13,0.007651307176772341,0.007623988597635513,0.05463715827365524,2.731857913682762e-05,10,0.9500000000000001,0.04999999999999993
2015-01-14,-0.03676262178925545,-0.036918646744517544,0.31204991052418796,0.00015602495526209398,10,0.95,0.050000000000000044
2015-01-15,0.028325890260105565,0.02817549736410126,0.3007857920086071,0.00015039289600430355,10,0.9500000000000001,0.04999999999999993
2015-01-16,0.010126280795729652,0.010036145667697725,0.18027025606385555,9.013512803192778e-05,10,0.95,0.050000000000000044
2015-01-20,-0.00383872522570846,-0.0039932756206472915,0.3091007898776628,0.0001545503949388314,10,0.9500000000000001,0.04999999999999993
2015-01-21,0.027366777264708195,0.027216040499450526,0.3014735305153399,0.00015073676525766998,10,0.9500000000000001,0.04999999999999993
2015-01-22,0.017499686387957496,0.017416862037182228,0.16564870155053782,8.282435077526892e-05,10,0.95,0.050000000000000044
2015-01-23,0.007989996873196424,0.007842483372090607,0.2950270022116318,0.0001475135011058159,10,0.9499999999999998,0.050000000000000155
2015-01-26,-0.0009831104732036064,-0.0010588586780922588,0.15149640977730483,7.574820488865241e-05,10,0.95,0.050000000000000044
2015-01-27,-0.0056423504673608895,-0.005728608365641831,0.1725157965618827,8.625789828094135e-05,10,0.9499999999999998,0.050000000000000155
2015-01-28,0.020640111444133264,0.020563473211032707,0.15327646620111485,7.663823310055743e-05,10,0.9499999999999998,0.050000000000000155
2015-01-29,-0.032421719237131226,-0.03258508923067483,0.3267399870872094,0.00016336999354360472,10,0.95,0.050000000000000044
2015-01-30,-0.009045966478687037,-0.009198147119730419,0.3043612820867631,0.00015218064104338157,10,0.95,0.050000000000000044
2015-02-02,-0.019776583832524883,-0.019977857288575984,0.40254691210220495,0.00020127345605110248,10,0.95,0.050000000000000044
2015-02-03,0.004638208370991063,0.004484500086477816,0.3074165690264943,0.00015370828451324715,10,0.95,0.050000000000000044
2015-02-04,0.010458148367056648,0.01037820207874525,0.1598925766227947,7.994628831139736e-05,10,0.9500000000000001,0.04999999999999993
2015-02-05,-0.009551528037970736,-0.009649872326014755,0.1966885760880383,9.834428804401916e-05,10,0.95,0.050000000000000044
2015-02-06,-0.02076145349867861,-0.02090892918536705,0.2949513733768822,0.0001474756866884411,10,0.9500000000000001,0.04999999999999993
2015-02-09,0.017044217985750797,0.016896356448808124,0.29572307388534536,0.00014786153694267267,10,0.9500000000000002,0.04999999999999982
2015-02-10,-6.293047276652764e-05,-0.0002783272344862572,0.43079352343945915,0.00021539676171972958,10,0.9499999999999998,0.050000000000000155
2015-02-11,0.016338576852392848,0.016183415984289694,0.310321736206304,0.000155160868103152,10,0.9499999999999998,0.050000000000000155
2015-02-12,-0.0013010451697937464,-0.0015123660525888881,0.4226417655902833,0.00021132088279514168,10,0.9500000000000001,0.04999999999999993
2015-02-13,-0.0004768403372456824,-0.0006304460649079346,0.30721145532450445,0.00015360572766225222,10,0.9500000000000002,0.04999999999999982
2015-02-17,0.004609321958797938,0.004450681634710665,0.31728064817454704,0.00015864032408727352,10,0.9500000000000001,0.04999999999999993
2015-02-18,0.004217554976453334,0.004136108000620107,0.16289395166645518,8.14469758332276e-05,10,0.95,0.050000000000000044
2015-02-19,0.011315498592433752,0.011155317799720982,0.32036158542553933,0.00016018079271276967,10,0.9499999999999998,0.050000000000000155
2015-02-20,0.010900616850056541,0.010736430403998744,0.3283728921155944,0.0001641864460577972,10,0.95,0.050000000000000044
2015-02-23,0.0021759066647400326,0.002090738528397465,0.17033627268513493,8.516813634256747e-05,10,0.95,0.050000000000000044
2015-02-24,0.006533937469482054,0.0063867600843025805,0.29435477035894747,0.00014717738517947373,10,0.95,0.050000000000000044
2015-02-25,0.0048700199074300145,0.004856200635986889,0.027638542886251782,1.3819271443125892e-05,10,0.95,0.050000000000000044
2015-02-26,-0.011268995121713461,-0.011346308601747953,0.15462696006898413,7.731348003449207e-05,10,0.95,0.050000000000000044
2015-02-27,0.023940488895132343,0.023770868160125767,0.339241470013153,0.0001696207350065765,10,0.9499999999999998,0.050000000000000155
2015-03-02,-0.0027879303632054064,-0.0028796769312395697,0.18349313606832646,9.174656803416323e-05,10,0.9500000000000001,0.04999999999999993
2015-03-03,0.0077181890545275945,0.0076320821016299745,0.17221390579524043,8.610695289762022e-05,10,0.9499999999999998,0.050000000000000155
2015-03-04,0.029890891259431104,0.02980899110260104,0.16380031366012915,8.190015683006457e-05,10,0.9499999999999998,0.050000000000000155
2015-03-05,0.0010486760507585837,0.0008869806165582465,0.3233908684006742,0.00016169543420033712,10,0.9499999999999998,0.050000000000000155
2015-03-06,-0.00013541487948033777,-0.0001491651698409581,0.027500580721240647,1.3750290360620324e-05,10,0.95,0.050000000000000044
2015-03-09,0.0019159428270976084,0.001820437480693083,0.1910106928090509,9.550534640452545e-05,10,0.9500000000000002,0.04999999999999982
2015-03-10,0.0036501260230958964,0.0036343040761559814,0.03164389387982966,1.582194693991483e-05,10,0.95,0.050000000000000044
2015-03-11,0.007553931810672931,0.0074686466812742365,0.17057025879739046,8.528512939869523e-05,10,0.95,0.050000000000000044
2015-03-12,-0.0004451263560209733,-0.0005270096637403396,0.16376661543873278,8.188330771936639e-05,10,0.9499999999999998,0.050000000000000155
2015-03-13,0.015104818424705306,0.015090111439125716,0.029413971159179403,1.4706985579589701e-05,10,0.9499999999999997,0.050000000000000266
2015-03-16,-0.0052442889189554046,-0.005255370269515777,0.022162701120746114,1.1081350560373058e-05,10,0.9499999999999997,0.050000000000000266
2015-03-17,0.0012085772491925682,0.0010620451160719547,0.29306426624122695,0.00014653213312061346,10,0.9500000000000002,0.04999999999999982
2015-03-18,0.022260116043719,0.02218697454885151,0.14628298973497905,7.314149486748953e-05,10,0.9500000000000001,0.04999999999999993
2015-03-19,-0.0007955575407248739,-0.0008801557318766913,0.16919638230363482,8.459819115181742e-05,10,0.95,0.050000000000000044
2015-03-20,-0.009527351517888529,-0.009607155442714755,0.15960784965245234,7.980392482622617e-05,10,0.9499999999999998,0.050000000000000155
2015-03-23,0.014667647374622242,0.014587454934903463,0.16038487943755564,8.019243971877782e-05,10,0.9499999999999998,0.050000000000000155
2015-03-24,-0.06282234951744434,-0.06284036258616205,0.03602613743541495,1.8013068717707474e-05,10,0.95,0.050000000000000044
2015-03-25,-0.007967491852561395,-0.007984356211141692,0.03372871716059405,1.6864358580297026e-05,10,0.95,0.050000000000000044
2015-03-26,0.025870680203069922,0.025718026523330443,0.3053073594789598,0.00015265367973947992,10,0.9499999999999998,0.050000000000000155
2015-03-27,0.03723144573559136,0.03715064546376051,0.16160054366170068,8.080027183085034e-05,10,0.95,0.050000000000000044
2015-03-30,-0.021546199537671364,-0.02162202158920044,0.15164410305814885,7.582205152907443e-05,10,0.9500000000000002,0.04999999999999982
2015-03-31,-0.0024143991129807244,-0.002430243436077836,0.031688646194222944,1.5844323097111473e-05,10,0.9500000000000001,0.04999999999999993
2015-04-01,-0.006637264357855231,-0.0067918638768228075,0.30919903793515213,0.00015459951896757608,10,0.9500000000000001,0.04999999999999993
2015-04-02,-0.000483520760847173,-0.000569110469999591,0.17117941830483585,8.558970915241792e-05,10,0.95,0.050000000000000044
2015-04-06,0.008706472910923562,0.00860646898900297,0.200007843841182,0.000100003921920591,10,0.9500000000000001,0.04999999999999993
2015-04-07,0.019441354663281535,0.019369993519071278,0.14272228842051138,7.136114421025569e-05,10,0.95,0.050000000000000044
2015-04-08,0.000511156073133604,0.000441279266888044,0.13975361249112003,6.987680624556001e-05,10,0.9500000000000002,0.04999999999999982
2015-04-09,0.005793617350173409,0.005722860521176349,0.1415136579941209,7.075682899706046e-05,10,0.9499999999999998,0.050000000000000155
2015-04-10,0.003933479126573138,0.0038662146571942476,0.13452893875778194,6.726446937889096e-05,10,0.9500000000000002,0.04999999999999982
2015-04-13,-0.0011519326584075533,-0.0012259533373344474,0.14804135785378825,7.402067892689413e-05,10,0.95,0.050000000000000044
2015-04-14,0.007255736221116682,0.007126147415811116,0.25917761061113265,0.00012958880530556632,10,0.95,0.050000000000000044
2015-04-15,0.009353170303399445,0.009282717297747668,0.14090601130355485,7.045300565177742e-05,10,0.95,0.050000000000000044
2015-04-16,-0.012498767311058753,-0.012571711059969936,0.14588749782236907,7.294374891118454e-05,10,0.9499999999999998,0.050000000000000155
2015-04-17,0.011889894448218552,0.011813414804509263,0.15295928741857878,7.647964370928939e-05,10,0.95,0.050000000000000044
2015-04-20,0.013620665138366598,0.013610440398800125,0.020449479132946854,1.0224739566473428e-05,10,0.95,0.050000000000000044
2015-04-21,8.278819570042611e-05,7.186962966638536e-05,0.021837132068081508,1.0918566034040754e-05,10,0.9499999999999996,0.05000000000000038
2015-04-22,0.012302785187551792,0.012285944336476678,0.03368170215022702,1.684085107511351e-05,10,0.9499999999999998,0.050000000000000155
2015-04-23,-0.014439602888711392,-0.014534334476730955,0.18946317603912508,9.473158801956254e-05,10,0.95,0.050000000000000044
2015-04-24,-0.027001262827951164,-0.027083641511138408,0.16475736637448601,8.237868318724301e-05,10,0.95,0.050000000000000044
2015-04-27,0.0024526375689932003,0.0022596902030174856,0.3858947319514296,0.0001929473659757148,10,0.9499999999999998,0.050000000000000155
2015-04-28,-0.007830494297485549,-0.007907199597015094,0.15341059905909069,7.670529952954535e-05,10,0.9499999999999998,0.050000000000000155
2015-04-29,-0.02280508050919581,-0.022888825826966965,0.1674906355423155,8.374531777115775e-05,10,0.9500000000000002,0.04999999999999982
2015-04-30,0.022448605069682156,0.02237714271095723,0.14292471744985352,7.146235872492676e-05,10,0.95,0.050000000000000044
2015-05-01,0.0031196313725249843,0.002984141407676958,0.27097992969605245,0.00013548996484802624,10,0.95,0.050000000000000044
2015-05-04,-0.006314661906790796,-0.006337401560835563,0.04547930808953371,2.2739654044766856e-05,10,0.95,0.050000000000000044
2015-05-05,0.01349379559544502,0.013477959100178046,0.031672990533948994,1.5836495266974498e-05,10,0.9500000000000001,0.04999999999999993
2015-05-06,0.025894698945267473,0.02581679595158272,0.15580598736950474,7.790299368475238e-05,10,0.95,0.050000000000000044
2015-05-07,0.021503129889320266,0.021345262317885874,0.31573514286878235,0.00015786757143439116,10,0.95,0.050000000000000044
2015-05-08,0.004295188533294289,0.004275046310869758,0.040284444849061525,2.0142222424530764e-05,10,0.9499999999999998,0.050000000000000155
2015-05-11,0.00784596194438345,0.007832400849748278,0.02712218927034212,1.356109463517106e-05,10,0.9500000000000001,0.04999999999999993
2015-05-12,-0.009949946744578903,-0.009963653749183876,0.027414009209944946,1.3707004604972473e-05,10,0.9499999999999998,0.050000000000000155
2015-05-13,0.003124024524858476,0.003107226557987053,0.03359593374284565,1.6797966871422825e-05,10,0.9499999999999998,0.050000000000000155
2015-05-14,-0.005118180707201132,-0.005211831013783512,0.1873006131647602,9.36503065823801e-05,10,0.9499999999999998,0.050000000000000155
2015-05-15,0.017339525892120802,0.017325637584535144,0.02777661517131995,1.3888307585659975e-05,10,0.9499999999999998,0.050000000000000155
2015-05-18,0.013779136631802533,0.01370440754283184,0.14945817794138536,7.472908897069268e-05,10,0.9500000000000001,0.04999999999999993
2015-05-19,0.004979552200031798,0.004968859991524828,0.021384417013940796,1.0692208506970397e-05,10,0.9500000000000001,0.04999999999999993
2015-05-20,0.003408885003199009,0.003378374555761312,0.061020894875394464,3.0510447437697232e-05,10,0.9499999999999998,0.050000000000000155
2015-05-21,0.01112529566731162,0.011036556379886453,0.1774785748503335,8.873928742516675e-05,10,0.9500000000000001,0.04999999999999993
2015-05-22,0.004653496085912464,0.004581626178906818,0.1437398140112902,7.186990700564511e-05,10,0.9500000000000001,0.04999999999999993
2015-05-26,0.017359044491804837,0.01715907710443308,0.39993477474351485,0.00019996738737175742,10,0.9499999999999997,0.050000000000000266
2015-05-27,-0.00469228321165664,-0.004822287918425505,0.26000941353772805,0.00013000470676886403,10,0.95,0.050000000000000044
2015-05-28,0.00932807487266433,0.009194723902921604,0.26670193948545107,0.00013335096974272554,10,0.95,0.050000000000000044
2015-05-29,-0.004503154667524397,-0.004566706557114731,0.1271037791806684,6.35518895903342e-05,10,0.9499999999999998,0.050000000000000155
2015-06-01,-0.00019615738250299605,-0.0002969135423329634,0.2015123196599347,0.00010075615982996736,10,0.95,0.050000000000000044
2015-06-02,0.0011852771179212782,0.0011058175028089868,0.15891923022458299,7.945961511229149e-05,10,0.9499999999999997,0.050000000000000266
2015-06-03,-0.00823965975927559,-0.0083140122264931,0.1487049344350177,7.435246721750884e-05,10,0.9499999999999998,0.050000000000000155
2015-06-04,0.023366538197590728,0.023277600300591672,0.17787579399810793,8.893789699905397e-05,10,0.95,0.050000000000000044
2015-06-05,0.005319745318057474,0.005187936771211002,0.2636170936929445,0.00013180854684647226,10,0.9500000000000001,0.04999999999999993
2015-06-08,-0.016858107549988805,-0.016941309247487334,0.16640339499705686,8.320169749852844e-05,10,0.9500000000000001,0.04999999999999993
2015-06-09,0.008925676706681093,0.00883551795226564,0.18031750883090364,9.015875441545182e-05,10,0.9500000000000002,0.04999999999999982
2015-06-10,0.006638144745558411,0.0066126727924906425,0.05094390613553717,2.5471953067768586e-05,10,0.9500000000000001,0.04999999999999993
2015-06-11,-0.008362655344553807,-0.008446647000681077,0.16798331225453833,8.399165612726916e-05,10,0.9499999999999998,0.050000000000000155
2015-06-12,0.001135328523521228,0.0010502030447039324,0.1702509576345912,8.51254788172956e-05,10,0.9499999999999998,0.050000000000000155
2015-06-15,0.0011407917069635176,0.0010578947152170917,0.1657939834928518,8.28969917464259e-05,10,0.9499999999999998,0.050000000000000155
2015-06-16,0.0077478989222106425,0.007684907957670599,0.1259819290800876,6.29909645400438e-05,10,0.95,0.050000000000000044
2015-06-17,0.017273245000099767,0.017255685573890532,0.03511885241847057,1.7559426209235286e-05,10,0.9500000000000001,0.04999999999999993
2015-06-18,0.0021976011139533584,0.0021023857128103637,0.19043080228598983,9.521540114299491e-05,10,0.9499999999999998,0.050000000000000155
2015-06-19,0.023469833794385726,0.02345278008276961,0.034107423232229026,1.7053711616114513e-05,10,0.9500000000000001,0.04999999999999993
2015-06-22,-0.0058033928786697785,-0.005822833812292117,0.038881867244677085,1.944093362233854e-05,10,0.95,0.050000000000000044
2015-06-23,-0.018587066919083843,-0.018684735076298958,0.19533631443023153,9.766815721511576e-05,10,0.95,0.050000000000000044
2015-06-24,-0.0037985446094156937,-0.0038196466516822888,0.0422040845331903,2.110204226659515e-05,10,0.9499999999999998,0.050000000000000155
2015-06-25,-0.011836096439547895,-0.01192544390553758,0.17869493197936864,8.934746598968432e-05,10,0.9499999999999998,0.050000000000000155
2015-06-26,-0.024002344597070024,-0.02408793286144387,0.17117652874769146,8.558826437384573e-05,10,0.9499999999999998,0.050000000000000155
2015-06-29,0.020457103371312728,0.0203755325487703,0.16314164508485895,8.157082254242948e-05,10,0.95,0.050000000000000044
2015-06-30,-0.0010763451552211166,-0.0010886655332476836,0.024640756053133872,1.2320378026566936e-05,10,0.95,0.050000000000000044
2015-07-01,-0.004155819218967931,-0.004244522252310257,0.1774060666846502,8.87030333423251e-05,10,0.95,0.050000000000000044
2015-07-02,-0.00046572894165027956,-0.0005491317480825861,0.1668056128646131,8.340280643230655e-05,10,0.9500000000000001,0.04999999999999993
2015-07-06,-0.01890386982494418,-0.01899420822903025,0.18067680817214593,9.033840408607297e-05,10,0.9499999999999998,0.050000000000000155
2015-07-07,-0.03105032649453143,-0.031147801379290185,0.1949497695175102,9.74748847587551e-05,10,0.9500000000000001,0.04999999999999993
2015-07-08,0.0386594782819444,0.03857403742774838,0.17088170839205663,8.544085419602832e-05,10,0.95,0.050000000000000044
2015-07-09,0.018414096317950768,0.01838970914885534,0.04877433819085694,2.438716909542847e-05,10,0.95,0.050000000000000044
2015-07-10,0.013962896802771612,0.013863298937558981,0.19919573042526173,9.959786521263087e-05,10,0.9500000000000001,0.04999999999999993
2015-07-13,0.00013331470387426035,5.166854372470691e-05,0.1632923202991069,8.164616014955345e-05,10,0.9500000000000001,0.04999999999999993
2015-07-14,-0.008216393689916484,-0.008298674875645255,0.16456237145754155,8.228118572877078e-05,10,0.9499999999999997,0.050000000000000266
2015-07-15,0.02348650865059768,0.02347216110748495,0.028695086225462116,1.4347543112731058e-05,10,0.95,0.050000000000000044
2015-07-16,0.004747192110469724,0.004725536277614393,0.04331166571066304,2.165583285533152e-05,10,0.9499999999999997,0.050000000000000266
2015-07-17,-0.003471923075688948,-0.0035506572957493153,0.1574684401207339,7.873422006036695e-05,10,0.95,0.050000000000000044
2015-07-20,-0.0043243199867263864,-0.004431452857463455,0.21426574147413702,0.00010713287073706851,10,0.9500000000000002,0.04999999999999982
2015-07-21,0.004494115842825107,0.0044784433444102914,0.0313449968296325,1.567249841481625e-05,10,0.9500000000000002,0.04999999999999982
2015-07-22,0.004065883271303887,0.003982077207300747,0.167612128006279,8.38060640031395e-05,10,0.95,0.050000000000000044
2015-07-23,-0.02644474217141481,-0.02646606819178941,0.04265204074920001,2.1326020374600006e-05,10,0.9500000000000001,0.04999999999999993
2015-07-24,-0.021247950999737218,-0.02133553080172878,0.17515960398312286,8.757980199156143e-05,10,0.9500000000000001,0.04999999999999993
2015-07-27,0.011517438327156463,0.011425704880953867,0.18346689240519168,9.173344620259584e-05,10,0.95,0.050000000000000044
2015-07-28,-0.0073400718760749314,-0.007539993004790115,0.3998422574303686,0.0001999211287151843,10,0.95,0.050000000000000044
2015-07-29,-0.020799219432300932,-0.020898587102234172,0.19873533986648292,9.936766993324146e-05,10,0.9499999999999998,0.050000000000000155
2015-07-30,0.0074457480980033115,0.007351303378200092,0.18888943960643853,9.444471980321927e-05,10,0.9499999999999998,0.050000000000000155
2015-07-31,-0.031187010603385978,-0.031268752136113666,0.1634830654553703,8.174153272768516e-05,10,0.9499999999999998,0.050000000000000155
2015-08-03,-0.001753837802491904,-0.0019094203368262414,0.3111650686686747,0.00015558253433433736,10,0.9499999999999998,0.050000000000000155
2015-08-04,0.010056591687449191,0.00990664478829687,0.29989379830464225,0.00014994689915232112,10,0.9499999999999998,0.050000000000000155
2015-08-05,-0.029581197222333103,-0.029603474511492305,0.044554578318399166,2.2277289159199582e-05,10,0.95,0.050000000000000044
2015-08-06,-0.009682278656893601,-0.009854009384108482,0.34346145442976095,0.00017173072721488047,10,0.95,0.050000000000000044
2015-08-07,-0.007850187775835071,-0.008031242467837886,0.36210938400562775,0.00018105469200281388,10,0.95,0.050000000000000044
2015-08-10,-0.004876032671734511,-0.004966985296063633,0.18190524865824512,9.095262432912256e-05,10,0.95,0.050000000000000044
2015-08-11,-0.01524625434149762,-0.01532998066134096,0.16745263968667842,8.372631984333921e-05,10,0.9499999999999998,0.050000000000000155
2015-08-12,-0.018266712588133213,-0.018357180873166134,0.1809365700658405,9.046828503292024e-05,10,0.95,0.050000000000000044
2015-08-13,0.004309928754130252,0.00422616783065293,0.1675218469546437,8.376092347732185e-05,10,0.95,0.050000000000000044
2015-08-14,0.027890934235183303,0.027723843498375592,0.33418147361541833,0.00016709073680770917,10,0.95,0.050000000000000044
2015-08-17,-0.015552537781454951,-0.015649482076948894,0.1938885909878848,9.69442954939424e-05,10,0.9500000000000001,0.04999999999999993
2015-08-18,0.015248794439511862,0.015233923998561556,0.02974088190061222,1.487044095030611e-05,10,0.9499999999999997,0.050000000000000266
2015-08-19,-0.04860969204648566,-0.04862904507358803,0.038706054204738785,1.9353027102369393e-05,10,0.9500000000000001,0.04999999999999993
2015-08-20,-0.011601446742326785,-0.011682807190112384,0.16272089557119807,8.136044778559904e-05,10,0.9500000000000001,0.04999999999999993
2015-08-21,-0.06163364323977941,-0.06165920654933485,0.051126619110873364,2.5563309555436682e-05,10,0.95,0.050000000000000044
2015-08-24,0.004871264682799374,0.004792891410760188,0.1567465440783718,7.83732720391859e-05,10,0.9499999999999998,0.050000000000000155
2015-08-25,0.028613243271764607,0.028589355388906022,0.04777576571716788,2.388788285858394e-05,10,0.95,0.050000000000000044
2015-08-26,0.042737688742697094,0.04265680114010963,0.16177520517491928,8.088760258745964e-05,10,0.9500000000000001,0.04999999999999993
2015-08-27,0.0036713553701459584,0.003582870150688529,0.17697043891485834,8.848521945742918e-05,10,0.9500000000000001,0.04999999999999993
2015-08-28,-0.021325683785619987,-0.021361178791646892,0.07099001205381072,3.5495006026905366e-05,10,0.9500000000000001,0.04999999999999993
2015-08-31,-0.022737473793316157,-0.022754332628843424,0.03371767105453248,1.685883552726624e-05,10,0.9500000000000001,0.04999999999999993
2015-09-01,0.04097456485552698,0.0408551586424307,0.23881242619256227,0.00011940621309628114,10,0.9500000000000001,0.04999999999999993
2015-09-02,-0.021248599401646952,-0.021283915205523384,0.07063160775286088,3.5315803876430445e-05,10,0.9499999999999997,0.050000000000000266
2015-09-03,-0.0022627981287917866,-0.002347461112424766,0.16932596726595917,8.466298363297959e-05,10,0.9499999999999997,0.050000000000000266
2015-09-04,0.041070679394371076,0.04098316755651325,0.1750236757156476,8.75118378578238e-05,10,0.95,0.050000000000000044
2015-09-08,-0.017975891321942584,-0.017989888583263464,0.027994522641758432,1.3997261320879217e-05,10,0.9500000000000001,0.04999999999999993
2015-09-09,0.015060780271618165,0.01503247302840404,0.056614486428249816,2.8307243214124908e-05,10,0.95,0.050000000000000044
2015-09-10,0.004898423532451176,0.004725214279396555,0.3464185061092424,0.00017320925305462122,10,0.9500000000000001,0.04999999999999993
2015-09-11,-0.0005883722261218274,-0.0006700525374226669,0.16336062260167905,8.168031130083952e-05,10,0.9500000000000001,0.04999999999999993
2015-09-14,0.023238861016665432,0.0231510063719405,0.17570928944986536,8.785464472493268e-05,10,0.95,0.050000000000000044
2015-09-15,0.0010393534935091088,0.0010232855527139058,0.03213588159040624,1.606794079520312e-05,10,0.95,0.050000000000000044
2015-09-16,0.03846374974505816,0.03837481060976004,0.1778782705962273,8.893913529811365e-05,10,0.95,0.050000000000000044
2015-09-17,0.0018958447553917273,0.0018735302965099552,0.044628917763544246,2.2314458881772123e-05,10,0.9500000000000001,0.04999999999999993
2015-09-18,-0.04442848565249073,-0.04450644306546395,0.15591482594644612,7.795741297322307e-05,10,0.9499999999999998,0.050000000000000155
2015-09-21,-0.025178181560096824,-0.02526322870471101,0.1700942892283736,8.504714461418681e-05,10,0.95,0.050000000000000044
2015-09-22,-0.0048778221361685,-0.004968880468464031,0.1821166645910622,9.10583322955311e-05,10,0.9499999999999998,0.050000000000000155
2015-09-23,-0.020421208799919377,-0.020514926255710546,0.18743491158233935,9.371745579116968e-05,10,0.95,0.050000000000000044
2015-09-24,-0.04260512673687511,-0.04277180234089395,0.33335120803768414,0.00016667560401884208,10,0.9500000000000001,0.04999999999999993
2015-09-25,-0.07157878001230432,-0.07166321797748347,0.1688759303583078,8.44379651791539e-05,10,0.9500000000000001,0.04999999999999993
2015-09-28,-0.03503063388786501,-0.03511880786048672,0.17634794524342423,8.817397262171212e-05,10,0.9499999999999998,0.050000000000000155
2015-09-29,0.028157260535016732,0.028077380286751264,0.15976049653093563,7.988024826546782e-05,10,0.95,0.050000000000000044
2015-09-30,0.0047113057984533345,0.004625234550496931,0.17214249591280723,8.607124795640362e-05,10,0.95,0.050000000000000044
2015-10-01,0.028498063588951954,0.028347507390397216,0.30111239710947413,0.00015055619855473706,10,0.9499999999999998,0.050000000000000155
2015-10-02,0.006200966177760274,0.00611108920125033,0.1797539530198886,8.987697650994431e-05,10,0.95,0.050000000000000044
2015-10-05,-0.03964458039315426,-0.03973612623061175,0.1830916749149868,9.15458374574934e-05,10,0.95,0.050000000000000044
2015-10-06,0.013601843255458471,0.013588309507662863,0.027067495591217614,1.3533747795608807e-05,10,0.95,0.050000000000000044
2015-10-07,-0.010907983002854674,-0.010990386292689155,0.16480657966896256,8.240328983448129e-05,10,0.95,0.050000000000000044
2015-10-08,0.015948885640532613,0.01587348163383519,0.15080801339484112,7.540400669742056e-05,10,0.9499999999999998,0.050000000000000155
2015-10-09,-0.008628004648267941,-0.008651075582809139,0.04614186908239713,2.307093454119857e-05,10,0.95,0.050000000000000044
2015-10-12,-0.034575239260860084,-0.03465800221304581,0.16552590437144765,8.276295218572383e-05,10,0.9500000000000001,0.04999999999999993
2015-10-13,0.0027310435272610263,0.002645772748197427,0.1705415581271985,8.527077906359925e-05,10,0.9500000000000003,0.04999999999999971
2015-10-14,0.04299681107483615,0.04291238509009079,0.16885196949071213,8.442598474535606e-05,10,0.9499999999999998,0.050000000000000155
2015-10-15,0.004931939785837977,0.0048293930584962265,0.2050934546835017,0.00010254672734175085,10,0.95,0.050000000000000044
2015-10-16,0.008689159185483885,0.008587023611563046,0.20427114784167813,0.00010213557392083907,10,0.95,0.050000000000000044
2015-10-19,-0.025881362870204518,-0.025972065839108743,0.1814059378084498,9.07029689042249e-05,10,0.9500000000000001,0.04999999999999993
2015-10-20,-0.009198312277219949,-0.009299635675246942,0.20264679605398753,0.00010132339802699376,10,0.9499999999999998,0.050000000000000155
2015-10-21,-0.010597739383789656,-0.010686777989524549,0.17807721146978406,8.903860573489202e-05,10,0.9499999999999998,0.050000000000000155
2015-10-22,0.007916383095652822,0.007893746831553628,0.045272528198387854,2.2636264099193928e-05,10,0.9499999999999998,0.050000000000000155
2015-10-23,-0.003454107456346343,-0.0035411422408019922,0.17406956891129793,8.703478445564897e-05,10,0.9499999999999998,0.050000000000000155
2015-10-26,0.0023405680631109656,0.002177549373032599,0.3260373801567328,0.0001630186900783664,10,0.9499999999999998,0.050000000000000155
2015-10-27,0.03326676665456009,0.033228345259341215,0.07684279043774725,3.842139521887362e-05,10,0.95,0.050000000000000044
2015-10-28,-0.05051813021227485,-0.05059902775081131,0.16179507707290486,8.089753853645243e-05,10,0.9500000000000002,0.04999999999999982
2015-10-29,-0.0010438810419976204,-0.0011227960004046628,0.15782991681408454,7.891495840704227e-05,10,0.9500000000000001,0.04999999999999993
2015-10-30,0.0378036492086217,0.03775397185069447,0.09935471585445511,4.9677357927227556e-05,10,0.95,0.050000000000000044
2015-11-02,0.009311360384390793,0.009206564478888936,0.20959181100371552,0.00010479590550185776,10,0.95,0.050000000000000044
2015-11-03,-0.013918683913615474,-0.013936507808268075,0.03564778930520118,1.782389465260059e-05,10,0.95,0.050000000000000044
2015-11-04,-0.006246212597109438,-0.00634658223452188,0.20073927482488269,0.00010036963741244134,10,0.95,0.050000000000000044
2015-11-05,0.01902077732654992,0.018994872430672414,0.05180979175501825,2.5904895877509125e-05,10,0.95,0.050000000000000044
2015-11-06,-0.007459964771612513,-0.0076142949967673065,0.3086604503095871,0.00015433022515479357,10,0.95,0.050000000000000044
2015-11-09,0.01520572489184714,0.015114998038607982,0.18145370647831377,9.072685323915688e-05,10,0.9499999999999997,0.050000000000000266
2015-11-10,-0.024997851654077044,-0.025024327719395913,0.05295213063774004,2.647606531887002e-05,10,0.9500000000000001,0.04999999999999993
2015-11-11,-0.030085678257979608,-0.030176535664702752,0.18171481344628787,9.085740672314393e-05,10,0.95,0.050000000000000044
2015-11-12,-0.001214814987789354,-0.0012409291513958386,0.052228327212968995,2.6114163606484498e-05,10,0.95,0.050000000000000044
2015-11-13,0.00607108967451368,0.005978448087383958,0.18528317425944557,9.264158712972279e-05,10,0.95,0.050000000000000044
2015-11-16,0.016752308343929136,0.01666925378847419,0.16610911090989117,8.305455545494558e-05,10,0.95,0.050000000000000044
2015-11-17,0.017506532106883535,0.017421496869683094,0.17007047440087766,8.503523720043883e-05,10,0.9500000000000001,0.04999999999999993
2015-11-18,-0.006535484363100557,-0.006615174497474627,0.15938026874814126,7.969013437407063e-05,10,0.9499999999999998,0.050000000000000155
2015-11-19,0.017536000584485876,0.017527629801658954,0.01674156565384284,8.37078282692142e-06,10,0.95,0.050000000000000044
2015-11-20,0.02054126439033867,0.02046375612868386,0.15501652330962803,7.750826165481402e-05,10,0.9500000000000002,0.04999999999999982
2015-11-23,0.0031729721741851056,0.003017933469237813,0.31007740989458543,0.0001550387049472927,10,0.9499999999999997,0.050000000000000266
2015-11-24,0.0021054419686487146,0.0020901904602584585,0.03050301678051176,1.525150839025588e-05,10,0.9499999999999998,0.050000000000000155
2015-11-25,0.017589823417165897,0.017497168323006622,0.18531018831855006,9.265509415927504e-05,10,0.95,0.050000000000000044
2015-11-27,-0.021582150934310176,-0.021601560092508718,0.038818316397083594,1.9409158198541798e-05,10,0.9499999999999997,0.050000000000000266
2015-11-30,0.008510472198081955,0.00840102503976847,0.2188943166269734,0.0001094471583134867,10,0.95,0.050000000000000044
2015-12-01,-0.008703395428321895,-0.008743154350750728,0.07951784485766726,3.975892242883363e-05,10,0.9500000000000002,0.04999999999999982
2015-12-02,-0.022056351727876764,-0.022089104099004418,0.0655047422553062,3.27523711276531e-05,10,0.95,0.050000000000000044
2015-12-03,0.026969220506260817,0.02689071060911488,0.15701979429187674,7.850989714593837e-05,10,0.9499999999999998,0.050000000000000155
2015-12-04,-0.03056669409250623,-0.030656948847407408,0.18050950980235692,9.025475490117845e-05,10,0.9499999999999998,0.050000000000000155
2015-12-07,0.0190208229212043,0.0188660005864958,0.3096446694169974,0.00015482233470849873,10,0.95,0.050000000000000044
2015-12-08,-0.03128351887180292,-0.03137679938906782,0.1865610345298099,9.328051726490496e-05,10,0.9500000000000001,0.04999999999999993
2015-12-09,0.011533913064150945,0.011443837225516198,0.18015167726949435,9.007583863474718e-05,10,0.95,0.050000000000000044
2015-12-10,-0.03210216005354357,-0.03227091633982514,0.3375125725631314,0.0001687562862815657,10,0.9500000000000001,0.04999999999999993
2015-12-11,-0.0027903544807939395,-0.002814466787844673,0.04822461410146693,2.4112307050733467e-05,10,0.9500000000000001,0.04999999999999993
2015-12-14,0.014481850762185949,0.014322388961345597,0.3189236016807044,0.0001594618008403522,10,0.9500000000000001,0.04999999999999993
2015-12-15,0.02745080529795763,0.027293202563622013,0.31520546867123084,0.00015760273433561541,10,0.9499999999999998,0.050000000000000155
2015-12-16,-0.017534468884720853,-0.01763138921682224,0.19384066420277557,9.692033210138779e-05,10,0.9500000000000002,0.04999999999999982
2015-12-17,-0.01839648709816344,-0.018494438741419806,0.19590328651273312,9.795164325636656e-05,10,0.9500000000000001,0.04999999999999993
2015-12-18,-0.004859466561221308,-0.004944462936295293,0.1699927501479711,8.499637507398555e-05,10,0.9499999999999998,0.050000000000000155
2015-12-21,-0.006704816560824071,-0.006803533755875929,0.19743439010371644,9.871719505185822e-05,10,0.95,0.050000000000000044
2015-12-22,0.02781942067713014,0.027661141285393483,0.31655878347331257,0.0001582793917366563,10,0.9499999999999998,0.050000000000000155
2015-12-23,-0.004469534222195561,-0.004489905023133059,0.040741601874993885,2.0370800937496942e-05,10,0.9499999999999998,0.050000000000000155
2015-12-24,0.010811461187186481,0.010795549333196304,0.03182370798035486,1.591185399017743e-05,10,0.9499999999999997,0.050000000000000266
2015-12-28,0.022757655804546074,0.022744951070259846,0.025409468572453964,1.2704734286226982e-05,10,0.95,0.050000000000000044
2015-12-29,-0.013270817191948546,-0.013356897428674198,0.17216047345130445,8.608023672565223e-05,10,0.9499999999999997,0.050000000000000266
2015-12-30,-0.009054531959575932,-0.009156202371259782,0.2033408233677015,0.00010167041168385075,10,0.95,0.050000000000000044
2015-12-31,-0.025844198126201107,-0.025864594036071543,0.04079181974087415,2.0395909870437074e-05,10,0.95,0.050000000000000044
2016-01-04,0.0028373212239833686,0.0027380754137844346,0.19849162039786764,9.924581019893382e-05,10,0.9499999999999998,0.050000000000000155
2016-01-05,-0.002758147412964287,-0.0028510042533025073,0.18571368067644053,9.285684033822027e-05,10,0.9500000000000001,0.04999999999999993
2016-01-06,-0.03661577652405409,-0.03671213043542218,0.19270782273617856,9.635391136808929e-05,10,0.95,0.050000000000000044
2016-01-07,-0.01227658730937548,-0.01237918073506709,0.20518685138322096,0.00010259342569161049,10,0.95,0.050000000000000044
2016-01-08,-0.02547157282560071,-0.025493480001109663,0.04381435101790826,2.190717550895413e-05,10,0.95,0.050000000000000044
2016-01-11,0.0036523677876235793,0.003636422444547927,0.031890686151305137,1.5945343075652567e-05,10,0.95,0.050000000000000044
2016-01-12,-0.05125847090938183,-0.05136742716364268,0.2179125085217135,0.00010895625426085676,10,0.9499999999999997,0.050000000000000266
2016-01-13,0.018224500999972634,0.018207565082471563,0.03387183500213867,1.6935917501069335e-05,10,0.9499999999999998,0.050000000000000155
2016-01-14,-0.0807382723789967,-0.08076881893568998,0.06109311338657272,3.054655669328636e-05,10,0.95,0.050000000000000044
2016-01-15,-4.7221313942068265e-05,-0.00015478595728681173,0.21512928668948694,0.00010756464334474347,10,0.9499999999999998,0.050000000000000155
2016-01-19,-0.0015715782980880307,-0.0017395894243846443,0.33602225259322704,0.00016801112629661352,10,0.9499999999999997,0.050000000000000266
2016-01-20,-0.022959811869461492,-0.023061992262688964,0.20436078645494432,0.00010218039322747216,10,0.95,0.050000000000000044
2016-01-21,0.029473405337483004,0.02936689803371616,0.21301460753369061,0.00010650730376684531,10,0.9499999999999998,0.050000000000000155
2016-01-22,-0.008787772343335595,-0.008890480726693654,0.20541676671611653,0.00010270838335805826,10,0.95,0.050000000000000044
2016-01-25,0.0010893722865039676,0.0010030106072400995,0.17272335852773624,8.636167926386812e-05,10,0.9500000000000001,0.04999999999999993
2016-01-26,-0.03235159179411386,-0.032513088395112855,0.32299320199800186,0.00016149660099900093,10,0.95,0.050000000000000044
2016-01-27,-0.004548953607536559,-0.004721156853338013,0.3444064916029075,0.00017220324580145374,10,0.95,0.050000000000000044
2016-01-28,0.022418631579476427,0.022304285681802778,0.2286917953472965,0.00011434589767364825,10,0.9499999999999997,0.050000000000000266
2016-01-29,-0.001652075408156063,-0.001691864168157025,0.07957752000192392,3.9788760000961957e-05,10,0.95,0.050000000000000044
2016-02-01,-0.037698072928722445,-0.0377889541652916,0.18176247313831295,9.088123656915648e-05,10,0.9500000000000002,0.04999999999999982
2016-02-02,0.00111435725339098,0.0010292356965357552,0.17024311371044942,8.512155685522472e-05,10,0.95,0.050000000000000044
2016-02-03,0.017687041024385456,0.017652111297078412,0.06985945461409071,3.4929727307045356e-05,10,0.9500000000000001,0.04999999999999993
2016-02-04,-0.06475332805737218,-0.06477998964778121,0.05332318081807967,2.6661590409039835e-05,10,0.95,0.050000000000000044
2016-02-05,-0.07163935146629359,-0.07173018116351469,0.1816593944422032,9.08296972211016e-05,10,0.9500000000000002,0.04999999999999982
2016-02-08,0.0059042260012831865,0.00582074417578593,0.16696365099451307,8.348182549725654e-05,10,0.9499999999999998,0.050000000000000155
2016-02-09,0.0009645846855732129,0.0008207944504223833,0.28758047030165923,0.0001437902351508296,10,0.95,0.050000000000000044
2016-02-10,0.0016930816352736684,0.0015802856596404365,0.22559195126646397,0.00011279597563323199,10,0.95,0.050000000000000044
2016-02-11,0.0009479278997012999,0.0008540869010566486,0.18768199728930254,9.384099864465128e-05,10,0.95,0.050000000000000044
2016-02-12,0.039949892199415284,0.03970664274222026,0.4864989143900576,0.0002432494571950288,10,0.9499999999999997,0.050000000000000266
2016-02-16,0.038787478957612205,0.038707340111370135,0.1602776924841413,8.013884624207065e-05,10,0.9500000000000002,0.04999999999999982
2016-02-17,0.0054784344975239985,0.00529178107241971,0.37330685020857746,0.00018665342510428874,10,0.95,0.050000000000000044
2016-02-18,0.014117651129687847,0.013853846849030424,0.5276085613148463,0.00026380428065742316,10,0.95,0.050000000000000044
2016-02-19,0.03428964570467282,0.03418724256220206,0.2048062849415121,0.00010240314247075605,10,0.95,0.050000000000000044
2016-02-22,-0.02224931737189944,-0.022413496985310092,0.3283592268213042,0.0001641796134106521,10,0.9499999999999998,0.050000000000000155
2016-02-23,0.024415478776078577,0.024321649270819427,0.18765901051829897,9.382950525914949e-05,10,0.95,0.050000000000000044
2016-02-24,0.011070466658136331,0.011039741016973527,0.06145128232560719,3.0725641162803596e-05,10,0.9500000000000001,0.04999999999999993
2016-02-25,0.0003222577164123312,0.000209349425893375,0.2258165810379124,0.0001129082905189562,10,0.9500000000000002,0.04999999999999982
2016-02-26,0.005434879529824205,0.005261384846362804,0.3469893669228018,0.0001734946834614009,10,0.9499999999999998,0.050000000000000155
2016-02-29,0.023646116420060946,0.02360882410883244,0.07458462245700986,3.729231122850493e-05,10,0.9499999999999998,0.050000000000000155
2016-03-01,0.0065962657306255215,0.006492662123447715,0.20720721435561254,0.00010360360717780627,10,0.9499999999999997,0.050000000000000266
2016-03-02,-0.003402788188581828,-0.003502619115936103,0.1996618547085503,9.983092735427516e-05,10,0.9499999999999997,0.050000000000000266
2016-03-03,-0.010826295133035886,-0.010840025020378367,0.0274597746849624,1.3729887342481199e-05,10,0.9500000000000002,0.04999999999999982
2016-03-04,0.005823132326318305,0.005560391520569346,0.525481611497917,0.00026274080574895846,10,0.9500000000000001,0.04999999999999993
2016-03-07,-0.009918388834101238,-0.010031262664655968,0.2257476611094591,0.00011287383055472955,10,0.95,0.050000000000000044
2016-03-08,0.003162494912931924,0.0029404914925145256,0.44400684083479663,0.00022200342041739832,10,0.9500000000000001,0.04999999999999993
2016-03-09,-0.0027742199216093167,-0.0028924264400920353,0.2364130369654371,0.00011820651848271856,10,0.95,0.050000000000000044
2016-03-10,0.0066138518365988575,0.006408899537569885,0.4099045980579447,0.00020495229902897237,10,0.95,0.050000000000000044
2016-03-11,0.008516299513771357,0.008403459664732197,0.2256796980783204,0.0001128398490391602,10,0.95,0.050000000000000044
2016-03-14,-0.009748850066733995,-0.009881341069446138,0.26498200542428507,0.00013249100271214254,10,0.9500000000000002,0.04999999999999982
2016-03-15,0.022952378568949723,0.022844849205891953,0.21505872611554178,0.00010752936305777089,10,0.95,0.050000000000000044
2016-03-16,0.018877143537026294,0.018584680230290057,0.584926613472471,0.0002924633067362355,10,0.95,0.050000000000000044
2016-03-17,0.005804722879617474,0.00569446709972025,0.22051155979444825,0.00011025577989722413,10,0.9499999999999997,0.050000000000000266
2016-03-18,-0.002221592447677188,-0.0024169074447771676,0.39062999419995925,0.00019531499709997963,10,0.95,0.050000000000000044
2016-03-21,0.0018371413965498848,0.0017245247117173906,0.22523336966498836,0.00011261668483249419,10,0.9500000000000002,0.04999999999999982
2016-03-22,-0.02378961388298473,-0.02389681214168598,0.2143965174024967,0.00010719825870124836,10,0.9500000000000002,0.04999999999999982
2016-03-23,0.007303738266214281,0.00711075803088471,0.38596047065914385,0.00019298023532957192,10,0.9500000000000001,0.04999999999999993
2016-03-24,0.001982001354795379,0.0017971719682320082,0.36965877312674156,0.0001848293865633708,10,0.9499999999999998,0.050000000000000155
2016-03-28,0.031615146619283926,0.03143398948682566,0.36231426491653046,0.00018115713245826524,10,0.95,0.050000000000000044
2016-03-29,-0.0028796444404882203,-0.003137872158847672,0.516455436718903,0.00025822771835945155,10,0.9500000000000001,0.04999999999999993
2016-03-30,-0.012435393361222468,-0.01253577403771335,0.20076135298176306,0.00010038067649088154,10,0.9499999999999998,0.050000000000000155
2016-03-31,0.007993655766960723,0.007812109826421717,0.36309188107801144,0.00018154594053900573,10,0.9499999999999998,0.050000000000000155
2016-04-01,-0.023236855952382694,-0.023331150804667942,0.18858970457049842,9.429485228524921e-05,10,0.95,0.050000000000000044
2016-04-04,0.002811911058581534,0.0027177296085816546,0.18836289999975891,9.418144999987945e-05,10,0.95,0.050000000000000044
2016-04-05,0.007862745506492326,0.007762520628527509,0.20044975592963432,0.00010022487796481716,10,0.9499999999999998,0.050000000000000155
2016-04-06,-0.0008394173742710799,-0.0009320066587499673,0.1851785689577749,9.258928447888746e-05,10,0.95,0.050000000000000044
2016-04-07,0.007154399652694197,0.006983666289465375,0.341466726457644,0.000170733363228822,10,0.95,0.050000000000000044
2016-04-08,0.01835791854985859,0.018266188149746145,0.18346080022489086,9.173040011244543e-05,10,0.9499999999999998,0.050000000000000155
2016-04-11,0.005920905444294748,0.005750924802512856,0.33996128356378447,0.00016998064178189225,10,0.95,0.050000000000000044
2016-04-12,0.004592321280463927,0.004487136004020367,0.21037055288712156,0.00010518527644356078,10,0.9499999999999998,0.050000000000000155
2016-04-13,-0.0022492442418870296,-0.0024225957906400964,0.34670309750613354,0.00017335154875306678,10,0.9499999999999997,0.050000000000000266
2016-04-14,0.005820872334808846,0.005725962475084645,0.18981971944840187,9.490985972420094e-05,10,0.95,0.050000000000000044
2016-04-15,0.006159826382129921,0.006146097795202146,0.027457173855549147,1.3728586927774573e-05,10,0.9500000000000001,0.04999999999999993
2016-04-18,0.024902210054145398,0.024867634910092574,0.06915028810564892,3.4575144052824465e-05,10,0.9500000000000002,0.04999999999999982
2016-04-19,-0.013325158403647126,-0.01349481238891457,0.33930797053488976,0.00016965398526744488,10,0.95,0.050000000000000044
2016-04-20,-0.0040723995975888655,-0.004248305389398411,0.35181158361909126,0.00017590579180954563,10,0.9499999999999998,0.050000000000000155
2016-04-21,-0.014678424715113048,-0.014770216968236854,0.18358450624761255,9.179225312380628e-05,10,0.95,0.050000000000000044
2016-04-22,0.00290197017443313,0.002691995482477413,0.41994938391143444,0.00020997469195571723,10,0.9500000000000001,0.04999999999999993
2016-04-25,0.00490184770996735,0.004709542626730013,0.384610166474673,0.0001923050832373365,10,0.9500000000000001,0.04999999999999993
2016-04-26,0.011480891999942395,0.011382752716631458,0.19627856662187365,9.813928331093683e-05,10,0.9499999999999997,0.050000000000000266
2016-04-27,0.00181432737095546,0.0017199629905031415,0.1887287609046372,9.43643804523186e-05,10,0.9499999999999997,0.050000000000000266
2016-04-28,-0.003597159190809659,-0.0037000294368914714,0.20574049216362492,0.00010287024608181246,10,0.9499999999999998,0.050000000000000155
2016-04-29,0.009534269574520901,0.009372424457805352,0.32369023343109776,0.00016184511671554888,10,0.95,0.050000000000000044
2016-05-02,-0.005194809431882033,-0.005290814850317876,0.19201083687168588,9.600541843584294e-05,10,0.9499999999999998,0.050000000000000155
2016-05-03,-0.012954745483033644,-0.013122931350289068,0.33637173451084534,0.00016818586725542267,10,0.9500000000000001,0.04999999999999993
2016-05-04,0.01059190873338656,0.010568099319581997,0.047618827609124906,2.3809413804562453e-05,10,0.9500000000000001,0.04999999999999993
2016-05-05,0.0064811302535645425,0.006379626353223078,0.2030078006829299,0.00010150390034146495,10,0.9500000000000001,0.04999999999999993
2016-05-06,-0.023992477931373293,-0.024116569399383902,0.24818293602121877,0.00012409146801060938,10,0.9499999999999997,0.050000000000000266
2016-05-09,0.03669873195336436,0.03652682802030538,0.34380786611795416,0.00017190393305897708,10,0.95,0.050000000000000044
2016-05-10,0.014859806840854499,0.014584737032281516,0.5501396171459659,0.00027506980857298295,10,0.95,0.050000000000000044
2016-05-11,-0.015227588868047603,-0.015309137247559756,0.16309675902430829,8.154837951215415e-05,10,0.9499999999999998,0.050000000000000155
2016-05-12,-0.006875675176234637,-0.007057636934234194,0.3639235159991157,0.00018196175799955786,10,0.9499999999999997,0.050000000000000266
2016-05-13,0.007710931870929675,0.00760595005729502,0.2099636272693095,0.00010498181363465476,10,0.9500000000000001,0.04999999999999993
2016-05-16,0.009633754899456115,0.00954116879252309,0.1851722138660511,9.258610693302556e-05,10,0.9499999999999998,0.050000000000000155
2016-05-17,-0.041979091262732686,-0.04213021423173746,0.3022459380095555,0.00015112296900477777,10,0.9499999999999997,0.050000000000000266
2016-05-18,0.003782039686518319,0.003618408181307064,0.32726301042250966,0.00016363150521125482,10,0.9500000000000001,0.04999999999999993
2016-05-19,0.0034332302316136517,0.003351397494953226,0.16366547332085143,8.183273666042572e-05,10,0.9499999999999997,0.050000000000000266
2016-05-20,-0.004582847774789567,-0.004615818697085115,0.06594184459109677,3.297092229554838e-05,10,0.9500000000000001,0.04999999999999993
2016-05-23,-0.04972302978951835,-0.04982497986388539,0.20390014873408785,0.00010195007436704392,10,0.9500000000000001,0.04999999999999993
2016-05-24,0.02366730321827486,0.023566267626822342,0.20207118290503698,0.0001010355914525185,10,0.9500000000000002,0.04999999999999982
2016-05-25,0.0005070374069765252,0.00041331686749288346,0.18744107896728346,9.372053948364174e-05,10,0.95,0.050000000000000044
2016-05-26,-0.036496028443662364,-0.0365820618894839,0.17206689164307704,8.603344582153852e-05,10,0.9500000000000001,0.04999999999999993
2016-05-27,0.011623070365366901,0.011526148573748023,0.19384358323775544,9.692179161887772e-05,10,0.9500000000000001,0.04999999999999993
2016-05-31,0.004088401302372468,0.0039964588196081795,0.18388496552857755,9.194248276428879e-05,10,0.9500000000000001,0.04999999999999993
2016-06-01,0.013484741000919035,0.013408273856887245,0.1529342880635794,7.64671440317897e-05,10,0.9500000000000002,0.04999999999999982
2016-06-02,0.10492246559493978,0.10483380064418261,0.17732990151434352,8.866495075717177e-05,10,0.95,0.050000000000000044
2016-06-03,0.0014968599859458798,0.0014857883015337167,0.022143368824326104,1.1071684412163053e-05,10,0.95,0.050000000000000044
2016-06-06,-0.019160890789664046,-0.019249140874649562,0.17650016997103263,8.825008498551632e-05,10,0.9499999999999997,0.050000000000000266
2016-06-07,0.059651182945724295,0.05957907136325395,0.14422316494069012,7.211158247034507e-05,10,0.9500000000000001,0.04999999999999993
2016-06-08,0.003999138351293437,0.003965975836553515,0.06632502947984514,3.316251473992257e-05,10,0.95,0.050000000000000044
2016-06-09,-0.027593258238729327,-0.027683690958031526,0.1808654386044008,9.04327193022004e-05,10,0.95,0.050000000000000044
2016-06-10,0.0007800639869665096,0.0007464068867106793,0.06731420051166057,3.365710025583028e-05,10,0.95,0.050000000000000044
2016-06-13,-0.017589565744064575,-0.017689829182572763,0.20052687701637417,0.00010026343850818709,10,0.95,0.050000000000000044
2016-06-14,0.043146057783272816,0.04312616560129328,0.03978436395907253,1.9892181979536267e-05,10,0.9500000000000002,0.04999999999999982
2016-06-15,-0.033024408293424394,-0.03310603401624169,0.16325144563458227,8.162572281729113e-05,10,0.9499999999999998,0.050000000000000155
2016-06-16,0.0020300390207093648,0.0019985615584797623,0.06295492445920475,3.1477462229602376e-05,10,0.95,0.050000000000000044
2016-06-17,0.010180207060132205,0.01001678878856037,0.3268365431436687,0.00016341827157183436,10,0.9500000000000001,0.04999999999999993
2016-06-20,-0.02358688149727626,-0.023672144487467125,0.1705259803817311,8.526299019086555e-05,10,0.9499999999999997,0.050000000000000266
2016-06-21,0.02141210151959696,0.021401917873533797,0.020367292126326306,1.0183646063163153e-05,10,0.95,0.050000000000000044
2016-06-22,0.0017853066750883103,0.0016958079106789042,0.17899752881881226,8.949876440940612e-05,10,0.9500000000000003,0.04999999999999971
2016-06-23,0.029241040022718975,0.029206320594924624,0.06943885558870486,3.471942779435243e-05,10,0.9499999999999998,0.050000000000000155
2016-06-24,-0.00773911871385456,-0.0077565389163713186,0.03484040503351646,1.7420202516758228e-05,10,0.9499999999999997,0.050000000000000266
2016-06-27,-0.006017614410945234,-0.006028435607147278,0.021642392404089272,1.0821196202044637e-05,10,0.95,0.050000000000000044
2016-06-28,0.022414709949634237,0.022242072188792823,0.3452755216828302,0.0001726377608414151,10,0.9499999999999998,0.050000000000000155
2016-06-29,0.01331499925156065,0.01322215884978603,0.18568080354924282,9.284040177462141e-05,10,0.9499999999999998,0.050000000000000155
2016-06-30,0.05376293710991578,0.05367723558387736,0.17140305207684423,8.570152603842212e-05,10,0.95,0.050000000000000044
2016-07-01,0.011779767920713247,0.011695147414322215,0.16924101278206402,8.462050639103201e-05,10,0.95,0.050000000000000044
2016-07-05,0.030460554452047272,0.03028215387673912,0.3568011506163039,0.00017840057530815195,10,0.9500000000000001,0.04999999999999993
2016-07-06,-0.027778466235274593,-0.02787345901478623,0.18998555902327818,9.499277951163909e-05,10,0.95,0.050000000000000044
2016-07-07,0.04194111967485894,0.0417652281323816,0.3517830849546725,0.00017589154247733623,10,0.9499999999999998,0.050000000000000155
2016-07-08,0.017077426539984477,0.016887371596880685,0.3801098862075826,0.00019005494310379132,10,0.9500000000000001,0.04999999999999993
2016-07-11,-0.013481334689207224,-0.013586105972389746,0.2095425663650452,0.0001047712831825226,10,0.9499999999999998,0.050000000000000155
2016-07-12,0.032262984181180024,0.03208927855761659,0.34741124712686056,0.0001737056235634303,10,0.9499999999999998,0.050000000000000155
2016-07-13,0.007266872390084579,0.007172054861437824,0.18963505729351088,9.481752864675544e-05,10,0.9499999999999998,0.050000000000000155
2016-07-14,-0.004542053613965611,-0.0046994509811158795,0.3147947343005375,0.00015739736715026875,10,0.9499999999999998,0.050000000000000155
2016-07-15,0.012034253040023922,0.011858087156907296,0.35233176623325274,0.00017616588311662637,10,0.9500000000000002,0.04999999999999982
2016-07-18,-0.02206591158968846,-0.022164711625528914,0.19760007168090937,9.880003584045468e-05,10,0.95,0.050000000000000044
2016-07-19,-0.06725207285013382,-0.06740752894983991,0.31091219941218373,0.00015545609970609188,10,0.95,0.050000000000000044
2016-07-20,0.038173159686974614,0.038159976917847185,0.02636553825485502,1.318276912742751e-05,10,0.9499999999999998,0.050000000000000155
2016-07-21,0.0020920595627990906,0.0020097942483447697,0.16453062890864212,8.226531445432106e-05,10,0.95,0.050000000000000044
2016-07-22,-0.02393640183777889,-0.02402248160440702,0.17215953325625533,8.607976662812767e-05,10,0.9499999999999998,0.050000000000000155
2016-07-25,0.04484973754192291,0.044605184119477115,0.48910684489158396,0.000244553422445792,10,0.9500000000000001,0.04999999999999993
2016-07-26,0.039273076309120296,0.03910240491126825,0.34134279570409726,0.00017067139785204862,10,0.9499999999999998,0.050000000000000155
2016-07-27,0.005255842797748888,0.005096644975843711,0.31839564381035235,0.0001591978219051762,10,0.9499999999999997,0.050000000000000266
2016-07-28,0.025890453632893523,0.025869069502144567,0.042768261497911894,2.1384130748955947e-05,10,0.95,0.050000000000000044
2016-07-29,0.011495271436685156,0.011402213432513922,0.18611600834247077,9.30580041712354e-05,10,0.9500000000000001,0.04999999999999993
2016-08-01,0.01064666028131539,0.010548725880366934,0.19586880189691216,9.793440094845608e-05,10,0.95,0.050000000000000044
2016-08-02,-0.002786440258048142,-0.0028792454371211404,0.1856103581459961,9.280517907299805e-05,10,0.9499999999999997,0.050000000000000266
2016-08-03,0.018162846279130722,0.018003883439290807,0.3179256796798308,0.00015896283983991543,10,0.95,0.050000000000000044
2016-08-04,-0.03036581015204841,-0.030380942118200614,0.030263932304411142,1.5131966152205572e-05,10,0.9499999999999997,0.050000000000000266
2016-08-05,0.014240791307767287,0.014147541278553385,0.18650005842780226,9.325002921390113e-05,10,0.95,0.050000000000000044
2016-08-08,-0.0003564337607389022,-0.0005253937562129498,0.3379199909480952,0.00016895999547404761,10,0.9499999999999998,0.050000000000000155
2016-08-09,-0.0025003976462649995,-0.0025929616965278865,0.18512810052577416,9.256405026288709e-05,10,0.95,0.050000000000000044
2016-08-10,-0.0008573417209120816,-0.0010397825868165053,0.3648817318088474,0.0001824408659044237,10,0.95,0.050000000000000044
2016-08-11,-0.013856918934422346,-0.013954274983898923,0.1947120989531529,9.735604947657645e-05,10,0.9499999999999998,0.050000000000000155
2016-08-12,0.005184249181784093,0.005091163074800206,0.18617221396777445,9.308610698388723e-05,10,0.9500000000000001,0.04999999999999993
2016-08-15,-0.01831765699405353,-0.018331899333339726,0.02848467857239531,1.4242339286197656e-05,10,0.9500000000000001,0.04999999999999993
2016-08-16,-0.017276818061746753,-0.017295892227877033,0.03814833226056076,1.907416613028038e-05,10,0.95,0.050000000000000044
2016-08-17,0.009189374190180278,0.009110139103377973,0.15847017360461135,7.923508680230568e-05,10,0.9500000000000001,0.04999999999999993
2016-08-18,-0.011545622705416415,-0.011742344590755502,0.3934437706781744,0.0001967218853390872,10,0.9500000000000001,0.04999999999999993
2016-08-19,-0.01954265220386648,-0.019670317654993594,0.2553309022542285,0.00012766545112711424,10,0.9499999999999997,0.050000000000000266
2016-08-22,-0.005198312206947675,-0.0052189065495434625,0.0411886851915744,2.05943425957872e-05,10,0.95,0.050000000000000044
2016-08-23,-0.05576879336271456,-0.05579788753922675,0.05818835302439233,2.9094176512196166e-05,10,0.9499999999999998,0.050000000000000155
2016-08-24,0.01617490316901651,0.01609029424747447,0.16921784308407817,8.460892154203909e-05,10,0.9499999999999998,0.050000000000000155
2016-08-25,0.0016422985278551304,0.0015335904274002294,0.21741620090980207,0.00010870810045490103,10,0.9499999999999998,0.050000000000000155
2016-08-26,0.01551129833644087,0.01549767893222793,0.0272388084258801,1.3619404212940049e-05,10,0.9499999999999998,0.050000000000000155
2016-08-29,-0.035145812676313594,-0.03522872567501294,0.16582599739868617,8.291299869934308e-05,10,0.9499999999999998,0.050000000000000155
2016-08-30,-0.010914590999845541,-0.010996529189272177,0.16387637885327294,8.193818942663647e-05,10,0.9499999999999997,0.050000000000000266
2016-08-31,0.0164892484643313,0.016403059166010883,0.1723785966408346,8.61892983204173e-05,10,0.9499999999999998,0.050000000000000155
2016-09-01,0.04194930252220496,0.041937692698699285,0.023219647011346198,1.16098235056731e-05,10,0.95,0.050000000000000044
2016-09-02,0.029941783013134427,0.02985834094866253,0.16688412894379395,8.344206447189698e-05,10,0.95,0.050000000000000044
2016-09-06,-0.009290111549125703,-0.009440379920807828,0.3005367433642495,0.00015026837168212475,10,0.95,0.050000000000000044
2016-09-07,-0.016520107657165172,-0.016608043085536785,0.17587085674322872,8.793542837161436e-05,10,0.95,0.050000000000000044
2016-09-08,-0.06515252892116923,-0.06532264598707414,0.3402341318098348,0.0001701170659049174,10,0.9500000000000002,0.04999999999999982
2016-09-09,0.01803579932531707,0.017950366969119096,0.17086471239594497,8.543235619797249e-05,10,0.9499999999999998,0.050000000000000155
2016-09-12,-0.05066441845236935,-0.05074438587712721,0.15993484951571113,7.996742475785557e-05,10,0.9499999999999998,0.050000000000000155
2016-09-13,0.008973593785869611,0.008873157276414443,0.20087301891033651,0.00010043650945516826,10,0.95,0.050000000000000044
2016-09-14,0.010886914056861974,0.0107951307886441,0.18356653643574944,9.178326821787472e-05,10,0.9499999999999998,0.050000000000000155
2016-09-15,-0.01409651641241232,-0.014180576063045347,0.16811930126605518,8.405965063302759e-05,10,0.95,0.050000000000000044
2016-09-16,0.0017367144985129428,0.0017174094798206392,0.03861003738460732,1.9305018692303658e-05,10,0.95,0.050000000000000044
2016-09-19,0.002725719429625976,0.0026323458981226387,0.18674706300667454,9.337353150333728e-05,10,0.9499999999999998,0.050000000000000155
2016-09-20,0.03967251085987502,0.039646260853712846,0.052500012324347964,2.6250006162173983e-05,10,0.9499999999999998,0.050000000000000155
2016-09-21,-0.0034484939394596953,-0.0035276456708291503,0.15830346273890952,7.915173136945476e-05,10,0.9499999999999997,0.050000000000000266
2016-09-22,-0.01117542563777082,-0.011263424613834377,0.17599795212711344,8.799897606355673e-05,10,0.9500000000000003,0.04999999999999971
2016-09-23,-0.016655744832100302,-0.01676982727904869,0.22816489389677994,0.00011408244694838997,10,0.9500000000000002,0.04999999999999982
2016-09-26,-0.00019637304972871888,-0.0002112626465522472,0.029779193647056626,1.4889596823528313e-05,10,0.9499999999999997,0.050000000000000266
2016-09-27,0.02837547469306922,0.02835766949554337,0.03561039505170577,1.7805197525852886e-05,10,0.9500000000000001,0.04999999999999993
2016-09-28,-0.010377435208928847,-0.010392371903158386,0.02987338845907625,1.4936694229538125e-05,10,0.95,0.050000000000000044
2016-09-29,-0.004649680335567388,-0.004692750235868961,0.08613980060314648,4.306990030157324e-05,10,0.9499999999999997,0.050000000000000266
2016-09-30,-0.012688127881413658,-0.0127799448116259,0.18363386042448518,9.181693021224259e-05,10,0.9500000000000002,0.04999999999999982
2016-10-03,-0.024586311938503486,-0.02467278543815841,0.1729469993098503,8.647349965492515e-05,10,0.9499999999999997,0.050000000000000266
2016-10-04,-0.009791414118204394,-0.00989530321097558,0.20777818554237126,0.00010388909277118564,10,0.9499999999999998,0.050000000000000155
2016-10-05,0.00035393811693379895,0.0002735803438486701,0.16071554617025763,8.035777308512882e-05,10,0.9500000000000001,0.04999999999999993
2016-10-06,0.007330472278566979,0.007304309148110459,0.052326260913038866,2.6163130456519434e-05,10,0.9499999999999998,0.050000000000000155
2016-10-07,0.025887877224419164,0.025805837437712545,0.1640795734132356,8.20397867066178e-05,10,0.95,0.050000000000000044
2016-10-10,-0.02244583287427952,-0.02254397676501763,0.19628778147621812,9.814389073810906e-05,10,0.9500000000000001,0.04999999999999993
2016-10-11,-0.004586238748203878,-0.004606053601892762,0.03962970737776916,1.981485368888458e-05,10,0.9500000000000001,0.04999999999999993
2016-10-12,0.005651592002589511,0.005626693815298917,0.04979637458118712,2.4898187290593558e-05,10,0.9500000000000001,0.04999999999999993
2016-10-13,-0.005425657460288119,-0.005516815469237485,0.1823160178987337,9.115800894936685e-05,10,0.9499999999999997,0.050000000000000266
2016-10-14,0.010893542837020636,0.010809452302247004,0.16818106954726353,8.409053477363177e-05,10,0.95,0.050000000000000044
2016-10-17,0.025597601516039552,0.02550657936200491,0.18204430806928634,9.102215403464318e-05,10,0.9500000000000002,0.04999999999999982
2016-10-18,0.015214992928891332,0.015129559798995018,0.1708662597926266,8.54331298963133e-05,10,0.9500000000000001,0.04999999999999993
2016-10-19,0.014542618110160985,0.014426029222240079,0.23317777584181348,0.00011658888792090674,10,0.9500000000000001,0.04999999999999993
2016-10-20,3.048995463001314e-05,-7.885998355790061e-05,0.2186998763758275,0.00010934993818791375,10,0.9500000000000002,0.04999999999999982
2016-10-21,0.009175050088166652,0.008991100589496703,0.36789899733989606,0.00018394949866994804,10,0.9500000000000001,0.04999999999999993
2016-10-24,-0.0028453890925986174,-0.0029306414015363366,0.17050461787543805,8.525230893771902e-05,10,0.9499999999999997,0.050000000000000266
2016-10-25,-0.02746701307219507,-0.027484071284504953,0.034116424619763205,1.7058212309881605e-05,10,0.9499999999999997,0.050000000000000266
2016-10-26,-0.027877750680558255,-0.027978429079845688,0.2013567985748655,0.00010067839928743275,10,0.9500000000000001,0.04999999999999993
2016-10-27,0.001967920112651013,0.001908995208187674,0.11784980892667758,5.892490446333879e-05,10,0.95,0.050000000000000044
2016-10-28,0.0042936181758056,0.004210018619684789,0.16719911224162254,8.359955612081128e-05,10,0.95,0.050000000000000044
2016-10-31,-0.004935814598978778,-0.0050639326353631945,0.25623607276883303,0.0001281180363844165,10,0.95,0.050000000000000044
2016-11-01,-0.059283211300244484,-0.05934684241046599,0.1272622204430171,6.363111022150856e-05,10,0.95,0.050000000000000044
2016-11-02,-0.0356109236218158,-0.035728186432306686,0.23452562098176616,0.00011726281049088308,10,0.9500000000000001,0.04999999999999993
2016-11-03,0.030602470539801415,0.030467527266685644,0.2698865462315424,0.0001349432731157712,10,0.95,0.050000000000000044
2016-11-04,0.01661309407337247,0.016604389315238936,0.017409516267068464,8.704758133534233e-06,10,0.9499999999999997,0.050000000000000266
2016-11-07,-0.0057154375896140185,-0.005753670922495181,0.07646666576232442,3.823333288116221e-05,10,0.95,0.050000000000000044
2016-11-08,0.013352673823150958,0.013262555078598273,0.18023748910537055,9.011874455268527e-05,10,0.9500000000000001,0.04999999999999993
2016-11-09,-0.04995200218316836,-0.04997933693400438,0.054669501672041626,2.7334750836020812e-05,10,0.9500000000000001,0.04999999999999993
2016-11-10,-0.013494153070170755,-0.013534875863088965,0.08144558583642211,4.072279291821106e-05,10,0.9500000000000001,0.04999999999999993
2016-11-11,-0.00915447354981742,-0.009183596867570367,0.05824663550589128,2.9123317752945638e-05,10,0.9499999999999998,0.050000000000000155
2016-11-14,0.016627160745516047,0.0165966020498705,0.061117391291094725,3.0558695645547366e-05,10,0.9499999999999998,0.050000000000000155
2016-11-15,-0.005636861941825346,-0.005717303627354453,0.1608833710582135,8.044168552910675e-05,10,0.95,0.050000000000000044
2016-11-16,0.011228710957972643,0.011131612060317164,0.1941977953109582,9.709889765547911e-05,10,0.9499999999999998,0.050000000000000155
2016-11-17,-0.00027791153511043127,-0.0003005858783478893,0.04534868647491608,2.2674343237458038e-05,10,0.95,0.050000000000000044
2016-11-18,0.032069984774070415,0.03196520818960556,0.2095531689296985,0.00010477658446484925,10,0.9499999999999998,0.050000000000000155
2016-11-21,0.07357569427299372,0.07338413448372658,0.3831195785342863,0.00019155978926714315,10,0.9499999999999998,0.050000000000000155
2016-11-22,-0.005746526677959377,-0.005922081742771829,0.3511101296249041,0.00017555506481245207,10,0.9499999999999998,0.050000000000000155
2016-11-23,0.004294167322461731,0.0041531594725531095,0.28201569981724306,0.00014100784990862152,10,0.9499999999999997,0.050000000000000266
2016-11-25,-0.0004194665019940549,-0.0005350607279492821,0.23118845191045434,0.00011559422595522718,10,0.95,0.050000000000000044
2016-11-28,-0.010387240320035946,-0.010529745710977693,0.28501078188349316,0.00014250539094174658,10,0.95,0.050000000000000044
2016-11-29,-0.0038577449610599623,-0.003937747831773927,0.16000574142792884,8.000287071396441e-05,10,0.95,0.050000000000000044
2016-11-30,-0.053910829573508554,-0.053925511574046216,0.029364001075325573,1.4682000537662787e-05,10,0.9500000000000001,0.04999999999999993
2016-12-01,0.016780915153910617,0.01674525321789453,0.07132387203217366,3.566193601608683e-05,10,0.95,0.050000000000000044
2016-12-02,0.019030423160973295,0.018998313132789133,0.06422005636832238,3.211002818416119e-05,10,0.95,0.050000000000000044
2016-12-05,0.024020000707044034,0.023979562681219712,0.08087605164864263,4.0438025824321314e-05,10,0.95,0.050000000000000044
2016-12-06,0.02206574438920225,0.022044399824395003,0.04268912961448801,2.1344564807244005e-05,10,0.95,0.050000000000000044
2016-12-07,-0.004694591296529401,-0.00479229010113273,0.19539760920665705,9.769880460332853e-05,10,0.9500000000000001,0.04999999999999993
2016-12-08,-0.04296163296678948,-0.04304405579867797,0.16484566377697113,8.242283188848557e-05,10,0.9500000000000001,0.04999999999999993
2016-12-09,0.011077651014746628,0.010948416112197374,0.2584698050985094,0.00012923490254925472,10,0.9499999999999997,0.050000000000000266
2016-12-12,-0.036286606686444636,-0.03640886668780633,0.2445200027233959,0.00012226000136169796,10,0.9500000000000002,0.04999999999999982
2016-12-13,-0.021746903199362587,-0.021849958582136036,0.20611076554689806,0.00010305538277344903,10,0.9499999999999997,0.050000000000000266
2016-12-14,0.016923873487555672,0.016876353594249643,0.09503978661205953,4.7519893306029764e-05,10,0.95,0.050000000000000044
2016-12-15,-0.016822495830714,-0.01690679774928615,0.1686038371442995,8.430191857214975e-05,10,0.9500000000000002,0.04999999999999982
2016-12-16,-0.019902489692199665,-0.01998365243982877,0.1623254952582131,8.116274762910655e-05,10,0.9499999999999997,0.050000000000000266
2016-12-19,0.02257544900283629,0.022465727171494077,0.21944366268442853,0.00010972183134221427,10,0.95,0.050000000000000044
2016-12-20,-0.0028633860002247836,-0.0029534187051720533,0.18006540989453904,9.003270494726953e-05,10,0.95,0.050000000000000044
2016-12-21,-0.03334149773025949,-0.033423840538517574,0.1646856165161683,8.234280825808415e-05,10,0.9499999999999997,0.050000000000000266
2016-12-22,0.0021588599569010085,0.0019750157199346437,0.3676884739327293,0.00018384423696636465,10,0.95,0.050000000000000044
2016-12-23,-0.015948541605832547,-0.01603865100115249,0.18021879063987944,9.010939531993972e-05,10,0.9500000000000001,0.04999999999999993
2016-12-27,-0.0028688197149985004,-0.0028906277116020227,0.04361599320704465,2.1807996603522326e-05,10,0.9500000000000001,0.04999999999999993
2016-12-28,-0.00919072058595166,-0.00928080779238084,0.18017441285836155,9.008720642918078e-05,10,0.9499999999999998,0.050000000000000155
2016-12-29,-0.02123109169657189,-0.02125389158905076,0.04559978495773939,2.2799892478869697e-05,10,0.9499999999999998,0.050000000000000155
2016-12-30,0.02905869752970939,0.029028286723116976,0.06082161318482339,3.0410806592411696e-05,10,0.9500000000000003,0.04999999999999971
2017-01-03,0.014641338288276585,0.01461119758018654,0.060281416180090266,3.0140708090045135e-05,10,0.9499999999999998,0.050000000000000155
2017-01-04,0.012552801668194445,0.01245596108205432,0.19368117228025172,9.684058614012586e-05,10,0.95,0.050000000000000044
2017-01-05,-0.019077392337630672,-0.01916761599879433,0.1804473223273144,9.02236611636572e-05,10,0.9500000000000001,0.04999999999999993
2017-01-06,-0.022651595319760028,-0.022818809622247697,0.33442860497533494,0.00016721430248766748,10,0.95,0.050000000000000044
2017-01-09,0.013587126450727807,0.013562159586157363,0.04993372914088917,2.4966864570444585e-05,10,0.95,0.050000000000000044
2017-01-10,0.05034868964888993,0.050258621831931964,0.18013563391593113,9.006781695796557e-05,10,0.9499999999999998,0.050000000000000155
2017-01-11,0.02720563994833372,0.027110090297053545,0.1910993025603491,9.554965128017456e-05,10,0.9499999999999998,0.050000000000000155
2017-01-12,0.01839675523298788,0.01829958240726874,0.19434565143827576,9.717282571913788e-05,10,0.9499999999999998,0.050000000000000155
2017-01-13,-0.028323260843211604,-0.02842330073858541,0.20007979074761412,0.00010003989537380706,10,0.95,0.050000000000000044
2017-01-17,0.0026302138212823956,0.00253668204780331,0.18706354695817085,9.353177347908542e-05,10,0.9500000000000002,0.04999999999999982
2017-01-18,-0.010295756142285459,-0.01038710881943238,0.18270535429384366,9.135267714692183e-05,10,0.9499999999999998,0.050000000000000155
2017-01-19,-0.047418200894081386,-0.047456431615408905,0.07646144265504125,3.823072132752063e-05,10,0.9499999999999998,0.050000000000000155
2017-01-20,0.01225961003254947,0.012221453118997371,0.07631382710419894,3.815691355209947e-05,10,0.95,0.050000000000000044
2017-01-23,0.04321707996741522,0.04317593098725229,0.08229796032586738,4.114898016293369e-05,10,0.95,0.050000000000000044
2017-01-24,0.0021177658207847134,0.0020866786799694456,0.06217428163053562,3.1087140815267814e-05,10,0.9500000000000001,0.04999999999999993
2017-01-25,0.009089767654203464,0.009056857480318993,0.06582034776894355,3.291017388447178e-05,10,0.9499999999999997,0.050000000000000266
2017-01-26,0.010066394541482398,0.009895551596107341,0.34168589075011224,0.0001708429453750561,10,0.9499999999999998,0.050000000000000155
2017-01-27,-0.015565760206394002,-0.01566365843877261,0.19579646475721454,9.789823237860727e-05,10,0.9499999999999998,0.050000000000000155
2017-01-30,-0.00045110751197749996,-0.0006214090677571612,0.34060311155932244,0.00017030155577966123,10,0.9499999999999998,0.050000000000000155
2017-01-31,0.02318170850681711,0.02308200996073249,0.19939709216924462,9.969854608462231e-05,10,0.9500000000000002,0.04999999999999982
2017-02-01,0.018211742817855234,0.018188972732506234,0.04554017069800026,2.277008534900013e-05,10,0.9500000000000001,0.04999999999999993
2017-02-02,-0.006052045590177756,-0.0060795729021447,0.055054623933888436,2.752731196694422e-05,10,0.9500000000000002,0.04999999999999982
2017-02-03,0.014881276645278144,0.014855458399417534,0.05163649172122102,2.5818245860610512e-05,10,0.95,0.050000000000000044
2017-02-06,-0.0023794424477163994,-0.0023923074901963277,0.0257300849598565,1.286504247992825e-05,10,0.9500000000000001,0.04999999999999993
2017-02-07,0.023481316070614093,0.023364759735002474,0.23311267122323726,0.00011655633561161863,10,0.9499999999999997,0.050000000000000266
2017-02-08,0.026155452082049977,0.026048274318252018,0.21435552759591914,0.00010717776379795957,10,0.9499999999999998,0.050000000000000155
2017-02-09,0.004940025554618799,0.004904916474764098,0.07021815970940141,3.510907985470071e-05,10,0.9500000000000001,0.04999999999999993
2017-02-10,0.010230035784598102,0.010187396284032873,0.0852790011304573,4.2639500565228654e-05,10,0.95,0.050000000000000044
2017-02-13,-0.009395238676035157,-0.009622713318615637,0.4549492851609602,0.00022747464258048012,10,0.9500000000000002,0.04999999999999982
2017-02-14,-0.0018804553331417014,-0.0020411761471026226,0.3214416279218423,0.00016072081396092115,10,0.9499999999999998,0.050000000000000155
2017-02-15,-0.020819466827104244,-0.02090931602904343,0.1796984038783725,8.984920193918625e-05,10,0.95,0.050000000000000044
2017-02-16,0.0029571303555537922,0.002802716695333474,0.3088273204406359,0.00015441366022031795,10,0.9500000000000002,0.04999999999999982
2017-02-17,-0.010142169799150173,-0.010298877820432699,0.3134160425650512,0.0001567080212825256,10,0.95,0.050000000000000044
2017-02-21,0.001704528602516732,0.0015746520116248519,0.2597531817837603,0.00012987659089188015,10,0.95,0.050000000000000044
2017-02-22,-0.008366650201364931,-0.008466861243131589,0.20042208353331376,0.00010021104176665689,10,0.9500000000000001,0.04999999999999993
2017-02-23,-0.027428101140649086,-0.027518844112480602,0.1814859436630331,9.074297183151655e-05,10,0.9499999999999997,0.050000000000000266
2017-02-24,-0.019776490345946477,-0.01979888641438267,0.0447921368723865,2.239606843619325e-05,10,0.95,0.050000000000000044
2017-02-27,-0.015673240060329923,-0.015687287759822574,0.028095398985299107,1.4047699492649554e-05,10,0.9500000000000001,0.04999999999999993
2017-02-28,0.04164164594119733,0.04156581636157723,0.15165915924020945,7.582957962010473e-05,10,0.9499999999999997,0.050000000000000266
2017-03-01,-0.048306295468584,-0.04837091992657141,0.1292489159748254,6.462445798741271e-05,10,0.9499999999999998,0.050000000000000155
2017-03-02,0.012887085241736986,0.012647752254166148,0.4786659751416739,0.00023933298757083696,10,0.9499999999999998,0.050000000000000155
2017-03-03,-0.008220170192613615,-0.00838559134842054,0.33084231161385014,0.00016542115580692507,10,0.95,0.050000000000000044
2017-03-06,-0.01506519605127413,-0.015172657059719052,0.2149220168898445,0.00010746100844492224,10,0.9499999999999998,0.050000000000000155
2017-03-07,-0.015394153460540443,-0.015420762386488622,0.053217851896357984,2.660892594817899e-05,10,0.9499999999999997,0.050000000000000266
2017-03-08,-0.008317991544962188,-0.008453465899325935,0.27094870872749355,0.00013547435436374677,10,0.9500000000000001,0.04999999999999993
2017-03-09,0.0033302866960983287,0.0032415531500877945,0.17746709202106845,8.873354601053422e-05,10,0.9500000000000001,0.04999999999999993
2017-03-10,0.012333948168487647,0.012255761716010012,0.1563729049552693,7.818645247763465e-05,10,0.9500000000000002,0.04999999999999982
2017-03-13,-0.018268836025069193,-0.018360058719807632,0.18244538947687886,9.122269473843943e-05,10,0.9499999999999997,0.050000000000000266
2017-03-14,0.03655402820329252,0.03645354970315325,0.20095700027852875,0.00010047850013926438,10,0.95,0.050000000000000044
2017-03-15,-0.015210427573034405,-0.015241223434534061,0.06159172299931149,3.0795861499655745e-05,10,0.9500000000000001,0.04999999999999993
2017-03-16,-0.0016732575295939404,-0.001746874014082729,0.14723296897757704,7.361648448878852e-05,10,0.9500000000000002,0.04999999999999982
2017-03-17,-0.003465966370873515,-0.0036042677325021253,0.2766027232572204,0.0001383013616286102,10,0.9500000000000001,0.04999999999999993
2017-03-20,-0.040347664892657065,-0.04046681368350151,0.238297581688894,0.00011914879084444701,10,0.9499999999999997,0.050000000000000266
2017-03-21,0.019717300390481012,0.019697477684816223,0.03964541132957625,1.9822705664788123e-05,10,0.9500000000000001,0.04999999999999993
2017-03-22,0.0025895802664690965,0.0023965976449117038,0.38596524311478514,0.00019298262155739257,10,0.9499999999999997,0.050000000000000266
2017-03-23,0.01330118210132509,0.013161018317777266,0.2803275670956471,0.00014016378354782355,10,0.9500000000000002,0.04999999999999982
2017-03-24,0.004555569004235387,0.004479062136068005,0.1530137363347651,7.650686816738255e-05,10,0.9500000000000003,0.04999999999999971
2017-03-27,-0.006653525860260962,-0.006840256238224784,0.37346075592764444,0.0001867303779638222,10,0.9500000000000001,0.04999999999999993
2017-03-28,8.677872920021402e-05,1.5538490578321997e-05,0.14248047724378404,7.124023862189202e-05,10,0.9500000000000002,0.04999999999999982
2017-03-29,-0.0010608646716550724,-0.001194249165488297,0.2667689876664493,0.00013338449383322465,10,0.9499999999999997,0.050000000000000266
2017-03-30,0.012829982680716393,0.012755269106264108,0.14942714890457087,7.471357445228544e-05,10,0.95,0.050000000000000044
2017-03-31,-0.005382485048084413,-0.0054828073850964505,0.20064467402407365,0.00010032233701203683,10,0.9499999999999998,0.050000000000000155
2017-04-03,0.02210234381729267,0.02206269076421581,0.07930610615372179,3.9653053076860894e-05,10,0.9499999999999998,0.050000000000000155
2017-04-04,-0.010968590859213274,-0.01103731926702347,0.13745681562039067,6.872840781019533e-05,10,0.9500000000000001,0.04999999999999993
2017-04-05,-0.0068178497707800925,-0.00689605937108833,0.15641920061647488,7.820960030823744e-05,10,0.95,0.050000000000000044
2017-04-06,-0.004060292648482443,-0.004086409473855341,0.05223365074579575,2.6116825372897875e-05,10,0.9499999999999996,0.05000000000000038
2017-04-07,-0.0018813245686125021,-0.001956982794140392,0.15131645105577973,7.565822552788987e-05,10,0.95,0.050000000000000044
2017-04-10,0.008043751070858958,0.00796899741251235,0.14950731669321557,7.475365834660779e-05,10,0.9500000000000002,0.04999999999999982
2017-04-11,-0.013943570599514968,-0.014014188583613214,0.14123596819649262,7.061798409824631e-05,10,0.9500000000000001,0.04999999999999993
2017-04-12,0.02270153040150589,0.02241454779423157,0.5739652145486354,0.00028698260727431766,10,0.9500000000000001,0.04999999999999993
2017-04-13,0.0036908813896393117,0.0035992570328199076,0.18324871363880807,9.162435681940404e-05,10,0.9500000000000001,0.04999999999999993
2017-04-17,-0.0014691107062069567,-0.0014841253076983258,0.03002920298273809,1.5014601491369045e-05,10,0.9499999999999997,0.050000000000000266
2017-04-18,-0.010704834627797671,-0.010856644415884645,0.30361957617394725,0.00015180978808697362,10,0.95,0.050000000000000044
2017-04-19,0.001495647837376392,0.001447060072886776,0.09717552897923216,4.858776448961608e-05,10,0.9499999999999998,0.050000000000000155
2017-04-20,-0.010665591223610117,-0.010743615066404772,0.15604768558931023,7.802384279465512e-05,10,0.9499999999999998,0.050000000000000155
2017-04-21,0.020501934755070426,0.020417472049340583,0.16892541145968376,8.446270572984188e-05,10,0.9500000000000001,0.04999999999999993
2017-04-24,0.0156896287594962,0.015629759974880805,0.11973756923078928,5.986878461539464e-05,10,0.95,0.050000000000000044
2017-04-25,-0.007695632698288989,-0.0077347770518753035,0.07828870717262819,3.9144353586314094e-05,10,0.9499999999999998,0.050000000000000155
2017-04-26,0.009793992929451779,0.009766981518702913,0.054022821497731355,2.701141074886568e-05,10,0.9500000000000001,0.04999999999999993
2017-04-27,0.00014622966476117373,6.066545132625014e-05,0.1711284268698472,8.55642134349236e-05,10,0.95,0.050000000000000044
2017-04-28,0.014203700749724782,0.014120610836354654,0.1661798267402559,8.308991337012795e-05,10,0.95,0.050000000000000044
2017-05-01,-0.03174605746461654,-0.03182782856133646,0.1635421934398392,8.17710967199196e-05,10,0.95,0.050000000000000044
2017-05-02,-0.005733284350085082,-0.0058091373676641776,0.15170603515818948,7.585301757909474e-05,10,0.9499999999999998,0.050000000000000155
2017-05-03,-0.007962142901282927,-0.007986509848845635,0.04873389512541597,2.4366947562707986e-05,10,0.9499999999999998,0.050000000000000155
2017-05-04,0.042730820435123024,0.042628139571616444,0.20536172701315597,0.00010268086350657798,10,0.95,0.050000000000000044
2017-05-05,-0.0041949483822511105,-0.004241713878423634,0.09353099234504764,4.676549617252382e-05,10,0.95,0.050000000000000044
2017-05-08,0.01873524931763496,0.018714659537606076,0.04117956005776721,2.0589780028883606e-05,10,0.9500000000000001,0.04999999999999993
2017-05-09,0.015431277879899482,0.015340253438863265,0.18204888207243314,9.102444103621657e-05,10,0.9500000000000001,0.04999999999999993
2017-05-10,-0.006985599044103327,-0.0070800534424822655,0.18890879675787653,9.445439837893826e-05,10,0.95,0.050000000000000044
2017-05-11,0.013179252524246761,0.013082329950308377,0.19384514787676765,9.692257393838383e-05,10,0.9499999999999998,0.050000000000000155
2017-05-12,-0.003736450218880486,-0.0038292068101399386,0.18551318251890503,9.275659125945252e-05,10,0.9500000000000002,0.04999999999999982
2017-05-15,0.010891212388754134,0.010779695647857464,0.22303348179333785,0.00011151674089666892,10,0.9499999999999997,0.050000000000000266
2017-05-16,-0.05282065630268281,-0.052848828703891834,0.056344802418054424,2.8172401209027214e-05,10,0.9499999999999998,0.050000000000000155
2017-05-17,-0.02705550708930261,-0.027134447633129312,0.15788108765340492,7.894054382670246e-05,10,0.9499999999999998,0.050000000000000155
2017-05-18,0.008346608828095532,0.008327093236041314,0.03903118410843488,1.9515592054217442e-05,10,0.9500000000000002,0.04999999999999982
2017-05-19,0.006767235526438067,0.0067521490973082195,0.030172858259694846,1.5086429129847423e-05,10,0.9499999999999998,0.050000000000000155
2017-05-22,-0.001793691138502592,-0.0018708156504151717,0.15424902382515931,7.712451191257966e-05,10,0.95,0.050000000000000044
2017-05-23,0.02061648515647884,0.020592877978980587,0.047214354996510347,2.3607177498255175e-05,10,0.9500000000000001,0.04999999999999993
2017-05-24,-0.00031514902361681307,-0.00033963603187507787,0.048974016516529606,2.4487008258264804e-05,10,0.9499999999999998,0.050000000000000155
2017-05-25,0.01492204187266919,0.014907188178964111,0.02970738741016017,1.4853693705080085e-05,10,0.9499999999999997,0.050000000000000266
2017-05-26,-0.013163586039735192,-0.013205816560788116,0.08446104210584818,4.223052105292409e-05,10,0.9500000000000001,0.04999999999999993
2017-05-30,0.0177230721694524,0.017636183509034717,0.17377732083536748,8.688866041768374e-05,10,0.9500000000000001,0.04999999999999993
2017-05-31,0.003267430864565778,0.0032446329206514426,0.04559588782867044,2.279794391433522e-05,10,0.95,0.050000000000000044
2017-06-01,0.008487235100298514,0.00832571384119996,0.3230425181971073,0.00016152125909855365,10,0.9500000000000001,0.04999999999999993
2017-06-02,-0.015804668679521974,-0.015898938414465453,0.18853946988695397,9.426973494347698e-05,10,0.9499999999999997,0.050000000000000266
2017-06-05,0.00819654341501969,0.00817876505779323,0.03555671445291793,1.7778357226458966e-05,10,0.9499999999999998,0.050000000000000155
2017-06-06,-0.004116123405301837,-0.004146415284189226,0.06058375777477637,3.0291878887388186e-05,10,0.95,0.050000000000000044
2017-06-07,0.0012086592626485934,0.001129186752212933,0.158945020871321,7.947251043566051e-05,10,0.95,0.050000000000000044
2017-06-08,-0.04515796870997504,-0.04525156371468993,0.18719000942978622,9.359500471489311e-05,10,0.9499999999999997,0.050000000000000266
2017-06-09,-0.012524045179456222,-0.01261537620440636,0.18266204990027504,9.133102495013752e-05,10,0.95,0.050000000000000044
2017-06-12,-7.31301221663116e-05,-0.0001477446268308542,0.14922900932908517,7.461450466454259e-05,10,0.9500000000000002,0.04999999999999982
2017-06-13,-0.023750950747505956,-0.023827380588903328,0.15285968279474157,7.642984139737079e-05,10,0.95,0.050000000000000044
2017-06-14,-0.00599220453681356,-0.00609191341832703,0.1994177630269398,9.97088815134699e-05,10,0.9500000000000001,0.04999999999999993
2017-06-15,0.005728803450889694,0.005583221132702767,0.2911646363738536,0.0001455823181869268,10,0.9499999999999998,0.050000000000000155
2017-06-16,0.020443682565570893,0.020222517427539596,0.4423302760625941,0.00022116513803129706,10,0.95,0.050000000000000044
2017-06-19,-0.015664009625220066,-0.01585784423818239,0.38766922592465025,0.00019383461296232512,10,0.95,0.050000000000000044
2017-06-20,0.025519312917373745,0.025424221762417324,0.1901823099128438,9.50911549564219e-05,10,0.9500000000000002,0.04999999999999982
2017-06-21,0.002614842504990151,0.002483606809019368,0.26247139194156577,0.00013123569597078288,10,0.9500000000000001,0.04999999999999993
2017-06-22,0.014469625346333224,0.014323723487791392,0.2918037170836624,0.0001459018585418312,10,0.95,0.050000000000000044
2017-06-23,-0.02416649912896171,-0.024266902517567267,0.20080677721111537,0.00010040338860555768,10,0.95,0.050000000000000044
2017-06-26,-0.028071306153976426,-0.028170821585076944,0.19903086220103833,9.951543110051917e-05,10,0.95,0.050000000000000044
2017-06-27,0.029843410954427916,0.029822994368278347,0.04083317229913676,2.041658614956838e-05,10,0.95,0.050000000000000044
2017-06-28,-0.025137152019181357,-0.025223701485887214,0.173098933411715,8.65494667058575e-05,10,0.9500000000000002,0.04999999999999982
2017-06-29,0.009712420662614418,0.009602128370682467,0.22058458386390128,0.00011029229193195064,10,0.9500000000000001,0.04999999999999993
2017-06-30,-0.005202612946314825,-0.005218552831879166,0.03187977112868279,1.5939885564341395e-05,10,0.9500000000000002,0.04999999999999982
2017-07-03,0.009553279115290102,0.00947210208213426,0.16235406631168223,8.117703315584111e-05,10,0.9499999999999998,0.050000000000000155
2017-07-05,-0.0117306713334628,-0.011742634221144119,0.023925775362637555,1.1962887681318777e-05,10,0.9500000000000002,0.04999999999999982
2017-07-06,0.04226459562563156,0.04218589727106433,0.1573967091344685,7.869835456723424e-05,10,0.95,0.050000000000000044
2017-07-07,0.013695641902037217,0.013612958504549919,0.1653667949745981,8.268339748729905e-05,10,0.95,0.050000000000000044
2017-07-10,0.014781706946438574,0.01477111425866507,0.021185375547008098,1.0592687773504049e-05,10,0.9499999999999998,0.050000000000000155
2017-07-11,0.03167288631950588,0.03158215342223853,0.18146579453469575,9.073289726734788e-05,10,0.95,0.050000000000000044
2017-07-12,0.01947019135578114,0.01939188640970885,0.15660989214457693,7.830494607228846e-05,10,0.9499999999999998,0.050000000000000155
2017-07-13,0.01954368546099634,0.019466687828121765,0.15399526574915182,7.699763287457591e-05,10,0.9499999999999998,0.050000000000000155
2017-07-14,-0.006034364477306915,-0.0060534961745949915,0.03826339457615377,1.9131697288076885e-05,10,0.9499999999999995,0.05000000000000049
2017-07-17,0.01649166391847734,0.016476181149044967,0.030965538864743333,1.5482769432371667e-05,10,0.9499999999999998,0.050000000000000155
2017-07-18,0.00773690809723215,0.007726624365380927,0.02056746370244522,1.028373185122261e-05,10,0.9500000000000002,0.04999999999999982
2017-07-19,-0.011067963442967546,-0.011078115007206154,0.02030312847721387,1.0151564238606934e-05,10,0.95,0.050000000000000044
2017-07-20,0.00698195481844925,0.006901507544070782,0.16089454875693562,8.044727437846782e-05,10,0.9499999999999998,0.050000000000000155
2017-07-21,0.024976325831151974,0.0248862271368629,0.18019738857815104,9.009869428907552e-05,10,0.9500000000000002,0.04999999999999982
2017-07-24,-0.012302556860727272,-0.012381457854693408,0.15780198793227473,7.890099396613736e-05,10,0.95,0.050000000000000044
2017-07-25,0.021391109013692004,0.021232393572671003,0.31743088204200526,0.00015871544102100262,10,0.9500000000000002,0.04999999999999982
2017-07-26,-0.02997778527194778,-0.03000977202213178,0.06397350036799758,3.198675018399879e-05,10,0.9500000000000001,0.04999999999999993
2017-07-27,-0.0033525353945509572,-0.003444587769413475,0.18410474972503524,9.205237486251762e-05,10,0.95,0.050000000000000044
2017-07-28,-0.011709287334399843,-0.011806237436781922,0.1939002047641567,9.695010238207836e-05,10,0.9500000000000002,0.04999999999999982
2017-07-31,0.007015960214416729,0.006917613776773251,0.1966928752869557,9.834643764347785e-05,10,0.9500000000000002,0.04999999999999982
2017-08-01,-0.028341206761873947,-0.028358660697264206,0.034907870780519296,1.7453935390259647e-05,10,0.95,0.050000000000000044
2017-08-02,0.00044071520437336616,0.0004206133582272724,0.040203692292187496,2.010184614609375e-05,10,0.9500000000000001,0.04999999999999993
2017-08-03,-0.059563047757962104,-0.059584424606315765,0.04275369670731807,2.1376848353659037e-05,10,0.9499999999999998,0.050000000000000155
2017-08-04,0.03244823966116847,0.032276067334125726,0.34434465408549525,0.00017217232704274762,10,0.9499999999999998,0.050000000000000155
2017-08-07,0.01104456653581842,0.010869296148100891,0.3505407754350569,0.00017527038771752846,10,0.9499999999999996,0.05000000000000038
2017-08-08,-0.006734850226562113,-0.006754775126487011,0.039849799849794726,1.9924899924897363e-05,10,0.95,0.050000000000000044
2017-08-09,-0.053523569864916604,-0.05361567666774996,0.1842136056667198,9.21068028333599e-05,10,0.9500000000000001,0.04999999999999993
2017-08-10,0.0067007501826212715,0.006677903373125044,0.04569361899245612,2.2846809496228063e-05,10,0.95,0.050000000000000044
2017-08-11,0.032416147357824034,0.03239111486817323,0.05006497930160664,2.503248965080332e-05,10,0.95,0.050000000000000044
2017-08-14,-0.0013882859945020156,-0.0014796302895551006,0.18268859010616983,9.134429505308492e-05,10,0.9499999999999998,0.050000000000000155
2017-08-15,-0.008216658418219438,-0.008229738876071601,0.026160915704324522,1.308045785216226e-05,10,0.9499999999999998,0.050000000000000155
2017-08-16,-0.015322810960966627,-0.015481220094728722,0.3168182675241893,0.00015840913376209464,10,0.9500000000000001,0.04999999999999993
2017-08-17,0.002780015006432526,0.002621521677883161,0.3169866570987306,0.0001584933285493653,10,0.95,0.050000000000000044
2017-08-18,-0.010990765730145699,-0.011003980191549877,0.026428922808354516,1.3214461404177258e-05,10,0.95,0.050000000000000044
2017-08-21,0.022731430947679432,0.022650888978947296,0.161083937464272,8.0541968732136e-05,10,0.95,0.050000000000000044
2017-08-22,0.013551941636208792,0.013470538351406446,0.16280656960469264,8.140328480234632e-05,10,0.95,0.050000000000000044
2017-08-23,3.977799694424456e-05,-3.872376075492863e-05,0.1570035153983464,7.850175769917319e-05,10,0.9499999999999998,0.050000000000000155
2017-08-24,-0.013214812603296537,-0.013435430710685991,0.4412362147789069,0.00022061810738945346,10,0.9500000000000001,0.04999999999999993
2017-08-25,0.013676073556428631,0.013521063888259743,0.310019336337775,0.00015500966816888752,10,0.95,0.050000000000000044
2017-08-28,0.006245974401193239,0.006162381672493494,0.16718545739948978,8.35927286997449e-05,10,0.9499999999999998,0.050000000000000155
2017-08-29,0.0062297383848960025,0.006212232248467268,0.03501227285746887,1.7506136428734437e-05,10,0.9499999999999997,0.050000000000000266
2017-08-30,0.006673158674234783,0.006454560087874496,0.4371971727205747,0.00021859858636028733,10,0.9499999999999997,0.050000000000000266
2017-08-31,0.009912083765216299,0.009824171132266763,0.17582526589907244,8.791263294953622e-05,10,0.9500000000000002,0.04999999999999982
2017-09-01,-0.018838700027049196,-0.01899277501824289,0.3081499823873841,0.00015407499119369207,10,0.9500000000000001,0.04999999999999993
2017-09-05,0.005309011891144559,0.0051491153916991585,0.3197929988908014,0.00015989649944540073,10,0.95,0.050000000000000044
2017-09-06,-0.0037440602828908193,-0.0038449897982395223,0.20185903069740607,0.00010092951534870304,10,0.9500000000000001,0.04999999999999993
2017-09-07,-0.0017282669672170172,-0.0019106236144846838,0.3647132945353334,0.0001823566472676667,10,0.9499999999999998,0.050000000000000155
2017-09-08,0.01319938265039059,0.013098187585594126,0.20239012959292618,0.0001011950647964631,10,0.95,0.050000000000000044
2017-09-11,-0.0030838250961316965,-0.003185210192965466,0.20277019366753948,0.00010138509683376974,10,0.95,0.050000000000000044
2017-09-12,0.024733246380998226,0.02462359436822881,0.2193040255388307,0.00010965201276941534,10,0.95,0.050000000000000044
2017-09-13,-0.015612070903079612,-0.01570579201781419,0.18744222946915848,9.372111473457924e-05,10,0.95,0.050000000000000044
2017-09-14,0.003946465889198857,0.003843764736180741,0.20540230603623108,0.00010270115301811554,10,0.95,0.050000000000000044
2017-09-15,0.027888709204873696,0.02769665357646195,0.3841112568234958,0.0001920556284117479,10,0.9500000000000001,0.04999999999999993
2017-09-18,0.01905750623846422,0.01895125115581961,0.21251016528921687,0.00010625508264460843,10,0.9499999999999997,0.050000000000000266
2017-09-19,-0.00917143589114476,-0.009265314058432703,0.18775633457588514,9.387816728794257e-05,10,0.9499999999999998,0.050000000000000155
2017-09-20,-0.011859928868288608,-0.011887407828933627,0.05495792129003792,2.747896064501896e-05,10,0.95,0.050000000000000044
2017-09-21,-0.006716705896638984,-0.006808049196754832,0.18268660023169506,9.134330011584753e-05,10,0.9499999999999997,0.050000000000000266
2017-09-22,-0.015728977116652013,-0.01583079700960014,0.20363978589625506,0.00010181989294812753,10,0.95,0.050000000000000044
2017-09-25,0.005271578474965577,0.005244042636454528,0.05507167702209882,2.7535838511049413e-05,10,0.9499999999999998,0.050000000000000155
2017-09-26,0.028488023615580085,0.028468074960090167,0.03989731097983941,1.9948655489919704e-05,10,0.95,0.050000000000000044
2017-09-27,0.0014267125118672336,0.00140385852021264,0.045707983309187544,2.2853991654593774e-05,10,0.9499999999999998,0.050000000000000155
2017-09-28,0.003923983743328619,0.003909268307091286,0.029430872474665817,1.471543623733291e-05,10,0.9500000000000002,0.04999999999999982
2017-09-29,-0.007112500451793934,-0.007208658749969634,0.1923165963513997,9.615829817569985e-05,10,0.95,0.050000000000000044
2017-10-02,-0.0011564779332156319,-0.0013390925518160467,0.36522923720082945,0.00018261461860041473,10,0.9500000000000002,0.04999999999999982
2017-10-03,0.0048534487661059545,0.004680322260885379,0.3462530104411501,0.00017312650522057505,10,0.95,0.050000000000000044
2017-10-04,-0.015341357965031529,-0.015513480046197152,0.3442441623312455,0.00017212208116562276,10,0.9499999999999997,0.050000000000000266
2017-10-05,-0.014806400856316824,-0.014992399199037018,0.37199668544038894,0.00018599834272019447,10,0.9500000000000002,0.04999999999999982
2017-10-06,0.02368975469617655,0.023672021298002093,0.035466796348918375,1.7733398174459188e-05,10,0.9499999999999997,0.050000000000000266
2017-10-09,-0.0125213879139541,-0.012603770604261308,0.16476538061441742,8.238269030720872e-05,10,0.9500000000000001,0.04999999999999993
2017-10-10,0.0005596236559874806,0.0004670070167021308,0.18523327857069954,9.261663928534978e-05,10,0.9499999999999997,0.050000000000000266
2017-10-11,-0.019994672178402777,-0.020010525574629925,0.031706792454293864,1.5853396227146934e-05,10,0.9500000000000001,0.04999999999999993
2017-10-12,-0.008372956324684756,-0.008463350733328066,0.18078881728662116,9.039440864331058e-05,10,0.95,0.050000000000000044
2017-10-13,0.009889437372592916,0.009800429884770869,0.17801497564409546,8.900748782204773e-05,10,0.9500000000000001,0.04999999999999993
2017-10-16,-0.015504342534843365,-0.015600501977620876,0.19231888555502125,9.615944277751062e-05,10,0.9500000000000001,0.04999999999999993
2017-10-17,-0.00025466530080686255,-0.00035092610857940685,0.19252161554508862,9.626080777254432e-05,10,0.95,0.050000000000000044
2017-10-18,-0.004631818544487731,-0.004728236942867636,0.19283679675980936,9.641839837990468e-05,10,0.95,0.050000000000000044
2017-10-19,0.0013005305622239098,0.001200045621165344,0.20096988211713146,0.00010048494105856573,10,0.95,0.050000000000000044
2017-10-20,-0.005014468071105756,-0.005105047696899328,0.18115925158714385,9.057962579357193e-05,10,0.95,0.050000000000000044
2017-10-23,0.009609375753728297,0.00936690135874116,0.48494878997427227,0.00024247439498713613,10,0.95,0.050000000000000044
2017-10-24,-0.0013045973094905768,-0.0014862637319538862,0.36333284492661877,0.00018166642246330938,10,0.9500000000000001,0.04999999999999993
2017-10-25,-0.016953169268442935,-0.017040172204143517,0.17400587140116314,8.700293570058157e-05,10,0.9499999999999998,0.050000000000000155
2017-10-26,0.0351188436024554,0.035025167651902694,0.18735190110541547,9.367595055270774e-05,10,0.95,0.050000000000000044
2017-10-27,0.00904334895034564,0.008944721582256066,0.1972547361791514,9.862736808957571e-05,10,0.95,0.050000000000000044
2017-10-30,0.009868989103621141,0.009778647869243911,0.1806824687544589,9.034123437722945e-05,10,0.95,0.050000000000000044
2017-10-31,-0.024430225629304827,-0.024455765213773042,0.051079168936431385,2.5539584468215695e-05,10,0.9499999999999998,0.050000000000000155
2017-11-01,0.02729343518569333,0.027200714698971565,0.18544097344352967,9.272048672176484e-05,10,0.9500000000000001,0.04999999999999993
2017-11-02,0.005285390111690713,0.005182111280822034,0.20655766173735945,0.00010327883086867973,10,0.9500000000000001,0.04999999999999993
2017-11-03,-0.01955813448533582,-0.019730472166274857,0.34467536187807135,0.00017233768093903568,10,0.9499999999999998,0.050000000000000155
2017-11-06,-0.01522222244982943,-0.015309378722382676,0.17431254510649324,8.715627255324662e-05,10,0.95,0.050000000000000044
2017-11-07,-0.011759345990573327,-0.011860271235792448,0.20185049043824166,0.00010092524521912083,10,0.9499999999999997,0.050000000000000266
2017-11-08,0.009012331512073205,0.008923623918940145,0.1774151862661214,8.870759313306071e-05,10,0.9500000000000002,0.04999999999999982
2017-11-09,0.03257832317213851,0.032427801530968206,0.3010432823406062,0.00015052164117030308,10,0.95,0.050000000000000044
2017-11-10,-0.02710532812848945,-0.027264729160052063,0.3188020631252242,0.0001594010315626121,10,0.9500000000000001,0.04999999999999993
2017-11-13,-0.02808381742765477,-0.02824612836149912,0.32462186768870294,0.00016231093384435147,10,0.95,0.050000000000000044
2017-11-14,0.011911559711014444,0.011871161689559673,0.08079604290954005,4.039802145477003e-05,10,0.9500000000000001,0.04999999999999993
2017-11-15,0.07555286484751739,0.0755273488241275,0.051032046779793575,2.5516023389896788e-05,10,0.95,0.050000000000000044
2017-11-16,-0.00961175555617402,-0.009708021975551163,0.19253283875428656,9.626641937714329e-05,10,0.9500000000000002,0.04999999999999982
2017-11-17,0.014520336284909683,0.014491686250558775,0.057300068701815296,2.865003435090765e-05,10,0.95,0.050000000000000044
2017-11-20,-0.0025810995358272032,-0.0026035738842688128,0.04494869688321913,2.2474348441609566e-05,10,0.9499999999999998,0.050000000000000155
2017-11-21,0.0067204343572239665,0.006691418852716021,0.05803100901589031,2.9015504507945155e-05,10,0.95,0.050000000000000044
2017-11-22,-0.004203914625449818,-0.004219937555397855,0.03204585989607471,1.6022929948037355e-05,10,0.9499999999999998,0.050000000000000155
2017-11-24,-0.01611057349027621,-0.01619857441138992,0.1760018422274165,8.800092111370825e-05,10,0.9500000000000001,0.04999999999999993
2017-11-27,0.008251217136655397,0.008231594375406258,0.039245522498276064,1.9622761249138032e-05,10,0.95,0.050000000000000044
2017-11-28,-0.024855386893491732,-0.02495626765661146,0.20176152623945792,0.00010088076311972896,10,0.95,0.050000000000000044
2017-11-29,0.02176542975771072,0.02174924670913448,0.032366097152476445,1.6183048576238224e-05,10,0.95,0.050000000000000044
2017-11-30,-0.007747506747860788,-0.007852845729972205,0.21067796422283439,0.00010533898211141719,10,0.95,0.050000000000000044
2017-12-01,-0.032022730715988615,-0.03212359493688765,0.20172844179807475,0.00010086422089903737,10,0.9500000000000002,0.04999999999999982
2017-12-04,-0.0125593964305917,-0.012669367010493421,0.21994115980344123,0.00010997057990172062,10,0.95,0.050000000000000044
2017-12-05,0.08371647437549068,0.08361371093766354,0.2055268756542738,0.0001027634378271369,10,0.9500000000000002,0.04999999999999982
2017-12-06,0.016640701009978047,0.016537407069211366,0.2065878815333631,0.00010329394076668156,10,0.9499999999999998,0.050000000000000155
2017-12-07,0.007682590901874304,0.007582234221986944,0.20071335977472118,0.00010035667988736059,10,0.9500000000000001,0.04999999999999993
2017-12-08,-0.021913850762812652,-0.02200951736314157,0.1913332006578393,9.566660032891965e-05,10,0.95,0.050000000000000044
2017-12-11,-0.013483419068925436,-0.013588011878110947,0.20918561837102148,0.00010459280918551074,10,0.95,0.050000000000000044
2017-12-12,0.01266613998785843,0.012567587562017968,0.19710485168092418,9.85524258404621e-05,10,0.9499999999999998,0.050000000000000155
2017-12-13,-0.010811037340957442,-0.01099515622355661,0.36823776519833595,0.00018411888259916797,10,0.95,0.050000000000000044
2017-12-14,0.015601630536315227,0.01549297991770578,0.21730123721889466,0.00010865061860944733,10,0.9499999999999998,0.050000000000000155
2017-12-15,-0.005080748399442319,-0.005183050078121823,0.20460335735900834,0.00010230167867950417,10,0.95,0.050000000000000044
2017-12-18,0.0013089447418597323,0.0011086269993286092,0.4006354850622462,0.0002003177425311231,10,0.9499999999999997,0.050000000000000266
2017-12-19,0.01658431086805781,0.016471940470826524,0.22474079446257378,0.0001123703972312869,10,0.9500000000000001,0.04999999999999993
2017-12-20,0.00033498777188397365,0.0002412015372570813,0.1875724692537847,9.378623462689235e-05,10,0.9499999999999998,0.050000000000000155
2017-12-21,0.025666011125138714,0.025561668563913415,0.20868512245059612,0.00010434256122529806,10,0.9500000000000002,0.04999999999999982
2017-12-22,0.0014432503299335246,0.0012729377752840546,0.3406251092989401,0.00017031255464947003,10,0.9499999999999998,0.050000000000000155
2017-12-26,0.0020703699745567503,0.0018974990009953214,0.34574194712285766,0.00017287097356142884,10,0.9500000000000001,0.04999999999999993
2017-12-27,0.013255830284444334,0.012997749378458396,0.516161811971877,0.00025808090598593856,10,0.95,0.050000000000000044
2017-12-28,-0.0206985641263583,-0.020867918558691433,0.3387088646662596,0.0001693544323331298,10,0.9500000000000001,0.04999999999999993
2017-12-29,0.023628871705025364,0.02353852939560559,0.18068461883954623,9.034230941977311e-05,10,0.9499999999999998,0.050000000000000155
2018-01-02,0.015822343973348512,0.015802192256347252,0.040303434002522745,2.0151717001261373e-05,10,0.9499999999999997,0.050000000000000266
2018-01-03,-0.006752591761851377,-0.006837782536751064,0.17038154979937448,8.519077489968724e-05,10,0.95,0.050000000000000044
2018-01-04,-0.0003491513103924238,-0.0005173088933614093,0.3363151659379711,0.00016815758296898555,10,0.9500000000000002,0.04999999999999982
2018-01-05,-0.028830294420423203,-0.028861474105017784,0.06235936918916031,3.1179684594580156e-05,10,0.9499999999999997,0.050000000000000266
2018-01-08,0.054900656767056175,0.05465098281352273,0.4993479070668857,0.00024967395353344286,10,0.95,0.050000000000000044
2018-01-09,0.009278510633008151,0.009105981113580585,0.3450590388551315,0.00017252951942756575,10,0.95,0.050000000000000044
2018-01-10,0.021635535028698475,0.021620020675111085,0.031028707174781026,1.5514353587390515e-05,10,0.95,0.050000000000000044
2018-01-11,0.030178757068633138,0.030081577898453036,0.1943583403602009,9.717917018010045e-05,10,0.9499999999999998,0.050000000000000155
2018-01-12,-0.04015925465718477,-0.04017993045356655,0.041351592763548786,2.0675796381774394e-05,10,0.9500000000000002,0.04999999999999982
2018-01-16,0.028777512790108137,0.028699773448017787,0.1554786841806954,7.77393420903477e-05,10,0.9500000000000001,0.04999999999999993
2018-01-17,0.02653342190900792,0.026508019016918783,0.05080578417827409,2.5402892089137046e-05,10,0.95,0.050000000000000044
2018-01-18,0.027692185695329222,0.027608908595578196,0.16655419950205508,8.327709975102754e-05,10,0.95,0.050000000000000044
2018-01-19,0.031239074492221467,0.031219148319376618,0.0398523456897015,1.9926172844850752e-05,10,0.9500000000000001,0.04999999999999993
2018-01-22,0.007861273915072324,0.007770207898763369,0.18213203261790992,9.106601630895496e-05,10,0.95,0.050000000000000044
2018-01-23,-0.005180941254848982,-0.005257128590175033,0.1523746706521023,7.618733532605115e-05,10,0.9500000000000001,0.04999999999999993
2018-01-24,0.000907175313937122,0.0008946306373737026,0.02508935312683888,1.2544676563419442e-05,10,0.9500000000000002,0.04999999999999982
2018-01-25,-0.008829956948671908,-0.008910426882513747,0.16093986768367743,8.046993384183871e-05,10,0.95,0.050000000000000044
2018-01-26,0.012958149582638395,0.012891406660600046,0.1334858440766954,6.67429220383477e-05,10,0.9499999999999998,0.050000000000000155
2018-01-29,0.003562177533245364,0.0035481086806147606,0.028137705261206326,1.4068852630603163e-05,10,0.9499999999999998,0.050000000000000155
2018-01-30,0.014831821412092206,0.014812866894588437,0.03790903500753642,1.895451750376821e-05,10,0.95,0.050000000000000044
2018-01-31,0.018948801324885363,0.01893684746508122,0.023907719608287872,1.1953859804143936e-05,10,0.9499999999999997,0.050000000000000266
2018-02-01,-0.014377770287693558,-0.014456992405065976,0.1584442347448341,7.922211737241705e-05,10,0.9500000000000001,0.04999999999999993
2018-02-02,-0.03633816941385535,-0.036407432194430205,0.13852556114971606,6.926278057485803e-05,10,0.9499999999999998,0.050000000000000155
2018-02-05,0.022958281907322874,0.02289112422604669,0.1343153625523641,6.715768127618204e-05,10,0.95,0.050000000000000044
2018-02-06,-0.005394482941628767,-0.005479565898208653,0.17016591315977098,8.508295657988549e-05,10,0.9500000000000002,0.04999999999999982
2018-02-07,-0.061917887145055236,-0.06207480871738424,0.3138431446580069,0.00015692157232900344,10,0.9500000000000002,0.04999999999999982
2018-02-08,-0.009961463840722006,-0.010052087303980994,0.18124692651797614,9.062346325898807e-05,10,0.9500000000000002,0.04999999999999982
2018-02-09,0.040430069036540874,0.04035616427829803,0.147809516485681,7.39047582428405e-05,10,0.9500000000000001,0.04999999999999993
2018-02-12,-0.0044328283755026565,-0.004572647442568576,0.2796381341318399,0.00013981906706591997,10,0.9499999999999998,0.050000000000000155
2018-02-13,0.03324536778213934,0.03322380912006021,0.04311732415825463,2.1558662079127314e-05,10,0.9499999999999997,0.050000000000000266
2018-02-14,0.013259798300772561,0.013239100986055378,0.041394629434364366,2.0697314717182184e-05,10,0.95,0.050000000000000044
2018-02-15,0.011539826213354969,0.011459316603085096,0.16101922053974493,8.050961026987246e-05,10,0.9499999999999997,0.050000000000000266
2018-02-16,-0.010442835100829561,-0.010464707953818746,0.043745705978369874,2.1872852989184938e-05,10,0.9500000000000001,0.04999999999999993
2018-02-20,0.00812789428430353,0.008036536630598253,0.1827153074105541,9.135765370527706e-05,10,0.9500000000000002,0.04999999999999982
2018-02-21,0.001883933592120287,0.001860421115777461,0.04702495268565195,2.3512476342825974e-05,10,0.9500000000000001,0.04999999999999993
2018-02-22,0.010210661923572987,0.010138608717780223,0.1441064115855287,7.205320579276435e-05,10,0.9499999999999997,0.050000000000000266
2018-02-23,0.013909777741661454,0.013896049529692625,0.027456423937659367,1.3728211968829684e-05,10,0.9499999999999997,0.050000000000000266
2018-02-26,-0.027052991210618146,-0.0270714331796541,0.03688393807190412,1.8441969035952062e-05,10,0.9499999999999998,0.050000000000000155
2018-02-27,-0.017219277943204627,-0.017229663726857875,0.020771567306496423,1.0385783653248212e-05,10,0.9499999999999998,0.050000000000000155
2018-02-28,-0.009831979530052834,-0.009850697964195809,0.037436868285947375,1.871843414297369e-05,10,0.9499999999999997,0.050000000000000266
2018-03-01,0.05305536711412962,0.053020684735314176,0.06936475763089196,3.468237881544598e-05,10,0.9500000000000001,0.04999999999999993
2018-03-02,0.020216096295748838,0.020181951494974707,0.06828960154825887,3.414480077412944e-05,10,0.95,0.050000000000000044
2018-03-05,-0.0076859030846584625,-0.007704020051539058,0.036233933761190905,1.8116966880595452e-05,10,0.9500000000000001,0.04999999999999993
2018-03-06,0.009218610188434952,0.009146475279236196,0.144269818397511,7.213490919875549e-05,10,0.9499999999999998,0.050000000000000155
2018-03-07,0.006962409097682027,0.006903170855259558,0.11847648484493745,5.923824242246873e-05,10,0.9499999999999998,0.050000000000000155
2018-03-08,0.03916242734144252,0.039132779091550864,0.05929649978330694,2.9648249891653473e-05,10,0.95,0.050000000000000044
2018-03-09,0.001231216392975309,0.001212022736709005,0.03838731253260774,1.919365626630387e-05,10,0.95,0.050000000000000044
2018-03-12,-0.034455026168129364,-0.0345567153724619,0.20337840866507734,0.00010168920433253868,10,0.9500000000000002,0.04999999999999982
2018-03-13,-0.01614243711638784,-0.016204836073633464,0.12479791449124816,6.239895724562408e-05,10,0.9500000000000001,0.04999999999999993
2018-03-14,-0.02178704061036279,-0.021848083848247813,0.12208647577004936,6.104323788502469e-05,10,0.9500000000000001,0.04999999999999993
2018-03-15,0.0030993615928231405,0.0030011928118186524,0.19633756200897629,9.816878100448815e-05,10,0.95,0.050000000000000044
2018-03-16,0.01625439522572544,0.016137514703740717,0.23376104396944788,0.00011688052198472395,10,0.95,0.050000000000000044
2018-03-19,0.007603257680309351,0.007512847690559382,0.18081997949993828,9.040998974996914e-05,10,0.95,0.050000000000000044
2018-03-20,0.0023458255725405256,0.002311503625679505,0.068643893722041,3.43219468610205e-05,10,0.9499999999999998,0.050000000000000155
2018-03-21,-0.03701711169286863,-0.037031850172211056,0.02947695868485132,1.473847934242566e-05,10,0.95,0.050000000000000044
2018-03-22,0.0011496073868758892,0.0010839812059260713,0.1312523618996358,6.56261809498179e-05,10,0.95,0.050000000000000044
2018-03-23,0.018125537589747772,0.018059268128197734,0.13253892310008009,6.626946155004005e-05,10,0.95,0.050000000000000044
2018-03-26,-0.052499458761521386,-0.05252518557192615,0.05145362080951641,2.5726810404758207e-05,10,0.95,0.050000000000000044
2018-03-27,-0.0030267302190020566,-0.003054925401877944,0.056390365751774855,2.8195182875887428e-05,10,0.9500000000000001,0.04999999999999993
2018-03-28,0.04006992615247089,0.04005826925707982,0.023313790782138126,1.1656895391069064e-05,10,0.95,0.050000000000000044
2018-03-29,-0.04469745094972206,-0.04471940004262305,0.04389818580198884,2.1949092900994422e-05,10,0.95,0.050000000000000044
2018-04-02,-0.0075470459326558844,-0.0075653082969263504,0.036524728540931674,1.8262364270465838e-05,10,0.9499999999999997,0.050000000000000266
2018-04-03,0.020887558390156394,0.020864225117300652,0.04666654571148316,2.333327285574158e-05,10,0.95,0.050000000000000044
2018-04-04,-0.018779401255050628,-0.018853381757010273,0.14796100391929035,7.398050195964517e-05,10,0.95,0.050000000000000044
2018-04-05,-0.041508957649115295,-0.041526812180549884,0.035709062869182885,1.7854531434591444e-05,10,0.9499999999999998,0.050000000000000155
2018-04-06,0.04180311699710984,0.04178385172167239,0.03853055087489256,1.9265275437446278e-05,10,0.9499999999999997,0.050000000000000266
2018-04-09,0.03233408962993878,0.03224425107635613,0.17967710716529472,8.983855358264736e-05,10,0.9499999999999998,0.050000000000000155
2018-04-10,0.0024052710771483967,0.0023859044806661053,0.03873319296458288,1.936659648229144e-05,10,0.9499999999999997,0.050000000000000266
2018-04-11,0.03162254274453738,0.031552356585070974,0.14037231893281543,7.018615946640771e-05,10,0.95,0.050000000000000044
2018-04-12,-0.014069538122221156,-0.014155326584896514,0.17157692535071548,8.578846267535774e-05,10,0.95,0.050000000000000044
2018-04-13,-0.0184730638745874,-0.018563778777564103,0.1814298059534034,9.071490297670171e-05,10,0.9499999999999998,0.050000000000000155
2018-04-16,0.023866980158356053,0.023780327479258734,0.17330535819464182,8.665267909732091e-05,10,0.9499999999999998,0.050000000000000155
2018-04-17,-0.0003547222645243188,-0.00036467046757527395,0.019896406101910312,9.948203050955156e-06,10,0.9499999999999998,0.050000000000000155
2018-04-18,-0.009633950922854347,-0.009652438826934364,0.03697580816003491,1.8487904080017455e-05,10,0.95,0.050000000000000044
2018-04-19,-0.0034290535191663983,-0.0035064574998884,0.15480796144400344,7.740398072200173e-05,10,0.95,0.050000000000000044
2018-04-20,-0.014754959320723848,-0.014769884376511572,0.029850111575447313,1.4925055787723657e-05,10,0.9500000000000001,0.04999999999999993
2018-04-23,-0.02963659974764169,-0.029658519170804743,0.043838846326104026,2.1919423163052015e-05,10,0.9499999999999998,0.050000000000000155
2018-04-24,0.008455527991420787,0.008441017394940624,0.02902119296032707,1.4510596480163535e-05,10,0.9499999999999997,0.050000000000000266
2018-04-25,0.025260126616631233,0.025244804347544742,0.030644538172983467,1.5322269086491733e-05,10,0.9500000000000002,0.04999999999999982
2018-04-26,0.0029954085527598255,0.0029086365657328317,0.1735439740539872,8.67719870269936e-05,10,0.95,0.050000000000000044
2018-04-27,-0.01634492599105409,-0.016419860855526797,0.1498697289454149,7.493486447270745e-05,10,0.9500000000000002,0.04999999999999982
2018-04-30,0.007230246294496971,0.007209815832991293,0.04086092301135737,2.0430461505678683e-05,10,0.9500000000000001,0.04999999999999993
2018-05-01,0.03802816659482872,0.03801353851380609,0.029256162045266508,1.4628081022633255e-05,10,0.9500000000000001,0.04999999999999993
2018-05-02,-0.005141729047137177,-0.005157849105263142,0.03224011625192857,1.6120058125964286e-05,10,0.9500000000000001,0.04999999999999993
2018-05-03,-0.010218092290823752,-0.010233781491428194,0.03137840120888563,1.5689200604442815e-05,10,0.95,0.050000000000000044
2018-05-04,0.021521096396091986,0.02149796272390142,0.04626734438112775,2.3133672190563875e-05,10,0.95,0.050000000000000044
2018-05-07,-0.0026080527249368103,-0.002625449864129361,0.03479427838510139,1.7397139192550697e-05,10,0.95,0.050000000000000044
2018-05-08,0.024312201573622634,0.024223831961888355,0.17673922346855542,8.836961173427772e-05,10,0.9500000000000001,0.04999999999999993
2018-05-09,0.008546675276772468,0.008466599755723853,0.16015104209722922,8.007552104861461e-05,10,0.9500000000000001,0.04999999999999993
2018-05-10,0.0252653544829537,0.02523870441023258,0.05330014544223942,2.665007272111971e-05,10,0.9499999999999998,0.050000000000000155
2018-05-11,0.03298455979651657,0.0329578366059361,0.05344638116094554,2.672319058047277e-05,10,0.9500000000000001,0.04999999999999993
2018-05-14,0.006162667802363987,0.00609795682539138,0.12942195394521328,6.471097697260664e-05,10,0.9499999999999998,0.050000000000000155
2018-05-15,0.00490131716508599,0.004885412408235676,0.031809513700627096,1.5904756850313547e-05,10,0.95,0.050000000000000044
2018-05-16,0.005774747624405295,0.005759925588519355,0.029644071771880907,1.4822035885940454e-05,10,0.9499999999999998,0.050000000000000155
2018-05-17,0.018730136408382624,0.018700188096029323,0.05989662470660397,2.9948312353301988e-05,10,0.9500000000000001,0.04999999999999993
2018-05-18,-0.011524755959091434,-0.011624218855070124,0.19892579195738092,9.946289597869046e-05,10,0.95,0.050000000000000044
2018-05-21,0.0014374632143413888,0.0014230035097900448,0.028919409102687976,1.4459704551343988e-05,10,0.9500000000000001,0.04999999999999993
2018-05-22,0.011892645593282451,0.011820303691825284,0.14468380291433447,7.234190145716723e-05,10,0.9499999999999998,0.050000000000000155
2018-05-23,0.007677786057809018,0.007651536333442231,0.05249944873357388,2.624972436678694e-05,10,0.9499999999999997,0.050000000000000266
2018-05-24,0.014171469009150837,0.014147924479970462,0.04708905836075121,2.3544529180375606e-05,10,0.95,0.050000000000000044
2018-05-25,-0.0040079794691911565,-0.004025034864038463,0.034110789694614764,1.7055394847307382e-05,10,0.9500000000000001,0.04999999999999993
2018-05-29,0.009535772490076559,0.009525633112124,0.020278755905116644,1.0139377952558323e-05,10,0.9499999999999996,0.05000000000000038
2018-05-30,0.19904209653686766,0.19902400347262714,0.03618612848105511,1.8093064240527554e-05,10,0.9499999999999997,0.050000000000000266
2018-05-31,0.015746131097970323,0.01571527586292256,0.06171047009552731,3.085523504776366e-05,10,0.9500000000000001,0.04999999999999993
2018-06-01,-0.04818563455653806,-0.048203876436165784,0.03648375925545577,1.8241879627727886e-05,10,0.95,0.050000000000000044
2018-06-04,0.019239346595608144,0.01922600691261074,0.026679365994802397,1.3339682997401198e-05,10,0.95,0.050000000000000044
2018-06-05,0.009116521323828524,0.009098937910424957,0.03516682680713347,1.7583413403566734e-05,10,0.95,0.050000000000000044
2018-06-06,0.010892768876749032,0.010875591238166357,0.03435527716534923,1.7177638582674615e-05,10,0.95,0.050000000000000044
2018-06-07,0.0024339078994012097,0.002421062350339931,0.025691098122557328,1.2845549061278665e-05,10,0.9500000000000001,0.04999999999999993
2018-06-08,-0.01831456312470451,-0.018393679215152992,0.1582321808969647,7.911609044848236e-05,10,0.95,0.050000000000000044
2018-06-11,0.0067962255817036205,0.0067223194412488274,0.14781228090958692,7.390614045479346e-05,10,0.95,0.050000000000000044
2018-06-12,0.04858730318465925,0.04851041303012395,0.15378030907060175,7.689015453530087e-05,10,0.9499999999999998,0.050000000000000155
2018-06-13,0.018794058796347574,0.018716716667715103,0.15468425726493867,7.734212863246933e-05,10,0.9500000000000002,0.04999999999999982
2018-06-14,-0.027600815939040024,-0.027614603951429298,0.027576024778549667,1.3788012389274833e-05,10,0.9499999999999998,0.050000000000000155
2018-06-15,0.039703075030887366,0.03968929651070958,0.02755704035557919,1.3778520177789595e-05,10,0.9500000000000001,0.04999999999999993
2018-06-18,0.006800527498036649,0.006769075851879491,0.06290329231431607,3.1451646157158034e-05,10,0.9500000000000003,0.04999999999999971
2018-06-19,0.00015297118380922339,7.882034392975013e-05,0.1483016797589465,7.415083987947326e-05,10,0.95,0.050000000000000044
2018-06-20,-0.009241630655472684,-0.009297643082746889,0.11202485454841046,5.601242727420523e-05,10,0.95,0.050000000000000044
2018-06-21,0.00048132890350515833,0.00041135145830354053,0.13995489040323555,6.997744520161778e-05,10,0.95,0.050000000000000044
2018-06-22,-0.01865622196624365,-0.018671195004839203,0.029946077191100755,1.4973038595550377e-05,10,0.9500000000000001,0.04999999999999993
2018-06-25,0.012612018358310977,0.012588892000993257,0.04625271463544154,2.312635731772077e-05,10,0.9499999999999998,0.050000000000000155
2018-06-26,-0.04475101896217333,-0.0448147445040757,0.1274510838047463,6.372554190237314e-05,10,0.9500000000000002,0.04999999999999982
2018-06-27,0.014789543957020883,0.014719501299478775,0.14008531508421868,7.004265754210933e-05,10,0.9499999999999998,0.050000000000000155
2018-06-28,0.006341798779901311,0.006324138201425688,0.03532115695124591,1.7660578475622954e-05,10,0.9499999999999998,0.050000000000000155
2018-06-29,0.030148197116624934,0.030012024345476247,0.27234554229737695,0.00013617277114868847,10,0.95,0.050000000000000044
2018-07-02,0.008022441147452087,0.008006051887242467,0.03277852041923974,1.638926020961987e-05,10,0.9500000000000001,0.04999999999999993
2018-07-03,0.011212308018565561,0.011134604460463448,0.155407116204228,7.7703558102114e-05,10,0.9500000000000001,0.04999999999999993
2018-07-05,0.016328014969080495,0.016307297230154782,0.041435477851427496,2.071773892571375e-05,10,0.95,0.050000000000000044
2018-07-06,0.014417678274133821,0.014357377066332543,0.12060241560255605,6.030120780127803e-05,10,0.9500000000000001,0.04999999999999993
2018-07-09,-0.021525109614478996,-0.02158962050759809,0.12902178623818517,6.451089311909259e-05,10,0.9499999999999998,0.050000000000000155
2018-07-10,0.0004988600856951464,0.0004837470528332054,0.03022606572388191,1.5113032861940954e-05,10,0.9500000000000001,0.04999999999999993
2018-07-11,0.0015399412007169294,0.0014421371236335338,0.19560815416679123,9.780407708339562e-05,10,0.9500000000000001,0.04999999999999993
2018-07-12,0.009097715360591955,0.009046369061600456,0.10269259798299951,5.134629899149976e-05,10,0.95,0.050000000000000044
2018-07-13,-0.020852732636262864,-0.020896429026377693,0.08739278022965602,4.369639011482801e-05,10,0.95,0.050000000000000044
2018-07-16,0.015332294538455662,0.015274237605551844,0.11611386580763508,5.805693290381754e-05,10,0.95,0.050000000000000044
2018-07-17,-0.0018983685357436154,-0.0019613310691875665,0.1259250668879019,6.296253344395094e-05,10,0.9499999999999998,0.050000000000000155
2018-07-18,0.005013779387080282,0.004981611783645523,0.06433520686951852,3.216760343475926e-05,10,0.9499999999999998,0.050000000000000155
2018-07-19,0.004432321521256997,0.004370883246720637,0.12287654907272108,6.143827453636054e-05,10,0.95,0.050000000000000044
2018-07-20,-0.001952870347685683,-0.0019713411519439636,0.03694160851656167,1.8470804258280834e-05,10,0.9499999999999997,0.050000000000000266
2018-07-23,-0.02326118456356022,-0.023275104763515374,0.02784039991031019,1.3920199955155095e-05,10,0.95,0.050000000000000044
2018-07-24,0.008187538813478732,0.008127980253505154,0.11911711994715476,5.955855997357738e-05,10,0.9499999999999998,0.050000000000000155
2018-07-25,0.0024006201309729894,0.0023497190766582523,0.10180210862947414,5.0901054314737074e-05,10,0.95,0.050000000000000044
2018-07-26,-0.032228313564333914,-0.03225329279371116,0.0499584587544886,2.49792293772443e-05,10,0.9499999999999997,0.050000000000000266
2018-07-27,-0.03558344296726586,-0.03559761932350152,0.028352712471333856,1.4176356235666928e-05,10,0.95,0.050000000000000044
2018-07-30,-0.014029901335268923,-0.014081095833983115,0.10238899742838407,5.119449871419204e-05,10,0.9500000000000003,0.04999999999999971
2018-07-31,-0.00023574678863707145,-0.00024890101719993017,0.026308457125717416,1.3154228562858708e-05,10,0.9499999999999997,0.050000000000000266
2018-08-01,0.015637861231840224,0.015622108084515677,0.03150629464909448,1.575314732454724e-05,10,0.95,0.050000000000000044
2018-08-02,-0.026477021728438292,-0.026488499498988845,0.02295554110110909,1.1477770550554545e-05,10,0.9500000000000002,0.04999999999999982
2018-08-03,0.0034868579991511276,0.0034757034701742673,0.02230905795372086,1.115452897686043e-05,10,0.9500000000000001,0.04999999999999993
2018-08-06,0.013673032883421256,0.013628210915917838,0.08964393500683601,4.482196750341801e-05,10,0.9500000000000002,0.04999999999999982
2018-08-07,-0.004797417256711498,-0.0048516486207002205,0.10846272797744416,5.423136398872208e-05,10,0.95,0.050000000000000044
2018-08-08,0.0056242081903039535,0.0055702040757553304,0.10800822909724611,5.4004114548623055e-05,10,0.95,0.050000000000000044
2018-08-09,-0.0021054624223753177,-0.0021656312702191915,0.12033769568774799,6.0168847843873996e-05,10,0.9499999999999997,0.050000000000000266
2018-08-10,-0.0208089330158433,-0.020826917323894516,0.035968616102426874,1.7984308051213437e-05,10,0.9499999999999998,0.050000000000000155
2018-08-13,0.004528466280408226,0.00451314835252827,0.03063585575991186,1.531792787995593e-05,10,0.95,0.050000000000000044
2018-08-14,-0.026223578736908674,-0.02627529791764281,0.10343836146826815,5.171918073413408e-05,10,0.9499999999999998,0.050000000000000155
2018-08-15,0.010528036421583344,0.010517913816836566,0.020245209493555086,1.0122604746777543e-05,10,0.9499999999999998,0.050000000000000155
2018-08-16,0.0015112449371335128,0.0015010475592774995,0.020394755712026938,1.0197377856013469e-05,10,0.9500000000000002,0.04999999999999982
2018-08-17,-0.007002526231748686,-0.007017094830910799,0.029137198324227856,1.4568599162113927e-05,10,0.95,0.050000000000000044
2018-08-20,0.016009371100747617,0.01599673963792649,0.02526292564225574,1.263146282112787e-05,10,0.95,0.050000000000000044
2018-08-21,0.024126357201510632,0.02406927918494094,0.11415603313938474,5.707801656969237e-05,10,0.9500000000000001,0.04999999999999993
2018-08-22,-0.004496884600166744,-0.0045095043966533995,0.0252395929733105,1.261979648665525e-05,10,0.9499999999999998,0.050000000000000155
2018-08-23,0.0025778856402660774,0.0025182341013998697,0.11930307773241516,5.9651538866207585e-05,10,0.95,0.050000000000000044
2018-08-24,-0.003578607181142651,-0.0036138568056550734,0.07049924902484488,3.524962451242244e-05,10,0.95,0.050000000000000044
2018-08-27,0.005806015008476219,0.005780898146858312,0.05023372323581363,2.5116861617906818e-05,10,0.9499999999999998,0.050000000000000155
2018-08-28,0.009413704136082536,0.00934639156155063,0.13462514906381248,6.731257453190624e-05,10,0.95,0.050000000000000044
2018-08-29,-0.01626637136603733,-0.016373931281755287,0.21511983143591276,0.00010755991571795638,10,0.9500000000000001,0.04999999999999993
2018-08-30,0.009915203798357896,0.009901400800580495,0.027605995554801782,1.3802997777400891e-05,10,0.9499999999999997,0.050000000000000266
2018-08-31,-0.0004473980431422772,-0.00046012328609693455,0.025450485909314785,1.2725242954657394e-05,10,0.9499999999999998,0.050000000000000155
2018-09-04,-0.027559619538768888,-0.02758033232523538,0.041425572932984704,2.071278646649235e-05,10,0.95,0.050000000000000044
2018-09-05,-0.005123182198481294,-0.00514231526170664,0.038266126450691086,1.9133063225345543e-05,10,0.95,0.050000000000000044
2018-09-06,0.015411433839248865,0.015360515905410203,0.10183586767732397,5.0917933838661984e-05,10,0.95,0.050000000000000044
2018-09-07,0.017121418875884687,0.01701866587489835,0.20550600197267316,0.00010275300098633658,10,0.95,0.050000000000000044
2018-09-10,0.008312222369241147,0.008242948840872524,0.13854705673724502,6.927352836862251e-05,10,0.9499999999999998,0.050000000000000155
2018-09-11,-0.012064504623408771,-0.012125010728499967,0.12101221018239144,6.050610509119572e-05,10,0.95,0.050000000000000044
2018-09-12,-0.009373577851403256,-0.009468924764529254,0.1906938262519966,9.534691312599831e-05,10,0.9499999999999997,0.050000000000000266
2018-09-13,-0.004122302968737091,-0.0041851739315728375,0.12574192567149348,6.287096283574675e-05,10,0.9499999999999998,0.050000000000000155
2018-09-14,-0.016082371941828915,-0.016097837578447266,0.03093127323669865,1.5465636618349323e-05,10,0.95,0.050000000000000044
2018-09-17,-0.02056201434692813,-0.020684246163283758,0.24446363271125662,0.00012223181635562832,10,0.95,0.050000000000000044
2018-09-18,0.0025742721018883995,0.002498163702886687,0.1522167980034249,7.610839900171246e-05,10,0.9499999999999998,0.050000000000000155
2018-09-19,0.01073850913594097,0.010715187438683204,0.04664339451553464,2.332169725776732e-05,10,0.9500000000000002,0.04999999999999982
2018-09-20,-0.022887409441951764,-0.022903774690306137,0.0327304967087474,1.63652483543737e-05,10,0.95,0.050000000000000044
2018-09-21,0.025052187638274347,0.02499032788630265,0.12371950394339211,6.185975197169606e-05,10,0.9499999999999998,0.050000000000000155
2018-09-24,0.008743661040036006,0.008662073719516217,0.1631746410395776,8.15873205197888e-05,10,0.9500000000000001,0.04999999999999993
2018-09-25,-0.033249590587328265,-0.0333256306559021,0.15208013714766289,7.604006857383144e-05,10,0.95,0.050000000000000044
2018-09-26,-0.01221254927430275,-0.012366643249006482,0.30818794940746275,0.00015409397470373139,10,0.95,0.050000000000000044
2018-09-27,-0.006719686760938158,-0.006883595135205707,0.32781674853509807,0.00016390837426754904,10,0.95,0.050000000000000044
2018-09-28,-0.019584085218238782,-0.019687913800345166,0.2076571642127671,0.00010382858210638354,10,0.9500000000000002,0.04999999999999982
2018-10-01,-0.022166852366719565,-0.022253957802078356,0.1742108707175796,8.71054353587898e-05,10,0.9500000000000001,0.04999999999999993
2018-10-02,-0.0029356516612200085,-0.0030279593311386722,0.18461533983732753,9.230766991866376e-05,10,0.95,0.050000000000000044
2018-10-03,-0.0403607707868886,-0.040524348251391444,0.32715492900568655,0.0001635774645028433,10,0.95,0.050000000000000044
2018-10-04,-0.009709097906321332,-0.009799867952273824,0.18154009190498327,9.077004595249164e-05,10,0.95,0.050000000000000044
2018-10-05,-0.029717696695240575,-0.029848011888129408,0.2606303857776654,0.0001303151928888327,10,0.9499999999999998,0.050000000000000155
2018-10-08,-0.013224042064367557,-0.01331172271674523,0.17536130475534867,8.768065237767433e-05,10,0.95,0.050000000000000044
2018-10-09,-0.06670730110304347,-0.06680054744785063,0.18649268961432613,9.324634480716307e-05,10,0.95,0.050000000000000044
2018-10-10,-0.021642308114706563,-0.02173012241911495,0.1756286088167744,8.781430440838719e-05,10,0.95,0.050000000000000044
2018-10-11,0.04111348899017836,0.04081673849114553,0.5935009980656611,0.0002967504990328306,10,0.9499999999999998,0.050000000000000155
2018-10-12,-0.013723055079475275,-0.013814590942616828,0.18307172628310603,9.153586314155302e-05,10,0.95,0.050000000000000044
2018-10-15,0.054216776174553796,0.05419329185625953,0.04696863658852657,2.3484318294263285e-05,10,0.95,0.050000000000000044
2018-10-16,-0.014062565666233835,-0.014156398657352118,0.18766598223656814,9.383299111828407e-05,10,0.9499999999999997,0.050000000000000266
2018-10-17,-0.015292958513786667,-0.015310541363453346,0.035165699333357794,1.75828496666789e-05,10,0.9499999999999998,0.050000000000000155
2018-10-18,-0.04322167358190878,-0.043310230004038774,0.17711284425998156,8.855642212999078e-05,10,0.9500000000000001,0.04999999999999993
2018-10-19,-0.0013092430415465649,-0.0013931373364881436,0.16778858988315742,8.389429494157871e-05,10,0.95,0.050000000000000044
2018-10-22,0.015125773803748462,0.014971106451005045,0.30933470548683184,0.00015466735274341593,10,0.9500000000000001,0.04999999999999993
2018-10-23,-0.08244140958656036,-0.08252495842658708,0.16709768005342276,8.354884002671138e-05,10,0.95,0.050000000000000044
2018-10-24,0.04500958908497033,0.04484846285664226,0.32225245665613766,0.00016112622832806884,10,0.9499999999999998,0.050000000000000155
2018-10-25,-0.01844416793687868,-0.01853682955186154,0.18532322996571776,9.266161498285888e-05,10,0.9499999999999998,0.050000000000000155
2018-10-26,-0.02320654223920675,-0.023295834834054317,0.17858518969513526,8.929259484756763e-05,10,0.9500000000000001,0.04999999999999993
2018-10-29,0.025606256226279024,0.025514850450677584,0.18281155120288267,9.140577560144133e-05,10,0.9499999999999998,0.050000000000000155
2018-10-30,0.03780344730757171,0.037709400468599406,0.18809367794460571,9.404683897230286e-05,10,0.95,0.050000000000000044
2018-10-31,0.07017173596130424,0.07007637637602075,0.1907191705669777,9.535958528348886e-05,10,0.95,0.050000000000000044
2018-11-01,0.014295115695741434,0.014208564023583795,0.17310334431527807,8.655167215763904e-05,10,0.9499999999999998,0.050000000000000155
2018-11-02,-0.009644552535063643,-0.009683399286879472,0.07769350363165835,3.8846751815829177e-05,10,0.95,0.050000000000000044
2018-11-05,0.007626050034754002,0.007472013338888959,0.3080733917300873,0.00015403669586504365,10,0.95,0.050000000000000044
2018-11-06,0.035458205022641257,0.0354294753939744,0.05745925733372219,2.8729628666861094e-05,10,0.9499999999999998,0.050000000000000155
2018-11-07,-0.0513170182190059,-0.051404983191819416,0.17592994562702724,8.796497281351362e-05,10,0.9499999999999998,0.050000000000000155
2018-11-08,-0.028440844641975428,-0.028598742200777728,0.3157951176045986,0.0001578975588022993,10,0.9500000000000001,0.04999999999999993
2018-11-09,-0.05621189937085574,-0.056394279199485996,0.3647596572605107,0.00018237982863025535,10,0.9499999999999997,0.050000000000000266
2018-11-12,-0.02412604648400994,-0.02422411149981542,0.19613003161096298,9.80650158054815e-05,10,0.95,0.050000000000000044
2018-11-13,-0.006335891307204281,-0.006509592764554571,0.3474029147005808,0.0001737014573502904,10,0.9500000000000001,0.04999999999999993
2018-11-14,0.017181598804975023,0.01707989587544565,0.20340585905874492,0.00010170292952937246,10,0.9500000000000001,0.04999999999999993
2018-11-15,-0.002825346902172393,-0.0028510632349393094,0.05143266553383255,2.5716332766916276e-05,10,0.9500000000000002,0.04999999999999982
2018-11-16,-0.06750581961096978,-0.06760469927857576,0.19775933521194838,9.887966760597419e-05,10,0.9499999999999998,0.050000000000000155
2018-11-19,-0.023771694432855053,-0.023935173474428893,0.3269580831476765,0.00016347904157383824,10,0.9499999999999997,0.050000000000000266
2018-11-20,0.027379737191255794,0.027288711299618195,0.1820517832751959,9.102589163759795e-05,10,0.95,0.050000000000000044
2018-11-21,0.008033793433001906,0.007872837638109934,0.32191158978394485,0.00016095579489197243,10,0.9499999999999997,0.050000000000000266
2018-11-23,0.03454321716156559,0.03443890338334498,0.20862755644121941,0.00010431377822060971,10,0.9500000000000002,0.04999999999999982
2018-11-26,-0.019939572551747938,-0.020041758522438825,0.20437194138177123,0.00010218597069088562,10,0.9499999999999997,0.050000000000000266
2018-11-27,0.046138963850261935,0.046121763988488024,0.034399723547829233,1.7199861773914618e-05,10,0.9499999999999998,0.050000000000000155
2018-11-28,0.001061913638814815,0.0010281537492564982,0.06751977911663352,3.3759889558316765e-05,10,0.9500000000000001,0.04999999999999993
2018-11-29,-5.980202922998412e-06,-0.00010706354950066481,0.20216669315533278,0.0001010833465776664,10,0.9500000000000002,0.04999999999999982
2018-11-30,0.029968142741285363,0.02986964573606721,0.19699401043630232,9.849700521815116e-05,10,0.95,0.050000000000000044
2018-12-03,-0.048014890279002825,-0.04812582842706629,0.22187629612693122,0.00011093814806346561,10,0.9500000000000002,0.04999999999999982
2018-12-04,0.020727702441659675,0.020629953557629727,0.1954977680598945,9.774888402994725e-05,10,0.9500000000000002,0.04999999999999982
2018-12-06,-0.04458466296927316,-0.044601295541537314,0.03326514452830684,1.663257226415342e-05,10,0.95,0.050000000000000044
2018-12-07,0.009197379433102313,0.008993310705375396,0.4081374554538344,0.0002040687277269172,10,0.9500000000000002,0.04999999999999982
2018-12-10,0.00400457821468796,0.0038746395326539097,0.25987736406810114,0.00012993868203405056,10,0.95,0.050000000000000044
2018-12-11,0.041026459605631206,0.04093095712189879,0.19100496746484283,9.550248373242141e-05,10,0.9499999999999996,0.05000000000000038
2018-12-12,-0.01864354650371155,-0.018817062351958604,0.34703169649410803,0.000173515848247054,10,0.9499999999999997,0.050000000000000266
2018-12-13,-0.014804789266281275,-0.014900605076960931,0.19163162135931247,9.581581067965623e-05,10,0.9500000000000001,0.04999999999999993
2018-12-14,-0.05789256527682179,-0.057987507450705404,0.1898843477672302,9.494217388361511e-05,10,0.9499999999999997,0.050000000000000266
2018-12-17,-0.0005172919053644406,-0.0006634352569870011,0.2922867032451212,0.0001461433516225606,10,0.9500000000000001,0.04999999999999993
2018-12-18,-0.015186463681974453,-0.015332959589868229,0.29299181578755107,0.00014649590789377553,10,0.9499999999999998,0.050000000000000155
2018-12-19,-0.049319795700048116,-0.0494012186506187,0.16284590114117525,8.142295057058762e-05,10,0.9500000000000001,0.04999999999999993
2018-12-20,-0.0676263618121507,-0.06772805917906714,0.20339473383287734,0.00010169736691643868,10,0.9500000000000001,0.04999999999999993
2018-12-21,-0.015104042639192636,-0.015200980479271847,0.19387568015842133,9.693784007921066e-05,10,0.95,0.050000000000000044
2018-12-24,0.09099650926932915,0.09090485142864614,0.18331568136600787,9.165784068300393e-05,10,0.9500000000000001,0.04999999999999993
2018-12-26,0.01779745962756496,0.017702092264657805,0.19073472581431264,9.536736290715632e-05,10,0.9499999999999998,0.050000000000000155
2018-12-27,-0.00787641422916929,-0.008090888393098312,0.42894832785804404,0.00021447416392902203,10,0.9500000000000002,0.04999999999999982
2018-12-28,0.02668758527668722,0.026533252984901768,0.30866458357090754,0.00015433229178545376,10,0.9500000000000001,0.04999999999999993
2018-12-31,-0.006917791634420417,-0.007000563641261393,0.16554401368195346,8.277200684097673e-05,10,0.9500000000000001,0.04999999999999993
2019-01-02,-0.054839866836258896,-0.05485219335408639,0.02465303565498883,1.2326517827494416e-05,10,0.95,0.050000000000000044
2019-01-03,0.069502125360565,0.0694872193118885,0.029812097353004247,1.4906048676502124e-05,10,0.9500000000000002,0.04999999999999982
2019-01-04,0.06363771016902357,0.06353994378766321,0.19553276272072456,9.776638136036229e-05,10,0.9499999999999997,0.050000000000000266
2019-01-07,0.01870747369363732,0.018616002924062514,0.18294153914961533,9.147076957480766e-05,10,0.95,0.050000000000000044
2019-01-08,0.005611858115240816,0.005521842927829791,0.18003037482204978,9.001518741102489e-05,10,0.9500000000000001,0.04999999999999993
2019-01-09,-0.011260100775192254,-0.011282627688619387,0.045053826854265205,2.2526913427132605e-05,10,0.9500000000000001,0.04999999999999993
2019-01-10,-0.00040773319008975987,-0.0004207987243286858,0.026131068477851807,1.3065534238925904e-05,10,0.95,0.050000000000000044
2019-01-11,-0.0028446513329778494,-0.0028608317462078233,0.03236082645994813,1.6180413229974064e-05,10,0.9500000000000002,0.04999999999999982
2019-01-14,0.03425444917963922,0.03423572568232695,0.03744699462453485,1.8723497312267427e-05,10,0.9499999999999997,0.050000000000000266
2019-01-15,-0.0018741417872645432,-0.0019010085706745064,0.05373356681992634,2.686678340996317e-05,10,0.9500000000000001,0.04999999999999993
2019-01-16,0.02109894599279134,0.021077621619972033,0.04264874563861265,2.1324372819306325e-05,10,0.9499999999999997,0.050000000000000266
2019-01-17,0.020019988083442977,0.01999099598116039,0.05798420456517187,2.8992102282585938e-05,10,0.95,0.050000000000000044
2019-01-18,-0.022983557760610573,-0.023062605250188294,0.158094979155443,7.904748957772149e-05,10,0.9499999999999997,0.050000000000000266
2019-01-22,0.0033623450916328533,0.003335166758123555,0.05435666701859692,2.7178333509298462e-05,10,0.95,0.050000000000000044
2019-01-23,0.01252677601695445,0.012429959590349827,0.19363285320924645,9.681642660462323e-05,10,0.95,0.050000000000000044
2019-01-24,0.015523583996182649,0.015499099877810694,0.04896823674390781,2.4484118371953906e-05,10,0.9499999999999998,0.050000000000000155
2019-01-25,-0.006348833543368506,-0.00637084644283851,0.04402579894000672,2.201289947000336e-05,10,0.9499999999999997,0.050000000000000266
2019-01-28,-0.01280681915237114,-0.01282787229499074,0.04210628523920045,2.1053142619600225e-05,10,0.9500000000000001,0.04999999999999993
2019-01-29,0.02126764828771198,0.02124829452531126,0.03870752480143534,1.935376240071767e-05,10,0.95,0.050000000000000044
2019-01-30,0.02712756999022419,0.02711461746577632,0.025905048895742563,1.2952524447871282e-05,10,0.9499999999999998,0.050000000000000155
2019-01-31,0.001679827795612881,0.0016591304018829564,0.04139478745984916,2.069739372992458e-05,10,0.95,0.050000000000000044
2019-02-01,0.006760808520944495,0.006745995489123871,0.02962606364124777,1.4813031820623886e-05,10,0.9499999999999998,0.050000000000000155
2019-02-04,0.007708343147745232,0.00768732326114079,0.04203977320888472,2.101988660444236e-05,10,0.95,0.050000000000000044
2019-02-05,-0.01764317511658225,-0.017727429810103182,0.16850938704186247,8.425469352093123e-05,10,0.9499999999999997,0.050000000000000266
2019-02-06,-0.015340819903262758,-0.015536464193934604,0.3912885813436934,0.0001956442906718467,10,0.9500000000000001,0.04999999999999993
2019-02-07,0.023419740730922803,0.023370071252125046,0.09933895759551162,4.966947879775581e-05,10,0.9499999999999996,0.05000000000000038
2019-02-08,0.018248418458913465,0.018210923366009508,0.07499018580791206,3.749509290395603e-05,10,0.95,0.050000000000000044
2019-02-11,0.01232067597291963,0.012290523462613275,0.06030502061270928,3.015251030635464e-05,10,0.9500000000000001,0.04999999999999993
2019-02-12,-0.01774685166753486,-0.0177631126640307,0.03252199299167821,1.6260996495839106e-05,10,0.9500000000000002,0.04999999999999982
2019-02-13,0.005237004011281729,0.005152162485842477,0.16968305087850252,8.484152543925127e-05,10,0.9500000000000002,0.04999999999999982
2019-02-14,0.009238713135510519,0.009224946874076575,0.027532522867887904,1.3766261433943953e-05,10,0.95,0.050000000000000044
2019-02-15,-0.0072759843960787446,-0.0074491954097560984,0.3464220273547082,0.00017321101367735408,10,0.9500000000000001,0.04999999999999993
2019-02-19,-0.00433135105462673,-0.0044134397829330135,0.16417745661256772,8.208872830628386e-05,10,0.95,0.050000000000000044
2019-02-20,-0.009228796672720255,-0.00925752814032176,0.05746293520300866,2.873146760150433e-05,10,0.9500000000000001,0.04999999999999993
2019-02-21,0.05180280265893779,0.05162031977358914,0.36496577069729425,0.00018248288534864713,10,0.95,0.050000000000000044
2019-02-22,0.016887537297267042,0.016732365823705957,0.31034294712217103,0.0001551714735610855,10,0.95,0.050000000000000044
2019-02-25,-0.0007517619440821097,-0.0009187836641345522,0.3340434401048851,0.00016702172005244256,10,0.95,0.050000000000000044
2019-02-26,0.010192539451170607,0.010095193956198043,0.1946909899451274,9.73454949725637e-05,10,0.9500000000000001,0.04999999999999993
2019-02-27,-0.010606305622902424,-0.010696219192415547,0.1798271390262473,8.991356951312365e-05,10,0.9500000000000002,0.04999999999999982
2019-02-28,0.009009613021925048,0.008859745610251327,0.2997348233474407,0.00014986741167372037,10,0.95,0.050000000000000044
2019-03-01,-0.024479389632070362,-0.0245941329241437,0.229486584146673,0.0001147432920733365,10,0.95,0.050000000000000044
2019-03-04,0.014544867041305923,0.014456585842223962,0.17656239816392508,8.828119908196253e-05,10,0.9499999999999998,0.050000000000000155
2019-03-05,-0.01614677345626618,-0.016240318476515376,0.18709004049838993,9.354502024919497e-05,10,0.9500000000000001,0.04999999999999993
2019-03-06,0.006829159591949492,0.006798613976077274,0.06109123174443619,3.05456158722181e-05,10,0.9500000000000001,0.04999999999999993
2019-03-07,0.02060314098321267,0.020446474021036463,0.3133339243524136,0.00015666696217620679,10,0.95,0.050000000000000044
2019-03-08,0.023409740273693958,0.023247387969905314,0.3247046075772865,0.00016235230378864324,10,0.95,0.050000000000000044
2019-03-11,0.020183132476414536,0.020097638967144643,0.17098701853978826,8.549350926989414e-05,10,0.9499999999999997,0.050000000000000266
2019-03-12,0.013855727481126495,0.013758450618710416,0.19455372483215763,9.727686241607881e-05,10,0.9499999999999998,0.050000000000000155
2019-03-13,0.024910679560482794,0.02482303773732157,0.17528364632244553,8.764182316122276e-05,10,0.9499999999999997,0.050000000000000266
2019-03-14,0.007549855984371844,0.007522586112116824,0.05453974451003943,2.7269872255019714e-05,10,0.95,0.050000000000000044
2019-03-15,0.010977317028384831,0.010877128317147577,0.20037742247450704,0.00010018871123725352,10,0.95,0.050000000000000044
2019-03-18,0.02883481894931737,0.028746831815375993,0.17597426788275125,8.798713394137563e-05,10,0.9500000000000001,0.04999999999999993
2019-03-19,-0.01155732178590359,-0.011571184923663677,0.027726275520175953,1.3863137760087977e-05,10,0.95,0.050000000000000044
2019-03-20,0.036582108849317556,0.03639647450505286,0.3712686885293891,0.00018563434426469456,10,0.9499999999999998,0.050000000000000155
2019-03-21,-0.03450093866367787,-0.034529212112290604,0.0565468972254638,2.82734486127319e-05,10,0.9500000000000002,0.04999999999999982
2019-03-22,0.04659891179023324,0.046434389323235646,0.32904493399518775,0.00016452246699759387,10,0.95,0.050000000000000044
2019-03-25,-0.02077665908834275,-0.020893383117014372,0.2334480573432454,0.0001167240286716227,10,0.95,0.050000000000000044
2019-03-26,-0.01786293476957037,-0.018018195840304483,0.31052214146822904,0.00015526107073411452,10,0.9499999999999997,0.050000000000000266
2019-03-27,-0.0021711817687940695,-0.002327980862031573,0.3135981864750077,0.00015679909323750385,10,0.9500000000000001,0.04999999999999993
2019-03-28,0.014271116820088567,0.014101930626428373,0.3383723873203873,0.00016918619366019366,10,0.9500000000000001,0.04999999999999993
2019-03-29,-0.008487782155066443,-0.008580871242218194,0.18617817430350023,9.308908715175012e-05,10,0.95,0.050000000000000044
2019-04-01,0.013066521090645468,0.012975610194220671,0.18182179284959277,9.091089642479638e-05,10,0.95,0.050000000000000044
2019-04-02,0.010650309076531493,0.010620908014297699,0.058802124467589034,2.940106223379452e-05,10,0.9499999999999998,0.050000000000000155
2019-04-03,-0.011115205923799623,-0.011131561913320574,0.0327119790419024,1.63559895209512e-05,10,0.9500000000000002,0.04999999999999982
2019-04-04,0.009715852491950446,0.009619518143878049,0.19266869614479498,9.633434807239749e-05,10,0.9500000000000001,0.04999999999999993
2019-04-05,-0.0023997838859636496,-0.002484650265550568,0.16973275917383635,8.486637958691817e-05,10,0.9499999999999997,0.050000000000000266
2019-04-08,-0.010182140438933672,-0.010266774385990341,0.16926789411333953,8.463394705666977e-05,10,0.9500000000000001,0.04999999999999993
2019-04-09,0.02315968833025571,0.022997797117213024,0.3237824260853689,0.00016189121304268446,10,0.95,0.050000000000000044
2019-04-10,-0.01537114369085312,-0.015459314261868938,0.17634114203163564,8.817057101581782e-05,10,0.95,0.050000000000000044
2019-04-11,-0.013721941150437714,-0.013813616638308662,0.1833509757418973,9.167548787094864e-05,10,0.9500000000000001,0.04999999999999993
2019-04-12,0.014567014212284308,0.014464480435084734,0.20506755439914617,0.00010253377719957309,10,0.9499999999999998,0.050000000000000155
2019-04-15,0.009173878023432579,0.009157593012053053,0.03257002275904969,1.6285011379524846e-05,10,0.95,0.050000000000000044
2019-04-16,-0.02929604142704783,-0.02939112723083041,0.19017160756515955,9.508580378257978e-05,10,0.95,0.050000000000000044
2019-04-17,-0.006576594713101567,-0.006609915742323245,0.06664205844335463,3.332102922167732e-05,10,0.9499999999999998,0.050000000000000155
2019-04-18,0.022074186086500233,0.021988041811112607,0.17228855077525185,8.614427538762593e-05,10,0.95,0.050000000000000044
2019-04-22,0.02409027331226132,0.023952178587277138,0.27618944996836714,0.00013809472498418356,10,0.9500000000000001,0.04999999999999993
2019-04-23,0.00022065334755154637,0.00014813636099069382,0.14503397312170513,7.251698656085256e-05,10,0.95,0.050000000000000044
2019-04-24,0.017417802069852016,0.017325274162793343,0.18505581411734984,9.252790705867492e-05,10,0.95,0.050000000000000044
2019-04-25,0.01830824032518126,0.01827379554718331,0.06888955599589607,3.444477799794803e-05,10,0.9499999999999997,0.050000000000000266
2019-04-26,0.006880145192732603,0.006794821721985463,0.17064694149428072,8.532347074714036e-05,10,0.95,0.050000000000000044
2019-04-29,-0.006143830501027035,-0.006232889036070106,0.17811707008614186,8.905853504307094e-05,10,0.95,0.050000000000000044
2019-04-30,0.0009963495304315011,0.0009783103294697326,0.03607840192353707,1.8039200961768535e-05,10,0.95,0.050000000000000044
2019-05-01,0.013457333957417534,0.013362634828868493,0.1893982570980817,9.469912854904085e-05,10,0.9500000000000001,0.04999999999999993
2019-05-02,0.027439641213907042,0.02742275880409829,0.03376481961750363,1.6882409808751816e-05,10,0.9500000000000001,0.04999999999999993
2019-05-03,0.006781267586116767,0.006694416832443859,0.1737015073458155,8.685075367290774e-05,10,0.9500000000000001,0.04999999999999993
2019-05-06,-0.014195727543405161,-0.01422030023888044,0.04914539095055645,2.4572695475278226e-05,10,0.95,0.050000000000000044
2019-05-07,0.0044091879127476485,0.004323775281255615,0.17082526298406667,8.541263149203334e-05,10,0.95,0.050000000000000044
2019-05-08,-0.014068519631286878,-0.014081505549431264,0.02597183628876973,1.2985918144384865e-05,10,0.95,0.050000000000000044
2019-05-09,0.016671074054165,0.016591669506608564,0.15880909511287172,7.940454755643586e-05,10,0.95,0.050000000000000044
2019-05-10,-0.029062014653955675,-0.029285107310218963,0.4461853125265756,0.0002230926562632878,10,0.9500000000000001,0.04999999999999993
2019-05-13,0.02329650253494655,0.023148537286752504,0.2959304963880911,0.00014796524819404557,10,0.9499999999999997,0.050000000000000266
2019-05-14,0.027538398851411742,0.027367340805295598,0.34211609223228445,0.00017105804611614224,10,0.95,0.050000000000000044
2019-05-15,0.027759941556010418,0.027678761479893513,0.16236015223381062,8.11800761169053e-05,10,0.9500000000000001,0.04999999999999993
2019-05-16,-0.02054728366305988,-0.0205777086437578,0.060849961395838745,3.0424980697919373e-05,10,0.9500000000000001,0.04999999999999993
2019-05-17,-0.015345450012782117,-0.015433089705009992,0.17527938445574764,8.763969222787382e-05,10,0.9499999999999998,0.050000000000000155
2019-05-20,0.014001106991811892,0.013922679724592579,0.15685453443862513,7.842726721931257e-05,10,0.95,0.050000000000000044
2019-05-21,0.012930751918891389,0.012854015824655955,0.15347218847086996,7.673609423543499e-05,10,0.9499999999999998,0.050000000000000155
2019-05-22,-0.03632425611232046,-0.036341199483775864,0.033886742910818904,1.694337145540945e-05,10,0.9500000000000001,0.04999999999999993
2019-05-23,0.014398310235913526,0.014310731663743545,0.17515714433996238,8.757857216998119e-05,10,0.95,0.050000000000000044
2019-05-24,0.011225859357197242,0.011207259332319246,0.03720004975599056,1.860002487799528e-05,10,0.95,0.050000000000000044
2019-05-28,-0.01613484266105874,-0.016215376109873315,0.16106689762915555,8.053344881457777e-05,10,0.9499999999999998,0.050000000000000155
2019-05-29,0.0018009621851827933,0.0017856036368388373,0.030717096687912115,1.5358548343956058e-05,10,0.9499999999999998,0.050000000000000155
2019-05-30,-0.02040905078814665,-0.020419904181670136,0.021706787046972036,1.0853393523486019e-05,10,0.95,0.050000000000000044
2019-05-31,-0.01190926799335885,-0.011995761000344404,0.17298601397111008,8.649300698555504e-05,10,0.9500000000000002,0.04999999999999982
2019-06-03,0.03531353273082619,0.03529454535198532,0.03797475768174666,1.8987378840873327e-05,10,0.9500000000000002,0.04999999999999982
2019-06-04,-0.007916265840251877,-0.007996142447600933,0.1597532146981119,7.987660734905595e-05,10,0.9499999999999998,0.050000000000000155
2019-06-05,0.015015097793681148,0.014938254182051601,0.15368722325909506,7.684361162954753e-05,10,0.9499999999999998,0.050000000000000155
2019-06-06,0.035256859682315865,0.03523372991894515,0.04625952674143269,2.3129763370716345e-05,10,0.9500000000000002,0.04999999999999982
2019-06-07,-0.002264489287829942,-0.0022835606057997043,0.03814263593952472,1.907131796976236e-05,10,0.9500000000000001,0.04999999999999993
2019-06-10,-0.0064483405705120615,-0.006600882343381196,0.30508354573826907,0.00015254177286913454,10,0.95,0.050000000000000044
2019-06-11,0.026068187192622293,0.025982683521258487,0.17100734272761337,8.550367136380668e-05,10,0.95,0.050000000000000044
2019-06-12,0.01562726556733012,0.015535853547420476,0.18282403981929213,9.141201990964606e-05,10,0.95,0.050000000000000044
2019-06-13,-0.011335210596082827,-0.011416541076099459,0.1626609600332629,8.133048001663146e-05,10,0.9500000000000001,0.04999999999999993
2019-06-14,0.013269830220729717,0.013168971575717604,0.20171729002422764,0.00010085864501211382,10,0.9499999999999998,0.050000000000000155
2019-06-17,0.025234672768666023,0.025159960861436133,0.1494238144597793,7.471190722988965e-05,10,0.9500000000000001,0.04999999999999993
2019-06-18,0.017599561723794798,0.017465647679405578,0.26782808877844144,0.0001339140443892207,10,0.95,0.050000000000000044
2019-06-19,0.0056844316510962275,0.005562541365492264,0.2437805712079273,0.00012189028560396364,10,0.95,0.050000000000000044
2019-06-20,-0.029111050988158065,-0.029185817833778892,0.1495336912416554,7.47668456208277e-05,10,0.9499999999999998,0.050000000000000155
2019-06-21,-0.019251767863732755,-0.01937865577172919,0.2537758159928705,0.00012688790799643526,10,0.9499999999999998,0.050000000000000155
2019-06-24,-0.013227734761003106,-0.01330689040132567,0.15831128064513106,7.915564032256553e-05,10,0.95,0.050000000000000044
2019-06-25,-0.023035550467270467,-0.02310371052851088,0.13632012248082515,6.816006124041257e-05,10,0.9499999999999998,0.050000000000000155
2019-06-26,0.06152694909939236,0.06145603647758908,0.14182524360656473,7.091262180328237e-05,10,0.9499999999999997,0.050000000000000266
2019-06-27,0.007939672790260258,0.007816496843768173,0.24635189298417137,0.0001231759464920857,10,0.95,0.050000000000000044
2019-06-28,0.01515800827586003,0.015140651273290418,0.03471400513922533,1.7357002569612668e-05,10,0.9500000000000001,0.04999999999999993
2019-07-01,0.018403518620507212,0.018279205082051376,0.24862707691167166,0.00012431353845583583,10,0.95,0.050000000000000044
2019-07-02,0.006752966685416101,0.006621554240280972,0.2628248902702572,0.0001314124451351286,10,0.95,0.050000000000000044
2019-07-03,0.021721940462532622,0.02164350828743874,0.15686435018776898,7.84321750938845e-05,10,0.9499999999999997,0.050000000000000266
2019-07-05,0.014349131326557501,0.014184863364484128,0.3285359241467457,0.00016426796207337285,10,0.9499999999999998,0.050000000000000155
2019-07-08,-0.0035340235977943534,-0.0036765444996025185,0.2850418036163301,0.00014252090180816505,10,0.9500000000000001,0.04999999999999993
2019-07-09,-0.0008938704566310025,-0.00102546374429092,0.263186575319835,0.0001315932876599175,10,0.95,0.050000000000000044
2019-07-10,-0.004929717869550441,-0.005015055248656233,0.1706747582115826,8.53373791057913e-05,10,0.9500000000000001,0.04999999999999993
2019-07-11,-0.0019409305595399333,-0.0019571425201231132,0.032423921166359865,1.621196058317993e-05,10,0.9499999999999998,0.050000000000000155
2019-07-12,0.00370120213302911,0.0036127820316385435,0.17684020278113308,8.842010139056654e-05,10,0.95,0.050000000000000044
2019-07-15,0.0026707730316061027,0.002645825852994473,0.04989435722325999,2.4947178611629993e-05,10,0.95,0.050000000000000044
2019-07-16,-0.0013864017952878477,-0.0014583928450133247,0.14398209945095403,7.199104972547701e-05,10,0.9499999999999997,0.050000000000000266
2019-07-17,0.004507196431375653,0.004438286899984102,0.1378190627831019,6.890953139155096e-05,10,0.95,0.050000000000000044
2019-07-18,-0.005632268912992504,-0.005649079447010586,0.03362106803616387,1.6810534018081935e-05,10,0.9499999999999998,0.050000000000000155
2019-07-19,0.0227372177543331,0.022730492558865067,0.013450390936065947,6.725195468032974e-06,10,0.95,0.050000000000000044
2019-07-22,-0.019118440192619438,-0.019195301688059434,0.15372299087999458,7.686149543999729e-05,10,0.9500000000000001,0.04999999999999993
2019-07-23,0.007541281407619432,0.007460747702011987,0.16106741121488855,8.053370560744427e-05,10,0.9500000000000001,0.04999999999999993
2019-07-24,0.003702813920766209,0.0035720839626008846,0.26145991633064875,0.00013072995816532437,10,0.9499999999999997,0.050000000000000266
2019-07-25,0.03383026387551384,0.03374673169444219,0.16706436214329876,8.353218107164939e-05,10,0.95,0.050000000000000044
2019-07-26,-0.025854921664621215,-0.025928775274658374,0.14770722007431547,7.385361003715774e-05,10,0.95,0.050000000000000044
2019-07-29,-0.0016446179178474993,-0.0017496400815005342,0.21004432730606967,0.00010502216365303483,10,0.95,0.050000000000000044
2019-07-30,0.019747539665197242,0.0196824366082295,0.1302061139354837,6.510305696774185e-05,10,0.9499999999999998,0.050000000000000155
2019-07-31,0.022928430241000622,0.022868960948008877,0.11893858598348789,5.946929299174395e-05,10,0.9500000000000002,0.04999999999999982
2019-08-01,-0.006312988290197715,-0.006382286570623542,0.13859656085165512,6.929828042582756e-05,10,0.9500000000000001,0.04999999999999993
2019-08-02,-0.047274458994600574,-0.04734222147023191,0.13552495126268332,6.776247563134166e-05,10,0.9499999999999998,0.050000000000000155
2019-08-05,0.013412212107089684,0.013338448259301175,0.147527695577019,7.37638477885095e-05,10,0.95,0.050000000000000044
2019-08-06,0.018051993537758396,0.017985804933331392,0.13237720885400955,6.618860442700478e-05,10,0.95,0.050000000000000044
2019-08-07,0.04127846494606345,0.04127206875159203,0.012792388942842438,6.396194471421219e-06,10,0.95,0.050000000000000044
2019-08-08,0.0007857812592681325,0.0007629484014962494,0.045665715543766174,2.283285777188309e-05,10,0.95,0.050000000000000044
2019-08-09,-0.014910388032314452,-0.014978423247236377,0.13607042984384865,6.803521492192433e-05,10,0.95,0.050000000000000044
2019-08-12,0.04353702877607685,0.043461577819878125,0.15090191239743928,7.545095619871964e-05,10,0.9499999999999998,0.050000000000000155
2019-08-13,-0.04200533285877265,-0.04212990664331112,0.24914756907694116,0.0001245737845384706,10,0.9500000000000001,0.04999999999999993
2019-08-14,-0.05157569093246358,-0.05169851668608216,0.24565150723716517,0.0001228257536185826,10,0.9500000000000003,0.04999999999999971
2019-08-15,0.041909925367121376,0.041834148511674545,0.15155371089366038,7.57768554468302e-05,10,0.9499999999999998,0.050000000000000155
2019-08-16,0.0029160901614932893,0.0028547890103451544,0.12260230229627027,6.130115114813513e-05,10,0.95,0.050000000000000044
2019-08-19,0.009320887189518984,0.009204941818682217,0.23189074167353518,0.0001159453708367676,10,0.9499999999999998,0.050000000000000155
2019-08-20,0.024571471240768313,0.024506241826581537,0.1304588283735534,6.522941418677671e-05,10,0.9500000000000001,0.04999999999999993
2019-08-21,-0.02166383069815456,-0.021740675698501553,0.15369000069398428,7.684500034699214e-05,10,0.95,0.050000000000000044
2019-08-22,-0.014525109396534645,-0.014591775131601177,0.13333147013306623,6.666573506653311e-05,10,0.95,0.050000000000000044
2019-08-23,0.012504207050722905,0.012439654628303735,0.12910484483833928,6.455242241916965e-05,10,0.9500000000000001,0.04999999999999993
2019-08-26,-0.02107325880885122,-0.021138869480504103,0.13122134330576968,6.561067165288484e-05,10,0.9500000000000001,0.04999999999999993
2019-08-27,0.019961548906695523,0.019839871219533955,0.2433553743231325,0.00012167768716156625,10,0.9499999999999998,0.050000000000000155
2019-08-28,-0.006033769755032335,-0.006098677284718292,0.1298150593719142,6.49075296859571e-05,10,0.95,0.050000000000000044
2019-08-29,-0.008137694884755183,-0.008301617501765137,0.3278452340199075,0.00016392261700995376,10,0.9499999999999998,0.050000000000000155
2019-08-30,-0.0401772545776173,-0.04025968995410703,0.1648707529794644,8.24353764897322e-05,10,0.95,0.050000000000000044
2019-09-03,0.02176983397080855,0.02168654356568455,0.16658081024799837,8.329040512399919e-05,10,0.9500000000000001,0.04999999999999993
2019-09-04,-0.024499274623130573,-0.02462774028613148,0.25693132600180973,0.00012846566300090488,10,0.9500000000000001,0.04999999999999993
2019-09-05,-0.005691963506138122,-0.005769035761962222,0.1541445116481997,7.707225582409986e-05,10,0.9499999999999998,0.050000000000000155
2019-09-06,-0.035292049265477146,-0.035318751900505485,0.05340527005667423,2.6702635028337118e-05,10,0.9499999999999998,0.050000000000000155
2019-09-09,-0.010821194809662704,-0.010833893057312576,0.025396495299742007,1.2698247649871004e-05,10,0.95,0.050000000000000044
2019-09-10,0.034193800867803784,0.034128597030613154,0.13040767438125342,6.520383719062671e-05,10,0.95,0.050000000000000044
2019-09-11,-0.021854349392020463,-0.021977803206215618,0.2469076283903084,0.0001234538141951542,10,0.95,0.050000000000000044
2019-09-12,-0.004786577677457007,-0.0049077836972111965,0.2424120395083792,0.0001212060197541896,10,0.9499999999999998,0.050000000000000155
2019-09-13,0.030212184869412163,0.0301382534767038,0.14786278541672584,7.393139270836292e-05,10,0.9499999999999998,0.050000000000000155
2019-09-16,0.019849966588953032,0.01971922646481573,0.26148024827460614,0.00013074012413730307,10,0.9500000000000001,0.04999999999999993
2019-09-17,-0.001286384940007687,-0.0013558398441231993,0.1389098082310245,6.945490411551225e-05,10,0.9500000000000001,0.04999999999999993
2019-09-18,0.01515618915358196,0.015124375233797466,0.0636278395689857,3.181391978449285e-05,10,0.9499999999999997,0.050000000000000266
2019-09-19,0.009412583617294286,0.009285382139831776,0.25440295492501747,0.00012720147746250873,10,0.95,0.050000000000000044
2019-09-20,-0.010579981349339322,-0.010656074934952103,0.1521871712255623,7.609358561278115e-05,10,0.9500000000000001,0.04999999999999993
2019-09-23,-0.039127267236876755,-0.03915050264711952,0.046470820485533734,2.3235410242766868e-05,10,0.9499999999999997,0.050000000000000266
2019-09-24,0.010933135140650783,0.010861122905993663,0.1440244693142413,7.201223465712064e-05,10,0.9499999999999997,0.050000000000000266
2019-09-25,-0.0400616558423665,-0.040134671117093824,0.14603054945465715,7.301527472732858e-05,10,0.95,0.050000000000000044
2019-09-26,-0.05113074523325544,-0.05116806434120858,0.0746382159062741,3.731910795313705e-05,10,0.9500000000000001,0.04999999999999993
2019-09-27,-0.02013862756634841,-0.02026864828278601,0.2600414328752005,0.00013002071643760025,10,0.95,0.050000000000000044
2019-09-30,-0.04609072919744763,-0.04617387174293429,0.16628509097330896,8.314254548665447e-05,10,0.9499999999999998,0.050000000000000155
2019-10-01,0.02066051540936184,0.02064302743408958,0.034975950544517014,1.7487975272258508e-05,10,0.9500000000000001,0.04999999999999993
2019-10-02,0.020928159650300503,0.02078229231427188,0.29173467205724607,0.00014586733602862305,10,0.95,0.050000000000000044
2019-10-03,0.016327794623600102,0.016227636436085102,0.20031637503000008,0.00010015818751500004,10,0.9499999999999997,0.050000000000000266
2019-10-04,-0.000564338691199952,-0.0006460149018282719,0.16335242125663965,8.167621062831982e-05,10,0.9500000000000001,0.04999999999999993
2019-10-07,-0.006031780000614665,-0.006172028421051422,0.28049684087351234,0.00014024842043675617,10,0.9500000000000001,0.04999999999999993
2019-10-08,0.007779534656032078,0.0076963563621337315,0.16635658779669288,8.317829389834644e-05,10,0.9499999999999998,0.050000000000000155
2019-10-09,-0.0016583563750212648,-0.0017485483386027827,0.1803839271630355,9.019196358151775e-05,10,0.9499999999999998,0.050000000000000155
2019-10-10,0.007268859894990526,0.007134273182304385,0.2691734253722823,0.00013458671268614116,10,0.9499999999999998,0.050000000000000155
2019-10-11,0.004911204864361201,0.0047099234391497205,0.402562850422961,0.00020128142521148051,10,0.9499999999999997,0.050000000000000266
2019-10-14,0.04576421548099446,0.045696194231022315,0.1360424999442916,6.80212499721458e-05,10,0.9500000000000002,0.04999999999999982
2019-10-15,0.0036432568338587985,0.003557342862467097,0.17182794278340247,8.591397139170124e-05,10,0.9499999999999998,0.050000000000000155
2019-10-16,0.028588115362927484,0.028507006820043555,0.16221708576785834,8.110854288392917e-05,10,0.9500000000000001,0.04999999999999993
2019-10-17,-0.03369132807369798,-0.03377255325963562,0.16245037187528832,8.122518593764417e-05,10,0.95,0.050000000000000044
2019-10-18,0.029540732480765632,0.029434799338409014,0.21186628471323476,0.00010593314235661738,10,0.9499999999999997,0.050000000000000266
2019-10-21,-0.03881189094833466,-0.03889237715012866,0.1609724035879922,8.04862017939961e-05,10,0.9500000000000001,0.04999999999999993
2019-10-22,0.011688935255727197,0.01166846272034117,0.04094507077205588,2.047253538602794e-05,10,0.95,0.050000000000000044
2019-10-23,0.013116386014567558,0.012844138074392296,0.5444958803505231,0.0002722479401752616,10,0.95,0.050000000000000044
2019-10-24,0.020590677921794837,0.02044742742781595,0.28650098795777124,0.00014325049397888561,10,0.95,0.050000000000000044
2019-10-25,0.01139191382704179,0.011362174059029898,0.05947953602378308,2.973976801189154e-05,10,0.9499999999999998,0.050000000000000155
2019-10-28,0.012863151115319875,0.012709950033137636,0.3064021643644772,0.0001532010821822386,10,0.9499999999999998,0.050000000000000155
2019-10-29,-0.050399362236893834,-0.05056638115939557,0.3340378450034613,0.00016701892250173064,10,0.9499999999999998,0.050000000000000155
2019-10-30,0.015176736784794184,0.0151357660638557,0.08194144187696921,4.0970720938484606e-05,10,0.9500000000000001,0.04999999999999993
2019-10-31,0.009607208259235242,0.009434614293812697,0.34518793084508775,0.00017259396542254388,10,0.9499999999999997,0.050000000000000266
2019-11-01,-0.007608211147509631,-0.007618694145795531,0.020965996571799275,1.0482998285899638e-05,10,0.9500000000000002,0.04999999999999982
2019-11-04,0.004763533222928305,0.004676115325059927,0.17483579573675562,8.741789786837781e-05,10,0.9500000000000001,0.04999999999999993
2019-11-05,-0.006406205987763922,-0.006556873178091775,0.30133438065570733,0.00015066719032785368,10,0.95,0.050000000000000044
2019-11-06,-0.03339212638692792,-0.033541942534000974,0.29963229414610093,0.00014981614707305048,10,0.95,0.050000000000000044
2019-11-07,0.01617567635189305,0.016020196528780343,0.3109596462254096,0.00015547982311270482,10,0.9499999999999998,0.050000000000000155
2019-11-08,0.005055904313455375,0.004968128826906839,0.17555097309707418,8.777548654853709e-05,10,0.9499999999999997,0.050000000000000266
2019-11-11,0.012002228179733121,0.011837091471415569,0.3302734166351043,0.00016513670831755215,10,0.9499999999999998,0.050000000000000155
2019-11-12,0.01901455101664983,0.01893127293604977,0.1665561612001162,8.32780806000581e-05,10,0.9499999999999998,0.050000000000000155
2019-11-13,0.00773482258825604,0.007610821166977941,0.2480028425561973,0.00012400142127809866,10,0.95,0.050000000000000044
2019-11-14,0.015788353928522784,0.015684148733584084,0.20841038987739968,0.00010420519493869985,10,0.9499999999999998,0.050000000000000155
2019-11-15,-0.0007103879945483605,-0.00072709912323083,0.0334222573649389,1.671112868246945e-05,10,0.9500000000000001,0.04999999999999993
2019-11-18,0.03148676858249397,0.03146372018178546,0.046096801417017,2.30484007085085e-05,10,0.95,0.050000000000000044
2019-11-19,0.009470732219020336,0.009386186251965621,0.16909193410942774,8.454596705471388e-05,10,0.9499999999999998,0.050000000000000155
2019-11-20,0.00618963502120791,0.006154277567882499,0.07071490665082117,3.535745332541058e-05,10,0.9499999999999998,0.050000000000000155
2019-11-21,0.00221277146439286,0.002192368557671773,0.04080581344217456,2.040290672108728e-05,10,0.9500000000000001,0.04999999999999993
2019-11-22,0.05214829278092085,0.05212727721644563,0.042031128950429215,2.101556447521461e-05,10,0.95,0.050000000000000044
2019-11-25,0.023798752253154986,0.023725497661134493,0.14650918404098806,7.325459202049403e-05,10,0.9500000000000001,0.04999999999999993
2019-11-26,0.014736142219946442,0.014668232075260421,0.13582028937204285,6.791014468602143e-05,10,0.95,0.050000000000000044
2019-11-27,0.005237451203211811,0.005102813105296273,0.2692761958310757,0.00013463809791553787,10,0.9500000000000001,0.04999999999999993
2019-11-29,-0.030580848402676594,-0.03069571496982107,0.22973313428895323,0.00011486656714447661,10,0.9499999999999998,0.050000000000000155
2019-12-02,0.06991428088921878,0.06977702030755464,0.2745211633282558,0.0001372605816641279,10,0.9500000000000002,0.04999999999999982
2019-12-03,0.00662872338637418,0.006556302549719682,0.1448416733089955,7.242083665449775e-05,10,0.9500000000000001,0.04999999999999993
2019-12-04,-0.03281970502935965,-0.032955444912065576,0.27147976541184726,0.00013573988270592364,10,0.9500000000000001,0.04999999999999993
2019-12-05,0.015363161561813044,0.015231712906068269,0.26289731148955237,0.00013144865574477618,10,0.9500000000000001,0.04999999999999993
2019-12-06,-0.0023767241374248317,-0.002453609657651002,0.15377104045234052,7.688552022617027e-05,10,0.95,0.050000000000000044
2019-12-09,0.030291563269892186,0.030188547974674976,0.20603059043442298,0.00010301529521721149,10,0.95,0.050000000000000044
2019-12-10,0.0017880483559064265,0.0017062100437627058,0.16367662428744126,8.183831214372063e-05,10,0.9499999999999997,0.050000000000000266
2019-12-11,-0.0019017396814726573,-0.001987765662143428,0.17205196134154105,8.602598067077053e-05,10,0.9500000000000002,0.04999999999999982
2019-12-12,-0.01334083148951539,-0.013544669610167561,0.40767624130434255,0.00020383812065217127,10,0.95,0.050000000000000044
2019-12-13,0.19002925508072585,0.18994541599423814,0.16767817297539803,8.383908648769901e-05,10,0.9499999999999997,0.050000000000000266
2019-12-16,0.0012816156872133204,0.001204706900087334,0.15381757425197312,7.690878712598656e-05,10,0.9500000000000001,0.04999999999999993
2019-12-17,0.02044494755740558,0.02040783980599317,0.07421550282482797,3.710775141241399e-05,10,0.9499999999999997,0.050000000000000266
2019-12-18,0.032625488916741066,0.032550066109816284,0.15084561384957051,7.542280692478526e-05,10,0.9499999999999997,0.050000000000000266
2019-12-19,0.011900754116808562,0.011867536250296152,0.066435733024822,3.3217866512411e-05,10,0.95,0.050000000000000044
2019-12-20,-0.003170656089145412,-0.003210469691736889,0.07962720518295408,3.9813602591477035e-05,10,0.9500000000000001,0.04999999999999993
2019-12-23,0.02744361540749404,0.02737496707239203,0.1372966702040218,6.86483351020109e-05,10,0.9500000000000003,0.04999999999999971
2019-12-24,0.013432951480434066,0.013421564171276434,0.022774618315261765,1.1387309157630883e-05,10,0.9499999999999997,0.050000000000000266
2019-12-26,-0.026412485605608195,-0.026511826175035526,0.19868113885466465,9.934056942733233e-05,10,0.95,0.050000000000000044
2019-12-27,-0.007351335437910981,-0.0074168943729572175,0.1311178700924715,6.555893504623575e-05,10,0.9500000000000001,0.04999999999999993
2019-12-30,0.0037591925445011488,0.0036950345728873416,0.12831594322761433,6.415797161380717e-05,10,0.9500000000000001,0.04999999999999993
2019-12-31,0.00725335280626033,0.007156171143123578,0.19436332627350175,9.718166313675088e-05,10,0.9500000000000001,0.04999999999999993
2020-01-02,-0.022840779529108644,-0.022939571442242474,0.19758382626765938,9.87919131338297e-05,10,0.95,0.050000000000000044
2020-01-03,-0.0033132901898938454,-0.0033816655999700713,0.1367508201524518,6.83754100762259e-05,10,0.9499999999999998,0.050000000000000155
2020-01-06,-0.006558897116973389,-0.006630252954692144,0.14271167543750993,7.135583771875497e-05,10,0.9500000000000001,0.04999999999999993
2020-01-07,-0.005293327673278891,-0.005535688060788189,0.4847207750185948,0.00024236038750929739,10,0.9499999999999998,0.050000000000000155
2020-01-08,-0.008664620536592182,-0.008760575401269672,0.19190972935497924,9.595486467748963e-05,10,0.9500000000000001,0.04999999999999993
2020-01-09,-0.006762673193190558,-0.006854796181470173,0.1842459765592298,9.21229882796149e-05,10,0.9499999999999997,0.050000000000000266
2020-01-10,0.01638346775672092,0.01629698915172797,0.1729572099859074,8.64786049929537e-05,10,0.95,0.050000000000000044
2020-01-13,-0.0006004010032641632,-0.0006729659952034856,0.1451299838786448,7.256499193932241e-05,10,0.9500000000000001,0.04999999999999993
2020-01-14,0.003635896666000473,0.0035516795161621185,0.1684342996767091,8.421714983835454e-05,10,0.9500000000000001,0.04999999999999993
2020-01-15,0.04719301336973074,0.0471062913184034,0.1734441026546714,8.672205132733569e-05,10,0.9500000000000001,0.04999999999999993
2020-01-16,-0.0030155774216579986,-0.0031241395622374378,0.21712428115887847,0.00010856214057943924,10,0.95,0.050000000000000044
2020-01-17,-0.037845370021389144,-0.03792706359846884,0.1633871541594012,8.16935770797006e-05,10,0.9500000000000002,0.04999999999999982
2020-01-21,0.008880776433970594,0.008841619669273696,0.07831352939379613,3.9156764696898064e-05,10,0.9500000000000002,0.04999999999999982
2020-01-22,-0.011244945407941074,-0.011263869009528948,0.037847203175747496,1.892360158787375e-05,10,0.9499999999999998,0.050000000000000155
2020-01-23,-0.012633111488946653,-0.012712757826706259,0.15929267551921023,7.964633775960512e-05,10,0.9499999999999996,0.05000000000000038
2020-01-24,-0.017058206681237607,-0.017210416694958992,0.3044200274427691,0.00015221001372138455,10,0.9500000000000001,0.04999999999999993
2020-01-27,0.024187081460005526,0.024173310429799984,0.027542060411082092,1.3771030205541047e-05,10,0.9500000000000001,0.04999999999999993
2020-01-28,0.004312222723699277,0.004204277591090423,0.21589026521770777,0.00010794513260885388,10,0.9500000000000003,0.04999999999999971
2020-01-29,-0.012011100185492523,-0.012064596801169955,0.1069932313548658,5.34966156774329e-05,10,0.95,0.050000000000000044
2020-01-30,-0.020449233685973123,-0.020517535248785666,0.13660312562508442,6.830156281254221e-05,10,0.9500000000000004,0.0499999999999996
2020-01-31,0.04756438865412583,0.04751306095925731,0.10265538973704143,5.132769486852071e-05,10,0.9500000000000001,0.04999999999999993
2020-02-03,0.03272528518098603,0.03259837375223647,0.2538228574991298,0.0001269114287495649,10,0.9500000000000002,0.04999999999999982
2020-02-04,-0.015823392976999168,-0.015945861730617957,0.24493750723757868,0.00012246875361878934,10,0.9500000000000001,0.04999999999999993
2020-02-05,-0.017382287723718876,-0.017453948696022823,0.143321944607891,7.16609723039455e-05,10,0.95,0.050000000000000044
2020-02-06,-0.01089130591819789,-0.010963546917032543,0.14448199766930597,7.2240998834653e-05,10,0.9500000000000002,0.04999999999999982
2020-02-07,0.031580801347866116,0.03154462868876584,0.07234531820054413,3.6172659100272067e-05,10,0.9500000000000002,0.04999999999999982
2020-02-10,0.004667267846600332,0.0045709762916532806,0.19258310989410296,9.629155494705148e-05,10,0.95,0.050000000000000044
2020-02-11,-0.0013321086148371558,-0.001413127603344016,0.16203797701372039,8.101898850686019e-05,10,0.95,0.050000000000000044
2020-02-12,-0.012358328047317634,-0.01252457395530944,0.3324918159836107,0.00016624590799180536,10,0.9499999999999997,0.050000000000000266
2020-02-13,0.009927788292767142,0.009812686469092996,0.23020364734829005,0.00011510182367414502,10,0.95,0.050000000000000044
2020-02-14,0.002788524128744183,0.002762965783130871,0.05111669122662404,2.555834561331202e-05,10,0.9499999999999998,0.050000000000000155
2020-02-18,0.0512831871733095,0.05117381980519819,0.2187347362226174,0.00010936736811130871,10,0.9500000000000001,0.04999999999999993
2020-02-19,-0.005306726073271347,-0.005373888910603902,0.13432567466511003,6.716283733255501e-05,10,0.95,0.050000000000000044
2020-02-20,-0.015310583473724548,-0.01539987628074228,0.17858561403546291,8.929280701773146e-05,10,0.9499999999999998,0.050000000000000155
2020-02-21,-0.04920835321092315,-0.04933454674240277,0.2523870629592416,0.00012619353147962081,10,0.95,0.050000000000000044
2020-02-24,-0.05157582977480987,-0.05163709494287998,0.12253033614020835,6.126516807010417e-05,10,0.9500000000000002,0.04999999999999982
2020-02-25,-0.0073493830998756105,-0.007368698771057403,0.03863134236358528,1.931567118179264e-05,10,0.9500000000000001,0.04999999999999993
2020-02-26,-0.05171482064986478,-0.051789063889456845,0.14848647918412167,7.424323959206083e-05,10,0.9499999999999997,0.050000000000000266
2020-02-27,-0.005715084611467235,-0.005803705329352817,0.17724143577116327,8.862071788558164e-05,10,0.9499999999999997,0.050000000000000266
2020-02-28,0.07777947878553103,0.07771320271136843,0.1325521483252047,6.627607416260236e-05,10,0.9500000000000002,0.04999999999999982
2020-03-02,-0.013769367334719356,-0.013851457978300591,0.1641812871624706,8.20906435812353e-05,10,0.9500000000000001,0.04999999999999993
2020-03-03,0.039091458075623794,0.039032104846375225,0.11870645849714606,5.935322924857303e-05,10,0.95,0.050000000000000044
2020-03-04,-0.017170523967777337,-0.017280858115503814,0.22066829545295272,0.00011033414772647636,10,0.9499999999999998,0.050000000000000155
2020-03-05,-0.03266913879490673,-0.032833822245632034,0.32936690145060443,0.0001646834507253022,10,0.95,0.050000000000000044
2020-03-06,-0.10520602627303585,-0.10532210481430201,0.23215708253231282,0.00011607854126615642,10,0.9499999999999998,0.050000000000000155
2020-03-09,0.01000078830918205,0.009929303266027195,0.14297008630970898,7.148504315485448e-05,10,0.9500000000000002,0.04999999999999982
2020-03-10,-0.08058025908748714,-0.08067921468996969,0.197911204965101,9.89556024825505e-05,10,0.9499999999999998,0.050000000000000155
2020-03-11,-0.14271830331746635,-0.14277520088665022,0.11379513836774388,5.6897569183871944e-05,10,0.95,0.050000000000000044
2020-03-12,0.01188721731709892,0.01183077439215693,0.11288584988397911,5.6442924941989556e-05,10,0.9500000000000003,0.04999999999999971
2020-03-13,-0.14897050721452018,-0.14899836291840568,0.055711407771006895,2.785570388550345e-05,10,0.9500000000000001,0.04999999999999993
2020-03-16,0.059322804474032445,0.05929687234762693,0.051864252811030846,2.5932126405515424e-05,10,0.9499999999999998,0.050000000000000155
2020-03-17,-0.13961480547805913,-0.13970139097479398,0.17317099346970966,8.658549673485483e-05,10,0.9499999999999998,0.050000000000000155
2020-03-18,0.06409846422657128,0.06406204540735203,0.07283763843850885,3.641881921925443e-05,10,0.95,0.050000000000000044
2020-03-19,0.02593353980104099,0.025822642903668088,0.2217937947457994,0.0001108968973728997,10,0.9499999999999996,0.05000000000000038
2020-03-20,0.0685946436855545,0.06848105945150496,0.22716846809907992,0.00011358423404953996,10,0.95,0.050000000000000044
2020-03-23,0.1447056096884957,0.14468764381651078,0.03593174396979943,1.7965871984899717e-05,10,0.95,0.050000000000000044
2020-03-24,0.027039251792828956,0.026949209239785495,0.1800851060869223,9.004255304346115e-05,10,0.9500000000000001,0.04999999999999993
2020-03-25,0.024946351498696815,0.02492487872724305,0.04294554290752917,2.1472771453764585e-05,10,0.95,0.050000000000000044
2020-03-26,-0.05345908787189253,-0.05353464188504813,0.15110802631119885,7.555401315559943e-05,10,0.95,0.050000000000000044
2020-03-27,-0.024565946385430436,-0.02472929108952779,0.3266894081947048,0.00016334470409735242,10,0.9500000000000001,0.04999999999999993
2020-03-30,-0.012481933290890548,-0.01251445351773785,0.06504045369460107,3.2520226847300534e-05,10,0.95,0.050000000000000044
2020-03-31,-0.05420894725786539,-0.054294621464078534,0.17134841242628643,8.567420621314322e-05,10,0.9500000000000001,0.04999999999999993
2020-04-01,-0.010485294940404786,-0.010505938335841965,0.04128679087435815,2.0643395437179077e-05,10,0.95,0.050000000000000044
2020-04-02,-0.01541529836989191,-0.01548451502873887,0.13843331769392,6.921665884696e-05,10,0.9500000000000002,0.04999999999999982
2020-04-03,0.0813966559888164,0.0813733109673519,0.04669004292899797,2.3345021464498985e-05,10,0.9500000000000001,0.04999999999999993
2020-04-06,-0.019531260564123094,-0.019547386276395937,0.0322514245456897,1.612571227284485e-05,10,0.9500000000000001,0.04999999999999993
2020-04-07,0.060541609554478334,0.0604515858968139,0.18004731532886334,9.002365766443168e-05,10,0.95,0.050000000000000044
2020-04-08,0.011007558127278525,0.010927050754968765,0.1610147446195202,8.05073723097601e-05,10,0.95,0.050000000000000044
2020-04-09,0.03880718636206304,0.03877509426009698,0.06418420393211602,3.209210196605801e-05,10,0.9499999999999998,0.050000000000000155
2020-04-13,0.07123376143176958,0.07119034293659449,0.08683699035018722,4.341849517509361e-05,10,0.9500000000000001,0.04999999999999993
2020-04-14,-0.004052993532851061,-0.004098439611978166,0.09089215825420945,4.544607912710472e-05,10,0.9500000000000001,0.04999999999999993
2020-04-15,0.016849564802672853,0.01677349033287344,0.1521489395988286,7.60744697994143e-05,10,0.95,0.050000000000000044
2020-04-16,0.012265705088309637,0.012100800017864058,0.3298101408911588,0.0001649050704455794,10,0.9499999999999998,0.050000000000000155
2020-04-17,0.04813557265992506,0.047991335615556054,0.2884740887380195,0.00014423704436900976,10,0.95,0.050000000000000044
2020-04-20,-0.04569803732702438,-0.045948472856924764,0.5008710598007723,0.0002504355299003861,10,0.9499999999999998,0.050000000000000155
2020-04-21,0.028186793078711088,0.028089519686522704,0.1945467843767686,9.72733921883843e-05,10,0.9500000000000001,0.04999999999999993
2020-04-22,0.02772223810110807,0.02766648574530347,0.11150471160920201,5.575235580460101e-05,10,0.9500000000000001,0.04999999999999993
2020-04-23,0.017854201279705113,0.01767315775374582,0.36208705191858515,0.00018104352595929257,10,0.9499999999999997,0.050000000000000266
2020-04-24,0.05897641250026077,0.058863346775265654,0.22613144999023554,0.00011306572499511778,10,0.9499999999999997,0.050000000000000266
2020-04-27,-0.012303216365530757,-0.01242739185845755,0.24835098585358262,0.0001241754929267913,10,0.9499999999999997,0.050000000000000266
2020-04-28,0.017428479011644835,0.01738355151127897,0.08985500073172556,4.492750036586278e-05,10,0.9499999999999996,0.05000000000000038
2020-04-29,-0.02496593195252786,-0.025005485799350052,0.07910769364438883,3.955384682219442e-05,10,0.95,0.050000000000000044
2020-04-30,-0.027271729763782174,-0.027324713635148663,0.1059677427329809,5.2983871366490455e-05,10,0.9499999999999998,0.050000000000000155
2020-05-01,0.037569785381738566,0.037533527325030805,0.0725161134155201,3.625805670776005e-05,10,0.95,0.050000000000000044
2020-05-04,-0.0029714976869356954,-0.0031223510460425693,0.3017067182137475,0.00015085335910687377,10,0.95,0.050000000000000044
2020-05-05,0.02534228315832493,0.02519211329043967,0.30033973577051776,0.00015016986788525888,10,0.9500000000000003,0.04999999999999971
2020-05-06,0.02261257958579359,0.02250079885823913,0.22356145510892306,0.00011178072755446153,10,0.9500000000000002,0.04999999999999982
2020-05-07,0.01113349583984063,0.011052668644840932,0.16165438999939502,8.082719499969752e-05,10,0.95,0.050000000000000044
2020-05-08,0.08538551492674329,0.08528475448473984,0.2015208840069142,0.0001007604420034571,10,0.95,0.050000000000000044
2020-05-11,0.07993356740593888,0.07989952198202938,0.0680908478189994,3.40454239094997e-05,10,0.95,0.050000000000000044
2020-05-12,-0.01316199277526832,-0.013258591842802845,0.19319813506904837,9.659906753452418e-05,10,0.9500000000000001,0.04999999999999993
2020-05-13,-0.00674116034100505,-0.006838069807549221,0.19381893308834025,9.690946654417012e-05,10,0.9499999999999998,0.050000000000000155
2020-05-14,0.013947228006028087,0.013922620855370152,0.049214301315871074,2.460715065793554e-05,10,0.95,0.050000000000000044
2020-05-15,0.06221200438117266,0.062135641552907225,0.15272565653086562,7.636282826543281e-05,10,0.95,0.050000000000000044
2020-05-18,-0.012990765699631672,-0.013016565429753461,0.05159946024357717,2.5799730121788588e-05,10,0.9500000000000001,0.04999999999999993
2020-05-19,0.005332474147705285,0.00520668544527986,0.2515774048508493,0.00012578870242542465,10,0.9499999999999996,0.05000000000000038
2020-05-20,0.00660600039944846,0.006589482123777901,0.03303655134111795,1.6518275670558975e-05,10,0.9500000000000002,0.04999999999999982
2020-05-21,-0.022254781415202565,-0.022286447656904376,0.06333248340362498,3.1666241701812486e-05,10,0.95,0.050000000000000044
2020-05-22,-0.022042191039931606,-0.022148467271546166,0.2125524632291229,0.00010627623161456146,10,0.95,0.050000000000000044
2020-05-26,0.03286881509423015,0.03277885176795242,0.17992665255545276,8.996332627772639e-05,10,0.9500000000000001,0.04999999999999993
2020-05-27,-0.016687335198590406,-0.016800930228660683,0.22719006014055412,0.00011359503007027706,10,0.9499999999999998,0.050000000000000155
2020-05-28,0.03190224182191419,0.03175178729323536,0.3009090573576423,0.00015045452867882113,10,0.95,0.050000000000000044
2020-05-29,0.039778276801710935,0.03968197045609952,0.19261269122282182,9.63063456114109e-05,10,0.9499999999999998,0.050000000000000155
2020-06-01,-0.023172512115301497,-0.023186768411195,0.028512591787009052,1.4256295893504526e-05,10,0.9500000000000001,0.04999999999999993
2020-06-02,-0.03498466932530192,-0.035106918666789395,0.2444986829749554,0.0001222493414874777,10,0.95,0.050000000000000044
2020-06-03,-0.03494122232864571,-0.035048767421273545,0.21509018525566923,0.00010754509262783462,10,0.9500000000000001,0.04999999999999993
2020-06-04,0.005231330940627359,0.00514990319926328,0.16285548272815759,8.142774136407879e-05,10,0.9500000000000001,0.04999999999999993
2020-06-05,0.01882953379261155,0.018707163123800982,0.2447413376211318,0.00012237066881056588,10,0.95,0.050000000000000044
2020-06-08,-0.0030329537104055817,-0.003123734024481829,0.18156062815249405,9.078031407624702e-05,10,0.95,0.050000000000000044
2020-06-09,0.0271227747740345,0.02708486676256198,0.07581602294503277,3.790801147251639e-05,10,0.9499999999999998,0.050000000000000155
2020-06-10,-0.01856828012586087,-0.018638956839595867,0.14135342746999602,7.067671373499801e-05,10,0.95,0.050000000000000044
2020-06-11,0.026190265545891978,0.026027899098536943,0.3247328947100696,0.0001623664473550348,10,0.9500000000000001,0.04999999999999993
2020-06-12,0.10872315667766336,0.10869918973014125,0.047933895044196644,2.3966947522098323e-05,10,0.9500000000000002,0.04999999999999982
2020-06-15,-0.0004968195089849769,-0.0005203576280613937,0.04707623815283367,2.3538119076416835e-05,10,0.9500000000000001,0.04999999999999993
2020-06-16,0.0018299578925737516,0.0017314900754870314,0.1969356341734405,9.846781708672026e-05,10,0.95,0.050000000000000044
2020-06-17,0.043357862978806415,0.04322638756132367,0.2629508349654833,0.00013147541748274167,10,0.95,0.050000000000000044
2020-06-18,0.051550825861502544,0.05153031775114693,0.041016220711231136,2.0508110355615567e-05,10,0.95,0.050000000000000044
2020-06-19,0.018989639277425616,0.018914881607271363,0.14951534030850616,7.475767015425308e-05,10,0.95,0.050000000000000044
2020-06-22,0.017989329503321733,0.0178518653437949,0.2749283190536653,0.00013746415952683267,10,0.95,0.050000000000000044
2020-06-23,0.03467857985107866,0.03460105614791066,0.1550474063360025,7.752370316800125e-05,10,0.95,0.050000000000000044
2020-06-24,0.007566418710307446,0.007418543056041278,0.29575130853233467,0.00014787565426616734,10,0.9499999999999998,0.050000000000000155
2020-06-25,-0.05136487782080769,-0.051470235013116,0.21071438461661177,0.00010535719230830589,10,0.9500000000000001,0.04999999999999993
2020-06-26,0.03867991980362429,0.03860023473694378,0.159370133361027,7.968506668051351e-05,10,0.95,0.050000000000000044
2020-06-29,0.028632205133292937,0.02855270188659282,0.1590064934002327,7.950324670011635e-05,10,0.9499999999999998,0.050000000000000155
2020-06-30,-0.01727831899431605,-0.017317635427835147,0.0786328670381908,3.9316433519095406e-05,10,0.9500000000000001,0.04999999999999993
2020-07-01,0.012825028047093703,0.012707363833705467,0.2353284267764701,0.00011766421338823505,10,0.95,0.050000000000000044
2020-07-02,-0.011924209130583077,-0.012053733766302144,0.259049271438132,0.00012952463571906601,10,0.95,0.050000000000000044
2020-07-06,0.08149831595855841,0.08135120754805064,0.29421682101554825,0.00014710841050777414,10,0.9500000000000001,0.04999999999999993
2020-07-07,0.04583418160571315,0.04580327023494086,0.061822741544583,3.09113707722915e-05,10,0.9500000000000001,0.04999999999999993
2020-07-08,0.011184614057024167,0.011039770926942865,0.28968626016260324,0.00014484313008130163,10,0.9500000000000001,0.04999999999999993
2020-07-09,-0.014545906340775882,-0.014612608649416407,0.13340461728105024,6.670230864052512e-05,10,0.95,0.050000000000000044
2020-07-10,0.012217033302387095,0.01213319981213224,0.16766698050970902,8.383349025485452e-05,10,0.9500000000000001,0.04999999999999993
2020-07-13,0.02030369501107235,0.02026961174279526,0.06816653655418548,3.408326827709274e-05,10,0.95,0.050000000000000044
2020-07-14,0.01932408311432929,0.019259031145699792,0.13010393725900013,6.505196862950007e-05,10,0.95,0.050000000000000044
2020-07-15,0.017971439488457055,0.017952547970308822,0.037783036296463325,1.8891518148231663e-05,10,0.9499999999999998,0.050000000000000155
2020-07-16,0.05803674010336308,0.058019326970529195,0.03482626566776984,1.741313283388492e-05,10,0.95,0.050000000000000044
2020-07-17,-0.017969892130628752,-0.01798852661103249,0.037268960807471864,1.863448040373593e-05,10,0.9500000000000001,0.04999999999999993
2020-07-20,0.0065869560001958856,0.006573739981144373,0.026432038103026453,1.3216019051513227e-05,10,0.95,0.050000000000000044
2020-07-21,-0.00019982476817582842,-0.0002217538478152042,0.043858159278751585,2.1929079639375792e-05,10,0.9499999999999998,0.050000000000000155
2020-07-22,-0.04954610686627503,-0.04959175911930427,0.09130450605846764,4.565225302923382e-05,10,0.9499999999999998,0.050000000000000155
2020-07-23,-0.040866062861702544,-0.040888211194420085,0.04429666543508788,2.214833271754394e-05,10,0.95,0.050000000000000044
2020-07-24,0.04491906843240126,0.04488613844695836,0.06585997088580449,3.292998544290224e-05,10,0.95,0.050000000000000044
2020-07-27,0.008125317075467434,0.008085811397490502,0.07901135595386227,3.9505677976931136e-05,10,0.9499999999999997,0.050000000000000266
2020-07-28,-0.012911524175092406,-0.012982252170836404,0.14145599148799526,7.072799574399763e-05,10,0.9500000000000001,0.04999999999999993
2020-07-29,-0.003492971839382906,-0.003550733880373154,0.11552408198049618,5.7762040990248095e-05,10,0.9499999999999998,0.050000000000000155
2020-07-30,-0.02139150099366669,-0.021457451185861807,0.13190038439022897,6.595019219511448e-05,10,0.95,0.050000000000000044
2020-07-31,0.09240623776397594,0.09237585494167086,0.0607656446101726,3.0382822305086302e-05,10,0.95,0.050000000000000044
2020-08-03,0.003157444228367216,0.003127847491775925,0.05919347318258168,2.9596736591290843e-05,10,0.95,0.050000000000000044
2020-08-04,0.024215799121235403,0.02412071726053745,0.19016372139591134,9.508186069795568e-05,10,0.95,0.050000000000000044
2020-08-05,-0.01202284845130305,-0.012186749871894916,0.3278028411837311,0.00016390142059186555,10,0.9499999999999998,0.050000000000000155
2020-08-06,-0.017014081302020416,-0.017112897631476637,0.1976326589124442,9.88163294562221e-05,10,0.9500000000000001,0.04999999999999993
2020-08-07,0.02307957371111921,0.02300128070306802,0.15658601610238393,7.829300805119196e-05,10,0.9500000000000001,0.04999999999999993
2020-08-10,-0.09145148764586047,-0.09146577329564567,0.028571299570403837,1.4285649785201919e-05,10,0.9499999999999998,0.050000000000000155
2020-08-11,-0.04721539667662448,-0.0472604371280021,0.09008090275523607,4.504045137761804e-05,10,0.95,0.050000000000000044
2020-08-12,0.03738035745876149,0.03732497941728503,0.11075608295291901,5.5378041476459505e-05,10,0.95,0.050000000000000044
2020-08-13,0.018267698806533523,0.01815705436374609,0.22128888557486615,0.00011064444278743307,10,0.9500000000000001,0.04999999999999993
2020-08-14,0.03444157521111262,0.03438053555257554,0.1220793170741744,6.10396585370872e-05,10,0.9500000000000001,0.04999999999999993
2020-08-17,-0.020988831470655393,-0.02101901541660447,0.060367891898160865,3.0183945949080435e-05,10,0.9499999999999997,0.050000000000000266
2020-08-18,0.0009734708869588544,0.0008878062044564635,0.17132936500478174,8.566468250239088e-05,10,0.95,0.050000000000000044
2020-08-19,-0.00800988455676253,-0.008080631870259024,0.14149462699298698,7.074731349649349e-05,10,0.95,0.050000000000000044
2020-08-20,-0.023132424259515717,-0.023155157122866032,0.04546572670063093,2.2732863350315465e-05,10,0.95,0.050000000000000044
2020-08-21,-0.061766968611779334,-0.0617816663867427,0.029395549926734904,1.4697774963367453e-05,10,0.9500000000000001,0.04999999999999993
2020-08-24,-0.00046655840720488976,-0.0005238977011672155,0.11467858792465141,5.733929396232571e-05,10,0.9499999999999997,0.050000000000000266
2020-08-25,0.010147210649888893,0.010082041283394365,0.13033873298905563,6.516936649452781e-05,10,0.95,0.050000000000000044
2020-08-26,-0.03831665109077945,-0.03833348138477188,0.03366058798485337,1.6830293992426686e-05,10,0.9500000000000001,0.04999999999999993
2020-08-27,-0.009843962581647,-0.00986896675233039,0.05000834136678384,2.500417068339192e-05,10,0.9499999999999995,0.05000000000000049
2020-08-28,0.030893030753558204,0.030863899773584946,0.05826195994651404,2.9130979973257023e-05,10,0.9499999999999996,0.05000000000000038
2020-08-31,-0.010271157568468994,-0.010307909931141147,0.07350472534430622,3.675236267215311e-05,10,0.95,0.050000000000000044
2020-09-01,-0.016189163788469164,-0.016208307444795563,0.03828731265279722,1.914365632639861e-05,10,0.9500000000000002,0.04999999999999982
2020-09-02,-0.03176118534737503,-0.031778970573960605,0.0355704531711576,1.7785226585578798e-05,10,0.9500000000000001,0.04999999999999993
2020-09-03,-0.052519316516019716,-0.05256063854252387,0.08264405300830682,4.1322026504153413e-05,10,0.9499999999999998,0.050000000000000155
2020-09-04,-0.05985544807599155,-0.05993688668741686,0.1628772228506177,8.143861142530885e-05,10,0.9499999999999996,0.05000000000000038
2020-09-08,0.05612565475912929,0.05604599540114663,0.15931871596532277,7.965935798266138e-05,10,0.95,0.050000000000000044
2020-09-09,0.007111127980275141,0.007037000476499424,0.14825500755143306,7.412750377571653e-05,10,0.9500000000000002,0.04999999999999982
2020-09-10,0.008062338265033263,0.00796222239366788,0.20023174273076721,0.00010011587136538362,10,0.9499999999999997,0.050000000000000266
2020-09-11,0.08636590926215287,0.08626675403279158,0.1983104587226021,9.915522936130105e-05,10,0.9499999999999998,0.050000000000000155
2020-09-14,0.02536321630806796,0.02533106593532431,0.06430074548729939,3.2150372743649696e-05,10,0.9499999999999997,0.050000000000000266
2020-09-15,0.02963884807921027,0.029609140692927017,0.05941477256650283,2.9707386283251414e-05,10,0.9500000000000001,0.04999999999999993
2020-09-16,-0.0029980152397505403,-0.003088220426205297,0.18041037290951384,9.020518645475692e-05,10,0.95,0.050000000000000044
2020-09-17,-0.0033568966053929943,-0.003390081756611026,0.06637030243606398,3.3185151218031994e-05,10,0.9500000000000001,0.04999999999999993
2020-09-18,0.0015702219666188996,0.0014839286383473566,0.1725866565430861,8.629332827154305e-05,10,0.9499999999999998,0.050000000000000155
2020-09-21,0.0011478932079617688,0.0010689478801885095,0.1578906555465185,7.894532777325924e-05,10,0.9500000000000002,0.04999999999999982
2020-09-22,-0.06324610172540966,-0.06326971226318354,0.0472210755477418,2.3610537773870898e-05,10,0.95,0.050000000000000044
2020-09-23,-0.007160515421760755,-0.007252213269657835,0.18339569579415876,9.169784789707938e-05,10,0.9500000000000001,0.04999999999999993
2020-09-24,0.05327591845590798,0.05319466154320074,0.1625138254144819,8.125691270724094e-05,10,0.9499999999999998,0.050000000000000155
2020-09-25,0.016675282055192742,0.01659858104598255,0.15340201842038803,7.670100921019402e-05,10,0.95,0.050000000000000044
2020-09-28,0.007807548579484286,0.007785939737425521,0.04321768411752931,2.1608842058764656e-05,10,0.95,0.050000000000000044
2020-09-29,0.014348628775075273,0.014270492790007623,0.15627197013530064,7.813598506765032e-05,10,0.95,0.050000000000000044
2020-09-30,0.008784904241061209,0.008706729104438978,0.1563502732444615,7.817513662223074e-05,10,0.95,0.050000000000000044
2020-10-01,-0.010021810358992723,-0.010214164797325436,0.38470887666542497,0.0001923544383327125,10,0.9499999999999998,0.050000000000000155
2020-10-02,0.03831065414183379,0.03818327522935338,0.2547578249608173,0.00012737891248040866,10,0.9500000000000002,0.04999999999999982
2020-10-05,-0.024852265999996317,-0.024985034603669905,0.26553720734717734,0.00013276860367358867,10,0.9500000000000001,0.04999999999999993
2020-10-06,0.03304957044548176,0.033024698691669574,0.0497435076243833,2.4871753812191652e-05,10,0.9500000000000001,0.04999999999999993
2020-10-07,-0.007937343917486923,-0.008035210043432377,0.19573225189090926,9.786612594545463e-05,10,0.95,0.050000000000000044
2020-10-08,0.02330437056316256,0.02321441866056387,0.17990380519737464,8.995190259868733e-05,10,0.95,0.050000000000000044
2020-10-09,-0.0006396732159293502,-0.0006505003891513842,0.02165434644406805,1.0827173222034025e-05,10,0.95,0.050000000000000044
2020-10-12,0.035736182164259916,0.035673991610146706,0.1243811082264155,6.219055411320775e-05,10,0.9500000000000004,0.0499999999999996
2020-10-13,0.0147433803831036,0.014603206311375261,0.2803481434566758,0.0001401740717283379,10,0.9500000000000001,0.04999999999999993
2020-10-14,-0.0009327500230744933,-0.000950284205798046,0.03506836544710539,1.7534182723552697e-05,10,0.95,0.050000000000000044
2020-10-15,-0.012386612711064919,-0.012473223309193178,0.17322119625651855,8.661059812825928e-05,10,0.95,0.050000000000000044
2020-10-16,-0.021687040892419056,-0.021704597146346965,0.035112507855815475,1.755625392790774e-05,10,0.9499999999999998,0.050000000000000155
2020-10-19,-0.012968521531150095,-0.012988198158255295,0.039353254210400104,1.9676627105200053e-05,10,0.9500000000000001,0.04999999999999993
2020-10-20,-0.05951061663747345,-0.05953237547355593,0.04351767216495566,2.1758836082477832e-05,10,0.9499999999999997,0.050000000000000266
2020-10-21,0.013703511420390514,0.013624456883241884,0.1581090742972607,7.905453714863035e-05,10,0.9499999999999998,0.050000000000000155
2020-10-22,-0.006435771623289233,-0.006510044646557677,0.14854604653688888,7.427302326844445e-05,10,0.9499999999999998,0.050000000000000155
2020-10-23,-0.024913939305742025,-0.024994577987254463,0.16127736302487605,8.063868151243803e-05,10,0.9500000000000001,0.04999999999999993
2020-10-26,0.022586973865736295,0.02251419649735495,0.14555473676269232,7.277736838134616e-05,10,0.9499999999999996,0.05000000000000038
2020-10-27,-0.02986873720399659,-0.029944508548328343,0.15154268866350348,7.577134433175174e-05,10,0.95,0.050000000000000044
2020-10-28,0.04087370030834148,0.040790117754739515,0.1671651072039344,8.35825536019672e-05,10,0.9499999999999998,0.050000000000000155
2020-10-29,-0.0595270023426173,-0.059600072862228126,0.14614103922165267,7.307051961082633e-05,10,0.95,0.050000000000000044
2020-10-30,0.034162316383421806,0.03403374135747539,0.25715005189283185,0.00012857502594641594,10,0.95,0.050000000000000044
2020-11-02,0.038854546693626674,0.03883743432621114,0.03422473483106702,1.7112367415533512e-05,10,0.9499999999999998,0.050000000000000155
2020-11-03,0.034111489034719555,0.034087318004907746,0.04834205962362189,2.4171029811810944e-05,10,0.95,0.050000000000000044
2020-11-04,0.06049922802212068,0.060407268475331725,0.1839190935779199,9.195954678895995e-05,10,0.9500000000000001,0.04999999999999993
2020-11-05,-0.009453863259434587,-0.009483049982644001,0.058373446418829904,2.9186723209414953e-05,10,0.95,0.050000000000000044
2020-11-06,-0.0272764882375,-0.027293972885344197,0.03496929568839471,1.7484647844197353e-05,10,0.9499999999999998,0.050000000000000155
2020-11-09,-0.05112024903792107,-0.05114038530350268,0.040272531163214956,2.013626558160748e-05,10,0.95,0.050000000000000044
2020-11-10,0.06280510569416939,0.0627829992442245,0.0442128998897792,2.2106449944889603e-05,10,0.9499999999999996,0.05000000000000038
2020-11-11,0.06107487105976578,0.06104487462358332,0.05999287236491352,2.999643618245676e-05,10,0.9499999999999997,0.050000000000000266
2020-11-12,0.0014861432446567604,0.0014481200224126438,0.07604644448823311,3.8023222244116555e-05,10,0.9500000000000001,0.04999999999999993
2020-11-13,0.0010843004847017371,0.0010080364670871868,0.1525280352291009,7.626401761455046e-05,10,0.9499999999999998,0.050000000000000155
2020-11-16,0.011176068231341464,0.011116982981476026,0.11817049973087565,5.908524986543782e-05,10,0.9499999999999998,0.050000000000000155
2020-11-17,-0.009629508059139709,-0.009700830979160741,0.1426458400420636,7.13229200210318e-05,10,0.9499999999999997,0.050000000000000266
2020-11-18,0.01582887141826868,0.015762923113169534,0.13189661019829366,6.594830509914683e-05,10,0.95,0.050000000000000044
2020-11-19,0.014934468873956837,0.014854114400442842,0.1607089470279901,8.035447351399505e-05,10,0.95,0.050000000000000044
2020-11-20,0.055509402675572576,0.0554376362061824,0.14353293878034099,7.17664693901705e-05,10,0.9499999999999998,0.050000000000000155
2020-11-23,-0.009174706667785991,-0.009185268645417861,0.021123955263742465,1.0561977631871232e-05,10,0.95,0.050000000000000044
2020-11-24,0.03572827680805783,0.03566024821415882,0.13605718779801718,6.802859389900859e-05,10,0.9500000000000002,0.04999999999999982
2020-11-25,0.08936021691125708,0.08929176708765926,0.13689964719562847,6.844982359781424e-05,10,0.95,0.050000000000000044
2020-11-27,0.009781887521045161,0.00975235067913484,0.0590736838206438,2.95368419103219e-05,10,0.9500000000000001,0.04999999999999993
2020-11-30,-0.06133805041496502,-0.061435607130386295,0.19511343084255614,9.755671542127807e-05,10,0.9499999999999998,0.050000000000000155
2020-12-01,0.01525455239335026,0.015177363255465237,0.15437827577004642,7.718913788502322e-05,10,0.95,0.050000000000000044
2020-12-02,0.00040625539064575956,0.00033377640627306276,0.14495796874539363,7.247898437269682e-05,10,0.95,0.050000000000000044
2020-12-03,-0.004797241506503393,-0.004820281745084535,0.04608047716228358,2.3040238581141788e-05,10,0.9500000000000001,0.04999999999999993
2020-12-04,0.019412404761010697,0.01934281275445628,0.13918401310883555,6.959200655441777e-05,10,0.9500000000000001,0.04999999999999993
2020-12-07,0.017038587430160356,0.016965600784863196,0.1459732905943215,7.298664529716074e-05,10,0.9499999999999997,0.050000000000000266
2020-12-08,-0.047117390151881156,-0.047179920932394925,0.12506156102753974,6.253078051376987e-05,10,0.95,0.050000000000000044
2020-12-09,0.021157124535631112,0.021065619904552857,0.1830092621565098,9.15046310782549e-05,10,0.9499999999999998,0.050000000000000155
2020-12-10,-6.131269342574738e-05,-7.740920150592367e-05,0.03219301616035258,1.6096508080176293e-05,10,0.95,0.050000000000000044
2020-12-11,0.004730796834017407,0.004704451505021132,0.0526906579925505,2.634532899627525e-05,10,0.9500000000000001,0.04999999999999993
2020-12-14,0.025472476800655723,0.025447394438387803,0.05016472453583973,2.5082362267919864e-05,10,0.9499999999999998,0.050000000000000155
2020-12-15,0.005701118113573955,0.00562215933949141,0.15791754816509096,7.895877408254548e-05,10,0.9499999999999998,0.050000000000000155
2020-12-16,0.041733502947365456,0.04166871386682802,0.12957816107486053,6.478908053743027e-05,10,0.95,0.050000000000000044
2020-12-17,-0.0021406956820088727,-0.0021547704976546496,0.028149631291553873,1.4074815645776937e-05,10,0.9499999999999998,0.050000000000000155
2020-12-18,0.02137133549645227,0.02131687789870249,0.10891519549956467,5.445759774978234e-05,10,0.95,0.050000000000000044
2020-12-21,-0.007522636625006289,-0.007543390453893978,0.04150765777537743,2.0753828887688717e-05,10,0.9500000000000001,0.04999999999999993
2020-12-22,0.018505043246670082,0.01848531783791825,0.03945081750366789,1.9725408751833946e-05,10,0.9500000000000001,0.04999999999999993
2020-12-23,-0.004855192730003486,-0.004877580254891886,0.0447750497767989,2.2387524888399452e-05,10,0.95,0.050000000000000044
2020-12-24,-0.05134022374154232,-0.051356795644957064,0.03314380682949443,1.6571903414747214e-05,10,0.9500000000000001,0.04999999999999993
2020-12-28,0.0115562128748113,0.011540870313936134,0.030685121750331015,1.534256087516551e-05,10,0.95,0.050000000000000044
2020-12-29,0.02192298366770704,0.021746475537137214,0.3530162611396479,0.00017650813056982397,10,0.9499999999999998,0.050000000000000155
2020-12-30,-0.020602675768179878,-0.020695966482422373,0.18658142848498857,9.329071424249429e-05,10,0.95,0.050000000000000044
2020-12-31,0.023513256212743694,0.023421392832327095,0.18372676083320058,9.186338041660029e-05,10,0.9500000000000001,0.04999999999999993
2021-01-04,0.021573848849152453,0.021559473337580543,0.028751023143822822,1.4375511571911411e-05,10,0.9500000000000003,0.04999999999999971
2021-01-05,0.022399680558652775,0.02233313625376937,0.13308860976680964,6.654430488340482e-05,10,0.9500000000000002,0.04999999999999982
2021-01-06,0.06469024942158483,0.06463103805160472,0.11842273996022142,5.921136998011071e-05,10,0.9500000000000001,0.04999999999999993
2021-01-07,0.018646184349723132,0.018586257298386533,0.119854102673198,5.9927051336599004e-05,10,0.9499999999999996,0.05000000000000038
2021-01-08,-0.0110328539110152,-0.011049021258667212,0.032334695304023324,1.6167347652011663e-05,10,0.95,0.050000000000000044
2021-01-11,0.05882894213328595,0.05876814890978784,0.1215864469962128,6.07932234981064e-05,10,0.9500000000000002,0.04999999999999982
2021-01-12,0.008898840052194754,0.008841337255210599,0.11500559396831009,5.750279698415504e-05,10,0.9499999999999998,0.050000000000000155
2021-01-13,0.020789853632073658,0.020718361374242752,0.14298451566180959,7.149225783090479e-05,10,0.9500000000000001,0.04999999999999993
2021-01-14,-0.028293748151171066,-0.02831627353092832,0.04505075951451391,2.2525379757256957e-05,10,0.9499999999999998,0.050000000000000155
2021-01-15,0.014926803656090459,0.014890911310200112,0.07178469178069243,3.589234589034621e-05,10,0.95,0.050000000000000044
2021-01-19,-0.017923123020898345,-0.017966040945782583,0.08583584976847564,4.2917924884237816e-05,10,0.9499999999999998,0.050000000000000155
2021-01-20,0.008273741745185944,0.008198985857148773,0.14951177607434266,7.475588803717133e-05,10,0.95,0.050000000000000044
2021-01-21,0.023897111464276168,0.02385363413043268,0.08695466768697749,4.3477333843488746e-05,10,0.9499999999999998,0.050000000000000155
2021-01-22,0.002907501962196299,0.002882159859697885,0.050684204996827985,2.5342102498413995e-05,10,0.9499999999999997,0.050000000000000266
2021-01-25,0.06794673079514993,0.0678566491401708,0.18016330995825888,9.008165497912944e-05,10,0.9500000000000001,0.04999999999999993
2021-01-26,0.07586530667132288,0.07584180031622195,0.04701271020186142,2.350635510093071e-05,10,0.9500000000000001,0.04999999999999993
2021-01-27,-0.020936664034895094,-0.021034818581804768,0.1963090938193474,9.815454690967371e-05,10,0.9500000000000001,0.04999999999999993
2021-01-28,0.15953360812112952,0.1594671408330447,0.13293457616961907,6.646728808480953e-05,10,0.95,0.050000000000000044
2021-01-29,0.029232296288851694,0.029148889290006235,0.1668139976909173,8.340699884545865e-05,10,0.9499999999999998,0.050000000000000155
2021-02-01,-0.028372730094744326,-0.028465660154221136,0.1858601189536176,9.293005947680879e-05,10,0.9500000000000002,0.04999999999999982
2021-02-02,0.03919237961528478,0.0391097792429896,0.1652007445903597,8.260037229517985e-05,10,0.9500000000000001,0.04999999999999993
2021-02-03,-0.016465034300270298,-0.016543964421874727,0.15786024320885977,7.893012160442989e-05,10,0.9500000000000001,0.04999999999999993
2021-02-04,0.01393736478191442,0.013813133304420744,0.24846295498735246,0.00012423147749367623,10,0.95,0.050000000000000044
2021-02-05,0.03551435016608453,0.03537428407370109,0.28013218476687457,0.0001400660923834373,10,0.9500000000000001,0.04999999999999993
2021-02-08,-0.0007197453939494932,-0.0008042336647758739,0.16897654165276144,8.448827082638073e-05,10,0.9499999999999998,0.050000000000000155
2021-02-09,-0.028315361712681106,-0.028354109582732018,0.07749574010182585,3.874787005091292e-05,10,0.9500000000000002,0.04999999999999982
2021-02-10,0.007592876254052193,0.0075663386052053075,0.05307529769377048,2.653764884688524e-05,10,0.95,0.050000000000000044
2021-02-11,-0.0009782221201485816,-0.0010648325203581523,0.1732208004191417,8.661040020957086e-05,10,0.9500000000000002,0.04999999999999982
2021-02-12,-0.03705750613313436,-0.0370970594854936,0.0791067047184803,3.955335235924015e-05,10,0.95,0.050000000000000044
2021-02-16,-0.028031624974716736,-0.02811269343451505,0.1621369195966254,8.106845979831271e-05,10,0.9499999999999998,0.050000000000000155
2021-02-17,-0.048198709442447224,-0.048273471646294946,0.1495244076954385,7.476220384771926e-05,10,0.95,0.050000000000000044
2021-02-18,0.04364131560225079,0.0436097464113305,0.06313838184057353,3.156919092028677e-05,10,0.95,0.050000000000000044
2021-02-19,-0.05719571223907479,-0.057222516592090315,0.05360870603104616,2.680435301552308e-05,10,0.9499999999999997,0.050000000000000266
2021-02-22,-0.02493111129348643,-0.025012884375506913,0.16354616404096886,8.177308202048443e-05,10,0.9499999999999998,0.050000000000000155
2021-02-23,0.22433845590750934,0.22422862850836017,0.21965479829834497,0.00010982739914917249,10,0.95,0.050000000000000044
2021-02-24,-0.011794778928167918,-0.011840953299756984,0.09234874317813423,4.6174371589067115e-05,10,0.9499999999999998,0.050000000000000155
2021-02-25,-0.004134773105903709,-0.004319743108894108,0.3699400059807986,0.0001849700029903993,10,0.9499999999999997,0.050000000000000266
2021-02-26,0.12739693145371972,0.12718290170066898,0.42805950610145826,0.00021402975305072914,10,0.9499999999999997,0.050000000000000266
2021-03-01,-0.04629622829887082,-0.04645461202380742,0.3167674498732045,0.00015838372493660223,10,0.9499999999999998,0.050000000000000155
2021-03-02,-0.012834808618817988,-0.012958304825826876,0.24699241401777544,0.00012349620700888772,10,0.9500000000000001,0.04999999999999993
2021-03-03,-0.017289740079463174,-0.01736275629366005,0.1460324283937575,7.301621419687875e-05,10,0.95,0.050000000000000044
2021-03-04,0.021696403597773663,0.02149053472623434,0.4117377430786513,0.00020586887153932565,10,0.9499999999999998,0.050000000000000155
2021-03-05,0.0448696886514299,0.04484393072793569,0.051515846988428114,2.5757923494214057e-05,10,0.9500000000000002,0.04999999999999982
2021-03-08,0.13922008036364883,0.13913604732150972,0.1680660842782254,8.40330421391127e-05,10,0.95,0.050000000000000044
2021-03-09,0.019363098525252847,0.01927952679590423,0.16714345869723576,8.357172934861788e-05,10,0.9499999999999998,0.050000000000000155
2021-03-10,0.052708984117623585,0.052620590978329614,0.17678627858793766,8.839313929396883e-05,10,0.9500000000000001,0.04999999999999993
2021-03-11,0.007542785294627679,0.007439240225480456,0.20709013829444461,0.0001035450691472223,10,0.9500000000000002,0.04999999999999982
2021-03-12,0.0015570670736522072,0.001455377130988484,0.20337988532744625,0.00010168994266372313,10,0.95,0.050000000000000044
2021-03-15,-0.036930398990254625,-0.036970296980023507,0.0797959795377691,3.989798976888455e-05,10,0.95,0.050000000000000044
2021-03-16,0.0008443153261199867,0.0006758044219522215,0.3370218083355303,0.00016851090416776515,10,0.9500000000000002,0.04999999999999982
2021-03-17,-0.064394458057172,-0.0646131565513679,0.43739698839179963,0.00021869849419589983,10,0.95,0.050000000000000044
2021-03-18,0.027937581447622196,0.02781029055242107,0.25458179040225104,0.00012729089520112553,10,0.95,0.050000000000000044
2021-03-19,-0.0016662930599940814,-0.0017777913981035277,0.22299667621889266,0.00011149833810944633,10,0.95,0.050000000000000044
2021-03-22,-0.05004966144232375,-0.05008462395809415,0.06992503154079022,3.496251577039511e-05,10,0.9500000000000002,0.04999999999999982
2021-03-23,-0.10403205561308528,-0.10413764935895775,0.2111874917449526,0.00010559374587247631,10,0.95,0.050000000000000044
2021-03-24,0.052079572545141756,0.051985307888090804,0.188529314101902,9.426465705095099e-05,10,0.95,0.050000000000000044
2021-03-25,-0.00965346697380796,-0.00973304060940229,0.15914727118865576,7.957363559432788e-05,10,0.9499999999999997,0.050000000000000266
2021-03-26,-0.016281672299340133,-0.016324671433910847,0.08599826914142987,4.2999134570714936e-05,10,0.9500000000000001,0.04999999999999993
2021-03-29,0.04038338311703596,0.04036296858028049,0.0408290735109439,2.041453675547195e-05,10,0.9499999999999998,0.050000000000000155
2021-03-30,0.03817914072389339,0.03813858226085333,0.08111692608011614,4.055846304005807e-05,10,0.95,0.050000000000000044
2021-03-31,0.013776095186146316,0.013751816905021851,0.04855656224892944,2.4278281124464718e-05,10,0.95,0.050000000000000044
2021-04-01,-0.026062701493484594,-0.026167934624222875,0.21046626147656222,0.00010523313073828111,10,0.95,0.050000000000000044
2021-04-05,-0.004412504837690647,-0.00445985240915813,0.09469514293496582,4.734757146748291e-05,10,0.95,0.050000000000000044
2021-04-06,-0.027661507503688662,-0.027695471212222832,0.06792741706834003,3.3963708534170015e-05,10,0.95,0.050000000000000044
2021-04-07,-0.006346303804983228,-0.006480644093741781,0.26868057751710617,0.00013434028875855308,10,0.9500000000000003,0.04999999999999971
2021-04-08,-0.03911300947937893,-0.0391952924292023,0.16456589964674095,8.228294982337048e-05,10,0.95,0.050000000000000044
2021-04-09,-0.06556880742710194,-0.06559014604561005,0.042677237016203955,2.133861850810198e-05,10,0.95,0.050000000000000044
2021-04-12,0.006551717577441034,0.006483964051520678,0.13550705184071135,6.775352592035567e-05,10,0.9500000000000001,0.04999999999999993
2021-04-13,0.08862057120059079,0.08859083769161488,0.05946701795182502,2.973350897591251e-05,10,0.9500000000000001,0.04999999999999993
2021-04-14,-0.03482929917550094,-0.034907909231979894,0.1572201129579074,7.86100564789537e-05,10,0.9499999999999998,0.050000000000000155
2021-04-15,-0.0033217397455730675,-0.0034022107965395354,0.1609421019329363,8.047105096646814e-05,10,0.9499999999999998,0.050000000000000155
2021-04-16,0.02969150876605982,0.0295650708256703,0.25287588077904494,0.00012643794038952246,10,0.9500000000000001,0.04999999999999993
2021-04-19,-0.054906948043317215,-0.054986087898808815,0.15827971098319943,7.913985549159971e-05,10,0.9499999999999997,0.050000000000000266
2021-04-20,0.01357958446926708,0.013538622200032682,0.08192453846879669,4.0962269234398344e-05,10,0.9500000000000002,0.04999999999999982
2021-04-21,-0.016333296421805053,-0.01642424266270863,0.1818924818071502,9.09462409035751e-05,10,0.95,0.050000000000000044
2021-04-22,0.02169510315378159,0.021675048019417185,0.04011026872880357,2.0055134364401787e-05,10,0.9499999999999998,0.050000000000000155
2021-04-23,0.056621570007028645,0.05656515575862291,0.11282849681146205,5.641424840573103e-05,10,0.95,0.050000000000000044
2021-04-26,0.017851764045813078,0.017765905807448648,0.171716476728857,8.58582383644285e-05,10,0.9500000000000001,0.04999999999999993
2021-04-27,0.021291860911349145,0.021244399949589893,0.09492192351850431,4.7460961759252157e-05,10,0.9500000000000001,0.04999999999999993
2021-04-28,-0.025564498336710404,-0.025593076160712484,0.057155648004157567,2.8577824002078783e-05,10,0.95,0.050000000000000044
2021-04-29,-0.012263973174598455,-0.012297683967540112,0.06742158588331576,3.371079294165788e-05,10,0.95,0.050000000000000044
2021-04-30,-0.03338633086563599,-0.033406736555611764,0.04081137995154052,2.0405689975770263e-05,10,0.9499999999999998,0.050000000000000155
2021-05-03,-0.03143157632197853,-0.03150744587083846,0.15173909771986116,7.586954885993058e-05,10,0.9499999999999998,0.050000000000000155
2021-05-04,0.0016494136052074254,0.0015576802204997015,0.18346676941544793,9.173338470772397e-05,10,0.9500000000000002,0.04999999999999982
2021-05-05,-0.009753386701122519,-0.009817308521904728,0.12784364156441708,6.392182078220854e-05,10,0.9500000000000001,0.04999999999999993
2021-05-06,0.005913014855166771,0.005835818487376377,0.15439273558078795,7.719636779039398e-05,10,0.95,0.050000000000000044
2021-05-07,-0.07616531156777658,-0.07623648604152165,0.14234894749016777,7.117447374508389e-05,10,0.9500000000000001,0.04999999999999993
2021-05-10,0.019997619596219606,0.019930854103683726,0.13353098507176125,6.676549253588063e-05,10,0.95,0.050000000000000044
2021-05-11,-0.04679713184818086,-0.04687750996265709,0.16075622895246763,8.037811447623381e-05,10,0.9500000000000001,0.04999999999999993
2021-05-12,0.033682884481908,0.033542921025167934,0.2799269134801378,0.00013996345674006892,10,0.9500000000000001,0.04999999999999993
2021-05-13,0.03311313951550386,0.03301320926722439,0.19986049655894167,9.993024827947084e-05,10,0.9499999999999998,0.050000000000000155
2021-05-14,0.058361457675664294,0.05825721673501228,0.20848188130401993,0.00010424094065200997,10,0.95,0.050000000000000044
2021-05-17,0.00023782024314381684,0.00012953198938667527,0.21657650751428315,0.00010828825375714158,10,0.9500000000000001,0.04999999999999993
2021-05-18,-0.03526598289403969,-0.03535216040953699,0.17235503099459348,8.617751549729674e-05,10,0.9500000000000002,0.04999999999999982
2021-05-19,0.014669570681419159,0.014579174671003675,0.1807920208309695,9.039601041548475e-05,10,0.95,0.050000000000000044
2021-05-20,0.011781370837984376,0.011716057133055912,0.13062740985692659,6.531370492846329e-05,10,0.9499999999999998,0.050000000000000155
2021-05-21,0.0202958458346594,0.02022855333572628,0.1345849978662389,6.729249893311945e-05,10,0.95,0.050000000000000044
2021-05-24,0.06725280518466206,0.06724137640045458,0.022857568414968506,1.1428784207484254e-05,10,0.9499999999999998,0.050000000000000155
2021-05-25,0.08669389761939925,0.08658161869912781,0.2245578405428702,0.0001122789202714351,10,0.9499999999999998,0.050000000000000155
2021-05-26,0.03403980055129458,0.03401841435925568,0.04277238407781408,2.138619203890704e-05,10,0.9500000000000002,0.04999999999999982
2021-05-27,-0.05677353511022781,-0.0567895382011596,0.032006181863574,1.6003090931786998e-05,10,0.9500000000000002,0.04999999999999982
2021-05-28,0.07502022240714704,0.0749478616307414,0.14472155281129037,7.236077640564518e-05,10,0.95,0.050000000000000044
2021-06-01,0.05455763001123149,0.05450451920406649,0.10622161433001137,5.311080716500569e-05,10,0.95,0.050000000000000044
2021-06-02,-0.0390792725887748,-0.03909399011381168,0.029435050073765498,1.471752503688275e-05,10,0.9500000000000001,0.04999999999999993
2021-06-03,-0.0031363009315698944,-0.003207584657182713,0.14256745122563766,7.128372561281883e-05,10,0.9499999999999998,0.050000000000000155
2021-06-04,0.06694170836542783,0.06687037236287603,0.14267200510360303,7.133600255180151e-05,10,0.9500000000000001,0.04999999999999993
2021-06-07,0.03929023687842662,0.03921328130871535,0.15391113942254472,7.695556971127236e-05,10,0.9499999999999998,0.050000000000000155
2021-06-08,-0.0007867778739743853,-0.0008558160368151581,0.1380763256815458,6.90381628407729e-05,10,0.9499999999999997,0.050000000000000266
2021-06-09,-0.11952120828914042,-0.11959022881593973,0.1380410535986157,6.902052679930786e-05,10,0.95,0.050000000000000044
2021-06-10,0.03671912692883507,0.03669477287575169,0.04870810616676833,2.4354053083384166e-05,10,0.9499999999999998,0.050000000000000155
2021-06-11,0.009657991979070645,0.009533247620515321,0.24948871711064827,0.00012474435855532414,10,0.95,0.050000000000000044
2021-06-14,-0.013601998431454798,-0.013680253223611247,0.15650958431290093,7.825479215645047e-05,10,0.9500000000000002,0.04999999999999982
2021-06-15,-0.0015624060266905197,-0.001630765839758044,0.13671962613504873,6.835981306752437e-05,10,0.95,0.050000000000000044
2021-06-16,-0.0019762264563113864,-0.002050980990205301,0.1495090677878295,7.475453389391475e-05,10,0.9499999999999997,0.050000000000000266
2021-06-17,-0.020900177296301444,-0.021002764119102953,0.20517364560301854,0.00010258682280150927,10,0.9500000000000001,0.04999999999999993
2021-06-18,-0.006415680009572515,-0.006474532008277857,0.11770399741068621,5.8851998705343105e-05,10,0.95,0.050000000000000044
2021-06-21,0.08058944337597179,0.0805241836341279,0.1305194836877901,6.525974184389505e-05,10,0.95,0.050000000000000044
2021-06-22,0.00769704285631976,0.007638225755603248,0.11763420143302428,5.881710071651214e-05,10,0.9499999999999998,0.050000000000000155
2021-06-23,-0.00993342986598852,-0.00999362862699103,0.12039752200502116,6.019876100251058e-05,10,0.95,0.050000000000000044
2021-06-24,-0.004416515866310338,-0.00445019439068598,0.06735704875128513,3.367852437564257e-05,10,0.9500000000000001,0.04999999999999993
2021-06-25,0.011596837841492935,0.01157895382680963,0.03576802936660685,1.7884014683303425e-05,10,0.9500000000000001,0.04999999999999993
2021-06-28,-0.01041661144086142,-0.010474760662076277,0.11629844242971416,5.8149221214857076e-05,10,0.9499999999999998,0.050000000000000155
2021-06-29,0.015588452954159046,0.015564167362610784,0.0485711830965255,2.428559154826275e-05,10,0.9500000000000001,0.04999999999999993
2021-06-30,-0.031406666816716645,-0.03146817246431875,0.12301129520421422,6.150564760210711e-05,10,0.9500000000000001,0.04999999999999993
2021-07-01,-0.013276410400480332,-0.01338993830925694,0.2270558175532171,0.00011352790877660856,10,0.9499999999999998,0.050000000000000155
2021-07-02,-0.018864817231022755,-0.01891724040406771,0.1048463460899137,5.2423173044956846e-05,10,0.9499999999999997,0.050000000000000266
2021-07-06,-0.044872774487905435,-0.044913045592302706,0.08054220879453468,4.027110439726734e-05,10,0.9500000000000001,0.04999999999999993
2021-07-07,0.014599771117946154,0.014566319591100383,0.06690305369153972,3.345152684576986e-05,10,0.95,0.050000000000000044
2021-07-08,-0.0020397577371808365,-0.002058547268667515,0.03757906297335675,1.8789531486678377e-05,10,0.9500000000000001,0.04999999999999993
2021-07-09,-0.016181397730196043,-0.016234536302159205,0.10627714392632617,5.313857196316309e-05,10,0.95,0.050000000000000044
2021-07-12,-0.036444489027859024,-0.03652803573561108,0.1670934155041036,8.354670775205179e-05,10,0.95,0.050000000000000044
2021-07-13,-0.07558017349040048,-0.07565672033370201,0.153093686603046,7.654684330152301e-05,10,0.9499999999999998,0.050000000000000155
2021-07-14,0.003949275022130797,0.003899439111999976,0.0996718202616412,4.98359101308206e-05,10,0.9500000000000001,0.04999999999999993
2021-07-15,-0.012949832235511407,-0.01300018868281462,0.10071289460642582,5.035644730321291e-05,10,0.95,0.050000000000000044
2021-07-16,-0.008871012127040973,-0.00891566842308643,0.0893125920909166,4.4656296045458304e-05,10,0.9499999999999998,0.050000000000000155
2021-07-19,0.10822639858388529,0.10818365638994583,0.08548438787891062,4.2742193939455314e-05,10,0.9499999999999998,0.050000000000000155
2021-07-20,0.003881498987422984,0.0038304471632586317,0.10210364832870376,5.105182416435188e-05,10,0.95,0.050000000000000044
2021-07-21,-0.039635578840660164,-0.03968740404192361,0.10365040252689622,5.182520126344811e-05,10,0.9499999999999998,0.050000000000000155
2021-07-22,-0.003928594997608963,-0.003998598846187855,0.14000769715778344,7.000384857889173e-05,10,0.95,0.050000000000000044
2021-07-23,0.025670124668853222,0.02565548641199184,0.029276513722762305,1.4638256861381153e-05,10,0.9500000000000001,0.04999999999999993
2021-07-26,-0.03815098080494517,-0.038201850998894844,0.10174038789935161,5.0870193949675804e-05,10,0.9500000000000001,0.04999999999999993
2021-07-27,-0.010233596221096364,-0.0102820517177999,0.09691099340707161,4.845549670353581e-05,10,0.95,0.050000000000000044
2021-07-28,-0.016127747876649282,-0.01624841004162067,0.24132432994277425,0.00012066216497138713,10,0.9500000000000001,0.04999999999999993
2021-07-29,-0.016176293027538317,-0.016243432462087544,0.13427886909845393,6.713943454922697e-05,10,0.95,0.050000000000000044
2021-07-30,-0.009820076810726731,-0.009875441305646649,0.11072898983983759,5.5364494919918796e-05,10,0.9499999999999998,0.050000000000000155
2021-08-02,-0.017647939833634708,-0.01770883278787869,0.12178590848796345,6.0892954243981724e-05,10,0.9500000000000002,0.04999999999999982
2021-08-03,-0.044288659404875974,-0.0443432795531776,0.10924029660324616,5.462014830162308e-05,10,0.95,0.050000000000000044
2021-08-04,0.04948159357663498,0.049429180993284486,0.10482516670098803,5.2412583350494014e-05,10,0.9499999999999997,0.050000000000000266
2021-08-05,0.0004718623596168479,0.0004608019995748829,0.02212072008393002,1.106036004196501e-05,10,0.9500000000000001,0.04999999999999993
2021-08-06,0.022085178933174326,0.022042653021282554,0.08505182378354348,4.252591189177174e-05,10,0.95,0.050000000000000044
2021-08-09,0.0014100070100259315,0.0013545152653345884,0.11098348938268629,5.5491744691343145e-05,10,0.9499999999999998,0.050000000000000155
2021-08-10,0.0016503203010069013,0.0016413643054066513,0.017911991200499973,8.955995600249986e-06,10,0.9500000000000003,0.04999999999999971
2021-08-11,0.018338856174174214,0.01829172114803616,0.0942700522761061,4.7135026138053055e-05,10,0.9500000000000001,0.04999999999999993
2021-08-12,-0.007899170992423285,-0.007949145274720005,0.09994856459343932,4.997428229671966e-05,10,0.9499999999999998,0.050000000000000155
2021-08-13,0.0001531341891641753,0.00010650314158160878,0.09326209516513305,4.663104758256652e-05,10,0.9500000000000001,0.04999999999999993
2021-08-16,0.00025103964869612654,0.0001985092597509717,0.10506077789030968,5.2530388945154845e-05,10,0.9500000000000001,0.04999999999999993
2021-08-17,-0.027667052401461695,-0.027693389166293207,0.0526735296630217,2.6336764831510848e-05,10,0.9500000000000002,0.04999999999999982
2021-08-18,-0.031885722990765385,-0.031906951621205396,0.04245726088002029,2.1228630440010144e-05,10,0.95,0.050000000000000044
2021-08-19,0.027484095944783737,0.027451900768168915,0.06439035322964679,3.219517661482339e-05,10,0.95,0.050000000000000044
2021-08-20,0.046080468252021514,0.04605736558934775,0.046205325347530725,2.3102662673765362e-05,10,0.9499999999999996,0.05000000000000038
2021-08-23,0.1387900955541379,0.13876552009138285,0.04915092551008824,2.457546275504412e-05,10,0.9499999999999998,0.050000000000000155
2021-08-24,-0.0231049169601839,-0.023122563626274267,0.03529333218073464,1.764666609036732e-05,10,0.9500000000000002,0.04999999999999982
2021-08-25,-0.0015362331514967864,-0.0015457651830296322,0.019064063065691673,9.532031532845838e-06,10,0.9499999999999998,0.050000000000000155
2021-08-26,0.029878542121317235,0.029817660951050404,0.12176234053365884,6.088117026682942e-05,10,0.9499999999999998,0.050000000000000155
2021-08-27,-0.0041944328641444545,-0.0042520442054257285,0.11522268256254785,5.7611341281273927e-05,10,0.9500000000000002,0.04999999999999982
2021-08-30,0.010887049533207441,0.010830851735751235,0.11239559491241244,5.6197797456206224e-05,10,0.95,0.050000000000000044
2021-08-31,-0.0107432887721495,-0.01083925004126564,0.1919225382322775,9.596126911613875e-05,10,0.9499999999999998,0.050000000000000155
2021-09-01,0.033141587234927175,0.033057249062233125,0.16867634538810258,8.43381726940513e-05,10,0.9499999999999997,0.050000000000000266
2021-09-02,-0.007471789953014155,-0.007513379554731462,0.08317920343461434,4.158960171730717e-05,10,0.95,0.050000000000000044
2021-09-03,-0.006459282421759491,-0.006546770387962366,0.17497593240574974,8.748796620287487e-05,10,0.9499999999999997,0.050000000000000266
2021-09-07,-0.013129103270393261,-0.013148665075962369,0.03912361113821555,1.9561805569107776e-05,10,0.95,0.050000000000000044
2021-09-08,0.015953678171207936,0.0159170589555792,0.07323843125747377,3.661921562873689e-05,10,0.9499999999999998,0.050000000000000155
2021-09-09,-0.018756834911656323,-0.01879540077667509,0.07713173003753357,3.856586501876679e-05,10,0.9499999999999996,0.05000000000000038
2021-09-10,0.020157024101662344,0.020059948482943103,0.19415123743848325,9.707561871924163e-05,10,0.95,0.050000000000000044
2021-09-13,-0.011685170811498754,-0.011700674373039632,0.03100712308175728,1.550356154087864e-05,10,0.9500000000000001,0.04999999999999993
2021-09-14,0.03217195987876877,0.03209357551975379,0.15676871802997233,7.838435901498617e-05,10,0.9499999999999997,0.050000000000000266
2021-09-15,0.0037847203886721063,0.0037133467180124747,0.14274734131926342,7.137367065963171e-05,10,0.95,0.050000000000000044
2021-09-16,-0.013535945732337578,-0.0135838398600128,0.0957882553504424,4.7894127675221204e-05,10,0.9500000000000002,0.04999999999999982
2021-09-17,-0.046160837143612105,-0.04618179789208984,0.04192149695548341,2.0960748477741706e-05,10,0.9500000000000001,0.04999999999999993
2021-09-20,-0.0018632439637658166,-0.0019305863841584336,0.13468484078523396,6.734242039261698e-05,10,0.95,0.050000000000000044
2021-09-21,0.02385717467053577,0.023840978846640146,0.03239164779124937,1.6195823895624684e-05,10,0.95,0.050000000000000044
2021-09-22,0.019595741265124082,0.019551615583197263,0.08825136385364123,4.4125681926820616e-05,10,0.95,0.050000000000000044
2021-09-23,-0.0185631494513788,-0.018609529228972303,0.09275955518700621,4.637977759350311e-05,10,0.9500000000000001,0.04999999999999993
2021-09-24,0.00033760042270657284,0.0003230533866520584,0.029094072109028847,1.4547036054514424e-05,10,0.9499999999999998,0.050000000000000155
2021-09-27,-0.0399915411966641,-0.04001168985045291,0.040297307577631045,2.0148653788815523e-05,10,0.95,0.050000000000000044
2021-09-28,-0.00503253272687665,-0.005107706072299942,0.15034669084658442,7.517334542329222e-05,10,0.9499999999999997,0.050000000000000266
2021-09-29,0.004451647055447072,0.004359266490243726,0.18476113040669037,9.238056520334519e-05,10,0.9500000000000002,0.04999999999999982
2021-09-30,-0.0033926135721772006,-0.003433649485254571,0.08207182615474008,4.103591307737004e-05,10,0.95,0.050000000000000044
2021-10-01,-0.012790603110652592,-0.01286383555661287,0.14646489192055523,7.323244596027761e-05,10,0.9500000000000001,0.04999999999999993
2021-10-04,0.014353579566593255,0.014331061333972661,0.04503646524118913,2.2518232620594564e-05,10,0.95,0.050000000000000044
2021-10-05,-0.017827247602954684,-0.017850826264780118,0.04715732365086879,2.3578661825434395e-05,10,0.9499999999999997,0.050000000000000266
2021-10-06,0.026420976233241272,0.02638771212063023,0.06652822522208937,3.326411261104469e-05,10,0.9500000000000001,0.04999999999999993
2021-10-07,-0.019199848363818592,-0.019232525347525852,0.06535396741452386,3.267698370726193e-05,10,0.9500000000000002,0.04999999999999982
2021-10-08,0.015124546541746676,0.015018839564286528,0.2114139549202974,0.0001057069774601487,10,0.9499999999999997,0.050000000000000266
2021-10-11,-0.0036368046488375137,-0.0036630152685255117,0.05242123937599585,2.6210619687997925e-05,10,0.9499999999999997,0.050000000000000266
2021-10-12,0.01716306418351777,0.0170349378923749,0.25625258228573833,0.00012812629114286917,10,0.9500000000000001,0.04999999999999993
2021-10-13,0.020800068376794094,0.02072711590305085,0.14590494748648547,7.295247374324273e-05,10,0.9499999999999998,0.050000000000000155
2021-10-14,-0.002877344343970078,-0.002958594182692965,0.1624996774457735,8.124983872288676e-05,10,0.95,0.050000000000000044
2021-10-15,0.010907668256375869,0.010878856751950473,0.057623008850790906,2.8811504425395455e-05,10,0.9499999999999998,0.050000000000000155
2021-10-18,0.004395541503816905,0.004370823466266875,0.049436075100060525,2.4718037550030264e-05,10,0.9499999999999998,0.050000000000000155
2021-10-19,0.008584143590386522,0.008551193627610676,0.06589992555169279,3.294996277584639e-05,10,0.95,0.050000000000000044
2021-10-20,-0.012353097016132695,-0.0124201871119236,0.13418019158181108,6.709009579090555e-05,10,0.9500000000000001,0.04999999999999993
2021-10-21,-0.022085598142913894,-0.02209880468156348,0.026413077299173332,1.3206538649586666e-05,10,0.9500000000000001,0.04999999999999993
2021-10-22,0.019735704400920213,0.019719178107767764,0.033052586304897415,1.6526293152448707e-05,10,0.9500000000000002,0.04999999999999982
2021-10-25,-0.002550097321916118,-0.00256986606584727,0.039537487862303274,1.9768743931151637e-05,10,0.95,0.050000000000000044
2021-10-26,-0.02812205252180195,-0.02820381774599023,0.16353044837656022,8.176522418828011e-05,10,0.95,0.050000000000000044
2021-10-27,0.02481433405897227,0.02479684038008466,0.034987357775216374,1.749367888760819e-05,10,0.95,0.050000000000000044
2021-10-28,-0.0037302458544468554,-0.0037522790705700336,0.044066432246356896,2.203321612317845e-05,10,0.9499999999999998,0.050000000000000155
2021-10-29,0.04481099932689702,0.0447808171467309,0.06036436033224803,3.0182180166124014e-05,10,0.9500000000000001,0.04999999999999993
2021-11-01,0.013326069834339916,0.013251477974507632,0.1491837196645675,7.459185983228376e-05,10,0.9499999999999998,0.050000000000000155
2021-11-02,0.012086775272468792,0.012061367965833535,0.05081461327051272,2.540730663525636e-05,10,0.95,0.050000000000000044
2021-11-03,-0.015827327831942586,-0.01589641784314494,0.13818002240470176,6.909001120235089e-05,10,0.9500000000000002,0.04999999999999982
2021-11-04,0.018616389036245063,0.01854827846275916,0.13622114697180576,6.811057348590289e-05,10,0.95,0.050000000000000044
2021-11-05,0.03503571550534901,0.034974507121397894,0.12241676790223162,6.120838395111582e-05,10,0.9499999999999997,0.050000000000000266
2021-11-08,-0.026796901768898165,-0.02690555415323637,0.21730476867640888,0.00010865238433820444,10,0.9500000000000002,0.04999999999999982
2021-11-09,-0.05252038738612771,-0.052715607716197724,0.3904406601400363,0.00019522033007001816,10,0.9500000000000002,0.04999999999999982
2021-11-10,0.013434689188280119,0.013367922029031731,0.13353431849677622,6.676715924838811e-05,10,0.9500000000000001,0.04999999999999993
2021-11-11,0.000505490692937984,0.0004349711862827081,0.14103901331055194,7.051950665527597e-05,10,0.9500000000000001,0.04999999999999993
2021-11-12,0.01989919313261729,0.01988157040997452,0.03524544528554185,1.7622722642770925e-05,10,0.9500000000000001,0.04999999999999993
2021-11-15,0.01853091304682448,0.018464585489694655,0.132655114259651,6.632755712982551e-05,10,0.95,0.050000000000000044
2021-11-16,-0.015525993280035812,-0.015549043559842955,0.0461005596142872,2.30502798071436e-05,10,0.9499999999999998,0.050000000000000155
2021-11-17,-0.001740264465772017,-0.0017561516284294017,0.0317743253147696,1.58871626573848e-05,10,0.9499999999999998,0.050000000000000155
2021-11-18,0.011625687483414821,0.011605582952248875,0.04020906233189367,2.0104531165946834e-05,10,0.9499999999999996,0.05000000000000038
2021-11-19,-0.0023912622559250406,-0.002411947662034658,0.04137081221923402,2.068540610961701e-05,10,0.95,0.050000000000000044
2021-11-22,-0.016372662780774185,-0.01640570999664792,0.06609443174747229,3.304721587373615e-05,10,0.9499999999999998,0.050000000000000155
2021-11-23,-0.0019729890566865574,-0.0019951792727419685,0.044380432110822494,2.219021605541125e-05,10,0.95,0.050000000000000044
2021-11-24,-0.04047844712290248,-0.04051205814151593,0.06722203722689675,3.3611018613448375e-05,10,0.95,0.050000000000000044
2021-11-26,0.00900515291940821,0.008990141220267398,0.03002339828162369,1.5011699140811844e-05,10,0.9499999999999997,0.050000000000000266
2021-11-29,-0.06131638610964044,-0.06132713035324816,0.021488487215432055,1.0744243607716028e-05,10,0.9500000000000002,0.04999999999999982
2021-11-30,-0.0729479898666711,-0.0729683710866038,0.040762439865384026,2.0381219932692013e-05,10,0.95,0.050000000000000044
2021-12-01,0.01504214364168127,0.015014596605395888,0.05509407257076496,2.754703628538248e-05,10,0.9500000000000001,0.04999999999999993
2021-12-02,-0.05015927247403597,-0.05024170220659027,0.16485946510861263,8.242973255430631e-05,10,0.95,0.050000000000000044
2021-12-03,0.005172805030634413,0.005112994273584025,0.11962151410077558,5.981075705038779e-05,10,0.95,0.050000000000000044
2021-12-06,0.054050132253939814,0.05402389875671105,0.05246699445753744,2.6233497228768722e-05,10,0.9500000000000001,0.04999999999999993
2021-12-07,0.016105671075007787,0.0160751645146161,0.06101312078337328,3.050656039168664e-05,10,0.95,0.050000000000000044
2021-12-08,-0.04208002076911236,-0.04209598632336527,0.0319311085058086,1.59655542529043e-05,10,0.9499999999999998,0.050000000000000155
2021-12-09,-0.012151487214095924,-0.012259648437164887,0.21632244613792728,0.00010816122306896365,10,0.95,0.050000000000000044
2021-12-10,-0.07113147479171064,-0.07121031346412299,0.15767734482469076,7.883867241234537e-05,10,0.9499999999999998,0.050000000000000155
2021-12-13,0.004298358028579601,0.004232378961577473,0.13195813400425607,6.597906700212803e-05,10,0.9500000000000001,0.04999999999999993
2021-12-14,0.010276497536512044,0.010246204822844187,0.06058542733571352,3.029271366785676e-05,10,0.9500000000000002,0.04999999999999982
2021-12-15,-0.03631112106825087,-0.03638939515134011,0.15654816617848089,7.827408308924045e-05,10,0.9499999999999998,0.050000000000000155
2021-12-16,0.033694164260860984,0.033579838726020404,0.2286510696811616,0.00011432553484058081,10,0.95,0.050000000000000044
2021-12-17,-0.0007869832361812597,-0.0008039307830440881,0.03389509372565691,1.6947546862828454e-05,10,0.9499999999999998,0.050000000000000155
2021-12-20,0.021110711115417825,0.021080007299571726,0.06140763169219477,3.0703815846097386e-05,10,0.9500000000000001,0.04999999999999993
2021-12-21,-0.016503961479439867,-0.016527795287618312,0.04766761635689293,2.3833808178446465e-05,10,0.9499999999999998,0.050000000000000155
2021-12-22,0.012051209329713557,0.011918967557201525,0.2644835450240651,0.00013224177251203257,10,0.9500000000000001,0.04999999999999993
2021-12-23,0.014289960519023755,0.014256058368390744,0.06780430126602321,3.3902150633011606e-05,10,0.95,0.050000000000000044
2021-12-27,-0.036485306890344855,-0.03650496915439232,0.03932452809492743,1.9662264047463716e-05,10,0.95,0.050000000000000044
2021-12-28,0.011171728765663882,0.01104850495334216,0.24644762464344436,0.00012322381232172217,10,0.9500000000000001,0.04999999999999993
2021-12-29,0.01893957061843646,0.018866613277460764,0.14591468195139753,7.295734097569877e-05,10,0.9500000000000001,0.04999999999999993
2021-12-30,-0.02257402770952235,-0.022669052418225248,0.190049417405797,9.502470870289851e-05,10,0.9499999999999998,0.050000000000000155
2021-12-31,0.0005781817396368848,0.000503229767207058,0.14990394485965372,7.495197242982686e-05,10,0.9499999999999998,0.050000000000000155
2022-01-03,-0.005491829082239141,-0.005526659027707074,0.06965989093586704,3.482994546793352e-05,10,0.95,0.050000000000000044
2022-01-04,-0.07361251684321692,-0.07368378555088716,0.14253741534048192,7.126870767024097e-05,10,0.9500000000000002,0.04999999999999982
2022-01-05,0.016483276531970483,0.016411163339047564,0.14422638584583805,7.211319292291903e-05,10,0.95,0.050000000000000044
2022-01-06,0.01390858253655539,0.01383508200207838,0.14700106895401918,7.350053447700959e-05,10,0.9500000000000001,0.04999999999999993
2022-01-07,-0.016211513631477603,-0.01627140767446413,0.11978808597305057,5.989404298652529e-05,10,0.95,0.050000000000000044
2022-01-10,0.028807188031368995,0.0287139420997811,0.18649186317579136,9.324593158789568e-05,10,0.95,0.050000000000000044
2022-01-11,-0.002240114509727464,-0.0023226962281151656,0.16516343677540307,8.258171838770154e-05,10,0.9500000000000002,0.04999999999999982
2022-01-12,-0.04241046400075476,-0.04252937309426611,0.23781818702270083,0.00011890909351135042,10,0.9500000000000001,0.04999999999999993
2022-01-13,0.005521993376649325,0.005429368775653661,0.18524920199132838,9.262460099566419e-05,10,0.9499999999999997,0.050000000000000266
2022-01-14,-0.04642280667755347,-0.04655252518897637,0.25943702284579184,0.00012971851142289592,10,0.9500000000000002,0.04999999999999982
2022-01-18,-0.019904544084358305,-0.02005164440485605,0.29420064099549015,0.00014710032049774507,10,0.9499999999999997,0.050000000000000266
2022-01-19,-0.022667548608295413,-0.0228245946354135,0.31409205423617287,0.00015704602711808644,10,0.95,0.050000000000000044
2022-01-20,-0.02293403307067019,-0.023064102270658325,0.2601383999762647,0.00013006919998813235,10,0.9499999999999997,0.050000000000000266
2022-01-21,0.008132835448867075,0.007916989905166637,0.4316910874008778,0.0002158455437004389,10,0.9499999999999998,0.050000000000000155
2022-01-24,0.000552764824251494,0.0004429071103210788,0.21971542786083031,0.00010985771393041515,10,0.9500000000000001,0.04999999999999993
2022-01-25,0.006641793656465153,0.006544067382513815,0.1954525479026767,9.772627395133835e-05,10,0.95,0.050000000000000044
2022-01-26,-0.024476286532437153,-0.02463804599019626,0.3235189155182089,0.00016175945775910445,10,0.9499999999999998,0.050000000000000155
2022-01-27,0.023889413076175398,0.023801655476634587,0.17551519908161886,8.775759954080943e-05,10,0.9500000000000001,0.04999999999999993
2022-01-28,0.03472386950435895,0.034634891791105765,0.17795542650637214,8.897771325318607e-05,10,0.95,0.050000000000000044
2022-01-31,0.022174770905302267,0.022099696046822444,0.15014971695964435,7.507485847982218e-05,10,0.9499999999999998,0.050000000000000155
2022-02-01,0.0001270466017860108,3.284884277456939e-05,0.18839551802288282,9.41977590114414e-05,10,0.95,0.050000000000000044
2022-02-02,-0.027878965184533824,-0.027962220755212232,0.16651114135681883,8.325557067840941e-05,10,0.9499999999999998,0.050000000000000155
2022-02-03,0.01694592979835455,0.016770971842456437,0.3499159117962251,0.00017495795589811256,10,0.9499999999999998,0.050000000000000155
2022-02-04,0.004675669215182119,0.004398841358054268,0.5536557142557015,0.00027682785712785073,10,0.9499999999999998,0.050000000000000155
2022-02-07,0.0006180405356095492,0.0004241474360827623,0.3877861990535737,0.00019389309952678685,10,0.9499999999999998,0.050000000000000155
2022-02-08,0.05281950723128953,0.05266433483982282,0.3103447829334209,0.00015517239146671045,10,0.95,0.050000000000000044
2022-02-09,-0.019430106860821646,-0.019516579463129992,0.1729452046166919,8.647260230834596e-05,10,0.9500000000000002,0.04999999999999982
2022-02-10,0.00899978065889106,0.008923755210485499,0.15205089681112272,7.602544840556136e-05,10,0.9500000000000001,0.04999999999999993
2022-02-11,0.005980417208662807,0.005960796612899051,0.03924119152751091,1.9620595763755456e-05,10,0.9499999999999998,0.050000000000000155
2022-02-14,0.00027888186208257387,0.00019813018400317595,0.1615033561587958,8.07516780793979e-05,10,0.95,0.050000000000000044
2022-02-15,0.018064535747345303,0.01805063386761166,0.027803759467290863,1.3901879733645431e-05,10,0.95,0.050000000000000044
2022-02-16,-0.01613993084741217,-0.016287735601648673,0.2956095084730061,0.00014780475423650306,10,0.95,0.050000000000000044
2022-02-17,-0.025978391780887407,-0.026059589188424166,0.16239481507351655,8.119740753675828e-05,10,0.9499999999999998,0.050000000000000155
2022-02-18,-0.03103158550664166,-0.031175907083508772,0.2886431537342224,0.0001443215768671112,10,0.9500000000000002,0.04999999999999982
2022-02-22,0.01255121884857642,0.012463831678066632,0.1747743410195749,8.738717050978745e-05,10,0.9500000000000001,0.04999999999999993
2022-02-23,0.03312707863315165,0.03302015778770088,0.21384169090155533,0.00010692084545077766,10,0.9500000000000002,0.04999999999999982
2022-02-24,0.03746878307712424,0.0373596091457944,0.2183478626596891,0.00010917393132984456,10,0.9499999999999998,0.050000000000000155
2022-02-25,0.011109890006563549,0.011038175396806401,0.14342921951429488,7.171460975714744e-05,10,0.9499999999999998,0.050000000000000155
2022-02-28,-0.006185923928461931,-0.0062757997522989465,0.17975164767403198,8.9875823837016e-05,10,0.9499999999999997,0.050000000000000266
2022-03-01,0.01630283101896106,0.016222758467786254,0.16014510234960955,8.007255117480477e-05,10,0.9499999999999998,0.050000000000000155
2022-03-02,-0.01857472872121859,-0.018658218326162164,0.1669792098871437,8.348960494357185e-05,10,0.9499999999999998,0.050000000000000155
2022-03-03,0.004696046139506803,0.004623144134080007,0.1458040108535933,7.290200542679664e-05,10,0.9500000000000001,0.04999999999999993
2022-03-04,-0.015686652072980693,-0.015767110014281372,0.16091588260135442,8.045794130067721e-05,10,0.95,0.050000000000000044
2022-03-07,0.011457854685458166,0.011368420988121013,0.17886739467430796,8.943369733715399e-05,10,0.9499999999999998,0.050000000000000155
2022-03-08,-0.003090447155038979,-0.003165950055069773,0.15100580006158698,7.550290003079349e-05,10,0.95,0.050000000000000044
2022-03-09,0.016070374984275,0.01598712292869105,0.16650411116790131,8.325205558395066e-05,10,0.95,0.050000000000000044
2022-03-10,-0.009259443450746434,-0.009344641457109896,0.1703960127269217,8.519800636346086e-05,10,0.9500000000000001,0.04999999999999993
2022-03-11,-0.04545944108367557,-0.04553012478709025,0.14136740682936366,7.068370341468184e-05,10,0.9500000000000002,0.04999999999999982
2022-03-14,0.005611010134445074,0.005470111189358446,0.2817978901732541,0.00014089894508662705,10,0.95,0.050000000000000044
2022-03-15,0.03155990571874796,0.03145958719839297,0.20063704070997734,0.00010031852035498867,10,0.9500000000000002,0.04999999999999982
2022-03-16,0.04280256496687096,0.042712441875294105,0.18024618315371027,9.012309157685514e-05,10,0.9499999999999998,0.050000000000000155
2022-03-17,-0.0009744139435101363,-0.0010811406611246977,0.2134534352291228,0.0001067267176145614,10,0.95,0.050000000000000044
2022-03-18,0.028748362146275575,0.02860526421120839,0.2861958701343698,0.0001430979350671849,10,0.9500000000000001,0.04999999999999993
2022-03-21,-0.002874294328555311,-0.003026077164241061,0.30356567137150037,0.0001517828356857502,10,0.95,0.050000000000000044
2022-03-22,0.011212458878452855,0.011116577939690765,0.19176187752418122,9.588093876209062e-05,10,0.9500000000000002,0.04999999999999982
2022-03-23,0.005865502212980908,0.005769271622039042,0.19246118188373101,9.623059094186552e-05,10,0.9500000000000002,0.04999999999999982
2022-03-24,0.04077987699663038,0.040675127099743344,0.2094997937740816,0.0001047498968870408,10,0.9499999999999998,0.050000000000000155
2022-03-25,-0.011900469424445755,-0.011993365258777686,0.18579166866386293,9.289583433193146e-05,10,0.9500000000000001,0.04999999999999993
2022-03-28,0.011125620815920254,0.010957164268579745,0.33691309468101643,0.00016845654734050822,10,0.9500000000000001,0.04999999999999993
2022-03-29,-0.004202425257440702,-0.004239217140826223,0.07358376677104331,3.6791883385521655e-05,10,0.95,0.050000000000000044
2022-03-30,-0.0060183517753777975,-0.0061699903059251925,0.30327706109479036,0.0001516385305473952,10,0.9499999999999998,0.050000000000000155
2022-03-31,0.009938867033966667,0.00983021948061565,0.2172951067020314,0.0001086475533510157,10,0.9500000000000002,0.04999999999999982
2022-04-01,0.0029661638399255136,0.002878598530851895,0.17513061814723763,8.756530907361881e-05,10,0.9500000000000001,0.04999999999999993
2022-04-04,-0.008262803918717811,-0.008356183991765917,0.186760146096212,9.3380073048106e-05,10,0.9500000000000002,0.04999999999999982
2022-04-05,-0.0214385422083884,-0.021526527806897726,0.17597119701864622,8.798559850932311e-05,10,0.9500000000000001,0.04999999999999993
2022-04-06,0.015391277875389882,0.015309039698100843,0.16447635457807736,8.223817728903868e-05,10,0.95,0.050000000000000044
2022-04-07,0.023875181994649646,0.023842323256465153,0.06571747636898718,3.2858738184493596e-05,10,0.9500000000000001,0.04999999999999993
2022-04-08,-0.025358314174428492,-0.025439253110713156,0.16187787256932842,8.093893628466421e-05,10,0.9500000000000001,0.04999999999999993
2022-04-11,0.015178086967592274,0.015158980840128209,0.03821225492812868,1.910612746406434e-05,10,0.9500000000000001,0.04999999999999993
2022-04-12,0.04864025101245677,0.04861732160252398,0.04585881986558022,2.292940993279011e-05,10,0.95,0.050000000000000044
2022-04-13,-0.004830890378306661,-0.004848262159383482,0.0347435621536411,1.737178107682055e-05,10,0.9499999999999997,0.050000000000000266
2022-04-14,0.030828643756916716,0.030738187670652693,0.1809121725280442,9.04560862640221e-05,10,0.95,0.050000000000000044
2022-04-18,-0.009634102447134382,-0.009659253173578762,0.050301452888759694,2.5150726444379848e-05,10,0.9499999999999998,0.050000000000000155
2022-04-19,0.020241247146452236,0.020161442276282932,0.1596097403386068,7.98048701693034e-05,10,0.95,0.050000000000000044
2022-04-20,-0.0560484256133193,-0.05614446545857773,0.19207969051686835,9.603984525843418e-05,10,0.9500000000000002,0.04999999999999982
2022-04-21,-0.050709426761061355,-0.05072077005233348,0.022686582544256553,1.1343291272128276e-05,10,0.9500000000000001,0.04999999999999993
2022-04-22,-0.009340758429851053,-0.00937103653115837,0.06055620261463167,3.0278101307315835e-05,10,0.95,0.050000000000000044
2022-04-25,-0.016703667115663377,-0.01672492200908682,0.042509786846889316,2.125489342344466e-05,10,0.9500000000000001,0.04999999999999993
2022-04-26,0.027146781916995877,0.027047916475900775,0.1977308821902064,9.88654410951032e-05,10,0.95,0.050000000000000044
2022-04-27,0.021130293117011242,0.021036613311367962,0.18735961128656028,9.367980564328014e-05,10,0.9499999999999998,0.050000000000000155
2022-04-28,-0.0238432068762711,-0.02392404225574089,0.16167075893958055,8.083537946979027e-05,10,0.95,0.050000000000000044
2022-04-29,0.004263081890958614,0.004183328207183229,0.15950736755077052,7.975368377538526e-05,10,0.9499999999999997,0.050000000000000266
2022-05-02,0.0495169355320377,0.049430150370573404,0.17357032292858499,8.67851614642925e-05,10,0.9499999999999998,0.050000000000000155
2022-05-03,0.02314110579993833,0.023055217920279023,0.1717757593186172,8.58878796593086e-05,10,0.9500000000000001,0.04999999999999993
2022-05-04,-0.04417159622650017,-0.044187668233730146,0.032144014459943054,1.6072007229971526e-05,10,0.95,0.050000000000000044
2022-05-05,-0.021532608351950366,-0.02169126140348665,0.31730610307256674,0.00015865305153628338,10,0.9499999999999998,0.050000000000000155
2022-05-06,-0.09481764784025064,-0.09490748649339126,0.17967730628123962,8.983865314061981e-05,10,0.9500000000000002,0.04999999999999982
2022-05-09,0.013134299552212299,0.013046701131354924,0.17519684171474964,8.759842085737483e-05,10,0.9500000000000001,0.04999999999999993
2022-05-10,0.010640855926486644,0.010481551652744394,0.3186085474845002,0.0001593042737422501,10,0.9500000000000001,0.04999999999999993
2022-05-11,-0.006127773141829574,-0.006234921476502065,0.21429666934498304,0.00010714833467249153,10,0.9500000000000001,0.04999999999999993
2022-05-12,0.03526703546577675,0.03517386447956728,0.18634197241894485,9.317098620947242e-05,10,0.95,0.050000000000000044
2022-05-13,0.04407195582601976,0.04396675337018758,0.21040491166436334,0.00010520245583218168,10,0.95,0.050000000000000044
2022-05-16,0.024887095864137346,0.024806136833781706,0.161918060711282,8.095903035564101e-05,10,0.95,0.050000000000000044
2022-05-17,-0.04911499396203112,-0.049263459558143013,0.29693119222379066,0.00014846559611189533,10,0.9499999999999997,0.050000000000000266
2022-05-18,0.005015049589677122,0.0049192322718557635,0.19163463564271682,9.581731782135842e-05,10,0.95,0.050000000000000044
2022-05-19,-0.003615688621744156,-0.0036978780011953445,0.16437875890237708,8.218937945118854e-05,10,0.9500000000000001,0.04999999999999993
2022-05-20,0.050554146907491944,0.050404442993299305,0.29940782838527846,0.00014970391419263923,10,0.9499999999999998,0.050000000000000155
2022-05-23,-0.014401205729312689,-0.014478670836390364,0.15493021415534997,7.746510707767498e-05,10,0.9499999999999997,0.050000000000000266
2022-05-24,0.03583333003571679,0.03575347489270387,0.1597102860258326,7.98551430129163e-05,10,0.9500000000000001,0.04999999999999993
2022-05-25,0.022990815517366855,0.022912898582785973,0.15583386916176586,7.791693458088293e-05,10,0.95,0.050000000000000044
2022-05-26,0.041235155278134504,0.041219330167065873,0.03165022213726787,1.5825111068633937e-05,10,0.9499999999999998,0.050000000000000155
2022-05-27,-0.014335795432944859,-0.014423963721977769,0.17633657806582007,8.816828903291003e-05,10,0.9499999999999998,0.050000000000000155
2022-05-31,0.041840273290012296,0.04181613283668993,0.04828090664473135,2.4140453322365675e-05,10,0.9500000000000002,0.04999999999999982
2022-06-01,0.00748718698946974,0.007393380034652043,0.1876139096353949,9.380695481769746e-05,10,0.9499999999999998,0.050000000000000155
2022-06-02,0.00809477671868454,0.008006805738769267,0.17594195983054828,8.797097991527414e-05,10,0.95,0.050000000000000044
2022-06-03,0.00377438912923752,0.003684940108316832,0.1788980418413758,8.94490209206879e-05,10,0.9500000000000001,0.04999999999999993
2022-06-06,0.024602064492196374,0.024566351419111353,0.07142614617003788,3.571307308501894e-05,10,0.95,0.050000000000000044
2022-06-07,-0.015087808306212916,-0.015129020154068919,0.08242369571200779,4.12118478560039e-05,10,0.9499999999999998,0.050000000000000155
2022-06-08,-0.0304659947970346,-0.030492086310892893,0.05218302771658559,2.6091513858292795e-05,10,0.9500000000000001,0.04999999999999993
2022-06-09,-0.019632430380097737,-0.019713209175116517,0.16155759003755896,8.077879501877948e-05,10,0.9499999999999998,0.050000000000000155
2022-06-10,-0.0480758296707421,-0.04817404515930179,0.19643097711938268,9.821548855969134e-05,10,0.95,0.050000000000000044
2022-06-13,-0.009545357866901307,-0.00956522954116113,0.039743348519645824,1.9871674259822912e-05,10,0.95,0.050000000000000044
2022-06-14,-0.009743195287986794,-0.009844795988489632,0.20320140100567527,0.00010160070050283764,10,0.9500000000000001,0.04999999999999993
2022-06-15,-0.05266022560418975,-0.05274601944426253,0.1715876801455557,8.579384007277784e-05,10,0.95,0.050000000000000044
2022-06-16,-0.04620611142090641,-0.046222917124930415,0.03361140804802082,1.680570402401041e-05,10,0.9499999999999998,0.050000000000000155
2022-06-17,0.03146075316002299,0.031287550056360934,0.34640620732411,0.000173203103662055,10,0.9500000000000002,0.04999999999999982
2022-06-21,-0.043579071025156194,-0.04359670780094213,0.03527355157187943,1.7636775785939715e-05,10,0.95,0.050000000000000044
2022-06-22,-0.05531654448832479,-0.055398596028953154,0.1641030812567263,8.205154062836315e-05,10,0.95,0.050000000000000044
2022-06-23,0.028708770133685904,0.028686242187847037,0.045055891677736076,2.252794583886804e-05,10,0.95,0.050000000000000044
2022-06-24,0.044433751401235705,0.04442689428727237,0.013714227926679715,6.8571139633398575e-06,10,0.9500000000000001,0.04999999999999993
2022-06-27,0.024260282796088526,0.024247643492759128,0.02527860665879489,1.2639303329397445e-05,10,0.95,0.050000000000000044
2022-06-28,-0.040105199158485455,-0.04018694205259573,0.16348578822055132,8.174289411027566e-05,10,0.9499999999999997,0.050000000000000266
2022-06-29,-0.03870702468188459,-0.0387149894390186,0.015929514268018682,7.964757134009341e-06,10,0.95,0.050000000000000044
2022-06-30,0.007011645665494559,0.006914234399055065,0.1948225328789875,9.741126643949375e-05,10,0.95,0.050000000000000044
2022-07-01,-0.05104798066761372,-0.05107826825084061,0.060575166453768564,3.028758322688428e-05,10,0.9499999999999998,0.050000000000000155
2022-07-05,-0.01568207663837726,-0.015773181717601246,0.18221015844797267,9.110507922398634e-05,10,0.9500000000000001,0.04999999999999993
2022-07-06,0.06371068119404394,0.06362851079649261,0.16434079510266264,8.217039755133133e-05,10,0.95,0.050000000000000044
2022-07-07,-0.011726585119379171,-0.011814595566994822,0.17602089523130282,8.801044761565142e-05,10,0.9500000000000001,0.04999999999999993
2022-07-08,-0.01651107104740066,-0.01652717037311023,0.032198651419145935,1.6099325709572966e-05,10,0.95,0.050000000000000044
2022-07-11,-0.0296515914920006,-0.029669314417315216,0.03544585062922562,1.772292531461281e-05,10,0.9499999999999998,0.050000000000000155
2022-07-12,0.02120280991754167,0.02111348740844489,0.17864501819356537,8.932250909678268e-05,10,0.9499999999999997,0.050000000000000266
2022-07-13,-0.02195443957343653,-0.022038021133780752,0.16716312068844194,8.358156034422097e-05,10,0.9499999999999997,0.050000000000000266
2022-07-14,0.024036623605303082,0.024023571353074948,0.02610450445626908,1.3052252228134539e-05,10,0.9499999999999997,0.050000000000000266
2022-07-15,0.038777990226928565,0.03866685559121472,0.2222692714276858,0.0001111346357138429,10,0.9499999999999998,0.050000000000000155
2022-07-18,0.03158973769038994,0.031436796656797626,0.30588206718463046,0.00015294103359231523,10,0.95,0.050000000000000044
2022-07-19,-0.000651388435782368,-0.0007515813699491985,0.2003858683336611,0.00010019293416683055,10,0.9500000000000001,0.04999999999999993
2022-07-20,-0.01902833522112798,-0.01912850680339404,0.20034316453211792,0.00010017158226605896,10,0.95,0.050000000000000044
2022-07-21,-0.02129562902021019,-0.021321328604863292,0.051399169306202724,2.5699584653101362e-05,10,0.9500000000000001,0.04999999999999993
2022-07-22,0.030364541712240678,0.030254068016028278,0.22094739242480038,0.00011047369621240019,10,0.9499999999999998,0.050000000000000155
2022-07-25,-0.0060965809438640805,-0.006280588323682336,0.36801475963651076,0.00018400737981825538,10,0.95,0.050000000000000044
2022-07-26,0.019188036041331347,0.01902184473452573,0.33238261361123284,0.00016619130680561642,10,0.9500000000000002,0.04999999999999982
2022-07-27,-0.005000752048867898,-0.0051151973445324565,0.22889059132911693,0.00011444529566455846,10,0.9499999999999998,0.050000000000000155
2022-07-28,0.037467658760231864,0.037449989962138906,0.03533759618591803,1.7668798092959014e-05,10,0.95,0.050000000000000044
2022-07-29,-0.006143963761356734,-0.006249774877118711,0.21162223152395215,0.00010581111576197608,10,0.95,0.050000000000000044
2022-08-01,-0.0036159865425259303,-0.0036570428457330002,0.08211260641414009,4.105630320707004e-05,10,0.9500000000000001,0.04999999999999993
2022-08-02,-0.032714631835662235,-0.032730031166926056,0.030798662527647028,1.5399331263823514e-05,10,0.95,0.050000000000000044
2022-08-03,-0.020881409022027755,-0.020995277607861802,0.22773717166809382,0.00011386858583404691,10,0.9499999999999998,0.050000000000000155
2022-08-04,0.009470298397884843,0.00938566732827955,0.16926213921058608,8.463106960529304e-05,10,0.9499999999999997,0.050000000000000266
2022-08-05,0.0063298232606877015,0.006219061937703312,0.22152264596877846,0.00011076132298438924,10,0.95,0.050000000000000044
2022-08-08,0.012815491668782488,0.012733086795701468,0.16480974616203922,8.240487308101961e-05,10,0.9500000000000002,0.04999999999999982
2022-08-09,0.011247982967119076,0.011080462515719435,0.33504090279928006,0.00016752045139964005,10,0.9499999999999998,0.050000000000000155
2022-08-10,0.025700980536402573,0.02555098477224057,0.29999152832400794,0.00014999576416200398,10,0.9499999999999998,0.050000000000000155
2022-08-11,0.0007587595695681302,0.0007240380284277409,0.06944308228077854,3.4721541140389275e-05,10,0.9500000000000001,0.04999999999999993
2022-08-12,-0.017048138517510206,-0.01715025235767805,0.20422768033569405,0.00010211384016784703,10,0.9499999999999997,0.050000000000000266
2022-08-15,3.909444160023977e-06,-2.4289800274592326e-05,0.0563984888692326,2.81992444346163e-05,10,0.95,0.050000000000000044
2022-08-16,0.0002480790074461986,9.944141091319615e-05,0.2972751930660049,0.00014863759653300246,10,0.9499999999999998,0.050000000000000155
2022-08-17,0.03950619071337452,0.03947696135236372,0.058458722021604445,2.9229361010802223e-05,10,0.95,0.050000000000000044
2022-08-18,0.02742229919197765,0.027294151605928758,0.25629517209778463,0.0001281475860488923,10,0.95,0.050000000000000044
2022-08-19,0.011321668851912454,0.011285959850907834,0.07141800200923873,3.570900100461937e-05,10,0.95,0.050000000000000044
2022-08-22,0.020086436165073024,0.019881117308585765,0.41063771297451823,0.00020531885648725911,10,0.9500000000000002,0.04999999999999982
2022-08-23,0.022761016572881203,0.022664329281239456,0.19337458328349538,9.668729164174769e-05,10,0.9500000000000001,0.04999999999999993
2022-08-24,-0.001612390454519265,-0.0017159464904813516,0.20711207192417325,0.00010355603596208663,10,0.9499999999999998,0.050000000000000155
2022-08-25,-0.011936170908277586,-0.012055540988997379,0.23874016143958468,0.00011937008071979235,10,0.9499999999999997,0.050000000000000266
2022-08-26,0.015352123235642463,0.015240676017393194,0.22289443649853752,0.00011144721824926876,10,0.95,0.050000000000000044
2022-08-29,-0.04728120347151635,-0.04741302612181818,0.263645300603659,0.0001318226503018295,10,0.9499999999999997,0.050000000000000266
2022-08-30,-0.006881822129457235,-0.00706377402519338,0.363903791472289,0.0001819518957361445,10,0.9500000000000001,0.04999999999999993
2022-08-31,-0.0353000017934231,-0.03538321488637828,0.16642618591034702,8.321309295517351e-05,10,0.9499999999999998,0.050000000000000155
2022-09-01,0.009092826873486408,0.00893469612175302,0.31626150346677656,0.00015813075173338827,10,0.9499999999999998,0.050000000000000155
2022-09-02,-0.033801761867529874,-0.034022961923445755,0.44240011183176253,0.00022120005591588128,10,0.95,0.050000000000000044
2022-09-06,0.0014938475790588692,0.0012962025649598905,0.39529002819795744,0.00019764501409897872,10,0.9500000000000002,0.04999999999999982
2022-09-07,0.008728689272288108,0.008448050547426431,0.5612774497233555,0.0002806387248616777,10,0.9500000000000001,0.04999999999999993
2022-09-08,0.02404597310255419,0.023944258883503825,0.20342843810072503,0.00010171421905036252,10,0.95,0.050000000000000044
2022-09-09,0.012542593187447467,0.012361369686569616,0.3624470017557015,0.00018122350087785075,10,0.9500000000000002,0.04999999999999982
2022-09-12,-0.022518052777162872,-0.022688032008738732,0.33995846315172085,0.00016997923157586044,10,0.9500000000000001,0.04999999999999993
2022-09-13,0.029293487499266153,0.029116355064086757,0.35426487035879095,0.0001771324351793955,10,0.9499999999999997,0.050000000000000266
2022-09-14,-0.03630425505817343,-0.03632448939864677,0.04046868094667569,2.0234340473337843e-05,10,0.95,0.050000000000000044
2022-09-15,-0.057870381290661854,-0.05804923675495304,0.3577109285823685,0.00017885546429118426,10,0.95,0.050000000000000044
2022-09-16,-0.003942883778062019,-0.004042112080630952,0.19845660513786736,9.922830256893369e-05,10,0.9499999999999998,0.050000000000000155
2022-09-19,-0.05806565003501778,-0.058177519094681406,0.22373811932725696,0.00011186905966362848,10,0.95,0.050000000000000044
2022-09-20,-0.027147461743500766,-0.027322049822139913,0.34917615727829154,0.00017458807863914578,10,0.9499999999999997,0.050000000000000266
2022-09-21,-0.022999621279073106,-0.023020312078912777,0.04138159967934074,2.069079983967037e-05,10,0.95,0.050000000000000044
2022-09-22,-0.06259855563808434,-0.06269237822034351,0.18764516451834912,9.382258225917456e-05,10,0.9500000000000001,0.04999999999999993
2022-09-23,-0.0446049175981042,-0.044690119977130086,0.17040475805177305,8.520237902588652e-05,10,0.95,0.050000000000000044
2022-09-26,0.018158203006976955,0.018133701285062125,0.04900344382966004,2.450172191483002e-05,10,0.9499999999999997,0.050000000000000266
2022-09-27,0.04130354096242216,0.04128922921146191,0.02862350192051351,1.4311750960256755e-05,10,0.95,0.050000000000000044
2022-09-28,-0.011333230101126437,-0.011438555160629056,0.21065011900524044,0.00010532505950262022,10,0.95,0.050000000000000044
2022-09-29,-0.006463976673509306,-0.006561735363291093,0.19551737956357446,9.775868978178723e-05,10,0.9500000000000002,0.04999999999999982
2022-09-30,0.03225269961728537,0.03214851678828476,0.2083656580012276,0.0001041828290006138,10,0.9499999999999998,0.050000000000000155
2022-10-03,0.03927051843643002,0.03908358407301792,0.37386872682419403,0.00018693436341209703,10,0.9499999999999998,0.050000000000000155
2022-10-04,-0.004070989977218806,-0.00426073138106972,0.3794828077018279,0.00018974140385091394,10,0.9499999999999997,0.050000000000000266
2022-10-05,-0.002516240619343596,-0.0027160521630825284,0.39962308747786546,0.00019981154373893275,10,0.95,0.050000000000000044
2022-10-06,-0.024447115449504814,-0.024556485338891314,0.2187397787729975,0.00010936988938649875,10,0.9499999999999998,0.050000000000000155
2022-10-07,-0.012817950039284012,-0.01293079655976629,0.22569304096455622,0.00011284652048227811,10,0.95,0.050000000000000044
2022-10-10,-0.005605053771772859,-0.00569806648859063,0.18602543363554142,9.30127168177707e-05,10,0.95,0.050000000000000044
2022-10-11,-0.014838789014600335,-0.014949101321344202,0.22062461348773674,0.00011031230674386837,10,0.9499999999999998,0.050000000000000155
2022-10-12,0.025363242848357333,0.025264285649412816,0.1979143978890377,9.895719894451885e-05,10,0.9499999999999997,0.050000000000000266
2022-10-13,-0.0337823684828524,-0.033880697017501314,0.1966570692978291,9.832853464891456e-05,10,0.9499999999999998,0.050000000000000155
2022-10-14,0.01902909785892021,0.01891592729044318,0.22634113695406471,0.00011317056847703236,10,0.9500000000000002,0.04999999999999982
2022-10-17,0.004706422049326819,0.004595761967867075,0.22132016291948803,0.00011066008145974402,10,0.9500000000000001,0.04999999999999993
2022-10-18,-0.0037993560671433324,-0.003912687973285191,0.22666381228371696,0.00011333190614185848,10,0.9499999999999997,0.050000000000000266
2022-10-19,-0.002341588015281265,-0.002354278273369225,0.025380516175919535,1.2690258087959768e-05,10,0.9500000000000001,0.04999999999999993
2022-10-20,0.00842392671686825,0.008390355312074417,0.06714280958766668,3.357140479383334e-05,10,0.9500000000000001,0.04999999999999993
2022-10-21,-0.013860062762900215,-0.013968899277685522,0.21767302957061346,0.00010883651478530673,10,0.9500000000000001,0.04999999999999993
2022-10-24,0.012574593832646176,0.012449381370511211,0.25042492426993174,0.00012521246213496588,10,0.9500000000000001,0.04999999999999993
2022-10-25,0.03740246122124072,0.0372037382885633,0.39744586535483606,0.00019872293267741804,10,0.95,0.050000000000000044
2022-10-26,0.004603311392070239,0.004581174225301784,0.044274333536909585,2.2137166768454794e-05,10,0.9500000000000002,0.04999999999999982
2022-10-27,-0.00415965815203104,-0.0042614363216030016,0.20355633914392285,0.00010177816957196143,10,0.9499999999999998,0.050000000000000155
2022-10-28,0.0005783163581705652,0.00033350106033269613,0.4896305956757381,0.00024481529783786907,10,0.95,0.050000000000000044
2022-10-31,0.00010949315908836011,7.930036905666777e-05,0.060385580063384695,3.0192790031692347e-05,10,0.9499999999999997,0.050000000000000266
2022-11-01,-0.017559785797068996,-0.017844033633322667,0.5684956725073419,0.00028424783625367097,10,0.9500000000000001,0.04999999999999993
2022-11-02,0.011466218512107378,0.011270616982853861,0.3912030585070331,0.00019560152925351655,10,0.9499999999999998,0.050000000000000155
2022-11-03,0.014268751910616016,0.014041944919345255,0.4536139825415236,0.0002268069912707618,10,0.9500000000000001,0.04999999999999993
2022-11-04,0.004983277973475758,0.0049578224445975235,0.050911057756468314,2.545552887823416e-05,10,0.9499999999999998,0.050000000000000155
2022-11-07,-0.012001369581207271,-0.012177294800529512,0.35185043864448157,0.0001759252193222408,10,0.95,0.050000000000000044
2022-11-08,-0.052449767236153313,-0.0525638695747369,0.22820467716717407,0.00011410233858358704,10,0.95,0.050000000000000044
2022-11-09,0.022037208374199785,0.021928228776854165,0.21795919469123798,0.00010897959734561899,10,0.9500000000000001,0.04999999999999993
2022-11-10,0.019509094374307857,0.019332578457857085,0.353031832901542,0.000176515916450771,10,0.9499999999999998,0.050000000000000155
2022-11-11,-0.00289501686980557,-0.0030842233297520127,0.3784129198928852,0.00018920645994644262,10,0.9499999999999996,0.05000000000000038
2022-11-14,0.009923404369863095,0.009828755348668351,0.18929804238948794,9.464902119474397e-05,10,0.9500000000000002,0.04999999999999982
2022-11-15,-0.023739634092980105,-0.023835605263166828,0.191942340373445,9.59711701867225e-05,10,0.95,0.050000000000000044
2022-11-16,-0.004128924219447395,-0.0042246003983044695,0.1913523577141486,9.56761788570743e-05,10,0.9499999999999998,0.050000000000000155
2022-11-17,-0.003868644374741405,-0.004060188019396269,0.3830872893097262,0.0001915436446548631,10,0.95,0.050000000000000044
2022-11-18,-0.012619872103556161,-0.012721208384203932,0.20267256129554098,0.00010133628064777049,10,0.95,0.050000000000000044
2022-11-21,0.02299114855868201,0.022806307429165822,0.36968225903237495,0.00018484112951618748,10,0.9499999999999998,0.050000000000000155
2022-11-22,-0.008203637549213154,-0.008322019901716913,0.23676470500751776,0.00011838235250375888,10,0.95,0.050000000000000044
2022-11-23,0.01156364651377286,0.0112157601903688,0.6957726468081182,0.0003478863234040591,10,0.9499999999999997,0.050000000000000266
2022-11-25,-0.01930899943209636,-0.019570848006109358,0.5236971480259962,0.0002618485740129981,10,0.9500000000000001,0.04999999999999993
2022-11-28,0.013147195493998249,0.01297465952510556,0.3450719377853791,0.00017253596889268955,10,0.9500000000000001,0.04999999999999993
2022-11-29,0.02272962257441523,0.02261990964964626,0.2194258495379376,0.0001097129247689688,10,0.95,0.050000000000000044
2022-11-30,-0.013379886702998904,-0.013403073894785034,0.04637438357225962,2.318719178612981e-05,10,0.9500000000000001,0.04999999999999993
2022-12-01,0.004949267613562983,0.004856866940794053,0.18480134553785943,9.240067276892971e-05,10,0.95,0.050000000000000044
2022-12-02,-0.038195202996687695,-0.03837318416052981,0.3559623276842291,0.00017798116384211453,10,0.9499999999999998,0.050000000000000155
2022-12-05,-0.03552103269110917,-0.03572176237694924,0.4014593716801431,0.00020072968584007155,10,0.95,0.050000000000000044
2022-12-06,0.0012814434213027142,0.0011628907254615274,0.23710539168237385,0.00011855269584118693,10,0.95,0.050000000000000044
2022-12-07,-0.007911962424527753,-0.007930208038387671,0.036491227719836705,1.8245613859918354e-05,10,0.95,0.050000000000000044
2022-12-08,-0.023764120559560602,-0.023812298263513592,0.09635540790597817,4.8177703952989084e-05,10,0.95,0.050000000000000044
2022-12-09,0.03489100962153551,0.03462286948008305,0.5362802829049176,0.0002681401414524588,10,0.95,0.050000000000000044
2022-12-12,0.014410763142570412,0.014392834854258952,0.03585657662291941,1.7928288311459706e-05,10,0.9499999999999998,0.050000000000000155
2022-12-13,-0.0007809127715614167,-0.0008906340853567028,0.21944262759057231,0.00010972131379528616,10,0.9499999999999998,0.050000000000000155
2022-12-14,-0.015575378475866646,-0.015597873163918422,0.044989376103553025,2.2494688051776512e-05,10,0.95,0.050000000000000044
2022-12-15,-0.008015580184204424,-0.008121892788512355,0.21262520861586293,0.00010631260430793146,10,0.9500000000000001,0.04999999999999993
2022-12-16,-0.0051714391788691754,-0.005272857238622706,0.20283611950706146,0.00010141805975353073,10,0.9500000000000001,0.04999999999999993
2022-12-19,0.02388667361324429,0.023867737864284717,0.03787149791914525,1.8935748959572625e-05,10,0.9500000000000001,0.04999999999999993
2022-12-20,0.025196099504157896,0.025173035922102,0.04612716411179264,2.3063582055896322e-05,10,0.9500000000000001,0.04999999999999993
2022-12-21,-0.01847875240929963,-0.018585193730443293,0.21288264228732198,0.00010644132114366099,10,0.9499999999999998,0.050000000000000155
2022-12-22,0.009102357449087231,0.009008858549118195,0.1869977999380707,9.349889996903535e-05,10,0.9500000000000001,0.04999999999999993
2022-12-23,-0.006184275359351187,-0.006281467621798212,0.1943845248940489,9.719226244702445e-05,10,0.95,0.050000000000000044
2022-12-27,-0.01617780003418066,-0.016277748184146564,0.19989629993180708,9.994814996590355e-05,10,0.9500000000000002,0.04999999999999982
2022-12-28,0.011973850189362862,0.011870843488730324,0.20601340126507459,0.0001030067006325373,10,0.9500000000000001,0.04999999999999993
2022-12-29,0.005706069243942696,0.005603265030989122,0.20560842590714692,0.00010280421295357346,10,0.95,0.050000000000000044
2022-12-30,-0.02900530506502364,-0.029104014583148742,0.19741903625019946,9.870951812509973e-05,10,0.9500000000000001,0.04999999999999993
2023-01-03,-0.002748385011339046,-0.0028355694621567083,0.17436890163532515,8.718445081766258e-05,10,0.9500000000000001,0.04999999999999993
2023-01-04,0.0032879652819957426,0.003184837808996074,0.2062549459993372,0.0001031274729996686,10,0.9500000000000001,0.04999999999999993
2023-01-05,0.02279740571472493,0.02269159765231686,0.21161612481613107,0.00010580806240806553,10,0.95,0.050000000000000044
2023-01-06,-0.0037733314888858836,-0.003865956582220093,0.1852501866684189,9.262509333420945e-05,10,0.9500000000000001,0.04999999999999993
2023-01-09,0.016909063746753,0.01680313815757232,0.21185117836136924,0.00010592558918068463,10,0.95,0.050000000000000044
2023-01-10,-0.017804650338877303,-0.017942148881265656,0.2749970847767026,0.0001374985423883513,10,0.9500000000000001,0.04999999999999993
2023-01-11,0.02676849086444702,0.02658301648497154,0.37094875895096346,0.00018547437947548172,10,0.9499999999999998,0.050000000000000155
2023-01-12,0.020239222381743215,0.020013872956781965,0.45069884992249964,0.00022534942496124982,10,0.95,0.050000000000000044
2023-01-13,0.011819927348943335,0.011690448041741639,0.2589586144033936,0.0001294793072016968,10,0.95,0.050000000000000044
2023-01-17,-0.026461554268153165,-0.02650336432650523,0.08362011670412883,4.181005835206442e-05,10,0.9500000000000001,0.04999999999999993
2023-01-18,-0.0324810971204606,-0.03259369723650827,0.22520023209533743,0.00011260011604766872,10,0.9499999999999998,0.050000000000000155
2023-01-19,0.020395238101033664,0.020213940858956437,0.3625944841544545,0.00018129724207722726,10,0.9499999999999998,0.050000000000000155
2023-01-20,0.004061657792778267,0.003862258280309158,0.3987990249382177,0.00019939951246910888,10,0.95,0.050000000000000044
2023-01-23,-0.0011363798139687302,-0.0012449174437483977,0.2170752595593349,0.00010853762977966746,10,0.95,0.050000000000000044
2023-01-24,-0.012330632967089132,-0.012424851927345106,0.1884379205119478,9.42189602559739e-05,10,0.95,0.050000000000000044
2023-01-25,-0.01368215783969989,-0.01376638728324019,0.16845888708059858,8.422944354029929e-05,10,0.9500000000000001,0.04999999999999993
2023-01-26,-0.026117323990396613,-0.0261997212020792,0.1647944233651695,8.239721168258475e-05,10,0.95,0.050000000000000044
2023-01-27,-0.011458583138935469,-0.01155094690420275,0.18472753053456167,9.236376526728084e-05,10,0.9499999999999998,0.050000000000000155
2023-01-30,0.03020844084654796,0.030163540804816046,0.08980008346382677,4.490004173191339e-05,10,0.9500000000000002,0.04999999999999982
2023-01-31,0.01171139265317048,0.011618099716169889,0.1865858740011827,9.329293700059135e-05,10,0.95,0.050000000000000044
2023-02-01,-0.0072473559133748675,-0.007337758483764921,0.18080514078010734,9.040257039005368e-05,10,0.9500000000000001,0.04999999999999993
2023-02-02,-0.04521136465250125,-0.045315242292971576,0.2077552809406511,0.00010387764047032555,10,0.9499999999999998,0.050000000000000155
2023-02-03,-0.022631375902112175,-0.022711146861224003,0.15954191822365252,7.977095911182626e-05,10,0.9500000000000001,0.04999999999999993
2023-02-06,-0.010912718655693479,-0.011055002002074585,0.2845666927622109,0.00014228334638110546,10,0.9500000000000001,0.04999999999999993
2023-02-07,-0.010844030796488236,-0.010948501213288622,0.2089408336007736,0.0001044704168003868,10,0.9500000000000001,0.04999999999999993
2023-02-08,-0.0059042727144691075,-0.0060629310024094985,0.31731657588078166,0.00015865828794039082,10,0.9500000000000001,0.04999999999999993
2023-02-09,-0.01910744429783938,-0.019255753037113972,0.29661747854918613,0.00014830873927459306,10,0.95,0.050000000000000044
2023-02-10,0.0017776145317815204,0.001685286931589204,0.18465520038463284,9.232760019231642e-05,10,0.9499999999999997,0.050000000000000266
2023-02-13,0.01626859343918028,0.01618911034447316,0.15896618941423657,7.948309470711828e-05,10,0.9499999999999997,0.050000000000000266
2023-02-14,0.03641628642779588,0.03631713403176691,0.1983047920579466,9.91523960289733e-05,10,0.9500000000000002,0.04999999999999982
2023-02-15,0.005371511310406567,0.005285679095345595,0.17166443012194355,8.583221506097177e-05,10,0.9500000000000001,0.04999999999999993
2023-02-16,0.012946240203141827,0.012794046306879718,0.3043877925242205,0.00015219389626211025,10,0.9500000000000001,0.04999999999999993
2023-02-17,-0.031597808221080215,-0.03174366409882429,0.2917117554881501,0.00014585587774407506,10,0.9499999999999998,0.050000000000000155
2023-02-21,0.01129997292265586,0.01122375580072746,0.152434243856798,7.6217121928399e-05,10,0.95,0.050000000000000044
2023-02-22,0.009164675125847795,0.009076605774523273,0.1761387026490423,8.806935132452115e-05,10,0.9499999999999998,0.050000000000000155
2023-02-23,-0.03527166740675996,-0.035362602754060696,0.18187069460147084,9.093534730073542e-05,10,0.95,0.050000000000000044
2023-02-24,-0.0030563242669626447,-0.003147160874181271,0.18167321443725254,9.083660721862627e-05,10,0.95,0.050000000000000044
2023-02-27,-0.0003927429339674834,-0.0005594173849834182,0.3333489020318695,0.00016667445101593476,10,0.95,0.050000000000000044
2023-02-28,0.03830490158920279,0.03813950018885518,0.33080280069521717,0.00016540140034760858,10,0.95,0.050000000000000044
2023-03-01,0.02355595141488544,0.02338368805097884,0.3445267278132036,0.0001722633639066018,10,0.9499999999999998,0.050000000000000155
2023-03-02,0.038109680757463,0.03807425187592707,0.07085776307185887,3.542888153592944e-05,10,0.9499999999999998,0.050000000000000155
2023-03-03,-0.017558182096928457,-0.01774130978816108,0.3662553824652462,0.0001831276912326231,10,0.9500000000000002,0.04999999999999982
2023-03-06,-0.019046378345376484,-0.01907807314245188,0.06338959415079562,3.169479707539781e-05,10,0.9499999999999998,0.050000000000000155
2023-03-07,-0.006338857641192718,-0.0063635143366644106,0.049313390943385924,2.4656695471692964e-05,10,0.9499999999999997,0.050000000000000266
2023-03-08,-0.03545445707472341,-0.03563233514435979,0.3557561392727653,0.00017787806963638265,10,0.9500000000000001,0.04999999999999993
2023-03-09,-0.02299994157725645,-0.02309676125304875,0.19363935158459966,9.681967579229983e-05,10,0.95,0.050000000000000044
2023-03-10,-0.015074545534839175,-0.015296737532253865,0.4443839948293817,0.00022219199741469085,10,0.95,0.050000000000000044
2023-03-13,-0.005445268514696501,-0.005579815469393332,0.2690939093936603,0.00013454695469683015,10,0.95,0.050000000000000044
2023-03-14,-0.032021214982573605,-0.032120502115425435,0.19857426570365677,9.928713285182839e-05,10,0.9499999999999998,0.050000000000000155
2023-03-15,0.018795241456940295,0.018679671282366413,0.23114034914776077,0.00011557017457388038,10,0.9499999999999997,0.050000000000000266
2023-03-16,-0.03455789019917468,-0.03466628355030468,0.21678670226001373,0.00010839335113000687,10,0.9500000000000002,0.04999999999999982
2023-03-17,0.010870545710088757,0.010662813730382166,0.41546395941318204,0.00020773197970659103,10,0.9499999999999998,0.050000000000000155
2023-03-20,0.009775192124661724,0.009679006818148607,0.19237061302623415,9.618530651311708e-05,10,0.9499999999999998,0.050000000000000155
2023-03-21,-0.01763898462900187,-0.01776181858580632,0.24566791360889295,0.00012283395680444647,10,0.9499999999999998,0.050000000000000155
2023-03-22,0.015492060230665496,0.015400535069061243,0.18305032320850617,9.15251616042531e-05,10,0.9499999999999998,0.050000000000000155
2023-03-23,-0.009410826172256956,-0.009495111133502165,0.16856992249041855,8.428496124520928e-05,10,0.95,0.050000000000000044
2023-03-24,0.01337161122271112,0.013275406183866845,0.1924100776885509,9.620503884427544e-05,10,0.9500000000000002,0.04999999999999982
2023-03-27,0.021951844340307048,0.021783117761678645,0.3374531572568096,0.0001687265786284048,10,0.9499999999999997,0.050000000000000266
2023-03-28,0.018086402415488714,0.017928969444585583,0.31486594180626304,0.0001574329709031315,10,0.9499999999999998,0.050000000000000155
2023-03-29,-0.016341331532129542,-0.016432739119180938,0.18281517410278858,9.140758705139429e-05,10,0.9500000000000001,0.04999999999999993
2023-03-30,0.004020962352284212,0.003927970901883112,0.18598290080219892,9.299145040109946e-05,10,0.95,0.050000000000000044
2023-03-31,0.017496858372340912,0.017382788530833384,0.22813968301505777,0.00011406984150752888,10,0.9499999999999998,0.050000000000000155
2023-04-03,-0.031892267974470166,-0.031993844086567746,0.20315222419516615,0.00010157611209758308,10,0.9499999999999998,0.050000000000000155
2023-04-04,-0.023685192617638254,-0.023774442721538117,0.17850020779972503,8.925010389986252e-05,10,0.9499999999999998,0.050000000000000155
2023-04-05,-0.0024950307952159496,-0.0025898638525000102,0.18966611456812127,9.483305728406064e-05,10,0.9500000000000001,0.04999999999999993
2023-04-06,0.013562005353733107,0.013539768724433613,0.04447325859899054,2.223662929949527e-05,10,0.95,0.050000000000000044
2023-04-10,0.0003734797174890031,0.000294398638551389,0.1581621578752283,7.908107893761416e-05,10,0.9499999999999998,0.050000000000000155
2023-04-11,-0.006250721157150165,-0.006352463422382784,0.2034845304652387,0.00010174226523261936,10,0.95,0.050000000000000044
2023-04-12,0.013340039100279021,0.013260036743549811,0.16000471345841896,8.000235672920948e-05,10,0.95,0.050000000000000044
2023-04-13,0.0007327012539291427,0.0006538761163536881,0.15765027515090904,7.882513757545452e-05,10,0.9499999999999998,0.050000000000000155
2023-04-14,0.04423268715367637,0.044144861540867664,0.1756512256174173,8.782561280870865e-05,10,0.9499999999999998,0.050000000000000155
2023-04-17,0.02424407607580085,0.024234560106446076,0.019031938709547738,9.51596935477387e-06,10,0.95,0.050000000000000044
2023-04-18,0.009985959616294473,0.009889597159709131,0.192724913170682,9.6362456585341e-05,10,0.9500000000000002,0.04999999999999982
2023-04-19,-0.0064927640591139636,-0.006577072447741422,0.16861677725491658,8.430838862745829e-05,10,0.9500000000000001,0.04999999999999993
2023-04-20,-0.00249114379901758,-0.0025840138578270195,0.18574011761887949,9.287005880943975e-05,10,0.9499999999999998,0.050000000000000155
2023-04-21,-0.019542480463693557,-0.0196393492941609,0.19373766093469014,9.686883046734507e-05,10,0.9499999999999998,0.050000000000000155
2023-04-24,-0.03147536193668701,-0.03150167811788292,0.052632362391808865,2.631618119590443e-05,10,0.95,0.050000000000000044
2023-04-25,0.015091792081430787,0.01500814295375412,0.16729825535333487,8.364912767666744e-05,10,0.9500000000000001,0.04999999999999993
2023-04-26,-0.002493050169979113,-0.00258584484295041,0.18558934594259385,9.279467297129693e-05,10,0.9499999999999998,0.050000000000000155
2023-04-27,0.022600875227292844,0.022445768526014966,0.3102134025557567,0.00015510670127787834,10,0.9500000000000001,0.04999999999999993
2023-04-28,0.0031029106338913382,0.0029508507234717158,0.3041198208392452,0.0001520599104196226,10,0.9499999999999998,0.050000000000000155
2023-05-01,-0.03768144103377502,-0.03769883876969387,0.03479547183769774,1.739773591884887e-05,10,0.9500000000000002,0.04999999999999982
2023-05-02,-0.011105530212789368,-0.011141341093468921,0.0716217613591038,3.58108806795519e-05,10,0.9499999999999998,0.050000000000000155
2023-05-03,-0.0011682102691380042,-0.0013260887469328847,0.31575695558976075,0.00015787847779488037,10,0.9500000000000001,0.04999999999999993
2023-05-04,0.012536148572862697,0.012456675562303824,0.15894602111774486,7.947301055887244e-05,10,0.9500000000000002,0.04999999999999982
2023-05-05,0.003474177886025183,0.0033087729980163577,0.3308097760176505,0.00016540488800882524,10,0.9499999999999997,0.050000000000000266
2023-05-08,-0.025860761272915977,-0.025892807453360873,0.06409236088979299,3.20461804448965e-05,10,0.9499999999999997,0.050000000000000266
2023-05-09,-0.017433248783477684,-0.017533172449090063,0.19984733122476078,9.99236656123804e-05,10,0.9499999999999997,0.050000000000000266
2023-05-10,0.008166484469552905,0.008056134161244493,0.2207006166168239,0.00011035030830841196,10,0.9499999999999998,0.050000000000000155
2023-05-11,-0.00021472098722648833,-0.00023156584560023213,0.03368971674748758,1.684485837374379e-05,10,0.95,0.050000000000000044
2023-05-12,0.029835447022945896,0.029656343691982757,0.3582066619262786,0.0001791033309631393,10,0.95,0.050000000000000044
2023-05-15,-0.02287312372995048,-0.022973698726935197,0.20114999396943367,0.00010057499698471683,10,0.9499999999999998,0.050000000000000155
2023-05-16,0.001930525288838829,0.0019043363193504154,0.05237793897682709,2.6188969488413544e-05,10,0.95,0.050000000000000044
2023-05-17,-0.0038654704956911454,-0.003972247338212713,0.21355368504313468,0.00010677684252156735,10,0.9500000000000001,0.04999999999999993
2023-05-18,-0.01646636505423132,-0.016550097542766814,0.16746497707098795,8.373248853549398e-05,10,0.95,0.050000000000000044
2023-05-19,0.007982372925575692,0.007965357226295953,0.03403139855947891,1.7015699279739456e-05,10,0.9499999999999998,0.050000000000000155
2023-05-22,-0.0123265106558744,-0.012428480799716686,0.20394028768457,0.00010197014384228501,10,0.95,0.050000000000000044
2023-05-23,0.004479198004716108,0.004465072587652146,0.028250834127924056,1.4125417063962028e-05,10,0.9499999999999998,0.050000000000000155
2023-05-24,0.013578241724111444,0.013497655750484302,0.1611719472542832,8.05859736271416e-05,10,0.9500000000000001,0.04999999999999993
2023-05-25,0.013655953848868647,0.013573510643492659,0.16488641075197788,8.244320537598894e-05,10,0.9500000000000001,0.04999999999999993
2023-05-26,0.00020766974730215308,0.00018964218763568405,0.03605511933293809,1.8027559666469044e-05,10,0.9500000000000001,0.04999999999999993
2023-05-30,-0.009292857425767015,-0.009319778102247095,0.05384135296015936,2.692067648007968e-05,10,0.95,0.050000000000000044
2023-05-31,0.022893057019361528,0.02287089595914207,0.04432212043891833,2.2161060219459167e-05,10,0.95,0.050000000000000044
2023-06-01,0.0032411131665736567,0.003206425221907457,0.06937588933239897,3.468794466619948e-05,10,0.9499999999999996,0.05000000000000038
2023-06-02,0.00209726447022532,0.0020019328955243015,0.19066314940203744,9.533157470101872e-05,10,0.9500000000000001,0.04999999999999993
2023-06-05,0.035592077131415024,0.03550684585851584,0.17046254579838035,8.523127289919018e-05,10,0.9500000000000001,0.04999999999999993
2023-06-06,0.0038602097196552315,0.003769021694114885,0.182376051080693,9.11880255403465e-05,10,0.9500000000000001,0.04999999999999993
2023-06-07,0.005042591853170987,0.004936484294422681,0.21221511749661098,0.0001061075587483055,10,0.95,0.050000000000000044
2023-06-08,-0.003137579268212526,-0.00323370365501829,0.19224877361152798,9.612438680576399e-05,10,0.9499999999999997,0.050000000000000266
2023-06-09,0.0049239624108103775,0.004725954624567289,0.3960155724861784,0.0001980077862430892,10,0.9499999999999997,0.050000000000000266
2023-06-12,0.005840835816235861,0.005676993010016249,0.327685612439224,0.000163842806219612,10,0.95,0.050000000000000044
2023-06-13,-0.0004422130945748973,-0.0005491395006680145,0.2138528121862344,0.0001069264060931172,10,0.9499999999999998,0.050000000000000155
2023-06-14,0.006667412146941631,0.006582426121393005,0.169972051097253,8.49860255486265e-05,10,0.9500000000000001,0.04999999999999993
2023-06-15,-0.012883558956741861,-0.013040166812296331,0.3132157111089412,0.0001566078555544706,10,0.95,0.050000000000000044
2023-06-16,0.0013795379346269602,0.0012997649064809486,0.159546056292023,7.97730281460115e-05,10,0.9500000000000002,0.04999999999999982
2023-06-20,-0.00021681372227922596,-0.00039279297433751723,0.3519585041165825,0.00017597925205829128,10,0.95,0.050000000000000044
2023-06-21,0.006439191471196801,0.006346763448090734,0.18485604621213286,9.242802310606643e-05,10,0.95,0.050000000000000044
2023-06-22,-0.01977068257799118,-0.019894992948015687,0.24862074004901108,0.00012431037002450554,10,0.9500000000000001,0.04999999999999993
2023-06-23,0.005007635379203286,0.004985677492702995,0.04391577300058161,2.1957886500290805e-05,10,0.95,0.050000000000000044
2023-06-26,0.010779944787233632,0.010666976205960743,0.22593716254577778,0.00011296858127288889,10,0.95,0.050000000000000044
2023-06-27,0.036379332984050355,0.036242783860284525,0.27309824753166323,0.00013654912376583162,10,0.9500000000000001,0.04999999999999993
2023-06-28,0.009581374976362553,0.00955126972181351,0.06021050909808898,3.010525454904449e-05,10,0.9499999999999998,0.050000000000000155
2023-06-29,0.02534414700049508,0.025234268889923226,0.21975622114371135,0.00010987811057185567,10,0.9500000000000002,0.04999999999999982
2023-06-30,0.0016612217843166876,0.001646456479474181,0.029530609685013365,1.4765304842506683e-05,10,0.9500000000000001,0.04999999999999993
2023-07-03,0.0043919733639260945,0.00434732617880508,0.0892943702420288,4.46471851210144e-05,10,0.9500000000000002,0.04999999999999982
2023-07-05,-0.02259072353808204,-0.02276237947788885,0.34331187961361703,0.00017165593980680852,10,0.95,0.050000000000000044
2023-07-06,0.013417785406924556,0.013320381216442755,0.19480838096360284,9.740419048180142e-05,10,0.9499999999999997,0.050000000000000266
2023-07-07,0.025188979290797928,0.025012859958519734,0.3522386645563863,0.00017611933227819316,10,0.9499999999999998,0.050000000000000155
2023-07-10,0.006110956739186336,0.006090374667843901,0.041164142684870564,2.0582071342435283e-05,10,0.9499999999999998,0.050000000000000155
2023-07-11,0.01776500061235101,0.01766601005479406,0.1979811151138975,9.899055755694874e-05,10,0.95,0.050000000000000044
2023-07-12,0.028808578037390998,0.02863970533646501,0.33774540185197477,0.0001688727009259874,10,0.9500000000000001,0.04999999999999993
2023-07-13,-0.018776718134259462,-0.01885869157904572,0.16394688957251988,8.197344478625994e-05,10,0.95,0.050000000000000044
2023-07-14,0.037355014100772396,0.03732198990463359,0.06604839227761806,3.302419613880903e-05,10,0.95,0.050000000000000044
2023-07-17,0.02392089937766382,0.023768268715946107,0.30526132343542567,0.00015263066171771283,10,0.95,0.050000000000000044
2023-07-18,-0.02578591482023815,-0.025870001853869014,0.16817406726173414,8.408703363086708e-05,10,0.95,0.050000000000000044
2023-07-19,-0.020958257454275573,-0.02105575224717749,0.19498958580383371,9.749479290191687e-05,10,0.95,0.050000000000000044
2023-07-20,-0.007181636045120443,-0.007261580508762359,0.1598889272838318,7.994446364191591e-05,10,0.95,0.050000000000000044
2023-07-21,-0.009840504159380413,-0.010013062650965038,0.34511698316925177,0.00017255849158462588,10,0.95,0.050000000000000044
2023-07-24,0.010053598604889476,0.009895557888586403,0.31608143260614496,0.0001580407163030725,10,0.9500000000000001,0.04999999999999993
2023-07-25,-0.009080235268816699,-0.009171219678943143,0.18196882025288902,9.09844101264445e-05,10,0.95,0.050000000000000044
2023-07-26,-0.02841918136404613,-0.028571198945953082,0.3040351638139064,0.00015201758190695318,10,0.95,0.050000000000000044
2023-07-27,0.036924910457104984,0.0368165898881107,0.21664113798856358,0.00010832056899428179,10,0.9500000000000001,0.04999999999999993
2023-07-28,0.05337365031461422,0.05319258967625923,0.3621212767099766,0.0001810606383549883,10,0.95,0.050000000000000044
2023-07-31,-0.00044228115007049454,-0.0005940390827895415,0.30351586543809383,0.0001517579327190469,10,0.9499999999999998,0.050000000000000155
2023-08-01,0.022320266109261497,0.02222638530150063,0.18776161552173404,9.388080776086703e-05,10,0.9499999999999998,0.050000000000000155
2023-08-02,-0.020660333402073915,-0.02067406307661677,0.02745934908571515,1.3729674542857575e-05,10,0.95,0.050000000000000044
2023-08-03,0.08121466122812075,0.08113255845545901,0.16420554532349116,8.210277266174559e-05,10,0.9500000000000001,0.04999999999999993
2023-08-04,0.0023072052883062826,0.0022156504128160023,0.18310975098056048,9.155487549028025e-05,10,0.9499999999999997,0.050000000000000266
2023-08-07,0.001335544187105485,0.0013007810256826912,0.0695263228455874,3.4763161422793696e-05,10,0.95,0.050000000000000044
2023-08-08,-0.06258171540264124,-0.06269271748403064,0.22200416277882076,0.00011100208138941038,10,0.9500000000000001,0.04999999999999993
2023-08-09,0.041305611651823136,0.041222857871536414,0.1655075605734384,8.27537802867192e-05,10,0.95,0.050000000000000044
2023-08-10,-0.03301755311145914,-0.0331018282364914,0.16855025006452568,8.427512503226284e-05,10,0.9500000000000001,0.04999999999999993
2023-08-11,0.03737051797125515,0.03727351978068494,0.19399638114042017,9.699819057021009e-05,10,0.95,0.050000000000000044
2023-08-14,-0.020590583674292704,-0.020688106794073735,0.1950462395620614,9.752311978103071e-05,10,0.9499999999999997,0.050000000000000266
2023-08-15,-0.042849911848258676,-0.04296097907879294,0.22213446106853116,0.00011106723053426559,10,0.95,0.050000000000000044
2023-08-16,-0.03321276325500115,-0.03330751611185392,0.18950571370552516,9.475285685276257e-05,10,0.9499999999999998,0.050000000000000155
2023-08-17,0.0011237244802095843,0.0010095751278028503,0.2282987048134682,0.0001141493524067341,10,0.9500000000000002,0.04999999999999982
2023-08-18,0.03493020171012463,0.03484659644154311,0.1672105371630342,8.360526858151709e-05,10,0.9500000000000001,0.04999999999999993
2023-08-21,-0.0008533609247934606,-0.0008849630542819165,0.06320425897691173,3.160212948845587e-05,10,0.95,0.050000000000000044
2023-08-22,0.048797321960738445,0.04869467052728569,0.20530286690550614,0.00010265143345275308,10,0.9500000000000001,0.04999999999999993
2023-08-23,-0.04461415490031258,-0.0447858624416145,0.34341508260384046,0.00017170754130192023,10,0.95,0.050000000000000044
2023-08-24,-0.00389217771948571,-0.004063160274029561,0.34196510908770233,0.00017098255454385118,10,0.9500000000000001,0.04999999999999993
2023-08-25,0.019872291276703525,0.019763569922464256,0.21744270847853814,0.00010872135423926907,10,0.95,0.050000000000000044
2023-08-28,0.06653307756662026,0.06643600020723037,0.19415471877978085,9.707735938989043e-05,10,0.95,0.050000000000000044
2023-08-29,0.015476640275402763,0.015338381795917837,0.2765169589698522,0.0001382584794849261,10,0.9499999999999998,0.050000000000000155
2023-08-30,-0.005972755568391525,-0.006138293150092514,0.3310751634019775,0.00016553758170098875,10,0.9500000000000002,0.04999999999999982
2023-08-31,0.007234510553057221,0.007064365100766135,0.3402909045821708,0.0001701454522910854,10,0.9499999999999998,0.050000000000000155
2023-09-01,-0.009269803694664406,-0.009358309916960758,0.1770124445927039,8.850622229635195e-05,10,0.95,0.050000000000000044
2023-09-05,-0.012744413901365012,-0.012972536679055388,0.45624555538075384,0.00022812277769037692,10,0.9499999999999998,0.050000000000000155
2023-09-06,-0.02387454651308087,-0.023965023788471054,0.18095455078037287,9.047727539018644e-05,10,0.9499999999999997,0.050000000000000266
2023-09-07,-0.0005673209827382166,-0.0006557684949923524,0.1768950245082715,8.844751225413575e-05,10,0.95,0.050000000000000044
2023-09-08,-0.010413493024289422,-0.010598318087902738,0.36965012722663126,0.00018482506361331563,10,0.95,0.050000000000000044
2023-09-11,-0.019126218789560907,-0.019229552461881624,0.20666734464143288,0.00010333367232071644,10,0.95,0.050000000000000044
2023-09-12,-0.04922816867495845,-0.04927150662615031,0.0866759023837199,4.333795119185995e-05,10,0.95,0.050000000000000044
2023-09-13,0.024206395157478855,0.02409515116330019,0.22248798835732922,0.00011124399417866461,10,0.95,0.050000000000000044
2023-09-14,-0.01935474815645719,-0.01947119958875774,0.23290286460110135,0.00011645143230055068,10,0.9500000000000003,0.04999999999999971
2023-09-15,-0.002389794415701609,-0.0024972777965134915,0.21496676162376482,0.00010748338081188241,10,0.9500000000000001,0.04999999999999993
2023-09-18,-0.019062887945955294,-0.019241072689259387,0.3563694866081899,0.00017818474330409496,10,0.95,0.050000000000000044
2023-09-19,-0.02085899977165333,-0.020987496007151517,0.2569924709963717,0.00012849623549818584,10,0.9499999999999998,0.050000000000000155
2023-09-20,-0.034556125668542825,-0.03466738681890687,0.2225223007280803,0.00011126115036404015,10,0.95,0.050000000000000044
2023-09-21,0.007127507244355225,0.006944021044105577,0.3669724004992967,0.00018348620024964834,10,0.9499999999999998,0.050000000000000155
2023-09-22,-0.004857107092685646,-0.004951282953953309,0.18835172253532578,9.41758612676629e-05,10,0.95,0.050000000000000044
2023-09-25,0.0041488473197697565,0.004103516182821039,0.0906622738974347,4.533113694871735e-05,10,0.95,0.050000000000000044
2023-09-26,0.006527807214125423,0.006404539322919648,0.24653578241154986,0.00012326789120577493,10,0.95,0.050000000000000044
2023-09-27,0.05495833378702931,0.05485890841435369,0.19885074535123254,9.942537267561627e-05,10,0.9499999999999998,0.050000000000000155
2023-09-28,-0.0017180049881697925,-0.0018168721752928772,0.19773437424616946,9.886718712308473e-05,10,0.9500000000000002,0.04999999999999982
2023-09-29,-0.012561466608018098,-0.012581740142795934,0.04054706955567375,2.0273534777836876e-05,10,0.95,0.050000000000000044
2023-10-02,-0.048235796481891954,-0.048275376754255334,0.07916054472675388,3.958027236337694e-05,10,0.95,0.050000000000000044
2023-10-03,-0.0028544281635669343,-0.0029512481320657074,0.19363993699754642,9.681996849877321e-05,10,0.95,0.050000000000000044
2023-10-04,0.0032673537695134557,0.0031807667066232727,0.17317412578036634,8.658706289018318e-05,10,0.9499999999999998,0.050000000000000155
2023-10-05,0.023769532118600573,0.02375348643964986,0.03209135790143028,1.604567895071514e-05,10,0.95,0.050000000000000044
2023-10-06,-0.025151535008167473,-0.025174668292570188,0.046266568805431924,2.313328440271596e-05,10,0.95,0.050000000000000044
2023-10-09,0.02190835004323232,0.021888460499053908,0.03977908835682502,1.9889544178412508e-05,10,0.9499999999999998,0.050000000000000155
2023-10-10,0.016278982292020138,0.016259750373182686,0.038463837674905854,1.9231918837452927e-05,10,0.9500000000000002,0.04999999999999982
2023-10-11,-0.02750450777076316,-0.027519870411077604,0.03072528062888724,1.536264031444362e-05,10,0.9500000000000002,0.04999999999999982
2023-10-12,-0.0419808080226053,-0.042008593557003975,0.05557106879734722,2.778553439867361e-05,10,0.9499999999999998,0.050000000000000155
2023-10-13,0.021758984851597107,0.02173019435809069,0.05758098701283289,2.8790493506416444e-05,10,0.9499999999999998,0.050000000000000155
2023-10-16,0.004477141667562681,0.004461430866286195,0.03142160255297122,1.571080127648561e-05,10,0.9500000000000002,0.04999999999999982
2023-10-17,-0.046649362660531414,-0.04672984933815038,0.16097335523793446,8.048667761896723e-05,10,0.9500000000000001,0.04999999999999993
2023-10-18,-0.02447014028451929,-0.02454781736218556,0.1553541553325345,7.767707766626725e-05,10,0.95,0.050000000000000044
2023-10-19,-0.03347713532008007,-0.0335484991208083,0.14272760145645785,7.136380072822892e-05,10,0.9499999999999998,0.050000000000000155
2023-10-20,0.01384552086538058,0.013765119073264092,0.16080358423297553,8.040179211648776e-05,10,0.95,0.050000000000000044
2023-10-23,0.01222267847034181,0.012206551085635758,0.032254769412102105,1.6127384706051053e-05,10,0.95,0.050000000000000044
2023-10-24,-0.034945233301260564,-0.03502041989698424,0.1503731914473525,7.518659572367625e-05,10,0.9499999999999997,0.050000000000000266
2023-10-25,-0.027652251249084974,-0.02774864542549915,0.19278835282834833,9.639417641417416e-05,10,0.9500000000000001,0.04999999999999993
2023-10-26,0.002589608909636044,0.0025024321616088432,0.17435349605440215,8.717674802720107e-05,10,0.9499999999999998,0.050000000000000155
2023-10-27,0.00015798430546991684,7.106604413338087e-05,0.17383652267307195,8.691826133653597e-05,10,0.9499999999999998,0.050000000000000155
2023-10-30,0.01049907344934609,0.010401166964400358,0.19581296989146274,9.790648494573137e-05,10,0.9500000000000002,0.04999999999999982
2023-10-31,0.0249017496082239,0.024813111658632824,0.17727589918215061,8.863794959107531e-05,10,0.9500000000000001,0.04999999999999993
2023-11-01,0.05091325263172714,0.05088155500047367,0.06339526250693538,3.169763125346769e-05,10,0.95,0.050000000000000044
2023-11-02,0.04509922969556156,0.04506286482390869,0.07272974330573448,3.636487165286724e-05,10,0.9499999999999998,0.050000000000000155
2023-11-03,0.004754765323991774,0.004643065460698036,0.22339972658747573,0.00011169986329373786,10,0.95,0.050000000000000044
2023-11-06,0.011662053955421144,0.011487980002810894,0.34814790522049927,0.00017407395261024965,10,0.95,0.050000000000000044
2023-11-07,-0.010465936803114634,-0.010595433735029386,0.2589938638295045,0.00012949693191475226,10,0.9500000000000001,0.04999999999999993
2023-11-08,-0.021672510803812987,-0.021862842333377194,0.38066305912841314,0.00019033152956420658,10,0.9500000000000002,0.04999999999999982
2023-11-09,-0.006449808691955159,-0.006468918865012098,0.03822034611387805,1.9110173056939023e-05,10,0.95,0.050000000000000044
2023-11-10,0.032292817377679514,0.03226049317900467,0.0646483973496776,3.23241986748388e-05,10,0.9499999999999997,0.050000000000000266
2023-11-13,0.0843900329627045,0.08428594053759626,0.20818485021648023,0.00010409242510824012,10,0.9499999999999998,0.050000000000000155
2023-11-14,0.014417561335277693,0.014314411044020005,0.20630058251537475,0.00010315029125768737,10,0.9499999999999998,0.050000000000000155
2023-11-15,-0.021224594158777452,-0.021453479753116865,0.4577711886788258,0.0002288855943394129,10,0.95,0.050000000000000044
2023-11-16,0.010414542809953043,0.010329758805653545,0.16956800859899374,8.478400429949687e-05,10,0.9499999999999998,0.050000000000000155
2023-11-17,0.034239785716021695,0.0342167671231216,0.04603718580019682,2.301859290009841e-05,10,0.9500000000000001,0.04999999999999993
2023-11-20,0.020824605418823916,0.020803873392637947,0.04146405237193543,2.0732026185967715e-05,10,0.9499999999999997,0.050000000000000266
2023-11-21,0.007017706696152412,0.006920526518078775,0.19436035614727373,9.718017807363687e-05,10,0.95,0.050000000000000044
2023-11-22,-0.006257584603335215,-0.006349533312928038,0.18389741918564495,9.194870959282248e-05,10,0.9500000000000001,0.04999999999999993
2023-11-24,0.022672446564148168,0.022499530978943184,0.34583117040996864,0.00017291558520498432,10,0.9500000000000002,0.04999999999999982
2023-11-27,-0.009631614593949652,-0.009813660399977107,0.36409161205491036,0.00018204580602745518,10,0.95,0.050000000000000044
2023-11-28,0.004323138648866652,0.0042263163187372275,0.193644660258849,9.68223301294245e-05,10,0.95,0.050000000000000044
2023-11-29,-0.018467493283886506,-0.018486751998901662,0.038517430030315034,1.9258715015157516e-05,10,0.9500000000000001,0.04999999999999993
2023-11-30,0.07493768732189239,0.0748487721189391,0.17783040590657287,8.891520295328643e-05,10,0.9500000000000002,0.04999999999999982
2023-12-01,0.022807344480710107,0.02264989120602886,0.3149065493624946,0.0001574532746812473,10,0.9499999999999998,0.050000000000000155
2023-12-04,-0.00997495096878864,-0.01008433054101114,0.21875914444500116,0.00010937957222250058,10,0.9499999999999997,0.050000000000000266
2023-12-05,-0.013341593667779964,-0.013437100078904746,0.19101282224956453,9.550641112478227e-05,10,0.95,0.050000000000000044
2023-12-06,0.008770619285880273,0.008671169284449725,0.1989000028610947,9.945000143054735e-05,10,0.9499999999999997,0.050000000000000266
2023-12-07,0.04171693351482646,0.041550194678103586,0.33347767344574564,0.00016673883672287283,10,0.95,0.050000000000000044
2023-12-08,-0.01953825640363303,-0.0196962662098551,0.3160196124441361,0.00015800980622206805,10,0.95,0.050000000000000044
2023-12-11,0.009412334571755058,0.009283780411888947,0.2571083197322236,0.0001285541598661118,10,0.95,0.050000000000000044
2023-12-12,0.0627256163129736,0.06269156315861574,0.06810630871572847,3.405315435786423e-05,10,0.9499999999999997,0.050000000000000266
2023-12-13,0.04203227585020908,0.041938270232663694,0.18801123509077372,9.400561754538686e-05,10,0.9500000000000002,0.04999999999999982
2023-12-14,0.007526760912230921,0.007310791326409074,0.4319391716436957,0.00021596958582184786,10,0.95,0.050000000000000044
2023-12-15,0.031396501132675565,0.031377183801855606,0.03863466163992113,1.9317330819960566e-05,10,0.95,0.050000000000000044
2023-12-18,0.027282038686032326,0.027196683809379906,0.17070975330484356,8.535487665242178e-05,10,0.9499999999999998,0.050000000000000155
2023-12-19,-0.05388968676037012,-0.0539650978714975,0.15082222225475928,7.541111112737964e-05,10,0.9500000000000001,0.04999999999999993
2023-12-20,0.02069799610841681,0.020608418911981174,0.1791543928712678,8.95771964356339e-05,10,0.9499999999999997,0.050000000000000266
2023-12-21,-0.007055149058466624,-0.007161478676544767,0.21265923615628612,0.00010632961807814306,10,0.9500000000000001,0.04999999999999993
2023-12-22,0.014107817035320805,0.014089949749631216,0.03573457137918035,1.7867285689590173e-05,10,0.95,0.050000000000000044
2023-12-26,0.005547194326582766,0.005533956439878428,0.026475773408675587,1.3237886704337793e-05,10,0.9499999999999997,0.050000000000000266
2023-12-27,-0.00843340922510744,-0.008531769927671,0.19672140512711894,9.836070256355947e-05,10,0.95,0.050000000000000044
2023-12-28,-0.050128191441615615,-0.05022100687085951,0.18563085848779315,9.281542924389658e-05,10,0.9499999999999998,0.050000000000000155
2023-12-29,-0.03404715474633839,-0.034192484468515305,0.29065944435383695,0.00014532972217691848,10,0.95,0.050000000000000044
2024-01-02,-0.046949960582014505,-0.047041005928655205,0.18209069328139438,9.104534664069719e-05,10,0.9500000000000001,0.04999999999999993
2024-01-03,0.013469678886445707,0.013375359216117528,0.1886393406563579,9.431967032817895e-05,10,0.95,0.050000000000000044
2024-01-04,0.025825863753613936,0.02570970261481549,0.2323222775968929,0.00011616113879844645,10,0.95,0.050000000000000044
2024-01-05,0.008264221359572147,0.008180472686009755,0.16749734712478132,8.374867356239066e-05,10,0.95,0.050000000000000044
2024-01-08,-0.004818377401816926,-0.0049234243554357095,0.21009390723756793,0.00010504695361878397,10,0.95,0.050000000000000044
2024-01-09,-0.005666035623866011,-0.005688239079830699,0.04440691192937558,2.2203455964687787e-05,10,0.9500000000000001,0.04999999999999993
2024-01-10,-0.04443406121291473,-0.0445170190904373,0.16591575504513437,8.295787752256718e-05,10,0.9499999999999998,0.050000000000000155
2024-01-11,-0.03629308709179937,-0.0363998979002836,0.2136216169684613,0.00010681080848423066,10,0.9499999999999998,0.050000000000000155
2024-01-12,-0.01964074253735447,-0.019739679731312815,0.19787438791669154,9.893719395834577e-05,10,0.95,0.050000000000000044
2024-01-16,-0.016393209083342755,-0.01644653226674556,0.10664636680560917,5.3323183402804585e-05,10,0.95,0.050000000000000044
2024-01-17,0.006175117377688916,0.006129330899269281,0.0915729568392691,4.578647841963455e-05,10,0.9500000000000001,0.04999999999999993
2024-01-18,0.027948069233176172,0.027853917493683242,0.18830347898585664,9.415173949292832e-05,10,0.9499999999999998,0.050000000000000155
2024-01-19,0.04927696990712209,0.049248224764169395,0.05749028590538607,2.8745142952693035e-05,10,0.9499999999999998,0.050000000000000155
2024-01-22,0.009761872022422749,0.009679150494652998,0.16544305553950284,8.272152776975141e-05,10,0.9499999999999998,0.050000000000000155
2024-01-23,-0.04709165872822801,-0.047166336088516336,0.14935472057666124,7.467736028833063e-05,10,0.9499999999999998,0.050000000000000155
2024-01-24,-0.010925904784189262,-0.011004198160922626,0.15658675346672754,7.829337673336377e-05,10,0.9500000000000002,0.04999999999999982
2024-01-25,-0.0073540892987898066,-0.007442594330924317,0.1770100642690215,8.850503213451074e-05,10,0.9500000000000001,0.04999999999999993
2024-01-26,0.05068194304554751,0.05060226424461902,0.15935760185697617,7.967880092848809e-05,10,0.95,0.050000000000000044
2024-01-29,-0.0015994511751521489,-0.0016213429445526943,0.04378353880109081,2.1891769400545406e-05,10,0.9500000000000001,0.04999999999999993
2024-01-30,-0.02914909259941529,-0.02919479891342168,0.09141262801277925,4.570631400638962e-05,10,0.95,0.050000000000000044
2024-01-31,0.018490988750913994,0.018430261383393074,0.12145473504184263,6.072736752092132e-05,10,0.9499999999999998,0.050000000000000155
2024-02-01,0.0432168499022583,0.04307870317860553,0.2762934473055359,0.00013814672365276796,10,0.9499999999999998,0.050000000000000155
2024-02-02,0.004728175061095567,0.004638752677915253,0.17884476636062854,8.942238318031427e-05,10,0.95,0.050000000000000044
2024-02-05,-0.000971561890692411,-0.0010881123539695139,0.23310092655420567,0.00011655046327710284,10,0.9499999999999997,0.050000000000000266
2024-02-06,0.027836290838956185,0.02768557728339624,0.3014271111198893,0.00015071355555994464,10,0.95,0.050000000000000044
2024-02-07,0.039385591880364,0.0392850161459497,0.2011514688286038,0.0001005757344143019,10,0.95,0.050000000000000044
2024-02-08,0.04859401304056618,0.04850757534697971,0.17287538717293316,8.643769358646658e-05,10,0.9499999999999998,0.050000000000000155
2024-02-09,0.041194991147862535,0.04116678804763873,0.05640620044760966,2.8203100223804832e-05,10,0.9499999999999998,0.050000000000000155
2024-02-12,-0.04876349637070853,-0.04886646354663276,0.20593435184845138,0.00010296717592422569,10,0.9500000000000001,0.04999999999999993
2024-02-13,0.06873362952014253,0.06870498675180675,0.05728553667156385,2.8642768335781925e-05,10,0.95,0.050000000000000044
2024-02-14,0.04121434588195949,0.04113206215036629,0.16456746318638962,8.228373159319481e-05,10,0.9499999999999997,0.050000000000000266
2024-02-15,-0.048803932101888686,-0.0488168954154324,0.02592662708743105,1.2963313543715525e-05,10,0.9499999999999998,0.050000000000000155
2024-02-16,-0.017956807470118248,-0.018051337562120212,0.18906018400392768,9.453009200196385e-05,10,0.95,0.050000000000000044
2024-02-20,-0.03728253882769853,-0.0373992491776313,0.23342069986553401,0.00011671034993276701,10,0.95,0.050000000000000044
2024-02-21,0.07598099061882228,0.07590160478974756,0.15877165814946365,7.938582907473183e-05,10,0.95,0.050000000000000044
2024-02-22,-0.025967283495081227,-0.026047515492512007,0.16046399486155855,8.023199743077927e-05,10,0.95,0.050000000000000044
2024-02-23,0.03043583626436004,0.03035368448510613,0.16430355850782313,8.215177925391157e-05,10,0.9500000000000001,0.04999999999999993
2024-02-26,0.02062554385410586,0.020541112940708307,0.16886182679510248,8.443091339755124e-05,10,0.9500000000000002,0.04999999999999982
2024-02-27,-0.04182594878562886,-0.04191930543034377,0.18671328942982088,9.335664471491044e-05,10,0.95,0.050000000000000044
2024-02-28,0.020204533620340744,0.020176398170812862,0.05627089905576189,2.8135449527880944e-05,10,0.9500000000000001,0.04999999999999993
2024-02-29,0.020396069616891683,0.020371005391144933,0.05012845149349964,2.506422574674982e-05,10,0.9499999999999997,0.050000000000000266
2024-03-01,0.02004652830400197,0.0200313052030085,0.030446201986937566,1.5223100993468782e-05,10,0.9500000000000001,0.04999999999999993
2024-03-04,-0.02471353070692819,-0.024868923178610485,0.3107849433645895,0.00015539247168229475,10,0.95,0.050000000000000044
2024-03-05,0.008488511880137316,0.008339519475521352,0.2979848092319289,0.00014899240461596446,10,0.9500000000000001,0.04999999999999993
2024-03-06,0.00024475006964958055,9.975787826310996e-05,0.2899843827729412,0.0001449921913864706,10,0.95,0.050000000000000044
2024-03-07,0.0025783920763350265,0.002552016128490887,0.052751895688278753,2.637594784413938e-05,10,0.9500000000000002,0.04999999999999982
2024-03-08,-0.035117664631877696,-0.03520127998056623,0.16723069737707014,8.361534868853507e-05,10,0.95,0.050000000000000044
2024-03-11,0.01944177506734597,0.019415472365499738,0.052605403692463186,2.6302701846231594e-05,10,0.9499999999999997,0.050000000000000266
2024-03-12,0.02217484755522615,0.02203155823608855,0.2865786382752025,0.00014328931913760128,10,0.9500000000000001,0.04999999999999993
2024-03-13,-0.044209435986841274,-0.044345083626346586,0.2712952790106306,0.00013564763950531532,10,0.95,0.050000000000000044
2024-03-14,0.0036264916818109037,0.0035451364649479334,0.16271043372594077,8.135521686297038e-05,10,0.9499999999999998,0.050000000000000155
2024-03-15,-0.007502667075890146,-0.007586078096205345,0.16682204063039893,8.341102031519947e-05,10,0.9499999999999997,0.050000000000000266
2024-03-18,-0.02487519652304397,-0.024957521553022017,0.16465005995608842,8.232502997804421e-05,10,0.9499999999999997,0.050000000000000266
2024-03-19,0.04650598324664053,0.04640076930478925,0.21042788370254978,0.00010521394185127489,10,0.9499999999999998,0.050000000000000155
2024-03-20,0.03138939402668052,0.0312987888258795,0.1812104016020462,9.060520080102311e-05,10,0.95,0.050000000000000044
2024-03-21,-0.014565122662394474,-0.014658192945866521,0.18614056694409306,9.307028347204654e-05,10,0.9500000000000003,0.04999999999999971
2024-03-22,-0.00026770324518835735,-0.00036436429917889194,0.19332210798106916,9.666105399053458e-05,10,0.9499999999999996,0.05000000000000038
2024-03-25,-0.001861963002716656,-0.0020024599671904517,0.28099392894759107,0.00014049696447379552,10,0.9500000000000002,0.04999999999999982
2024-03-26,-0.010367074785723063,-0.010441267698099527,0.14838582475292597,7.419291237646299e-05,10,0.9500000000000002,0.04999999999999982
2024-03-27,-0.007958328528121646,-0.008080197209699345,0.24373736315539868,0.00012186868157769934,10,0.95,0.050000000000000044
2024-03-28,-0.015733156492689273,-0.015815591798579776,0.16487061178100337,8.243530589050168e-05,10,0.95,0.050000000000000044
2024-04-01,-0.02459007980179309,-0.02467727342050038,0.17438723741457843,8.719361870728922e-05,10,0.9499999999999997,0.050000000000000266
2024-04-02,0.011251978241361048,0.011228587114248921,0.04678225422425554,2.339112711212777e-05,10,0.9499999999999998,0.050000000000000155
2024-04-03,-0.023480067949877812,-0.023596754796641004,0.2333736935263839,0.00011668684676319195,10,0.9500000000000001,0.04999999999999993
2024-04-04,-0.0038836308811689944,-0.00391131616036047,0.05537055838295202,2.768527919147601e-05,10,0.9499999999999996,0.05000000000000038
2024-04-05,0.00292409326436924,0.0028367814936044516,0.17462354152957726,8.731177076478863e-05,10,0.9500000000000002,0.04999999999999982
2024-04-08,-0.016082311837774584,-0.016161604853954542,0.15858603235991534,7.929301617995767e-05,10,0.9500000000000001,0.04999999999999993
2024-04-09,0.0008740744934408581,0.0007946689635525558,0.15881105977660465,7.940552988830232e-05,10,0.9500000000000001,0.04999999999999993
2024-04-10,0.014253126149088741,0.014233393389327161,0.03946551952315929,1.9732759761579645e-05,10,0.95,0.050000000000000044
2024-04-11,-0.048925127749830294,-0.04895475910114238,0.059262702624167954,2.963135131208398e-05,10,0.9499999999999997,0.050000000000000266
2024-04-12,-0.025122588472134284,-0.02520252603030933,0.15987511635009227,7.993755817504613e-05,10,0.9500000000000001,0.04999999999999993
2024-04-15,0.032298717628425656,0.03222560148219704,0.14623229245723807,7.311614622861904e-05,10,0.9500000000000001,0.04999999999999993
2024-04-16,-0.009462095843296728,-0.009549347384170721,0.17450308174798498,8.72515408739925e-05,10,0.9500000000000002,0.04999999999999982
2024-04-17,-0.01662036802029267,-0.016763089119932077,0.2854421992788132,0.0001427210996394066,10,0.9500000000000001,0.04999999999999993
2024-04-18,-0.04373867456555658,-0.04382927352216149,0.18119791320982004,9.059895660491002e-05,10,0.95,0.050000000000000044
2024-04-19,0.012407791799360704,0.012380887337772076,0.05380892317725617,2.6904461588628084e-05,10,0.95,0.050000000000000044
2024-04-22,0.04235837999187095,0.04234644558570199,0.023868812337913187,1.1934406168956593e-05,10,0.95,0.050000000000000044
2024-04-23,-0.018410953254133097,-0.018425098881355233,0.028291254444268825,1.4145627222134414e-05,10,0.95,0.050000000000000044
2024-04-24,0.01644891519793821,0.016354842353577006,0.1881456887224045,9.407284436120226e-05,10,0.9500000000000001,0.04999999999999993
2024-04-25,0.05215254762773455,0.05212978496480647,0.045525325856162195,2.27626629280811e-05,10,0.95,0.050000000000000044
2024-04-26,0.0006621746501700573,0.0005973350560179838,0.12967918830414693,6.483959415207347e-05,10,0.9500000000000001,0.04999999999999993
2024-04-29,-0.042505425122876465,-0.04257874131513009,0.1466323845072527,7.331619225362635e-05,10,0.9499999999999998,0.050000000000000155
2024-04-30,-0.013710592281798502,-0.01378356145558936,0.1459383475817142,7.29691737908571e-05,10,0.9500000000000002,0.04999999999999982
2024-05-01,0.09114381202513806,0.0911325453933431,0.022533263589907974,1.1266631794953987e-05,10,0.95,0.050000000000000044
2024-05-02,0.028276814463224248,0.02820740597078724,0.13881698487401356,6.940849243700678e-05,10,0.9500000000000001,0.04999999999999993
2024-05-03,0.04063057825622044,0.04058915664603764,0.08284322036560554,4.142161018280277e-05,10,0.95,0.050000000000000044
2024-05-06,-0.02025292279923876,-0.020283490735234704,0.06113587199188414,3.056793599594207e-05,10,0.9499999999999998,0.050000000000000155
2024-05-07,-0.00776332404443098,-0.007799248970489702,0.07184985211744287,3.5924926058721437e-05,10,0.95,0.050000000000000044
2024-05-08,0.0137523629010529,0.01372422374124347,0.05627831961885779,2.8139159809428897e-05,10,0.9499999999999998,0.050000000000000155
2024-05-09,-0.02356334807005639,-0.02358430554768287,0.041914955252966166,2.0957477626483082e-05,10,0.95,0.050000000000000044
2024-05-10,-0.0025380527605773995,-0.002554366993538846,0.03262846592289284,1.6314232961446422e-05,10,0.9499999999999998,0.050000000000000155
2024-05-13,0.04918103480572885,0.04909632391859944,0.1694217742588326,8.47108871294163e-05,10,0.9500000000000002,0.04999999999999982
2024-05-14,0.06046768954818665,0.06044868777949465,0.03800353738399782,1.900176869199891e-05,10,0.9499999999999998,0.050000000000000155
2024-05-15,-0.02632363328802187,-0.02635871028713294,0.0701539982221381,3.5076999111069045e-05,10,0.9500000000000003,0.04999999999999971
2024-05-16,0.005767532385013723,0.005741727732914036,0.051609304199374074,2.580465209968704e-05,10,0.9499999999999998,0.050000000000000155
2024-05-17,0.032810845471790064,0.03279612671707778,0.029437509424563253,1.4718754712281626e-05,10,0.9499999999999998,0.050000000000000155
2024-05-20,-0.011644821688995102,-0.011693180489219539,0.09671760044887327,4.8358800224436635e-05,10,0.95,0.050000000000000044
2024-05-21,-0.00517362450459049,-0.005202461307516229,0.0576736058514772,2.88368029257386e-05,10,0.9500000000000001,0.04999999999999993
2024-05-22,-0.027515700784140815,-0.027529030005214783,0.02665844214793757,1.3329221073968785e-05,10,0.95,0.050000000000000044
2024-05-23,0.04704896746128002,0.047025090828325795,0.04775326590844585,2.3876632954222926e-05,10,0.9499999999999998,0.050000000000000155
2024-05-24,-0.000892619428633488,-0.0009139280068178673,0.042617156368758694,2.1308578184379348e-05,10,0.9500000000000001,0.04999999999999993
2024-05-28,-0.005565972971098195,-0.005607040076988731,0.08213421178107362,4.106710589053681e-05,10,0.9500000000000001,0.04999999999999993
2024-05-29,-0.009921683577784005,-0.010088201869240495,0.33303658291298105,0.00016651829145649053,10,0.9500000000000001,0.04999999999999993
2024-05-30,-0.05027555154148992,-0.050456030099918656,0.3609571168574781,0.00018047855842873907,10,0.95,0.050000000000000044
2024-05-31,0.012571020964767624,0.012459079272777812,0.22388338397962484,0.00011194169198981242,10,0.9500000000000001,0.04999999999999993
2024-06-03,-0.0073222213242070955,-0.007430785140074719,0.21712763173524674,0.00010856381586762338,10,0.95,0.050000000000000044
2024-06-04,0.027515541597631022,0.0273587089470574,0.31366530114724533,0.00015683265057362268,10,0.9499999999999998,0.050000000000000155
2024-06-05,0.04239803263950056,0.042293125801973544,0.20981367505402834,0.00010490683752701417,10,0.9500000000000001,0.04999999999999993
2024-06-06,-0.007248364551772689,-0.0073436831947151,0.1906372858848208,9.53186429424104e-05,10,0.9500000000000002,0.04999999999999982
2024-06-07,0.02455535068167,0.02446117069288235,0.1883599775752957,9.417998878764786e-05,10,0.95,0.050000000000000044
2024-06-10,-0.048868238944747705,-0.04891935099555708,0.10222410161875314,5.111205080937657e-05,10,0.95,0.050000000000000044
2024-06-11,0.027782448720536375,0.027670400833899992,0.2240957732727652,0.0001120478866363826,10,0.95,0.050000000000000044
2024-06-12,0.012642138713391642,0.012467476804337957,0.34932381810736857,0.0001746619090536843,10,0.9499999999999998,0.050000000000000155
2024-06-13,-0.05474442326280021,-0.05484510307189174,0.20135961818306225,0.00010067980909153112,10,0.95,0.050000000000000044
2024-06-14,0.00039723181789703,0.00029137462227483513,0.21171439124438976,0.00010585719562219489,10,0.9499999999999998,0.050000000000000155
2024-06-17,-0.01707108418445196,-0.01716633895787536,0.19050954684679788,9.525477342339894e-05,10,0.95,0.050000000000000044
2024-06-18,-0.029435629181638556,-0.02952663152392526,0.18200468457340374,9.100234228670188e-05,10,0.9499999999999998,0.050000000000000155
2024-06-20,0.01376733736059979,0.013679245026001699,0.176184669196184,8.8092334598092e-05,10,0.9500000000000001,0.04999999999999993
2024-06-21,-0.02074567689419187,-0.020839023894257833,0.18669400013192583,9.334700006596291e-05,10,0.9500000000000001,0.04999999999999993
2024-06-24,0.014913855831479084,0.014826540007426933,0.17463164810430054,8.731582405215027e-05,10,0.9500000000000001,0.04999999999999993
2024-06-25,-0.026491294717772493,-0.0266721190108808,0.36164858621661916,0.00018082429310830957,10,0.9499999999999998,0.050000000000000155
2024-06-26,0.029166959471149848,0.0290724015149371,0.18911591242549003,9.455795621274502e-05,10,0.95,0.050000000000000044
2024-06-27,-0.028295559539161436,-0.02846387596671741,0.33663285511195074,0.00016831642755597536,10,0.95,0.050000000000000044
2024-06-28,-0.014841485624970646,-0.014876589409834539,0.07020756972778627,3.5103784863893135e-05,10,0.9500000000000001,0.04999999999999993
2024-07-01,0.0034083575424190805,0.003283751898933142,0.2492112869718766,0.0001246056434859383,10,0.9500000000000001,0.04999999999999993
2024-07-02,0.0029077150911342216,0.0028061671338807754,0.20309591450689288,0.00010154795725344644,10,0.9499999999999997,0.050000000000000266
2024-07-03,-0.011408180000368109,-0.011497297970840323,0.17823594094443002,8.911797047221501e-05,10,0.9500000000000001,0.04999999999999993
2024-07-05,-0.016496775015465134,-0.01652810479738188,0.06265956383349486,3.132978191674743e-05,10,0.9500000000000002,0.04999999999999982
2024-07-08,-0.0036847031200580743,-0.0037142473052245656,0.05908837033298288,2.954418516649144e-05,10,0.9500000000000001,0.04999999999999993
2024-07-09,-0.0003013875316979975,-0.000402669754570536,0.20256444574507704,0.00010128222287253852,10,0.9500000000000001,0.04999999999999993
2024-07-10,-0.00987431747084961,-0.009973402831244016,0.1981707207888129,9.908536039440645e-05,10,0.9500000000000001,0.04999999999999993
2024-07-11,0.05290676576101148,0.05282199144587888,0.16954863026519337,8.477431513259669e-05,10,0.9500000000000001,0.04999999999999993
2024-07-12,0.0415051622406306,0.04131194223915529,0.3864400029506126,0.0001932200014753063,10,0.9500000000000001,0.04999999999999993
2024-07-15,0.014343569984917775,0.014234664175055587,0.21781161972437502,0.00010890580986218751,10,0.9499999999999998,0.050000000000000155
2024-07-16,0.027105470406855122,0.0270054754067464,0.199990000217444,9.999500010872201e-05,10,0.9499999999999998,0.050000000000000155
2024-07-17,-0.015018690026922129,-0.015152937645277727,0.268495236711195,0.0001342476183555975,10,0.9499999999999997,0.050000000000000266
2024-07-18,-0.005223476290140158,-0.00532553450227222,0.20411642426412438,0.00010205821213206219,10,0.9500000000000002,0.04999999999999982
2024-07-19,0.030188100365610204,0.03006743774518434,0.2413252408517268,0.0001206626204258634,10,0.9500000000000001,0.04999999999999993
2024-07-22,0.01837322382748345,0.018253132351847445,0.24018295127201197,0.00012009147563600599,10,0.95,0.050000000000000044
2024-07-23,0.010339973048076963,0.010233455893770579,0.21303430861276929,0.00010651715430638464,10,0.9499999999999998,0.050000000000000155
2024-07-24,-0.014057632638745585,-0.014081507919314456,0.04775056113774323,2.3875280568871617e-05,10,0.95,0.050000000000000044
2024-07-25,0.048787819234756204,0.04868023012103249,0.2151782274474314,0.0001075891137237157,10,0.95,0.050000000000000044
2024-07-26,-0.02211187708018137,-0.02220306633092802,0.1823785014933056,9.11892507466528e-05,10,0.9500000000000001,0.04999999999999993
2024-07-29,-0.028598795277533638,-0.028695353017627417,0.1931154801875579,9.655774009377895e-05,10,0.95,0.050000000000000044
2024-07-30,0.050987969831269894,0.05095909406405293,0.057751534433923404,2.88757672169617e-05,10,0.95,0.050000000000000044
2024-07-31,-0.01384086000539682,-0.013931608190353724,0.1814963699138093,9.074818495690466e-05,10,0.95,0.050000000000000044
2024-08-01,-0.056680197841385005,-0.05677879239318762,0.1971891036052372,9.85945518026186e-05,10,0.9500000000000001,0.04999999999999993
2024-08-02,-0.025803305514465424,-0.02590748818959715,0.20836535026345437,0.00010418267513172719,10,0.9499999999999997,0.050000000000000266
2024-08-05,0.013121958481024067,0.013016914671697419,0.21008761865329484,0.00010504380932664742,10,0.9499999999999998,0.050000000000000155
2024-08-06,-0.03489168730487392,-0.034913540253038854,0.04370589632986102,2.185294816493051e-05,10,0.95,0.050000000000000044
2024-08-07,0.05827572228615774,0.05816860356193583,0.21423744844381684,0.00010711872422190842,10,0.9500000000000001,0.04999999999999993
2024-08-08,0.03242418414707732,0.03233284621059035,0.18267587297393517,9.133793648696759e-05,10,0.9499999999999998,0.050000000000000155
2024-08-09,-0.019342121752573684,-0.01943721877931454,0.19019405348170862,9.509702674085431e-05,10,0.9500000000000001,0.04999999999999993
2024-08-12,0.023291927935555307,0.023260792629243517,0.06227061262357751,3.113530631178876e-05,10,0.9499999999999998,0.050000000000000155
2024-08-13,-0.023639655419582795,-0.023802736139013254,0.32616143886091986,0.00016308071943045994,10,0.95,0.050000000000000044
2024-08-14,0.0815663452209815,0.08147227651301926,0.18813741592445996,9.406870796222999e-05,10,0.95,0.050000000000000044
2024-08-15,0.0008775273865598452,0.0008438483163596495,0.0673581404003914,3.36790702001957e-05,10,0.9500000000000001,0.04999999999999993
2024-08-16,0.05035260381386091,0.05025283759595396,0.1995324358139064,9.97662179069532e-05,10,0.95,0.050000000000000044
2024-08-19,-0.017811048258490548,-0.017982335423450638,0.34257432992018244,0.00017128716496009122,10,0.95,0.050000000000000044
2024-08-20,0.035091862482762685,0.03499521233535087,0.1933002948236338,9.66501474118169e-05,10,0.9500000000000001,0.04999999999999993
2024-08-21,-0.03012619870802045,-0.030290905939319934,0.32941446259896606,0.00016470723129948303,10,0.95,0.050000000000000044
2024-08-22,0.017866841427945295,0.017764868327578825,0.20394620073294117,0.0001019731003664706,10,0.9499999999999997,0.050000000000000266
2024-08-23,-0.005523681669769475,-0.005651303740597157,0.2552441416553644,0.0001276220708276822,10,0.9499999999999998,0.050000000000000155
2024-08-26,-0.016536798311112388,-0.016564765981652175,0.055935341079575075,2.796767053978754e-05,10,0.9499999999999997,0.050000000000000266
2024-08-27,-0.035411566997522445,-0.0354870623270125,0.15099065898010808,7.549532949005404e-05,10,0.9500000000000001,0.04999999999999993
2024-08-28,-0.00010019758542475468,-0.00011967919460705904,0.038963218364608705,1.9481609182304355e-05,10,0.9499999999999998,0.050000000000000155
2024-08-29,0.008324327264238228,0.008293585406951992,0.06148371457247121,3.074185728623561e-05,10,0.95,0.050000000000000044
2024-08-30,-0.04040931410075558,-0.040486336821274865,0.1540454410385777,7.702272051928885e-05,10,0.95,0.050000000000000044
2024-09-03,0.02248238722299975,0.022409525394597635,0.14572365680423124,7.286182840211563e-05,10,0.9500000000000001,0.04999999999999993
2024-09-04,-0.0361031467596115,-0.036168852496168705,0.1314114731144132,6.57057365572066e-05,10,0.9500000000000001,0.04999999999999993
2024-09-05,-0.02786908390200256,-0.02796617613263693,0.19418446126874778,9.709223063437389e-05,10,0.9499999999999998,0.050000000000000155
2024-09-06,0.08951021445941165,0.0894658587854641,0.0887113478951013,4.435567394755065e-05,10,0.9499999999999998,0.050000000000000155
2024-09-09,0.030221012783411442,0.030169330831886953,0.10336390304898072,5.168195152449036e-05,10,0.95,0.050000000000000044
2024-09-10,0.014328110598290459,0.014296734876226189,0.0627514441285409,3.137572206427045e-05,10,0.95,0.050000000000000044
2024-09-11,0.05027269393489755,0.050198611177629054,0.14816551453699317,7.408275726849658e-05,10,0.95,0.050000000000000044
2024-09-12,0.06396613002332384,0.06388592084639975,0.1604183538481629,8.020917692408144e-05,10,0.95,0.050000000000000044
2024-09-13,-0.008782284229625162,-0.008857542155240889,0.15051585123145436,7.525792561572719e-05,10,0.9500000000000001,0.04999999999999993
2024-09-16,-0.030195238836721854,-0.03027753899803594,0.1646003226281694,8.23001613140847e-05,10,0.95,0.050000000000000044
2024-09-17,0.005197159671341219,0.0051391201770467606,0.11607898858891698,5.803949429445849e-05,10,0.9500000000000001,0.04999999999999993
2024-09-18,0.01935200919598665,0.019260941051612846,0.1821362887476113,9.106814437380567e-05,10,0.9499999999999998,0.050000000000000155
2024-09-19,-0.01511080062632917,-0.015147144809013524,0.07268836536871015,3.634418268435507e-05,10,0.95,0.050000000000000044
2024-09-20,-0.003643993350927216,-0.003709130623901412,0.13027454594839166,6.513727297419583e-05,10,0.9499999999999997,0.050000000000000266
2024-09-23,0.013200849777319964,0.013182709014711256,0.03628152521741679,1.8140762608708393e-05,10,0.95,0.050000000000000044
2024-09-24,-0.02206390015367864,-0.022101529325335698,0.07525834331411262,3.762917165705631e-05,10,0.9500000000000001,0.04999999999999993
2024-09-25,-0.013480156246691527,-0.013501742072587041,0.043171651791029754,2.1585825895514878e-05,10,0.9499999999999996,0.05000000000000038
2024-09-26,0.009470454568724397,0.009446426299591961,0.048056538264872065,2.4028269132436034e-05,10,0.95,0.050000000000000044
2024-09-27,0.021137102438727115,0.02111463937099267,0.04492613546888561,2.2463067734442805e-05,10,0.9499999999999998,0.050000000000000155
2024-09-30,-0.036632975814033894,-0.03666057759669839,0.055203565328996555,2.7601782664498277e-05,10,0.9500000000000001,0.04999999999999993
2024-10-01,-0.006816133738946335,-0.0068378543666589575,0.043441255425245864,2.1720627712622934e-05,10,0.9499999999999998,0.050000000000000155
2024-10-02,-0.009638403853092834,-0.009711146533791735,0.14548536139780052,7.274268069890026e-05,10,0.9500000000000001,0.04999999999999993
2024-10-03,0.043025544005314595,0.04298687053802258,0.077346934584034,3.8673467292017e-05,10,0.95,0.050000000000000044
2024-10-04,-0.03737236861052727,-0.03740750895215253,0.07028068325052159,3.5140341625260794e-05,10,0.9499999999999998,0.050000000000000155
2024-10-07,0.019072579805175658,0.019049327944833612,0.04650372068409337,2.3251860342046687e-05,10,0.95,0.050000000000000044
2024-10-08,-0.02371808727771102,-0.02379623811724565,0.15630167906926448,7.815083953463225e-05,10,0.95,0.050000000000000044
2024-10-09,-0.0015820606747536906,-0.0016303529597412394,0.09658456997509757,4.829228498754878e-05,10,0.9499999999999998,0.050000000000000155
2024-10-10,0.0429989616756657,0.04297258368995432,0.05275597142276958,2.637798571138479e-05,10,0.9499999999999997,0.050000000000000266
2024-10-11,0.011941895003005078,0.011854926147372451,0.17393771126525345,8.696885563262673e-05,10,0.95,0.050000000000000044
2024-10-14,0.01743971794761243,0.01740969210186026,0.0600516915043396,3.00258457521698e-05,10,0.9500000000000001,0.04999999999999993
2024-10-15,0.06867467889059423,0.06860683726963555,0.13568324191735281,6.784162095867641e-05,10,0.9500000000000003,0.04999999999999971
2024-10-16,-0.02209229134156207,-0.02212031211049678,0.05604153786941996,2.8020768934709982e-05,10,0.9500000000000001,0.04999999999999993
2024-10-17,0.012577501318390928,0.012497435820558142,0.16013099566557354,8.006549783278677e-05,10,0.95,0.050000000000000044
2024-10-18,-0.011188285991933472,-0.011252999928476221,0.12942787308549783,6.471393654274891e-05,10,0.95,0.050000000000000044
2024-10-21,0.002837637301080053,0.0028116211060130935,0.05203239013391886,2.601619506695943e-05,10,0.95,0.050000000000000044
2024-10-22,-0.025153722152602403,-0.02518123147473236,0.05501864425991304,2.7509322129956522e-05,10,0.9500000000000001,0.04999999999999993
2024-10-23,-0.007203944556690903,-0.007275231267713915,0.14257342204602552,7.128671102301276e-05,10,0.9499999999999998,0.050000000000000155
2024-10-24,0.0283969263038089,0.028372592465641413,0.04866767633497847,2.4333838167489233e-05,10,0.9500000000000002,0.04999999999999982
2024-10-25,0.02862670267512027,0.028567289276421434,0.11882679739767335,5.941339869883668e-05,10,0.9500000000000002,0.04999999999999982
2024-10-28,-0.002237318083197214,-0.002307173571909897,0.13971097742536562,6.98554887126828e-05,10,0.9500000000000002,0.04999999999999982
2024-10-29,-0.04813127309068172,-0.048203385943258174,0.14422570515290373,7.211285257645186e-05,10,0.95,0.050000000000000044
2024-10-30,-0.007488135667486969,-0.007576005514324821,0.1757396936757038,8.78698468378519e-05,10,0.95,0.050000000000000044
2024-10-31,-0.001638810234202243,-0.0016972376953138838,0.11685492222328155,5.8427461111640775e-05,10,0.9499999999999998,0.050000000000000155
2024-11-01,0.019504018913538097,0.019414572875908743,0.17889207525871204,8.944603762935602e-05,10,0.9499999999999998,0.050000000000000155
2024-11-04,0.01943773355288292,0.019410152653019604,0.055161799726630614,2.758089986331531e-05,10,0.9499999999999998,0.050000000000000155
2024-11-05,0.04284866914268066,0.04272797181709517,0.24139465117097317,0.00012069732558548659,10,0.9500000000000001,0.04999999999999993
2024-11-06,0.02653306945779833,0.026456821911517724,0.15249509256121024,7.624754628060512e-05,10,0.9499999999999998,0.050000000000000155
2024-11-07,0.021804995362197047,0.021721914080909635,0.16616256257482442,8.308128128741221e-05,10,0.95,0.050000000000000044
2024-11-08,0.033960949197383634,0.03384081510472284,0.24026818532159497,0.00012013409266079749,10,0.95,0.050000000000000044
2024-11-11,-0.02235361995327844,-0.0224405935406762,0.1739471747955217,8.697358739776084e-05,10,0.95,0.050000000000000044
2024-11-12,0.016115480772071804,0.01609703527297838,0.03689099818685034,1.844549909342517e-05,10,0.95,0.050000000000000044
2024-11-13,-0.021947063237424343,-0.022023245065114074,0.15236365537946242,7.618182768973121e-05,10,0.9500000000000002,0.04999999999999982
2024-11-14,-0.048343700590592856,-0.04839323710439807,0.09907302761043299,4.9536513805216494e-05,10,0.95,0.050000000000000044
2024-11-15,0.030558719289449,0.030532950028393104,0.051538522111795146,2.5769261055897572e-05,10,0.95,0.050000000000000044
2024-11-18,0.022347018000737896,0.022272229350446683,0.14957730058242844,7.478865029121422e-05,10,0.95,0.050000000000000044
2024-11-19,-0.02728704521040638,-0.02736825678210174,0.16242314339072383,8.121157169536191e-05,10,0.95,0.050000000000000044
2024-11-20,-0.0002783759365944929,-0.00035317513833557044,0.14959840348215503,7.479920174107751e-05,10,0.95,0.050000000000000044
2024-11-21,0.03329595270743564,0.03328063454514336,0.030636324584567977,1.531816229228399e-05,10,0.9499999999999998,0.050000000000000155
2024-11-22,-0.0119866824425983,-0.012067682054680642,0.16199922416468238,8.09996120823412e-05,10,0.95,0.050000000000000044
2024-11-25,-0.025001230676889794,-0.025096498555657914,0.19053575753623797,9.526787876811899e-05,10,0.9500000000000001,0.04999999999999993
2024-11-26,0.014257223552719855,0.01422157306693273,0.07130097157425062,3.5650485787125315e-05,10,0.9499999999999998,0.050000000000000155
2024-11-27,0.014201251436609288,0.014147561413723654,0.10738004577126824,5.369002288563412e-05,10,0.9499999999999998,0.050000000000000155
2024-11-29,-0.03037785621896341,-0.030405432208879504,0.05515197983218344,2.7575989916091718e-05,10,0.95,0.050000000000000044
2024-12-02,-0.02162026857503813,-0.021649116129948222,0.05769510982018524,2.884755491009262e-05,10,0.9500000000000001,0.04999999999999993
2024-12-03,0.014136156154262385,0.01409779575535236,0.076720797820049,3.83603989100245e-05,10,0.9500000000000001,0.04999999999999993
2024-12-04,-0.01413440268735807,-0.014170910724666865,0.07301607461758886,3.650803730879443e-05,10,0.95,0.050000000000000044
2024-12-05,0.04829295303625368,0.04827456772260855,0.0367706272902715,1.838531364513575e-05,10,0.95,0.050000000000000044
2024-12-06,-0.050338920238429466,-0.050444619126530206,0.21139777620148267,0.00010569888810074133,10,0.95,0.050000000000000044
2024-12-09,-0.04118444252029236,-0.04128174204974102,0.194599058897319,9.729952944865949e-05,10,0.9499999999999998,0.050000000000000155
2024-12-10,0.03335742177031381,0.03332368347923826,0.06747658215110199,3.373829107555099e-05,10,0.9499999999999997,0.050000000000000266
2024-12-11,-0.023152961445472364,-0.023199218132157046,0.09251337336936653,4.625668668468327e-05,10,0.9499999999999997,0.050000000000000266
2024-12-12,-0.0013153447813585338,-0.0013965077223285624,0.1623258819400572,8.11629409700286e-05,10,0.9499999999999998,0.050000000000000155
2024-12-13,0.03254233214708221,0.03249271619262189,0.09923190892064424,4.961595446032212e-05,10,0.95,0.050000000000000044
2024-12-16,-0.012287000630957499,-0.012306103687972901,0.03820611403080408,1.910305701540204e-05,10,0.9500000000000001,0.04999999999999993
2024-12-17,-0.07439977971161194,-0.07449219429083614,0.18482915844842915,9.241457922421457e-05,10,0.95,0.050000000000000044
2024-12-18,0.009781325133532885,0.009685666976075294,0.1913163149151808,9.565815745759041e-05,10,0.95,0.050000000000000044
2024-12-19,0.030932778195604874,0.030909780880348865,0.04599463051201773,2.2997315256008866e-05,10,0.9499999999999998,0.050000000000000155
2024-12-20,-0.003995642189569653,-0.004013728980744027,0.03617358234874775,1.8086791174373875e-05,10,0.95,0.050000000000000044
2024-12-23,0.028242371888166994,0.02813809946260639,0.2085448511212062,0.0001042724255606031,10,0.95,0.050000000000000044
2024-12-24,0.006820946877044587,0.006679612745514279,0.2826682630606149,0.00014133413153030744,10,0.9500000000000002,0.04999999999999982
2024-12-26,-0.04721435657345374,-0.04728809363887764,0.14747413084780508,7.373706542390254e-05,10,0.9500000000000002,0.04999999999999982
2024-12-27,-0.027368506811434917,-0.027456985775773473,0.17695792867711466,8.847896433855733e-05,10,0.9499999999999998,0.050000000000000155
2024-12-30,-0.02410412060185832,-0.02418906096451248,0.16988072530831688,8.494036265415845e-05,10,0.9499999999999998,0.050000000000000155
2024-12-31,0.02108162924006208,0.021069759369074063,0.023739741976029675,1.1869870988014838e-05,10,0.9500000000000001,0.04999999999999993
2025-01-02,0.0637654492613803,0.06367338961626048,0.1841192902396119,9.205964511980596e-05,10,0.9499999999999998,0.050000000000000155
2025-01-03,0.02471449356519339,0.02462601538110509,0.17695636817660115,8.847818408830058e-05,10,0.95,0.050000000000000044
2025-01-06,-0.04141390791213925,-0.04143082549673843,0.03383516919835302,1.691758459917651e-05,10,0.9500000000000001,0.04999999999999993
2025-01-07,-0.04305803290944903,-0.04313570070305299,0.1553355872079083,7.766779360395415e-05,10,0.95,0.050000000000000044
2025-01-08,-0.021555188375263705,-0.021642274854491106,0.17417295845479996,8.708647922739999e-05,10,0.9500000000000001,0.04999999999999993
2025-01-10,-0.04850564087220337,-0.04853118571882259,0.05108969323843841,2.5544846619219207e-05,10,0.9499999999999998,0.050000000000000155
2025-01-13,0.05860845829821801,0.058553917693973175,0.10908120848966944,5.454060424483472e-05,10,0.9499999999999998,0.050000000000000155
2025-01-14,0.07792819358819994,0.07790942276119239,0.03754165401508446,1.8770827007542233e-05,10,0.9499999999999998,0.050000000000000155
2025-01-15,0.005377713416880094,0.005349877949193085,0.05567093537401848,2.783546768700924e-05,10,0.9500000000000001,0.04999999999999993
2025-01-16,0.01115959943405676,0.011127248828824467,0.06470121046458602,3.235060523229301e-05,10,0.95,0.050000000000000044
2025-01-17,0.1375626270703632,0.13746774822990854,0.18975768090932538,9.487884045466269e-05,10,0.9500000000000001,0.04999999999999993
2025-01-21,-0.000587892709869719,-0.0007028108159810726,0.22983621222270728,0.00011491810611135364,10,0.9500000000000001,0.04999999999999993
2025-01-22,0.007705462672671937,0.007597374921726004,0.2161755018918664,0.0001080877509459332,10,0.9500000000000001,0.04999999999999993
2025-01-23,-0.014251902136926207,-0.014376132149360713,0.2484600248690132,0.0001242300124345066,10,0.9500000000000001,0.04999999999999993
2025-01-24,-0.07360869684572624,-0.07371879300597044,0.22019232048838916,0.00011009616024419458,10,0.9500000000000002,0.04999999999999982
2025-01-27,0.026626162341485498,0.026594416125551818,0.06349243186735784,3.174621593367892e-05,10,0.9499999999999998,0.050000000000000155
2025-01-28,-0.009316099402738155,-0.009335157084809441,0.03811536414257362,1.905768207128681e-05,10,0.9500000000000001,0.04999999999999993
2025-01-29,0.0069082479697690205,0.006797982555595733,0.22053082834657545,0.00011026541417328772,10,0.95,0.050000000000000044
2025-01-30,0.027870765616412448,0.02776471027617681,0.2121106804712798,0.0001060553402356399,10,0.95,0.050000000000000044
2025-01-31,0.0300876972053448,0.030013531271982818,0.14833186672396698,7.416593336198349e-05,10,0.95,0.050000000000000044
2025-02-03,0.031070732817115636,0.031001950389734214,0.137564854762841,6.87824273814205e-05,10,0.9499999999999997,0.050000000000000266
2025-02-04,0.0076240657332649975,0.007529258216455269,0.18961503361945672,9.480751680972837e-05,10,0.95,0.050000000000000044
2025-02-05,0.0020349956915961345,0.0019539762108524996,0.1620389614872694,8.10194807436347e-05,10,0.9499999999999998,0.050000000000000155
2025-02-06,-0.005519330468894115,-0.0055429687470806245,0.04727655637301988,2.3638278186509943e-05,10,0.9499999999999998,0.050000000000000155
2025-02-07,0.03180920631067835,0.03175181772061234,0.11477718013202144,5.738859006601072e-05,10,0.95,0.050000000000000044
2025-02-10,-0.052958747750322444,-0.053089344423509675,0.26119334637446207,0.00013059667318723102,10,0.9500000000000001,0.04999999999999993
2025-02-11,0.017522619296317734,0.01743746194323311,0.17031470616924263,8.515735308462131e-05,10,0.95,0.050000000000000044
2025-02-12,0.04727838781374452,0.047095157043950606,0.3664615395878333,0.00018323076979391665,10,0.95,0.050000000000000044
2025-02-13,0.017896297711693814,0.017785268732083612,0.22205795922040025,0.00011102897961020012,10,0.9499999999999998,0.050000000000000155
2025-02-14,-0.05350323719238372,-0.053612402863518496,0.21833134226954817,0.00010916567113477409,10,0.95,0.050000000000000044
2025-02-18,-0.0013729825355255619,-0.0014996953782711276,0.2534256854911317,0.00012671284274556587,10,0.9500000000000001,0.04999999999999993
2025-02-19,-0.004076136618496555,-0.004179224405449057,0.20617557390500357,0.00010308778695250179,10,0.9500000000000002,0.04999999999999982
2025-02-20,-0.061963151567049325,-0.062080412084200516,0.23452103430238036,0.00011726051715119018,10,0.95,0.050000000000000044
2025-02-21,-0.0523356122791783,-0.052425822870885416,0.1804211834142281,9.021059170711406e-05,10,0.9499999999999998,0.050000000000000155
2025-02-24,-0.06895847260014859,-0.06905141580538515,0.1858864104731196,9.29432052365598e-05,10,0.9499999999999998,0.050000000000000155
2025-02-25,0.0173105131295926,0.017232956284832568,0.15511368952006463,7.755684476003231e-05,10,0.95,0.050000000000000044
2025-02-26,-0.08166886733670732,-0.08172539298781688,0.11305130221912307,5.6525651109561536e-05,10,0.95,0.050000000000000044
2025-02-27,0.03511580594002334,0.035091022900216456,0.04956607961376729,2.4783039806883646e-05,10,0.9500000000000001,0.04999999999999993
2025-02-28,-0.065412400135217,-0.06543634518764836,0.04789010486272375,2.3945052431361877e-05,10,0.95,0.050000000000000044
2025-03-03,0.03653802212139987,0.036498367168804884,0.07930990518998284,3.965495259499142e-05,10,0.9500000000000001,0.04999999999999993
2025-03-04,0.037422128867859755,0.03734857412551662,0.14710948468627508,7.355474234313754e-05,10,0.9500000000000001,0.04999999999999993
2025-03-05,-0.054821119803680284,-0.054861312794022524,0.08038598068447651,4.019299034223826e-05,10,0.9500000000000001,0.04999999999999993
2025-03-06,0.02801707407680563,0.027988022730947283,0.058102691716697366,2.9051345858348685e-05,10,0.9499999999999998,0.050000000000000155
2025-03-07,-0.09965446486737799,-0.09972337974728725,0.1378297598185085,6.891487990925425e-05,10,0.95,0.050000000000000044
2025-03-10,0.049102372018538204,0.04902885631304096,0.14703141099449868,7.351570549724934e-05,10,0.9499999999999998,0.050000000000000155
2025-03-11,0.04331520864050895,0.043285259442363916,0.059898396290072334,2.9949198145036166e-05,10,0.9500000000000001,0.04999999999999993
2025-03-12,-0.03939856467406149,-0.03946908570856738,0.14104206901177624,7.052103450588812e-05,10,0.9500000000000003,0.04999999999999971
2025-03-13,0.12383304106775289,0.1238068879206653,0.05230629417519003,2.615314708759502e-05,10,0.9499999999999998,0.050000000000000155
2025-03-14,0.01161309410460012,0.011587774013046458,0.05064018310732301,2.5320091553661504e-05,10,0.95,0.050000000000000044
2025-03-17,-0.058095647542688644,-0.05817530020860018,0.15930533182306478,7.96526659115324e-05,10,0.9500000000000003,0.04999999999999971
2025-03-18,0.013422197057123754,0.013383766686066882,0.07686074211374495,3.843037105687248e-05,10,0.95,0.050000000000000044
2025-03-19,-0.04004433719303915,-0.04006769456971766,0.046714753357018725,2.335737667850936e-05,10,0.95,0.050000000000000044
2025-03-20,0.008671160665570346,0.008637058014587144,0.06820530196640626,3.410265098320313e-05,10,0.9500000000000001,0.04999999999999993
2025-03-21,0.07215672482392374,0.07205918460123581,0.1950804453758525,9.754022268792625e-05,10,0.95,0.050000000000000044
2025-03-24,-0.012527095945094857,-0.012604744632565123,0.15529737494053275,7.764868747026638e-05,10,0.9500000000000001,0.04999999999999993
2025-03-25,-0.03838340293031804,-0.038418407925543574,0.07000999045106811,3.5004995225534056e-05,10,0.9499999999999998,0.050000000000000155
2025-03-26,-0.05906543013446714,-0.059147094966684896,0.16332966443550864,8.166483221775433e-05,10,0.9499999999999998,0.050000000000000155
2025-03-27,-0.03795664995070291,-0.03797938933559271,0.04547876977960157,2.2739384889800787e-05,10,0.9499999999999996,0.05000000000000038
2025-03-28,-0.023293582267549053,-0.02338602628232003,0.18488802954195474,9.244401477097737e-05,10,0.9499999999999997,0.050000000000000266
2025-03-31,-0.003346896689292086,-0.0034143028258388076,0.13481227309344385,6.740613654672193e-05,10,0.9500000000000001,0.04999999999999993
2025-04-01,0.04408111963310516,0.043991339646631024,0.17955997294827564,8.977998647413782e-05,10,0.95,0.050000000000000044
2025-04-02,-0.04618785347489474,-0.046214928570323666,0.05415019085784614,2.7075095428923072e-05,10,0.9500000000000003,0.04999999999999971
2025-04-03,-0.08892020724806517,-0.08899049025144558,0.1405660067608289,7.028300338041444e-05,10,0.9499999999999997,0.050000000000000266
2025-04-04,0.037250054733610906,0.0371698138991012,0.1604816690194195,8.024083450970974e-05,10,0.9499999999999997,0.050000000000000266
2025-04-07,-0.05517589107555185,-0.055239365207961584,0.1269482648194692,6.34741324097346e-05,10,0.95,0.050000000000000044
2025-04-08,0.15747807009527648,0.15745548883287608,0.04516252480078627,2.2581262400393138e-05,10,0.95,0.050000000000000044
2025-04-09,-0.00834583293403553,-0.008380663599150783,0.06966133023050369,3.4830665115251846e-05,10,0.95,0.050000000000000044
2025-04-10,0.023167940659367794,0.023091048312006698,0.1537846947221947,7.689234736109735e-05,10,0.9500000000000001,0.04999999999999993
2025-04-11,-0.009075307763981993,-0.009142698162917408,0.13478079787082778,6.73903989354139e-05,10,0.9499999999999998,0.050000000000000155
2025-04-14,-0.0050361779657843745,-0.005122798550368334,0.17324116916791799,8.662058458395899e-05,10,0.95,0.050000000000000044
2025-04-15,-0.06377375825078775,-0.06381353528207066,0.07955406256583629,3.9777031282918146e-05,10,0.9500000000000001,0.04999999999999993
2025-04-16,0.029425580995311777,0.029321177772963686,0.20880644469618093,0.00010440322234809047,10,0.95,0.050000000000000044
2025-04-17,-0.03046722160674441,-0.030495874707707205,0.05730620192558616,2.865310096279308e-05,10,0.9499999999999998,0.050000000000000155
2025-04-21,0.03734179700173414,0.037247513746284745,0.18856651089878626,9.428325544939313e-05,10,0.9500000000000002,0.04999999999999982
2025-04-22,0.0676654119165543,0.06758926802540054,0.15228778230753215,7.614389115376608e-05,10,0.95,0.050000000000000044
2025-04-23,0.034094172142527066,0.033976294040496846,0.23575620406044132,0.00011787810203022066,10,0.95,0.050000000000000044
2025-04-24,-0.02545975844803194,-0.02547219553720858,0.02487417835327608,1.243708917663804e-05,10,0.9499999999999998,0.050000000000000155
2025-04-25,0.03700492182010054,0.03698826142843413,0.03332078333282297,1.6660391666411485e-05,10,0.9499999999999998,0.050000000000000155
2025-04-28,-0.02182994771943496,-0.02188954078941772,0.11918613996552678,5.959306998276339e-05,10,0.9499999999999998,0.050000000000000155
2025-04-29,0.11020414846973905,0.11016449130296099,0.07931433355612082,3.965716677806041e-05,10,0.9500000000000001,0.04999999999999993
2025-04-30,0.054310122869014765,0.05418639887759047,0.247447982848593,0.0001237239914242965,10,0.95,0.050000000000000044
2025-05-01,0.053277089149107025,0.05324722014328006,0.059738011653926046,2.9869005826963025e-05,10,0.95,0.050000000000000044
2025-05-02,0.02767078210151898,0.02760472230453054,0.13211959397687384,6.605979698843692e-05,10,0.9499999999999998,0.050000000000000155
2025-05-05,0.046612858136363816,0.04654116621912113,0.14338383448536218,7.169191724268109e-05,10,0.9499999999999998,0.050000000000000155
2025-05-06,0.023220402987931058,0.02312980647780233,0.181193020257449,9.05965101287245e-05,10,0.9500000000000002,0.04999999999999982
2025-05-07,0.05800558656812962,0.05794298750052668,0.12519813520588208,6.259906760294104e-05,10,0.95,0.050000000000000044
2025-05-08,0.09597876795001647,0.09596517239917284,0.027191101687281984,1.3595550843640993e-05,10,0.9499999999999998,0.050000000000000155
2025-05-09,0.08343936014176474,0.08337952612201828,0.11966803949293876,5.983401974646938e-05,10,0.9500000000000001,0.04999999999999993
2025-05-12,-0.06717879009104752,-0.06723975943545056,0.12193868880606976,6.096934440303488e-05,10,0.95,0.050000000000000044
2025-05-13,0.04692800405879376,0.046862021356427364,0.1319654047327799,6.598270236638995e-05,10,0.9500000000000001,0.04999999999999993
2025-05-14,0.020220047507337194,0.02011915285786552,0.20178929894335101,0.00010089464947167551,10,0.9499999999999997,0.050000000000000266
2025-05-15,0.014919429243605103,0.014841126962340077,0.15660456253005317,7.830228126502659e-05,10,0.9500000000000001,0.04999999999999993
2025-05-16,-0.023951513427317425,-0.024006551869412175,0.11007688418949721,5.5038442094748604e-05,10,0.9500000000000001,0.04999999999999993
2025-05-19,0.042751974817902036,0.04273016362660266,0.04362238259875234,2.181119129937617e-05,10,0.9500000000000001,0.04999999999999993
2025-05-20,-0.041811950820984434,-0.041901409887996746,0.17891813402461848,8.945906701230925e-05,10,0.9500000000000001,0.04999999999999993
2025-05-21,0.08963976722031271,0.08961242474763431,0.05468494535679695,2.7342472678398477e-05,10,0.9499999999999997,0.050000000000000266
2025-05-22,0.050592310217070016,0.05051755242129828,0.14951559154346536,7.475779577173268e-05,10,0.9499999999999997,0.050000000000000266
2025-05-23,0.010004912386893628,0.00996979443197678,0.07023590983369694,3.511795491684847e-05,10,0.9499999999999998,0.050000000000000155
2025-05-27,0.002976794611548832,0.002909532858053857,0.13452350698995036,6.726175349497519e-05,10,0.9500000000000001,0.04999999999999993
2025-05-28,0.04070486179940298,0.04066156297691034,0.08659764498527618,4.329882249263809e-05,10,0.95,0.050000000000000044
2025-05-29,-0.0240766139891114,-0.024158360944370193,0.16349391051758294,8.174695525879147e-05,10,0.9500000000000002,0.04999999999999982
2025-05-30,-0.03790244979291906,-0.038086178843330265,0.3674581008224055,0.00018372905041120273,10,0.95,0.050000000000000044
2025-06-02,-0.049418483728061985,-0.04951923870777466,0.20150995942534666,0.00010075497971267334,10,0.95,0.050000000000000044
2025-06-03,0.01612223848048574,0.015962798477484164,0.31888000600314803,0.000159440003001574,10,0.9499999999999998,0.050000000000000155
2025-06-04,-0.01691887973756661,-0.017058650199724027,0.2795409243148357,0.00013977046215741786,10,0.9500000000000001,0.04999999999999993
2025-06-05,0.06395883777673066,0.0638299287353159,0.25781808282950097,0.00012890904141475048,10,0.9500000000000001,0.04999999999999993
2025-06-06,-0.021712772796968448,-0.02175703235547474,0.08851911701258394,4.425955850629197e-05,10,0.9499999999999998,0.050000000000000155
2025-06-09,-0.023606680277688533,-0.023648429412953274,0.08349827052948317,4.174913526474158e-05,10,0.9500000000000001,0.04999999999999993
2025-06-10,0.027483224028335404,0.02741401270807294,0.13842264052493408,6.921132026246704e-05,10,0.9500000000000001,0.04999999999999993
2025-06-11,-0.01800604377994366,-0.018069821412762702,0.12755526563808195,6.377763281904098e-05,10,0.95,0.050000000000000044
2025-06-12,-0.028451514114315936,-0.028533410742106555,0.16379325558124042,8.18966277906202e-05,10,0.9499999999999998,0.050000000000000155
2025-06-13,1.4332448073229227,1.4332272044901566,0.03520566553208064,1.7602832766040322e-05,10,0.9499999999999998,0.050000000000000155
2025-06-16,0.13480516770716564,0.13477190440907869,0.06652659617391743,3.326329808695872e-05,10,0.9499999999999997,0.050000000000000266
2025-06-17,-0.09228058716408621,-0.09231080511070872,0.0604358932450154,3.02179466225077e-05,10,0.95,0.050000000000000044
2025-06-18,-0.20494448754996877,-0.20495270264650198,0.016430193066381805,8.215096533190902e-06,10,0.9499999999999998,0.050000000000000155
2025-06-20,-0.18066881443681768,-0.18070576946268402,0.07391005173266382,3.695502586633191e-05,10,0.95,0.050000000000000044
2025-06-23,-0.0006440117401977677,-0.000682957542046079,0.07789160369662262,3.8945801848311315e-05,10,0.9499999999999998,0.050000000000000155
2025-06-24,-0.035919919984278646,-0.03595848848971068,0.07713701086406259,3.85685054320313e-05,10,0.9500000000000002,0.04999999999999982
2025-06-25,-0.022184586763995994,-0.022199793848089604,0.030414168187218583,1.5207084093609292e-05,10,0.9499999999999998,0.050000000000000155
2025-06-26,-0.07777351409398482,-0.07783587352881914,0.12471886966864862,6.235943483432431e-05,10,0.9500000000000001,0.04999999999999993
2025-06-27,0.007758303379305691,0.007747221040733075,0.022164677145232257,1.1082338572616129e-05,10,0.9499999999999998,0.050000000000000155
2025-06-30,-0.08998740144738535,-0.09002135751771623,0.06791214066176783,3.395607033088392e-05,10,0.95,0.050000000000000044
2025-07-01,-0.12254920565101003,-0.12259770612818442,0.09700095434877652,4.850047717438826e-05,10,0.95,0.050000000000000044
2025-07-02,0.6173408036976545,0.6172845646850994,0.11247802511027755,5.6239012555138774e-05,10,0.9500000000000001,0.04999999999999993
2025-07-03,-0.0867799272371833,-0.08681372354362311,0.06759261287962803,3.3796306439814014e-05,10,0.9500000000000002,0.04999999999999982
2025-07-07,0.01610231557712631,0.016068591727991854,0.06744769826891582,3.372384913445791e-05,10,0.95,0.050000000000000044
2025-07-08,-0.04589519331895862,-0.04593190366776367,0.0734206976101045,3.671034880505225e-05,10,0.95,0.050000000000000044
2025-07-09,-0.02637184603018034,-0.02640729221862086,0.07089237688104105,3.5446188440520525e-05,10,0.95,0.050000000000000044
2025-07-10,-0.06599507819005773,-0.066009185935819,0.02821549152255581,1.4107745761277906e-05,10,0.9500000000000001,0.04999999999999993
2025-07-11,0.026324556503864106,0.02631318825553414,0.022736496659932787,1.1368248329966394e-05,10,0.95,0.050000000000000044
2025-07-14,-0.029085707573982843,-0.029107253260821177,0.04309137367666476,2.1545686838332382e-05,10,0.9500000000000001,0.04999999999999993
2025-07-15,0.10216989263716968,0.10213508320890272,0.06961885653392826,3.4809428266964127e-05,10,0.95,0.050000000000000044
2025-07-16,4.883288937456809e-05,1.2778277772569037e-05,0.0721092232039981,3.605461160199905e-05,10,0.95,0.050000000000000044
2025-07-17,-0.0062454652846486575,-0.00628393824369257,0.0769459180878238,3.8472959043911906e-05,10,0.9499999999999998,0.050000000000000155
2025-07-18,-0.02533110710290984,-0.02534142117464476,0.020628143469840463,1.0314071734920231e-05,10,0.9499999999999997,0.050000000000000266
2025-07-21,-0.03690409512986263,-0.03691408825042694,0.01998624112861928,9.99312056430964e-06,10,0.9499999999999998,0.050000000000000155
2025-07-22,0.06615745348490479,0.066109490394988,0.0959261798335974,4.79630899167987e-05,10,0.95,0.050000000000000044
2025-07-23,0.017024409544815967,0.016982180939794974,0.08445721004198647,4.2228605020993235e-05,10,0.9499999999999998,0.050000000000000155
2025-07-24,-0.00976065731352522,-0.00980082508848506,0.08033554991968098,4.016777495984049e-05,10,0.9499999999999998,0.050000000000000155
2025-07-25,-0.044144361883145085,-0.04418963543739012,0.09054710849008064,4.5273554245040323e-05,10,0.9499999999999997,0.050000000000000266
2025-07-28,-0.017176223127088365,-0.01722013745602071,0.08782865786468981,4.3914328932344904e-05,10,0.95,0.050000000000000044
2025-07-29,0.02624171951294914,0.02619981761150579,0.08380380288669961,4.1901901443349806e-05,10,0.9500000000000001,0.04999999999999993
2025-07-30,-0.03673802865501062,-0.036750102374921344,0.024147439821441657,1.2073719910720829e-05,10,0.9500000000000002,0.04999999999999982
2025-07-31,-0.028305138937354375,-0.028309949136892384,0.009620399076018096,4.810199538009048e-06,10,0.95,0.050000000000000044
2025-08-01,0.055681016977195935,0.05566019558980068,0.04164277479050692,2.082138739525346e-05,10,0.9500000000000001,0.04999999999999993
2025-08-04,0.0034181571876557943,0.003385059773540746,0.0661948282300964,3.30974141150482e-05,10,0.9499999999999997,0.050000000000000266
2025-08-05,-0.03453933911891041,-0.03454648787604186,0.01429751426289505,7.148757131447525e-06,10,0.9499999999999998,0.050000000000000155
2025-08-06,0.03052728510566076,0.030521121652680352,0.012326905960815634,6.163452980407817e-06,10,0.95,0.050000000000000044
2025-08-07,0.02750618377340292,0.027496498231447022,0.01937108391179518,9.685541955897589e-06,10,0.9499999999999997,0.050000000000000266
2025-08-08,-0.012572818220463416,-0.012641493726977714,0.13735101302859679,6.867550651429839e-05,10,0.95,0.050000000000000044
2025-08-11,0.0015063103273542855,0.001471149123044299,0.0703224086199728,3.51612043099864e-05,10,0.9499999999999998,0.050000000000000155
2025-08-12,0.0015365730297316124,0.0014914886867384888,0.09016868598624705,4.508434299312353e-05,10,0.9500000000000001,0.04999999999999993
2025-08-13,-0.02692552835732853,-0.0269446933729494,0.03833003124173821,1.9165015620869107e-05,10,0.9500000000000001,0.04999999999999993
2025-08-14,0.006128793278595271,0.006112021881060554,0.03354279506943484,1.677139753471742e-05,10,0.95,0.050000000000000044
2025-08-15,0.006925783456222587,0.006915543623943811,0.020479664557552096,1.0239832278776048e-05,10,0.9500000000000001,0.04999999999999993
2025-08-18,-0.06528122477491584,-0.06528910283784699,0.01575612586229453,7.878062931147265e-06,10,0.9499999999999998,0.050000000000000155
2025-08-19,-0.008257854311104644,-0.008266605063273213,0.01750150433713864,8.75075216856932e-06,10,0.9499999999999998,0.050000000000000155
2025-08-20,0.006527413837238211,0.006519361782227783,0.016104110020855895,8.052055010427947e-06,10,0.9499999999999998,0.050000000000000155
2025-08-21,0.029791750438812173,0.029781069801900067,0.02136127382420991,1.0680636912104955e-05,10,0.95,0.050000000000000044
2025-08-22,-0.01923335355939961,-0.019244723377096068,0.022739635392910337,1.1369817696455169e-05,10,0.9499999999999998,0.050000000000000155
2025-08-25,0.0646194956872322,0.06460599370377901,0.02700396690639357,1.3501983453196785e-05,10,0.9499999999999998,0.050000000000000155
2025-08-26,0.020059378790807304,0.020053208184986612,0.012341211641383056,6.170605820691528e-06,10,0.95,0.050000000000000044
2025-08-27,0.05871189780604499,0.058705012686918766,0.013770238252435889,6.885119126217945e-06,10,0.9499999999999998,0.050000000000000155
2025-08-28,-0.05078733170114467,-0.050798268986721594,0.021874571153857564,1.0937285576928782e-05,10,0.95,0.050000000000000044
2025-08-29,-0.0481318381664605,-0.04814178980935283,0.01990328578465549,9.951642892327746e-06,10,0.9500000000000001,0.04999999999999993
2025-09-02,0.02723889074034705,0.02723341523878198,0.01095100313013532,5.47550156506766e-06,10,0.9500000000000001,0.04999999999999993
2025-09-03,-0.042169885596033414,-0.04218080924334189,0.02184729461694651,1.0923647308473255e-05,10,0.9500000000000001,0.04999999999999993
2025-09-04,0.016837481206457363,0.01682476596432104,0.025430484272645687,1.2715242136322844e-05,10,0.95,0.050000000000000044
2025-09-05,0.014788085358067167,0.014784314108996109,0.007542498142117868,3.771249071058934e-06,10,0.95,0.050000000000000044
2025-09-08,0.029610943810750193,0.029602554227209397,0.01677916708159191,8.389583540795956e-06,10,0.95,0.050000000000000044
2025-09-09,-0.01417441929009984,-0.014185126987975291,0.021415395750901962,1.0707697875450982e-05,10,0.9499999999999998,0.050000000000000155
2025-09-10,0.022972054034799346,0.02296076238383525,0.022583301928187645,1.1291650964093823e-05,10,0.95,0.050000000000000044
2025-09-11,0.07991175998640875,0.07983379779597381,0.15592438086986707,7.796219043493354e-05,10,0.9500000000000001,0.04999999999999993
2025-09-12,0.005384823611033449,0.005347741139102237,0.07416494386242412,3.708247193121206e-05,10,0.9499999999999998,0.050000000000000155
2025-09-15,0.0022151123835841154,0.002210105508823669,0.01001374952089306,5.0068747604465306e-06,10,0.95,0.050000000000000044
2025-09-16,0.06377029853286728,0.0637622955719798,0.01600592177498704,8.002960887493519e-06,10,0.9499999999999997,0.050000000000000266
2025-09-17,0.014116888295923164,0.014112580008281406,0.00861657528351319,4.308287641756595e-06,10,0.95,0.050000000000000044
2025-09-18,0.06516770011035236,0.0651306620239716,0.07407617276153619,3.70380863807681e-05,10,0.9499999999999997,0.050000000000000266
2025-09-19,-0.0010412603786744304,-0.0010470106759778127,0.011500594606764687,5.750297303382344e-06,10,0.9500000000000001,0.04999999999999993
2025-09-22,-0.007133266750878391,-0.007166148932234497,0.06576436271221281,3.28821813561064e-05,10,0.9500000000000002,0.04999999999999982
2025-09-23,-0.019491224296543486,-0.019527770031537724,0.07309146998847257,3.654573499423629e-05,10,0.9499999999999998,0.050000000000000155
2025-09-24,0.015114245103205307,0.015070893285564334,0.08670363528194408,4.3351817640972044e-05,10,0.9499999999999998,0.050000000000000155
2025-09-25,-0.019318836220035163,-0.019328340777148546,0.01900911422676733,9.504557113383665e-06,10,0.95,0.050000000000000044
2025-09-26,0.04344342408964759,0.04343133234590997,0.024183487475237787,1.2091743737618893e-05,10,0.95,0.050000000000000044
2025-09-29,-0.02600501881934297,-0.026014970277967273,0.019902917248604955,9.951458624302477e-06,10,0.9500000000000002,0.04999999999999982
2025-09-30,0.01841917336308708,0.018381079803375684,0.07618711942279913,3.8093559711399566e-05,10,0.9499999999999998,0.050000000000000155
2025-10-01,0.054383686370911954,0.05431378785514773,0.13979703152844908,6.989851576422454e-05,10,0.9500000000000002,0.04999999999999982
2025-10-02,0.05238374791411827,0.05234451900505068,0.07845781813517028,3.9228909067585136e-05,10,0.9499999999999998,0.050000000000000155
2025-10-03,0.02370274549934576,0.0236545561724876,0.09637865371632048,4.8189326858160244e-05,10,0.9499999999999998,0.050000000000000155
2025-10-06,0.08797229305469337,0.08792771825910688,0.0891495911729954,4.45747955864977e-05,10,0.95,0.050000000000000044
2025-10-07,-0.009525306853717209,-0.009570328326948754,0.09004294646309,4.5021473231544996e-05,10,0.9499999999999998,0.050000000000000155
2025-10-08,-0.005186088900346449,-0.005267884345118694,0.16359088954448997,8.179544477224499e-05,10,0.9499999999999998,0.050000000000000155
2025-10-09,-0.06475229793560763,-0.06479945520443546,0.09431453765565437,4.715726882782718e-05,10,0.9499999999999998,0.050000000000000155
2025-10-10,0.09041920298216263,0.09032309544065699,0.1922150830112757,9.610754150563786e-05,10,0.95,0.050000000000000044
2025-10-13,-0.01655893032839046,-0.016611209958644332,0.10455926050774689,5.227963025387344e-05,10,0.9500000000000001,0.04999999999999993
2025-10-14,0.03915323928525323,0.039107179778728074,0.09211901305031728,4.6059506525158636e-05,10,0.95,0.050000000000000044
2025-10-15,-0.05569183350261345,-0.05574007137319955,0.09647574117220394,4.823787058610197e-05,10,0.95,0.050000000000000044
2025-10-16,-0.024400272717221762,-0.024438263760277537,0.07598208611155377,3.799104305577688e-05,10,0.9499999999999997,0.050000000000000266
2025-10-17,-0.024626295481637524,-0.024643974076895996,0.035357190516939696,1.7678595258469847e-05,10,0.9500000000000001,0.04999999999999993
2025-10-20,-0.05682166149035968,-0.056854847040386264,0.06637110005317194,3.318555002658597e-05,10,0.95,0.050000000000000044
2025-10-21,-0.04542647861076621,-0.04546563691807652,0.07831661462063287,3.9158307310316436e-05,10,0.9500000000000001,0.04999999999999993
2025-10-22,0.04169731140889192,0.04166046066954226,0.07370147869931992,3.685073934965996e-05,10,0.95,0.050000000000000044
2025-10-23,0.020358998238802134,0.020305968014263896,0.10606044907647622,5.3030224538238106e-05,10,0.95,0.050000000000000044
2025-10-24,0.028218624350117162,0.028182774511256607,0.07169967772110877,3.5849838860554386e-05,10,0.95,0.050000000000000044
2025-10-27,0.0072895724817366205,0.00725627302510997,0.06659891325329954,3.3299456626649775e-05,10,0.9499999999999996,0.05000000000000038
2025-10-28,-0.0011858750405213012,-0.001197912901557961,0.024075722073319473,1.2037861036659737e-05,10,0.9499999999999998,0.050000000000000155
2025-10-29,-0.007843075485511462,-0.007854250356246546,0.022349741470167255,1.1174870735083628e-05,10,0.9500000000000001,0.04999999999999993
2025-10-30,0.02591717489040579,0.025897076176348625,0.0401974281143275,2.009871405716375e-05,10,0.95,0.050000000000000044
2025-10-31,-0.10714037214849857,-0.10718520306001116,0.08966182302516669,4.4830911512583345e-05,10,0.95,0.050000000000000044
2025-11-03,-0.052812388571610934,-0.05282676622827845,0.028755313335029644,1.4377656667514822e-05,10,0.95,0.050000000000000044
2025-11-04,0.029536577161049467,0.02951465514119232,0.04384403971429816,2.192201985714908e-05,10,0.9500000000000001,0.04999999999999993
2025-11-05,-0.03608969472637691,-0.0361457816201747,0.11217378759557942,5.608689379778971e-05,10,0.9499999999999997,0.050000000000000266
2025-11-06,-0.009798571572686588,-0.009818129931736955,0.03911671810073275,1.9558359050366375e-05,10,0.95,0.050000000000000044
2025-11-07,0.0342386189088894,0.0342132613174732,0.0507151828323956,2.5357591416197802e-05,10,0.9500000000000002,0.04999999999999982
2025-11-10,0.0023348705181840514,0.0022696310662345775,0.13047890389894798,6.5239451949474e-05,10,0.9499999999999997,0.050000000000000266
2025-11-11,-0.0448667808637734,-0.04488982989528238,0.04609806301796236,2.304903150898118e-05,10,0.9499999999999998,0.050000000000000155
2025-11-12,-0.07407634969650682,-0.07409309617416827,0.03349295532291185,1.6746477661455923e-05,10,0.9500000000000001,0.04999999999999993
2025-11-13,-0.0161643042278919,-0.016205255478100256,0.0819025004167089,4.095125020835446e-05,10,0.95,0.050000000000000044
2025-11-14,0.0022705019641333472,0.002234639831254058,0.07172426575857915,3.586213287928958e-05,10,0.95,0.050000000000000044
2025-11-17,0.016211265481524833,0.016194656026976034,0.03321890909759779,1.6609454548798896e-05,10,0.95,0.050000000000000044
2025-11-18,-0.00859110088427214,-0.00862656986193021,0.07093795531613768,3.546897765806884e-05,10,0.9499999999999997,0.050000000000000266
2025-11-19,-0.05547105845427119,-0.055518682490705365,0.0952480728683589,4.7624036434179455e-05,10,0.9500000000000001,0.04999999999999993
2025-11-20,0.0014405021424499344,0.0014248782430606502,0.03124779877856827,1.5623899389284134e-05,10,0.9500000000000001,0.04999999999999993
2025-11-21,0.013974967208613015,0.013964470202055825,0.020994013114381312,1.0497006557190656e-05,10,0.95,0.050000000000000044
2025-11-24,-0.021480987116507345,-0.021499265632621226,0.036557032227759,1.8278516113879502e-05,10,0.95,0.050000000000000044
2025-11-25,0.0013676964003133808,0.0013544932356297048,0.026406329367352092,1.3203164683676046e-05,10,0.95,0.050000000000000044
2025-11-26,0.021515227141893974,0.02149849615450089,0.03346197478616845,1.6730987393084224e-05,10,0.9500000000000001,0.04999999999999993
2025-11-28,-0.004349051361968497,-0.004410170964476372,0.12223920501574899,6.111960250787449e-05,10,0.9500000000000001,0.04999999999999993
2025-12-01,0.00911687549107367,0.009092596442674399,0.048558096798540416,2.427904839927021e-05,10,0.9499999999999998,0.050000000000000155
2025-12-02,0.04548544708181442,0.045446856950493345,0.07718026264215527,3.859013132107764e-05,10,0.9500000000000002,0.04999999999999982
2025-12-03,0.15710821199966374,0.15705250141276733,0.11142117379278897,5.571058689639449e-05,10,0.95,0.050000000000000044
2025-12-04,-0.008373058620807122,-0.008385045980144685,0.023974718675127016,1.1987359337563508e-05,10,0.9499999999999998,0.050000000000000155
2025-12-05,0.02515237104667459,0.02511141716520558,0.08190776293802322,4.095388146901161e-05,10,0.95,0.050000000000000044
2025-12-08,-0.0064426522817537185,-0.006492018084550882,0.09873160559432756,4.936580279716378e-05,10,0.9499999999999998,0.050000000000000155
2025-12-09,-0.022773860892293267,-0.022815627330080142,0.08353287557375103,4.176643778687551e-05,10,0.9500000000000001,0.04999999999999993
2025-12-10,0.019291444112334376,0.01925914390899676,0.06460040667523481,3.230020333761741e-05,10,0.95,0.050000000000000044
2025-12-11,-0.03503391241517136,-0.03507858037251133,0.0893359146799414,4.46679573399707e-05,10,0.95,0.050000000000000044
2025-12-12,0.0001721433008629392,0.0001441057525536727,0.056075096618532966,2.8037548309266483e-05,10,0.9500000000000001,0.04999999999999993
2025-12-15,-0.01490974319194957,-0.014956470510995032,0.09345463809092448,4.6727319045462245e-05,10,0.95,0.050000000000000044
2025-12-16,-0.03300184947444729,-0.03304710802699812,0.09051710510165688,4.525855255082844e-05,10,0.95,0.050000000000000044
2025-12-17,0.07283060879549479,0.07278732507781316,0.08656743536326841,4.3283717681634206e-05,10,0.9499999999999997,0.050000000000000266
2025-12-18,0.04790566857258593,0.04786830101435575,0.07473511646036793,3.7367558230183964e-05,10,0.95,0.050000000000000044
2025-12-19,0.06482160462931896,0.06477606024052102,0.09108877759590478,4.554438879795239e-05,10,0.95,0.050000000000000044
2025-12-22,0.06644650521608764,0.06639214947079093,0.10871149059341212,5.435574529670606e-05,10,0.9499999999999998,0.050000000000000155
2025-12-23,-0.013191280970925907,-0.013246201895692731,0.10984184953364765,5.492092476682382e-05,10,0.9500000000000002,0.04999999999999982
2025-12-24,-0.08082561994156678,-0.08083595765863255,0.020675434131523847,1.0337717065761924e-05,10,0.95,0.050000000000000044
2025-12-26,0.04190440694820652,0.04182816286522468,0.1524881659636752,7.62440829818376e-05,10,0.9500000000000001,0.04999999999999993
2025-12-29,-0.015798929437575552,-0.015839389103780327,0.08091933240955287,4.045966620477644e-05,10,0.95,0.050000000000000044
2025-12-30,-0.04507754774084114,-0.04512552460615029,0.0959537306182998,4.7976865309149904e-05,10,0.95,0.050000000000000044
2025-12-31,0.014724799875685481,0.014678578686417592,0.09244237853577654,4.622118926788827e-05,10,0.95,0.050000000000000044
2026-01-02,0.16973891607385708,0.16968641484726166,0.10500245319083623,5.250122659541812e-05,10,0.9499999999999998,0.050000000000000155
2026-01-05,0.1384057258106559,0.13835292531252352,0.105600996264786,5.2800498132393e-05,10,0.9499999999999998,0.050000000000000155
2026-01-06,0.28050464268405895,0.2804531489340247,0.10298750006849551,5.149375003424776e-05,10,0.95,0.050000000000000044
2026-01-07,-0.09894721620368117,-0.09903871282705556,0.18299324674877887,9.149662337438944e-05,10,0.9499999999999998,0.050000000000000155
2026-01-08,0.07924615321431587,0.07918916383871366,0.11397875120441853,5.698937560220927e-05,10,0.9499999999999997,0.050000000000000266
2026-01-09,-0.009824822232162092,-0.009838575273317815,0.027506082311446106,1.3753041155723054e-05,10,0.95,0.050000000000000044
2026-01-12,-0.12702658983122814,-0.12704523293520092,0.03728620794557162,1.8643103972785813e-05,10,0.95,0.050000000000000044
2026-01-13,0.03878588589512168,0.03872701915166356,0.11773348691623571,5.886674345811786e-05,10,0.95,0.050000000000000044
2026-01-14,-0.06644921034616848,-0.06647145438077,0.04448806920304302,2.224403460152151e-05,10,0.9500000000000001,0.04999999999999993
2026-01-15,-0.035790452893120404,-0.03579654273033786,0.012179674434911733,6.089837217455867e-06,10,0.95,0.050000000000000044
2026-01-16,-0.05563287094153014,-0.05564273075423569,0.019719625411099444,9.859812705549722e-06,10,0.95,0.050000000000000044
2026-01-20,-0.04710147022015247,-0.04716502577224168,0.1271111041784208,6.35555520892104e-05,10,0.9500000000000001,0.04999999999999993
2026-01-21,0.20834222259970397,0.20828709731440528,0.11025057059739471,5.512528529869736e-05,10,0.95,0.050000000000000044
2026-01-22,0.005785867072199734,0.0057336693240412195,0.10439549631702943,5.2197748158514716e-05,10,0.9499999999999998,0.050000000000000155
2026-01-23,-0.04677675993364978,-0.046788531783036484,0.023543698773410046,1.1771849386705024e-05,10,0.9500000000000001,0.04999999999999993
2026-01-26,0.06580991016239737,0.06576070971932335,0.09840088614804202,4.920044307402101e-05,10,0.95,0.050000000000000044
2026-01-27,0.012313279344134218,0.012260008130732195,0.10654242680404526,5.327121340202263e-05,10,0.95,0.050000000000000044
2026-01-28,-0.08462348430654111,-0.08468545584389515,0.12394307470809118,6.19715373540456e-05,10,0.9499999999999997,0.050000000000000266
2026-01-29,-0.07397071842840428,-0.07402480984059494,0.10818282438133443,5.409141219066722e-05,10,0.9499999999999998,0.050000000000000155
2026-01-30,0.07032675703594636,0.07031695607113447,0.019601929623788122,9.800964811894061e-06,10,0.9499999999999998,0.050000000000000155
2026-02-02,0.01776841935959836,0.01771983494045462,0.09716883828747262,4.8584419143736315e-05,10,0.9500000000000001,0.04999999999999993
2026-02-03,-0.026077535438384015,-0.026175827271821567,0.19658366687510545,9.829183343755272e-05,10,0.95,0.050000000000000044
2026-02-04,-0.07882897429226421,-0.07888408112647417,0.11021366841993338,5.510683420996669e-05,10,0.9500000000000002,0.04999999999999982
2026-02-05,0.06621474819786918,0.06615362388529024,0.12224862515788427,6.112431257894213e-05,10,0.9499999999999998,0.050000000000000155
2026-02-06,0.02235543484313792,0.02229830593616726,0.11425781394132575,5.712890697066288e-05,10,0.95,0.050000000000000044
2026-02-09,-0.035983338310965084,-0.03604453700657128,0.12239739121239177,6.119869560619589e-05,10,0.9500000000000001,0.04999999999999993
2026-02-10,0.007186803843441679,0.007134911011185683,0.10378566451199055,5.189283225599528e-05,10,0.95,0.050000000000000044
2026-02-11,0.026217812443039414,0.026166518192226994,0.10258850162484129,5.1294250812420644e-05,10,0.9500000000000001,0.04999999999999993
2026-02-12,0.04898906691648108,0.04893816591730016,0.10180199836184753,5.090099918092377e-05,10,0.95,0.050000000000000044
2026-02-13,0.006082765857302553,0.006023936426871604,0.11765886086189858,5.8829430430949294e-05,10,0.9500000000000001,0.04999999999999993
2026-02-17,0.01883948640540323,0.018743763395894734,0.19144601901699135,9.572300950849568e-05,10,0.95,0.050000000000000044
2026-02-18,0.03669975217167973,0.03664280468498346,0.11389497339254065,5.6947486696270324e-05,10,0.9499999999999997,0.050000000000000266
2026-02-19,-0.07040870769614441,-0.07046079012325597,0.10416485422312555,5.208242711156277e-05,10,0.9499999999999998,0.050000000000000155
2026-02-20,-0.032679557824788805,-0.032773990664149454,0.1888656787213035,9.443283936065175e-05,10,0.9499999999999998,0.050000000000000155
2026-02-23,-0.017668342303326985,-0.01767403127478336,0.011377942912750315,5.6889714563751575e-06,10,0.9499999999999998,0.050000000000000155
2026-02-24,0.020349031057525047,0.020293460969325258,0.11114017639957677,5.5570088199788386e-05,10,0.9500000000000001,0.04999999999999993
2026-02-25,0.004121540956093065,0.004011997551141022,0.2190868099040844,0.00010954340495204221,10,0.9500000000000001,0.04999999999999993
2026-02-26,-0.011151927254649328,-0.011241799299974462,0.17974409065026903,8.987204532513451e-05,10,0.9500000000000002,0.04999999999999982
2026-02-27,0.003583600759295575,0.003570002691805835,0.027196134979479848,1.3598067489739924e-05,10,0.95,0.050000000000000044
2026-03-02,-0.07850453347793893,-0.07851048577921603,0.01190460255419893,5.952301277099465e-06,10,0.9500000000000003,0.04999999999999971
2026-03-03,0.05324689867545288,0.05319458573142849,0.10462588804878083,5.2312944024390414e-05,10,0.9499999999999998,0.050000000000000155
2026-03-04,-0.04499428967548672,-0.045005077654251185,0.021575957528928973,1.0787978764464486e-05,10,0.9500000000000002,0.04999999999999982
2026-03-05,-0.049431289064844224,-0.04946959084743834,0.07660356518824209,3.830178259412104e-05,10,0.9500000000000001,0.04999999999999993
2026-03-06,0.09320369498934768,0.09318396270192464,0.039464574846069474,1.9732287423034737e-05,10,0.9499999999999998,0.050000000000000155
2026-03-09,-0.013867699223099477,-0.013909248857929707,0.08309926966045901,4.154963483022951e-05,10,0.9500000000000001,0.04999999999999993
2026-03-10,-0.004813139507997986,-0.004823739522987757,0.021200029979541672,1.0600014989770837e-05,10,0.95,0.050000000000000044
2026-03-11,-0.01093742099583642,-0.010987721434862402,0.10060087805196373,5.0300439025981865e-05,10,0.9499999999999998,0.050000000000000155
2026-03-12,-0.006276306296985133,-0.0063155525510349185,0.07849250809956973,3.924625404978487e-05,10,0.9500000000000001,0.04999999999999993
2026-03-13,0.002416766088176602,0.0023390751393105205,0.15538189773216296,7.769094886608149e-05,10,0.95,0.050000000000000044
2026-03-16,0.022976172983109205,0.022931566009520437,0.08921394717753822,4.460697358876911e-05,10,0.95,0.050000000000000044
2026-03-17,0.07787962797068465,0.07783744589456194,0.08436415224541687,4.2182076122708435e-05,10,0.9499999999999998,0.050000000000000155
2026-03-18,0.0352379976917353,0.03522904976542268,0.017895852625244825,8.947926312622413e-06,10,0.95,0.050000000000000044
2026-03-19,-0.017878892604138594,-0.018013076814157307,0.2683684200374275,0.00013418421001871377,10,0.9500000000000001,0.04999999999999993
2026-03-20,-0.02731969030418141,-0.027341812756023102,0.04424490368338527,2.2122451841692635e-05,10,0.95,0.050000000000000044
2026-03-23,0.0065426396480220556,0.006389286964386519,0.30670536727107356,0.0001533526836355368,10,0.95,0.050000000000000044
2026-03-24,-0.004268023860751731,-0.004389965930566672,0.24388413962988265,0.00012194206981494132,10,0.9500000000000001,0.04999999999999993
2026-03-25,-0.05634207939022264,-0.05651014603396449,0.3361332874836918,0.0001680666437418459,10,0.9500000000000002,0.04999999999999982
2026-03-26,0.0011549785134161912,0.0010835952293590614,0.14276656811425975,7.138328405712987e-05,10,0.9499999999999997,0.050000000000000266
2026-03-27,-0.07950941577908191,-0.07957855488526129,0.1382782123587561,6.913910617937805e-05,10,0.95,0.050000000000000044
2026-03-30,0.07701851072707244,0.0768864767789132,0.26406789631849836,0.00013203394815924918,10,0.9500000000000002,0.04999999999999982
2026-03-31,0.14065075121409595,0.14055352165193188,0.19445912432811577,9.722956216405789e-05,10,0.9500000000000001,0.04999999999999993
2026-04-01,0.019889232040940674,0.019794827304010373,0.18880947386060326,9.440473693030164e-05,10,0.9499999999999998,0.050000000000000155
2026-04-02,-0.0032090645546631914,-0.003238157764939071,0.05818642055175901,2.9093210275879504e-05,10,0.95,0.050000000000000044
2026-04-06,-0.020829264819511906,-0.020921734320347656,0.18493900167149505,9.246950083574752e-05,10,0.95,0.050000000000000044
2026-04-07,0.05756238438225666,0.0575233389178447,0.07809092882391254,3.904546441195627e-05,10,0.9500000000000002,0.04999999999999982
2026-04-08,0.014942642293010013,0.014770029562195123,0.34522546162978146,0.00017261273081489072,10,0.95,0.050000000000000044
2026-04-09,0.0225210427272129,0.022503292282034813,0.03550089035617408,1.775044517808704e-05,10,0.9499999999999998,0.050000000000000155
2026-04-10,0.05803346137497307,0.05797110820328797,0.12470634337019319,6.23531716850966e-05,10,0.95,0.050000000000000044
2026-04-13,0.0005942781117345504,0.0005065241673220828,0.17550788882493515,8.775394441246758e-05,10,0.9499999999999998,0.050000000000000155
2026-04-14,-0.016570097948398022,-0.016642096022044008,0.14399614729196916,7.199807364598459e-05,10,0.9499999999999998,0.050000000000000155
2026-04-15,0.03496226180385268,0.03490165385650804,0.12121589468927532,6.0607947344637664e-05,10,0.9500000000000001,0.04999999999999993
2026-04-16,-0.011738477849474002,-0.011766761372061984,0.0565670451759632,2.82835225879816e-05,10,0.9499999999999998,0.050000000000000155
2026-04-17,0.007091757750676416,0.007058042407600079,0.06743068615267359,3.3715343076336794e-05,10,0.95,0.050000000000000044
2026-04-20,-0.013122386958418344,-0.013198269830573305,0.1517657443099218,7.58828721549609e-05,10,0.95,0.050000000000000044
2026-04-21,0.03376669725468409,0.03374300442626048,0.047385656847221916,2.369282842361096e-05,10,0.9500000000000001,0.04999999999999993
2026-04-22,-0.01973204056990556,-0.019760102311006188,0.0561234822012579,2.8061741100628952e-05,10,0.95,0.050000000000000044
2026-04-23,0.016184517955903695,0.016161842536285866,0.045350839235660245,2.2675419617830123e-05,10,0.9500000000000001,0.04999999999999993
2026-04-24,0.011945160366615507,0.0119265968896958,0.03712695383941192,1.856347691970596e-05,10,0.95,0.050000000000000044
2026-04-27,-0.03274220572020233,-0.03283870529571368,0.19299915102268722,9.649957551134362e-05,10,0.9500000000000002,0.04999999999999982
2026-04-28,0.042314473402918905,0.04230181327644273,0.0253202529523432,1.26601264761716e-05,10,0.9499999999999997,0.050000000000000266
2026-04-29,0.03254623859564343,0.03250864378975482,0.07518961177721782,3.759480588860891e-05,10,0.95,0.050000000000000044
2026-04-30,0.02952847986014007,0.029505901164953,0.04515739037414308,2.2578695187071544e-05,10,0.9500000000000001,0.04999999999999993
2026-05-01,0.00491759839935951,0.0047990453414136,0.23710611589182123,0.00011855305794591062,10,0.9500000000000002,0.04999999999999982
2026-05-04,0.03269491503199447,0.032639046266688315,0.1117375306123061,5.586876530615305e-05,10,0.95,0.050000000000000044
2026-05-05,0.007962816458168733,0.00787924147067863,0.1671499749802056,8.35749874901028e-05,10,0.9500000000000002,0.04999999999999982
2026-05-06,-0.0390952984282781,-0.039208292793628516,0.22598873070083283,0.00011299436535041642,10,0.9499999999999997,0.050000000000000266
2026-05-07,0.04264739595113327,0.042551570789695535,0.19165032287546227,9.582516143773114e-05,10,0.9499999999999998,0.050000000000000155
2026-05-08,0.06769547965909405,0.06761438334462072,0.1621926289466597,8.109631447332985e-05,10,0.9500000000000001,0.04999999999999993
2026-05-11,-0.030871124329875176,-0.030938363657727983,0.13447865570561654,6.723932785280827e-05,10,0.9499999999999997,0.050000000000000266
2026-05-12,0.037759387630784444,0.037692246875034446,0.13428151149999873,6.714075574999936e-05,10,0.9500000000000001,0.04999999999999993
2026-05-13,-0.009809560758030252,-0.009896174545383685,0.17322757470686856,8.661378735343429e-05,10,0.9499999999999998,0.050000000000000155
2026-05-14,-0.02689384084737121,-0.02696731649368777,0.1469512926331167,7.347564631655836e-05,10,0.9500000000000001,0.04999999999999993
2026-05-15,-0.04772219084261838,-0.047748488527513136,0.05259536978951206,2.629768489475603e-05,10,0.9499999999999997,0.050000000000000266
2026-05-18,0.00971399630410199,0.009704048007568872,0.01989659306623249,9.948296533116245e-06,10,0.9499999999999998,0.050000000000000155
2026-05-19,0.011172966804691152,0.011096736643895195,0.15246032159191258,7.62301607959563e-05,10,0.9500000000000003,0.04999999999999971
2026-05-20,0.060032631771653494,0.05995357489741803,0.15811374847091958,7.905687423545979e-05,10,0.95,0.050000000000000044
2026-05-21,-0.009816733943451558,-0.009897794382501384,0.16212087809965453,8.106043904982727e-05,10,0.95,0.050000000000000044
2026-05-22,0.039294475849347546,0.039277035898745635,0.03487990120382725,1.7439950601913626e-05,10,0.95,0.050000000000000044
2026-05-26,0.005757955800624979,0.0057275365158623364,0.06083856952528494,3.0419284762642473e-05,10,0.9500000000000001,0.04999999999999993
2026-05-27,0.0002987464579246558,0.0002711875102171207,0.05511789541507013,2.7558947707535067e-05,10,0.95,0.050000000000000044
2026-05-28,-0.005654951070126996,-0.005722109425619886,0.13431671098577944,6.715835549288972e-05,10,0.9499999999999997,0.050000000000000266
2026-05-29,0.01833364206639468,0.018299236463983497,0.06881120482235971,3.440560241117985e-05,10,0.9499999999999998,0.050000000000000155
2026-06-01,0.03195165700868592,0.03193534825128318,0.03261751480548645,1.6308757402743226e-05,10,0.9500000000000001,0.04999999999999993
2026-06-02,-0.020300253377122657,-0.02037294414946263,0.14538154467994852,7.269077233997425e-05,10,0.95,0.050000000000000044
2026-06-03,-0.0025068141374060705,-0.0025289329172044307,0.044237559596720696,2.211877979836035e-05,10,0.9500000000000001,0.04999999999999993
2026-06-04,-0.10681599518773417,-0.10688960879640402,0.14722721733969715,7.361360866984857e-05,10,0.95,0.050000000000000044
2026-06-05,0.02384990702043558,0.02378437639276843,0.13106125533430069,6.553062766715034e-05,10,0.9500000000000001,0.04999999999999993
2026-06-08,-0.02884815922291393,-0.028985955180343255,0.2755919148586504,0.0001377959574293252,10,0.9500000000000001,0.04999999999999993
