date,gross_return,net_return,turnover,cost,n_names,invested,cash_weight
2014-01-02,0.01120035189766855,0.01072535189766855,0.95,0.000475,10,0.95,0.050000000000000044
2014-01-03,-0.010679532561812317,-0.010760825324987594,0.16258552635055326,8.129276317527663e-05,10,0.8874144736494467,0.1125855263505533
2014-01-06,0.03882712753882473,0.0387303635945883,0.19352788847285934,9.676394423642967e-05,10,0.9190576378776938,0.08094236212230621
2014-01-07,0.039263137008940685,0.03912335239964619,0.27956921858898703,0.00013978460929449352,10,0.8013731435333191,0.19862685646668088
2014-01-08,-0.03896167055743267,-0.039118237596897934,0.31313407893051737,0.00015656703946525868,10,0.8854927775361635,0.11450722246383649
2014-01-09,0.01566048647263301,0.015518628091913515,0.28371676143899066,0.00014185838071949534,10,0.8307904610248457,0.16920953897515434
2014-01-10,-0.013070434333349718,-0.013180439192588643,0.22000971847784956,0.00011000485923892479,10,0.9491998204973047,0.05080017950269533
2014-01-13,0.03412392426333644,0.03405470568776802,0.1384371511368488,6.92185755684244e-05,10,0.9123630283658466,0.0876369716341534
2014-01-14,0.010442647281250057,0.010366115160676963,0.15306424114618672,7.653212057309336e-05,10,0.9345727304879667,0.06542726951203326
2014-01-15,0.00646740350049524,0.006444060320930323,0.04668635912983434,2.3343179564917172e-05,10,0.95,0.050000000000000044
2014-01-16,-0.006451996599968502,-0.006516637461914341,0.12928172389167786,6.464086194583893e-05,10,0.9207182761083221,0.07928172389167787
2014-01-17,-0.0004118279017051455,-0.0004812726384288028,0.13888947344731462,6.944473672365731e-05,10,0.9403922504443633,0.059607749555636746
2014-01-21,0.0006492741483258816,0.0006337278955533837,0.031092505544995798,1.55462527724979e-05,10,0.95,0.050000000000000044
2014-01-22,-0.00877402286381572,-0.008797366525960082,0.04668732428872602,2.334366214436301e-05,10,0.95,0.050000000000000044
2014-01-23,-0.03750593011008079,-0.03757426903220947,0.13667784425736462,6.833892212868231e-05,10,0.9133221557426354,0.08667784425736458
2014-01-24,-0.01597154391770377,-0.016066568422021015,0.19004900863449192,9.502450431724597e-05,10,0.8966288356228727,0.10337116437712734
2014-01-27,0.06075126101461174,0.06071252577377036,0.07747048168277322,3.873524084138661e-05,10,0.9500000000000001,0.04999999999999993
2014-01-28,0.028616745653993497,0.028554823701310787,0.12384390536541895,6.192195268270947e-05,10,0.9261560946345807,0.0738439053654193
2014-01-29,0.02645318306115279,0.026375177520134446,0.15601108203669092,7.800554101834546e-05,10,0.9178328233287281,0.08216717667127194
2014-01-30,-0.007834275434606679,-0.007870354205185065,0.07215754115677031,3.6078770578385154e-05,10,0.95,0.050000000000000044
2014-01-31,-0.03368985203003555,-0.03375376587206635,0.12782768406159634,6.391384203079816e-05,10,0.9221723159384038,0.07782768406159624
2014-02-03,0.02084432726712133,0.02071140569839076,0.2658431374611411,0.00013292156873057054,10,0.8119845466004553,0.18801545339954473
2014-02-04,-0.014757431391757074,-0.014872792538417383,0.23072229332061717,0.00011536114666030858,10,0.95,0.050000000000000044
2014-02-05,0.016192471749805114,0.016129882761649263,0.1251779763117048,6.25889881558524e-05,10,0.9248220236882954,0.07517797631170464
2014-02-06,0.027862005113603646,0.027765061764355087,0.1938866984971192,9.694334924855961e-05,10,0.8812912778145856,0.1187087221854144
2014-02-07,0.05939914044446702,0.05930590774650257,0.18646539592889583,9.323269796444792e-05,10,0.9322433262565185,0.06775667374348149
2014-02-10,-0.0007100277614212943,-0.0008047966845424628,0.18953784624233716,9.476892312116859e-05,10,0.8782188275011444,0.12178117249885556
2014-02-11,0.019582727739876935,0.019483505921807604,0.1984436361386652,9.92218180693326e-05,10,0.9233375363601906,0.07666246363980944
2014-02-12,0.027830041116761184,0.027724175397419854,0.2117314386826618,0.0001058657193413309,10,0.8649310249571478,0.1350689750428522
2014-02-13,-0.023747698384558973,-0.023854669115493044,0.21394146186814234,0.00010697073093407116,10,0.9211275131747099,0.07887248682529013
2014-02-14,0.021090129522862676,0.020982294847165222,0.21566935139490445,0.00010783467569745223,10,0.8632031354303856,0.13679686456961437
2014-02-18,-0.024818312989147644,-0.024900301765000746,0.1639775517062035,8.198877585310176e-05,10,0.9500000000000001,0.04999999999999993
2014-02-19,0.029363952582699894,0.029354256752404925,0.01939166058993727,9.695830294968636e-06,10,0.9499999999999998,0.050000000000000155
2014-02-20,0.001992760031108729,0.001937686402223218,0.11014725777102191,5.5073628885510954e-05,10,0.9398527422289781,0.06014725777102192
2014-02-21,0.01068358479155802,0.01062649407677511,0.11418142956581699,5.70907147829085e-05,10,0.9459658282052048,0.054034171794795194
2014-02-24,0.027001971941399538,0.026990771230011923,0.022401422775227192,1.1200711387613596e-05,10,0.95,0.050000000000000044
2014-02-25,0.06055080042821762,0.0604966038751159,0.10839310620345216,5.419655310172608e-05,10,0.9416068937965479,0.05839310620345206
2014-02-26,0.0026649073710370303,0.002609663842246813,0.11048705758043445,5.524352879021723e-05,10,0.9479060486230176,0.05209395137698236
2014-02-27,0.010172641675604041,0.010106408826839473,0.13246569752913648,6.623284876456824e-05,10,0.9196282538478461,0.08037174615215392
2014-02-28,0.08946243146580693,0.0894005445515245,0.12377382856485002,6.1886914282425e-05,10,0.9500000000000002,0.04999999999999982
2014-03-03,0.09113309754792438,0.09107100062195136,0.12419385194602363,6.209692597301182e-05,10,0.9258061480539763,0.07419385194602368
2014-03-04,0.03629799635851805,0.03623149943750041,0.13299384203526898,6.64969210176345e-05,10,0.9412000099107548,0.05879999008924519
2014-03-05,-0.033144292200728225,-0.033205359671474935,0.12213494149341476,6.106747074670738e-05,10,0.9366650485958304,0.06333495140416956
2014-03-06,0.0973680845379293,0.09730445870360581,0.12725166864698018,6.362583432349008e-05,10,0.9360832827571894,0.06391671724281056
2014-03-07,0.09599500619308766,0.095919109142414,0.15179410134734186,7.589705067367093e-05,10,0.9121226158954686,0.08787738410453139
2014-03-10,-0.16927059713779086,-0.1693023128401839,0.06343140478608526,3.171570239304263e-05,10,0.95,0.050000000000000044
2014-03-11,0.061817347050779535,0.06175724098582802,0.12021212990303118,6.010606495151559e-05,10,0.9297878700969688,0.07021212990303116
2014-03-12,0.039525089568088694,0.039502278407774885,0.045622320627621955,2.281116031381098e-05,10,0.95,0.050000000000000044
2014-03-13,-0.06043223539159412,-0.06048876523088464,0.11305967858103959,5.6529839290519794e-05,10,0.9369403214189602,0.06305967858103978
2014-03-14,-0.007497211687772512,-0.007553372607498728,0.11232183945243225,5.616091972621613e-05,10,0.95,0.050000000000000044
2014-03-17,-0.013349401035819972,-0.013418749157096855,0.1386962425537652,6.93481212768826e-05,10,0.9113037574462348,0.08869624255376518
2014-03-18,0.014130505584747483,0.014026719395928488,0.2075723776379898,0.0001037861888189949,10,0.8811238649157752,0.11887613508422479
2014-03-19,-0.007520577325883076,-0.007594076971387214,0.146999291008275,7.34996455041375e-05,10,0.95,0.050000000000000044
2014-03-20,-0.03269800789556539,-0.032750013648223636,0.10401150531650388,5.200575265825194e-05,10,0.9459884946834961,0.054011505316503894
2014-03-21,-0.06530964000375243,-0.06536520600622409,0.1111320049433116,5.5566002471655804e-05,10,0.9428795003731922,0.057120499626807764
2014-03-24,0.13981985306398115,0.1397568378710345,0.1260303858933285,6.301519294666424e-05,10,0.9310901137334793,0.06890988626652073
2014-03-25,-0.09589995478646224,-0.09592435124329406,0.04879291366364052,2.4396456831820258e-05,10,0.95,0.050000000000000044
2014-03-26,0.019463764336729913,0.019429515683685582,0.06849730608866464,3.424865304433232e-05,10,0.9500000000000001,0.04999999999999993
2014-03-27,-0.006491652866363878,-0.006553035408089745,0.12276508345173434,6.138254172586717e-05,10,0.9272349165482656,0.07276508345173438
2014-03-28,0.02577842259643471,0.025713646288231275,0.12955261640686974,6.477630820343488e-05,10,0.9432124670448646,0.05678753295513539
2014-03-31,0.05752821870315379,0.057464419611690416,0.12759818292675068,6.379909146337534e-05,10,0.9291893500283845,0.07081064997161546
2014-04-01,-0.005039434601159593,-0.005066280733824057,0.05369226532892818,2.684613266446409e-05,10,0.9499999999999998,0.050000000000000155
2014-04-02,-0.01132311961216736,-0.011384230351475573,0.1222214786164249,6.111073930821246e-05,10,0.927778521383575,0.07222147861642503
2014-04-03,-0.0544470180593576,-0.05449567981359858,0.09732350848196253,4.866175424098126e-05,10,0.9499999999999997,0.050000000000000266
2014-04-04,-0.03720814889280682,-0.03725917085879992,0.10204393198620809,5.102196599310405e-05,10,0.9479560680137921,0.052043931986207936
2014-04-07,0.041032328657883796,0.04095577237606694,0.15311256363370335,7.655628181685168e-05,10,0.8989313683525045,0.10106863164749547
2014-04-08,0.014953290404611203,0.014903531178211919,0.09951845279857054,4.975922639928527e-05,10,0.9500000000000001,0.04999999999999993
2014-04-09,-0.038424799353700925,-0.038474087925469226,0.09857714353660721,4.928857176830361e-05,10,0.95,0.050000000000000044
2014-04-10,-0.014749706945411372,-0.014777215501981883,0.05501711314102261,2.7508556570511306e-05,10,0.9500000000000001,0.04999999999999993
2014-04-11,-0.0025106024021873544,-0.0025741248504356135,0.1270448964965181,6.352244824825905e-05,10,0.9229551035034819,0.07704489649651813
2014-04-14,-0.031182686528278637,-0.031234669559858173,0.10396606315907257,5.198303157953629e-05,10,0.95,0.050000000000000044
2014-04-15,0.0315269846924448,0.03148170908349989,0.09055121788980905,4.527560894490453e-05,10,0.9500000000000001,0.04999999999999993
2014-04-16,0.02320603109894418,0.02314802234370901,0.1160175104703425,5.8008755235171254e-05,10,0.9339824895296576,0.06601751047034243
2014-04-17,-0.010126276223356882,-0.01014996718861318,0.047381930512596815,2.369096525629841e-05,10,0.9499999999999998,0.050000000000000155
2014-04-21,0.006628666216035955,0.006583500048537983,0.09033233499594456,4.516616749797228e-05,10,0.9500000000000001,0.04999999999999993
2014-04-22,-0.031632514326973456,-0.031666099494352846,0.06717033475878673,3.358516737939336e-05,10,0.9500000000000002,0.04999999999999982
2014-04-23,-0.03221504780299898,-0.032277620165818956,0.12514472563994258,6.257236281997129e-05,10,0.9248552743600572,0.07514472563994279
2014-04-24,-0.0710846739296776,-0.07110929072093958,0.049233582523951165,2.4616791261975584e-05,10,0.9500000000000001,0.04999999999999993
2014-04-25,-0.08603738767248414,-0.08607952913844281,0.0842829319173426,4.21414659586713e-05,10,0.95,0.050000000000000044
2014-04-28,0.02885220273682169,0.02882127821989533,0.061849033852720385,3.0924516926360194e-05,10,0.95,0.050000000000000044
2014-04-29,-0.01485696048180476,-0.014864144347864146,0.014367732118771837,7.183866059385919e-06,10,0.9499999999999997,0.050000000000000266
2014-04-30,0.014886085332260615,0.014875853278560993,0.02046410739924478,1.023205369962239e-05,10,0.95,0.050000000000000044
2014-05-01,-0.022000355245921005,-0.022035714743448776,0.07071899505553994,3.535949752776997e-05,10,0.9499999999999998,0.050000000000000155
2014-05-02,-0.041016163403141306,-0.04107082069725865,0.10931458823468884,5.465729411734442e-05,10,0.940685411765311,0.05931458823468905
2014-05-05,-0.05048988147080763,-0.0505009392617585,0.022115581901744768,1.1057790950872384e-05,10,0.9500000000000002,0.04999999999999982
2014-05-06,-0.010536943486544333,-0.010545056623411516,0.016226273734365228,8.113136867182615e-06,10,0.95,0.050000000000000044
2014-05-07,-0.05409584645981025,-0.05410734713387177,0.023001348123039077,1.150067406151954e-05,10,0.9499999999999998,0.050000000000000155
2014-05-08,0.023447495320655355,0.023437226200632287,0.020538240046135768,1.0269120023067885e-05,10,0.9499999999999997,0.050000000000000266
2014-05-09,0.03967717455364076,0.03966467638038182,0.0249963465178898,1.24981732589449e-05,10,0.9499999999999998,0.050000000000000155
2014-05-12,0.027737922144180863,0.027694074460676864,0.08769536700799616,4.384768350399808e-05,10,0.95,0.050000000000000044
2014-05-13,-0.03391379789073196,-0.033963318158870076,0.0990405362762261,4.952026813811305e-05,10,0.95,0.050000000000000044
2014-05-14,0.02240246311612934,0.022361826053493582,0.08127412527151333,4.0637062635756666e-05,10,0.95,0.050000000000000044
2014-05-15,0.03058971603112335,0.03054486531259535,0.08970143705600057,4.485071852800029e-05,10,0.9499999999999998,0.050000000000000155
2014-05-16,0.04093044860798335,0.040917721440889496,0.025454334187710842,1.2727167093855422e-05,10,0.9500000000000001,0.04999999999999993
2014-05-19,-0.015598692439831207,-0.015637376750575263,0.07736862148811315,3.8684310744056576e-05,10,0.9499999999999998,0.050000000000000155
2014-05-20,0.007893955093492744,0.007851515381942765,0.08487942309995808,4.243971154997904e-05,10,0.9500000000000002,0.04999999999999982
2014-05-21,-0.009738876115503803,-0.009809409623138017,0.14106701526842585,7.053350763421293e-05,10,0.9089329847315739,0.09106701526842609
2014-05-22,-0.021880705101132956,-0.021919297008757676,0.07718381524944204,3.8591907624721024e-05,10,0.9500000000000001,0.04999999999999993
2014-05-23,0.006625430683705864,0.006572546692618996,0.10576798217373534,5.288399108686767e-05,10,0.9442320178262645,0.055767982173735464
2014-05-27,0.045379212387318624,0.04533088871573532,0.09664734316661121,4.832367158330561e-05,10,0.9499999999999998,0.050000000000000155
2014-05-28,0.0006982351987319306,0.0006169045216559121,0.16266135415203709,8.133067707601854e-05,10,0.887338645847963,0.11266135415203704
2014-05-29,-0.013637062961809762,-0.013693643397875044,0.11316087213056338,5.6580436065281686e-05,10,0.9500000000000002,0.04999999999999982
2014-05-30,-0.003026800482496984,-0.0030817991248689195,0.10999728474387141,5.4998642371935705e-05,10,0.9400027152561284,0.05999728474387156
2014-06-02,0.018251757959244302,0.01819129957688571,0.12091676471718371,6.045838235859186e-05,10,0.9390805200266878,0.06091947997331215
2014-06-03,-0.003553620358625894,-0.0036125885847294132,0.11793645220703808,5.896822610351904e-05,10,0.9429830277662741,0.05701697223372593
2014-06-04,0.022362734936914985,0.022300717913131467,0.12403404756703404,6.201702378351703e-05,10,0.9329829246666917,0.06701707533330825
2014-06-05,-0.0037890869084408604,-0.00384977358629254,0.12137335570335911,6.068667785167955e-05,10,0.945643719629949,0.054356280370051024
2014-06-06,0.005887349606614262,0.005808459922428898,0.15777936837072873,7.888968418536437e-05,10,0.8965769119993222,0.10342308800067779
2014-06-09,-0.002029059280538105,-0.002105767651699231,0.153416742322252,7.6708371161126e-05,10,0.9500000000000001,0.04999999999999993
2014-06-10,-0.00660528498518469,-0.006674627567141658,0.13868516391393607,6.934258195696804e-05,10,0.9113148360860638,0.08868516391393622
2014-06-11,-0.02329011129741848,-0.023322670681880885,0.06511876892480639,3.2559384462403195e-05,10,0.95,0.050000000000000044
2014-06-12,-0.014360621036962154,-0.014379106259900227,0.03697044587614437,1.8485222938072185e-05,10,0.9499999999999997,0.050000000000000266
2014-06-13,0.014959792036222355,0.01494647573295083,0.026632606543049935,1.3316303271524968e-05,10,0.9500000000000001,0.04999999999999993
2014-06-16,0.028763390349277013,0.028679205931932697,0.16836883468863434,8.418441734431716e-05,10,0.8816311653113655,0.11836883468863446
2014-06-17,0.06514623898193722,0.06507886615563976,0.13474565259491683,6.737282629745841e-05,10,0.9500000000000001,0.04999999999999993
2014-06-18,-0.02399146735265323,-0.02404602608840845,0.10911747151044236,5.455873575522118e-05,10,0.9408825284895574,0.059117471510442554
2014-06-19,0.013785530722025718,0.013723650912201063,0.12375961964930716,6.187980982465358e-05,10,0.9353578518611354,0.0646421481388646
2014-06-20,-0.002769588495160749,-0.002832988281368523,0.12679957241554732,6.339978620777366e-05,10,0.9378425757233172,0.062157424276682804
2014-06-23,-0.03218205061515445,-0.032260069917210275,0.15603860411165135,7.801930205582568e-05,10,0.9061188201650313,0.09388117983496869
2014-06-24,0.005279937227333435,0.005223172494951306,0.11352946476425751,5.676473238212876e-05,10,0.9499999999999998,0.050000000000000155
2014-06-25,0.022453591397180103,0.02237289416778732,0.16139445878557054,8.069722939278527e-05,10,0.8886055412144296,0.11139445878557042
2014-06-26,0.007488635854084461,0.007424309115206353,0.12865347775621533,6.432673887810767e-05,10,0.95,0.050000000000000044
2014-06-27,-0.0017366883487296876,-0.0017469320645385662,0.020487431617757033,1.0243715808878517e-05,10,0.95,0.050000000000000044
2014-06-30,0.004144077612448584,0.0040892648045953925,0.10962561570638424,5.481280785319212e-05,10,0.9403743842936159,0.05962561570638414
2014-07-01,-0.008757780651325393,-0.008778755036810231,0.04194877096967625,2.0974385484838128e-05,10,0.95,0.050000000000000044
2014-07-02,-0.0003856529248343571,-0.00044400041070834337,0.11669497174797251,5.8347485873986256e-05,10,0.9333050282520275,0.06669497174797245
2014-07-03,-0.021843110480465448,-0.021861017868867776,0.035814776804654266,1.7907388402327133e-05,10,0.9499999999999998,0.050000000000000155
2014-07-07,-0.03805758345279849,-0.038105682511022955,0.0961981164489288,4.80990582244644e-05,10,0.9499999999999998,0.050000000000000155
2014-07-08,0.020652499892551735,0.020624800606943657,0.055398571216158835,2.7699285608079416e-05,10,0.9499999999999998,0.050000000000000155
2014-07-09,-0.0027566170313758596,-0.0028168267341542514,0.12041940555678375,6.020970277839188e-05,10,0.9295805944432165,0.0704194055567835
2014-07-10,0.005005771888695094,0.00494581114459338,0.11992148820342742,5.996074410171371e-05,10,0.9500000000000001,0.04999999999999993
2014-07-11,0.006640815073668243,0.0065846509195461485,0.11232830824418837,5.616415412209418e-05,10,0.9376716917558116,0.062328308244188446
2014-07-14,0.02138236029956418,0.021358172216685796,0.048376165756764775,2.418808287838239e-05,10,0.9499999999999998,0.050000000000000155
2014-07-15,-0.01221402886240291,-0.012301193669976208,0.17432961514659798,8.716480757329899e-05,10,0.8756703848534023,0.12432961514659768
2014-07-16,-0.023056999950491125,-0.023116503345040073,0.11900678909789689,5.950339454894845e-05,10,0.9500000000000001,0.04999999999999993
2014-07-17,0.039929846418435076,0.03991680231352056,0.026088209829031456,1.3044104914515729e-05,10,0.9499999999999998,0.050000000000000155
2014-07-18,0.037788723721198895,0.037753898875963116,0.06964969047155303,3.4824845235776515e-05,10,0.95,0.050000000000000044
2014-07-21,-0.004440376405730739,-0.004464727750433987,0.04870268940649534,2.435134470324767e-05,10,0.9500000000000002,0.04999999999999982
2014-07-22,0.013518639415284889,0.013437620175127661,0.16203848031445528,8.101924015722765e-05,10,0.8879615196855447,0.11203848031445529
2014-07-23,-0.015247073343706338,-0.015342897253721203,0.1916478200297326,9.58239100148663e-05,10,0.9203906602847228,0.07960933971527717
2014-07-24,-0.01649875796743142,-0.01655955499400574,0.12159405314864011,6.0797026574320057e-05,10,0.95,0.050000000000000044
2014-07-25,-0.04557022723521967,-0.04559242592816105,0.044397385882762944,2.2198692941381473e-05,10,0.95,0.050000000000000044
2014-07-28,0.008162882248650404,0.008101575920211318,0.12261265687817165,6.130632843908582e-05,10,0.9273873431218285,0.07261265687817153
2014-07-29,0.022678624823914167,0.022620770609587545,0.11570842865324685,5.7854214326623424e-05,10,0.9500000000000001,0.04999999999999993
2014-07-30,-0.03636566372359692,-0.036434629264973886,0.137931082753936,6.896554137696801e-05,10,0.9120689172460642,0.0879310827539358
2014-07-31,-0.0020470180394499505,-0.0021132421010949766,0.13244812329005232,6.622406164502616e-05,10,0.9499999999999997,0.050000000000000266
2014-08-01,0.0022346181303737945,0.0022141984096663695,0.04083944141485003,2.0419720707425016e-05,10,0.95,0.050000000000000044
2014-08-04,-0.00865478768058811,-0.008670582156207623,0.031588951239024124,1.5794475619512062e-05,10,0.9500000000000002,0.04999999999999982
2014-08-05,-0.00032561311388470504,-0.00038752402251074125,0.1238218172520724,6.191090862603621e-05,10,0.9261781827479276,0.07382181725207237
2014-08-06,0.029240223106150855,0.029189233204421,0.10197980345971284,5.098990172985642e-05,10,0.9499999999999998,0.050000000000000155
2014-08-07,-6.214597482423961e-05,-0.00012733023796201277,0.13036852627554632,6.518426313777316e-05,10,0.919631473724454,0.08036852627554603
2014-08-08,0.014622164775250378,0.014574918770936496,0.09449200862776207,4.7246004313881034e-05,10,0.95,0.050000000000000044
2014-08-11,-0.010038603327205735,-0.010056616815892743,0.0360269773740166,1.8013488687008298e-05,10,0.95,0.050000000000000044
2014-08-12,0.027573951332306147,0.027550062605771294,0.04777745306970457,2.388872653485229e-05,10,0.95,0.050000000000000044
2014-08-13,0.004013327006447405,0.003942802884793664,0.14104824330748153,7.052412165374077e-05,10,0.9089517566925186,0.0910482433074814
2014-08-14,-0.010551863001011462,-0.010592355229691663,0.0809844573604024,4.04922286802012e-05,10,0.95,0.050000000000000044
2014-08-15,0.012459310822782883,0.01244168602965118,0.03524958626340772,1.762479313170386e-05,10,0.9499999999999998,0.050000000000000155
2014-08-18,-0.004016960324510821,-0.004089439551882424,0.1449584547432062,7.247922737160311e-05,10,0.9050415452567943,0.09495845474320574
2014-08-19,0.0017655997542468192,0.0016821675347449931,0.16686443900365217,8.343221950182608e-05,10,0.9280940157395539,0.07190598426044614
2014-08-20,-0.007010867053895634,-0.007045733177595045,0.06973224739882064,3.486612369941032e-05,10,0.9499999999999998,0.050000000000000155
2014-08-21,0.0021084570076452943,0.0020956597594858173,0.025594496318954434,1.2797248159477217e-05,10,0.9500000000000001,0.04999999999999993
2014-08-22,0.0068883670497667865,0.006827489130376031,0.12175583878151137,6.0877919390755686e-05,10,0.9282441612184887,0.07175583878151126
2014-08-25,-0.008448545678993133,-0.008470416377485083,0.04374139698390041,2.1870698491950205e-05,10,0.9500000000000001,0.04999999999999993
2014-08-26,-0.004068618102844073,-0.004138726443417521,0.14021668114689614,7.010834057344808e-05,10,0.909783318853104,0.09021668114689596
2014-08-27,-0.013254177898608048,-0.01335484368930339,0.20133158139068436,0.00010066579069534218,10,0.8888850997562119,0.11111490024378812
2014-08-28,9.500645346072721e-05,-1.5429979330608027e-05,0.22087286558267047,0.00011043643279133524,10,0.8902420346611177,0.10975796533888227
2014-08-29,-0.0015806890441105882,-0.0016216390371729418,0.08189998612470718,4.094999306235359e-05,10,0.9500000000000001,0.04999999999999993
2014-09-02,0.0015375801769149102,0.001449132730667995,0.17689489249383072,8.844744624691536e-05,10,0.8731051075061693,0.12689489249383068
2014-09-03,-0.008834255621339498,-0.008956977235424428,0.24544322816985994,0.00012272161408492997,10,0.8814516643239709,0.11854833567602907
2014-09-04,0.012313229741290104,0.012226504999981113,0.17344948261798268,8.672474130899134e-05,10,0.9450988530580466,0.05490114694195336
2014-09-05,0.015072378490816041,0.015008755748832432,0.12724548396721805,6.362274198360903e-05,10,0.9276556629747356,0.07234433702526444
2014-09-08,-0.01642835844671687,-0.016496978851420988,0.13724080940823963,6.862040470411982e-05,10,0.935103527617025,0.06489647238297502
2014-09-09,-0.005060295604019483,-0.00516375971308079,0.20692821812261394,0.00010346410906130698,10,0.8579682542603612,0.14203174573963884
2014-09-10,0.008665640127657423,0.00856387930300896,0.20352164929692654,0.00010176082464846327,10,0.9385100964427124,0.06148990355728756
2014-09-11,-0.005155946883701289,-0.005259365731805697,0.20683769620881676,0.00010341884810440838,10,0.854652207348471,0.14534779265152897
2014-09-12,-0.03995257251228303,-0.04005252155905835,0.19989809355064922,9.994904677532461e-05,10,0.9454496991008801,0.05455030089911994
2014-09-15,-0.0001642340669336241,-0.00018453695322176574,0.0406057725762833,2.030288628814165e-05,10,0.9499999999999998,0.050000000000000155
2014-09-16,0.004043220471647749,0.0039518291473621785,0.18278264857114068,9.139132428557034e-05,10,0.8672173514288599,0.13278264857114008
2014-09-17,-0.01230088078933013,-0.012382247992604522,0.16273440654878601,8.136720327439301e-05,10,0.95,0.050000000000000044
2014-09-18,0.009955705171448954,0.009861080547211725,0.18924924847445987,9.462462423722993e-05,10,0.8607507515255404,0.13924924847445963
2014-09-19,-0.0373360874227836,-0.03741080743388277,0.1494400221983455,7.472001109917276e-05,10,0.9500000000000002,0.04999999999999982
2014-09-22,0.032786358215255836,0.032689561927218225,0.19359257607522434,9.679628803761218e-05,10,0.8564074239247759,0.14359257607522413
2014-09-23,-0.0021059137772751558,-0.0021591796564085154,0.10653175826671925,5.326587913335962e-05,10,0.95,0.050000000000000044
2014-09-24,-0.028082025033248817,-0.02809104329542645,0.018036524355265565,9.018262177632783e-06,10,0.9500000000000001,0.04999999999999993
2014-09-25,0.0034627040230275543,0.003364762130486323,0.19588378508246224,9.794189254123113e-05,10,0.8541162149175381,0.14588378508246191
2014-09-26,0.005431985070284083,0.00535957654099021,0.1448170585877458,7.240852929387289e-05,10,0.95,0.050000000000000044
2014-09-29,-0.009493758518735788,-0.00952369267880569,0.0598683201398046,2.99341600699023e-05,10,0.95,0.050000000000000044
2014-09-30,-0.02178469601154567,-0.02185118328605381,0.1329745490162776,6.64872745081388e-05,10,0.9170254509837227,0.08297454901627732
2014-10-01,0.010681892891064934,0.010579022790651121,0.2057402008276252,0.00010287010041381261,10,0.8772343481886524,0.12276565181134758
2014-10-02,0.012115828815075315,0.012027825386318294,0.17600685751404266,8.800342875702133e-05,10,0.9467587942973053,0.05324120570269475
2014-10-03,-0.021967230376432945,-0.02203405793656242,0.1336551202589526,6.68275601294763e-05,10,0.9195860854437427,0.08041391455625735
2014-10-06,-0.03173466936381856,-0.031813330726404465,0.1573227251718074,7.86613625859037e-05,10,0.9230911893844505,0.07690881061554955
2014-10-07,-0.008016706573812133,-0.008038356363767327,0.043299579910388145,2.164978995519407e-05,10,0.95,0.050000000000000044
2014-10-08,-0.020680525680734356,-0.020788004273858643,0.21495718624857127,0.00010747859312428564,10,0.8350428137514291,0.16495718624857092
2014-10-09,4.3300538695899976e-05,-0.0001105561046240542,0.3077132866399083,0.00015385664331995418,10,0.8572438996086629,0.14275610039133713
2014-10-10,-0.04797269548151497,-0.04804536434054092,0.14533771805189938,7.266885902594969e-05,10,0.95,0.050000000000000044
2014-10-13,0.01103012411451975,0.010966903809840113,0.12644060935927398,6.3220304679637e-05,10,0.9235593906407263,0.07644060935927366
2014-10-14,0.0016044868372488163,0.0015275908943888712,0.15379188571989,7.6895942859945e-05,10,0.9226487236393841,0.0773512763606159
2014-10-15,0.027356936744819926,0.027276824517365534,0.16022445490878368,8.011222745439184e-05,10,0.9171268214518327,0.08287317854816734
2014-10-16,0.006011698320191718,0.005898805484516337,0.22578567135076288,0.00011289283567538145,10,0.8570875071974048,0.14291249280259521
2014-10-17,0.014625907409865212,0.014511461040755142,0.22889273822013956,0.00011444636911006979,10,0.914019754582456,0.08598024541754401
2014-10-20,0.011323573819076803,0.011245671803685933,0.1558040307817422,7.79020153908711e-05,10,0.9301762146358022,0.06982378536419775
2014-10-21,-0.010076989841829545,-0.010157674464313994,0.16136924496889826,8.068462248444913e-05,10,0.9084545403952999,0.09154545960470006
2014-10-22,0.012325506483532325,0.012242581216008854,0.16585053504694153,8.292526752347077e-05,10,0.925694924557759,0.07430507544224096
2014-10-23,0.005981660431646939,0.005882329003754934,0.19866285578401083,9.933142789200541e-05,10,0.8756422196582307,0.12435778034176925
2014-10-24,-0.009432717338164621,-0.009515953840916469,0.16647300550369598,8.323650275184799e-05,10,0.95,0.050000000000000044
2014-10-27,0.02168988559448755,0.021622981646243,0.13380789648909958,6.69039482445498e-05,10,0.916192103510901,0.08380789648909903
2014-10-28,0.006076568552043386,0.005996254303817448,0.1606284964518762,8.031424822593811e-05,10,0.9231794000372233,0.07682059996277668
2014-10-29,0.005780544948292277,0.005745125027120525,0.07083984234350371,3.5419921171751855e-05,10,0.9499999999999998,0.050000000000000155
2014-10-30,0.02839467649639662,0.028293439440752483,0.20247411128827214,0.00010123705564413607,10,0.8475258887117286,0.15247411128827137
2014-10-31,0.028654916900918297,0.02844491457778042,0.4200046462757566,0.0002100023231378783,10,0.7324694650125156,0.26753053498748436
2014-11-03,0.022928069008678796,0.022780702667999083,0.29473268135942854,0.00014736634067971427,10,0.9500000000000003,0.04999999999999971
2014-11-04,-0.03124720245528651,-0.031309207251420945,0.12400959226886926,6.200479613443463e-05,10,0.9259904077311314,0.07400959226886861
2014-11-05,0.029204113687384466,0.029144853681982195,0.11852001080453875,5.9260005402269376e-05,10,0.9500000000000001,0.04999999999999993
2014-11-06,0.008182219118277698,0.008115939563968071,0.13255910861925452,6.627955430962726e-05,10,0.9174408913807461,0.08255910861925386
2014-11-07,0.005433593313349568,0.005341804199483217,0.18357822773270183,9.178911386635092e-05,10,0.8989808808865529,0.10101911911344708
2014-11-10,-0.015896803712346246,-0.01598370092506285,0.1737944254332072,8.68972127166036e-05,10,0.9272246936802406,0.07277530631975937
2014-11-11,-0.061431779021073225,-0.061501513234687416,0.1394684272283836,6.97342136141918e-05,10,0.9333068790913764,0.06669312090862356
2014-11-12,-0.014133994225092933,-0.014207182004344834,0.1463755585038025,7.318777925190125e-05,10,0.9203175624048218,0.07968243759517823
2014-11-13,-0.028668366149177796,-0.02875793367622491,0.17913505409422809,8.956752704711405e-05,10,0.900547383500951,0.09945261649904902
2014-11-14,-0.000655781656355714,-0.0007793082611692083,0.2470532096269887,0.00012352660481349437,10,0.8523994068720611,0.14760059312793894
2014-11-17,0.03013144601925906,0.030022333082583355,0.21822587335140753,0.00010911293667570376,10,0.9293747197765321,0.07062528022346792
2014-11-18,-0.01640985018230727,-0.016513649675670497,0.2075989867264553,0.00010379949336322765,10,0.8630262934970133,0.13697370650298668
2014-11-19,-0.0019926407313593346,-0.0021311488330731784,0.2770162034276875,0.00013850810171384375,10,0.8599575030753,0.14004249692470006
2014-11-20,0.003973974342532101,0.0038760587355795226,0.1958312139051561,9.791560695257805e-05,10,0.944211283019545,0.055788716980454955
2014-11-21,0.009716987246826875,0.009650326876710535,0.1333207402326816,6.666037011634079e-05,10,0.9224679767477744,0.07753202325222563
2014-11-24,0.0068175324510098955,0.0067512076908774685,0.13264952026485335,6.632476013242667e-05,10,0.9448825029873733,0.05511749701262669
2014-11-25,0.0053332782701871456,0.005266331064033165,0.1338944123079618,6.694720615398091e-05,10,0.9212230847046659,0.07877691529533415
2014-11-26,-0.017947498044267863,-0.018016498506027254,0.13800092351878104,6.900046175939053e-05,10,0.940775991776554,0.05922400822344598
2014-11-28,-0.03785089197576194,-0.03792554729034696,0.1493106291700315,7.465531458501575e-05,10,0.9099133790534155,0.09008662094658448
2014-12-01,0.01675071546545683,0.016668308733197905,0.16481346451785084,8.240673225892542e-05,10,0.9252731564287346,0.07472684357126536
2014-12-02,0.0036131182874802746,0.003525400418156439,0.17543573864767142,8.771786932383571e-05,10,0.8992911049235949,0.10070889507640512
2014-12-03,0.023407159113552678,0.023352476494570427,0.10936523796450041,5.468261898225021e-05,10,0.95,0.050000000000000044
2014-12-04,0.01743257913670183,0.01736151671377233,0.14212484585900131,7.106242292950066e-05,10,0.9078751541409997,0.09212484585900027
2014-12-05,-0.009867961389595243,-0.00999401966777582,0.25211655636115404,0.00012605827818057704,10,0.8400082894978471,0.15999171050215288
2014-12-08,0.06505790804652718,0.06498774988313974,0.14031632677489259,7.015816338744629e-05,10,0.95,0.050000000000000044
2014-12-09,-0.01033902570445002,-0.01042926466015859,0.18047791141713954,9.023895570856976e-05,10,0.8695220885828615,0.1304779114171385
2014-12-10,0.005891745088643334,0.005816936964036393,0.1496162492138826,7.480812460694131e-05,10,0.95,0.050000000000000044
2014-12-11,-0.011316245170138737,-0.011324776879329472,0.017063418381470463,8.531709190735231e-06,10,0.9499999999999998,0.050000000000000155
2014-12-12,-0.0033681206120850767,-0.0034968757046415235,0.25751018511289336,0.00012875509255644667,10,0.7924898148871076,0.20751018511289243
2014-12-15,-0.015294769268947562,-0.015413240296845382,0.23694205579563804,0.00011847102789781902,10,0.95,0.050000000000000044
2014-12-16,0.016310375003727555,0.016238543185580476,0.1436636362941575,7.183181814707874e-05,10,0.9063363637058435,0.09366363629415653
2014-12-17,0.026990670954846075,0.026882268847115885,0.21680421546038034,0.00010840210773019018,10,0.876859420833777,0.12314057916622301
2014-12-18,0.005462807808450262,0.005413607665481678,0.09840028593716625,4.920014296858313e-05,10,0.95,0.050000000000000044
2014-12-19,0.0037980714182179395,0.003769777649347479,0.05658753774092096,2.829376887046048e-05,10,0.95,0.050000000000000044
2014-12-22,-0.01147037449715014,-0.011628927575444186,0.317106156588091,0.0001585530782940455,10,0.7328938434119101,0.2671061565880899
2014-12-23,0.010792205619246625,0.01061147413543682,0.3614629676196104,0.0001807314838098052,10,0.9056431889684805,0.0943568110315195
2014-12-24,0.008305277666596559,0.00821952472223696,0.17150588871919753,8.575294435959877e-05,10,0.9228509223123229,0.07714907768767709
2014-12-26,-0.006371830757730762,-0.006496478256938993,0.24929499841646158,0.0001246474992082308,10,0.8278540792712165,0.17214592072878354
2014-12-29,0.0024483654529911447,0.0023824336269430407,0.13186365209620765,6.593182604810382e-05,10,0.95,0.050000000000000044
2014-12-30,-0.007710172419604212,-0.0077286244663561125,0.03690409350380157,1.8452046751900784e-05,10,0.95,0.050000000000000044
2014-12-31,0.013104198918435294,0.013095853827037245,0.016690182796098116,8.345091398049059e-06,10,0.95,0.050000000000000044
2015-01-02,-0.00957968900502388,-0.009653098308887383,0.14681860772700844,7.340930386350422e-05,10,0.9031813922729928,0.09681860772700723
2015-01-05,-0.019065724845753286,-0.019160467131444064,0.18948457138155772,9.474228569077886e-05,10,0.9073340363454507,0.09266596365454927
2015-01-06,0.018566544846054984,0.01848910026921595,0.1548891536780674,7.74445768390337e-05,10,0.937776809976483,0.06222319002351695
2015-01-07,0.028023023905621263,0.027914185042580572,0.2176777260813835,0.00010883886304069175,10,0.8445454639421347,0.1554545360578653
2015-01-08,0.006281947989248684,0.006182219728338781,0.19945652181980647,9.972826090990324e-05,10,0.9500000000000002,0.04999999999999982
2015-01-09,-0.017939943564898194,-0.018014603597178883,0.14932006456137853,7.466003228068926e-05,10,0.9006799354386227,0.09932006456137732
2015-01-12,-0.008545503475113764,-0.008582361415997754,0.07371588176798077,3.6857940883990385e-05,10,0.9499999999999997,0.050000000000000266
2015-01-13,0.007651307176772342,0.007623988597635514,0.05463715827365524,2.731857913682762e-05,10,0.9500000000000002,0.04999999999999982
2015-01-14,-0.032691308025903504,-0.03279432050353455,0.20602495526209458,0.00010301247763104728,10,0.8439750447379066,0.15602495526209337
2015-01-15,0.027079573283775832,0.026955935805469015,0.24727495661363108,0.00012363747830681555,10,0.9087499986484636,0.09125000135153638
2015-01-16,0.00914081933396622,0.009058334629630627,0.1649694086711872,8.24847043355936e-05,10,0.9262805926803506,0.07371940731964943
2015-01-20,-0.0036019393552063827,-0.003713305438094518,0.22273216577627108,0.00011136608288813554,10,0.8509872415433798,0.1490127584566202
2015-01-21,0.026253247517087488,0.026131909203066576,0.24267662804182644,0.00012133831402091322,10,0.906336130414795,0.093663869585205
2015-01-22,0.017236400045999564,0.01715135366509297,0.1700927618131873,8.504638090659366e-05,10,0.9235711077720189,0.0764288922279811
2015-01-23,0.007014923982723487,0.006915504926116989,0.19883811321299663,9.941905660649832e-05,10,0.8775907790149857,0.12240922098501428
2015-01-26,-0.0008344254476267518,-0.0009319249590871826,0.19499902292086163,9.749951146043082e-05,10,0.9274101980641537,0.0725898019358463
2015-01-27,-0.005357616748692697,-0.005431524516106754,0.147815534828114,7.390776741405699e-05,10,0.9247742671077334,0.07522573289226664
2015-01-28,0.019417680034394497,0.019343724737831944,0.1479105931251055,7.395529656255275e-05,10,0.9273151397671622,0.07268486023283782
2015-01-29,-0.02867137110339547,-0.028779120836504406,0.21549946621787408,0.00010774973310893704,10,0.8571853940149647,0.14281460598503526
2015-01-30,-0.00864450844506081,-0.008766392739498516,0.24376858887541047,0.00012188429443770524,10,0.899046017109626,0.10095398289037405
2015-02-02,-0.017525287143887795,-0.01766643087024483,0.28228745271407096,0.00014114372635703549,10,0.8186665301763043,0.1813334698236957
2015-02-03,0.004364353358183915,0.004229050577544459,0.2706055612789118,0.0001353027806394559,10,0.9107279085447852,0.08927209145521475
2015-02-04,0.010463861364371047,0.010388433239434707,0.15085624987267926,7.542812493633963e-05,10,0.9384158415825369,0.06158415841746312
2015-02-05,-0.0095838115876732,-0.009663074545138654,0.1585259149309074,7.92629574654537e-05,10,0.903058243486557,0.09694175651344294
2015-02-06,-0.018416194954617503,-0.018537113765379584,0.2418376215241572,0.0001209188107620786,10,0.8551041349892871,0.14489586501071294
2015-02-09,0.016668203040258928,0.016560670189062526,0.2150657023928021,0.00010753285119640104,10,0.9298301626179122,0.07016983738208782
2015-02-10,2.2667817828485467e-05,-0.00011485080866028161,0.2750372529775342,0.00013751862648876708,10,0.7951325844045549,0.20486741559544508
2015-02-11,0.015355307248711095,0.015202060737099139,0.3064930232239151,0.00015324651161195755,10,0.8983743923715314,0.10162560762846862
2015-02-12,0.00048523463838587224,0.00034741484041560076,0.27563959594054294,0.00013781979797027147,10,0.8259860116879274,0.1740139883120726
2015-02-13,-0.00037767467577915143,-0.0005165266065903764,0.2777038616224498,0.00013885193081122492,10,0.8963101266896244,0.1036898733103756
2015-02-17,0.0036395403261263396,0.0035158585209905616,0.24736361027155618,0.00012368180513577809,10,0.8563262630388208,0.14367373696117924
2015-02-18,0.004231175996582687,0.004126695236687574,0.20896151979022648,0.00010448075989511324,10,0.9347122171709541,0.0652877828290459
2015-02-19,0.010585423060610978,0.010475380246017242,0.22008562918747057,0.0001100428145937353,10,0.8452021536415768,0.1547978463584232
2015-02-20,0.007654338587380949,0.007519281593882833,0.27011398699623257,0.00013505699349811628,10,0.8846838593621922,0.11531614063780782
2015-02-23,0.002165224693718423,0.0020687755561741195,0.1928982750886069,9.644913754430346e-05,10,0.9224178655492022,0.07758213445079776
2015-02-24,0.004980574914273889,0.004877781340898761,0.20558714675025672,0.00010279357337512836,10,0.8719949877005422,0.12800501229945782
2015-02-25,0.0048700199074300145,0.0048241654411529476,0.09170893255413423,4.585446627706712e-05,10,0.95,0.050000000000000044
2015-02-26,-0.010662481734475161,-0.010726138474492407,0.12731348003449272,6.365674001724636e-05,10,0.9226865199655085,0.07731348003449146
2015-02-27,0.022279752260316796,0.022157878513644796,0.2437474933439997,0.00012187374667199985,10,0.8335659866904932,0.1664340133095068
2015-03-02,-0.002069441710484182,-0.002195324972377858,0.25176652378735237,0.00012588326189367618,10,0.9146674895221559,0.08533251047784407
2015-03-03,0.008171172879359707,0.008088396745331,0.1655522680574142,8.27761340287071e-05,10,0.9197802424204313,0.08021975757956867
2015-03-04,0.029835641502734454,0.029765017099117195,0.14124880723451752,7.062440361725876e-05,10,0.9389709503450525,0.06102904965494749
2015-03-05,0.0016978143941545941,0.001587160022123995,0.22130874406119846,0.00011065437203059924,10,0.8397203055937503,0.16027969440624967
2015-03-06,-0.00013541487948033767,-0.0002002331703661694,0.12963658177166348,6.481829088583174e-05,10,0.9500000000000001,0.04999999999999993
2015-03-09,0.0019841574434645575,0.0019114047702622945,0.1455053464045261,7.275267320226304e-05,10,0.9044946535954753,0.09550534640452468
2015-03-10,0.003650126023095897,0.0036148783517242536,0.07049534274328653,3.5247671371643267e-05,10,0.95,0.050000000000000044
2015-03-11,0.008266200946263706,0.008198558381564358,0.13528512939869594,6.764256469934797e-05,10,0.9147148706013055,0.08528512939869448
2015-03-12,-0.0002756238267940659,-0.00035767052323559996,0.16409339288306818,8.204669644153409e-05,10,0.9211917365156277,0.07880826348437231
2015-03-13,0.015104818424705306,0.015075996330346411,0.05764418871779072,2.882209435889536e-05,10,0.9499999999999998,0.050000000000000155
2015-03-16,-0.005244288918955405,-0.005255370269515778,0.022162701120746114,1.1081350560373058e-05,10,0.9499999999999998,0.050000000000000155
2015-03-17,0.00037896980934260736,0.0002807037427823002,0.19653213312061427,9.826606656030714e-05,10,0.8534678668793874,0.14653213312061264
2015-03-18,0.022260116043718997,0.022187562449460504,0.14510718851698784,7.255359425849392e-05,10,0.9500000000000002,0.04999999999999982
2015-03-19,-0.0014098518311597519,-0.0014771509267356609,0.13459819115181804,6.729909557590902e-05,10,0.9154018088481832,0.08459819115181677
2015-03-20,-0.009500811320414809,-0.009581941693241025,0.16226074565243465,8.113037282621733e-05,10,0.9223374454993833,0.07766255450061665
2015-03-23,0.014700472807316787,0.014630024865393951,0.14089588384567292,7.044794192283647e-05,10,0.936766670654945,0.06323332934505499
2015-03-24,-0.06282234951744432,-0.06284409475406084,0.04349047323304795,2.1745236616523974e-05,10,0.95,0.050000000000000044
2015-03-25,-0.007967491852561395,-0.007984356211141692,0.03372871716059405,1.6864358580297026e-05,10,0.95,0.050000000000000044
2015-03-26,0.024994948051773283,0.02489362121190354,0.2026536797394806,0.0001013268398697403,10,0.8473463202605207,0.1526536797394793
2015-03-27,0.037231445735591354,0.03715068647609489,0.1615185189929321,8.075925949646605e-05,10,0.9500000000000001,0.04999999999999993
2015-03-30,-0.021341083377893543,-0.021403994403658082,0.12582205152907505,6.291102576453752e-05,10,0.9241779484709263,0.07582205152907373
2015-03-31,-0.002414399112980725,-0.0024410072210075784,0.05321621605370724,2.660810802685362e-05,10,0.95,0.050000000000000044
2015-04-01,-0.006851459138198512,-0.006953758897682301,0.20459951896757672,0.00010229975948378836,10,0.8454004810324245,0.1545995189675755
2015-04-02,-0.000483520760847173,-0.0005641348940852941,0.1612282664762421,8.061413323812105e-05,10,0.95,0.050000000000000044
2015-04-06,0.007588160730911744,0.007513158769951449,0.15000392192059164,7.500196096029582e-05,10,0.8999960780794096,0.10000392192059038
2015-04-07,0.019003776890862183,0.018918232396771987,0.1710889881803896,8.554449409019479e-05,10,0.9289149337402021,0.07108506625979794
2015-04-08,0.0006164779839195505,0.0005480933939488092,0.1367691799414827,6.838458997074134e-05,10,0.9343158863183165,0.06568411368168348
2015-04-09,0.0057553626993518125,0.005690631010336109,0.12946337803140653,6.473168901570327e-05,10,0.9362207356502782,0.06377926434972181
2015-04-10,0.0038630896604959415,0.0037990173489749427,0.1281446230419974,6.40723115209987e-05,10,0.9356346413077257,0.06436535869227433
2015-04-13,-0.001070919890657841,-0.0011368044175792064,0.1317690538427311,6.588452692136556e-05,10,0.9325963048495446,0.06740369515045541
2015-04-14,0.006368332621651318,0.006277598064759742,0.18146911378315075,9.073455689157538e-05,10,0.885934581367306,0.11406541863269404
2015-04-15,0.009353170303399445,0.009282707769452798,0.14092506789329443,7.046253394664721e-05,10,0.9499999999999998,0.050000000000000155
2015-04-16,-0.012022281866279733,-0.012083753740735326,0.12294374891118531,6.147187445559266e-05,10,0.9270562510888163,0.07294374891118371
2015-04-17,0.011098982192422035,0.011025208460275882,0.1475474642923071,7.377373214615356e-05,10,0.9253962846188781,0.07460371538112187
2015-04-20,0.013620665138366597,0.013600458689820193,0.04041289709280695,2.0206448546403476e-05,10,0.95,0.050000000000000044
2015-04-21,8.278819570042622e-05,7.186962966638546e-05,0.021837132068081508,1.0918566034040754e-05,10,0.9499999999999997,0.050000000000000266
2015-04-22,0.012302785187551792,0.012285944336476678,0.03368170215022702,1.684085107511351e-05,10,0.9499999999999998,0.050000000000000155
2015-04-23,-0.012569787911666425,-0.012642153705676206,0.14473158801956326,7.236579400978163e-05,10,0.9052684119804382,0.09473158801956183
2015-04-24,-0.02639518226243643,-0.026481431840309818,0.1724991557467732,8.62495778733866e-05,10,0.92223243227279,0.07776756772721005
2015-04-27,0.000419836282636872,0.0002973787560725796,0.24491505312858486,0.00012245752656429244,10,0.8328525145986264,0.16714748540137359
2015-04-28,-0.00783049429748555,-0.00792708909166879,0.19318958836648123,9.659479418324062e-05,10,0.9499999999999997,0.050000000000000266
2015-04-29,-0.02289155650885638,-0.02295842916774196,0.13374531777115847,6.687265888557924e-05,10,0.9162546822288432,0.08374531777115679
2015-04-30,0.022448605069682156,0.022386984168383493,0.12324180259732227,6.162090129866113e-05,10,0.9499999999999998,0.050000000000000155
2015-05-01,0.002426463024515918,0.002333718042091905,0.18548996484802704,9.274498242401352e-05,10,0.8645100351519746,0.13548996484802545
2015-05-04,-0.006314661906790796,-0.006375771197793515,0.1222185820054381,6.110929100271905e-05,10,0.95,0.050000000000000044
2015-05-05,0.01349379559544502,0.013477959100178046,0.031672990533948994,1.5836495266974498e-05,10,0.9499999999999998,0.050000000000000155
2015-05-06,0.024307908923157623,0.024243957426315247,0.1279029936847531,6.395149684237655e-05,10,0.9220970063152482,0.07790299368475184
2015-05-07,0.026048241818661957,0.02594375734795245,0.2089689414190191,0.00010448447070950955,10,0.8689340522657343,0.13106594773426572
2015-05-08,0.004295188533294287,0.004237179247631004,0.11601857132656732,5.800928566328366e-05,10,0.9499999999999997,0.050000000000000266
2015-05-11,0.00784596194438345,0.007832400849748278,0.02712218927034212,1.356109463517106e-05,10,0.9500000000000002,0.04999999999999982
2015-05-12,-0.009949946744578901,-0.009963653749183874,0.027414009209944946,1.3707004604972473e-05,10,0.9499999999999998,0.050000000000000155
2015-05-13,0.0031240245248584752,0.0031072265579870522,0.03359593374284565,1.6797966871422825e-05,10,0.95,0.050000000000000044
2015-05-14,-0.0049949487474805765,-0.005066773900771767,0.14365030658238098,7.182515329119049e-05,10,0.9063496934176205,0.0936503065823795
2015-05-15,0.017339525892120802,0.017304316386411465,0.07041901141867549,3.520950570933774e-05,10,0.95,0.050000000000000044
2015-05-18,0.013595614431265167,0.01353324988677982,0.12472908897069343,6.236454448534672e-05,10,0.925270911029308,0.07472908897069197
2015-05-19,0.004979552200031798,0.004959043599462338,0.041017201138921155,2.0508600569460578e-05,10,0.95,0.050000000000000044
2015-05-20,0.0034088850031990087,0.0033783745557613115,0.061020894875394464,3.0510447437697232e-05,10,0.95,0.050000000000000044
2015-05-21,0.01039019897541497,0.010320829331702386,0.13873928742516758,6.93696437125838e-05,10,0.9112607125748341,0.0887392874251659
2015-05-22,0.004653496085912464,0.004587010661040499,0.13297084974392964,6.648542487196482e-05,10,0.95,0.050000000000000044
2015-05-26,0.017201686787713503,0.017076703094027625,0.24996738737175817,0.0001249836936858791,10,0.8000326126282431,0.1999673873717569
2015-05-27,-0.004692283211656639,-0.004802275494907493,0.21998456650171003,0.00010999228325085502,10,0.95,0.050000000000000044
2015-05-28,0.009658901875721644,0.00956722639085028,0.18335096974272616,9.167548487136308e-05,10,0.8666490302572751,0.13335096974272487
2015-05-29,-0.004503154667524397,-0.004571097432472174,0.13588552989555322,6.794276494777661e-05,10,0.9499999999999997,0.050000000000000266
2015-06-01,-0.0007537649175011116,-0.0008291429974160957,0.15075615982996815,7.537807991498408e-05,10,0.8992438401700334,0.10075615982996655
2015-06-02,0.0014857151862352174,0.0013982290825674665,0.17497220733550178,8.748610366775089e-05,10,0.9257839524944661,0.0742160475055339
2015-06-03,-0.008027567537581371,-0.008098724905250605,0.14231473533846933,7.115736766923467e-05,10,0.9319013121670658,0.06809868783293416
2015-06-04,0.022202570161464937,0.0221273908111119,0.15035870070607427,7.517935035303713e-05,10,0.9177399871268612,0.08226001287313878
2015-06-05,0.00542561102267698,0.005331561006659397,0.1881000320351661,9.405001601758305e-05,10,0.894159980837974,0.10584001916202601
2015-06-08,-0.016776544497060567,-0.016859368777403166,0.1656485606851988,8.28242803425994e-05,10,0.9401914584768285,0.0598085415231715
2015-06-09,0.008268961057232726,0.008196550798784466,0.14482051689652023,7.241025844826011e-05,10,0.9149880246266524,0.08501197537334759
2015-06-10,0.006638144745558411,0.006605460901756002,0.0653676876048195,3.2683843802409745e-05,10,0.9500000000000001,0.04999999999999993
2015-06-11,-0.0084909844793711,-0.008557980307434735,0.13399165612726988,6.699582806363495e-05,10,0.9160083438727314,0.08399165612726855
2015-06-12,0.0010751950790964598,0.001005322776954397,0.13974460428412552,6.987230214206276e-05,10,0.9442470518431443,0.05575294815685572
2015-06-15,0.0001253091231051759,5.630924417842492e-05,0.13799975785350194,6.899987892675097e-05,10,0.9177531903033551,0.08224680969664488
2015-06-16,0.007577126140477104,0.007505505783546738,0.14324071386073145,7.162035693036572e-05,10,0.9390060958359149,0.06099390416408512
2015-06-17,0.017273245000099767,0.01725199299531033,0.04250400957887315,2.1252004789436577e-05,10,0.95,0.050000000000000044
2015-06-18,0.001859108042248437,0.001786500341676939,0.14521540114299564,7.260770057149782e-05,10,0.9047845988570057,0.09521540114299432
2015-06-19,0.02346983379438572,0.023436163705734144,0.06734017730315062,3.3670088651575306e-05,10,0.9500000000000002,0.04999999999999982
2015-06-22,-0.0058033928786697785,-0.005822833812292117,0.038881867244677085,1.944093362233854e-05,10,0.95,0.050000000000000044
2015-06-23,-0.01765157782249133,-0.01772541190109889,0.1476681572151165,7.383407860755826e-05,10,0.902331842784885,0.09766815721511501
2015-06-24,-0.003798544609415694,-0.003842676199378535,0.08826317992568189,4.4131589962840945e-05,10,0.9499999999999998,0.050000000000000155
2015-06-25,-0.016510982348481543,-0.016580656081476384,0.13934746598968514,6.967373299484258e-05,10,0.9106525340103163,0.08934746598968368
2015-06-26,-0.023125500959502505,-0.023211819317734132,0.17263671646325607,8.631835823162803e-05,10,0.9167107495264291,0.08328925047357094
2015-06-29,0.020571225159337476,0.020499292869227435,0.14386458022007942,7.193229011003971e-05,10,0.939424670253493,0.060575329746507034
2015-06-30,-0.001076345155221117,-0.0010895960900271682,0.026501869612102325,1.3250934806051162e-05,10,0.95,0.050000000000000044
2015-07-01,-0.00372110015094727,-0.003790451667618433,0.13870303334232575,6.935151667116288e-05,10,0.9112969666576755,0.08870303334232454
2015-07-02,-0.0003628429982140064,-0.0004452246233704406,0.16476325031286837,8.238162515643418e-05,10,0.9239397830294575,0.07606021697054255
2015-07-06,-0.016334599821120763,-0.016413282722702136,0.15736580316274665,7.868290158137332e-05,10,0.9186944138077973,0.08130558619220274
2015-07-07,-0.030121820673621118,-0.030197830201321576,0.15201905540091606,7.600952770045803e-05,10,0.9292865307912881,0.07071346920871191
2015-07-08,0.03638484083321757,0.03631381313445948,0.14205539751618457,7.102769875809229e-05,10,0.9286580716925288,0.07134192830747121
2015-07-09,0.01841409631795077,0.018382367715340738,0.06345720522006797,3.172860261003398e-05,10,0.95,0.050000000000000044
2015-07-10,0.013178757523784073,0.013103958591177757,0.14959786521263158,7.479893260631579e-05,10,0.9004021347873699,0.09959786521263014
2015-07-13,0.0010290588564052126,0.0009415335747219055,0.17505056336661423,8.752528168330712e-05,10,0.9245473018460173,0.0754526981539827
2015-07-14,-0.008073220043949949,-0.00814278102600088,0.13912196410186328,6.956098205093164e-05,10,0.9363307340521208,0.06366926594787925
2015-07-15,0.02348650865059768,0.023466791776964292,0.0394337472667749,1.971687363338745e-05,10,0.95,0.050000000000000044
2015-07-16,0.004747192110469724,0.004725536277614393,0.04331166571066304,2.165583285533152e-05,10,0.9499999999999997,0.050000000000000266
2015-07-17,-0.0037611214242093873,-0.003825488534239571,0.12873422006036778,6.436711003018389e-05,10,0.9212657799396339,0.07873422006036612
2015-07-20,-0.004183460688410615,-0.00426290626571699,0.15889115461275063,7.944557730637532e-05,10,0.919843065447617,0.08015693455238304
2015-07-21,0.004494115842825107,0.004467951052050743,0.05232958154873016,2.616479077436508e-05,10,0.9500000000000002,0.04999999999999982
2015-07-22,0.003770716319216625,0.003703813287215055,0.1338060640031401,6.690303200157005e-05,10,0.916193935996861,0.08380606400313895
2015-07-23,-0.02644474217141481,-0.026480182767335055,0.07088119184048758,3.544059592024379e-05,10,0.9500000000000001,0.04999999999999993
2015-07-24,-0.021028994175931695,-0.021097784076927476,0.13757980199156206,6.878990099578103e-05,10,0.9124201980084393,0.08757980199156068
2015-07-27,0.01221577365965792,0.01212798198459906,0.17558335011772053,8.779167505886027e-05,10,0.9119964518738415,0.08800354812615852
2015-07-28,-0.005633421027907317,-0.005765485856108475,0.26412965640231645,0.00013206482820115822,10,0.8238738917238433,0.1761261082761567
2015-07-29,-0.020821309343688147,-0.020935431674248207,0.2282446611201224,0.0001141223305600612,10,0.9478814471560357,0.05211855284396427
2015-07-30,0.007471200288391398,0.007398750201316507,0.14490017414978235,7.245008707489117e-05,10,0.9072183786941834,0.09278162130581658
2015-07-31,-0.030796802693481926,-0.030878994987210234,0.16438458745661277,8.219229372830638e-05,10,0.9283970338492051,0.07160296615079487
2015-08-03,-0.003135684562621258,-0.003241854625339212,0.2123401254359086,0.0001061700627179543,10,0.8592628407148876,0.14073715928511243
2015-08-04,0.010303213828621099,0.010179194132580841,0.24803939208051579,0.0001240196960402579,10,0.8926977672045979,0.10730223279540207
2015-08-05,-0.029581197222333103,-0.029630126574914754,0.0978587051633035,4.892935258165175e-05,10,0.9499999999999998,0.050000000000000155
2015-08-06,-0.009811149928727812,-0.009922015292335253,0.22173072721488118,0.0001108653636074406,10,0.8282692727851202,0.1717307272148798
2015-08-07,-0.0092471556833346,-0.009387852595315231,0.28139382396126034,0.00014069691198063017,10,0.8903369032536206,0.10966309674637942
2015-08-10,-0.0037230292121011145,-0.003813151991328349,0.18024555845446888,9.012277922723444e-05,10,0.9294175382919118,0.07058246170808824
2015-08-11,-0.014067301556598341,-0.014143140014138664,0.15167691508064565,7.583845754032282e-05,10,0.9189055466274438,0.08109445337255616
2015-08-12,-0.017927572582864832,-0.01801103658745605,0.1669280091824375,8.346400459121875e-05,10,0.91416644419012,0.08583355580987995
2015-08-13,0.004261125363564811,0.004189164898920513,0.14392092928859618,7.196046464429809e-05,10,0.9419126265212852,0.05808737347871484
2015-08-14,0.026413652006027695,0.026304748788954623,0.21780643414614018,0.00010890321707307009,10,0.8402809393325759,0.15971906066742414
2015-08-17,-0.0157807235170787,-0.015906668795861195,0.2518905575649898,0.0001259452787824949,10,0.9078285031024355,0.09217149689756454
2015-08-18,0.015248794439511862,0.015219062336931544,0.059464205160638106,2.9732102580319055e-05,10,0.9499999999999998,0.050000000000000155
2015-08-19,-0.04860969204648566,-0.04862904507358803,0.038706054204738785,1.9353027102369393e-05,10,0.9500000000000001,0.04999999999999993
2015-08-20,-0.011611439461091048,-0.011677119684983849,0.1313604477855997,6.568022389279984e-05,10,0.9186395522144016,0.08136044778559837
2015-08-21,-0.06163364323977941,-0.06167153061934963,0.07577475914042857,3.788737957021429e-05,10,0.95,0.050000000000000044
2015-08-24,0.00431767440521358,0.0042534877691939865,0.12837327203918658,6.418663601959329e-05,10,0.9216267279608147,0.07837327203918532
2015-08-25,0.028613243271764604,0.028577232616651915,0.07202131022538057,3.601065511269028e-05,10,0.95,0.050000000000000044
2015-08-26,0.04151054078749246,0.04144509698619873,0.13088760258746024,6.544380129373012e-05,10,0.9191123974125409,0.08088760258745908
2015-08-27,0.0036699281085566288,0.003587391045220463,0.1650741266723314,8.25370633361657e-05,10,0.915813475915129,0.08418652408487104
2015-08-28,-0.021325683785619984,-0.02137666985433551,0.10197213743104871,5.0986068715524355e-05,10,0.95,0.050000000000000044
2015-08-31,-0.02273747379331616,-0.022754332628843427,0.03371767105453248,1.685883552726624e-05,10,0.9500000000000001,0.04999999999999993
2015-09-01,0.03729565136673155,0.0372109482601834,0.1694062130962817,8.470310654814085e-05,10,0.8805937869037197,0.1194062130962803
2015-09-02,-0.021248599401646952,-0.02131734128440859,0.13748376552327743,6.874188276163871e-05,10,0.9499999999999998,0.050000000000000155
2015-09-03,-0.001867267127529549,-0.0019345986193460391,0.1346629836329804,6.73314918164902e-05,10,0.915337016367021,0.08466298363297897
2015-09-04,0.040764109802947986,0.04069329573474888,0.14162813639821348,7.081406819910674e-05,10,0.9430348472347667,0.056965152765233285
2015-09-08,-0.017975891321942584,-0.017993362092555736,0.03494154122630144,1.747077061315072e-05,10,0.9500000000000002,0.04999999999999982
2015-09-09,0.015060780271618163,0.015032473028404039,0.056614486428249816,2.8307243214124908e-05,10,0.95,0.050000000000000044
2015-09-10,0.00503462565971814,0.004923021033190829,0.22320925305462186,0.00011160462652731093,10,0.8267907469453795,0.17320925305462054
2015-09-11,-0.0005883722261218277,-0.0006806551438869531,0.1845658355302507,9.228291776512535e-05,10,0.95,0.050000000000000044
2015-09-14,0.022752485238596503,0.022683557916234037,0.1378546447249333,6.892732236246665e-05,10,0.9121453552750679,0.0878546447249321
2015-09-15,0.001039353493509109,0.0010111802074128779,0.056346572192462155,2.817328609623108e-05,10,0.95,0.050000000000000044
2015-09-16,0.032365869445003165,0.03229639987735411,0.13893913529811436,6.946956764905718e-05,10,0.9110608647018871,0.08893913529811293
2015-09-17,0.0018958447553917286,0.0018627772891386131,0.06613493250623098,3.306746625311549e-05,10,0.95,0.050000000000000044
2015-09-18,-0.04093962109827904,-0.04100359980476565,0.12795741297322377,6.397870648661189e-05,10,0.9220425870267777,0.07795741297322234
2015-09-21,-0.025086582536959695,-0.025155145936791135,0.1371267996628766,6.85633998314383e-05,10,0.9408306133103472,0.05916938668965277
2015-09-22,-0.004909953372053593,-0.00498113496035555,0.1423631766039154,7.11815883019577e-05,10,0.9168062100857387,0.0831937899142613
2015-09-23,-0.0205311702257878,-0.020617409956793738,0.1724794620118762,8.62397310059381e-05,10,0.9107143279023864,0.08928567209761362
2015-09-24,-0.04071907535386942,-0.040833274659288966,0.2283986108390912,0.00011419930541954559,10,0.8608870612585238,0.13911293874147623
2015-09-25,-0.0715787800123043,-0.07166597991971653,0.174399814824436,8.7199907412218e-05,10,0.95,0.050000000000000044
2015-09-28,-0.0329886130109475,-0.033057699997258355,0.13817397262171283,6.908698631085642e-05,10,0.9118260273782883,0.08817397262171167
2015-09-29,0.027580634702796012,0.027499570986682004,0.16212743222801712,8.106371611400857e-05,10,0.9260465403936957,0.07395345960630428
2015-09-30,0.004971442758765199,0.004896114482700315,0.1506565521297677,7.532827606488385e-05,10,0.9232969074765379,0.07670309252346208
2015-10-01,0.025216639513913917,0.025115669400976568,0.2019402258746997,0.00010097011293734985,10,0.8747628666487637,0.12523713335123632
2015-10-02,0.006968494018871523,0.006862212423339819,0.21256319106340751,0.00010628159553170377,10,0.91267394228783,0.08732605771216995
2015-10-05,-0.03926558675298324,-0.039343902205959264,0.15663090595203694,7.831545297601847e-05,10,0.9306951517601344,0.0693048482398656
2015-10-06,0.013601843255458471,0.013582557070711957,0.03857236949302704,1.928618474651352e-05,10,0.95,0.050000000000000044
2015-10-07,-0.010279182603588483,-0.010345384248505724,0.13240328983448202,6.620164491724101e-05,10,0.9175967101655195,0.08240328983448053
2015-10-08,0.015948885640532613,0.015884698164619473,0.12837495182627912,6.418747591313956e-05,10,0.95,0.050000000000000044
2015-10-09,-0.008628004648267941,-0.008651075582809139,0.04614186908239713,2.307093454119857e-05,10,0.95,0.050000000000000044
2015-10-12,-0.03281522821679599,-0.03288160969288886,0.13276295218572448,6.638147609286224e-05,10,0.9172370478142767,0.08276295218572327
2015-10-13,0.0026004923484052346,0.0025321560450835856,0.13667260664329806,6.833630332164903e-05,10,0.9460903455424264,0.053909654457573564
2015-10-14,0.04352824631893635,0.043459110116368556,0.1382724051355823,6.913620256779115e-05,10,0.9156372493219925,0.08436275067800747
2015-10-15,0.0047350291555356165,0.004658375238254749,0.15330783456173558,7.665391728086778e-05,10,0.9310549161162731,0.06894508388372689
2015-10-16,0.008883293379268825,0.008797976320611117,0.17063411731541792,8.531705865770896e-05,10,0.8983109665683102,0.10168903343168978
2015-10-19,-0.025693069197388084,-0.02577038566862878,0.15463294248139303,7.731647124069652e-05,10,0.947056090950298,0.05294390904970203
2015-10-20,-0.007900715745687976,-0.007976594307410302,0.15175712344465214,7.587856172232608e-05,10,0.9011867856050512,0.09881321439494883
2015-10-21,-0.010039581235157906,-0.010132250254146985,0.18533803797815793,9.266901898907896e-05,10,0.9134751764167923,0.08652482358320768
2015-10-22,0.007916383095652818,0.007880743202954144,0.07127978539734757,3.563989269867379e-05,10,0.9499999999999997,0.050000000000000266
2015-10-23,-0.002928066092866086,-0.002996583485093911,0.13703478445564976,6.851739222782488e-05,10,0.9129652155443518,0.08703478445564816
2015-10-26,0.004321343439313702,0.004199088152987655,0.24451057265209436,0.00012225528632604717,10,0.8425242118035552,0.1574757881964448
2015-10-27,0.03326676665456008,0.03318394915962881,0.16563498986255404,8.281749493127702e-05,10,0.95,0.050000000000000044
2015-10-28,-0.051352851365481095,-0.05141830013474932,0.13089753853645303,6.544876926822651e-05,10,0.9191024614635483,0.08089753853645165
2015-10-29,-0.0008040051158138069,-0.0008827557429969525,0.1575012543662912,7.87506271831456e-05,10,0.9233962841701618,0.07660371582983816
2015-10-30,0.0378036492086217,0.03774417648872807,0.1189454397872627,5.947271989363135e-05,10,0.9500000000000001,0.04999999999999993
2015-11-02,0.008662252371915612,0.008584854419164682,0.15479590550185848,7.739795275092925e-05,10,0.8952040944981429,0.10479590550185713
2015-11-03,-0.013918683913615474,-0.013953201295177483,0.06903476312401656,3.451738156200828e-05,10,0.95,0.050000000000000044
2015-11-04,-0.006231694784842964,-0.006306879603549185,0.15036963741244208,7.518481870622104e-05,10,0.8996303625875592,0.10036963741244076
2015-11-05,0.01902077732654993,0.018975864166656056,0.08982631978774283,4.491315989387142e-05,10,0.9500000000000001,0.04999999999999993
2015-11-06,-0.005054436026521757,-0.005156601139099154,0.20433022515479424,0.00010216511257739712,10,0.8456697748452071,0.1543302251547929
2015-11-09,0.015205724891847138,0.0151178141975856,0.17582138852307755,8.791069426153878e-05,10,0.95,0.050000000000000044
2015-11-10,-0.02499785165407705,-0.02502432771939592,0.05295213063774004,2.647606531887002e-05,10,0.95,0.050000000000000044
2015-11-11,-0.02871038904397199,-0.02878081774733356,0.14085740672314467,7.042870336157234e-05,10,0.9091425932768566,0.09085740672314335
2015-11-12,-0.001214814987789354,-0.0012559650653809745,0.08230015518324096,4.1150077591620484e-05,10,0.95,0.050000000000000044
2015-11-13,0.005994445543244905,0.005923124749680043,0.14264158712972352,7.132079356486176e-05,10,0.9073584128702779,0.09264158712972215
2015-11-16,0.016744634504669023,0.016672771700714746,0.14372560790855216,7.186280395427607e-05,10,0.9489159792211712,0.05108402077882879
2015-11-17,0.017137263381240938,0.017069325174522164,0.13587641343754875,6.793820671877438e-05,10,0.9152076073412814,0.08479239265871863
2015-11-18,-0.006593929773655447,-0.006674725747205459,0.16159194710002425,8.079597355001213e-05,10,0.9232004455586957,0.07679955444130426
2015-11-19,0.017536000584485872,0.01752021665482612,0.031567859319504336,1.578392965975217e-05,10,0.9499999999999998,0.050000000000000155
2015-11-20,0.020662710955869162,0.020598956825041755,0.12750826165481471,6.375413082740735e-05,10,0.9224917383451867,0.07750826165481328
2015-11-23,0.0029491433629349937,0.0028459803164358655,0.20632609299825658,0.0001031630464991283,10,0.8711821686565581,0.12881783134344194
2015-11-24,0.0021054419686487146,0.002053077947246036,0.10472804280535734,5.236402140267867e-05,10,0.9499999999999998,0.050000000000000155
2015-11-25,0.016798823296519917,0.01672749574944028,0.14265509415927582,7.132754707963792e-05,10,0.9073449058407258,0.0926550941592742
2015-11-27,-0.021582150934310176,-0.02162183444746389,0.07936702630742377,3.9683513153711885e-05,10,0.9499999999999997,0.050000000000000266
2015-11-30,0.008008117563143964,0.00792839398398722,0.1594471583134875,7.972357915674374e-05,10,0.8905528416865142,0.10944715831348584
2015-12-01,-0.008703395428321895,-0.008763722991113797,0.12065512558380602,6.032756279190301e-05,10,0.9500000000000001,0.04999999999999993
2015-12-02,-0.022056351727876768,-0.02208910409900442,0.0655047422553062,3.27523711276531e-05,10,0.9500000000000001,0.04999999999999993
2015-12-03,0.02637521958885724,0.02631096464028427,0.1285098971459392,6.42549485729696e-05,10,0.9214901028540623,0.0785098971459377
2015-12-04,-0.029379496078823807,-0.02946344615317281,0.1679001486980041,8.395007434900205e-05,10,0.9106097484479352,0.08939025155206481
2015-12-07,0.018685759657970875,0.0185811186176656,0.2092820806105484,0.0001046410403052742,10,0.8801081709415179,0.11989182905848206
2015-12-08,-0.030927812159051344,-0.031017797457633264,0.17997059716384178,8.998529858192089e-05,10,0.9399212318946417,0.06007876810535828
2015-12-09,0.010460715075567747,0.010389795728917434,0.141838693300626,7.0919346650313e-05,10,0.9182400748047336,0.08175992519526643
2015-12-10,-0.029064835179590933,-0.02917728888297809,0.22490740677431456,0.00011245370338715728,10,0.8568525184209532,0.14314748157904678
2015-12-11,-0.0027903544807939377,-0.002856531768608071,0.13235457562826647,6.617728781413323e-05,10,0.9500000000000001,0.04999999999999993
2015-12-14,0.013861814356410788,0.013757083455990611,0.20946180084035293,0.00010473090042017647,10,0.8405381991596488,0.15946180084035122
2015-12-15,0.026580273548779385,0.026449570729276114,0.26140563900654346,0.00013070281950327173,10,0.8980561618338094,0.10194383816619057
2015-12-16,-0.017088309236549113,-0.017177498181076566,0.1783778890549083,8.918894452745416e-05,10,0.9235659491112836,0.07643405088871635
2015-12-17,-0.017662435748320694,-0.017745241885679736,0.1656122747180855,8.280613735904275e-05,10,0.9108217761706324,0.08917822382936758
2015-12-18,-0.0051003215239009605,-0.00518376553205121,0.16688801630049882,8.34440081502494e-05,10,0.9222902075288704,0.07770979247112964
2015-12-21,-0.006765697115721611,-0.006847925427074654,0.16445662270608458,8.222831135304229e-05,10,0.9132531697650466,0.08674683023495344
2015-12-22,0.02658294298823782,0.026475409734825192,0.21506650682525846,0.00010753325341262923,10,0.8716803234096966,0.1283196765903034
2015-12-23,-0.00446953422219556,-0.0045224429633621745,0.10581748233322764,5.290874116661382e-05,10,0.9499999999999998,0.050000000000000155
2015-12-24,0.010811461187186483,0.010795549333196305,0.03182370798035486,1.591185399017743e-05,10,0.95,0.050000000000000044
2015-12-28,0.02275765580454607,0.022744951070259842,0.025409468572453964,1.2704734286226982e-05,10,0.9499999999999998,0.050000000000000155
2015-12-29,-0.01242676413395198,-0.012494804252314806,0.1360802367256532,6.80401183628266e-05,10,0.9139197632743485,0.08608023672565146
2015-12-30,-0.008805604908310267,-0.008897034871587703,0.18285992655487246,9.142996327743623e-05,10,0.9032203101707805,0.09677968982921947
2015-12-31,-0.025844198126201107,-0.025879027572240407,0.06965889207859731,3.482944603929866e-05,10,0.95,0.050000000000000044
2016-01-04,0.0029421004080173096,0.002867477502917842,0.1492458101989347,7.462290509946736e-05,10,0.9007541898010671,0.09924581019893286
2016-01-05,-0.00278579756166705,-0.0028617468144617637,0.15189850558942758,7.594925279471379e-05,10,0.947347304609507,0.052652695390493
2016-01-06,-0.034563906753464414,-0.03463832645660164,0.14883940627445724,7.441970313722862e-05,10,0.9038132891160374,0.09618671088396258
2016-01-07,-0.01223432493162392,-0.012311695056543849,0.1547402498398583,7.737012491992915e-05,10,0.941446461044106,0.05855353895589399
2016-01-08,-0.02547157282560071,-0.02549691731335091,0.050688975500392766,2.5344487750196382e-05,10,0.95,0.050000000000000044
2016-01-11,0.003652367787623579,0.0036364224445479265,0.031890686151305137,1.5945343075652567e-05,10,0.9500000000000001,0.04999999999999993
2016-01-12,-0.047805198799544715,-0.04788467692667515,0.15895625426085766,7.947812713042884e-05,10,0.8910437457391439,0.10895625426085609
2016-01-13,0.01822450099997263,0.018180706161028754,0.08758967788775532,4.379483894387766e-05,10,0.9500000000000001,0.04999999999999993
2016-01-14,-0.0807382723789967,-0.08076881893568998,0.06109311338657272,3.054655669328636e-05,10,0.95,0.050000000000000044
2016-01-15,-0.0007571637560999499,-0.0008359460777723222,0.15756464334474435,7.878232167237218e-05,10,0.8924353566552572,0.1075646433447428
2016-01-19,-0.00026099041259747074,-0.0003779660596847035,0.2339512941744655,0.00011697564708723275,10,0.8736133491702788,0.12638665082972123
2016-01-20,-0.022892931109881137,-0.022989261164963262,0.1926601101642511,9.633005508212555e-05,10,0.9337265406654718,0.06627345933452822
2016-01-21,0.027274854522715424,0.027189805314931592,0.1700984155676644,8.504920778383219e-05,10,0.8961750437668655,0.10382495623313448
2016-01-22,-0.008198681415661713,-0.008297959311983683,0.19855579264393797,9.927789632196899e-05,10,0.9052691635891981,0.09473083641080193
2016-01-25,0.0010656237608200362,0.0009784259407751318,0.17439564008980885,8.719782004490443e-05,10,0.9203351963209947,0.0796648036790053
2016-01-26,-0.030756417382604564,-0.03086660106025795,0.2203673553067679,0.00011018367765338395,10,0.8592974483722391,0.1407025516277609
2016-01-27,-0.005461926427100035,-0.005576875345504048,0.22989783680802783,0.00011494891840401392,10,0.9108047148197347,0.08919528518026532
2016-01-28,0.023824500977719595,0.023725808947388505,0.19738406066218123,9.869203033109062e-05,10,0.8918112245180858,0.10818877548191419
2016-01-29,-0.001652075408156063,-0.001715235952251951,0.12632108819177595,6.316054409588799e-05,10,0.9499999999999998,0.050000000000000155
2016-02-01,-0.03502914042565735,-0.03509958104394193,0.1408812365691573,7.044061828457866e-05,10,0.9091187634308445,0.09088123656915548
2016-02-02,0.001126668818177238,0.0010556945736029857,0.14194848914850455,7.097424457425228e-05,10,0.9489327474206527,0.0510672525793473
2016-02-03,0.017687041024385456,0.01765180650171637,0.07046904533817364,3.523452266908682e-05,10,0.9500000000000001,0.04999999999999993
2016-02-04,-0.06475332805737218,-0.06477998964778121,0.05332318081807967,2.6661590409039835e-05,10,0.95,0.050000000000000044
2016-02-05,-0.06833532177554441,-0.06840573662415496,0.14082969722110242,7.041484861055121e-05,10,0.9091703027788993,0.09082969722110068
2016-02-08,0.005904226001283187,0.005838274228626287,0.13190354531380016,6.595177265690008e-05,10,0.9499999999999997,0.050000000000000266
2016-02-09,-0.0025062520242546318,-0.002603147141830047,0.19379023515083058,9.689511757541529e-05,10,0.8562097648491712,0.14379023515082878
2016-02-10,0.0019935758406403083,0.001888812804958782,0.20952607136305246,0.00010476303568152623,10,0.9342641637877779,0.06573583621222212
2016-02-11,0.000903170889174799,0.0008279694809305115,0.15040281648857518,7.520140824428759e-05,10,0.9153330197236486,0.08466698027635144
2016-02-12,0.03450370454456517,0.03435590268013538,0.29560372885958186,0.00014780186442979093,10,0.7890632514167714,0.21093674858322864
2016-02-16,0.038787478957612205,0.038682542569463414,0.2098727762975809,0.00010493638814879045,10,0.9500000000000001,0.04999999999999993
2016-02-17,0.003050647528384213,0.0029323208158320685,0.2366534251042896,0.0001183267125521448,10,0.813346574895712,0.18665342510428795
2016-02-18,0.014551514234109476,0.014380075549415516,0.3428773693879217,0.00017143868469396084,10,0.843776055716368,0.15622394428363195
2016-02-19,0.03389719533932788,0.033788752023573725,0.21688663150831433,0.00010844331575415717,10,0.9393373127753195,0.06066268722468049
2016-02-22,-0.02141458034472534,-0.021523900298319916,0.21863990718915294,0.00010931995359457647,10,0.8420227800355293,0.15797721996447067
2016-02-23,0.024415478776078577,0.024318505938919363,0.19394567431842769,9.697283715921385e-05,10,0.9499999999999998,0.050000000000000155
2016-02-24,0.011070466658136331,0.011039741016973527,0.06145128232560719,3.0725641162803596e-05,10,0.95,0.050000000000000044
2016-02-25,0.0015704418191415407,0.0014889876738820623,0.162908290518957,8.14541452594785e-05,10,0.8870917094810447,0.11290829051895535
2016-02-26,0.003013207647207905,0.0028745607306578285,0.27729383310015276,0.0001386469165500764,10,0.8356144574188042,0.16438554258119575
2016-02-29,0.023646116420060943,0.0235545297845616,0.18317327099868233,9.158663549934117e-05,10,0.9499999999999998,0.050000000000000155
2016-03-01,0.00641189391685658,0.006335092113267677,0.15360360717780727,7.680180358890364e-05,10,0.8963963928221945,0.10360360717780548
2016-03-02,-0.003996352233005328,-0.004095804349488676,0.19890423296669657,9.945211648334829e-05,10,0.9046993742111107,0.09530062578888931
2016-03-03,-0.010826295133035886,-0.010856530273187377,0.06047028030298192,3.023514015149096e-05,10,0.9500000000000001,0.04999999999999993
2016-03-04,0.004205296519154666,0.0040489261162801864,0.31274080574895935,0.00015637040287447968,10,0.7372591942510424,0.26274080574895764
2016-03-07,-0.008866613350012532,-0.009049388313259877,0.3655499264946898,0.00018277496324734492,10,0.8971908792542693,0.10280912074573068
2016-03-08,0.00300686596763976,0.002850966469292076,0.31179899669536765,0.00015589949834768382,10,0.7910101240503646,0.20898987594963536
2016-03-09,-0.00290043035072219,-0.0030519843980330225,0.3031080946216651,0.00015155404731083256,10,0.9058817813279718,0.09411821867202819
2016-03-10,0.00650135545871026,0.006360955531779296,0.28079985386192924,0.0001403999269309646,10,0.8133183648101006,0.18668163518989944
2016-03-11,0.008273910123509826,0.008148333854634511,0.2511525377506303,0.00012557626887531515,10,0.9355290974392709,0.06447090256072907
2016-03-14,-0.010601020616980653,-0.010695299268740605,0.18855730351990357,9.427865175995179e-05,10,0.8759135990408272,0.12408640095917278
2016-03-15,0.020863362683213153,0.02074813082538883,0.23046371564864554,0.00011523185782432277,10,0.893622685310529,0.10637731468947098
2016-03-16,0.015040863847272165,0.014856132889791528,0.36946191496127345,0.00018473095748063674,10,0.7369153997281992,0.2630846002718008
2016-03-17,0.005603487683329602,0.005424187669338949,0.35860002798130486,0.00017930001399065244,10,0.9044845722904976,0.09551542770950239
2016-03-18,-0.0024962882947029766,-0.002628358090724144,0.26413959204233406,0.00013206979602116704,10,0.8313758356671699,0.16862416433283012
2016-03-21,0.0013857681082614921,0.0012507933632584067,0.2699494900061707,0.00013497474500308534,10,0.8986746743266613,0.10132532567333874
2016-03-22,-0.02305391397951532,-0.023151118888127365,0.19440981722409273,9.720490861204636e-05,10,0.906915508449248,0.09308449155075205
2016-03-23,0.006386344109577335,0.006258721204776167,0.2552458096023361,0.00012762290480116805,10,0.8378386819484179,0.16216131805158207
2016-03-24,0.0017504393800767105,0.0016010892563233926,0.2987002475066359,0.00014935012375331795,10,0.8634610705449481,0.13653892945505186
2016-03-28,0.02959487114739789,0.029462212990252885,0.265316314290015,0.0001326581571450075,10,0.8712226151650388,0.12877738483496115
2016-03-29,-0.004810102535245474,-0.004972215619934278,0.32422616937760756,0.0001621130846888038,10,0.8045512154573555,0.19544878454264447
2016-03-30,-0.011952412804364074,-0.012095389970860671,0.2859543329931944,0.00014297716649659719,10,0.909494451549452,0.09050554845054803
2016-03-31,0.005971543636492752,0.005851758648922833,0.23956997513983802,0.00011978498756991901,10,0.850935573310712,0.149064426689288
2016-04-01,-0.022906757518653016,-0.023026153144753182,0.23879125220033093,0.00011939562610016546,10,0.9102731744889588,0.08972682551104116
2016-04-04,0.002186593448121631,0.0020991387092781353,0.1749094776869913,8.745473884349566e-05,10,0.9148173478240514,0.08518265217594856
2016-04-05,0.0076547696794111685,0.0075775809136688485,0.15437753148463998,7.718876574232e-05,10,0.9308051206913103,0.06919487930868973
2016-04-06,-0.00011172058724876372,-0.0001917567613977721,0.16007234829801678,8.00361741490084e-05,10,0.9091225310106748,0.09087746898932525
2016-04-07,0.007551511111232961,0.007435483677804212,0.23205486685749752,0.00011602743342874876,10,0.8588226021318295,0.14117739786817052
2016-04-08,0.01835791854985859,0.018265375723463213,0.18508565279075614,9.254282639537807e-05,10,0.9499999999999998,0.050000000000000155
2016-04-11,0.005481248583334963,0.0053712582624440165,0.21998064178189325,0.00010999032089094662,10,0.8300193582181087,0.16998064178189132
2016-04-12,0.004592321280463929,0.004485899793202595,0.21284297452266634,0.00010642148726133317,10,0.95,0.050000000000000044
2016-04-13,-0.0029780850433772962,-0.0030897608177538304,0.22335154875306784,0.00011167577437653393,10,0.826648451246934,0.17335154875306602
2016-04-14,0.005644391923898449,0.005513587661240853,0.26160852531519174,0.00013080426265759589,10,0.9117430234378759,0.08825697656212406
2016-04-15,0.006159826382129919,0.00613162576007655,0.056401244106738406,2.8200622053369204e-05,10,0.9500000000000001,0.04999999999999993
2016-04-18,0.024902210054145398,0.024867634910092574,0.06915028810564892,3.4575144052824465e-05,10,0.9500000000000002,0.04999999999999982
2016-04-19,-0.010489119296918538,-0.01059894628955226,0.21965398526744562,0.0001098269926337228,10,0.8303460147325559,0.16965398526744413
2016-04-20,-0.0037881182560774943,-0.003931501668773408,0.286766825391827,0.00014338341269591351,10,0.8828871598756186,0.11711284012438139
2016-04-21,-0.014470412738936537,-0.01457161881082935,0.20241214378562458,0.0001012060718928123,10,0.9147006963387583,0.08529930366124172
2016-04-22,0.002230625527140281,0.00208909097509672,0.2830691040871223,0.00014153455204356116,10,0.8022301995741209,0.1977698004258791
2016-04-25,0.003270622939015356,0.0031144526195588233,0.3123406389130655,0.00015617031945653275,10,0.8854291615128151,0.11457083848718486
2016-04-26,0.011182321525740821,0.011090932103399974,0.18277884468169253,9.138942234084627e-05,10,0.9317919938054939,0.06820800619450607
2016-04-27,0.0008379976955882549,0.0007611175769566717,0.15376023726316634,7.688011863158318e-05,10,0.9144477689313414,0.08555223106865861
2016-04-28,-0.003166582727528334,-0.0032563776109771755,0.1795897668976835,8.979488344884175e-05,10,0.9059624641709767,0.0940375358290233
2016-04-29,0.00927880087632271,0.009155063399543044,0.2474749535593327,0.00012373747677966635,10,0.8465625822696922,0.15343741773030783
2016-05-02,-0.0045903395797497444,-0.004704681234363576,0.2286833092276626,0.0001143416546138313,10,0.9247541085026468,0.07524589149735317
2016-05-03,-0.011671617151562091,-0.011788065301533935,0.23289629994368707,0.00011644814997184354,10,0.8423495915536677,0.15765040844633227
2016-05-04,0.010591908733386564,0.01052173941772446,0.14033863132420724,7.016931566210362e-05,10,0.9500000000000001,0.04999999999999993
2016-05-05,0.004024500770403698,0.003948748820232965,0.1515039003414657,7.575195017073285e-05,10,0.8984960996585358,0.10150390034146417
2016-05-06,-0.021028188691603594,-0.021138959300410865,0.22154121761454543,0.00011077060880727271,10,0.8799626827269204,0.12003731727307965
2016-05-09,0.03337288242963655,0.03322874720024969,0.28827045877372054,0.00014413522938686027,10,0.8317668584993607,0.16823314150063928
2016-05-10,0.009563124249701254,0.009373872374706427,0.3785037499896521,0.00018925187499482603,10,0.7897293915109888,0.21027060848901125
2016-05-11,-0.015151692749537501,-0.015285158797539682,0.26693209600436146,0.00013346604800218073,10,0.9433385124846512,0.05666148751534883
2016-05-12,-0.001557428238671962,-0.0016752949634267185,0.2357334495095131,0.00011786672475475656,10,0.8209280380058371,0.17907196199416286
2016-05-13,0.0071688641098394245,0.0070401703389414835,0.2573875417958823,0.00012869377089794114,10,0.9216844201982821,0.07831557980171788
2016-05-16,0.009807035227658249,0.009731499015739917,0.15107242383666386,7.553621191833193e-05,10,0.9272431559650555,0.07275684403494453
2016-05-17,-0.04773617506244043,-0.04783951116623771,0.20667220759456745,0.00010333610379728373,10,0.8660846364403785,0.13391536355962153
2016-05-18,0.0038232457976649457,0.003697494567238369,0.2515024608531534,0.0001257512304265767,10,0.8824129027064694,0.11758709729353056
2016-05-19,0.0034322122074380737,0.0033475896751660027,0.16924506454414218,8.46225322720711e-05,10,0.9483420327493897,0.05165796725061034
2016-05-20,-0.004582847774789567,-0.004616418135839809,0.06714072210048398,3.357036105024199e-05,10,0.9500000000000001,0.04999999999999993
2016-05-23,-0.05100770673075547,-0.05108368176793899,0.15195007436704466,7.597503718352234e-05,10,0.8980499256329568,0.10195007436704318
2016-05-24,0.023605543374613413,0.023527969006756095,0.15514873571463303,7.757436785731652e-05,10,0.9468013386524117,0.05319866134758833
2016-05-25,0.0008131975911835601,0.0007410419005669189,0.14431138123328247,7.215569061664123e-05,10,0.9088872801143073,0.0911127198856927
2016-05-26,-0.036460416793156994,-0.03653172362887931,0.14261367144463213,7.130683572231607e-05,10,0.948499048441062,0.05150095155893797
2016-05-27,0.010624377892672598,0.010550787780678408,0.14718022398838101,7.359011199419051e-05,10,0.9043207275705585,0.09567927242944152
2016-05-31,0.00379720500098117,0.003704302516170186,0.18580496962196819,9.29024848109841e-05,10,0.9098743028074748,0.09012569719252517
2016-06-01,0.013348071293557043,0.013274539591916127,0.14706340328183098,7.353170164091549e-05,10,0.9430622939106955,0.056937706089304485
2016-06-02,0.10388353964598457,0.1038141524229357,0.13877444609774459,6.938722304887229e-05,10,0.9181632599915612,0.08183674000843877
2016-06-03,0.0014968599859458798,0.0014714648816129933,0.05079020866577269,2.5395104332886345e-05,10,0.95,0.050000000000000044
2016-06-06,-0.0187053804525749,-0.018774505495067657,0.13825008498551716,6.912504249275858e-05,10,0.9117499150144843,0.08825008498551568
2016-06-07,0.059651182945724295,0.05958969037580168,0.12298513984521944,6.149256992260973e-05,10,0.95,0.050000000000000044
2016-06-08,0.003999138351293436,0.003965975836553514,0.06632502947984514,3.316251473992257e-05,10,0.95,0.050000000000000044
2016-06-09,-0.026576772309255696,-0.026646988668906798,0.14043271930220114,7.021635965110057e-05,10,0.9095672806978005,0.09043271930219954
2016-06-10,0.0007800639869665098,0.0007357255990656004,0.08867677580181882,4.433838790090941e-05,10,0.95,0.050000000000000044
2016-06-13,-0.016850694803877714,-0.016925826523131807,0.15026343850818785,7.513171925409393e-05,10,0.8997365614918135,0.10026343850818653
2016-06-14,0.043146057783272816,0.043110672612964106,0.0707703406174153,3.538517030870765e-05,10,0.95,0.050000000000000044
2016-06-15,-0.03217426649990029,-0.03224007936130893,0.1316257228172919,6.581286140864595e-05,10,0.9183742771827095,0.08162572281729052
2016-06-16,0.0020300390207093643,0.001983869678733551,0.09233868395162721,4.6169341975813605e-05,10,0.9499999999999998,0.050000000000000155
2016-06-17,0.007436778651130628,0.007330069515344711,0.21341827157183513,0.00010670913578591757,10,0.8365817284281665,0.16341827157183353
2016-06-20,-0.02358688149727626,-0.02366938192352694,0.16500085250136104,8.250042625068052e-05,10,0.9499999999999997,0.050000000000000266
2016-06-21,0.02141210151959696,0.021401917873533797,0.020367292126326306,1.0183646063163153e-05,10,0.95,0.050000000000000044
2016-06-22,0.0008270610785289931,0.0007573116963242898,0.13949876440940673,6.974938220470336e-05,10,0.9105012355905946,0.0894987644094054
2016-06-23,0.029241040022718975,0.02919181524266619,0.09844956010557546,4.922478005278773e-05,10,0.95,0.050000000000000044
2016-06-24,-0.00773911871385456,-0.0077565389163713186,0.03484040503351646,1.7420202516758228e-05,10,0.9499999999999998,0.050000000000000155
2016-06-27,-0.0060176144109452346,-0.006028435607147279,0.021642392404089272,1.0821196202044637e-05,10,0.95,0.050000000000000044
2016-06-28,0.02287041467324299,0.022759095792822284,0.22263776084141593,0.00011131888042070797,10,0.8273622391585854,0.17263776084141458
2016-06-29,0.013314999251560652,0.013222538243474264,0.1849220161727757,9.246100808638785e-05,10,0.9499999999999998,0.050000000000000155
2016-06-30,0.05138405308133508,0.051316202318315865,0.13570152603842292,6.785076301921146e-05,10,0.9142984739615785,0.08570152603842152
2016-07-01,0.011801746153654093,0.011733556718256141,0.1363788707959051,6.818943539795255e-05,10,0.9493226552425176,0.05067734475748242
2016-07-05,0.025914306511600416,0.0258000842525832,0.2284445180344393,0.00011422225901721965,10,0.8222328267230443,0.17776717327695568
2016-07-06,-0.02683441470558919,-0.026968368821817308,0.26790823245624085,0.00013395411622812043,10,0.9098589408207161,0.09014105917928394
2016-07-07,0.039271558373044003,0.0391481656250089,0.2467854960702161,0.00012339274803510806,10,0.843355563109069,0.156644436890931
2016-07-08,0.012523540977726897,0.012358774069333285,0.32953381678722576,0.00016476690839361288,10,0.8271106201037064,0.1728893798962936
2016-07-11,-0.013508044709213792,-0.01362007268083844,0.22405594324929531,0.00011202797162464766,10,0.9488334366469997,0.051166563353000294
2016-07-12,0.028410913239750386,0.028298906369725502,0.22401374004976665,0.00011200687002488333,10,0.8271528233032351,0.17284717669676486
2016-07-13,0.006908500034642056,0.00677852222442239,0.2599556204393329,0.00012997781021966646,10,0.9128915562574332,0.08710844374256677
2016-07-14,-0.004179549536066819,-0.00428938649076258,0.21967390939152298,0.00010983695469576149,10,0.867434534351045,0.132565465648955
2016-07-15,0.01195703269012601,0.011839455519623043,0.23515434100593244,0.00011757717050296623,10,0.8974111246430239,0.10258887535697614
2016-07-18,-0.021661168468793356,-0.021748275797486415,0.17421465738611858,8.71073286930593e-05,10,0.9283742179708588,0.07162578202914116
2016-07-19,-0.06096037824474521,-0.06107338431548344,0.22601214147645055,0.00011300607073822528,10,0.8456136405526918,0.15438635944730816
2016-07-20,0.038173159686974614,0.03810966876128614,0.12698185137694756,6.349092568847378e-05,10,0.9499999999999998,0.050000000000000155
2016-07-21,0.0017603220020875033,0.0016941893448603423,0.13226531445432171,6.613265722716086e-05,10,0.9177346855456796,0.08226531445432039
2016-07-22,-0.023628112639043408,-0.02369735642067658,0.13848756326634531,6.924378163317266e-05,10,0.9437777511879762,0.056222248812023756
2016-07-25,0.03274773022549746,0.03260032492942753,0.29481059213986033,0.00014740529606993016,10,0.7614116566721647,0.2385883433278353
2016-07-26,0.039273076309120296,0.039141329398070454,0.26349382209967703,0.0001317469110498385,10,0.9499999999999998,0.050000000000000155
2016-07-27,0.0046657631014310075,0.004561164190478419,0.209197821905177,0.0001045989109525885,10,0.8408021780948245,0.1591978219051755
2016-07-28,0.025890453632893523,0.025826733162701253,0.1274409403845409,6.372047019227045e-05,10,0.95,0.050000000000000044
2016-07-29,0.010564274058516428,0.01049274505643081,0.1430580041712361,7.152900208561805e-05,10,0.9069419958287653,0.09305800417123467
2016-08-01,0.010838541437755842,0.01074472430809221,0.18763425932726457,9.381712966363229e-05,10,0.9054237448439714,0.09457625515602863
2016-08-02,-0.003044835995423244,-0.003126776290518316,0.16388059019014428,8.194029509507215e-05,10,0.9306956649658856,0.06930433503411437
2016-08-03,0.01658771301191919,0.01648227929368712,0.21086743646413697,0.00010543371823206848,10,0.8584368985699787,0.14156310143002127
2016-08-04,-0.0303658101520484,-0.030421519978482733,0.11141965286866554,5.570982643433277e-05,10,0.9499999999999998,0.050000000000000155
2016-08-05,0.013825058995871824,0.013753433981264872,0.14325002921390176,7.162501460695088e-05,10,0.9067499707860996,0.09325002921390035
2016-08-08,-0.0006839443464829122,-0.0008143655287825141,0.26084236459920385,0.00013042118229960193,10,0.8324076646146976,0.16759233538530238
2016-08-09,-0.0025003976462649987,-0.0025992753763261003,0.19775546012220363,9.887773006110182e-05,10,0.9500000000000001,0.04999999999999993
2016-08-10,-0.0034142278046635933,-0.0035304482376158053,0.2324408659044244,0.0001162204329522122,10,0.817559134095577,0.182440865904423
2016-08-11,-0.013023148281230683,-0.013161234419937799,0.27617227741423345,0.00013808613870711672,10,0.9062685884901911,0.0937314115098089
2016-08-12,0.0048213955046509105,0.0047365737254296,0.1696435584426214,8.48217792213107e-05,10,0.9240878530671889,0.07591214693281112
2016-08-15,-0.018317656994053532,-0.018340292487197422,0.04527098628778299,2.2635493143891495e-05,10,0.95,0.050000000000000044
2016-08-16,-0.01727681806174675,-0.01729589222787703,0.03814833226056076,1.907416613028038e-05,10,0.95,0.050000000000000044
2016-08-17,0.008860608920819222,0.008795991377418069,0.12923508680230633,6.461754340115317e-05,10,0.9207649131976949,0.07923508680230507
2016-08-18,-0.015753534323406766,-0.015878331972074673,0.2495952973358163,0.00012479764866790816,10,0.8296397894664901,0.17036021053350991
2016-08-19,-0.01954191874428704,-0.01965286105281328,0.22188461705247603,0.00011094230852623801,10,0.9484755934810353,0.05152440651896473
2016-08-22,-0.005198312206947676,-0.0052187688940103375,0.040913374125322324,2.045668706266116e-05,10,0.9499999999999998,0.050000000000000155
2016-08-23,-0.05576879336271455,-0.055797887539226744,0.05818835302439233,2.9094176512196166e-05,10,0.95,0.050000000000000044
2016-08-24,0.01607719592265006,0.01600989146187904,0.1346089215420399,6.730446077101995e-05,10,0.9153910784579615,0.08460892154203847
2016-08-25,0.0025455921938001193,0.00245158192003347,0.18802054753329864,9.401027376664933e-05,10,0.896588374008741,0.10341162599125897
2016-08-26,0.01551129833644087,0.015473470076848076,0.0756565191855864,3.78282595927932e-05,10,0.95,0.050000000000000044
2016-08-29,-0.03413334526200296,-0.034199801761352636,0.13291299869934375,6.645649934967188e-05,10,0.9170870013006576,0.08291299869934243
2016-08-30,-0.010911837964966874,-0.010979784967228448,0.13589400452314632,6.794700226157316e-05,10,0.9470189941761973,0.05298100582380272
2016-08-31,0.015143329942159164,0.015074967515506703,0.13672485330492068,6.836242665246034e-05,10,0.9162561525188833,0.08374384748111674
2016-09-01,0.04194930252220496,0.04192281757696277,0.052969890484386065,2.6484945242193033e-05,10,0.95,0.050000000000000044
2016-09-02,0.034963425956862734,0.034896704924626785,0.13344206447189763,6.672103223594881e-05,10,0.9165579355281036,0.0834420644718964
2016-09-06,-0.008684601811362321,-0.008785681098378859,0.20215857403307416,0.00010107928701653708,10,0.8812834904388234,0.11871650956117663
2016-09-07,-0.0164633381719463,-0.016548898874740595,0.17112140558859446,8.556070279429723e-05,10,0.9475951039725833,0.052404896027416714
2016-09-08,-0.0598672882469936,-0.05997743265511386,0.22028881624053795,0.00011014440812026898,10,0.83211607978688,0.16788392021312004
2016-09-09,0.018035799325317067,0.017943624588390987,0.18434947385216224,9.217473692608113e-05,10,0.95,0.050000000000000044
2016-09-12,-0.04958672929723432,-0.04965171300961325,0.1299674247578562,6.49837123789281e-05,10,0.920032575242145,0.07996742475785501
2016-09-13,0.008662179099875694,0.008574000622110282,0.17635695553082528,8.817847776541265e-05,10,0.9036104692270307,0.0963895307729693
2016-09-14,0.010708733356224152,0.01062076481045237,0.17593709154356574,8.796854577178287e-05,10,0.9204524392294046,0.07954756077059544
2016-09-15,-0.013797355583167085,-0.01387716043985763,0.1596097133810932,7.98048566905466e-05,10,0.9199378473895033,0.08006215261049665
2016-09-16,0.0017367144985129424,0.0017028938789761887,0.06764123907350711,3.3820619536753555e-05,10,0.9500000000000001,0.04999999999999993
2016-09-19,0.0038801603131450573,0.0038084735473933886,0.14337353150333784,7.168676575166892e-05,10,0.9066264684966632,0.09337353150333683
2016-09-20,0.03967251085987502,0.03963287011935431,0.07928148104141738,3.964074052070869e-05,10,0.9499999999999997,0.050000000000000266
2016-09-21,-0.0033797673040313657,-0.0034443431697160935,0.1291517313694554,6.45758656847277e-05,10,0.9208482686305457,0.0791517313694543
2016-09-22,-0.010838740910353677,-0.010908639238587994,0.13979665646863498,6.98983282343175e-05,10,0.9393550749008203,0.060644925099179736
2016-09-23,-0.016785948286079978,-0.016873205419287562,0.17451426641516843,8.725713320758421e-05,10,0.8861306586840123,0.1138693413159877
2016-09-26,-0.0001963730497287191,-0.00023193672310546239,0.07112734675348657,3.5563673376743286e-05,10,0.9499999999999997,0.050000000000000266
2016-09-27,0.02837547469306922,0.02835766949554337,0.03561039505170577,1.7805197525852886e-05,10,0.95,0.050000000000000044
2016-09-28,-0.010377435208928846,-0.010392371903158384,0.02987338845907625,1.4936694229538125e-05,10,0.9500000000000001,0.04999999999999993
2016-09-29,-0.004649680335567387,-0.0046927502358689605,0.08613980060314648,4.306990030157324e-05,10,0.9499999999999997,0.050000000000000266
2016-09-30,-0.005265572586660718,-0.00533648105176684,0.14181693021224315,7.090846510612158e-05,10,0.908183069787758,0.09181693021224202
2016-10-03,-0.022633431561943508,-0.022720369215697776,0.17387530750853403,8.693765375426701e-05,10,0.9179416227037089,0.08205837729629106
2016-10-04,-0.00997388841921993,-0.010055675713223168,0.16357458800647534,8.178729400323767e-05,10,0.9184837892898168,0.08151621071018322
2016-10-05,0.0003667783133268135,0.0002913329930404569,0.15089064057271326,7.544532028635663e-05,10,0.9306255701374708,0.06937442986252917
2016-10-06,0.00733047227856698,0.007295327224893601,0.07029010734675678,3.5145053673378394e-05,10,0.9499999999999998,0.050000000000000155
2016-10-07,0.025031219596772555,0.024965199703419247,0.13203978670661837,6.601989335330918e-05,10,0.9179602132933827,0.08203978670661727
2016-10-10,-0.021910853857130288,-0.021998342962810627,0.17497821136067776,8.748910568033889e-05,10,0.9070615753459406,0.09293842465405944
2016-10-11,-0.004586238748203877,-0.004620613895562682,0.06875029471761006,3.437514735880503e-05,10,0.95,0.050000000000000044
2016-10-12,0.005651592002589511,0.005626693815298917,0.04979637458118712,2.4898187290593558e-05,10,0.95,0.050000000000000044
2016-10-13,-0.006470179625434513,-0.006540758629909197,0.14115800894936742,7.057900447468372e-05,10,0.9088419910506335,0.09115800894936654
2016-10-14,0.010688318869150297,0.010603842801400962,0.16895213549867166,8.447606774933583e-05,10,0.9222058734506958,0.07779412654930418
2016-10-17,0.025092316992117836,0.02501772670462882,0.14918057497803008,7.459028748901505e-05,10,0.928613551571275,0.07138644842872499
2016-10-18,0.015012295118443656,0.014941963138718834,0.14066395944964544,7.033197972482271e-05,10,0.9307224889790805,0.0692775110209195
2016-10-19,0.013188536361973887,0.013104516180941316,0.16804036206514417,8.402018103257208e-05,10,0.9012371489557762,0.09876285104422378
2016-10-20,0.00042201681092141475,0.00032893162047687623,0.186170380889077,9.30851904445385e-05,10,0.9125924701551474,0.08740752984485256
2016-10-21,0.007140301666714172,0.007018508375074999,0.2435865832783437,0.00012179329163917186,10,0.8438209465665096,0.15617905343349037
2016-10-24,-0.0028453890925986174,-0.002942177983759931,0.19357778232262707,9.678889116131353e-05,10,0.9499999999999997,0.050000000000000266
2016-10-25,-0.02746701307219507,-0.027484071284504953,0.034116424619763205,1.7058212309881605e-05,10,0.9499999999999997,0.050000000000000266
2016-10-26,-0.02663702015603873,-0.026712359355682447,0.15067839928743332,7.533919964371666e-05,10,0.8993216007125677,0.10067839928743227
2016-10-27,0.001953033886257403,0.0018770532767192192,0.15196121907636784,7.598060953818393e-05,10,0.9487171802110653,0.051282819788934675
2016-10-28,0.004118881543727832,0.004051443482478797,0.13487612249806977,6.743806124903488e-05,10,0.9164066972908659,0.08359330270913412
2016-10-31,-0.005835591573187612,-0.005934738561080872,0.19829397578651903,9.914698789325952e-05,10,0.8852993269226161,0.11470067307738385
2016-11-01,-0.059283211300244484,-0.059353942665277416,0.1414627300658593,7.073136503292965e-05,10,0.95,0.050000000000000044
2016-11-02,-0.03497249667053212,-0.035056128075777564,0.16726281049088354,8.363140524544178e-05,10,0.8827371895091176,0.11726281049088239
2016-11-03,0.0314859664038161,0.03136219104885228,0.2475507099276436,0.0001237753549638218,10,0.8697121005632398,0.13028789943676022
2016-11-04,0.016613094073372473,0.016572626263727627,0.08093561928969495,4.0467809644847474e-05,10,0.9499999999999997,0.050000000000000266
2016-11-07,-0.005715437589614017,-0.005753670922495179,0.07646666576232442,3.823333288116221e-05,10,0.9499999999999998,0.050000000000000155
2016-11-08,0.01059040929523621,0.010520349922959868,0.1401187445526857,7.005937227634285e-05,10,0.9098812554473154,0.09011874455268465
2016-11-09,-0.04995200218316836,-0.049993734904587125,0.08346544283753775,4.173272141876887e-05,10,0.95,0.050000000000000044
2016-11-10,-0.013494153070170755,-0.013534875863088965,0.08144558583642211,4.072279291821106e-05,10,0.9500000000000001,0.04999999999999993
2016-11-11,-0.009154473549817419,-0.009183596867570365,0.05824663550589128,2.9123317752945638e-05,10,0.9499999999999998,0.050000000000000155
2016-11-14,0.01662716074551605,0.016596602049870502,0.061117391291094725,3.0558695645547366e-05,10,0.95,0.050000000000000044
2016-11-15,-0.004861597283497635,-0.0049268181262621885,0.13044168552910734,6.522084276455368e-05,10,0.9195583144708939,0.08044168552910613
2016-11-16,0.01161738667800459,0.011542206494104281,0.15036036780061754,7.518018390030877e-05,10,0.9300813177284897,0.06991868227151032
2016-11-17,-0.0002779115351104317,-0.0003091950380014662,0.062567005782069,3.1283502891034505e-05,10,0.9499999999999998,0.050000000000000155
2016-11-18,0.032375415925613764,0.03229802763338134,0.15477658446484985,7.738829223242493e-05,10,0.8952234155351512,0.10477658446484883
2016-11-21,0.06790179528765797,0.0677559190923807,0.29175239055454366,0.00014587619527727183,10,0.813024193910306,0.186975806089694
2016-11-22,-0.005585992904717142,-0.0057329538028751134,0.293921796315943,0.00014696089815797151,10,0.893054009773752,0.10694599022624796
2016-11-23,0.004074906968318935,0.003965181092382855,0.21945175187216032,0.00010972587593608016,10,0.8874942383540887,0.1125057616459113
2016-11-25,-3.373298136801579e-05,-0.0001434552177113539,0.2194444726866762,0.00010972223634333809,10,0.8930612889592361,0.10693871104076391
2016-11-28,-0.01055866674421114,-0.010664641987445982,0.21195048646968412,0.00010597524323484206,10,0.8949882245710807,0.10501177542891926
2016-11-29,-0.003824192824187852,-0.0039027800044715392,0.15717436056737397,7.858718028368698e-05,10,0.9478374148615463,0.05216258513845373
2016-11-30,-0.05391082957350857,-0.05392469603839776,0.027732929778381384,1.3866464889190692e-05,10,0.9500000000000002,0.04999999999999982
2016-12-01,0.016780915153910614,0.016745253217894527,0.07132387203217366,3.566193601608683e-05,10,0.95,0.050000000000000044
2016-12-02,0.019030423160973295,0.018998313132789133,0.06422005636832238,3.211002818416119e-05,10,0.9499999999999998,0.050000000000000155
2016-12-05,0.02402000070704403,0.02397956268121971,0.08087605164864263,4.0438025824321314e-05,10,0.95,0.050000000000000044
2016-12-06,0.022065744389202252,0.022044399824395006,0.04268912961448801,2.1344564807244005e-05,10,0.95,0.050000000000000044
2016-12-07,-0.00541800490343188,-0.005491854305733544,0.14769880460332904,7.384940230166452e-05,10,0.902301195396672,0.09769880460332803
2016-12-08,-0.04296163296678948,-0.043026073246904946,0.12888056023092256,6.444028011546129e-05,10,0.9500000000000002,0.04999999999999982
2016-12-09,0.012942047312896932,0.012852429861622305,0.1792349025492553,8.961745127462766e-05,10,0.8707650974507457,0.1292349025492543
2016-12-12,-0.03188928226408209,-0.032014926905185,0.2512892822058317,0.00012564464110291585,10,0.8779456203434235,0.1220543796565765
2016-12-13,-0.02206943232520969,-0.022168177594969318,0.197490539519254,9.8745269759627e-05,10,0.9245638401373233,0.07543615986267671
2016-12-14,0.016923873487555672,0.016875566527071933,0.0966139209674794,4.83069604837397e-05,10,0.95,0.050000000000000044
2016-12-15,-0.01679378732743471,-0.016860938286720785,0.13430191857215018,6.715095928607509e-05,10,0.9156980814278507,0.0843019185721493
2016-12-16,-0.019903995764727248,-0.019971496609173446,0.1350016888923964,6.750084444619819e-05,10,0.9493002296797537,0.05069977032024631
2016-12-19,0.019810752124761962,0.019730803055024268,0.1598981394753884,7.994906973769419e-05,10,0.8908016308448587,0.10919836915514125
2016-12-20,-0.002782758045737624,-0.002880019888583921,0.19452368569259398,9.726184284629699e-05,10,0.9146746834625482,0.08532531653745179
2016-12-21,-0.032941926075647776,-0.03302042138157592,0.1569906118562791,7.849530592813955e-05,10,0.9283347046811736,0.07166529531882637
2016-12-22,0.0011244196755782203,0.0009982213225070953,0.25239670614225,0.00012619835307112502,10,0.8192685891765772,0.1807314108234228
2016-12-23,-0.01568337411862647,-0.01581600095946674,0.26525368168054025,0.00013262684084027013,10,0.9154777291428835,0.0845222708571165
2016-12-27,-0.0028688197149985013,-0.002904643298534544,0.07164716707208534,3.582358353604267e-05,10,0.95,0.050000000000000044
2016-12-28,-0.010582509108394055,-0.010652552711608644,0.14008720642918132,7.004360321459066e-05,10,0.9099127935708198,0.09008720642918022
2016-12-29,-0.02123109169657189,-0.021271347585622376,0.0805117781009676,4.02558890504838e-05,10,0.9499999999999997,0.050000000000000266
2016-12-30,0.029058697529709392,0.02902828672311698,0.06082161318482339,3.0410806592411696e-05,10,0.9500000000000002,0.04999999999999982
2017-01-03,0.014641338288276587,0.014611197580186542,0.060281416180090266,3.0140708090045135e-05,10,0.9499999999999997,0.050000000000000266
2017-01-04,0.01276914933106189,0.012695729037991828,0.1468405861401265,7.342029307006325e-05,10,0.9031594138598745,0.09684058614012547
2017-01-05,-0.018296528581384,-0.018386213968458825,0.1793707741496497,8.968538707482485e-05,10,0.9174698119904767,0.08253018800952328
2017-01-06,-0.011600984634747364,-0.011719632043156965,0.2372948168192026,0.0001186474084096013,10,0.8452353711903215,0.15476462880967845
2017-01-09,0.013587126450727809,0.013514950988122582,0.1443509252104551,7.217546260522754e-05,10,0.95,0.050000000000000044
2017-01-10,0.04925384385844701,0.04918380994996803,0.1400678169579661,7.003390847898305e-05,10,0.9099321830420349,0.09006781695796506
2017-01-11,0.026695337604932298,0.026603919453640358,0.18283630258388353,9.141815129194177e-05,10,0.9072315143740826,0.09276848562591744
2017-01-12,0.018763269752753886,0.018684255342851733,0.1580288198043081,7.901440990215406e-05,10,0.9347396658216103,0.06526033417838972
2017-01-13,-0.027584683427776122,-0.027666937269700147,0.1645076838480486,8.22538419240243e-05,10,0.9007526503303421,0.09924734966965787
2017-01-17,0.0025491175963383668,0.002471214185022381,0.15580682263197201,7.790341131598601e-05,10,0.9434405270376869,0.05655947296231312
2017-01-18,-0.010191279338769201,-0.010262320692476576,0.14208270741474868,7.104135370737434e-05,10,0.9144767655475655,0.08552323445243448
2017-01-19,-0.047418200894081386,-0.047467679101708814,0.09895641525484962,4.947820762742481e-05,10,0.9499999999999997,0.050000000000000266
2017-01-20,0.012259610032549472,0.012221453118997373,0.07631382710419894,3.815691355209947e-05,10,0.9500000000000001,0.04999999999999993
2017-01-23,0.04321707996741522,0.04317593098725229,0.08229796032586738,4.114898016293369e-05,10,0.9499999999999998,0.050000000000000155
2017-01-24,0.0021177658207847143,0.0020866786799694464,0.06217428163053562,3.1087140815267814e-05,10,0.9500000000000001,0.04999999999999993
2017-01-25,0.009089767654203466,0.009056857480318994,0.06582034776894355,3.291017388447178e-05,10,0.9499999999999998,0.050000000000000155
2017-01-26,0.008539618474686164,0.008429197001998635,0.22084294537505675,0.00011042147268752838,10,0.8291570546249443,0.17084294537505573
2017-01-27,-0.015565760206394,-0.015671076424467537,0.21063243614707172,0.00010531621807353587,10,0.9499999999999997,0.050000000000000266
2017-01-30,-0.00303868897233805,-0.0031488397502278808,0.22030155577966176,0.00011015077788983089,10,0.8296984442203393,0.17030155577966066
2017-01-31,0.023181708506817115,0.02309109116193586,0.18123468976250662,9.06173448812533e-05,10,0.9500000000000001,0.04999999999999993
2017-02-01,0.018211742817855238,0.018188972732506237,0.04554017069800026,2.277008534900013e-05,10,0.95,0.050000000000000044
2017-02-02,-0.006052045590177757,-0.006079572902144701,0.055054623933888436,2.752731196694422e-05,10,0.9500000000000002,0.04999999999999982
2017-02-03,0.014881276645278144,0.014855458399417534,0.05163649172122102,2.5818245860610512e-05,10,0.9499999999999997,0.050000000000000266
2017-02-06,-0.0023794424477163985,-0.002392307490196327,0.0257300849598565,1.286504247992825e-05,10,0.95,0.050000000000000044
2017-02-07,0.022102190863011788,0.022018912695205978,0.1665563356116192,8.32781678058096e-05,10,0.8834436643883816,0.11655633561161838
2017-02-08,0.026155452082049977,0.026073269711260574,0.16436474157880226,8.218237078940113e-05,10,0.95,0.050000000000000044
2017-02-09,0.004940025554618798,0.0049049164747640974,0.07021815970940141,3.510907985470071e-05,10,0.95,0.050000000000000044
2017-02-10,0.010230035784598102,0.010187396284032873,0.0852790011304573,4.2639500565228654e-05,10,0.95,0.050000000000000044
2017-02-13,-0.00872095614103584,-0.00885969346232608,0.27747464258048055,0.00013873732129024029,10,0.7725253574195203,0.22747464258047967
2017-02-14,-0.0019746176716035923,-0.002115190567300121,0.28114579139305673,0.00014057289569652836,10,0.9463288511874238,0.053671148812576175
2017-02-15,-0.020415248608778785,-0.020485749915338632,0.14100261311969525,7.050130655984762e-05,10,0.9126685356928819,0.08733146430711813
2017-02-16,0.002999613642201549,0.0028974068120913897,0.20441366022031837,0.00010220683011015919,10,0.8829178040868005,0.11708219591319946
2017-02-17,-0.007110984521765144,-0.007243486248700474,0.2650034538706599,0.00013250172693532995,10,0.8520787420425403,0.1479212579574597
2017-02-21,0.0017045286025167323,0.0016167098908500617,0.1756374233333412,8.78187116666706e-05,10,0.95,0.050000000000000044
2017-02-22,-0.007175181521324079,-0.007250287042207407,0.15021104176665728,7.510552088332864e-05,10,0.8997889582333437,0.1002110417666563
2017-02-23,-0.026734912296607315,-0.02682226983384043,0.17471507446623036,8.735753723311518e-05,10,0.9254959673004269,0.07450403269957306
2017-02-24,-0.019776490345946477,-0.01980875473665823,0.0645287814235051,3.226439071175255e-05,10,0.95,0.050000000000000044
2017-02-27,-0.015673240060329923,-0.015687287759822574,0.028095398985299107,1.4047699492649554e-05,10,0.9500000000000001,0.04999999999999993
2017-02-28,0.042248367840295106,0.04218545305048505,0.12582957962010533,6.291478981005266e-05,10,0.9241704203798957,0.07582957962010428
2017-03-01,-0.04769976899407582,-0.04776861188560356,0.13768578305548224,6.884289152774112e-05,10,0.9381437965646231,0.0618562034353769
2017-03-02,0.008736241061606111,0.008589974866600604,0.2925323900110131,0.00014626619500550655,10,0.769323813424365,0.23067618657563504
2017-03-03,-0.007389343721963377,-0.007562723330936127,0.3467592179454998,0.0001733796089727499,10,0.8839169686301364,0.11608303136986364
2017-03-06,-0.01506304132532963,-0.015157383539790691,0.18868442892212045,9.434221446106022e-05,10,0.9273986024477442,0.07260139755225581
2017-03-07,-0.015394153460540443,-0.015420608589383307,0.05291025768572603,2.6455128842863014e-05,10,0.9499999999999997,0.050000000000000266
2017-03-08,-0.007890779823128208,-0.007983517000310083,0.1854743543637474,9.273717718187371e-05,10,0.8645256456362538,0.13547435436374622
2017-03-09,0.0034177135686156144,0.0033208886339495315,0.19364986933216555,9.682493466608278e-05,10,0.9418244850315817,0.05817551496841833
2017-03-10,0.01307289137402751,0.013006879259219692,0.13202422961563848,6.601211480781923e-05,10,0.9261512853527809,0.0738487146472191
2017-03-13,-0.018197923768408186,-0.018271913856670808,0.14798017652524742,7.39900882626237e-05,10,0.9258685381219728,0.07413146187802722
2017-03-14,0.034491491452263094,0.03441429547054736,0.15439196343145803,7.719598171572902e-05,10,0.9197394984465701,0.0802605015534299
2017-03-15,-0.015210427573034408,-0.015256330611269764,0.09180607647071137,4.590303823535569e-05,10,0.9500000000000001,0.04999999999999993
2017-03-16,-0.001095459207966729,-0.0011572674502111234,0.12361648448878909,6.180824224439455e-05,10,0.9263835155112121,0.07361648448878788
2017-03-17,-0.002954373404596139,-0.0030502974304439643,0.19184805169565097,9.592402584782549e-05,10,0.8817684327931381,0.1182315672068619
2017-03-20,-0.03918334084626716,-0.03927532240297326,0.18396311341220145,9.198155670610073e-05,10,0.9342684537946617,0.06573154620533828
2017-03-21,0.01971730039048101,0.01969199432270642,0.050612135549173896,2.530606777458695e-05,10,0.95,0.050000000000000044
2017-03-22,0.004054439571754434,0.003932948260975737,0.24298262155739314,0.00012149131077869658,10,0.8070173784426079,0.1929826215573921
2017-03-23,0.013301182101325089,0.013182228085451976,0.2379080317462263,0.00011895401587311315,10,0.9500000000000002,0.04999999999999982
2017-03-24,0.0045347794595762495,0.004471526025492558,0.12650686816738288,6.325343408369144e-05,10,0.923493131832618,0.07650686816738195
2017-03-27,-0.006476537016133314,-0.006594902205115226,0.23673037796382254,0.00011836518898191128,10,0.8397764902035604,0.16022350979643962
2017-03-28,-0.00011020745538357468,-0.00022383910549350514,0.22726330021986094,0.00011363165010993047,10,0.9329602095765795,0.06703979042342045
2017-03-29,-0.0004177866445878239,-0.0005108267449392972,0.18608020070294676,9.304010035147338e-05,10,0.8809595897204745,0.1190404102795255
2017-03-30,0.01291293019766349,0.012822136762640173,0.1815868700466316,9.07934350233158e-05,10,0.9374535402328948,0.06254645976710516
2017-03-31,-0.004419678667210888,-0.004495997209952424,0.15263708548307303,7.631854274153651e-05,10,0.9099093742840332,0.09009062571596682
2017-04-03,0.022102343817292668,0.02204544967200475,0.11378829057583496,5.689414528791748e-05,10,0.95,0.050000000000000044
2017-04-04,-0.010745077077361212,-0.01080444128126631,0.11872840781019586,5.9364203905097935e-05,10,0.9312715921898052,0.06872840781019485
2017-04-05,-0.006456340461494739,-0.006528154733785821,0.14362854458216406,7.181427229108203e-05,10,0.9250998632280317,0.07490013677196827
2017-04-06,-0.004060292648482444,-0.00408144151140883,0.04229772585277276,2.114886292638638e-05,10,0.9499999999999996,0.05000000000000038
2017-04-07,-0.0015764432055888282,-0.0016392723183527734,0.12565822552789058,6.28291127639453e-05,10,0.9243417744721107,0.07565822552788926
2017-04-10,0.007736976253966847,0.00766231698476291,0.14931853840787448,7.465926920393725e-05,10,0.9263396871200158,0.0736603128799842
2017-04-11,-0.013462466968934774,-0.01353460611742389,0.14427829697823114,7.213914848911557e-05,10,0.9293820159017542,0.07061798409824582
2017-04-12,0.019728528631597693,0.01954984383044167,0.35736960231204573,0.00017868480115602287,10,0.7132483817862012,0.2867516182137988
2017-04-13,0.0036908813896393113,0.0035562987944437,0.269165190391223,0.0001345825951956115,10,0.95,0.050000000000000044
2017-04-17,-0.001469110706206956,-0.0014841253076983251,0.03002920298273809,1.5014601491369045e-05,10,0.9499999999999998,0.050000000000000155
2017-04-18,-0.006569242711796286,-0.006670147605839774,0.2018097880869743,0.00010090489404348716,10,0.848190211913027,0.15180978808697299
2017-04-19,0.001495647837376391,0.0014041913639744664,0.18291294680384929,9.145647340192465e-05,10,0.95,0.050000000000000044
2017-04-20,-0.010811244961025288,-0.010875256882422616,0.1280238427946557,6.401192139732786e-05,10,0.9219761572053453,0.07802384279465469
2017-04-21,0.018979045537517232,0.0188995125087512,0.15906605753205988,7.953302876602994e-05,10,0.9189577852625956,0.08104221473740436
2017-04-24,0.01563981287052249,0.015571919363557432,0.13578701393011633,6.789350696505817e-05,10,0.945255200807289,0.054744799192711024
2017-04-25,-0.007695632698288988,-0.007733902402753291,0.07653940892860531,3.8269704464302657e-05,10,0.9499999999999998,0.050000000000000155
2017-04-26,0.00979399292945178,0.009766981518702915,0.054022821497731355,2.701141074886568e-05,10,0.9500000000000001,0.04999999999999993
2017-04-27,0.0002490761366632752,0.00018129402994581317,0.13556421343492409,6.778210671746204e-05,10,0.914435786565077,0.08556421343492304
2017-04-28,0.01342633331545297,0.013344085842804972,0.1644949452959967,8.224747264799835e-05,10,0.9210692681389274,0.07893073186107258
2017-05-01,-0.03092090464013425,-0.030999527351429714,0.1572454225909278,7.86227112954639e-05,10,0.9216853092701458,0.0783146907298542
2017-05-02,-0.005734109683450925,-0.005806098659564944,0.14397795222804027,7.198897611402014e-05,10,0.9343367385018151,0.06566326149818491
2017-05-03,-0.007962142901282927,-0.007992130581507462,0.05997536044907141,2.9987680224535705e-05,10,0.95,0.050000000000000044
2017-05-04,0.041158768224005195,0.04108242779225191,0.15268086350657853,7.634043175328927e-05,10,0.8973191364934227,0.10268086350657735
2017-05-05,-0.004194948382251111,-0.004258349143448677,0.12680152239513248,6.340076119756624e-05,10,0.95,0.050000000000000044
2017-05-08,0.01873524931763496,0.018714659537606076,0.04117956005776721,2.0589780028883606e-05,10,0.9500000000000001,0.04999999999999993
2017-05-09,0.014651087071623355,0.014580574851105246,0.14102444103621703,7.051222051810851e-05,10,0.9089755589637839,0.0910244410362161
2017-05-10,-0.0069402140985200984,-0.007012978345250259,0.1455284934603212,7.27642467301606e-05,10,0.945495947575896,0.054504052424104055
2017-05-11,0.012830489274682973,0.012756978290922,0.1470219675219438,7.35109837609719e-05,10,0.9074820849021614,0.09251791509783858
2017-05-12,-0.0036692340727051266,-0.0037450159192032274,0.1515636929962017,7.578184649810085e-05,10,0.940954222101638,0.05904577789836196
2017-05-15,0.010763462499248245,0.010682274444895891,0.16237610870470778,8.11880543523539e-05,10,0.8966696691936553,0.10333033080634468
2017-05-16,-0.05282065630268281,-0.052859336489476945,0.07736037358827046,3.868018679413523e-05,10,0.9499999999999998,0.050000000000000155
2017-05-17,-0.026689957039526237,-0.026754427311439587,0.1289405438267031,6.447027191335156e-05,10,0.9210594561732979,0.07894054382670213
2017-05-18,0.008346608828095532,0.008319591970433254,0.05403371532455575,2.7016857662277878e-05,10,0.9500000000000001,0.04999999999999993
2017-05-19,0.006767235526438067,0.0067521490973082195,0.030172858259694846,1.5086429129847423e-05,10,0.95,0.050000000000000044
2017-05-22,-0.0009005280417974891,-0.0009640902977537792,0.12712451191258028,6.356225595629014e-05,10,0.922875488087421,0.07712451191257896
2017-05-23,0.02061648515647884,0.020581987020432478,0.06899627209272736,3.449813604636368e-05,10,0.95,0.050000000000000044
2017-05-24,-0.0003151490236168136,-0.0003396360318750784,0.048974016516529606,2.4487008258264804e-05,10,0.9499999999999998,0.050000000000000155
2017-05-25,0.014922041872669193,0.014907188178964113,0.02970738741016017,1.4853693705080085e-05,10,0.9499999999999998,0.050000000000000155
2017-05-26,-0.013163586039735194,-0.013205816560788118,0.08446104210584818,4.223052105292409e-05,10,0.95,0.050000000000000044
2017-05-30,0.015860685770968205,0.01579224144075936,0.13688866041768422,6.84443302088421e-05,10,0.9131113395823167,0.08688866041768328
2017-05-31,0.003267430864565776,0.0032322240254368203,0.07041367825791181,3.5206839128955904e-05,10,0.9499999999999998,0.050000000000000155
2017-06-01,0.0073982251047537105,0.007292464475204433,0.21152125909855418,0.00010576062954927709,10,0.838478740901447,0.16152125909855297
2017-06-02,-0.01580466867952197,-0.015903842881286316,0.19834840352869262,9.917420176434632e-05,10,0.9499999999999998,0.050000000000000155
2017-06-05,0.008196543415019688,0.008178765057793228,0.03555671445291793,1.7778357226458966e-05,10,0.95,0.050000000000000044
2017-06-06,-0.004116123405301838,-0.0041464152841892265,0.06058375777477637,3.0291878887388186e-05,10,0.9500000000000001,0.04999999999999993
2017-06-07,0.0007105669008862912,0.0006458306456684607,0.12947251043566102,6.473625521783051e-05,10,0.92052748956434,0.07947251043565995
2017-06-08,-0.0436270617061678,-0.04371249780141982,0.17087219050404573,8.543609525202286e-05,10,0.9086003199316154,0.09139968006838461
2017-06-09,-0.011733610770064604,-0.011824976122573865,0.18273070501852265,9.136535250926133e-05,10,0.9086689750498631,0.0913310249501369
2017-06-12,-7.313012216631203e-05,-0.00014283207692780946,0.1394039095229949,6.970195476149744e-05,10,0.95,0.050000000000000044
2017-06-13,-0.0228133838542632,-0.022876598774961888,0.12642984139737132,6.321492069868566e-05,10,0.9235701586026296,0.07642984139737041
2017-06-14,-0.005669165808950081,-0.0057569605454716255,0.1755894730430889,8.779473652154444e-05,10,0.9008403683542825,0.0991596316457175
2017-06-15,0.005044838806712292,0.004927490589743945,0.2346964339366935,0.00011734821696834676,10,0.864463197709025,0.13553680229097498
2017-06-16,0.017543078236791042,0.01738922973585457,0.3076970018729393,0.00015384850093646965,10,0.8278398004180367,0.17216019958196327
2017-06-19,-0.015761660103155776,-0.01591044894220334,0.29757767809512803,0.00014878883904756402,10,0.8745825214868365,0.12541747851316354
2017-06-20,0.02534330612959819,0.025251569196721547,0.1834738657532843,9.173693287664216e-05,10,0.9419436127598804,0.058056387240119633
2017-06-21,0.00274409309233456,0.002650957752876512,0.18627067891609642,9.313533945804821e-05,10,0.8717857083240244,0.12821429167597564
2017-06-22,0.013369451057478344,0.013252784562298156,0.23333299036037752,0.00011666649518018876,10,0.8948813013155993,0.10511869868440071
2017-06-23,-0.022798238492785595,-0.022893324438012622,0.19017189045405053,9.508594522702526e-05,10,0.9149468082303512,0.08505319176964876
2017-06-26,-0.02750915309375677,-0.027591853777167108,0.16540136682067136,8.270068341033568e-05,10,0.9196518249489785,0.08034817505102154
2017-06-27,0.029843410954427912,0.02981485820140741,0.0571055060410031,2.855275302050155e-05,10,0.9499999999999998,0.050000000000000155
2017-06-28,-0.023957390589097516,-0.024025665322450446,0.13654946670585807,6.827473335292903e-05,10,0.913450533294143,0.08654946670585695
2017-06-29,0.009787240050671019,0.009691355544719256,0.1917690119035236,9.58845059517618e-05,10,0.8947804548023345,0.10521954519766552
2017-06-30,-0.005202612946314826,-0.005241449984917556,0.07767407720546063,3.8837038602730314e-05,10,0.9500000000000002,0.04999999999999982
2017-07-03,0.009241507946508007,0.009175919429930086,0.1311770331558416,6.558851657792079e-05,10,0.9188229668441593,0.08117703315584068
2017-07-05,-0.011730671333462797,-0.011756800148133064,0.05225762934053548,2.612881467026774e-05,10,0.9500000000000001,0.04999999999999993
2017-07-06,0.0407525216166696,0.04068817243938598,0.12869835456723472,6.434917728361736e-05,10,0.9213016454327662,0.07869835456723384
2017-07-07,0.013331007655837583,0.0132518574783543,0.15830035496656528,7.915017748328264e-05,10,0.9203979996006696,0.07960200039933041
2017-07-10,0.014781706946438572,0.014760929595722793,0.04155470143155951,2.0777350715779756e-05,10,0.9499999999999997,0.050000000000000266
2017-07-11,0.029532617200470568,0.029462250751836894,0.14073289726734856,7.036644863367427e-05,10,0.9092671027326529,0.09073289726734712
2017-07-12,0.01947019135578114,0.01940240275155029,0.1355772084616973,6.778860423084865e-05,10,0.9499999999999998,0.050000000000000155
2017-07-13,0.019597753055010637,0.01953425423857335,0.12699763287457666,6.349881643728833e-05,10,0.9230023671254246,0.0769976328745754
2017-07-14,-0.006034364477306916,-0.006066454940195728,0.06418092577762544,3.209046288881272e-05,10,0.9499999999999996,0.05000000000000038
2017-07-17,0.016491663918477343,0.01647618114904497,0.030965538864743333,1.5482769432371667e-05,10,0.9499999999999997,0.050000000000000266
2017-07-18,0.007736908097232148,0.007726624365380926,0.02056746370244522,1.028373185122261e-05,10,0.9500000000000001,0.04999999999999993
2017-07-19,-0.011067963442967546,-0.011078115007206154,0.02030312847721387,1.0151564238606934e-05,10,0.9499999999999998,0.050000000000000155
2017-07-20,0.006750373452531345,0.006685149815342111,0.13044727437846845,6.522363718923423e-05,10,0.9195527256215328,0.08044727437846722
2017-07-21,0.024097966113874703,0.02401373480714137,0.16846261346667046,8.423130673333524e-05,10,0.9119846609117979,0.08801533908820214
2017-07-24,-0.012253184976645888,-0.01232373434104542,0.14109872879906532,7.054936439953266e-05,10,0.946916610289138,0.05308338971086202
2017-07-25,0.018275494720900613,0.01817099357343001,0.20900229494120015,0.00010450114747060008,10,0.8440810947696631,0.1559189052303369
2017-07-26,-0.02997778527194778,-0.030056162913020622,0.1567552821456853,7.837764107284265e-05,10,0.95,0.050000000000000044
2017-07-27,-0.0024070324652023284,-0.0024780586526335874,0.14205237486251823,7.102618743125912e-05,10,0.9079476251374831,0.09205237486251694
2017-07-28,-0.011641840048015344,-0.011734769449491495,0.1858588029523015,9.292940147615075e-05,10,0.9061935719102167,0.09380642808978334
2017-07-31,0.007024211997613069,0.006930679941416373,0.18706411239339268,9.353205619669634e-05,10,0.9067423156963919,0.09325768430360815
2017-08-01,-0.028341206761873947,-0.028365268638976506,0.04812375420511697,2.4061877102558486e-05,10,0.95,0.050000000000000044
2017-08-02,0.00044071520437336735,0.0004206133582272736,0.040203692292187496,2.010184614609375e-05,10,0.9500000000000001,0.04999999999999993
2017-08-03,-0.0595630477579621,-0.05958442460631576,0.04275369670731807,2.1376848353659037e-05,10,0.95,0.050000000000000044
2017-08-04,0.026544717753778636,0.026433631590257262,0.22217232704274834,0.00011108616352137418,10,0.8278276729572531,0.17217232704274688
2017-08-07,0.010448951743369813,0.010304862309345362,0.28817886804890197,0.00014408943402445098,10,0.8839934589938463,0.11600654100615371
2017-08-08,-0.006734850226562113,-0.006779033262722762,0.08836607232129728,4.418303616064864e-05,10,0.9500000000000001,0.04999999999999993
2017-08-09,-0.05152455972893212,-0.0515956131303488,0.1421068028333605,7.105340141668025e-05,10,0.9078931971666406,0.09210680283335937
2017-08-10,0.0067007501826212715,0.006662630956667507,0.07623845190753058,3.8119225953765286e-05,10,0.95,0.050000000000000044
2017-08-11,0.032416147357824034,0.03239111486817323,0.05006497930160664,2.503248965080332e-05,10,0.9500000000000002,0.04999999999999982
2017-08-14,-0.0007205647439236299,-0.0007912368914501726,0.14134429505308563,7.067214752654281e-05,10,0.9086557049469156,0.09134429505308439
2017-08-15,-0.008216658418219438,-0.008249185383971843,0.06505393150480895,3.252696575240448e-05,10,0.9499999999999998,0.050000000000000155
2017-08-16,-0.01353639163071852,-0.013640596197599568,0.20840913376209536,0.00010420456688104769,10,0.8415908662379059,0.1584091337620941
2017-08-17,0.002220112747423868,0.0020885426366591135,0.26314022152950856,0.0001315701107647543,10,0.8952689122325865,0.10473108776741347
2017-08-18,-0.010990765730145697,-0.011025905280852713,0.07027910141403268,3.513955070701634e-05,10,0.9499999999999998,0.050000000000000155
2017-08-21,0.020660146380458905,0.020594875396092838,0.1305419687321367,6.527098436606834e-05,10,0.9194580312678645,0.08054196873213548
2017-08-22,0.013515738623107919,0.013448064105850229,0.13534903451538166,6.767451725769084e-05,10,0.9451929342167548,0.054807065783245235
2017-08-23,0.0016270883854975723,0.001560558224939575,0.1330603211159943,6.653016055799716e-05,10,0.9217467446672518,0.07825325533274818
2017-08-24,-0.011832281754253467,-0.011968739151656077,0.2729147948052203,0.00013645739740261015,10,0.8053384605275289,0.1946615394724711
2017-08-25,0.013509672785870891,0.013377402148811118,0.26454127411954775,0.0001322706370597739,10,0.9301202653529246,0.06987973464707542
2017-08-28,0.00609973345748965,0.00602743722730076,0.14459246037778078,7.22962301888904e-05,10,0.9252872742692959,0.07471272573070409
2017-08-29,0.006229738384896004,0.006204329507504695,0.05081775478261822,2.540887739130911e-05,10,0.9499999999999998,0.050000000000000155
2017-08-30,0.0044365814156166064,0.004302282122436462,0.2685985863602881,0.00013429929318014406,10,0.7814014136397132,0.21859858636028684
2017-08-31,0.009561383248388228,0.009411473697388447,0.2998191019995623,0.00014990955099978117,10,0.9187794843607254,0.08122051563927457
2017-09-01,-0.020124987654798112,-0.020234411176315043,0.21884704303386013,0.00010942352151693006,10,0.8623734726054154,0.13762652739458459
2017-09-05,0.00556760544715676,0.005421339374489309,0.2925321453349018,0.0001462660726674509,10,0.8450943820596838,0.1549056179403162
2017-09-06,-0.0036249292486802047,-0.0037335836980723724,0.21730889878433518,0.0001086544493921676,10,0.937596719155982,0.06240328084401803
2017-09-07,-0.0011874456223096852,-0.0013073559630841871,0.2398206815490039,0.00011991034077450196,10,0.8225825992950151,0.1774174007049849
2017-09-08,0.01319938265039059,0.0130881292941785,0.22250671242418074,0.00011125335621209037,10,0.9499999999999998,0.050000000000000155
2017-09-11,-0.00272547376848286,-0.0028011663168997455,0.1513850968337703,7.569254841688515e-05,10,0.8986149031662307,0.10138509683376928
2017-09-12,0.0241170643296843,0.02401355844473752,0.2070117698935649,0.00010350588494678246,10,0.8943733269402053,0.10562667305979467
2017-09-13,-0.0153293583583036,-0.015426541776683927,0.19436683676065478,9.718341838032739e-05,10,0.9112598362991408,0.08874016370085924
2017-09-14,0.00445441459869618,0.004362028954242112,0.18477128890813477,9.238564445406739e-05,10,0.9039688747927253,0.09603112520727475
2017-09-15,0.02710734850866873,0.02696758562588835,0.2795257655607571,0.00013976288278037854,10,0.8165053596465186,0.1834946403534814
2017-09-18,0.019057506238464215,0.018947052007247486,0.22090846243345907,0.00011045423121672954,10,0.9499999999999998,0.050000000000000155
2017-09-19,-0.008490861009420715,-0.008562800093064687,0.14387816728794312,7.193908364397155e-05,10,0.906121832712058,0.09387816728794196
2017-09-20,-0.011859928868288606,-0.01190743881866805,0.09501990075888733,4.750995037944367e-05,10,0.9500000000000001,0.04999999999999993
2017-09-21,-0.006748817298806289,-0.006819488948864212,0.14134330011584806,7.067165005792404e-05,10,0.9086566998841528,0.09134330011584724
2017-09-22,-0.01549127623468179,-0.015585512229337824,0.18847198931206838,9.42359946560342e-05,10,0.9028713108037797,0.09712868919622031
2017-09-25,0.005271578474965578,0.005231177037242397,0.08080287544636287,4.040143772318144e-05,10,0.95,0.050000000000000044
2017-09-26,0.028488023615580085,0.028468074960090167,0.03989731097983941,1.9948655489919704e-05,10,0.95,0.050000000000000044
2017-09-27,0.0014267125118672343,0.0014038585202126406,0.045707983309187544,2.2853991654593774e-05,10,0.9499999999999998,0.050000000000000155
2017-09-28,0.003923983743328618,0.003909268307091285,0.029430872474665817,1.471543623733291e-05,10,0.9500000000000002,0.04999999999999982
2017-09-29,-0.007794341557901315,-0.007867420706989165,0.1461582981757003,7.307914908785016e-05,10,0.9038417018243006,0.09615829817569943
2017-10-02,-0.00028271044099836633,-0.00042150324913339755,0.27758561627006245,0.00013879280813503122,10,0.8185726819056383,0.18142731809436174
2017-10-03,0.00386125407571342,0.0037128785984937695,0.29675095443930083,0.00014837547721965042,10,0.8846763636550621,0.11532363634493792
2017-10-04,-0.01670749010612157,-0.016834026632855117,0.2530730534670984,0.0001265365267335492,10,0.8622505828778408,0.13774941712215916
2017-10-05,-0.013520525590654673,-0.013660041557612536,0.279031933915726,0.000139515966957863,10,0.8587174832064343,0.14128251679356574
2017-10-06,0.02368975469617655,0.023640220119343632,0.0990691536658352,4.95345768329176e-05,10,0.9499999999999998,0.050000000000000155
2017-10-09,-0.012280161903854333,-0.012346353249007938,0.13238269030720934,6.619134515360468e-05,10,0.9176173096927919,0.08238269030720813
2017-10-10,0.0007398336062919543,0.0006546712052099657,0.17032480216397738,8.516240108198869e-05,10,0.9120578881432319,0.08794211185676815
2017-10-11,-0.019994672178402773,-0.020026271451142368,0.06319854547919283,3.159927273959642e-05,10,0.9500000000000001,0.04999999999999993
2017-10-12,-0.007904588643194824,-0.00797478584751648,0.1403944086433111,7.019720432165555e-05,10,0.90960559135669,0.09039440864331005
2017-10-13,0.009791105355261816,0.009702018394125819,0.17817392227199375,8.908696113599688e-05,10,0.9122204863713173,0.08777951362868275
2017-10-16,-0.01458013790640612,-0.014658123034604583,0.15597025639692746,7.798512819846373e-05,10,0.9318092572317562,0.06819074276824377
2017-10-17,0.000811704966020724,0.0007322685072353515,0.15887291757074498,7.943645878537249e-05,10,0.9093178251974998,0.09068217480250018
2017-10-18,-0.005055720683438053,-0.005148126711257604,0.1848120556391029,9.240602781955145e-05,10,0.9058701191633983,0.09412988083660168
2017-10-19,0.0013886594989400444,0.0012981557058249584,0.18100758623017216,9.050379311508608e-05,10,0.9131222946064306,0.08687770539356943
2017-10-20,-0.005314432500507279,-0.005401959594792589,0.17505418857062052,8.752709428531026e-05,10,0.9118235168229499,0.08817648317705007
2017-10-23,0.00608479000906856,0.0059326247646516615,0.30433048883379593,0.00015216524441689797,10,0.7838459943432551,0.21615400565674492
2017-10-24,-0.0004189754666670195,-0.00058888863779238,0.339826342250721,0.00016991317112536052,10,0.8763276634060249,0.12367233659397514
2017-10-25,-0.016491661875634653,-0.01658597711209098,0.18863047291265794,9.431523645632897e-05,10,0.9350418636813183,0.06495813631868175
2017-10-26,0.03383421996154798,0.03375808289133899,0.15227414041798115,7.613707020899058e-05,10,0.9126839959007017,0.0873160040992983
2017-10-27,0.009257959353338154,0.009169433260574272,0.17705218552776258,8.852609276388129e-05,10,0.9102638185715368,0.08973618142846318
2017-10-30,0.009463726448110173,0.009381712980929786,0.1640269343607746,8.20134671803873e-05,10,0.9257092470676896,0.07429075293231036
2017-10-31,-0.024430225629304827,-0.02446249064077047,0.06453002293129184,3.226501146564592e-05,10,0.95,0.050000000000000044
2017-11-01,0.02610974619922884,0.02603838595586796,0.14272048672176535,7.136024336088268e-05,10,0.9072795132782359,0.09272048672176414
2017-11-02,0.004820697086720358,0.004727141690528963,0.18711079238279052,9.355539619139526e-05,10,0.9056096943389746,0.09439030566102535
2017-11-03,-0.017101346977825158,-0.017219374484960817,0.2360550142713217,0.00011802750713566084,10,0.8583352913897045,0.14166470861029545
2017-11-06,-0.01522222244982943,-0.015314780023367296,0.1851151470757319,9.255757353786595e-05,10,0.9499999999999998,0.050000000000000155
2017-11-07,-0.010859845474326554,-0.010935308096936115,0.15092524521912148,7.546262260956074e-05,10,0.8990747547808795,0.1009252452191205
2017-11-08,0.009283522910445697,0.0091920156247449,0.18301457140159544,9.150728570079773e-05,10,0.9179106738175259,0.08208932618247411
2017-11-09,0.033125927300963996,0.03302200705686024,0.20784048820751289,0.00010392024410375645,10,0.8742488379749621,0.1257511620250379
2017-11-10,-0.026927367870463258,-0.027037939431866963,0.22114312280740864,0.00011057156140370432,10,0.9046080392176302,0.09539196078236978
2017-11-13,-0.025681584629457396,-0.02579982892956496,0.2364886002151263,0.00011824430010756315,10,0.8589033605672445,0.14109663943275552
2017-11-14,0.011911559711014444,0.011834765192226676,0.1535890375755365,7.679451878776825e-05,10,0.9500000000000001,0.04999999999999993
2017-11-15,0.0755528648475174,0.07552734882412751,0.051032046779793575,2.5516023389896788e-05,10,0.95,0.050000000000000044
2017-11-16,-0.009932259825597532,-0.010005393035286103,0.14626641937714374,7.313320968857188e-05,10,0.9037335806228574,0.09626641937714264
2017-11-17,0.014520336284909677,0.014472617582924396,0.09543740397056215,4.7718701985281074e-05,10,0.9499999999999998,0.050000000000000155
2017-11-20,-0.002581099535827203,-0.0026035738842688123,0.04494869688321913,2.2474348441609566e-05,10,0.9499999999999998,0.050000000000000155
2017-11-21,0.006720434357223965,0.0066914188527160195,0.05803100901589031,2.9015504507945155e-05,10,0.95,0.050000000000000044
2017-11-22,-0.004203914625449818,-0.004219937555397855,0.03204585989607471,1.6022929948037355e-05,10,0.9499999999999996,0.05000000000000038
2017-11-24,-0.011016632432841015,-0.01108563289339787,0.1380009211137089,6.900046055685445e-05,10,0.9119990788862925,0.0880009211137075
2017-11-27,0.008251217136655397,0.008214822373099843,0.07278952711110817,3.639476355555409e-05,10,0.9500000000000001,0.04999999999999993
2017-11-28,-0.023974115464256183,-0.024049555845816046,0.15088076311972948,7.544038155986474e-05,10,0.8991192368802716,0.10088076311972838
2017-11-29,0.02176542975771072,0.021728792448806388,0.07327461780866448,3.6637308904332244e-05,10,0.9499999999999998,0.050000000000000155
2017-11-30,-0.006754165736292372,-0.006831835227348081,0.15533898211141775,7.766949105570888e-05,10,0.8946610178885832,0.10533898211141679
2017-12-01,-0.03165342037847034,-0.03175416570522062,0.201490653500551,0.0001007453267502755,10,0.9038483286108667,0.09615167138913328
2017-12-04,-0.011880192245563848,-0.011972419566936975,0.18445464274625128,9.222732137312564e-05,10,0.9116970286428832,0.08830297135711684
2017-12-05,0.08256344182715078,0.08247399471499368,0.17889422431417742,8.944711215708871e-05,10,0.9094087470429406,0.09059125295705939
2017-12-06,0.016861561242915532,0.016767148385288345,0.1888257152543732,9.44128576271866e-05,10,0.9017655377026874,0.09823446229731259
2017-12-07,0.007171468265042319,0.0070896273256235535,0.1636818788375303,8.184093941876515e-05,10,0.9345525834597834,0.06544741654021657
2017-12-08,-0.02149432872275829,-0.021568669737973657,0.14868203043072994,7.434101521536498e-05,10,0.9167653861094877,0.08323461389051234
2017-12-11,-0.013476979604337042,-0.013555056286301435,0.15615336392878643,7.807668196439322e-05,10,0.9270812499617269,0.07291875003827308
2017-12-12,0.012226273476725894,0.012149774698979246,0.15299755549329425,7.649877774664713e-05,10,0.9199211945449799,0.08007880545502011
2017-12-13,-0.011023270867872576,-0.011142370591969078,0.23819944819300537,0.0001190997240965027,10,0.8418793572620158,0.1581206427379842
2017-12-14,0.014675705609125369,0.014547184645545093,0.25704192716055196,0.00012852096358027598,10,0.9010787155774331,0.09892128442256687
2017-12-15,-0.0034767714078027673,-0.0035654002993571856,0.17725778310883666,8.862889155441834e-05,10,0.9216635013137311,0.07833649868626891
2017-12-18,0.004224838221587167,0.004093381447171513,0.26291354883130896,0.0001314567744156545,10,0.8154229498549609,0.1845770501450391
2017-12-19,0.0157400250515758,0.015607519868673678,0.26501036580424303,0.00013250518290212153,10,0.9195666843407969,0.08043331565920309
2017-12-20,0.00022883407661242026,0.00014709569606382222,0.16347676109719605,8.173838054859803e-05,10,0.9169565545620078,0.08304344543799225
2017-12-21,0.02546990653580503,0.02537864009114287,0.18253288932431905,9.126644466215953e-05,10,0.9005105561136739,0.09948944388632608
2017-12-22,0.00419711380193013,0.004065152059121914,0.26392348561643175,0.0001319617428082159,10,0.8355659582698951,0.1644340417301049
2017-12-26,0.0018120269829980905,0.0016755196471166308,0.2730146717629195,0.00013650733588145976,10,0.8914193699671862,0.10858063003281382
2017-12-27,0.010565431203880336,0.010399420421889015,0.3320215639826425,0.00016601078199132124,10,0.7765590660501721,0.2234409339498279
2017-12-28,-0.018769462536794047,-0.01894047278633541,0.3420204990827238,0.00017101024954136192,10,0.881420434867105,0.11857956513289503
2017-12-29,0.023496213929329123,0.023407656042296485,0.17711577406527734,8.855788703263868e-05,10,0.9414637910676186,0.05853620893238143
2018-01-02,0.015822343973348512,0.0158019042088611,0.04087952897482361,2.0439764487411806e-05,10,0.95,0.050000000000000044
2018-01-03,-0.0064380515498126244,-0.0065056469372624685,0.13519077489968767,6.759538744984383e-05,10,0.9148092251003132,0.08519077489968685
2018-01-04,-0.0018468605598399145,-0.001957678118516383,0.22163511735293695,0.00011081755867646848,10,0.8635556575467507,0.13644434245324932
2018-01-05,-0.028830294420423206,-0.028897114089004004,0.13363933716159693,6.681966858079847e-05,10,0.9499999999999998,0.050000000000000155
2018-01-08,0.051712220918109786,0.05156238394134306,0.2996739535334434,0.0001498369767667217,10,0.7503260464665575,0.24967395353344246
2018-01-09,0.009442390645158519,0.009268847488776533,0.3470863127639704,0.0001735431563819852,10,0.9025876407694728,0.09741235923052716
2018-01-10,0.021635535028698475,0.021602443324374086,0.06618340864878114,3.309170432439057e-05,10,0.95,0.050000000000000044
2018-01-11,0.029979298821175216,0.029905709236085164,0.14717917018010096,7.358958509005048e-05,10,0.9028208298199,0.09717917018010003
2018-01-12,-0.04015925465718477,-0.040198032621811146,0.07755592925275671,3.877796462637836e-05,10,0.9500000000000001,0.04999999999999993
2018-01-16,0.028134504713343736,0.02807063504229856,0.12773934209034807,6.386967104517404e-05,10,0.9222606579096525,0.0777393420903475
2018-01-17,0.02653342190900792,0.026499797749960544,0.06724831809475335,3.362415904737667e-05,10,0.95,0.050000000000000044
2018-01-18,0.02455330837278306,0.024486669822907547,0.133277099751028,6.6638549875514e-05,10,0.9167229002489728,0.08327709975102715
2018-01-19,0.031239074492221467,0.031203347141582242,0.07145470127845002,3.572735063922501e-05,10,0.95,0.050000000000000044
2018-01-22,0.006425030853068939,0.006354497844914462,0.14106601630895538,7.053300815447769e-05,10,0.9089339836910455,0.0910660163089545
2018-01-23,-0.004955573068133373,-0.005034028820788656,0.15691150531056747,7.845575265528374e-05,10,0.934154510998388,0.06584548900161202
2018-01-24,0.0009071753139371225,0.0008890596195653718,0.036231388743501465,1.8115694371750733e-05,10,0.9500000000000001,0.04999999999999993
2018-01-25,-0.00890071981610336,-0.008965954783024279,0.1304699338418391,6.523496692091956e-05,10,0.9195300661581617,0.08046993384183831
2018-01-26,0.012931700176304186,0.012861138216741275,0.14112391912582178,7.056195956291089e-05,10,0.9393460147160173,0.06065398528398269
2018-01-29,0.0035621775332453642,0.0035439190950386818,0.03651687641336534,1.8258438206682668e-05,10,0.9499999999999998,0.050000000000000155
2018-01-30,0.014831821412092206,0.014812866894588437,0.03790903500753642,1.895451750376821e-05,10,0.9499999999999998,0.050000000000000155
2018-01-31,0.01894880132488536,0.018936847465081216,0.023907719608287872,1.1953859804143936e-05,10,0.9499999999999998,0.050000000000000155
2018-02-01,-0.013907448244877937,-0.013972059303564146,0.12922211737241743,6.461105868620872e-05,10,0.9207778826275834,0.07922211737241658
2018-02-02,-0.03633816941385535,-0.03639591217618842,0.11548552466614725,5.774276233307363e-05,10,0.95,0.050000000000000044
2018-02-05,0.02237477833811258,0.02231619949747449,0.11715768127618255,5.8578840638091276e-05,10,0.9328423187238184,0.0671576812761816
2018-02-06,-0.004735253720024534,-0.004811374038952568,0.1522406378560674,7.61203189280337e-05,10,0.914917043420115,0.08508295657988496
2018-02-07,-0.056744071118493986,-0.05685921305355418,0.23028387012039345,0.00011514193506019673,10,0.8547990864594923,0.14520091354050768
2018-02-08,-0.00992338574294552,-0.010027442162741007,0.20811283959097643,0.00010405641979548821,10,0.9370880739495319,0.06291192605046814
2018-02-09,0.03983286791987491,0.03976833773658754,0.12906036657473974,6.453018328736987e-05,10,0.933851559475729,0.06614844052427105
2018-02-12,-0.005066451502778124,-0.005163681105670321,0.1944592057843945,9.722960289219725e-05,10,0.8716892347398771,0.12831076526012286
2018-02-13,0.03324536778213934,0.03319693157854842,0.09687240718182533,4.8436203590912665e-05,10,0.9499999999999998,0.050000000000000155
2018-02-14,0.013259798300772561,0.013239100986055378,0.041394629434364366,2.0697314717182184e-05,10,0.95,0.050000000000000044
2018-02-15,0.011447554974036833,0.011382300168901896,0.13050961026987296,6.525480513493647e-05,10,0.919490389730128,0.08050961026987202
2018-02-16,-0.010442835100829564,-0.010479394738262994,0.0731192748668575,3.6559637433428754e-05,10,0.9500000000000002,0.04999999999999982
2018-02-20,0.008562191824133867,0.00849151299728123,0.1413576537052773,7.067882685263866e-05,10,0.9086423462947233,0.09135765370527671
2018-02-21,0.0018839335921202868,0.0018548962412246513,0.05807470179127084,2.903735089563542e-05,10,0.95,0.050000000000000044
2018-02-22,0.010106262171154214,0.010045235568257831,0.12205320579276485,6.102660289638243e-05,10,0.9279467942072359,0.07205320579276409
2018-02-23,0.013909777741661456,0.013888762743919668,0.042029995483575916,2.1014997741787958e-05,10,0.9499999999999998,0.050000000000000155
2018-02-26,-0.027052991210618146,-0.0270714331796541,0.03688393807190412,1.8441969035952062e-05,10,0.9499999999999997,0.050000000000000266
2018-02-27,-0.017219277943204624,-0.01722966372685787,0.020771567306496423,1.0385783653248212e-05,10,0.9499999999999998,0.050000000000000155
2018-02-28,-0.009831979530052834,-0.009850697964195809,0.037436868285947375,1.871843414297369e-05,10,0.9499999999999997,0.050000000000000266
2018-03-01,0.053055367114129615,0.05302068473531417,0.06936475763089196,3.468237881544598e-05,10,0.9500000000000001,0.04999999999999993
2018-03-02,0.020216096295748838,0.020181951494974707,0.06828960154825887,3.414480077412944e-05,10,0.9500000000000001,0.04999999999999993
2018-03-05,-0.007685903084658463,-0.007704020051539059,0.036233933761190905,1.8116966880595452e-05,10,0.9500000000000001,0.04999999999999993
2018-03-06,0.00880162487420532,0.008740557419605941,0.12213490919875597,6.106745459937799e-05,10,0.9278650908012449,0.07213490919875509
2018-03-07,0.006962409097682029,0.006907302702858802,0.11021278964645416,5.510639482322708e-05,10,0.9499999999999997,0.050000000000000266
2018-03-08,0.03916242734144252,0.039132779091550864,0.05929649978330694,2.9648249891653473e-05,10,0.9500000000000001,0.04999999999999993
2018-03-09,0.0012312163929753097,0.0012120227367090057,0.03838731253260774,1.919365626630387e-05,10,0.9499999999999998,0.050000000000000155
2018-03-12,-0.03472070738791114,-0.034796551990077404,0.15168920433253907,7.584460216626954e-05,10,0.8983107956674617,0.10168920433253825
2018-03-13,-0.01614243711638784,-0.01620420725475392,0.12354027673216061,6.177013836608031e-05,10,0.9500000000000001,0.04999999999999993
2018-03-14,-0.02195599190489727,-0.02201151352383978,0.1110432378850251,5.552161894251255e-05,10,0.9389567621149758,0.06104323788502419
2018-03-15,0.0028865536490405505,0.002807659905804047,0.15778748647300705,7.889374323650353e-05,10,0.9032557514120181,0.09674424858798192
2018-03-16,0.01697938345240643,0.016885536773970967,0.18769335687092703,9.384667843546351e-05,10,0.9090508917170557,0.09094910828294434
2018-03-19,0.007118284625403887,0.0070349138982865175,0.16674145423473935,8.337072711736967e-05,10,0.9242076540482059,0.07579234595179407
2018-03-20,0.002345825572540525,0.0022998700133516686,0.09191111837771293,4.5955559188856464e-05,10,0.9499999999999998,0.050000000000000155
2018-03-21,-0.03701711169286863,-0.037031850172211056,0.02947695868485132,1.473847934242566e-05,10,0.95,0.050000000000000044
2018-03-22,0.0011227413503812295,0.0010649282599063203,0.11562618094981841,5.7813090474909205e-05,10,0.9343738190501826,0.06562618094981743
2018-03-23,0.018127545805996747,0.018068416206976516,0.11825919804045834,5.9129599020229174e-05,10,0.94736698290936,0.052633017090640055
2018-03-26,-0.052499458761521386,-0.052526502080471466,0.05408663790015641,2.7043318950078203e-05,10,0.9499999999999997,0.050000000000000266
2018-03-27,-0.003026730219002056,-0.0030549254018779437,0.056390365751774855,2.8195182875887428e-05,10,0.9500000000000001,0.04999999999999993
2018-03-28,0.040069926152470896,0.04005826925707983,0.023313790782138126,1.1656895391069064e-05,10,0.95,0.050000000000000044
2018-03-29,-0.044697450949722065,-0.04471940004262306,0.04389818580198884,2.1949092900994422e-05,10,0.9500000000000001,0.04999999999999993
2018-04-02,-0.0075470459326558844,-0.0075653082969263504,0.036524728540931674,1.8262364270465838e-05,10,0.9499999999999997,0.050000000000000266
2018-04-03,0.020887558390156397,0.020864225117300655,0.04666654571148316,2.333327285574158e-05,10,0.95,0.050000000000000044
2018-04-04,-0.01838923812073543,-0.018451228371715252,0.1239805019596456,6.19902509798228e-05,10,0.9260194980403554,0.07398050195964456
2018-04-05,-0.0415089576491153,-0.04153635411030606,0.054792922381518436,2.7396461190759217e-05,10,0.9499999999999997,0.050000000000000266
2018-04-06,0.041803116997109833,0.041783851721672385,0.03853055087489256,1.9265275437446278e-05,10,0.9499999999999997,0.050000000000000266
2018-04-09,0.029666771907971692,0.02959685263118037,0.13983855358264796,6.991927679132398e-05,10,0.910161446417353,0.08983855358264703
2018-04-10,0.0024052710771483967,0.0023720435866526066,0.06645498099158034,3.322749049579017e-05,10,0.95,0.050000000000000044
2018-04-11,0.031088690900515997,0.031028597820782794,0.12018615946640834,6.009307973320417e-05,10,0.9298138405335928,0.07018615946640716
2018-04-12,-0.013425436787637832,-0.013503424098708715,0.15597462214176536,7.798731107088269e-05,10,0.9142115373246428,0.08578846267535722
2018-04-13,-0.018274819563376652,-0.018361466630712524,0.17329413467174623,8.664706733587312e-05,10,0.9124943280036119,0.08750567199638815
2018-04-16,0.022698814643526157,0.022614338256790496,0.16895277347132143,8.447638673566072e-05,10,0.9185528985250676,0.08144710147493239
2018-04-17,-0.00035472226452431914,-0.00037859768444275556,0.04775083983687289,2.3875419918436443e-05,10,0.9499999999999997,0.050000000000000266
2018-04-18,-0.009633950922854349,-0.009652438826934366,0.03697580816003491,1.8487904080017455e-05,10,0.9499999999999997,0.050000000000000266
2018-04-19,-0.002159398472917122,-0.0022231004632781233,0.12740398072200237,6.37019903610012e-05,10,0.9225960192779987,0.07740398072200128
2018-04-20,-0.014754959320723848,-0.014783367840486847,0.05681703952599691,2.8408519762998456e-05,10,0.9500000000000001,0.04999999999999993
2018-04-23,-0.029636599747641695,-0.029658519170804747,0.043838846326104026,2.1919423163052015e-05,10,0.9499999999999998,0.050000000000000155
2018-04-24,0.008455527991420787,0.008441017394940624,0.02902119296032707,1.4510596480163535e-05,10,0.9499999999999997,0.050000000000000266
2018-04-25,0.025260126616631233,0.025244804347544742,0.030644538172983467,1.5322269086491733e-05,10,0.9500000000000003,0.04999999999999971
2018-04-26,0.0029386568420419895,0.0028702708485284925,0.136771987026994,6.838599351349701e-05,10,0.9132280129730068,0.08677198702699318
2018-04-27,-0.01634492599105409,-0.016406204568480562,0.12255715485294498,6.127857742647249e-05,10,0.9500000000000002,0.04999999999999982
2018-04-30,0.007230246294496972,0.007209815832991294,0.04086092301135737,2.0430461505678683e-05,10,0.9499999999999998,0.050000000000000155
2018-05-01,0.03802816659482872,0.03801353851380609,0.029256162045266508,1.4628081022633255e-05,10,0.95,0.050000000000000044
2018-05-02,-0.005141729047137177,-0.005157849105263142,0.03224011625192857,1.6120058125964286e-05,10,0.9500000000000001,0.04999999999999993
2018-05-03,-0.010218092290823752,-0.010233781491428194,0.03137840120888563,1.5689200604442815e-05,10,0.95,0.050000000000000044
2018-05-04,0.021521096396091986,0.02149796272390142,0.04626734438112775,2.3133672190563875e-05,10,0.95,0.050000000000000044
2018-05-07,-0.0026080527249368103,-0.002625449864129361,0.03479427838510139,1.7397139192550697e-05,10,0.95,0.050000000000000044
2018-05-08,0.024127249573107093,0.024058064767239953,0.13836961173427825,6.918480586713913e-05,10,0.9116303882657227,0.08836961173427726
2018-05-09,0.008441525769547242,0.008360970968693154,0.1611096017081742,8.055480085408711e-05,10,0.9272600100261041,0.07273998997389586
2018-05-10,0.02526535448295371,0.025231592121129725,0.06752472364796511,3.376236182398255e-05,10,0.95,0.050000000000000044
2018-05-11,0.03298455979651657,0.0329578366059361,0.05344638116094554,2.672319058047277e-05,10,0.9500000000000002,0.04999999999999982
2018-05-14,0.005993852472272041,0.005936496983785737,0.11471097697260713,5.735548848630357e-05,10,0.9352890230273938,0.0647109769726062
2018-05-15,0.00490131716508599,0.004879275030048334,0.04408427007531058,2.204213503765529e-05,10,0.95,0.050000000000000044
2018-05-16,0.005774747624405295,0.005759925588519355,0.029644071771880907,1.4822035885940454e-05,10,0.9499999999999998,0.050000000000000155
2018-05-17,0.018730136408382624,0.018700188096029323,0.05989662470660397,2.9948312353301988e-05,10,0.9500000000000001,0.04999999999999993
2018-05-18,-0.01230796061660464,-0.012382692064593985,0.149462895978691,7.47314479893455e-05,10,0.9005371040213099,0.09946289597869007
2018-05-21,0.0014374632143413885,0.0014001597409089108,0.07460694686495549,3.730347343247774e-05,10,0.95,0.050000000000000044
2018-05-22,0.012675231597552466,0.012614060646823883,0.12234190145716782,6.117095072858391e-05,10,0.9276580985428332,0.07234190145716679
2018-05-23,0.007677786057809016,0.0076413909463792454,0.07279022285954174,3.6395111429770873e-05,10,0.9499999999999997,0.050000000000000266
2018-05-24,0.014171469009150835,0.01414792447997046,0.04708905836075121,2.3544529180375606e-05,10,0.9499999999999998,0.050000000000000155
2018-05-25,-0.004007979469191157,-0.004025034864038464,0.034110789694614764,1.7055394847307382e-05,10,0.95,0.050000000000000044
2018-05-29,0.00953577249007656,0.009525633112124001,0.020278755905116644,1.0139377952558323e-05,10,0.9499999999999997,0.050000000000000266
2018-05-30,0.19904209653686766,0.19902400347262714,0.03618612848105511,1.8093064240527554e-05,10,0.9499999999999997,0.050000000000000266
2018-05-31,0.015746131097970316,0.015715275862922554,0.06171047009552731,3.085523504776366e-05,10,0.9500000000000001,0.04999999999999993
2018-06-01,-0.04818563455653805,-0.04820387643616578,0.03648375925545577,1.8241879627727886e-05,10,0.95,0.050000000000000044
2018-06-04,0.01923934659560814,0.019226006912610737,0.026679365994802397,1.3339682997401198e-05,10,0.9500000000000001,0.04999999999999993
2018-06-05,0.009116521323828522,0.009098937910424956,0.03516682680713347,1.7583413403566734e-05,10,0.9500000000000001,0.04999999999999993
2018-06-06,0.010892768876749028,0.010875591238166353,0.03435527716534923,1.7177638582674615e-05,10,0.95,0.050000000000000044
2018-06-07,0.0024339078994012097,0.002421062350339931,0.025691098122557328,1.2845549061278665e-05,10,0.9499999999999998,0.050000000000000155
2018-06-08,-0.018915288351694245,-0.018979846396918486,0.12911609044848282,6.455804522424141e-05,10,0.9208839095515182,0.07911609044848178
2018-06-11,0.006839747688406526,0.006773777310421798,0.1319407559694556,6.59703779847278e-05,10,0.9471753344790271,0.05282466552097287
2018-06-12,0.047523884197826265,0.047460203537400464,0.1273613208515984,6.36806604257992e-05,10,0.9254633446693754,0.07453665533062459
2018-06-13,0.018846658901434325,0.0187810813431536,0.13115511656144785,6.557755828072392e-05,10,0.9433815387691777,0.05661846123082226
2018-06-14,-0.02760081593904002,-0.027614846575765958,0.02806127345187332,1.4030636725936661e-05,10,0.9499999999999998,0.050000000000000155
2018-06-15,0.03970307503088737,0.039689296510709585,0.02755704035557919,1.3778520177789595e-05,10,0.9500000000000001,0.04999999999999993
2018-06-18,0.006800527498036651,0.0067690758518794926,0.06290329231431607,3.1451646157158034e-05,10,0.9500000000000002,0.04999999999999982
2018-06-19,5.603750950251493e-06,-5.647166898948533e-05,0.12415083987947365,6.207541993973682e-05,10,0.9258491601205272,0.0741508398794728
2018-06-20,-0.009241630655472684,-0.009291631018142453,0.10000072533953816,5.000036266976908e-05,10,0.95,0.050000000000000044
2018-06-21,0.00023107901065102577,0.00017109028805021664,0.11997744520161822,5.998872260080911e-05,10,0.9300225547983827,0.0699774452016173
2018-06-22,-0.01865622196624365,-0.01867324260862419,0.03404128476107293,1.7020642380536466e-05,10,0.9500000000000001,0.04999999999999993
2018-06-25,0.012612018358310974,0.012588892000993253,0.04625271463544154,2.312635731772077e-05,10,0.9499999999999998,0.050000000000000155
2018-06-26,-0.04407977212700199,-0.04413663489795318,0.1137255419023736,5.686277095118681e-05,10,0.9362744580976274,0.06372554190237256
2018-06-27,0.014491303582232442,0.014429766765684799,0.123073633095286,6.1536816547643e-05,10,0.9406519088070877,0.05934809119291229
2018-06-28,0.006341798779901313,0.006321884502311533,0.03982855517955936,1.991427758977968e-05,10,0.9499999999999998,0.050000000000000155
2018-06-29,0.02512615067333553,0.025033064287761184,0.186172771148689,9.30863855743445e-05,10,0.863827228851312,0.13617277114868798
2018-07-02,0.008022441147452085,0.007962965501668121,0.11895129156792768,5.947564578396384e-05,10,0.9500000000000002,0.04999999999999982
2018-07-03,0.01096302055093739,0.010899168771886333,0.1277035581021144,6.38517790510572e-05,10,0.9222964418978865,0.07770355810211349
2018-07-05,0.016328014969080495,0.016300855605441037,0.05431872727891497,2.7159363639457486e-05,10,0.95,0.050000000000000044
2018-07-06,0.01427784222125503,0.01422269161735439,0.1103012078012785,5.515060390063925e-05,10,0.9396987921987225,0.06030120780127746
2018-07-09,-0.021563808964258944,-0.02162558289114889,0.1235478537798968,6.17739268899484e-05,10,0.9367533540213816,0.0632466459786184
2018-07-10,0.0004988600856951467,0.0004787741412523219,0.04017188888564954,2.0085944442824773e-05,10,0.95,0.050000000000000044
2018-07-11,0.0004604570737839675,0.00038655503524226946,0.14780407708339607,7.390203854169804e-05,10,0.9021959229166048,0.09780407708339522
2018-07-12,0.009097715360591955,0.0090446986102897,0.10603350060451122,5.301675030225561e-05,10,0.95,0.050000000000000044
2018-07-13,-0.020852732636262864,-0.020896429026377693,0.08739278022965602,4.369639011482801e-05,10,0.95,0.050000000000000044
2018-07-16,0.015269583469569309,0.015215555003117399,0.10805693290381808,5.4028466451909045e-05,10,0.9419430670961828,0.05805693290381719
2018-07-17,-0.0019150364299705418,-0.0019721423112001994,0.11421176245931479,5.71058812296574e-05,10,0.9438451704445032,0.05615482955549678
2018-07-18,0.005013779387080282,0.00498124254565716,0.06507368284624351,3.253684142312176e-05,10,0.9499999999999997,0.050000000000000266
2018-07-19,0.004617769103104529,0.004562049965836349,0.11143827453636107,5.571913726818054e-05,10,0.9385617254636399,0.06143827453636008
2018-07-20,-0.0019528703476856825,-0.0019718782850605436,0.038015874749722296,1.900793737486115e-05,10,0.9499999999999998,0.050000000000000155
2018-07-23,-0.02326118456356023,-0.023275104763515384,0.02784039991031019,1.3920199955155095e-05,10,0.95,0.050000000000000044
2018-07-24,0.00814356569099521,0.00808878641100842,0.10955855997357788,5.477927998678895e-05,10,0.940441440026423,0.05955855997357695
2018-07-25,0.0024006201309729903,0.002353476681402137,0.09428689914170613,4.7143449570853065e-05,10,0.95,0.050000000000000044
2018-07-26,-0.032228313564333914,-0.03225329279371116,0.0499584587544886,2.49792293772443e-05,10,0.9499999999999997,0.050000000000000266
2018-07-27,-0.03558344296726586,-0.03559761932350152,0.028352712471333856,1.4176356235666928e-05,10,0.95,0.050000000000000044
2018-07-30,-0.014025361072740593,-0.01407595832209769,0.1011944987141924,5.05972493570962e-05,10,0.9488055012858085,0.05119449871419146
2018-07-31,-0.00023574678863707253,-0.0002485267933800432,0.02556000948594131,1.2780004742970656e-05,10,0.95,0.050000000000000044
2018-08-01,0.015637861231840227,0.01562210808451568,0.03150629464909448,1.575314732454724e-05,10,0.9500000000000001,0.04999999999999993
2018-08-02,-0.026477021728438292,-0.026488499498988845,0.02295554110110909,1.1477770550554545e-05,10,0.9500000000000002,0.04999999999999982
2018-08-03,0.0034868579991511267,0.0034757034701742664,0.02230905795372086,1.115452897686043e-05,10,0.9500000000000001,0.04999999999999993
2018-08-06,0.013673032883421256,0.013628210915917838,0.08964393500683601,4.482196750341801e-05,10,0.9500000000000002,0.04999999999999982
2018-08-07,-0.004431345089432058,-0.004483460771426419,0.10423136398872254,5.211568199436127e-05,10,0.9457686360112781,0.05423136398872186
2018-08-08,0.00561900074391464,0.0055667192937808785,0.10456290026752253,5.228145013376127e-05,10,0.9496684637212002,0.05033153627879983
2018-08-09,-0.0023596661483965913,-0.0024147797648549274,0.110227232916672,5.5113616458335996e-05,10,0.9401043033621288,0.0598956966378712
2018-08-10,-0.0208089330158433,-0.020831524407874363,0.04518278406212683,2.2591392031063415e-05,10,0.9499999999999998,0.050000000000000155
2018-08-13,0.004528466280408225,0.004513148352528269,0.03063585575991186,1.531792787995593e-05,10,0.9499999999999998,0.050000000000000155
2018-08-14,-0.026181563977555725,-0.026232423567922793,0.10171918073413466,5.0859590367067334e-05,10,0.9482808192658663,0.05171918073413373
2018-08-15,0.010528036421583344,0.010517127807644105,0.02181722787847576,1.0908613939237879e-05,10,0.9499999999999998,0.050000000000000155
2018-08-16,0.0015112449371335128,0.0015010475592774995,0.020394755712026938,1.0197377856013469e-05,10,0.9500000000000002,0.04999999999999982
2018-08-17,-0.007002526231748685,-0.007017094830910798,0.029137198324227856,1.4568599162113927e-05,10,0.95,0.050000000000000044
2018-08-20,0.016009371100747617,0.01599673963792649,0.02526292564225574,1.263146282112787e-05,10,0.95,0.050000000000000044
2018-08-21,0.023930503356556904,0.023876964348272058,0.10707801656969285,5.3539008284846425e-05,10,0.9429219834303082,0.0570780165696918
2018-08-22,-0.004496884600166743,-0.004510562562347344,0.02735592436120224,1.3677962180601119e-05,10,0.9499999999999998,0.050000000000000155
2018-08-23,0.0022777433423992587,0.0022229175729661546,0.1096515388662081,5.482576943310405e-05,10,0.9403484611337928,0.05965153886620722
2018-08-24,-0.003578607181142651,-0.0036182390920608855,0.07926382183646949,3.963191091823474e-05,10,0.9500000000000001,0.04999999999999993
2018-08-27,0.005806015008476219,0.005780898146858312,0.05023372323581363,2.5116861617906818e-05,10,0.9499999999999998,0.050000000000000155
2018-08-28,0.008913473769063368,0.008854817481797415,0.11731257453190685,5.865628726595343e-05,10,0.9326874254680942,0.06731257453190576
2018-08-29,-0.015360253041136774,-0.015440877966575088,0.16124985087662796,8.062492543831399e-05,10,0.9060627236552787,0.09393727634472127
2018-08-30,0.009915203798357896,0.009885338456900625,0.05973068291454199,2.9865341457270996e-05,10,0.9499999999999998,0.050000000000000155
2018-08-31,-0.0004473980431422779,-0.0004601232860969353,0.025450485909314785,1.2725242954657394e-05,10,0.9499999999999998,0.050000000000000155
2018-09-04,-0.027559619538768884,-0.027580332325235376,0.041425572932984704,2.071278646649235e-05,10,0.95,0.050000000000000044
2018-09-05,-0.005123182198481296,-0.005142315261706641,0.038266126450691086,1.9133063225345543e-05,10,0.9500000000000001,0.04999999999999993
2018-09-06,0.01539146975673437,0.015341010789815038,0.10091793383866243,5.045896691933122e-05,10,0.9490820661613384,0.05091793383866161
2018-09-07,0.017554048121478188,0.017477576442138536,0.15294335867930667,7.647167933965333e-05,10,0.8979745751593559,0.10202542484064414
2018-09-10,0.008228545684390815,0.008146451011514011,0.16418934575360808,8.209467287680404e-05,10,0.9378360790870369,0.06216392091296308
2018-09-11,-0.012012030718524086,-0.01206892293550953,0.11378443397089016,5.6892216985445084e-05,10,0.9483794869420737,0.051620513057926254
2018-09-12,-0.009560137501352671,-0.009632889431740498,0.14550386077565536,7.275193038782767e-05,10,0.9061166522822718,0.09388334771772822
2018-09-13,-0.00412230296873709,-0.00418616464436602,0.12772335125785972,6.386167562892985e-05,10,0.9499999999999997,0.050000000000000266
2018-09-14,-0.016082371941828915,-0.016097837578447266,0.03093127323669865,1.5465636618349323e-05,10,0.9499999999999998,0.050000000000000155
2018-09-17,-0.01793194298278525,-0.018018058890963064,0.17223181635562881,8.61159081778144e-05,10,0.877768183644372,0.12223181635562796
2018-09-18,0.0025742721018884008,0.002490304108340365,0.16793598709607194,8.396799354803598e-05,10,0.95,0.050000000000000044
2018-09-19,0.01073850913594097,0.010715187438683204,0.04664339451553464,2.332169725776732e-05,10,0.9500000000000001,0.04999999999999993
2018-09-20,-0.02288740944195176,-0.022903774690306133,0.0327304967087474,1.63652483543737e-05,10,0.9499999999999998,0.050000000000000155
2018-09-21,0.02516385223551031,0.02510792235952446,0.11185975197169655,5.592987598584828e-05,10,0.9381402480283043,0.06185975197169569
2018-09-24,0.008138135680859108,0.008066412144613365,0.14344707249148475,7.172353624574238e-05,10,0.9184126794802117,0.08158732051978834
2018-09-25,-0.033230229475533904,-0.03330288542184197,0.1453118926161282,7.26559463080641e-05,10,0.9362754279036607,0.0637245720963393
2018-09-26,-0.012817364386675245,-0.012920756882038198,0.20678499072590653,0.00010339249536295327,10,0.8569395813704334,0.14306041862956664
2018-09-27,-0.005485079296644873,-0.00563492981481919,0.29970103634863426,0.00014985051817431713,10,0.843359382280933,0.156640617719067
2018-09-28,-0.018182495532835987,-0.01830378149211626,0.24257191856054372,0.00012128595928027186,10,0.914068699158524,0.08593130084147604
2018-10-01,-0.02206313217107246,-0.022140946832444726,0.1556293227445275,7.781466137226376e-05,10,0.9303019780969494,0.06969802190305063
2018-10-02,-0.0032593493206580088,-0.003339852387879199,0.16100613444238043,8.050306722119021e-05,10,0.9086918874606712,0.0913081125393288
2018-10-03,-0.035857216887219615,-0.03596875090204754,0.22306802965585326,0.00011153401482792663,10,0.8682400828834765,0.13175991711652346
2018-10-04,-0.009682764365710795,-0.0097742583165493,0.1829879016770084,9.14939508385042e-05,10,0.9487720154395158,0.05122798456048416
2018-10-05,-0.028013636382874005,-0.02810382210078391,0.1803714358198106,9.01857179099053e-05,10,0.8708565487406743,0.1291434512593257
2018-10-08,-0.013004740030322775,-0.013112214665185687,0.21494926972582282,0.00010747463486291141,10,0.9141941815335037,0.08580581846649626
2018-10-09,-0.0641412249483091,-0.06422536766816693,0.168285439715659,8.414271985782951e-05,10,0.9175203787508379,0.08247962124916208
2018-10-10,-0.021417913597028326,-0.021491093961830618,0.14636072960458574,7.318036480229287e-05,10,0.936118891644577,0.06388110835542304
2018-10-11,0.031191745131591644,0.031018023102766686,0.3474440576499116,0.0001737220288249558,10,0.7164370507055121,0.2835629492944879
2018-10-12,-0.013723055079475277,-0.013869833470245332,0.2935567815401121,0.00014677839077005607,10,0.95,0.050000000000000044
2018-10-15,0.054216776174553796,0.05419329185625953,0.04696863658852657,2.3484318294263285e-05,10,0.9500000000000001,0.04999999999999993
2018-10-16,-0.012704609023215005,-0.012776525518774147,0.1438329911182846,7.19164955591423e-05,10,0.9061670088817162,0.0938329911182838
2018-10-17,-0.015292958513786668,-0.015327197464783029,0.06847790199272207,3.423895099636103e-05,10,0.9499999999999998,0.050000000000000155
2018-10-18,-0.041293285310188305,-0.0413625635212533,0.1385564221299912,6.92782110649956e-05,10,0.9114435778700096,0.08855642212999038
2018-10-19,-0.0013092430415465625,-0.0013776555411201567,0.13682499914718826,6.841249957359413e-05,10,0.95,0.050000000000000044
2018-10-22,0.013877817180138747,0.013775483503767038,0.20466735274341627,0.00010233367637170814,10,0.8453326472565844,0.1546673527434156
2018-10-23,-0.08244140958656036,-0.0825240538756937,0.16528857826667692,8.264428913333846e-05,10,0.9500000000000001,0.04999999999999993
2018-10-24,0.04060777988082997,0.04050221676666593,0.21112622832806927,0.00010556311416403464,10,0.8388737716719313,0.16112622832806867
2018-10-25,-0.01844416793687868,-0.018541824853249782,0.19531383274220487,9.765691637110244e-05,10,0.9499999999999998,0.050000000000000155
2018-10-26,-0.022711811490672654,-0.022781457788096437,0.139292594847568,6.964629742378401e-05,10,0.9107074051524329,0.08929259484756713
2018-10-29,0.02504333544507813,0.02495713011883765,0.17241065248096027,8.620532624048014e-05,10,0.9168819423666076,0.08311805763339242
2018-10-30,0.03614222715306604,0.03605846692091532,0.16752046430143117,8.376023215071559e-05,10,0.915597593331962,0.084402406668038
2018-10-31,0.06693074255880721,0.06684379457219322,0.17389597322798414,8.694798661399208e-05,10,0.9105064334400546,0.08949356655994545
2018-11-01,0.013776160191837736,0.013694139084732718,0.16404221421003454,8.202110710501727e-05,10,0.9254513523499116,0.0745486476500884
2018-11-02,-0.009644552535063643,-0.009689873638437816,0.09064220674834689,4.532110337417345e-05,10,0.95,0.050000000000000044
2018-11-05,0.0069176948193590765,0.006815676471426555,0.20403669586504408,0.00010201834793252204,10,0.8459633041349566,0.15403669586504343
2018-11-06,0.03545820502264126,0.03538258658275482,0.1512368797728911,7.561843988644555e-05,10,0.95,0.050000000000000044
2018-11-07,-0.049169550344091324,-0.04923853283049808,0.1379649728135141,6.898248640675706e-05,10,0.9120350271864868,0.08796497281351323
2018-11-08,-0.025464198461932316,-0.025586791101034602,0.24518527820457325,0.00012259263910228662,10,0.8427796946089408,0.15722030539105925
2018-11-09,-0.051129180042360806,-0.051273515790103294,0.2886714954849703,0.00014433574774248514,10,0.8685488099060897,0.13145119009391026
2018-11-12,-0.024165094446687668,-0.024261535739735416,0.19288258609549902,9.644129304774951e-05,10,0.9385686039984121,0.06143139600158787
2018-11-13,-0.008683983492073166,-0.00879794184020007,0.2279166962538057,0.00011395834812690286,10,0.833514699747783,0.16648530025221697
2018-11-14,0.015855567077588947,0.01572711063440325,0.25691288637139065,0.00012845644318569533,10,0.9095724138808271,0.0904275861191729
2018-11-15,-0.002825346902172392,-0.0028566710097601114,0.0626482151754382,3.13241075877191e-05,10,0.9500000000000002,0.04999999999999982
2018-11-16,-0.06543175938408861,-0.0655061992178916,0.14887966760597454,7.443983380298728e-05,10,0.901120332394026,0.098879667605974
2018-11-19,-0.02106858663832992,-0.02119963477480925,0.2620962729586589,0.00013104813647932945,10,0.8367833946473159,0.16321660535268412
2018-11-20,0.027379737191255797,0.027277087214589588,0.20529995333242146,0.00010264997666621073,10,0.95,0.050000000000000044
2018-11-21,0.005546691380946448,0.005441213483500462,0.21095579489197291,0.00010547789744598646,10,0.8390442051080279,0.1609557948919721
2018-11-23,0.034524666752857334,0.03441893287220069,0.21146776131327996,0.00010573388065663998,10,0.9494880335786928,0.050511966421307175
2018-11-26,-0.018160819394591663,-0.018237010167663922,0.1523815461445165,7.619077307225824e-05,10,0.8981304202767915,0.10186957972320854
2018-11-27,0.04613896385026194,0.04609611912771738,0.08568944508911756,4.284472254455878e-05,10,0.95,0.050000000000000044
2018-11-28,0.0010619136388148147,0.001028153749256498,0.06751977911663352,3.3759889558316765e-05,10,0.95,0.050000000000000044
2018-11-29,-0.000537135448609844,-0.0006126771218986774,0.15108334657766667,7.554167328883334e-05,10,0.8989166534223342,0.10108334657766582
2018-11-30,0.02881117928406391,0.02871291669316292,0.19652518180198242,9.826259090099121e-05,10,0.9045581647756841,0.09544183522431593
2018-12-03,-0.0454096788639039,-0.04550804320258891,0.19672867737000999,9.836433868500499e-05,10,0.8987131578543066,0.10128684214569339
2018-12-04,0.02044715864251896,0.020347762436717716,0.19879241160248912,9.939620580124456e-05,10,0.902494430543205,0.097505569456795
2018-12-06,-0.044584662969273166,-0.04461835607473096,0.0673862109155989,3.369310545779945e-05,10,0.95,0.050000000000000044
2018-12-07,0.0068874552660909355,0.006760420902227476,0.2540687277269176,0.0001270343638634588,10,0.7959312722730832,0.20406872772691675
2018-12-10,0.004145412739265111,0.003996869918093132,0.29708564234395896,0.00014854282117197947,10,0.9069830853829584,0.09301691461704165
2018-12-11,0.03929288940786384,0.0392021419507556,0.18149491421647265,9.074745710823633e-05,10,0.9115220004005695,0.08847799959943048
2018-12-12,-0.01722796629337377,-0.01735653796804504,0.25714334934254024,0.00012857167467127012,10,0.8313346502568909,0.1686653497431091
2018-12-13,-0.01492678477127743,-0.015048539930019002,0.2435103174831448,0.0001217551587415724,10,0.9251550322599651,0.0748449677400349
2018-12-14,-0.055092355837758164,-0.05517174522491919,0.15877877432205495,7.938938716102748e-05,10,0.9160661934179808,0.08393380658201921
2018-12-17,-0.00202522972932433,-0.002127344079676854,0.20422870070504773,0.00010211435035252387,10,0.8797051058769723,0.12029489412302774
2018-12-18,-0.01288610603409215,-0.013004088553239212,0.23596503829412369,0.00011798251914706184,10,0.8843298558289049,0.11567014417109511
2018-12-19,-0.04868274367540708,-0.048774740730947064,0.18399411107997246,9.199705553998623e-05,10,0.9316760330911233,0.06832396690887665
2018-12-20,-0.06585593920271159,-0.06593782565288951,0.16377290035586559,8.18864501779328e-05,10,0.9045510665530118,0.09544893344698824
2018-12-21,-0.014426483879266592,-0.014519088941591153,0.1852101246491221,9.260506232456105e-05,10,0.9102388087978669,0.0897611912021331
2018-12-24,0.08937031777227843,0.0892899912087522,0.160653127052455,8.03265635262275e-05,10,0.9291080641496787,0.07089193585032127
2018-12-26,0.017308827042202928,0.017232157813496556,0.15333845741273922,7.66692287063696e-05,10,0.9175534784375826,0.08244652156241739
2018-12-27,-0.006727024555547364,-0.006874124021389367,0.2941989316840071,0.00014709946584200357,10,0.7882475898784107,0.2117524101215893
2018-12-28,0.026470687690139383,0.0263359756627565,0.2694240547657664,0.0001347120273828832,10,0.9423283553558235,0.05767164464417651
2018-12-31,-0.006722239747668918,-0.006790345707720793,0.1362119201037508,6.81059600518754e-05,10,0.9214597245404265,0.07854027545957354
2019-01-02,-0.054839866836258896,-0.05486367338059769,0.04761308867757807,2.3806544338789035e-05,10,0.9499999999999997,0.050000000000000266
2019-01-03,0.06950212536056499,0.06948721931188849,0.029812097353004247,1.4906048676502124e-05,10,0.9500000000000001,0.04999999999999993
2019-01-04,0.059963159151200165,0.05988927596051998,0.14776638136036258,7.388319068018129e-05,10,0.9022336186396379,0.09776638136036209
2019-01-07,0.018729072378216475,0.01865154339078381,0.15505797486533046,7.752898743266524e-05,10,0.9427084064950322,0.05729159350496782
2019-01-08,0.004518460805597059,0.004448069362999076,0.14078288519596563,7.039144259798281e-05,10,0.9165087083090028,0.08349129169099723
2019-01-09,-0.011260100775192254,-0.0112902746259736,0.060347701562690634,3.0173850781345318e-05,10,0.9500000000000001,0.04999999999999993
2019-01-10,-0.00040773319008975966,-0.0004207987243286856,0.026131068477851807,1.3065534238925904e-05,10,0.95,0.050000000000000044
2019-01-11,-0.002844651332977849,-0.002860831746207823,0.03236082645994813,1.6180413229974064e-05,10,0.9500000000000003,0.04999999999999971
2019-01-14,0.03425444917963922,0.03423572568232695,0.03744699462453485,1.8723497312267427e-05,10,0.95,0.050000000000000044
2019-01-15,-0.001874141787264544,-0.0019010085706745073,0.05373356681992634,2.686678340996317e-05,10,0.9500000000000001,0.04999999999999993
2019-01-16,0.02109894599279134,0.021077621619972033,0.04264874563861265,2.1324372819306325e-05,10,0.9499999999999998,0.050000000000000155
2019-01-17,0.020019988083442974,0.019990995981160387,0.05798420456517187,2.8992102282585938e-05,10,0.9499999999999998,0.050000000000000155
2019-01-18,-0.023033520471217823,-0.023098044216006683,0.12904748957772194,6.452374478886097e-05,10,0.9209525104222787,0.07904748957772134
2019-01-22,0.0033623450916328533,0.0033235559960815182,0.0775781911026701,3.878909555133505e-05,10,0.95,0.050000000000000044
2019-01-23,0.009701966131570944,0.009628557918268632,0.14681642660462363,7.340821330231182e-05,10,0.903183573395377,0.09681642660462297
2019-01-24,0.015523583996182649,0.015475959418122662,0.09524915611997187,4.7624578059985936e-05,10,0.95,0.050000000000000044
2019-01-25,-0.006348833543368507,-0.006370846442838511,0.04402579894000672,2.201289947000336e-05,10,0.9499999999999997,0.050000000000000266
2019-01-28,-0.01280681915237114,-0.01282787229499074,0.04210628523920045,2.1053142619600225e-05,10,0.95,0.050000000000000044
2019-01-29,0.02126764828771198,0.02124829452531126,0.03870752480143534,1.935376240071767e-05,10,0.95,0.050000000000000044
2019-01-30,0.02712756999022419,0.02711461746577632,0.025905048895742563,1.2952524447871282e-05,10,0.95,0.050000000000000044
2019-01-31,0.0016798277956128814,0.0016591304018829568,0.04139478745984916,2.069739372992458e-05,10,0.95,0.050000000000000044
2019-02-01,0.006760808520944495,0.006745995489123871,0.02962606364124777,1.4813031820623886e-05,10,0.95,0.050000000000000044
2019-02-04,0.007708343147745232,0.00768732326114079,0.04203977320888472,2.101988660444236e-05,10,0.95,0.050000000000000044
2019-02-05,-0.01760615363444375,-0.017673280981204215,0.13425469352093156,6.712734676046578e-05,10,0.9157453064790689,0.08425469352093107
2019-02-06,-0.01231774463353388,-0.012454421055766843,0.273352844465925,0.0001366764222329625,10,0.8109018490550066,0.18909815094499338
2019-02-07,0.0234197407309228,0.023311560551633314,0.21636035857896815,0.00010818017928948408,10,0.9499999999999997,0.050000000000000266
2019-02-08,0.018248418458913465,0.018210923366009508,0.07499018580791206,3.749509290395603e-05,10,0.95,0.050000000000000044
2019-02-11,0.012320675972919632,0.012290523462613277,0.06030502061270928,3.015251030635464e-05,10,0.9500000000000001,0.04999999999999993
2019-02-12,-0.017746851667534858,-0.017763112664030696,0.03252199299167821,1.6260996495839106e-05,10,0.9500000000000002,0.04999999999999982
2019-02-13,0.004998974903709121,0.004931554140989496,0.13484152543925138,6.742076271962569e-05,10,0.915158474560749,0.08484152543925105
2019-02-14,0.009238713135510519,0.009209978599967878,0.05746907108528218,2.873453554264109e-05,10,0.95,0.050000000000000044
2019-02-15,-0.00452710658253925,-0.004638712089377927,0.22321101367735433,0.00011160550683867716,10,0.8267889863226463,0.1732110136773537
2019-02-19,-0.00433135105462673,-0.004423401926627558,0.18410174400165605,9.205087200082803e-05,10,0.95,0.050000000000000044
2019-02-20,-0.009228796672720255,-0.00925752814032176,0.05746293520300866,2.873146760150433e-05,10,0.9500000000000001,0.04999999999999993
2019-02-21,0.04975241142867227,0.049636169985997944,0.23248288534864742,0.00011624144267432371,10,0.817517114651353,0.18248288534864698
2019-02-22,0.016887537297267042,0.01677664033327388,0.22179392798632203,0.00011089696399316102,10,0.95,0.050000000000000044
2019-02-25,0.00013718021982461975,2.866935979839833e-05,0.21702172005244286,0.00010851086002622142,10,0.8329782799475578,0.1670217200524422
2019-02-26,0.010192539451170607,0.010090206122787153,0.20466665676690726,0.00010233332838345363,10,0.95,0.050000000000000044
2019-02-27,-0.009533194772781044,-0.009603151557537605,0.1399135695131239,6.995678475656194e-05,10,0.9100864304868768,0.08991356951312324
2019-02-28,0.009777171093863914,0.009675752123250055,0.2028379412277182,0.0001014189706138591,10,0.8870756282854056,0.11292437171459435
2019-03-01,-0.023119131139900353,-0.023231331057415833,0.22439983503095878,0.00011219991751547939,10,0.8885245366836358,0.11147546331636415
2019-03-04,0.014418451832756661,0.014326178716242923,0.18454623302747517,9.227311651373758e-05,10,0.9269292302888894,0.0730707697111106
2019-03-05,-0.015343434509835703,-0.015424913785383366,0.16295855109532748,8.147927554766374e-05,10,0.9101122186157836,0.08988778138421638
2019-03-06,0.0068291595919494925,0.0067876784062755,0.0829623713479842,4.14811856739921e-05,10,0.9500000000000001,0.04999999999999993
2019-03-07,0.018712179224490963,0.01860884574340286,0.20666696217620706,0.00010333348108810353,10,0.8433330378237933,0.15666696217620668
2019-03-08,0.022406218248193513,0.022272600445243887,0.2672356058992508,0.00013361780294962543,10,0.8894313562769565,0.11056864372304354
2019-03-11,0.019606944422831913,0.019513773357769368,0.18634213012508977,9.317106506254489e-05,10,0.9242265135979544,0.07577348640204562
2019-03-12,0.013691637639452048,0.013609568073641175,0.16413913162174534,8.206956581087267e-05,10,0.9116343547803006,0.08836564521969936
2019-03-13,0.025036532327885053,0.024964435077675907,0.14419450041829052,7.209725020914526e-05,10,0.9441711448014094,0.0558288551985906
2019-03-14,0.007549855984371845,0.007520634960812812,0.05844204711806601,2.9221023559033007e-05,10,0.9499999999999998,0.050000000000000155
2019-03-15,0.010480821186621532,0.010405726831002904,0.15018871123725389,7.509435561862695e-05,10,0.8998112887627469,0.10018871123725315
2019-03-18,0.028552972729769092,0.02845996509098491,0.1860152775683647,9.300763878418235e-05,10,0.914173433668889,0.08582656633111097
2019-03-19,-0.01155732178590359,-0.011585239809887276,0.05583604796737309,2.7918023983686547e-05,10,0.95,0.050000000000000044
2019-03-20,0.031734180224189876,0.031616363052057526,0.23563434426469496,0.00011781717213234748,10,0.8143656557353056,0.18563434426469438
2019-03-21,-0.03450093866367788,-0.03458126326270919,0.16064919806261937,8.032459903130969e-05,10,0.9500000000000002,0.04999999999999982
2019-03-22,0.04533234276319551,0.04522508152969672,0.21452246699759417,0.00010726123349879708,10,0.8354775330024063,0.16452246699759365
2019-03-25,-0.020766457696060996,-0.02087517350869757,0.21743162527314666,0.00010871581263657333,10,0.9470908417244477,0.052909158275552315
2019-03-26,-0.01786293476957037,-0.01796556530493743,0.20526107073411493,0.00010263053536705746,10,0.8476480875414382,0.15235191245856183
2019-03-27,-0.002689653043877398,-0.002844228546725431,0.309151005696066,0.00015457550284803302,10,0.8432009067624966,0.1567990932375034
2019-03-28,0.013195046051925239,0.013055667537729522,0.2787570283914337,0.00013937851419571685,10,0.8780420648460704,0.12195793515392961
2019-03-29,-0.008512791005236706,-0.00860243843879644,0.1792948671194684,8.96474335597342e-05,10,0.942663068034462,0.05733693196553802
2019-04-01,0.013241757839587124,0.013170002149248865,0.14351138067651792,7.175569033825896e-05,10,0.9138255512890209,0.08617444871097912
2019-04-02,0.010650309076531493,0.010609858956109351,0.08090024084428309,4.0450120422141545e-05,10,0.9499999999999998,0.050000000000000155
2019-04-03,-0.011115205923799625,-0.011131561913320575,0.0327119790419024,1.63559895209512e-05,10,0.9500000000000002,0.04999999999999982
2019-04-04,0.010415505279574995,0.010342338105538796,0.14633434807239779,7.316717403619889e-05,10,0.9036656519276028,0.09633434807239716
2019-04-05,-0.002399783885963649,-0.0024698265189598964,0.1400852659924947,7.004263299624736e-05,10,0.9499999999999997,0.050000000000000266
2019-04-08,-0.010771437296912956,-0.010838754270441292,0.13463394705667028,6.731697352833514e-05,10,0.9153660529433307,0.08463394705666927
2019-04-09,0.019216983523770124,0.019094794300178235,0.244378447183781,0.0001221892235918905,10,0.8402554998728891,0.15974450012711094
2019-04-10,-0.014987980339107435,-0.015106855351086487,0.23775002395810574,0.00011887501197905287,10,0.9219944761690062,0.0780055238309938
2019-04-11,-0.01396049142414818,-0.014039689381289109,0.15839591428185656,7.919795714092829e-05,10,0.9196096095491382,0.08039039045086183
2019-04-12,0.014352741837340324,0.014273495482096112,0.15849271048842348,7.924635524421174e-05,10,0.9218976799624391,0.0781023200375609
2019-04-15,0.00917387802343258,0.009145234199183784,0.05728764849759055,2.8643824248795275e-05,10,0.9499999999999998,0.050000000000000155
2019-04-16,-0.02810757369761923,-0.02818011659951052,0.14508580378258024,7.254290189129012e-05,10,0.9049141962174208,0.09508580378257925
2019-04-17,-0.006576594713101567,-0.006626123984821748,0.09905854344036084,4.952927172018042e-05,10,0.9499999999999998,0.050000000000000155
2019-04-18,0.021241186636529224,0.02117311449883541,0.1361442753876264,6.80721376938132e-05,10,0.9138557246123745,0.08614427538762548
2019-04-22,0.02402557737139998,0.023928951227513,0.19325228777396425,9.662614388698213e-05,10,0.8928919876136621,0.10710801238633794
2019-04-23,1.4482486713307584e-05,-7.34489580647135e-05,0.17586288955604218,8.793144477802109e-05,10,0.9312451228302966,0.06875487716970341
2019-04-24,0.017878943762534245,0.017801842230941063,0.1542030631863629,7.710153159318145e-05,10,0.9145518139833414,0.0854481860166586
2019-04-25,0.018308240325181257,0.018267388353355174,0.0817039436521689,4.0851971826084456e-05,10,0.9499999999999997,0.050000000000000266
2019-04-26,0.00607202875765309,0.006004367022279519,0.1353234707471409,6.766173537357046e-05,10,0.91467652925286,0.08532347074713997
2019-04-29,-0.006003764412472501,-0.006076150578123987,0.1447723313029718,7.238616565148589e-05,10,0.9405511394441688,0.05944886055583121
2019-04-30,0.000996349530431503,0.0009746300667760027,0.04343892731100076,2.1719463655500383e-05,10,0.95,0.050000000000000044
2019-05-01,0.012393990946111714,0.012321641381837193,0.14469912854904127,7.234956427452063e-05,10,0.9053008714509595,0.0946991285490405
2019-05-02,0.02743964121390704,0.027402427534978974,0.07442735785612617,3.7213678928063086e-05,10,0.95,0.050000000000000044
2019-05-03,0.007538982082304167,0.007470556705467713,0.13685075367290808,6.842537683645405e-05,10,0.9131492463270927,0.08685075367290729
2019-05-06,-0.014195727543405163,-0.01423872033592474,0.08598558503915181,4.29927925195759e-05,10,0.9499999999999997,0.050000000000000266
2019-05-07,0.0032901617606709466,0.0032224554449249297,0.1354126314920338,6.77063157460169e-05,10,0.9145873685079671,0.08541263149203293
2019-05-08,-0.014068519631286878,-0.01409713132107205,0.057223379570341536,2.861168978517077e-05,10,0.95,0.050000000000000044
2019-05-09,0.014736971435030879,0.01467226916125266,0.12940454755643624,6.470227377821812e-05,10,0.9205954524435646,0.07940454755643545
2019-05-10,-0.022880628013740037,-0.023030645720397733,0.3000354133153927,0.00015001770665769635,10,0.7793691342410435,0.22063086575895652
2019-05-13,0.021283222541318033,0.02110107625884413,0.3642925649478037,0.00018214628247390185,10,0.8563383008111538,0.1436616991888462
2019-05-14,0.02663848275775102,0.026499973923491557,0.2770176685189255,0.00013850883425946275,10,0.8666440306699216,0.13335596933007843
2019-05-15,0.027759941556010415,0.02767183158460393,0.1762199428129722,8.81099714064861e-05,10,0.9500000000000001,0.04999999999999993
2019-05-16,-0.020547283663059877,-0.020577708643757797,0.060849961395838745,3.0424980697919373e-05,10,0.9500000000000001,0.04999999999999993
2019-05-17,-0.015009531931214197,-0.015078351777328134,0.13763969222787426,6.881984611393713e-05,10,0.9123603077721265,0.08763969222787349
2019-05-20,0.014009018233503982,0.013939262950052348,0.1395105669032673,6.975528345163365e-05,10,0.9481291253246069,0.051870874675393086
2019-05-21,0.012518361355636413,0.012454986289774041,0.12675013172474314,6.337506586237157e-05,10,0.9251207429506507,0.07487925704934928
2019-05-22,-0.03632425611232046,-0.03635058732048122,0.052662416321530736,2.6331208160765367e-05,10,0.9500000000000001,0.04999999999999993
2019-05-23,0.013848376383788146,0.013779587097703156,0.13757857216998162,6.878928608499082e-05,10,0.9124214278300192,0.08757857216998077
2019-05-24,0.011225859357197242,0.011195959803017548,0.05979910835938636,2.989955417969318e-05,10,0.9500000000000001,0.04999999999999993
2019-05-28,-0.015151820694178024,-0.015217087418585313,0.13053344881457823,6.526672440728911e-05,10,0.9194665511854224,0.08053344881457758
2019-05-29,0.0018009621851827937,0.001774844983510848,0.05223440334389116,2.611720167194558e-05,10,0.9499999999999997,0.050000000000000266
2019-05-30,-0.020409050788146654,-0.02041990418167014,0.021706787046972036,1.0853393523486019e-05,10,0.9500000000000001,0.04999999999999993
2019-05-31,-0.013031915873155058,-0.013100162376647836,0.1364930069855554,6.82465034927777e-05,10,0.9135069930144455,0.08649300698555451
2019-06-03,0.03531353273082619,0.03527916282547367,0.0687398107050377,3.436990535251885e-05,10,0.95,0.050000000000000044
2019-06-04,-0.008176258189379594,-0.008241196493054123,0.12987660734905637,6.493830367452819e-05,10,0.9201233926509444,0.07987660734905555
2019-06-05,0.015015097793681147,0.014950777825343601,0.12863993667509,6.4319968337545e-05,10,0.9499999999999998,0.050000000000000155
2019-06-06,0.035256859682315865,0.03523372991894515,0.04625952674143269,2.3129763370716345e-05,10,0.9500000000000002,0.04999999999999982
2019-06-07,-0.0022644892878299423,-0.0022835606057997047,0.03814263593952472,1.907131796976236e-05,10,0.9500000000000002,0.04999999999999982
2019-06-10,-0.006914994995142887,-0.007016265881577455,0.20254177286913488,0.00010127088643456744,10,0.8474582271308658,0.15254177286913417
2019-06-11,0.025504225909943567,0.025390810341393902,0.22683113709932937,0.00011341556854966469,10,0.9257106357698056,0.07428936423019439
2019-06-12,0.015057981084968641,0.014981904464662806,0.1521532406116716,7.60766203058358e-05,10,0.9221361236185236,0.0778638763814764
2019-06-13,-0.010894479645560952,-0.010969327274958801,0.1496952587956968,7.484762939784841e-05,10,0.9281686175857804,0.0718313824142196
2019-06-14,0.01281465090872925,0.012736204247720404,0.15689332201769135,7.844666100884568e-05,10,0.9149380603965291,0.08506193960347086
2019-06-17,0.024879873941522974,0.024801508167502085,0.15673154804177986,7.836577402088993e-05,10,0.928330391561692,0.07166960843830805
2019-06-18,0.016479663220974047,0.01638456507133953,0.1901962992690344,9.50981496345172e-05,10,0.8814733091692747,0.11852669083072531
2019-06-19,0.005777278267124619,0.005686827837969248,0.1809008583107421,9.045042915537105e-05,10,0.9376258325199841,0.062374167480015896
2019-06-20,-0.02884360337857998,-0.028908408231272945,0.1296097053859297,6.480485269296485e-05,10,0.932764462094087,0.06723553790591297
2019-06-21,-0.019001880926075583,-0.01909765117908261,0.19154050601405334,9.577025300702668e-05,10,0.8756950318918605,0.12430496810813951
2019-06-24,-0.013227734761003102,-0.013314013513437598,0.1725575048689893,8.627875243449465e-05,10,0.9500000000000001,0.04999999999999993
2019-06-25,-0.023133052013141708,-0.023192132043761915,0.11816006124041306,5.908003062020653e-05,10,0.9318399387595878,0.06816006124041218
2019-06-26,0.061224008215868965,0.0611558351815073,0.13634606872332147,6.817303436166073e-05,10,0.9318139925170916,0.06818600748290837
2019-06-27,0.007124064905633774,0.007036746144153561,0.17463752296042595,8.731876148021297e-05,10,0.8935484845224835,0.10645151547751652
2019-06-28,0.01515800827586003,0.01511961641592136,0.07678371987733973,3.8391859938669866e-05,10,0.9500000000000001,0.04999999999999993
2019-07-01,0.017158339643051933,0.017071182873824014,0.17431353845583622,8.715676922791811e-05,10,0.8756864615441646,0.12431353845583537
2019-07-02,0.0062577441256410115,0.0061633930524625504,0.1887021463569226,9.43510731784613e-05,10,0.9356113920989136,0.06438860790108636
2019-07-03,0.020988832805546448,0.02092156588681707,0.1345338374587565,6.726691872937825e-05,10,0.9298547704423307,0.07014522955766933
2019-07-05,0.011827574251298153,0.011711622028246806,0.23190444610269542,0.00011595222305134771,10,0.8382407834549748,0.16175921654502523
2019-07-08,-0.0040377512582901185,-0.004162764429599678,0.2500263426191194,0.00012501317130955968,10,0.9117328739259065,0.08826712607409348
2019-07-09,-0.0015516221369668431,-0.0016545063707216,0.20576846750951366,0.00010288423375475683,10,0.8824986585645804,0.11750134143541957
2019-07-10,-0.004923404305990537,-0.005008140434487211,0.16947225699334945,8.473612849667472e-05,10,0.9480290844420709,0.0519709155579291
2019-07-11,-0.0019409305595399335,-0.0019574576587205726,0.03305419836127803,1.6527099180639016e-05,10,0.9499999999999998,0.050000000000000155
2019-07-12,0.0032211972486319226,0.003151987197936639,0.13842010139056696,6.921005069528348e-05,10,0.911579898609434,0.088420101390566
2019-07-15,0.0026707730316061027,0.0026353435964754372,0.070858870261331,3.5429435130665504e-05,10,0.95,0.050000000000000044
2019-07-16,-0.0009821535250701815,-0.0010431490499329204,0.12199104972547753,6.099552486273877e-05,10,0.9280089502745232,0.07199104972547676
2019-07-17,0.004636276019495631,0.0045666061698219915,0.13933969934727866,6.966984967363934e-05,10,0.9326513503781989,0.0673486496218011
2019-07-18,-0.005632268912992504,-0.0056570101805325295,0.049482535080051085,2.4741267540025543e-05,10,0.9499999999999998,0.050000000000000155
2019-07-19,0.022737217754333097,0.022730492558865063,0.013450390936065947,6.725195468032974e-06,10,0.9499999999999998,0.050000000000000155
2019-07-22,-0.018620983438208016,-0.018684414185928016,0.12686149543999775,6.343074771999888e-05,10,0.9231385045600031,0.07686149543999687
2019-07-23,0.007495852880404492,0.007430322781848674,0.13106019711163597,6.553009855581798e-05,10,0.9458012983283617,0.054198701671638316
2019-07-24,0.0038754035404742907,0.003784561364987776,0.1816843509730291,9.084217548651456e-05,10,0.8725143506986098,0.12748564930139017
2019-07-25,0.03383026387551385,0.03374475717883322,0.17101339336126367,8.550669668063184e-05,10,0.9500000000000001,0.04999999999999993
2019-07-26,-0.026938871422831582,-0.027000798227850162,0.12385361003715817,6.192680501857909e-05,10,0.9261463899628426,0.0738536100371574
2019-07-29,-0.0015968782400793081,-0.0016761766490068092,0.15859681785500207,7.929840892750103e-05,10,0.9152567921821562,0.08474320781784384
2019-07-30,0.019747539665197246,0.019685997843392318,0.12308364360985428,6.154182180492714e-05,10,0.9499999999999998,0.050000000000000155
2019-07-31,0.02291195857912678,0.02285722393263091,0.10946929299174436,5.4734646495872185e-05,10,0.9405307070082566,0.05946929299174342
2019-08-01,-0.006047955488282556,-0.006108172736523449,0.12043449648178738,6.021724824089369e-05,10,0.9390347965099568,0.060965203490043196
2019-08-02,-0.0464724630372752,-0.04653643148481725,0.12793689508409964,6.396844754204981e-05,10,0.9330283084059444,0.06697169159405558
2019-08-05,0.013905158626133585,0.01383621570890951,0.1378858344481495,6.894291722407475e-05,10,0.9290858571459071,0.07091414285409292
2019-08-06,0.01783117189582979,0.017766071538929725,0.13020071380013032,6.510035690006516e-05,10,0.9407134290539635,0.05928657094603651
2019-08-07,0.04127846494606345,0.04126926233127242,0.01840522958206464,9.202614791032322e-06,10,0.9499999999999997,0.050000000000000266
2019-08-08,0.0007857812592681325,0.0007629484014962494,0.045665715543766174,2.283285777188309e-05,10,0.95,0.050000000000000044
2019-08-09,-0.014623516279625253,-0.014682533887086216,0.11803521492192476,5.901760746096238e-05,10,0.9319647850780762,0.06803521492192377
2019-08-12,0.04293153082779512,0.04285996593351494,0.1431297885603563,7.156489428017816e-05,10,0.9249054263615685,0.07509457363843153
2019-08-13,-0.038460382816476214,-0.038559617948830706,0.19847026470898468,9.923513235449235e-05,10,0.8766243089294478,0.12337569107055224
2019-08-14,-0.05098136962527151,-0.051087410823611505,0.21208239667999515,0.00010604119833999758,10,0.911293294390558,0.08870670560944205
2019-08-15,0.04163643925733213,0.041560477869471715,0.15192277572082796,7.596138786041398e-05,10,0.9367839298886148,0.06321607011138519
2019-08-16,0.0031304690216899314,0.0030701562126589314,0.12062561806200037,6.031280903100019e-05,10,0.9425904520493856,0.05740954795061437
2019-08-19,0.007048689246367173,0.006962993817050368,0.17139085863360967,8.569542931680484e-05,10,0.8860186893170057,0.11398131068299433
2019-08-20,0.02457147124076831,0.02450883875108981,0.12526497935699699,6.26324896784985e-05,10,0.95,0.050000000000000044
2019-08-21,-0.022085180036093246,-0.022148602536266743,0.12684500034699267,6.342250017349633e-05,10,0.9231549996530081,0.07684500034699193
2019-08-22,-0.014332885003237452,-0.014400048277487056,0.13432654849920944,6.716327424960472e-05,10,0.9425184518477832,0.057481548152216844
2019-08-23,0.012430222894533719,0.012372468807139356,0.11550817478872596,5.775408739436298e-05,10,0.9419733733634916,0.05802662663650837
2019-08-26,-0.020936160393142972,-0.020994177342983922,0.11603389968190014,5.8016949840950076e-05,10,0.941992726954609,0.058007273045390995
2019-08-27,0.019096256418655234,0.01900930002334742,0.17391279061562612,8.695639530781307e-05,10,0.8840944824297657,0.11590551757023426
2019-08-28,-0.006033769755032335,-0.006098563331811468,0.12958715355826483,6.479357677913242e-05,10,0.95,0.050000000000000044
2019-08-29,-0.005851575339995088,-0.005958536648500065,0.21392261700995427,0.00010696130850497713,10,0.8360773829900467,0.16392261700995325
2019-08-30,-0.03946908458163836,-0.03958792831755872,0.2376874718407201,0.00011884373592036005,10,0.9262351451692342,0.07376485483076578
2019-09-03,0.021262867230866272,0.021187678329275195,0.1503778031821516,7.51889015910758e-05,10,0.9233870516486151,0.07661294835138488
2019-09-04,-0.02143667876306648,-0.02153411198563159,0.1948664451302207,9.743322256511034e-05,10,0.8817465032211651,0.1182534967788349
2019-09-05,-0.005008699669017631,-0.005104682431261008,0.19196552448675314,9.598276224337658e-05,10,0.9262879722920827,0.0737120277079173
2019-09-06,-0.035292049265477146,-0.03532246802875794,0.06083752656160094,3.041876328080047e-05,10,0.9499999999999997,0.050000000000000266
2019-09-09,-0.010821194809662704,-0.010833893057312576,0.025396495299742007,1.2698247649871004e-05,10,0.95,0.050000000000000044
2019-09-10,0.033472142008089074,0.03341454008949376,0.11520383719062718,5.760191859531359e-05,10,0.9347961628093736,0.06520383719062639
2019-09-11,-0.0191993474034152,-0.019286667739693744,0.1746406725570873,8.732033627854365e-05,10,0.8905631646335399,0.1094368353664601
2019-09-12,-0.004551738127913226,-0.004641984460032362,0.1804926642382737,9.024633211913686e-05,10,0.9289441711281873,0.07105582887181272
2019-09-13,0.029723732329400787,0.029656884120683864,0.1336964174338503,6.684820871692515e-05,10,0.9373594114379631,0.06264058856203691
2019-09-16,0.018369171652786752,0.018277295187021318,0.18375293153086758,9.187646576543379e-05,10,0.8788876570311701,0.12111234296882989
2019-09-17,-0.0012863849400076874,-0.0013570378890894938,0.1413058981636129,7.065294908180645e-05,10,0.95,0.050000000000000044
2019-09-18,0.015156189153581964,0.01512437523379747,0.0636278395689857,3.181391978449285e-05,10,0.9499999999999998,0.050000000000000155
2019-09-19,0.007833731101026455,0.0077451303622952,0.17720147746250933,8.860073873125467e-05,10,0.8727985225374917,0.12720147746250832
2019-09-20,-0.010579981349339322,-0.010649704615782078,0.139446532885512,6.972326644275601e-05,10,0.9500000000000002,0.04999999999999982
2019-09-23,-0.03912726723687675,-0.039150502647119514,0.046470820485533734,2.3235410242766868e-05,10,0.9499999999999998,0.050000000000000155
2019-09-24,0.011063498156588525,0.011002492039259964,0.12201223465712119,6.1006117328560596e-05,10,0.9279877653428799,0.07201223465712014
2019-09-25,-0.03958012229133265,-0.03964879570668413,0.13734683070295683,6.867341535147842e-05,10,0.9346654039541643,0.06533459604583569
2019-09-26,-0.05113074523325545,-0.05117354343195617,0.08559639740143483,4.279819870071742e-05,10,0.9500000000000001,0.04999999999999993
2019-09-27,-0.01947782737750268,-0.01956783773572148,0.18002071643760054,9.001035821880027e-05,10,0.8699792835624003,0.13002071643759971
2019-09-30,-0.046090729197447625,-0.046179029180739205,0.1765999665831623,8.829998329158115e-05,10,0.9499999999999998,0.050000000000000155
2019-10-01,0.020660515409361844,0.020643027434089585,0.034975950544517014,1.7487975272258508e-05,10,0.95,0.050000000000000044
2019-10-02,0.018498114813476015,0.018400181145461703,0.19586733602862338,9.79336680143117e-05,10,0.8541326639713773,0.14586733602862267
2019-10-03,0.016330484925837222,0.01623203568402062,0.19689848363320517,9.844924181660258e-05,10,0.9489688523954182,0.05103114760458183
2019-10-04,-0.000602258523122408,-0.000668563960470854,0.13261087469689192,6.630543734844596e-05,10,0.9184202729076907,0.08157972709230932
2019-10-07,-0.0028342575084648477,-0.0029319091056147547,0.19530319429981446,9.765159714990723e-05,10,0.8862765327924955,0.11372346720750448
2019-10-08,0.007739080097457989,0.007655351086114876,0.16745802268622728,8.372901134311365e-05,10,0.9462654445212779,0.05373455547872208
2019-10-09,-0.0008678571676125849,-0.0009380146216476922,0.14031490807021463,7.015745403510732e-05,10,0.9134196474085083,0.08658035259149166
2019-10-10,0.006276634710805015,0.00616726389279523,0.2187416360195701,0.00010937081800978506,10,0.8678387165719224,0.13216128342807765
2019-10-11,0.005241858540049157,0.005090899320514688,0.3019184390689379,0.00015095921953446896,10,0.8302428443591404,0.16975715564085958
2019-10-14,0.04576421548099447,0.045671616095491314,0.18519877100630658,9.25993855031533e-05,10,0.9500000000000002,0.04999999999999982
2019-10-15,0.00326042512159152,0.003192468135895669,0.13591397139170167,6.795698569585084e-05,10,0.9140860286082989,0.0859139713917011
2019-10-16,0.028310242605362017,0.028233048670477056,0.15438786976991892,7.719393488495946e-05,10,0.9315261016217828,0.06847389837821716
2019-10-17,-0.03323856806175595,-0.03331038450758039,0.14363289164888876,7.181644582444438e-05,10,0.9248410067293292,0.07515899327067077
2019-10-18,0.027442215106118883,0.02735289906910487,0.17863207402802397,8.931603701401198e-05,10,0.8965269192426476,0.1034730807573524
2019-10-21,-0.03800901928307342,-0.038099089825608924,0.18014108507102033,9.007054253551017e-05,10,0.923331995686333,0.07666800431366705
2019-10-22,0.011688935255727199,0.011655288272835462,0.06729396578347484,3.364698289173742e-05,10,0.95,0.050000000000000044
2019-10-23,0.008199108802138852,0.008037984832051221,0.322247940175262,0.000161123970087631,10,0.7277520598247389,0.2722479401752611
2019-10-24,0.020590677921794837,0.020453073837281954,0.27520816902576245,0.00013760408451288122,10,0.9500000000000001,0.04999999999999993
2019-10-25,0.01139191382704179,0.011362174059029898,0.05947953602378308,2.973976801189154e-05,10,0.9499999999999997,0.050000000000000266
2019-10-28,0.013763935164045065,0.013662334622953945,0.20320108218223915,0.00010160054109111957,10,0.8467989178177618,0.15320108218223816
2019-10-29,-0.05252717052773612,-0.05268194491921998,0.30954878296771854,0.00015477439148385927,10,0.8436522992145206,0.15634770078547944
2019-10-30,0.015176736784794184,0.015085095252970764,0.1832830636468421,9.164153182342105e-05,10,0.9500000000000002,0.04999999999999982
2019-10-31,0.010144945457614775,0.010033648474903503,0.22259396542254428,0.00011129698271127214,10,0.8274060345774564,0.17259396542254357
2019-11-01,-0.0076082111475096305,-0.007678690556189119,0.14095881735897753,7.047940867948877e-05,10,0.9500000000000003,0.04999999999999971
2019-11-04,0.005122449857094034,0.005053740908159845,0.13741789786837816,6.870894893418909e-05,10,0.9125821021316226,0.08741789786837739
2019-11-05,-0.005662565253240847,-0.005779741024975921,0.2343515434701474,0.0001171757717350737,10,0.8530663543982309,0.14693364560176914
2019-11-06,-0.03324255877191749,-0.0333629072238449,0.24069690385482234,0.00012034845192741118,10,0.9062367417469477,0.09376325825305232
2019-11-07,0.0161131958951121,0.01598992210689539,0.2465475764334245,0.00012327378821671225,10,0.8472156818196287,0.1527843181803713
2019-11-08,0.005001263953039533,0.004890809934477458,0.22090803712415064,0.00011045401856207532,10,0.9318762810562217,0.06812371894377833
2019-11-11,0.007162631137013742,0.007048755319890102,0.22775163424728206,0.00011387581712364104,10,0.8403720846964972,0.15962791530350284
2019-11-12,0.018162397938546234,0.0180468944671175,0.23100694285747256,0.00011550347142873628,10,0.9286209724460311,0.07137902755396885
2019-11-13,0.0064890120083802355,0.0063923914291057395,0.19324115854899127,9.662057927449563e-05,10,0.8781378690049785,0.12186213099502152
2019-11-14,0.015385024602153883,0.015281601692072547,0.2068458201626717,0.00010342291008133585,10,0.9150163108323508,0.0849836891676492
2019-11-15,-0.0007103879945483596,-0.000739305258930653,0.05783452876458667,2.8917264382293335e-05,10,0.95,0.050000000000000044
2019-11-18,0.03148676858249397,0.03146372018178546,0.046096801417017,2.30484007085085e-05,10,0.95,0.050000000000000044
2019-11-19,0.009228959212245586,0.009161686228718229,0.13454596705471436,6.727298352735719e-05,10,0.9154540329452866,0.0845459670547134
2019-11-20,0.0061896350212079084,0.006148642084401335,0.08198587361314723,4.0992936806573616e-05,10,0.95,0.050000000000000044
2019-11-21,0.00221277146439286,0.002192368557671773,0.04080581344217456,2.040290672108728e-05,10,0.9500000000000001,0.04999999999999993
2019-11-22,0.05214829278092084,0.052127277216445625,0.042031128950429215,2.101556447521461e-05,10,0.95,0.050000000000000044
2019-11-25,0.02295547244757893,0.022893845151568684,0.12325459202049449,6.162729601024725e-05,10,0.9267454079795063,0.07325459202049367
2019-11-26,0.014736142219946442,0.014676923487967187,0.11843746395850788,5.921873197925394e-05,10,0.95,0.050000000000000044
2019-11-27,0.00545055889651052,0.005358239847552751,0.18463809791553826,9.231904895776914e-05,10,0.8653619020844627,0.13463809791553727
2019-11-29,-0.02990619378465317,-0.030008394388731735,0.20440120815713242,0.00010220060407856621,10,0.930236889758406,0.06976311024159398
2019-12-02,0.06617239221119746,0.06607664921406813,0.19148599425867452,9.574299712933726e-05,10,0.8782771159829205,0.12172288401707954
2019-12-03,0.006628723386374178,0.006552234567405306,0.1529776379377425,7.648881896887125e-05,10,0.9500000000000002,0.04999999999999982
2019-12-04,-0.03291138071276428,-0.033004250654117245,0.185739882705924,9.2869941352962e-05,10,0.8642601172940768,0.1357398827059232
2019-12-05,0.014984612404485152,0.014869355486398658,0.23051383617298532,0.00011525691808649266,10,0.9052260465329387,0.0947739534670613
2019-12-06,-0.002306470934517423,-0.002383703146100409,0.15446442316597167,7.723221158298584e-05,10,0.9403095303010904,0.059690469698909565
2019-12-09,0.029920035685530786,0.029840329917512624,0.15941153603632707,7.970576801816353e-05,10,0.9002789336625834,0.09972106633741662
2019-12-10,0.002085767247102395,0.0019977780179959393,0.17597845821291125,8.798922910645562e-05,10,0.9237426081245061,0.07625739187549385
2019-12-11,-0.0021973723117910825,-0.002274002124077555,0.15325962457294515,7.662981228647257e-05,10,0.9229977673025495,0.07700223269745055
2019-12-12,-0.012394146631671762,-0.012523433238318529,0.2585732132935346,0.00012928660664676732,10,0.8184290194039168,0.18157098059608323
2019-12-13,0.19002925508072588,0.18992630335993937,0.2059034415730276,0.00010295172078651379,10,0.9499999999999997,0.050000000000000266
2019-12-16,0.0019041970605088998,0.0018407426669459063,0.12690878712598713,6.345439356299356e-05,10,0.9230912128740141,0.07690878712598592
2019-12-17,0.020444947557405578,0.020396016803097727,0.09786150861570214,4.893075430785107e-05,10,0.9499999999999998,0.050000000000000155
2019-12-18,0.03181569144765792,0.03175298004419552,0.12542280692478597,6.271140346239299e-05,10,0.9245771930752152,0.07542280692478476
2019-12-19,0.01190075411680856,0.011860439284910127,0.08062966379686837,4.031483189843419e-05,10,0.9499999999999998,0.050000000000000155
2019-12-20,-0.0031706560891454115,-0.0032104696917368888,0.07962720518295408,3.9813602591477035e-05,10,0.9500000000000001,0.04999999999999993
2019-12-23,0.027223946112027286,0.02716462194447628,0.1186483351020113,5.932416755100565e-05,10,0.9313516648979896,0.0686483351020104
2019-12-24,0.013432951480434064,0.013414266238733076,0.03737048340197586,1.868524170098793e-05,10,0.9499999999999997,0.050000000000000266
2019-12-26,-0.02453390838400442,-0.024608578668718087,0.14934056942733298,7.467028471366649e-05,10,0.9006594305726682,0.09934056942733183
2019-12-27,-0.007351335437910979,-0.007406867318095713,0.11106376036946926,5.553188018473463e-05,10,0.9500000000000002,0.04999999999999982
2019-12-30,0.003796781634350788,0.003739702648543884,0.11415797161380772,5.7078985806903866e-05,10,0.9358420283861931,0.06415797161380687
2019-12-31,0.008422280477249886,0.008341610659874607,0.16133963475055807,8.066981737527904e-05,10,0.9028183368632496,0.09718166313675036
2020-01-02,-0.023141140063366532,-0.023222634109929155,0.162988093125245,8.149404656262251e-05,10,0.9341935700115064,0.06580642998849362
2020-01-03,-0.003394682996521048,-0.0034603538003527175,0.13134160766333894,6.567080383166947e-05,10,0.9344648223251557,0.06553517767484429
2020-01-06,-0.006923590095280392,-0.006990693623952616,0.13420705734444832,6.710352867222416e-05,10,0.9313281203303969,0.06867187966960309
2020-01-07,-0.0056141758546782074,-0.005761740564769255,0.29512942018209565,0.00014756471009104782,10,0.7735424594875083,0.22645754051249167
2020-01-08,-0.00858217081251858,-0.008736430540170157,0.3085194553031523,0.00015425972765157613,10,0.9179380852093403,0.08206191479065972
2020-01-09,-0.007005798800893006,-0.007082896767493021,0.15419593320002967,7.709796660001483e-05,10,0.9278659815906309,0.07213401840936906
2020-01-10,0.015633488610792022,0.015555106612659082,0.1567639962658798,7.83819981329399e-05,10,0.9153700221434902,0.08462997785650983
2020-01-13,-0.0006004010032641645,-0.0006668881030283471,0.132974199528365,6.64870997641825e-05,10,0.9500000000000001,0.04999999999999993
2020-01-14,0.004679656883762997,0.00461254830884382,0.13421714983835495,6.710857491917747e-05,10,0.9157828501616458,0.08421714983835416
2020-01-15,0.0447334875007359,0.044662404667305165,0.14216566686146398,7.108283343073199e-05,10,0.9420514829768911,0.05794851702310888
2020-01-16,-0.0018255795294893908,-0.00190552585131057,0.15989264364235822,7.994632182117912e-05,10,0.8980558733807517,0.10194412661924834
2020-01-17,-0.03677274180188836,-0.03686167130106252,0.17785899834832242,8.892949917416121e-05,10,0.9240851282709269,0.07591487172907307
2020-01-21,0.008880776433970594,0.008838956785639951,0.08363929666128722,4.1819648330643614e-05,10,0.9500000000000002,0.04999999999999982
2020-01-22,-0.011244945407941074,-0.011263869009528948,0.037847203175747496,1.892360158787375e-05,10,0.9499999999999998,0.050000000000000155
2020-01-23,-0.011769428814332333,-0.011834251983212135,0.1296463377596058,6.48231688798029e-05,10,0.9203536622403953,0.07964633775960472
2020-01-24,-0.015754561550871682,-0.015855666557732375,0.20221001372138508,0.00010110500686069254,10,0.8774363240382206,0.12256367596177942
2020-01-27,0.02418708146000553,0.024137402064190856,0.09935879162934605,4.9679395814673026e-05,10,0.9500000000000001,0.04999999999999993
2020-01-28,0.005307946250559323,0.005228973684254896,0.1579451326088543,7.897256630442714e-05,10,0.8920548673911468,0.10794513260885319
2020-01-29,-0.012011100185492523,-0.012065217164870447,0.10823395875584702,5.411697937792351e-05,10,0.9500000000000002,0.04999999999999982
2020-01-30,-0.020318285093918483,-0.020377435875324753,0.11830156281254264,5.915078140627132e-05,10,0.9316984371874584,0.06830156281254163
2020-01-31,0.04756438865412583,0.0475175200125768,0.09373728309806184,4.686864154903092e-05,10,0.9500000000000001,0.04999999999999993
2020-02-03,0.02742306997052081,0.027334614256146028,0.1769114287495654,8.84557143747827e-05,10,0.8730885712504355,0.12691142874956451
2020-02-04,-0.01564476582810826,-0.015741941373522878,0.1943510908292343,9.717554541461715e-05,10,0.9325603379203312,0.06743966207966878
2020-02-05,-0.01764693645372229,-0.017711155023806633,0.12843714016868085,6.421857008434043e-05,10,0.9390025219109891,0.060997478089010904
2020-02-06,-0.010477348957008088,-0.01054319361242971,0.13168931084324453,6.584465542162226e-05,10,0.9293081672457676,0.07069183275423241
2020-02-07,0.031580801347866116,0.03153559037713466,0.09042194146291187,4.5210970731455934e-05,10,0.9500000000000002,0.04999999999999982
2020-02-10,0.003504256768369934,0.003431110990896408,0.146291554947052,7.314577747352601e-05,10,0.9037084450529491,0.09629155494705088
2020-02-11,-0.0015262972842300516,-0.001609661800438776,0.16672903241744913,8.336451620872457e-05,10,0.9295625225296029,0.07043747747039708
2020-02-12,-0.009569706841488848,-0.00967901568520226,0.21861768742682477,0.00010930884371341239,10,0.8518197900435732,0.14818020995642678
2020-02-13,0.009927788292767142,0.009858443727011284,0.1386891315117158,6.93445657558579e-05,10,0.95,0.050000000000000044
2020-02-14,0.0027885241287441843,0.0027629657831308723,0.05111669122662404,2.555834561331202e-05,10,0.9500000000000001,0.04999999999999993
2020-02-18,0.051367418311103204,0.05128773462704755,0.15936736811130925,7.968368405565463e-05,10,0.8906326318886918,0.1093673681113082
2020-02-19,-0.005325051777361758,-0.00540695687175656,0.16381018878960324,8.190509439480162e-05,10,0.9455571793217061,0.05444282067829387
2020-02-20,-0.015113129764660569,-0.015183553826736173,0.14084812415120784,7.042406207560392e-05,10,0.9135946965270871,0.08640530347291286
2020-02-21,-0.04517663303131432,-0.04527477816930572,0.19629027598279952,9.814513799139976e-05,10,0.8901150274901143,0.10988497250988571
2020-02-24,-0.051332046604643966,-0.051416390675674876,0.16868814206181698,8.43440710309085e-05,10,0.9411968304480699,0.0588031695519301
2020-02-25,-0.0073493830998756105,-0.007372381226103147,0.045996252455073175,2.2998126227536587e-05,10,0.9500000000000001,0.04999999999999993
2020-02-26,-0.049150038168949944,-0.04921215978874598,0.12424323959206143,6.212161979603071e-05,10,0.9257567604079395,0.07424323959206047
2020-02-27,-0.005958333603179828,-0.0060387490643335085,0.16083092230736185,8.041546115368092e-05,10,0.9134123172846997,0.08658768271530026
2020-02-28,0.0774131368821003,0.07734238683598112,0.14150009223837673,7.075004611918837e-05,10,0.9450875904769248,0.05491240952307519
2020-03-02,-0.013830537117058284,-0.013898899751598876,0.1367252690811864,6.83626345405932e-05,10,0.9181871404418901,0.08181285955810991
2020-03-03,0.03910371352883657,0.03903570290711471,0.1360212434437234,6.80106217218617e-05,10,0.9457916161143879,0.05420838388561211
2020-03-04,-0.01634825820115384,-0.016429556105221548,0.1625958081354153,8.129790406770765e-05,10,0.8916125757501979,0.10838742424980208
2020-03-05,-0.032376351353633606,-0.03250049023581311,0.24827776435900734,0.00012413888217950367,10,0.8601096598907958,0.1398903401092042
2020-03-06,-0.10372702719021143,-0.10382990363733027,0.20575289423769488,0.00010287644711884745,10,0.9341374458715105,0.06586255412848951
2020-03-09,0.010543050570972509,0.010475291263171536,0.13551861560194658,6.77593078009733e-05,10,0.9303439385265441,0.06965606147345593
2020-03-10,-0.07844801365252137,-0.07852410752711624,0.1521877491897329,7.609387459486645e-05,10,0.9174683122837242,0.08253168771627584
2020-03-11,-0.14271830331746635,-0.14277548751810742,0.11436840128216197,5.7184200641080986e-05,10,0.9499999999999998,0.050000000000000155
2020-03-12,0.011463425108901642,0.011410203646430648,0.10644292494199006,5.322146247099503e-05,10,0.9435570750580112,0.05644292494198877
2020-03-13,-0.14897050721452018,-0.1490013842339757,0.06175403891101552,3.087701945550776e-05,10,0.95,0.050000000000000044
2020-03-16,0.05932280447403244,0.05929687234762692,0.051864252811030846,2.5932126405515424e-05,10,0.95,0.050000000000000044
2020-03-17,-0.13290002328353984,-0.13296831603190726,0.13658549673485548,6.829274836742774e-05,10,0.9134145032651458,0.08658549673485416
2020-03-18,0.06409846422657128,0.06405118000863973,0.09456843586310708,4.728421793155354e-05,10,0.95,0.050000000000000044
2020-03-19,0.02609686777819058,0.02601641932950413,0.16089689737290042,8.04484486864502e-05,10,0.8891031026271007,0.11089689737289932
2020-03-20,0.06815203347012529,0.06805295535815377,0.1981562239430488,9.907811197152441e-05,10,0.9127406734298514,0.08725932657014857
2020-03-23,0.14470560968849572,0.1446716344184991,0.067950539993237,3.39752699966185e-05,10,0.9499999999999998,0.050000000000000155
2020-03-24,0.02634434253310189,0.026274321256580156,0.14004255304346175,7.002127652173087e-05,10,0.9099574469565395,0.09004255304346054
2020-03-25,0.02494635149869682,0.02490775827088372,0.07718645562619597,3.8593227813097984e-05,10,0.95,0.050000000000000044
2020-03-26,-0.05009630200640774,-0.05015907901298554,0.12555401315560008,6.277700657780004e-05,10,0.9244459868444012,0.07555401315559884
2020-03-27,-0.022016933972000188,-0.02212515716216865,0.2164463803369244,0.0001082231901684622,10,0.8591076328186755,0.14089236718132447
2020-03-30,-0.01248193329089055,-0.012538177665223301,0.11248874866550165,5.624437433275083e-05,10,0.95,0.050000000000000044
2020-03-31,-0.05201850984879487,-0.052086346951901445,0.13567420621314374,6.783710310657187e-05,10,0.9143257937868573,0.0856742062131427
2020-04-01,-0.010485294940404784,-0.010523688517209856,0.0767871536101438,3.8393576805071896e-05,10,0.95,0.050000000000000044
2020-04-02,-0.015776929904655172,-0.015836538234078653,0.1192166588469605,5.960832942348026e-05,10,0.9307833411530407,0.06921665884695927
2020-04-03,0.0813966559888164,0.08136785634063251,0.05759929636776992,2.879964818388496e-05,10,0.9500000000000001,0.04999999999999993
2020-04-06,-0.019531260564123094,-0.019547386276395937,0.0322514245456897,1.612571227284485e-05,10,0.9500000000000001,0.04999999999999993
2020-04-07,0.060892494985815386,0.06082248315698317,0.14002365766443226,7.001182883221613e-05,10,0.9099763423355689,0.0900236576644311
2020-04-08,0.01088321388494796,0.010803606700756292,0.1592143683833367,7.960718419166835e-05,10,0.9308092892810956,0.06919071071890437
2020-04-09,0.03880718636206305,0.03876809460859452,0.07818350693705566,3.909175346852783e-05,10,0.9499999999999998,0.050000000000000155
2020-04-13,0.07123376143176958,0.07119034293659449,0.08683699035018722,4.341849517509361e-05,10,0.9500000000000002,0.04999999999999982
2020-04-14,-0.004052993532851061,-0.004098439611978166,0.09089215825420945,4.544607912710472e-05,10,0.95,0.050000000000000044
2020-04-15,0.015959548514221766,0.01589651127932206,0.1260744697994149,6.303723489970745e-05,10,0.9239255302005862,0.07607446979941379
2020-04-16,0.011007215995614765,0.010888871722396288,0.23668854643695272,0.00011834427321847637,10,0.8393859233624621,0.1606140766375379
2020-04-17,0.041203105623688556,0.04106308333408517,0.28004457920677983,0.00014002228960338992,10,0.8805694974307592,0.11943050256924082
2020-04-20,-0.038372362423320754,-0.03852261717879786,0.3005095109542163,0.00015025475547710815,10,0.8189209916150257,0.18107900838497426
2020-04-21,0.02801048630171207,0.02789312816111311,0.2347162811979245,0.00011735814059896225,10,0.946362727187051,0.053637272812949055
2020-04-22,0.027445958419902626,0.027392217155048918,0.10748252970741579,5.3741264853707894e-05,10,0.9461547431055344,0.05384525689446562
2020-04-23,0.0176460934207112,0.017530571657731555,0.23104352595929317,0.00011552176297964659,10,0.8228017309351736,0.17719826906482639
2020-04-24,0.058853667330934153,0.058730061733012165,0.24721119584397688,0.00012360559792198844,10,0.9299870732208507,0.07001292677914928
2020-04-27,-0.011090592037690633,-0.011181314206970125,0.1814443385589834,9.07221692794917e-05,10,0.8885685882201669,0.11143141177983307
2020-04-28,0.017428479011644835,0.017380397265439905,0.09616349240985897,4.808174620492949e-05,10,0.9499999999999996,0.05000000000000038
2020-04-29,-0.02496593195252786,-0.025005485799350052,0.07910769364438883,3.955384682219442e-05,10,0.95,0.050000000000000044
2020-04-30,-0.027175601702806636,-0.027227093638489883,0.1029838713664911,5.149193568324556e-05,10,0.9470161286335099,0.052983871366490076
2020-05-01,0.03756978538173856,0.037534752468242116,0.07006582699288871,3.503291349644436e-05,10,0.9500000000000001,0.04999999999999993
2020-05-04,-0.0026571011252328695,-0.0027575278047863067,0.20085335910687438,0.0001004266795534372,10,0.8491466408931269,0.15085335910687314
2020-05-05,0.02514657446988648,0.025037337673470144,0.21847359283266976,0.00010923679641633488,10,0.9323797662742046,0.0676202337257954
2020-05-06,0.021965536477074936,0.02188106733158936,0.1689382909711505,8.446914548557525e-05,10,0.898681942754646,0.10131805724535403
2020-05-07,0.011025751247066626,0.010948657873780583,0.1541867465720858,7.70933732860429e-05,10,0.9471313106732692,0.05286868932673083
2020-05-08,0.07980875522237778,0.07973310059469094,0.1513092553736855,7.565462768684275e-05,10,0.9015594339530464,0.09844056604695361
2020-05-11,0.07993356740593889,0.07988535589300018,0.0964230258774101,4.821151293870505e-05,10,0.95,0.050000000000000044
2020-05-12,-0.011421219417184316,-0.011494518950951578,0.14659906753452473,7.329953376726237e-05,10,0.9034009324654766,0.09659906753452341
2020-05-13,-0.0068211913627962886,-0.006912492243350273,0.18260176110796938,9.130088055398469e-05,10,0.9139973064265552,0.08600269357344481
2020-05-14,0.013947228006028087,0.013907243334745103,0.0799693425659687,3.9984671282984354e-05,10,0.95,0.050000000000000044
2020-05-15,0.0621952285122088,0.062132047098076085,0.12636282826543344,6.318141413271672e-05,10,0.9236371717345677,0.07636282826543228
2020-05-18,-0.012990765699631672,-0.013029114262485179,0.07669712570701377,3.8348562853506885e-05,10,0.9500000000000001,0.04999999999999993
2020-05-19,0.004356425058011527,0.004268530706798814,0.17578870242542527,8.789435121271264e-05,10,0.8742112975745757,0.12578870242542428
2020-05-20,0.006606000399448461,0.00655663926503787,0.09872226882118226,4.9361134410591134e-05,10,0.9500000000000002,0.04999999999999982
2020-05-21,-0.022254781415202568,-0.02228644765690438,0.06333248340362498,3.1666241701812486e-05,10,0.9500000000000001,0.04999999999999993
2020-05-22,-0.01941611868779398,-0.019494256803601263,0.156276231614562,7.8138115807281e-05,10,0.8937237683854391,0.1062762316145609
2020-05-26,0.03229223209224553,0.032197274788492304,0.1899146075064519,9.495730375322595e-05,10,0.9163616241081102,0.08363837589188983
2020-05-27,-0.017406839679444536,-0.017496282474950938,0.17888559101280777,8.944279550640389e-05,10,0.9047527848790833,0.09524721512091672
2020-05-28,0.0282469542399119,0.028129737281035298,0.2344339177532045,0.00011721695887660225,10,0.8608132973677135,0.1391867026322865
2020-05-29,0.039649643504013656,0.03954841710259636,0.20245280283460088,0.00010122640141730044,10,0.936733899797687,0.06326610020231305
2020-06-01,-0.0231725121153015,-0.023188125582926995,0.031226935250986673,1.561346762549334e-05,10,0.9500000000000002,0.04999999999999982
2020-06-02,-0.03192599899097018,-0.032012123661713916,0.17224934148747825,8.612467074373913e-05,10,0.877750658512523,0.12224934148747701
2020-06-03,-0.03449638501984171,-0.03458584735404107,0.17892466839872584,8.946233419936292e-05,10,0.9433246730887526,0.05667532691124744
2020-06-04,0.005224750364137554,0.0051586267251434205,0.13224727798826674,6.612363899413337e-05,10,0.924428048922982,0.07557195107701797
2020-06-05,0.019240482080791498,0.01914377290960212,0.19341834237875807,9.670917118937904e-05,10,0.8821536086982612,0.1178463913017388
2020-06-08,-0.0028632755760506856,-0.002960772918867944,0.1949946856345168,9.74973428172584e-05,10,0.9228517056672234,0.07714829433277659
2020-06-09,0.0271227747740345,0.02707473290571468,0.09608373663963712,4.8041868319818564e-05,10,0.9499999999999998,0.050000000000000155
2020-06-10,-0.018306052123997538,-0.01836639048086504,0.12067671373499879,6.0338356867499396e-05,10,0.9293232862650027,0.07067671373499729
2020-06-11,0.022523122000990155,0.022411874733217096,0.2224945355461186,0.0001112472677730593,10,0.84818217818888,0.15181782181112002
2020-06-12,0.10872315667766336,0.10864828081923569,0.14975171685531674,7.487585842765837e-05,10,0.95,0.050000000000000044
2020-06-15,-0.0004968195089849768,-0.0005203576280613936,0.04707623815283367,2.3538119076416835e-05,10,0.9500000000000002,0.04999999999999982
2020-06-16,0.0009370134790720122,0.0008627795705286517,0.1484678170867209,7.423390854336045e-05,10,0.9015321829132803,0.0984678170867197
2020-06-17,0.040956418666732004,0.04084557573063126,0.22168587220149547,0.00011084293610074773,10,0.8767819448852257,0.12321805511477435
2020-06-18,0.051550825861502544,0.05150835095525388,0.08494981249732807,4.247490624866404e-05,10,0.95,0.050000000000000044
2020-06-19,0.016777268692159557,0.01671488985708243,0.1247576701542538,6.23788350771269e-05,10,0.9252423298457476,0.07475767015425239
2020-06-22,0.017437219036847074,0.017340821717609308,0.19279463847553135,9.639731923776568e-05,10,0.8819630316787224,0.11803696832127764
2020-06-23,0.03467183547448469,0.03458678640521064,0.17009813854811712,8.504906927405855e-05,10,0.9479388297731617,0.052061170226838316
2020-06-24,0.008523179436214931,0.008423956058060919,0.19844675630802347,9.922337815401173e-05,10,0.8536144139188162,0.1463855860811838
2020-06-25,-0.04994630060856535,-0.05006306989539302,0.2335385736553401,0.00011676928682767005,10,0.9128470124258451,0.0871529875741549
2020-06-26,0.03890086648398914,0.038826323281514405,0.14908640494946981,7.45432024747349e-05,10,0.9380665826246865,0.06193341737531355
2020-06-29,0.027695488391531506,0.027629676515339336,0.1316237523843393,6.581187619216965e-05,10,0.9303096649909756,0.06969033500902444
2020-06-30,-0.017278318994316044,-0.017313713979056386,0.0707899694806852,3.53949847403426e-05,10,0.9500000000000001,0.04999999999999993
2020-07-01,0.0065451696002779,0.0064613374935837825,0.16766421338823578,8.383210669411789e-05,10,0.8823357866117656,0.1176642133882344
2020-07-02,-0.012364065807151495,-0.012471719207196783,0.21530680009057623,0.00010765340004528812,10,0.9023574132976597,0.09764258670234027
2020-07-06,0.07850956408633473,0.07840384936056484,0.21142945153979825,0.00010571472576989913,10,0.8862131351625434,0.11378686483745659
2020-07-07,0.04583418160571314,0.04577922133541462,0.10992054059704161,5.4960270298520805e-05,10,0.95,0.050000000000000044
2020-07-08,0.007533702041941444,0.007436280476900793,0.19484313008130236,9.742156504065118e-05,10,0.855156869918699,0.144843130081301
2020-07-09,-0.014545906340775884,-0.014630710901151246,0.16960912075072268,8.480456037536134e-05,10,0.95,0.050000000000000044
2020-07-10,0.0135994492152028,0.013532532470075373,0.13383349025485528,6.691674512742764e-05,10,0.9161665097451464,0.08383349025485365
2020-07-13,0.020303695011072355,0.02025965024927555,0.08808952359361161,4.4044761796805807e-05,10,0.9500000000000001,0.04999999999999993
2020-07-14,0.01895978029188319,0.01890225430756844,0.11505196862950078,5.752598431475039e-05,10,0.9349480313705006,0.06505196862949936
2020-07-15,0.01797143948845705,0.017946550017250696,0.04977894241271103,2.4889471206355515e-05,10,0.95,0.050000000000000044
2020-07-16,0.058036740103363085,0.0580193269705292,0.03482626566776984,1.741313283388492e-05,10,0.95,0.050000000000000044
2020-07-17,-0.017969892130628756,-0.017988526611032493,0.037268960807471864,1.863448040373593e-05,10,0.95,0.050000000000000044
2020-07-20,0.006586956000195884,0.006573739981144371,0.026432038103026453,1.3216019051513227e-05,10,0.9499999999999998,0.050000000000000155
2020-07-21,-0.0001998247681758295,-0.0002217538478152053,0.043858159278751585,2.1929079639375792e-05,10,0.9499999999999996,0.05000000000000038
2020-07-22,-0.04954610686627503,-0.04959175911930427,0.09130450605846764,4.565225302923382e-05,10,0.9499999999999998,0.050000000000000155
2020-07-23,-0.04086606286170254,-0.04088821119442008,0.04429666543508788,2.214833271754394e-05,10,0.9500000000000001,0.04999999999999993
2020-07-24,0.04491906843240127,0.044886138446958365,0.06585997088580449,3.292998544290224e-05,10,0.95,0.050000000000000044
2020-07-27,0.008125317075467434,0.008085811397490502,0.07901135595386227,3.9505677976931136e-05,10,0.9499999999999998,0.050000000000000155
2020-07-28,-0.012862632559098548,-0.012922996556970547,0.12072799574399845,6.036399787199923e-05,10,0.9292720042560032,0.0707279957439968
2020-07-29,-0.0034929718393829044,-0.0035449531183683156,0.10396255797082204,5.198127898541102e-05,10,0.95,0.050000000000000044
2020-07-30,-0.020744985134587834,-0.020802960230685393,0.11595019219511524,5.797509609755762e-05,10,0.9340498078048862,0.06595019219511378
2020-07-31,0.09240623776397593,0.09237031176610773,0.07185199573639922,3.592599786819961e-05,10,0.95,0.050000000000000044
2020-08-03,0.0031574442283672146,0.003127847491775924,0.05919347318258168,2.9596736591290843e-05,10,0.95,0.050000000000000044
2020-08-04,0.024649919341033784,0.024577378410684806,0.14508186069795642,7.254093034897822e-05,10,0.9049181393020451,0.09508186069795488
2020-08-05,-0.01012817241221133,-0.010237825332456063,0.2193058404894657,0.00010965292024473285,10,0.8757760202084905,0.12422397979150945
2020-08-06,-0.017014081302020416,-0.01709937288373818,0.17058316343553104,8.529158171776552e-05,10,0.9500000000000002,0.04999999999999982
2020-08-07,0.021697089626472894,0.021632943122447297,0.12829300805119265,6.414650402559633e-05,10,0.9217069919488087,0.07829300805119133
2020-08-10,-0.09145148764586046,-0.09147583244197674,0.04868959223255287,2.4344796116276434e-05,10,0.95,0.050000000000000044
2020-08-11,-0.04721539667662448,-0.0472604371280021,0.09008090275523607,4.504045137761804e-05,10,0.95,0.050000000000000044
2020-08-12,0.0371876440910207,0.037134955070282465,0.10537804147646028,5.268902073823014e-05,10,0.9446219585235414,0.05537804147645864
2020-08-13,0.018987593401433543,0.018906853853829387,0.16147909520830944,8.073954760415472e-05,10,0.8938989462681507,0.1061010537318493
2020-08-14,0.03428870722352873,0.03420894703721633,0.15952037262480512,7.976018631240257e-05,10,0.9465806811070454,0.05341931889295459
2020-08-17,-0.020988831470655393,-0.021018920920293373,0.060178899275959985,3.0089449637979992e-05,10,0.9499999999999997,0.050000000000000266
2020-08-18,0.0012655929464987343,0.0011977606052475385,0.1356646825023916,6.783234125119581e-05,10,0.9143353174976099,0.08566468250239012
2020-08-19,-0.008009884556762529,-0.008067536273354528,0.11530343318399913,5.7651716591999566e-05,10,0.95,0.050000000000000044
2020-08-20,-0.023132424259515717,-0.023155157122866032,0.04546572670063093,2.2732863350315465e-05,10,0.95,0.050000000000000044
2020-08-21,-0.061766968611779334,-0.0617816663867427,0.029395549926734904,1.4697774963367453e-05,10,0.95,0.050000000000000044
2020-08-24,-0.0009577111356866219,-0.001011380782667785,0.10733929396232647,5.3669646981163235e-05,10,0.9426607060376749,0.057339293962325066
2020-08-25,0.01017517239110425,0.010117005896798295,0.11633298861190954,5.816649430595477e-05,10,0.941006305350417,0.05899369464958304
2020-08-26,-0.03831665109077945,-0.03833530598082792,0.037309780096949956,1.865489004847498e-05,10,0.9500000000000002,0.04999999999999982
2020-08-27,-0.009843962581647,-0.00986896675233039,0.05000834136678384,2.500417068339192e-05,10,0.9499999999999996,0.05000000000000038
2020-08-28,0.0308930307535582,0.030863899773584943,0.05826195994651404,2.9130979973257023e-05,10,0.9499999999999996,0.05000000000000038
2020-08-31,-0.010271157568468992,-0.010307909931141146,0.07350472534430622,3.675236267215311e-05,10,0.9499999999999998,0.050000000000000155
2020-09-01,-0.016189163788469164,-0.016208307444795563,0.03828731265279722,1.914365632639861e-05,10,0.9500000000000001,0.04999999999999993
2020-09-02,-0.03176118534737503,-0.031778970573960605,0.0355704531711576,1.7785226585578798e-05,10,0.95,0.050000000000000044
2020-09-03,-0.05251931651601971,-0.052560638542523866,0.08264405300830682,4.1322026504153413e-05,10,0.9499999999999998,0.050000000000000155
2020-09-04,-0.05936899144289433,-0.059434710748606984,0.13143861142530971,6.571930571265486e-05,10,0.9185613885746919,0.08143861142530806
2020-09-08,0.05493414228461019,0.054857711486150575,0.1528615969192242,7.64307984596121e-05,10,0.9285770145060852,0.07142298549391479
2020-09-09,0.008204664785565153,0.008134993022928605,0.13934352527309568,6.967176263654784e-05,10,0.9320794602208202,0.06792053977917978
2020-09-10,0.009070093001251072,0.008993403487272005,0.1533790279581334,7.66895139790667e-05,10,0.9145415118210475,0.08545848817895252
2020-09-11,0.08280034393135527,0.08271346180328285,0.1737642561448525,8.688212807242625e-05,10,0.9116942320341013,0.08830576796589873
2020-09-14,0.02536321630806796,0.02531825614729591,0.08992032154410068,4.496016077205034e-05,10,0.9499999999999998,0.050000000000000155
2020-09-15,0.029638848079210276,0.029609140692927024,0.05941477256650283,2.9707386283251414e-05,10,0.9500000000000001,0.04999999999999993
2020-09-16,-0.005633122815759636,-0.0057032254089870145,0.1402051864547576,7.01025932273788e-05,10,0.9097948135452437,0.09020518645475628
2020-09-17,-0.0033568966053929934,-0.003397476572843903,0.08115993490181879,4.0579967450909395e-05,10,0.9500000000000002,0.04999999999999982
2020-09-18,0.0019991501531559956,0.0019310034890202238,0.1362933282715437,6.814666413577184e-05,10,0.9137066717284574,0.08629332827154257
2020-09-21,0.0011478932079617686,0.0010832121312610776,0.12936215340138196,6.468107670069098e-05,10,0.9500000000000001,0.04999999999999993
2020-09-22,-0.06324610172540968,-0.06326971226318355,0.0472210755477418,2.3610537773870898e-05,10,0.95,0.050000000000000044
2020-09-23,-0.00746015921386829,-0.0075310081378168305,0.14169784789707995,7.084892394853997e-05,10,0.9083021521029213,0.09169784789707869
2020-09-24,0.05227740018472442,0.05219212728391435,0.17054580162013533,8.527290081006767e-05,10,0.9211520462769447,0.07884795372305531
2020-09-25,0.015719014365442412,0.015642146091542717,0.15373654779938964,7.686827389969482e-05,10,0.925111405923667,0.07488859407633297
2020-09-28,0.0078075485794842844,0.007780007173582438,0.05508281180369301,2.7541405901846506e-05,10,0.95,0.050000000000000044
2020-09-29,0.01306943790341634,0.013005369910882515,0.128135985067651,6.406799253382551e-05,10,0.9218640149323504,0.07813598506764963
2020-09-30,0.008423163159081842,0.008350576547090875,0.14517322398193638,7.25866119909682e-05,10,0.9329627610857146,0.06703723891428537
2020-10-01,-0.009097769940556298,-0.009219300410206643,0.24306093930068912,0.00012153046965034456,10,0.8239762996135976,0.17602370038640236
2020-10-02,0.03831065414183379,0.038204234719208696,0.21283884525017993,0.00010641942262508997,10,0.95,0.050000000000000044
2020-10-05,-0.02575941055396057,-0.025850794855797363,0.18276860367358921,9.13843018367946e-05,10,0.867231396326412,0.132768603673588
2020-10-06,0.03304957044548176,0.03299485186439218,0.10943716217916002,5.471858108958001e-05,10,0.95,0.050000000000000044
2020-10-07,-0.006723269641677123,-0.006797202704649851,0.1478661259454552,7.39330629727276e-05,10,0.9021338740545458,0.09786612594545419
2020-10-08,0.023304370563162556,0.023235587094437432,0.1375669374502465,6.878346872512326e-05,10,0.9499999999999998,0.050000000000000155
2020-10-09,-0.0006396732159293496,-0.0006505003891513836,0.02165434644406805,1.0827173222034025e-05,10,0.9500000000000001,0.04999999999999993
2020-10-12,0.03556022503322821,0.03550412975617161,0.11219055411320818,5.609527705660409e-05,10,0.937809445886793,0.06219055411320695
2020-10-13,0.015946331351582514,0.015845366857959776,0.20192898724547695,0.00010096449362273847,10,0.8602615668677311,0.13973843313226886
2020-10-14,-0.000932750023074495,-0.0009848532160415754,0.10420638593416078,5.210319296708039e-05,10,0.95,0.050000000000000044
2020-10-15,-0.013030577401194966,-0.013098882700259096,0.1366105981282599,6.830529906412995e-05,10,0.9133894018717414,0.08661059812825855
2020-10-16,-0.021687040892419056,-0.021716334311685924,0.058586838533734996,2.92934192668675e-05,10,0.9499999999999998,0.050000000000000155
2020-10-19,-0.012968521531150096,-0.012988198158255297,0.039353254210400104,1.9676627105200053e-05,10,0.95,0.050000000000000044
2020-10-20,-0.05951061663747346,-0.059532375473555936,0.04351767216495566,2.1758836082477832e-05,10,0.9499999999999998,0.050000000000000155
2020-10-21,0.013421989458662678,0.013357462190088362,0.1290545371486312,6.452726857431559e-05,10,0.9209454628513702,0.07905453714862976
2020-10-22,-0.006427011507738351,-0.006492374758223466,0.13072650097023042,6.536325048511521e-05,10,0.9483280361784007,0.05167196382159933
2020-10-23,-0.024403603880037473,-0.024469002024621923,0.13079628916889963,6.539814458444981e-05,10,0.920875674652701,0.07912432534729896
2020-10-26,0.022600268298910247,0.022535243834546873,0.13004892872675028,6.502446436337514e-05,10,0.9490753966205498,0.05092460337945015
2020-10-27,-0.029529223313982462,-0.02959244447270226,0.1264423174395924,6.32211587197962e-05,10,0.9244822859398589,0.07551771406014107
2020-10-28,0.04025947908258351,0.04019075185198232,0.13745446120237415,6.872723060118708e-05,10,0.9380632528577681,0.06193674714223185
2020-10-29,-0.05843996602687772,-0.05850478456819202,0.1296370826286049,6.481854131430245e-05,10,0.9322996645136281,0.06770033548637189
2020-10-30,0.03073892555675943,0.03064224525980616,0.19336059390653781,9.66802969532689e-05,10,0.8743397415798353,0.1256602584201647
2020-11-02,0.038854546693626674,0.03880682710380896,0.09543917963543395,4.771958981771698e-05,10,0.9499999999999998,0.050000000000000155
2020-11-03,0.03411148903471956,0.03408731800490775,0.04834205962362189,2.4171029811810944e-05,10,0.9500000000000001,0.04999999999999993
2020-11-04,0.06007392632229843,0.06000294654890395,0.1419595467889606,7.09797733944803e-05,10,0.9080404532110408,0.09195954678895923
2020-11-05,-0.009453863259434585,-0.009493219208686,0.07871189850282857,3.935594925141429e-05,10,0.9500000000000002,0.04999999999999982
2020-11-06,-0.0272764882375,-0.027293972885344197,0.03496929568839471,1.7484647844197353e-05,10,0.95,0.050000000000000044
2020-11-09,-0.05112024903792106,-0.05114038530350267,0.040272531163214956,2.013626558160748e-05,10,0.95,0.050000000000000044
2020-11-10,0.06280510569416939,0.0627829992442245,0.0442128998897792,2.2106449944889603e-05,10,0.9499999999999996,0.05000000000000038
2020-11-11,0.06107487105976578,0.06104487462358332,0.05999287236491352,2.999643618245676e-05,10,0.9499999999999998,0.050000000000000155
2020-11-12,0.0014861432446567598,0.0014481200224126431,0.07604644448823311,3.8023222244116555e-05,10,0.95,0.050000000000000044
2020-11-13,0.0007422714915543954,0.0006791394827471198,0.1262640176145512,6.313200880727559e-05,10,0.9237359823854501,0.07626401761454993
2020-11-16,0.011176068231341462,0.011122056469910314,0.10802352286229666,5.401176143114833e-05,10,0.9499999999999998,0.050000000000000155
2020-11-17,-0.009120683878827486,-0.009181345338838002,0.12132292002103262,6.066146001051631e-05,10,0.928677079978969,0.07132292002103102
2020-11-18,0.015828871418268678,0.01577166688621667,0.11440906410401604,5.720453205200802e-05,10,0.95,0.050000000000000044
2020-11-19,0.014235131267103601,0.014169954030346604,0.13035447351399576,6.517723675699788e-05,10,0.9196455264860055,0.0803544735139945
2020-11-20,0.055509402675572576,0.05544752095031605,0.12376345051305034,6.188172525652516e-05,10,0.95,0.050000000000000044
2020-11-23,-0.009174706667785993,-0.009185268645417863,0.021123955263742465,1.0561977631871232e-05,10,0.95,0.050000000000000044
2020-11-24,0.03522140708482455,0.03516239278787505,0.11802859389900915,5.901429694950457e-05,10,0.9319714061009922,0.06802859389900784
2020-11-25,0.08826138402408304,0.08819483954609052,0.13308895598503975,6.654447799251988e-05,10,0.9349396379139694,0.06506036208603061
2020-11-27,0.00978188752104516,0.009747782459464022,0.06821012316227337,3.410506158113669e-05,10,0.9500000000000001,0.04999999999999993
2020-11-30,-0.058127895485355054,-0.058201673843065696,0.1475567154212788,7.37783577106394e-05,10,0.9024432845787225,0.09755671542127753
2020-12-01,0.015653285798519066,0.015571834569165218,0.16290245870769487,8.145122935384744e-05,10,0.934654256713584,0.06534574328641596
2020-12-02,0.0009090351533070798,0.0008429172201126647,0.13223586638883006,6.611793319441503e-05,10,0.9331098768975874,0.0668901231024126
2020-12-03,-0.004797241506503393,-0.004822578915035835,0.05067481706488561,2.5337408532442804e-05,10,0.9500000000000001,0.04999999999999993
2020-12-04,0.01937569753309942,0.01931590152982221,0.1195920065544184,5.97960032772092e-05,10,0.9304079934455829,0.06959200655441711
2020-12-07,0.016731237191961488,0.016667100190233562,0.12827400345585338,6.413700172792669e-05,10,0.9413180030985651,0.05868199690143494
2020-12-08,-0.04682650170589664,-0.046886841387650015,0.1206793635067525,6.033968175337625e-05,10,0.9380026333946838,0.061997366605316184
2020-12-09,0.02063380800086847,0.020562732576894463,0.14215084794801364,7.107542397400681e-05,10,0.919846518657304,0.08015348134269595
2020-12-10,-6.131269342574762e-05,-8.97595881552155e-05,0.056893789458935765,2.844689472946788e-05,10,0.95,0.050000000000000044
2020-12-11,0.004730796834017408,0.004704451505021133,0.0526906579925505,2.634532899627525e-05,10,0.9500000000000001,0.04999999999999993
2020-12-14,0.025472476800655723,0.025447394438387803,0.05016472453583973,2.5082362267919864e-05,10,0.95,0.050000000000000044
2020-12-15,0.005455852851885209,0.0053913734648439356,0.12895877408254627,6.447938704127314e-05,10,0.9210412259174552,0.07895877408254481
2020-12-16,0.041733502947365456,0.041679075715237886,0.10885446425513894,5.442723212756947e-05,10,0.95,0.050000000000000044
2020-12-17,-0.002140695682008872,-0.0021547704976546487,0.028149631291553873,1.4074815645776937e-05,10,0.95,0.050000000000000044
2020-12-18,0.02121414686218033,0.02116191806330544,0.10445759774978311,5.2228798874891554e-05,10,0.9455424022502185,0.05445759774978154
2020-12-21,-0.007522636625006288,-0.007545488637740926,0.0457040254692767,2.2852012734638353e-05,10,0.9500000000000002,0.04999999999999982
2020-12-22,0.01850504324667008,0.018485317837918246,0.03945081750366789,1.9725408751833946e-05,10,0.95,0.050000000000000044
2020-12-23,-0.004855192730003488,-0.004877580254891887,0.0447750497767989,2.2387524888399452e-05,10,0.95,0.050000000000000044
2020-12-24,-0.05134022374154233,-0.05135679564495708,0.03314380682949443,1.6571903414747214e-05,10,0.9500000000000001,0.04999999999999993
2020-12-28,0.0115562128748113,0.011540870313936134,0.030685121750331015,1.534256087516551e-05,10,0.95,0.050000000000000044
2020-12-29,0.021181661891054335,0.021068407825769422,0.22650813056982474,0.00011325406528491237,10,0.8234918694301768,0.17650813056982317
2020-12-30,-0.020602675768179875,-0.020712798618897778,0.22024570143580657,0.0001101228507179033,10,0.95,0.050000000000000044
2020-12-31,0.02296828661582476,0.02289735492561646,0.14186338041660104,7.093169020830052e-05,10,0.9081366195834004,0.09186338041659958
2021-01-04,0.021573848849152453,0.021546886064269726,0.05392556976545575,2.6962784882727873e-05,10,0.9500000000000003,0.04999999999999971
2021-01-05,0.020934232625867036,0.020875960473425333,0.11654430488340542,5.827215244170271e-05,10,0.9334556951165959,0.06654430488340413
2021-01-06,0.06469024942158483,0.0646365052195437,0.10748840408225546,5.374420204112773e-05,10,0.95,0.050000000000000044
2021-01-07,0.01848824252792286,0.01843327900225456,0.10992705133659983,5.4963525668299913e-05,10,0.9400729486634016,0.05992705133659837
2021-01-08,-0.011032853911015196,-0.011053251896614323,0.04079597119825184,2.039798559912592e-05,10,0.9499999999999998,0.050000000000000155
2021-01-11,0.058306953703570655,0.0582515570918216,0.11079322349810711,5.539661174905356e-05,10,0.9392067765018943,0.060793223498105675
2021-01-12,0.008898840052194755,0.008844523994301008,0.1086321157874941,5.4316057893747054e-05,10,0.95,0.050000000000000044
2021-01-13,0.020191442785290517,0.020130696656375065,0.12149225783090548,6.074612891545274e-05,10,0.9285077421690959,0.07149225783090407
2021-01-14,-0.02829374815117107,-0.02832231945448181,0.05714260662147558,2.857130331073779e-05,10,0.95,0.050000000000000044
2021-01-15,0.01492680365609046,0.014890911310200114,0.07178469178069243,3.589234589034621e-05,10,0.9499999999999998,0.050000000000000155
2021-01-19,-0.017923123020898348,-0.017966040945782587,0.08583584976847564,4.2917924884237816e-05,10,0.9499999999999998,0.050000000000000155
2021-01-20,0.0076737464249060985,0.007611368480887512,0.12475588803717204,6.237794401858602e-05,10,0.9252441119628293,0.0747558880371707
2021-01-21,0.02389711146427617,0.02385837578994369,0.07747134866496294,3.873567433248147e-05,10,0.95,0.050000000000000044
2021-01-22,0.0029075019621962977,0.0028821598596978837,0.050684204996827985,2.5342102498413995e-05,10,0.95,0.050000000000000044
2021-01-25,0.03657010707372015,0.03650006624623059,0.14008165497913014,7.004082748956507e-05,10,0.9099183450208713,0.09008165497912868
2021-01-26,0.07586530667132288,0.075822933593305,0.08474615603575052,4.237307801787526e-05,10,0.9500000000000001,0.04999999999999993
2021-01-27,-0.01997495910134808,-0.020049036374802917,0.14815454690967428,7.407727345483715e-05,10,0.9018454530903269,0.09815454690967307
2021-01-28,0.15953360812112952,0.15947465072242756,0.11791479740389346,5.8957398701946734e-05,10,0.9500000000000001,0.04999999999999993
2021-01-29,0.030635912234825126,0.030569208735402396,0.1334069988454593,6.670349942272965e-05,10,0.9165930011545419,0.0834069988454581
2021-02-01,-0.029314079414857055,-0.029388667847410743,0.14917686510737838,7.45884325536892e-05,10,0.934230133738081,0.06576986626191905
2021-02-02,0.03801254710840772,0.037943008513054904,0.13907719070563151,6.953859535281576e-05,10,0.9266926755562888,0.07330732444371124
2021-02-03,-0.016899869467303343,-0.016968313397949766,0.1368878612928437,6.844393064642185e-05,10,0.9364194631508689,0.06358053684913112
2021-02-04,0.013787804221372166,0.013695964048720038,0.18368034530425703,9.184017265212852e-05,10,0.8799001915448754,0.12009980845512458
2021-02-05,0.0347205114640721,0.034608188571566445,0.2246457850113103,0.00011232289250565516,10,0.8954540234438155,0.10454597655618447
2021-02-08,-0.0004962103894267891,-0.000584900607251681,0.17738043564978373,8.869021782489187e-05,10,0.927165540906402,0.07283445909359798
2021-02-09,-0.028315361712681106,-0.028358287159217965,0.08585089307371434,4.292544653685717e-05,10,0.9500000000000002,0.04999999999999982
2021-02-10,0.0075928762540521935,0.007566338605205308,0.05307529769377048,2.653764884688524e-05,10,0.9499999999999998,0.050000000000000155
2021-02-11,-0.0009217721051214358,-0.0009900773052262215,0.13661040020957146,6.830520010478573e-05,10,0.91338959979043,0.08661040020957
2021-02-12,-0.03705750613313436,-0.03711148481300328,0.1079573597378394,5.3978679868919704e-05,10,0.9499999999999998,0.050000000000000155
2021-02-16,-0.026242939752791385,-0.026308473982690542,0.13106845979831344,6.553422989915672e-05,10,0.9189315402016879,0.08106845979831212
2021-02-17,-0.04817339908583256,-0.048239186879222316,0.13157558677950584,6.578779338975293e-05,10,0.9494928730188075,0.05050712698119253
2021-02-18,0.04364131560225079,0.04360962549212534,0.06338022025090109,3.1690110125450544e-05,10,0.95,0.050000000000000044
2021-02-19,-0.057195712239074784,-0.05722251659209031,0.05360870603104616,2.680435301552308e-05,10,0.9499999999999997,0.050000000000000266
2021-02-22,-0.025991335972373596,-0.026057222513383837,0.13177308202048527,6.588654101024264e-05,10,0.9182269179795162,0.08177308202048383
2021-02-23,0.19825901490889264,0.1981659294150619,0.1861709876614916,9.30854938307458e-05,10,0.8956020943589934,0.1043979056410066
2021-02-24,-0.011794778928167923,-0.011864134313506603,0.13871077067735865,6.935538533867933e-05,10,0.9500000000000001,0.04999999999999993
2021-02-25,0.0019529499574600226,0.0018354649559648225,0.2349700029904001,0.00011748500149520006,10,0.8150299970096013,0.18497000299039867
2021-02-26,0.10693470004744082,0.10674859367949588,0.37221273588988346,0.00018610636794494172,10,0.8127572671005167,0.18724273289948334
2021-03-01,-0.045619331953879114,-0.0457449384507523,0.2512129937463799,0.00012560649687318995,10,0.936029739153105,0.06397026084689506
2021-03-02,-0.011591571184574517,-0.011679806110689207,0.17646985222937828,8.823492611468914e-05,10,0.8875004086175182,0.11249959138248178
2021-03-03,-0.017289740079463174,-0.017366386606398464,0.15329305387058115,7.664652693529058e-05,10,0.9499999999999998,0.050000000000000155
2021-03-04,0.019128122046105017,0.019000187610335353,0.2558688715393264,0.0001279344357696632,10,0.794131128460675,0.20586887153932498
2021-03-05,0.04486968865142989,0.04478188303716044,0.17561122853889027,8.780561426944514e-05,10,0.9500000000000001,0.04999999999999993
2021-03-08,0.13496693030211995,0.1348999137810504,0.13403304213911327,6.701652106955664e-05,10,0.915966957860888,0.084033042139112
2021-03-09,0.018724440976542838,0.018650196296943023,0.14848935919962813,7.424467959981406e-05,10,0.9355436829394852,0.0644563170605148
2021-03-10,0.050451962967870675,0.05038070779688741,0.14251034196653695,7.125517098326847e-05,10,0.9219459750939791,0.07805402490602087
2021-03-11,0.007634466688392803,0.007554014383658661,0.16090460946828555,8.045230473414278e-05,10,0.9171494154377365,0.08285058456226346
2021-03-12,-0.0005362771974660443,-0.0006157066814951081,0.15885896805812746,7.942948402906374e-05,10,0.9239916165041373,0.0760083834958627
2021-03-15,-0.03693039899025463,-0.036959808500497245,0.058819020485232555,2.9409510242616278e-05,10,0.9500000000000001,0.04999999999999993
2021-03-16,-0.0018707612414750035,-0.0019800166935588863,0.21851090416776572,0.00010925545208388286,10,0.8314890958322354,0.1685109041677646
2021-03-17,-0.05503957426665862,-0.055202353719360824,0.3255589054044013,0.00016277945270220064,10,0.8429519987633644,0.15704800123663565
2021-03-18,0.026827863499266875,0.026706105285076116,0.2435164283815166,0.0001217582141907583,10,0.9135315728551202,0.08646842714487979
2021-03-19,-0.0006801316612077882,-0.0007702324805005802,0.1802016385855839,9.010081929279196e-05,10,0.9062667885592971,0.0937332114407029
2021-03-22,-0.05004966144232374,-0.0501017032243768,0.10408356410610983,5.2041782053054916e-05,10,0.9500000000000002,0.04999999999999982
2021-03-23,-0.09918039753600617,-0.09925819440894242,0.15559374587247693,7.779687293623847e-05,10,0.8944062541275243,0.10559374587247572
2021-03-24,0.050590718275153115,0.05049620815803246,0.18902023424130968,9.451011712065484e-05,10,0.9165735116311675,0.08342648836883249
2021-03-25,-0.009559695168405824,-0.009634282036549858,0.14917373628806818,7.45868681440341e-05,10,0.9342527520807657,0.06574724791923425
2021-03-26,-0.016281672299340133,-0.016331983720877085,0.1006228430739029,5.031142153695145e-05,10,0.9500000000000002,0.04999999999999982
2021-03-29,0.04038338311703595,0.04036296858028048,0.0408290735109439,2.041453675547195e-05,10,0.9499999999999998,0.050000000000000155
2021-03-30,0.03817914072389339,0.03813858226085333,0.08111692608011614,4.055846304005807e-05,10,0.9500000000000001,0.04999999999999993
2021-03-31,0.013776095186146316,0.013751816905021851,0.04855656224892944,2.4278281124464718e-05,10,0.95,0.050000000000000044
2021-04-01,-0.024942007353700224,-0.025019623919069364,0.15523313073828174,7.761656536914086e-05,10,0.8947668692617194,0.10523313073828056
2021-04-05,-0.004412504837690645,-0.004484826952994764,0.14464423060823664,7.232211530411832e-05,10,0.95,0.050000000000000044
2021-04-06,-0.027661507503688666,-0.027695471212222836,0.06792741706834003,3.3963708534170015e-05,10,0.95,0.050000000000000044
2021-04-07,-0.0034409039318611234,-0.0035330740762404,0.18434028875855366,9.217014437927682e-05,10,0.8656597112414477,0.1343402887585523
2021-04-08,-0.03842460690520184,-0.03852854743760414,0.207881064804598,0.000103940532402299,10,0.9264592239539556,0.07354077604604436
2021-04-09,-0.06556880742710194,-0.0655937582172081,0.049901580212314355,2.4950790106157177e-05,10,0.9499999999999998,0.050000000000000155
2021-04-12,0.006291136803885966,0.006232260040925788,0.11775352592035636,5.887676296017818e-05,10,0.932246474079645,0.067753525920355
2021-04-13,0.08862057120059078,0.08858752553558272,0.06609133001611787,3.304566500805894e-05,10,0.95,0.050000000000000044
2021-04-14,-0.034253071967342806,-0.03431737699558228,0.1286100564789543,6.430502823947715e-05,10,0.9213899435210469,0.07861005647895314
2021-04-15,-0.0020502780870784894,-0.0021220596035434313,0.1435630329298837,7.178151646494185e-05,10,0.9350470235490707,0.06495297645092935
2021-04-16,0.031183920946082525,0.031093054426121647,0.18173303992175677,9.086651996087838e-05,10,0.883219936529174,0.11678006347082603
2021-04-19,-0.05490694804331722,-0.05498706181250599,0.16022753837753362,8.011376918876681e-05,10,0.9499999999999998,0.050000000000000155
2021-04-20,0.013579584469267079,0.01353862220003268,0.08192453846879669,4.0962269234398344e-05,10,0.9500000000000002,0.04999999999999982
2021-04-21,-0.015259686985951029,-0.015330160106402816,0.14094624090357571,7.047312045178785e-05,10,0.9090537590964254,0.09094624090357462
2021-04-22,0.021695103153781592,0.0216545748989654,0.08105650963237805,4.0528254816189026e-05,10,0.95,0.050000000000000044
2021-04-23,0.056350313857589866,0.056297106733387,0.10641424840573176,5.320712420286588e-05,10,0.9435857515942696,0.056414248405730394
2021-04-26,0.016310996925108383,0.01624306780592617,0.13585823836442917,6.792911918221459e-05,10,0.9205560100413025,0.0794439899586975
2021-04-27,0.021291860911349145,0.02125912194456924,0.0654779335598068,3.2738966779903404e-05,10,0.9500000000000001,0.04999999999999993
2021-04-28,-0.025564498336710408,-0.025593076160712488,0.057155648004157567,2.8577824002078783e-05,10,0.9500000000000001,0.04999999999999993
2021-04-29,-0.012263973174598455,-0.012297683967540112,0.06742158588331576,3.371079294165788e-05,10,0.95,0.050000000000000044
2021-04-30,-0.033386330865636,-0.03340673655561177,0.04081137995154052,2.0405689975770263e-05,10,0.9499999999999997,0.050000000000000266
2021-05-03,-0.030692450356481393,-0.030755385130911358,0.1258695488599313,6.293477442996565e-05,10,0.9241304511400701,0.07586954885992991
2021-05-04,0.0023349794965063114,0.0022554848646486373,0.15898926371534794,7.949463185767397e-05,10,0.9168802851445832,0.0831197148554168
2021-05-05,-0.00972631252657058,-0.009793747762022282,0.1348704709034038,6.74352354517019e-05,10,0.9482492439520143,0.051750756047985735
2021-05-06,0.005745737651438123,0.005681436831137448,0.1286016406013507,6.430082030067536e-05,10,0.9231491154466364,0.07685088455336364
2021-05-07,-0.07616531156777659,-0.07622666608835939,0.122709041165587,6.13545205827935e-05,10,0.9500000000000001,0.04999999999999993
2021-05-10,0.01999915907302404,0.0199407763267561,0.11676549253588127,5.8382746267940636e-05,10,0.9332345074641202,0.06676549253587982
2021-05-11,-0.04491625035585632,-0.044988193770260115,0.14388682880759252,7.194341440379626e-05,10,0.9228786637282888,0.07712133627171125
2021-05-12,0.034161490000164316,0.034054443925027794,0.21409215027303963,0.00010704607513651981,10,0.8630291859986732,0.13697081400132682
2021-05-13,0.033074954144582884,0.03297974381371913,0.19042066172749775,9.521033086374888e-05,10,0.9465501522738304,0.053449847726169564
2021-05-14,0.057425672046118086,0.05734834983923225,0.15464441377166466,7.732220688583233e-05,10,0.8988054339545062,0.10119456604549382
2021-05-17,-0.0001372582974572237,-0.00021672698635455406,0.15893737779466072,7.946868889733035e-05,10,0.9422571882508346,0.0577428117491654
2021-05-18,-0.03441810477015734,-0.03448723530376781,0.1382610672209385,6.913053361046926e-05,10,0.9194817445282283,0.08051825547177172
2021-05-19,0.01452062832893346,0.01444810538072013,0.14504589642665794,7.252294821332898e-05,10,0.9354723590451152,0.06452764095488484
2021-05-20,0.011761797231630218,0.011701792432346278,0.12000959856788068,6.000479928394034e-05,10,0.9445180423870054,0.05548195761299457
2021-05-21,0.020058825319221468,0.01999964334951825,0.11836393940643757,5.9181969703218786e-05,10,0.9371180182065583,0.06288198179344173
2021-05-24,0.06725280518466206,0.06723550873707658,0.034592895170961764,1.7296447585480884e-05,10,0.9499999999999997,0.050000000000000266
2021-05-25,0.08213553422599161,0.0820543947658559,0.16227892027143592,8.113946013571796e-05,10,0.8877210797285656,0.11227892027143438
2021-05-26,0.03403980055129459,0.03398789197609753,0.10381715039412434,5.190857519706217e-05,10,0.9500000000000003,0.04999999999999971
2021-05-27,-0.05677353511022781,-0.0567895382011596,0.032006181863574,1.6003090931786998e-05,10,0.9500000000000001,0.04999999999999993
2021-05-28,0.0725845197496648,0.07252333936146198,0.12236077640564577,6.118038820282288e-05,10,0.9276392235943554,0.07236077640564464
2021-06-01,0.0545576300112315,0.05449935028221834,0.11655945802630804,5.8279729013154025e-05,10,0.9500000000000002,0.04999999999999982
2021-06-02,-0.0390792725887748,-0.03909399011381168,0.029435050073765498,1.471752503688275e-05,10,0.9500000000000001,0.04999999999999993
2021-06-03,-0.0032206776679137117,-0.0032813195307201215,0.12128372561281942,6.064186280640971e-05,10,0.9287162743871817,0.07128372561281826
2021-06-04,0.06695652119982615,0.06688733777372091,0.13836685221047212,6.918342610523606e-05,10,0.9329168734023472,0.06708312659765281
2021-06-07,0.03832832885901578,0.0382602059224368,0.13624587315796155,6.812293657898078e-05,10,0.9308372534396924,0.06916274656030763
2021-06-08,-0.0007175124133563736,-0.0007821547654225237,0.12928470413230028,6.464235206615014e-05,10,0.9398780424280087,0.06012195757199135
2021-06-09,-0.11971536473469564,-0.11977638675342016,0.12204403744904255,6.1022018724521275e-05,10,0.93807792012295,0.06192207987705001
2021-06-10,0.03671912692883507,0.03669200215867072,0.05424954032870132,2.7124770164350663e-05,10,0.95,0.050000000000000044
2021-06-11,0.011332158631138874,0.011244786451861211,0.17474435855532477,8.73721792776624e-05,10,0.8752556414446765,0.12474435855532351
2021-06-14,-0.013601998431454798,-0.013686741326413262,0.16948578991692748,8.474289495846374e-05,10,0.9500000000000002,0.04999999999999982
2021-06-15,-0.0015703889384968194,-0.0016295688450305818,0.11835981306752484,5.917990653376242e-05,10,0.931640186932476,0.06835981306752403
2021-06-16,-0.0013944986876662205,-0.001464550998760605,0.1401046221887691,7.005231109438455e-05,10,0.9282551908787561,0.07174480912124392
2021-06-17,-0.020224571548055584,-0.02030344791091443,0.15775272571769128,7.887636285884564e-05,10,0.913992083403554,0.08600791659644602
2021-06-18,-0.006415680009572513,-0.006473695076617918,0.11603013409081031,5.8015067045405156e-05,10,0.9499999999999998,0.050000000000000155
2021-06-21,0.0797090713584836,0.07965144148756165,0.11525974184389559,5.7629870921947794e-05,10,0.9347402581561055,0.06525974184389449
2021-06-22,0.0075494902596637496,0.007488442547776319,0.12209542377486152,6.104771188743076e-05,10,0.943164318069034,0.056835681930966
2021-06-23,-0.009759598552615654,-0.009817774912903122,0.11635272057493648,5.817636028746824e-05,10,0.9404829613560305,0.05951703864396951
2021-06-24,-0.004416515866310339,-0.004453313131350447,0.07359453008021732,3.679726504010866e-05,10,0.95,0.050000000000000044
2021-06-25,0.01159683784149294,0.011578953826809636,0.03576802936660685,1.7884014683303425e-05,10,0.95,0.050000000000000044
2021-06-28,-0.010445177348930093,-0.010499251959537522,0.10814922121485765,5.407461060742883e-05,10,0.9418507787851434,0.05814922121485655
2021-06-29,0.015588452954159048,0.015560092752003356,0.056720404311381985,2.8360202155690994e-05,10,0.9500000000000001,0.04999999999999993
2021-06-30,-0.031343985979989386,-0.03139973880379044,0.11150564760210765,5.5752823801053826e-05,10,0.9384943523978934,0.06150564760210664
2021-07-01,-0.011560994073158533,-0.011646821953594065,0.17165576087106452,8.582788043553226e-05,10,0.8898498867310433,0.11015011326895674
2021-07-02,-0.018864817231022755,-0.0189124284142797,0.09522236651388807,4.761118325694404e-05,10,0.9499999999999997,0.050000000000000266
2021-07-06,-0.044872774487905435,-0.044913045592302706,0.08054220879453468,4.027110439726734e-05,10,0.95,0.050000000000000044
2021-07-07,0.014599771117946154,0.014566319591100383,0.06690305369153972,3.345152684576986e-05,10,0.95,0.050000000000000044
2021-07-08,-0.0020397577371808356,-0.002058547268667514,0.03757906297335675,1.8789531486678377e-05,10,0.9500000000000002,0.04999999999999982
2021-07-09,-0.016261194469708983,-0.016312763755690567,0.10313857196316353,5.1569285981581766e-05,10,0.9468614280368374,0.05313857196316263
2021-07-12,-0.03589381940897485,-0.035961067198139414,0.13449557832913417,6.724778916456708e-05,10,0.9186429936340296,0.08135700636597043
2021-07-13,-0.07472910003509639,-0.0747991097188544,0.14001936751600885,7.000968375800443e-05,10,0.9413376388499627,0.05866236115003731
2021-07-14,0.003949275022130796,0.0039004362750700043,0.09767749412158275,4.883874706079138e-05,10,0.9500000000000001,0.04999999999999993
2021-07-15,-0.012941395053551607,-0.012991573277203215,0.10035644730321336,5.017822365160668e-05,10,0.9496435526967876,0.050356447303212426
2021-07-16,-0.008871012127040976,-0.008915511837019273,0.08899941995659456,4.4499709978297285e-05,10,0.9499999999999998,0.050000000000000155
2021-07-19,0.10822639858388527,0.10818365638994581,0.08548438787891062,4.2742193939455314e-05,10,0.9499999999999998,0.050000000000000155
2021-07-20,0.0038410322798319344,0.003790506367749758,0.10105182416435245,5.0525912082176226e-05,10,0.9489481758356486,0.05105182416435139
2021-07-21,-0.039618338991071644,-0.03966947088908597,0.10226379602865274,5.113189801432637e-05,10,0.9487880281356997,0.051211971864300265
2021-07-22,-0.0034949120330655388,-0.0035550265841844454,0.12022910223781294,6.011455111890647e-05,10,0.9309828696264884,0.06901713037351165
2021-07-23,0.025670124668853222,0.02564790357049922,0.04444219670800006,2.222109835400003e-05,10,0.9500000000000001,0.04999999999999993
2021-07-26,-0.03812820036918878,-0.03817863546616362,0.10087019394967628,5.043509697483814e-05,10,0.9491298060503245,0.05087019394967551
2021-07-27,-0.01023359622109637,-0.010281873253338729,0.09655406448471984,4.8277032242359924e-05,10,0.9499999999999997,0.050000000000000266
2021-07-28,-0.01544406516360818,-0.015529396246093875,0.17066216497138775,8.533108248569388e-05,10,0.8793378350286134,0.1206621649713866
2021-07-29,-0.016186063110740383,-0.016272216022544826,0.1723058236088838,8.61529118044419e-05,10,0.9483563413625039,0.05164365863749609
2021-07-30,-0.009886206515348151,-0.009939181692826598,0.10595035495689542,5.297517747844771e-05,10,0.9456933036806018,0.05430669631939822
2021-08-02,-0.017809022835580668,-0.0178666150924627,0.11518451376406633,5.759225688203316e-05,10,0.939122182555333,0.060877817444667026
2021-08-03,-0.04428865940487598,-0.044339703896113816,0.10208898247566792,5.104449123783396e-05,10,0.9499999999999998,0.050000000000000155
2021-08-04,0.04935341849562394,0.049302212203948696,0.1024125833504947,5.1206291675247354e-05,10,0.9475874166495065,0.05241258335049348
2021-08-05,0.00047186235961684734,0.000460381878801701,0.022960961630292723,1.1480480815146361e-05,10,0.9500000000000001,0.04999999999999993
2021-08-06,0.02208517893317433,0.022042653021282558,0.08505182378354348,4.252591189177174e-05,10,0.9499999999999998,0.050000000000000155
2021-08-09,0.001412646131781021,0.0013599002594353491,0.10549174469134381,5.2745872345671906e-05,10,0.9445082553086576,0.05549174469134244
2021-08-10,0.0016503203010069015,0.0016396705445073715,0.021299512999060063,1.0649756499530033e-05,10,0.9500000000000002,0.04999999999999982
2021-08-11,0.018338856174174217,0.018291721148036164,0.0942700522761061,4.7135026138053055e-05,10,0.9500000000000001,0.04999999999999993
2021-08-12,-0.007899170992423285,-0.007949145274720005,0.09994856459343932,4.997428229671966e-05,10,0.9499999999999998,0.050000000000000155
2021-08-13,0.00015313418916417486,0.00010650314158160834,0.09326209516513305,4.663104758256652e-05,10,0.9499999999999998,0.050000000000000155
2021-08-16,0.00011902500070680992,6.775980623423218e-05,0.10253038894515545,5.126519447257773e-05,10,0.9474696110548458,0.05253038894515416
2021-08-17,-0.02766705240146169,-0.027694398995906314,0.05469318888924568,2.734659444462284e-05,10,0.9500000000000002,0.04999999999999982
2021-08-18,-0.031885722990765385,-0.031906951621205396,0.04245726088002029,2.1228630440010144e-05,10,0.9499999999999997,0.050000000000000266
2021-08-19,0.027484095944783737,0.027451900768168915,0.06439035322964679,3.219517661482339e-05,10,0.95,0.050000000000000044
2021-08-20,0.046080468252021514,0.04605736558934775,0.046205325347530725,2.3102662673765362e-05,10,0.9499999999999996,0.05000000000000038
2021-08-23,0.1387900955541379,0.13876552009138285,0.04915092551008824,2.457546275504412e-05,10,0.9499999999999998,0.050000000000000155
2021-08-24,-0.0231049169601839,-0.023122563626274267,0.03529333218073464,1.764666609036732e-05,10,0.9500000000000001,0.04999999999999993
2021-08-25,-0.0015362331514967866,-0.0015457651830296324,0.019064063065691673,9.532031532845838e-06,10,0.95,0.050000000000000044
2021-08-26,0.029666155067040335,0.02961071448190692,0.11088117026683009,5.5440585133415046e-05,10,0.9391188297331711,0.06088117026682893
2021-08-27,-0.00418946498695334,-0.004245023648833687,0.11111732376069458,5.555866188034729e-05,10,0.9497638465061354,0.050236153493864566
2021-08-30,0.011522217080037436,0.011469085467837781,0.10626322439931214,5.313161219965607e-05,10,0.9439729290945535,0.05602707090544645
2021-08-31,-0.010725230098702321,-0.010799084097692653,0.14770799798066503,7.385399899033251e-05,10,0.9083190729247825,0.09168092707521747
2021-09-01,0.032573236288816115,0.032495653187858096,0.15516620191603947,7.758310095801974e-05,10,0.936514725159179,0.063485274840821
2021-09-02,-0.007471789953014154,-0.007519617698140831,0.09565549025335408,4.782774512667704e-05,10,0.9499999999999998,0.050000000000000155
2021-09-03,-0.003862320904231016,-0.003931064887332454,0.13748796620287554,6.874398310143777e-05,10,0.9125120337971256,0.08748796620287436
2021-09-07,-0.013129103270393258,-0.013161834000504679,0.06546146022284013,3.2730730111420066e-05,10,0.9499999999999998,0.050000000000000155
2021-09-08,0.01595367817120794,0.015917058955579204,0.07323843125747377,3.661921562873689e-05,10,0.95,0.050000000000000044
2021-09-09,-0.018756834911656323,-0.01879540077667509,0.07713173003753357,3.856586501876679e-05,10,0.9499999999999997,0.050000000000000266
2021-09-10,0.01779024539999064,0.01771670759063102,0.14707561871924232,7.353780935962116e-05,10,0.9029243812807591,0.09707561871924086
2021-09-13,-0.011685170811498752,-0.011718149636334994,0.06595764967248599,3.2978824836243e-05,10,0.9500000000000002,0.04999999999999982
2021-09-14,0.03157670046260013,0.031512508283092634,0.1283843590149868,6.41921795074934e-05,10,0.9216156409850143,0.07838435901498575
2021-09-15,0.0037974699763245897,0.003733026138776978,0.12888767509522314,6.444383754761157e-05,10,0.9494966839197637,0.05050331608023628
2021-09-16,-0.013535945732337578,-0.013583981551685855,0.09607163869655516,4.803581934827758e-05,10,0.9500000000000002,0.04999999999999982
2021-09-17,-0.04616083714361212,-0.04618179789208986,0.04192149695548341,2.0960748477741706e-05,10,0.95,0.050000000000000044
2021-09-20,-0.0016741658132587375,-0.0017328370234550464,0.11734242039261761,5.8671210196308805e-05,10,0.9326575796073836,0.0673424203926164
2021-09-21,0.02385717467053577,0.023835029157593723,0.04429102588409346,2.2145512942046733e-05,10,0.9500000000000001,0.04999999999999993
2021-09-22,0.019595741265124082,0.019551615583197263,0.08825136385364123,4.4125681926820616e-05,10,0.95,0.050000000000000044
2021-09-23,-0.018563149451378796,-0.0186095292289723,0.09275955518700621,4.637977759350311e-05,10,0.95,0.050000000000000044
2021-09-24,0.00033760042270657197,0.00032305338665205755,0.029094072109028847,1.4547036054514424e-05,10,0.95,0.050000000000000044
2021-09-27,-0.03999154119666411,-0.04001168985045292,0.040297307577631045,2.0148653788815523e-05,10,0.9500000000000002,0.04999999999999982
2021-09-28,-0.005231224294582654,-0.005293810967294301,0.12517334542329292,6.258667271164647e-05,10,0.9248266545767083,0.07517334542329168
2021-09-29,0.0037327096973767057,0.003660935340391211,0.14354871397098906,7.177435698549453e-05,10,0.9316246314523039,0.0683753685476961
2021-09-30,-0.0033926135721772015,-0.0034270440529751613,0.06886096159591931,3.443048079795966e-05,10,0.9499999999999997,0.050000000000000266
2021-10-01,-0.013833533535773868,-0.013895149758754007,0.12323244596027828,6.161622298013914e-05,10,0.9267675540397231,0.07323244596027689
2021-10-04,0.014353579566593257,0.014325521232071458,0.05611666904359591,2.8058334521797956e-05,10,0.95,0.050000000000000044
2021-10-05,-0.017827247602954684,-0.017850826264780118,0.04715732365086879,2.3578661825434395e-05,10,0.9499999999999997,0.050000000000000266
2021-10-06,0.026420976233241276,0.026387712120630232,0.06652822522208937,3.326411261104469e-05,10,0.9500000000000001,0.04999999999999993
2021-10-07,-0.0191998483638186,-0.01923252534752586,0.06535396741452386,3.267698370726193e-05,10,0.9500000000000001,0.04999999999999993
2021-10-08,0.01495627292226371,0.014878419433533635,0.15570697746014941,7.785348873007471e-05,10,0.8942930225398518,0.10570697746014823
2021-10-11,-0.0036368046488375132,-0.003672462515718414,0.07131573376180196,3.565786688090098e-05,10,0.9499999999999997,0.050000000000000266
2021-10-12,0.015928501324353046,0.015839438178781612,0.1781262911428699,8.906314557143495e-05,10,0.8718737088571316,0.12812629114286844
2021-10-13,0.020800068376794097,0.020718604621677777,0.16292751023263996,8.146375511631998e-05,10,0.9499999999999998,0.050000000000000155
2021-10-14,-0.002948494843991722,-0.0030141197633531654,0.13124983872288745,6.562491936144373e-05,10,0.918750161277114,0.08124983872288605
2021-10-15,0.01090766825637587,0.010869984652763402,0.07536720722493846,3.768360361246923e-05,10,0.9499999999999998,0.050000000000000155
2021-10-18,0.004395541503816906,0.004370823466266876,0.049436075100060525,2.4718037550030264e-05,10,0.9499999999999998,0.050000000000000155
2021-10-19,0.008584143590386522,0.008551193627610676,0.06589992555169279,3.294996277584639e-05,10,0.95,0.050000000000000044
2021-10-20,-0.012287653024340392,-0.012346198072235845,0.11709009579090612,5.854504789545306e-05,10,0.932909904209095,0.06709009579090497
2021-10-21,-0.022085598142913894,-0.022107349729458933,0.04350317309007827,2.1751586545039137e-05,10,0.95,0.050000000000000044
2021-10-22,0.01973570440092021,0.01971917810776776,0.033052586304897415,1.6526293152448707e-05,10,0.9500000000000001,0.04999999999999993
2021-10-25,-0.0025500973219161178,-0.0025698660658472696,0.039537487862303274,1.9768743931151637e-05,10,0.95,0.050000000000000044
2021-10-26,-0.026956492137116456,-0.027022374749210595,0.1317652241882808,6.58826120941404e-05,10,0.9182347758117204,0.08176522418827958
2021-10-27,0.024814334058972272,0.024780957767990525,0.06675258196349582,3.337629098174791e-05,10,0.9500000000000002,0.04999999999999982
2021-10-28,-0.0037302458544468554,-0.0037522790705700336,0.044066432246356896,2.203321612317845e-05,10,0.9499999999999997,0.050000000000000266
2021-10-29,0.04481099932689702,0.0447808171467309,0.06036436033224803,3.0182180166124014e-05,10,0.9500000000000001,0.04999999999999993
2021-11-01,0.013371781028940944,0.013309485099024802,0.12459185983228435,6.229592991614218e-05,10,0.9254081401677168,0.07459185983228322
2021-11-02,0.012086775272468792,0.01205555731833023,0.062435908277122205,3.1217954138561105e-05,10,0.9499999999999997,0.050000000000000266
2021-11-03,-0.01604794094649845,-0.016107485952099626,0.11909001120235155,5.954500560117577e-05,10,0.9309099887976497,0.06909001120235025
2021-11-04,0.017909959740437617,0.01784283982829167,0.1342398242918939,6.711991214594696e-05,10,0.9348501869104576,0.06514981308954237
2021-11-05,0.03503571550534901,0.034978717822171455,0.1139953663550993,5.699768317754965e-05,10,0.9499999999999997,0.050000000000000266
2021-11-08,-0.023353664474210355,-0.023432990666379456,0.1586523843382052,7.93261921691026e-05,10,0.8913476156617963,0.10865238433820368
2021-11-09,-0.04569683384627254,-0.04582037889024102,0.24709008793697174,0.00012354504396848586,10,0.8615622964012332,0.13843770359876684
2021-11-10,0.01343468918828012,0.013349102483631844,0.17117340929655053,8.558670464827527e-05,10,0.9500000000000001,0.04999999999999993
2021-11-11,0.00026928025190231465,0.0002090204985746764,0.12051950665527651,6.025975332763826e-05,10,0.9294804933447248,0.07051950665527518
2021-11-12,0.019899193132617295,0.019874629004437927,0.049128256358736064,2.4564128179368033e-05,10,0.95,0.050000000000000044
2021-11-15,0.017846962101902022,0.01778879832333711,0.11632755712982612,5.816377856491306e-05,10,0.9336724428701751,0.06632755712982485
2021-11-16,-0.01552599328003581,-0.015553041569415615,0.05409657875961118,2.704828937980559e-05,10,0.9499999999999998,0.050000000000000155
2021-11-17,-0.001740264465772017,-0.0017561516284294017,0.0317743253147696,1.58871626573848e-05,10,0.9499999999999997,0.050000000000000266
2021-11-18,0.011625687483414823,0.011605582952248877,0.04020906233189367,2.0104531165946834e-05,10,0.9499999999999997,0.050000000000000266
2021-11-19,-0.002391262255925043,-0.0024119476620346604,0.04137081221923402,2.068540610961701e-05,10,0.9499999999999997,0.050000000000000266
2021-11-22,-0.01637266278077418,-0.016405709996647918,0.06609443174747229,3.304721587373615e-05,10,0.95,0.050000000000000044
2021-11-23,-0.001972989056686557,-0.0019951792727419685,0.044380432110822494,2.219021605541125e-05,10,0.9499999999999997,0.050000000000000266
2021-11-24,-0.04047844712290249,-0.040512058141515934,0.06722203722689675,3.3611018613448375e-05,10,0.9499999999999998,0.050000000000000155
2021-11-26,0.00900515291940821,0.008990141220267398,0.03002339828162369,1.5011699140811844e-05,10,0.9499999999999998,0.050000000000000155
2021-11-29,-0.06131638610964045,-0.06132713035324817,0.021488487215432055,1.0744243607716028e-05,10,0.9500000000000002,0.04999999999999982
2021-11-30,-0.0729479898666711,-0.0729683710866038,0.040762439865384026,2.0381219932692013e-05,10,0.95,0.050000000000000044
2021-12-01,0.015042143641681271,0.01501459660539589,0.05509407257076496,2.754703628538248e-05,10,0.9500000000000001,0.04999999999999993
2021-12-02,-0.04931013524011212,-0.04937635010638928,0.13242973255430696,6.621486627715349e-05,10,0.9175702674456941,0.08242973255430586
2021-12-03,0.0051728050306344125,0.005127788330070464,0.090033401127897,4.50167005639485e-05,10,0.95,0.050000000000000044
2021-12-06,0.054050132253939814,0.05402389875671105,0.05246699445753744,2.6233497228768722e-05,10,0.9500000000000001,0.04999999999999993
2021-12-07,0.016105671075007787,0.0160751645146161,0.06101312078337328,3.050656039168664e-05,10,0.9500000000000001,0.04999999999999993
2021-12-08,-0.04208002076911236,-0.04209598632336527,0.0319311085058086,1.59655542529043e-05,10,0.9499999999999998,0.050000000000000155
2021-12-09,-0.0130939133432284,-0.01317299395476288,0.1581612230689643,7.908061153448215e-05,10,0.891838776931037,0.10816122306896303
2021-12-10,-0.07004748176027883,-0.0701381411274438,0.18131873432995524,9.065936716497762e-05,10,0.9268424887390089,0.07315751126099113
2021-12-13,0.004187115990684758,0.004122962549573695,0.12830688222212713,6.415344111106356e-05,10,0.9448506290388651,0.055149370961134925
2021-12-14,0.010276497536512042,0.010245833218012363,0.061328636999359386,3.066431849967969e-05,10,0.9500000000000002,0.04999999999999982
2021-12-15,-0.035678987170577194,-0.035743124212121814,0.1282740830892411,6.413704154462055e-05,10,0.9217259169107599,0.07827408308924011
2021-12-16,0.034555219352720934,0.03447290015089568,0.16463840365051274,8.231920182525637e-05,10,0.9136356794387285,0.08636432056127152
2021-12-17,-0.0007869832361812601,-0.0008086836777347353,0.04340088310695055,2.1700441553475274e-05,10,0.9499999999999998,0.050000000000000155
2021-12-20,0.021110711115417825,0.021080007299571726,0.06140763169219477,3.0703815846097386e-05,10,0.9500000000000001,0.04999999999999993
2021-12-21,-0.016503961479439864,-0.01652779528761831,0.04766761635689293,2.3833808178446465e-05,10,0.95,0.050000000000000044
2021-12-22,0.012455699209004946,0.01236457832274893,0.1822417725120331,9.112088625601655e-05,10,0.867758227487968,0.13224177251203195
2021-12-23,0.014289960519023755,0.014215008186798783,0.14990466444994716,7.495233222497358e-05,10,0.9499999999999998,0.050000000000000155
2021-12-27,-0.036485306890344855,-0.03650496915439232,0.03932452809492743,1.9662264047463716e-05,10,0.95,0.050000000000000044
2021-12-28,0.012078513303255807,0.011991901397094945,0.1732238123217228,8.66119061608614e-05,10,0.8767761876782785,0.12322381232172153
2021-12-29,0.01893957061843646,0.018864293749409174,0.15055373805457117,7.527686902728559e-05,10,0.95,0.050000000000000044
2021-12-30,-0.02113353131132693,-0.02120604366567838,0.1450247087028991,7.251235435144955e-05,10,0.9049752912971021,0.09502470870289792
2021-12-31,0.0005781817396368844,0.0005152600600011519,0.12584335927146506,6.292167963573253e-05,10,0.95,0.050000000000000044
2022-01-03,-0.005491829082239141,-0.005526659027707074,0.06965989093586704,3.482994546793352e-05,10,0.95,0.050000000000000044
2022-01-04,-0.0720792071340467,-0.07213984148788181,0.12126870767024156,6.063435383512078e-05,10,0.9287312923297597,0.0712687076702403
2022-01-05,0.01589351771314135,0.015823297760622797,0.1404399050371048,7.02199525185524e-05,10,0.9308288026331366,0.06917119736686339
2022-01-06,0.014030348304552567,0.013961147590047181,0.1384014290107713,6.920071450538564e-05,10,0.9307697683560933,0.06923023164390674
2022-01-07,-0.016211513631477603,-0.0162689358327353,0.11484440251539382,5.742220125769691e-05,10,0.9499999999999998,0.050000000000000155
2022-01-10,0.026896605334382227,0.02682498236858828,0.14324593158789634,7.162296579394817e-05,10,0.9067540684121048,0.09324593158789518
2022-01-11,-0.002216448635674189,-0.0023032043401768907,0.17351140900540352,8.675570450270176e-05,10,0.9197345225824926,0.08026547741750745
2022-01-12,-0.040049007241633544,-0.04013957186032436,0.1811292373816305,9.056461869081525e-05,10,0.8991362400358778,0.10086375996412222
2022-01-13,0.005391732585851674,0.005301290186986506,0.180884797730336,9.0442398865168e-05,10,0.9199789622337873,0.08002103776621272
2022-01-14,-0.04453753995872034,-0.044630753187025696,0.18642645661071583,9.321322830535791e-05,10,0.893594581155498,0.10640541884450205
2022-01-18,-0.019108642317733307,-0.019222940109695087,0.22859558392356,0.00011429779196178,10,0.877809834920943,0.122190165079057
2022-01-19,-0.02186047682303048,-0.021974393220149668,0.22783279423837371,0.00011391639711918686,10,0.8943573708406843,0.10564262915931566
2022-01-20,-0.021843632285560185,-0.021952210889402846,0.21715720768532554,0.00010857860384266276,10,0.8884854214739912,0.11151457852600877
2022-01-21,0.003367312815008964,0.0032272989282988024,0.28002777342032315,0.00014001388671016157,10,0.8314868051056867,0.16851319489431327
2022-01-24,0.00015529038441493715,2.9290266789406687e-05,0.2520002352510609,0.00012600011762553046,10,0.9165129596432533,0.0834870403567467
2022-01-25,0.006973064136248184,0.006888325031400803,0.16947820969476268,8.473910484738135e-05,10,0.914008830661985,0.08599116933801498
2022-01-26,-0.021826097090799038,-0.02194978199249584,0.24736980339360284,0.00012368490169680142,10,0.8386213659444132,0.16137863405558683
2022-01-27,0.023889413076175398,0.02380440001550079,0.1700261213492134,8.50130606746067e-05,10,0.9500000000000001,0.04999999999999993
2022-01-28,0.03322105400254031,0.03315156514591371,0.13897771325318653,6.948885662659326e-05,10,0.9110222867468145,0.08897771325318549
2022-01-31,0.02160665882846408,0.021527036547818984,0.15924456129018827,7.962228064509414e-05,10,0.9297331519629983,0.07026684803700167
2022-02-01,0.002640530554308435,0.002562714586981343,0.15563193465418393,7.781596732709196e-05,10,0.9146349133828188,0.08536508661718123
2022-02-02,-0.027790118470130725,-0.027863018378244984,0.145799816228515,7.28999081142575e-05,10,0.9395652703886673,0.06043472961133267
2022-02-03,0.015112827850210108,0.014999326864208655,0.22700197200290742,0.00011350098600145371,10,0.8334327576084262,0.16656724239157383
2022-02-04,0.005007761354710606,0.004832309110403217,0.35090448861477835,0.0001754522443073892,10,0.8156627537767964,0.18433724622320358
2022-02-07,0.0019496468002418582,0.0018045580794560433,0.29017744157163006,0.00014508872078581504,10,0.8941598046515745,0.10584019534842548
2022-02-08,0.048155977169837993,0.04803887381607981,0.23420670751636055,0.00011710335375818028,10,0.871633487832066,0.12836651216793404
2022-02-09,-0.01943010686082165,-0.019511681319194698,0.163148916746095,8.15744583730475e-05,10,0.9500000000000002,0.04999999999999982
2022-02-10,0.008397676887339594,0.008334664163136813,0.12602544840556176,6.301272420278089e-05,10,0.9239745515944392,0.0760254484055608
2022-02-11,0.0059804172086628075,0.005949925061948811,0.0609842934279937,3.049214671399685e-05,10,0.9499999999999998,0.050000000000000155
2022-02-14,0.0009104274779621888,0.0008450516389224896,0.13075167807939847,6.537583903969924e-05,10,0.9192483219206027,0.08075167807939732
2022-02-15,0.018064535747345303,0.018040241729778934,0.04858803513273937,2.4294017566369686e-05,10,0.9500000000000001,0.04999999999999993
2022-02-16,-0.017648250645026804,-0.017747153022145055,0.19780475423650357,9.890237711825178e-05,10,0.8521952457634975,0.14780475423650252
2022-02-17,-0.025194760171945454,-0.02530869962745565,0.22787891102039165,0.00011393945551019583,10,0.9199258432161118,0.08007415678388818
2022-02-18,-0.0311027982794868,-0.031205070645292748,0.20454473161189957,0.00010227236580594978,10,0.8755294251719896,0.12447057482801038
2022-02-22,0.013905095319722213,0.013805937047093729,0.19831654525696768,9.915827262848384e-05,10,0.9261540295710438,0.07384597042895624
2022-02-23,0.031130673306451504,0.031042743060738374,0.17586049142625929,8.793024571312965e-05,10,0.8979854790026978,0.10201452099730224
2022-02-24,0.03713098086418603,0.03704815016943147,0.16566138950911447,8.283069475455723e-05,10,0.9363531314881884,0.06364686851181156
2022-02-25,0.010762785182807358,0.010699566027954743,0.12643830970522846,6.321915485261423e-05,10,0.9372085588065839,0.06279144119341606
2022-02-28,-0.006566815120189198,-0.006637433130577638,0.1412360207768792,7.06180103884396e-05,10,0.9215554204165377,0.07844457958346229
2022-03-01,0.01606762111392199,0.01599041977746742,0.15440267290914253,7.720133645457127e-05,10,0.9240419066743206,0.07595809332567938
2022-03-02,-0.017575719508481205,-0.017652481944786177,0.1535248726099444,7.676243630497221e-05,10,0.9224332207157359,0.07756677928426414
2022-03-03,0.004736305818138363,0.0046638248157204335,0.14496200483585903,7.248100241792952e-05,10,0.932604774448406,0.06739522555159405
2022-03-04,-0.015095960357675412,-0.015162265515667888,0.13261031598495154,6.630515799247577e-05,10,0.9347849095666433,0.06521509043335671
2022-03-07,0.011858238556369331,0.011782915780060077,0.15064555261850818,7.532277630925408e-05,10,0.9145695378148494,0.0854304621851506
2022-03-08,-0.0030220609040452493,-0.0030970704739341766,0.15001913977785433,7.500956988892717e-05,10,0.9354113224072971,0.06458867759270293
2022-03-09,0.01610632150763357,0.016034042671802133,0.14455767166287745,7.227883583143873e-05,10,0.9200310059298261,0.07996899407017388
2022-03-10,-0.00914437799776066,-0.009223746956249133,0.15873791697694875,7.936895848847438e-05,10,0.9212310770932257,0.07876892290677429
2022-03-11,-0.04545944108367556,-0.045522858670287256,0.12683517322338236,6.341758661169118e-05,10,0.9500000000000001,0.04999999999999993
2022-03-14,0.005280443026521413,0.005184993553978099,0.19089894508662733,9.544947254331367e-05,10,0.8591010549133734,0.1408989450866266
2022-03-15,0.03149414985382679,0.03139234073737145,0.20361823291068248,0.00010180911645534125,10,0.9372807121759448,0.06271928782405523
2022-03-16,0.042508836452700045,0.04243869133720065,0.14029023099878446,7.014511549939224e-05,10,0.9224290568252713,0.07757094317472868
2022-03-17,-0.0008082380901855888,-0.000886819769893338,0.1571633594154983,7.858167970774915e-05,10,0.9204075837592312,0.07959241624076885
2022-03-18,0.02970595606737205,0.029606405581261673,0.1991009722207563,9.955048611037814e-05,10,0.8804914440200133,0.11950855597998666
2022-03-21,-0.0024637579191203645,-0.0025682388065897156,0.20896177493870233,0.00010448088746935117,10,0.9105467810412852,0.08945321895871483
2022-03-22,0.010093911801496469,0.010011534937860379,0.16475372727217863,8.237686363608932e-05,10,0.9246994916865372,0.0753005083134628
2022-03-23,0.005871251759064893,0.005791424396880816,0.15965472436815203,7.982736218407602e-05,10,0.9156457839453118,0.08435421605468818
2022-03-24,0.03793663340960618,0.037854104727592736,0.16505736402689014,8.252868201344507e-05,10,0.919296852027799,0.08070314797220102
2022-03-25,-0.01183806568922947,-0.011922913438260532,0.16969549806212347,8.484774903106174e-05,10,0.9110076499100783,0.08899235008992168
2022-03-28,0.011697254828514641,0.011584810008418486,0.22488964019230975,0.00011244482009615488,10,0.8641027098976127,0.13589729010238727
2022-03-29,-0.0042024252574407025,-0.004262523444231869,0.12019637358233372,6.009818679116686e-05,10,0.95,0.050000000000000044
2022-03-30,-0.0057758479113169245,-0.005876667176590623,0.2016385305473956,0.00010081926527369781,10,0.8483614694526053,0.15163853054739473
2022-03-31,0.0097810346533211,0.009674930979915099,0.21220734681200293,0.00010610367340600146,10,0.9394311837353926,0.06056881626460742
2022-04-01,0.003248995599728235,0.0031782177695769786,0.1415556603025127,7.077783015125636e-05,10,0.9190131559620954,0.08098684403790457
2022-04-04,-0.007314097176286657,-0.007400207656611781,0.17222096065024942,8.611048032512471e-05,10,0.9087658833876557,0.09123411661234426
2022-04-05,-0.020972707413548917,-0.021059025266601337,0.17263570610483653,8.631785305241826e-05,10,0.9185984105075085,0.08140158949249154
2022-04-06,0.015193321336871572,0.015122231959741583,0.14217875425997795,7.108937712998898e-05,10,0.9392228352325144,0.060777164767485625
2022-04-07,0.023875181994649646,0.02383771022764143,0.07494353401642993,3.7471767008214965e-05,10,0.9500000000000001,0.04999999999999993
2022-04-08,-0.02475738461101246,-0.024822854079154792,0.13093893628466458,6.546946814233229e-05,10,0.9190610637153361,0.08093893628466386
2022-04-11,0.015178086967592274,0.015146256416995026,0.06366110119449744,3.183055059724872e-05,10,0.9500000000000001,0.04999999999999993
2022-04-12,0.048640251012456774,0.04861732160252399,0.04585881986558022,2.292940993279011e-05,10,0.9499999999999998,0.050000000000000155
2022-04-13,-0.004830890378306661,-0.004848262159383482,0.0347435621536411,1.737178107682055e-05,10,0.9499999999999998,0.050000000000000155
2022-04-14,0.029919909002399565,0.029849680959267554,0.14045608626402264,7.022804313201133e-05,10,0.9095439137359783,0.09045608626402168
2022-04-18,-0.009634102447134384,-0.009679481216710775,0.09075753915278127,4.5378769576390635e-05,10,0.9499999999999997,0.050000000000000266
2022-04-19,0.021618392561241814,0.021553490126157163,0.1298048701693039,6.490243508465195e-05,10,0.9201951298306971,0.07980487016930293
2022-04-20,-0.054585853707838666,-0.05466127738017095,0.15084734466457544,7.542367233228773e-05,10,0.9289575255047282,0.07104247449527179
2022-04-21,-0.05070942676106136,-0.05072759138057642,0.036329239030114896,1.816461951505745e-05,10,0.9500000000000002,0.04999999999999982
2022-04-22,-0.009340758429851055,-0.009371036531158372,0.06055620261463167,3.0278101307315835e-05,10,0.9499999999999998,0.050000000000000155
2022-04-25,-0.01670366711566338,-0.016724922009086825,0.042509786846889316,2.125489342344466e-05,10,0.9499999999999998,0.050000000000000155
2022-04-26,0.02598881036838637,0.02591437764783882,0.1488654410951036,7.443272054755181e-05,10,0.9011345589048972,0.09886544109510276
2022-04-27,0.021003292140726992,0.02091352221594834,0.17953984955730662,8.976992477865331e-05,10,0.9193255915377969,0.08067440846220308
2022-04-28,-0.02313198715264956,-0.023206699956059697,0.14942560682027412,7.471280341013706e-05,10,0.9312488016419297,0.06875119835807031
2022-04-29,0.004447537833664083,0.00437656732930556,0.1419410087170461,7.097050435852305e-05,10,0.9268101896410251,0.07318981035897487
2022-05-02,0.047970401709246296,0.047891840785432974,0.15712184762664802,7.856092381332401e-05,10,0.9160679627323276,0.0839320372676724
2022-05-03,0.02261079020791804,0.02253700084104288,0.14757873375032046,7.378936687516024e-05,10,0.9363533035173526,0.06364669648264742
2022-05-04,-0.04417159622650017,-0.04419239879808732,0.04160514317429868,2.0802571587149338e-05,10,0.95,0.050000000000000044
2022-05-05,-0.021850705556713902,-0.021955032082482045,0.20865305153628383,0.00010432652576814192,10,0.841346948463717,0.15865305153628295
2022-05-06,-0.0914709688393309,-0.09159088820173591,0.23983872481004745,0.00011991936240502373,10,0.9188143267262364,0.08118567327376358
2022-05-09,0.012487799897210907,0.012409909126353053,0.15578154171570696,7.789077085785348e-05,10,0.9254041315580577,0.07459586844194233
2022-05-10,0.0081636310971949,0.00804797317044901,0.23131585349178058,0.0001156579267458903,10,0.8432800149501627,0.1567199850498373
2022-05-11,-0.00610802388890973,-0.006212156090429362,0.20826440303926239,0.0001041322015196312,10,0.9484555820105757,0.05154441798942433
2022-05-12,0.034481746454903005,0.03440989899464838,0.14369492050924923,7.184746025462462e-05,10,0.9078494974801757,0.09215050251982426
2022-05-13,0.04190441240012874,0.04180917951638633,0.19046576748480773,9.523288374240387e-05,10,0.9016847350350172,0.09831526496498277
2022-05-16,0.024179336754189932,0.024092651229518716,0.1733710493424323,8.668552467121616e-05,10,0.9249442156225514,0.07505578437744864
2022-05-17,-0.04469423480125166,-0.04480371774685135,0.2189658911993757,0.00010948294559968786,10,0.8560898931780739,0.14391010682192606
2022-05-18,0.005015049589677121,0.0049212283290844755,0.18764252118529098,9.38212605926455e-05,10,0.9499999999999998,0.050000000000000155
2022-05-19,-0.003976693854361958,-0.004042788544087552,0.13218937945118905,6.609468972559453e-05,10,0.917810620548812,0.08218937945118798
2022-05-20,0.04679619870702476,0.04668033877050522,0.2317198730390974,0.00011585993651954871,10,0.8504695064120914,0.1495304935879086
2022-05-23,-0.014172618416478013,-0.014277023997466165,0.20881116197630267,0.00010440558098815133,10,0.9407193316116066,0.05928066838839341
2022-05-24,0.03551681538671914,0.035450366745936934,0.13289728156441108,6.644864078220555e-05,10,0.926383386823983,0.07361661317601698
2022-05-25,0.023033833605812817,0.022968300397866136,0.13106641589336002,6.553320794668001e-05,10,0.9425501972826578,0.057449802717342235
2022-05-26,0.0412351552781345,0.041218467904601985,0.03337474706501715,1.6687373532508575e-05,10,0.9499999999999998,0.050000000000000155
2022-05-27,-0.0141656219432251,-0.014234706087741555,0.1381682890329107,6.908414451645535e-05,10,0.9118317109670905,0.08816828903290952
2022-05-31,0.04184027329001229,0.04180288314903985,0.07478028194487785,3.739014097243892e-05,10,0.95,0.050000000000000044
2022-06-01,0.00640020768184371,0.00632830420443486,0.14380695481769792,7.190347740884896e-05,10,0.9061930451823029,0.09380695481769707
2022-06-02,0.008083521351929867,0.00799763917084967,0.1717643621603943,8.588218108019716e-05,10,0.9220425926573036,0.0779574073426964
2022-06-03,0.003761949322350848,0.0036822221258836652,0.15945439293436567,7.972719646718283e-05,10,0.9185030144083315,0.08149698559166851
2022-06-06,0.024602064492196374,0.02455320408404045,0.09772081631184557,4.8860408155922786e-05,10,0.9500000000000001,0.04999999999999993
2022-06-07,-0.015087808306212916,-0.015129020154068919,0.08242369571200779,4.12118478560039e-05,10,0.9499999999999998,0.050000000000000155
2022-06-08,-0.030465994797034605,-0.030492086310892896,0.05218302771658559,2.6091513858292795e-05,10,0.9500000000000002,0.04999999999999982
2022-06-09,-0.01916963345634377,-0.01923502285385316,0.13077879501877993,6.538939750938997e-05,10,0.919221204981221,0.08077879501877905
2022-06-10,-0.04639785441869448,-0.04648735156048371,0.17899428357847091,8.949714178923546e-05,10,0.9017845114403092,0.09821548855969076
2022-06-13,-0.009545357866901305,-0.00958556820619296,0.08042067858330999,4.0210339291654996e-05,10,0.9499999999999998,0.050000000000000155
2022-06-14,-0.009412601221441828,-0.009488401571693247,0.1516007005028382,7.58003502514191e-05,10,0.8983992994971629,0.1016007005028371
2022-06-15,-0.05266022560418976,-0.05272471245748314,0.12897370658676183,6.448685329338092e-05,10,0.9499999999999998,0.050000000000000155
2022-06-16,-0.046206111420906394,-0.0462229171249304,0.03361140804802082,1.680570402401041e-05,10,0.9499999999999998,0.050000000000000155
2022-06-17,0.02680415273423323,0.026692551182402203,0.22320310366205548,0.00011160155183102774,10,0.8267968963379456,0.17320310366205438
2022-06-21,-0.043579071025156194,-0.043651844606698555,0.14554716308471854,7.277358154235927e-05,10,0.95,0.050000000000000044
2022-06-22,-0.05411536354300621,-0.054181389313320394,0.13205154062836372,6.602577031418186e-05,10,0.9179484593716374,0.08205154062836262
2022-06-23,0.028708770133685908,0.028673124882900396,0.07129050157102282,3.564525078551141e-05,10,0.95,0.050000000000000044
2022-06-24,0.0444337514012357,0.04442689428727236,0.013714227926679715,6.8571139633398575e-06,10,0.9500000000000001,0.04999999999999993
2022-06-27,0.024260282796088526,0.024247643492759128,0.02527860665879489,1.2639303329397445e-05,10,0.95,0.050000000000000044
2022-06-28,-0.03897321964308275,-0.03903909109013789,0.13174289411027632,6.587144705513815e-05,10,0.9182571058897246,0.08174289411027535
2022-06-29,-0.03870702468188459,-0.038730529001213244,0.0470086386573034,2.35043193286517e-05,10,0.95,0.050000000000000044
2022-06-30,0.006487035481166949,0.006413329847947202,0.14741126643949437,7.370563321974719e-05,10,0.902588733560507,0.09741126643949305
2022-07-01,-0.051047980667613735,-0.05109418123374065,0.09240113225382839,4.620056612691419e-05,10,0.9499999999999997,0.050000000000000266
2022-07-05,-0.015365679435046305,-0.015436231974658298,0.14110507922398688,7.055253961199345e-05,10,0.9088949207760143,0.0911050792239857
2022-07-06,0.06371068119404394,0.06364401974397095,0.1333229001459831,6.666145007299156e-05,10,0.9500000000000001,0.04999999999999993
2022-07-07,-0.010651074837604906,-0.01072008006141273,0.1380104476156519,6.900522380782594e-05,10,0.9119895523843491,0.08801044761565091
2022-07-08,-0.01651107104740066,-0.016544732437730216,0.06732278065911554,3.366139032955777e-05,10,0.95,0.050000000000000044
2022-07-11,-0.029651591492000598,-0.029669314417315212,0.03544585062922562,1.772292531461281e-05,10,0.95,0.050000000000000044
2022-07-12,0.020038829345590498,0.019969168091042107,0.13932250909678334,6.966125454839168e-05,10,0.9106774909032178,0.08932250909678219
2022-07-13,-0.021954439573436527,-0.02202057133220195,0.13226351753084284,6.613175876542142e-05,10,0.9499999999999998,0.050000000000000155
2022-07-14,0.024036623605303082,0.024023571353074948,0.02610450445626908,1.3052252228134539e-05,10,0.9499999999999998,0.050000000000000155
2022-07-15,0.03741513613235483,0.037334568814497905,0.16113463571384362,8.056731785692182e-05,10,0.8888653642861577,0.1111346357138423
2022-07-18,0.032435531867122044,0.032334061350325884,0.20294103359231583,0.00010147051679615791,10,0.9081936021215277,0.09180639787847233
2022-07-19,0.0011071330707268117,0.00101113340470416,0.19199933204530342,9.599966602265172e-05,10,0.89980706583317,0.10019293416682995
2022-07-20,-0.01948134534970883,-0.019577765674632784,0.19284064984791233,9.642032492395616e-05,10,0.9073522843189187,0.09264771568108132
2022-07-21,-0.02129562902021019,-0.021337627727207244,0.08399741399410462,4.199870699705231e-05,10,0.9500000000000001,0.04999999999999993
2022-07-22,0.026618014154109575,0.026537777306003374,0.1604736962124007,8.023684810620035e-05,10,0.8895263037876003,0.11047369621239966
2022-07-25,-0.006510974235292386,-0.006632491452058933,0.24303443353309287,0.00012151721676654644,10,0.8674392626793079,0.13256073732069207
2022-07-26,0.01814031915583965,0.018010846705488255,0.258944900702785,0.00012947245035139249,10,0.8736158366179081,0.1263841633820919
2022-07-27,-0.0050125881940237035,-0.0051251863831467005,0.22519637824599398,0.00011259818912299699,10,0.9011877851360991,0.0988122148639009
2022-07-28,0.03746765876023187,0.03742755038838581,0.08021674369213352,4.0108371846066765e-05,10,0.95,0.050000000000000044
2022-07-29,-0.005396092257972601,-0.005473997815853589,0.15581111576197665,7.790555788098832e-05,10,0.8941888842380243,0.10581111576197566
2022-08-01,-0.0036159865425259303,-0.0036789498669769164,0.1259266489019719,6.296332445098595e-05,10,0.95,0.050000000000000044
2022-08-02,-0.032714631835662235,-0.032730031166926056,0.030798662527647028,1.5399331263823514e-05,10,0.95,0.050000000000000044
2022-08-03,-0.021316057114895093,-0.021397991407812116,0.1638685858340475,8.193429291702376e-05,10,0.8861314141659534,0.11386858583404658
2022-08-04,0.009470298397884842,0.009391124552794991,0.15834769017970296,7.917384508985149e-05,10,0.9499999999999997,0.050000000000000266
2022-08-05,0.005947915532595602,0.005867534871103407,0.1607613229843898,8.038066149219491e-05,10,0.8892386770156113,0.11076132298438868
2022-08-08,0.012477145894166906,0.012387089133060298,0.18011352221321744,9.005676110660872e-05,10,0.9306478007711722,0.06935219922882785
2022-08-09,0.010773294516621441,0.010661138487679661,0.2243120578835593,0.00011215602894177965,10,0.8450401413452695,0.1549598586547305
2022-08-10,0.02584466687080048,0.025716585759601063,0.2561622223988357,0.00012808111119941783,10,0.8987976362558959,0.10120236374410407
2022-08-11,0.0007587595695681302,0.0007078537452813296,0.10181164857360113,5.090582428680057e-05,10,0.95,0.050000000000000044
2022-08-12,-0.016599434739980226,-0.01667549166006415,0.15211384016784762,7.605692008392381e-05,10,0.8978861598321535,0.10211384016784653
2022-08-15,3.909444160025456e-06,-4.0117974132071546e-05,0.088054836584194,4.4027418292097e-05,10,0.95,0.050000000000000044
2022-08-16,-0.001100123342723638,-0.0011994421409901397,0.19863759653300314,9.931879826650157e-05,10,0.851362403466998,0.14863759653300201
2022-08-17,0.03950619071337452,0.039430148089270166,0.15208524820871663,7.604262410435832e-05,10,0.95,0.050000000000000044
2022-08-18,0.011614859026066657,0.01152578523304221,0.1781475860488928,8.907379302444641e-05,10,0.871852413951108,0.12814758604889198
2022-08-19,0.011321668851912454,0.011267345876983992,0.10864594985692472,5.432297492846236e-05,10,0.9500000000000001,0.04999999999999993
2022-08-22,0.018509089545217818,0.018381430116974188,0.2553188564872596,0.0001276594282436298,10,0.7946811435127416,0.20531885648725845
2022-08-23,0.02226756233306732,0.02213108457059336,0.27295552494792213,0.00013647776247396106,10,0.9323633315393373,0.06763666846066274
2022-08-24,-0.0018126879704124489,-0.0018968185269543471,0.1682611130837967,8.413055654189835e-05,10,0.8993755553768669,0.10062444462313314
2022-08-25,-0.011929252974617152,-0.012031026249906545,0.2035465505787857,0.00010177327528939286,10,0.8970778940443485,0.10292210595565154
2022-08-26,0.014416207292447024,0.014326596776593396,0.17922103170725653,8.961051585362826e-05,10,0.9237010742483962,0.0762989257516038
2022-08-29,-0.047631057405718026,-0.04772900391834221,0.19589302524836333,9.794651262418167e-05,10,0.8804059005032415,0.11959409949675848
2022-08-30,-0.00434500316880355,-0.004493240107466026,0.29647387732495145,0.00014823693866247573,10,0.8231202221718079,0.1768797778281921
2022-08-31,-0.0353000017934231,-0.03540847732834736,0.21695106984850782,0.00010847553492425391,10,0.95,0.050000000000000044
2022-09-01,0.00974321997473024,0.009639154598863546,0.20813075173338888,0.00010406537586669445,10,0.8418692482666122,0.15813075173338775
2022-09-02,-0.030546698925557888,-0.03073618726224648,0.3789766733771859,0.00018948833668859294,10,0.7791540783562029,0.22084592164379713
2022-09-06,0.0009753506976836717,0.0008176165816403833,0.315468232086577,0.00015773411604328848,10,0.9053776895572212,0.0946223104427788
2022-09-07,0.006885278050377031,0.0067185881900961916,0.33337972056167897,0.0001666898602808395,10,0.7612425898811008,0.23875741011889917
2022-09-08,0.023893363019464337,0.02373445834153022,0.31780935586823433,0.00015890467793411718,10,0.920948054250666,0.07905194574933405
2022-09-09,0.01116604478063116,0.011044082336819054,0.24392488762421483,0.00012196244381210742,10,0.8351270581251204,0.16487294187487955
2022-09-12,-0.020898489817689825,-0.021038051939609278,0.27912424383890355,0.00013956212191945178,10,0.8857486980359771,0.11425130196402289
2022-09-13,0.026163050952302102,0.026035497081838534,0.25510774092713673,0.00012755387046356836,10,0.8591435610368872,0.14085643896311284
2022-09-14,-0.036304255058173425,-0.03635937439974067,0.11023868313449509,5.511934156724754e-05,10,0.9499999999999998,0.050000000000000155
2022-09-15,-0.05589413279000826,-0.056008560522153854,0.22885546429118486,0.00011442773214559244,10,0.8211445357088163,0.1788554642911837
2022-09-16,-0.003942883778062019,-0.00404630707617935,0.20684659623466178,0.0001034232981173309,10,0.95,0.050000000000000044
2022-09-19,-0.05630203140898083,-0.056382965938812646,0.16186905966362905,8.093452983181452e-05,10,0.8881309403363721,0.11186905966362792
2022-09-20,-0.02314332657063753,-0.023262179078426634,0.23770501557820925,0.00011885250778910462,10,0.8741640440854197,0.1258359559145803
2022-09-21,-0.022999621279073106,-0.023048022903093084,0.09680324803995605,4.8401624019978024e-05,10,0.9499999999999998,0.050000000000000155
2022-09-22,-0.05899108662996748,-0.059062997921097066,0.14382258225917507,7.191129112958754e-05,10,0.906177417740826,0.09382258225917395
2022-09-23,-0.0446049175981042,-0.04467387163297664,0.13790806974488015,6.895403487244008e-05,10,0.95,0.050000000000000044
2022-09-26,0.018158203006976955,0.018133701285062125,0.04900344382966004,2.450172191483002e-05,10,0.9499999999999998,0.050000000000000155
2022-09-27,0.04130354096242217,0.041289229211461914,0.02862350192051351,1.4311750960256755e-05,10,0.95,0.050000000000000044
2022-09-28,-0.011218354996088777,-0.011296017525840087,0.1553250595026208,7.76625297513104e-05,10,0.8946749404973802,0.10532505950261983
2022-09-29,-0.00586400245054383,-0.005960637424575831,0.19326994806400216,9.663497403200109e-05,10,0.9120551114386187,0.08794488856138127
2022-09-30,0.031727585017125096,0.03164454712204924,0.16607579015170826,8.303789507585413e-05,10,0.9218690984096741,0.07813090159032587
2022-10-03,0.03587903861688219,0.03575810929332788,0.24185864710863436,0.00012092932355431719,10,0.8362722544816925,0.1637277455183075
2022-10-04,-0.002564306377165171,-0.002710025498015845,0.2914382417013482,0.0001457191208506741,10,0.8722895038169604,0.12771049618303965
2022-10-05,-0.002169140487416257,-0.002323056909885042,0.30783284493756974,0.00015391642246878487,10,0.819877651245471,0.18012234875452904
2022-10-06,-0.023100733968938494,-0.023240025338177758,0.2785827384785303,0.00013929136923926516,10,0.9015396102759996,0.0984603897240004
2022-10-07,-0.01233487248325477,-0.0124398289128285,0.20991285914746,0.00010495642957373,10,0.8885475305765413,0.11145246942345866
2022-10-10,-0.005343568893038913,-0.0054417484780272495,0.1963591699766728,9.81795849883364e-05,10,0.9150932994467869,0.08490670055321314
2022-10-11,-0.015390808864089445,-0.015475381368110622,0.1691450080423547,8.457250402117735e-05,10,0.9157616925108594,0.08423830748914063
2022-10-12,0.02299083720795222,0.022902475968593766,0.1767224787169131,8.836123935845655e-05,10,0.9075158287722284,0.09248417122777164
2022-10-13,-0.03241350056602086,-0.03250788897953091,0.18877682702011367,9.438841351005684e-05,10,0.9037073442076589,0.09629265579234114
2022-10-14,0.018652519819054365,0.01855334385223445,0.19835193363982886,9.917596681991444e-05,10,0.8979407221525132,0.1020592778474868
2022-10-17,0.004992956061296865,0.0048931974020530586,0.1995173184876136,9.975865924380679e-05,10,0.9025419593598742,0.09745804064012575
2022-10-18,-0.003155589937564281,-0.0032582384460897234,0.2052970170508849,0.00010264850852544246,10,0.8921610235892417,0.10783897641075835
2022-10-19,-0.0023415880152812653,-0.0023768834020053125,0.07059077344809474,3.529538672404737e-05,10,0.9500000000000001,0.04999999999999993
2022-10-20,0.00842392671686825,0.008390355312074417,0.06714280958766668,3.357140479383334e-05,10,0.9500000000000001,0.04999999999999993
2022-10-21,-0.008283180588294498,-0.008362598845687151,0.15883651478530708,7.941825739265354e-05,10,0.8911634852146937,0.10883651478530632
2022-10-24,0.012634667791944571,0.012528571855816555,0.21219187225603214,0.00010609593612801607,10,0.8966446425292751,0.10335535747072488
2022-10-25,0.02523743307615086,0.025097597133434634,0.2796718854324516,0.0001398359427162258,10,0.8236834720382743,0.1763165279617257
2022-10-26,0.004603311392070239,0.004527337075139867,0.15194863386074406,7.597431693037203e-05,10,0.9500000000000001,0.04999999999999993
2022-10-27,-0.004072736163538157,-0.0041486252483241386,0.15177816957196189,7.588908478598095e-05,10,0.8982218304280388,0.10177816957196117
2022-10-28,-0.003027708637269516,-0.003195930763047475,0.3364442515559187,0.00016822212577795938,10,0.7653339180160431,0.2346660819839569
2022-10-31,0.00010949315908836011,3.843390886043108e-06,0.211299536404634,0.000105649768202317,10,0.9499999999999998,0.050000000000000155
2022-11-01,-0.011676667455355757,-0.011843791373482591,0.3342478362536714,0.00016712391812683569,10,0.7157521637463297,0.28424783625367034
2022-11-02,0.008785834032062201,0.008554096065507845,0.4634759331087117,0.00023173796655435587,10,0.8207719031449594,0.1792280968550406
2022-11-03,0.009381398113514884,0.009195439869676759,0.37191648767624874,0.00018595824383812437,10,0.8073116091787924,0.1926883908212076
2022-11-04,0.004983277973475759,0.004893309298878149,0.1799373491952191,8.996867459760955e-05,10,0.95,0.050000000000000044
2022-11-07,-0.011498667284855917,-0.011611629894517039,0.22592521932224124,0.00011296260966112063,10,0.8240747806777595,0.17592521932224048
2022-11-08,-0.052449767236153313,-0.052561215884558414,0.2228972968102056,0.0001114486484051028,10,0.9500000000000002,0.04999999999999982
2022-11-09,0.020121652658547696,0.020042162859874885,0.1589795973456193,7.948979867280966e-05,10,0.8910204026543813,0.10897959734561868
2022-11-10,0.016207930757285858,0.016067294084776206,0.2812733450193021,0.00014063667250965108,10,0.8277062523263174,0.17229374767368255
2022-11-11,-0.003542969851437327,-0.003697700280010862,0.3094608571470702,0.00015473042857353512,10,0.8628328905266134,0.13716710947338662
2022-11-14,0.009824051121477178,0.009721714895306746,0.20467245234086123,0.00010233622617043061,10,0.9324946571325263,0.06750534286747367
2022-11-15,-0.023752209571937258,-0.023831742981891977,0.1590668199094365,7.953340995471826e-05,10,0.908438522958038,0.09156147704196205
2022-11-16,-0.004053153991101833,-0.004131987599907712,0.1576672176117583,7.883360880587916e-05,10,0.9338942594302042,0.06610574056979579
2022-11-17,-0.0012301865427686689,-0.0013513058179428035,0.24223855034826935,0.00012111927517413468,10,0.8238671902215271,0.1761328097784729
2022-11-18,-0.01261987210355616,-0.012723480188932788,0.20721617075325863,0.00010360808537662931,10,0.95,0.050000000000000044
2022-11-21,0.0172977635763295,0.017180343011571404,0.234841129516188,0.000117420564758094,10,0.8151588704838129,0.18484112951618714
2022-11-22,-0.00786144456512708,-0.008009930493569455,0.2969718568847498,0.00014848592844237491,10,0.887869272631438,0.112130727368562
2022-11-23,0.008784336507369891,0.008573197785550893,0.422277443637995,0.00021113872181899751,10,0.6898532837305675,0.31014671626943247
2022-11-25,-0.018190693290790174,-0.01841145644550476,0.4415263094291767,0.00022076315471458835,10,0.8686204068402564,0.13137959315974357
2022-11-28,0.012836225712150299,0.012699747393056321,0.2729566381879553,0.00013647831909397766,10,0.8584229549717889,0.1415770450282111
2022-11-29,0.021653115784530254,0.021545508188370595,0.21521519231931466,0.00010760759615965733,10,0.926361852708897,0.07363814729110296
2022-11-30,-0.013379886702998903,-0.013412062542600245,0.06435167920268305,3.2175839601341525e-05,10,0.9500000000000001,0.04999999999999993
2022-12-01,0.004891931349128891,0.004820731012744426,0.14240067276892998,7.1200336384465e-05,10,0.9075993272310705,0.09240067276892949
2022-12-02,-0.035069333518062476,-0.035184057299290125,0.2294475624552915,0.00011472378122764574,10,0.8629531103136386,0.13704688968636136
2022-12-05,-0.03299721044847515,-0.03312257529139519,0.25072968584007194,0.00012536484292003598,10,0.88631720384629,0.11368279615371002
2022-12-06,0.0013189353588489371,0.001226202680140278,0.1854653574173181,9.273267870865905e-05,10,0.9282174387363925,0.07178256126360749
2022-12-07,-0.007911962424527751,-0.007940997114996637,0.05806938093777217,2.9034690468886087e-05,10,0.9499999999999998,0.050000000000000155
2022-12-08,-0.0237641205595606,-0.02381229826351359,0.09635540790597817,4.8177703952989084e-05,10,0.9500000000000001,0.04999999999999993
2022-12-09,0.029512891841216065,0.029353821770489834,0.31814014145245917,0.0001590700707262296,10,0.7318598585475415,0.26814014145245846
2022-12-12,0.014410763142570414,0.014285466582707742,0.25059311972534426,0.00012529655986267212,10,0.9499999999999998,0.050000000000000155
2022-12-13,-0.0003003766967599323,-0.00038023735365757557,0.1597213137952866,7.98606568976433e-05,10,0.8902786862047143,0.10972131379528571
2022-12-14,-0.015575378475866647,-0.01562502431522699,0.09929167872068709,4.964583936034354e-05,10,0.9499999999999998,0.050000000000000155
2022-12-15,-0.007417749531041389,-0.007495905833195355,0.1563126043079318,7.815630215396591e-05,10,0.893687395692069,0.10631260430793099
2022-12-16,-0.005137658705510676,-0.005238782465999953,0.2022475209785543,0.00010112376048927716,10,0.9040650833293775,0.09593491667062248
2022-12-19,0.02388667361324429,0.023849028046302675,0.07529113388323123,3.764556694161562e-05,10,0.9500000000000002,0.04999999999999982
2022-12-20,0.025196099504157892,0.025173035922101995,0.04612716411179264,2.3063582055896322e-05,10,0.9500000000000001,0.04999999999999993
2022-12-21,-0.018863732077262642,-0.018941952737834472,0.1564413211436614,7.822066057183071e-05,10,0.8935586788563393,0.10644132114366067
2022-12-22,0.009102357449087231,0.009027583058647695,0.14954878087907425,7.477439043953713e-05,10,0.9500000000000002,0.04999999999999982
2022-12-23,-0.006630669803419944,-0.006704265934643456,0.14719226244702482,7.359613122351241e-05,10,0.9028077375529757,0.09719226244702428
2022-12-27,-0.01617536758640779,-0.016254634190372156,0.15853320792872902,7.92666039643645e-05,10,0.9386590545182958,0.06134094548170421
2022-12-28,0.011055251471520975,0.010974595159400845,0.16131262424026055,8.065631212013027e-05,10,0.9000283212414444,0.09997167875855562
2022-12-29,0.005512458341039595,0.005417289801596205,0.1903370788867798,9.516853944338991e-05,10,0.9096345998717766,0.09036540012822336
2022-12-30,-0.028743717984615,-0.028819678595973047,0.15192122271609754,7.596061135804876e-05,10,0.9384441774121266,0.0615558225878734
2023-01-03,-0.0028941568674895226,-0.0029631624247527613,0.13801111452647763,6.900555726323882e-05,10,0.9235447080613964,0.07645529193860356
2023-01-04,0.0037564369691897945,0.0036792938131034575,0.1542863121726743,7.714315608633715e-05,10,0.9221689797659299,0.07783102023407007
2023-01-05,0.023460312624322847,0.0233707267840064,0.1791716806328983,8.958584031644915e-05,10,0.8986593396011725,0.1013406603988275
2023-01-06,-0.0027878301184739358,-0.0028779510985584805,0.18024196016908908,9.012098008454454e-05,10,0.9210987002297392,0.07890129977026084
2023-01-09,0.012540317649869648,0.012457786691415321,0.16506191690865307,8.253095845432654e-05,10,0.9138393828616086,0.0861606171383914
2023-01-10,-0.016209374714831987,-0.016318597332270403,0.21844523487683065,0.00010922261743841533,10,0.8677153822615616,0.13228461773843836
2023-01-11,0.026974876721618142,0.026816563495149225,0.3166264529378317,0.00015831322646891585,10,0.8156581648006075,0.1843418351993925
2023-01-12,0.01883792419339837,0.018668741043860848,0.3383662990750452,0.00016918314953752258,10,0.8459755361243481,0.15402446387565194
2023-01-13,0.012479361610600806,0.01236591966482297,0.22688389155567068,0.00011344194577783535,10,0.9271405723199821,0.07285942768001785
2023-01-17,-0.026461554268153165,-0.02649903209667735,0.07495565704837084,3.7477828524185423e-05,10,0.95,0.050000000000000044
2023-01-18,-0.03119144195138812,-0.03127274200941196,0.1626001160476692,8.13000580238346e-05,10,0.8873998839523316,0.1126001160476684
2023-01-19,0.020154316842403083,0.020033538648275406,0.24155638825535475,0.00012077819412767738,10,0.8710437277923144,0.12895627220768557
2023-01-20,0.004405900786045735,0.00425322343435786,0.30535470337575027,0.00015267735168787513,10,0.823601568831936,0.17639843116806397
2023-01-23,-0.0014976331473393098,-0.0016332794221243403,0.2712925495700612,0.00013564627478503062,10,0.9051058815980036,0.09489411840199635
2023-01-24,-0.011502941959136028,-0.011588894817870638,0.17190571746922068,8.595285873461034e-05,10,0.9229884009327767,0.07701159906722332
2023-01-25,-0.012696236626001558,-0.012769252193399083,0.1460311347950511,7.301556739752555e-05,10,0.9309804642721732,0.06901953572782682
2023-01-26,-0.025657349295971826,-0.025725243101203017,0.13578761046238108,6.789380523119055e-05,10,0.9332319252654466,0.06676807473455337
2023-01-27,-0.011958048999673244,-0.012035149874022856,0.15420174869922365,7.710087434961183e-05,10,0.9125663260353307,0.08743367396466928
2023-01-30,0.03020844084654796,0.030156889415835574,0.103102861424776,5.1551430712388e-05,10,0.9500000000000001,0.04999999999999993
2023-01-31,0.01076695702934864,0.010695310560848345,0.14329293700059179,7.164646850029589e-05,10,0.9067070629994091,0.09329293700059094
2023-02-01,-0.00732277729668242,-0.00739936964108848,0.1531846888121212,7.65923444060606e-05,10,0.9401082481884707,0.05989175181152928
2023-02-02,-0.04293937794565377,-0.04301889873403924,0.15904157677093242,7.952078838546622e-05,10,0.9008501750405978,0.09914982495940217
2023-02-03,-0.021944390930925976,-0.022032354404708465,0.17592694756497523,8.796347378248762e-05,10,0.9232228773944279,0.07677712260557212
2023-02-06,-0.011570393113609677,-0.011671389570031433,0.20199291284351187,0.00010099645642175593,10,0.8747842097620613,0.12521579023793872
2023-02-07,-0.010971925662242265,-0.0110726642703795,0.20147721627446874,0.00010073860813723437,10,0.923738573963471,0.07626142603652897
2023-02-08,-0.006321335107138874,-0.0064368685059710655,0.23106679766438332,0.00011553339883219166,10,0.8451946283721468,0.15480537162785324
2023-02-09,-0.017860995586564326,-0.01798372490469485,0.2454586362610486,0.0001227293181305243,10,0.9093467353668055,0.09065326463319445
2023-02-10,0.0016251068344166003,0.0015427510612586136,0.1647115463159733,8.235577315798664e-05,10,0.925941718317222,0.07405828168277795
2023-02-13,0.015846019960688802,0.01577290325150389,0.14623341836982653,7.311670918491326e-05,10,0.9278248633129523,0.07217513668704767
2023-02-14,0.03478224760261545,0.034706878008192193,0.1507391888465158,7.53695944232579e-05,10,0.9214359478405327,0.07856405215946727
2023-02-15,0.004906156266011747,0.004824597024524942,0.1631184829736108,8.15592414868054e-05,10,0.9154455691858574,0.0845544308141426
2023-02-16,0.01160677172635072,0.011503442301681443,0.2066588493385543,0.00010332942466927715,10,0.8778955814755892,0.12210441852441078
2023-02-17,-0.029836708670702178,-0.029941432334110046,0.2094473268157352,0.0001047236634078676,10,0.9126570917086766,0.0873429082913234
2023-02-21,0.01128126374734927,0.011208556469246803,0.14541455620493782,7.27072781024689e-05,10,0.9419283520863866,0.05807164791361341
2023-02-22,0.007835098445360376,0.007764372007774398,0.14145287517195582,7.072643758597791e-05,10,0.9166187727416585,0.08338122725834152
2023-02-23,-0.03488217304444571,-0.03495813676714789,0.15192744540435457,7.596372270217728e-05,10,0.9314537818539879,0.06854621814601214
2023-02-24,-0.00394281232739434,-0.004019736300697126,0.15384794660557247,7.692397330278624e-05,10,0.9146982715404406,0.08530172845955941
2023-02-27,-0.0010557523251039985,-0.0011763147532209215,0.24112485623384625,0.00012056242811692313,10,0.8441768722257141,0.15582312777428586
2023-02-28,0.03559802252728793,0.03545047059183569,0.2951038709044819,0.00014755193545224098,10,0.8607192568698048,0.13928074313019523
2023-03-01,0.022763864501295077,0.022631807179343322,0.26411464390350997,0.00013205732195175498,10,0.8751660992266861,0.12483390077331391
2023-03-02,0.038109680757462995,0.03805408858277344,0.11118434937910496,5.559217468955248e-05,10,0.95,0.050000000000000044
2023-03-03,-0.012812845196992108,-0.01292940904260842,0.2331276912326236,0.00011656384561631181,10,0.8168723087673776,0.1831276912326224
2023-03-06,-0.019046378345376484,-0.019135034407677873,0.17731212460277757,8.865606230138878e-05,10,0.95,0.050000000000000044
2023-03-07,-0.0063388576411927185,-0.006363514336664411,0.049313390943385924,2.4656695471692964e-05,10,0.9499999999999997,0.050000000000000266
2023-03-08,-0.027208459674351385,-0.027322398709169575,0.22787806963638327,0.00011393903481819163,10,0.822121930363618,0.17787806963638197
2023-03-09,-0.022999941577256457,-0.02309755363397366,0.19522411343440793,9.761205671720397e-05,10,0.95,0.050000000000000044
2023-03-10,-0.012981601186432308,-0.013117697185139653,0.27219199741469136,0.00013609599870734567,10,0.7778080025853097,0.2221919974146903
2023-03-13,-0.005211354019678055,-0.0053844645090974485,0.3462209788387871,0.00017311048941939355,10,0.8759710185759042,0.1240289814240958
2023-03-14,-0.030572524721636022,-0.030676867984715125,0.208686526158207,0.00010434326307910349,10,0.9153424552658898,0.08465754473411025
2023-03-15,0.01868006078234358,0.01858105394602298,0.19801367264120268,9.900683632060133e-05,10,0.8866438720929086,0.11335612790709138
2023-03-16,-0.03181885287224462,-0.03192398255289585,0.21025936130246975,0.00010512968065123488,10,0.9030967666046227,0.09690323339537732
2023-03-17,0.007598771786883195,0.007451490840234237,0.29456189329791527,0.00014728094664895764,10,0.8023413400974632,0.19765865990253684
2023-03-20,0.009775192124661726,0.009672658545607029,0.20506715810939236,0.00010253357905469618,10,0.9499999999999998,0.050000000000000155
2023-03-21,-0.015732763768146547,-0.01581918074654877,0.17283395680444713,8.641697840222357e-05,10,0.877166043195554,0.12283395680444598
2023-03-22,0.01562653905401928,0.015526925362731238,0.19922738257608397,9.961369128804198e-05,10,0.923606574228363,0.07639342577163699
2023-03-23,-0.009032656212268168,-0.00910478844512391,0.14426446571148605,7.213223285574302e-05,10,0.9321289600601521,0.06787103993984789
2023-03-24,0.012226905784185671,0.012145858807506037,0.16209395335926854,8.104697667963427e-05,10,0.9057770865805803,0.09422291341941968
2023-03-27,0.019033278202848263,0.018918167184588396,0.2302220365197346,0.00011511101825986731,10,0.864000876899686,0.13599912310031403
2023-03-28,0.016959210844626815,0.01684781839459585,0.22278490006193313,0.00011139245003096657,10,0.913214223038382,0.08678577696161804
2023-03-29,-0.015993933993228744,-0.016072548498972654,0.1572290114878226,7.86145057439113e-05,10,0.9295567654737966,0.07044323452620338
2023-03-30,0.0051660506014259665,0.005087898576873885,0.1563040491041632,7.81520245520816e-05,10,0.9141391854220412,0.0858608145779588
2023-03-31,0.01808633867980643,0.017992318757286626,0.18803984503961182,9.401992251980592e-05,10,0.897820969538348,0.102179030461652
2023-04-03,-0.0307411782205334,-0.030830048678126873,0.1777409151869403,8.887045759347015e-05,10,0.9244381152747128,0.07556188472528724
2023-04-04,-0.022760721619734265,-0.022840650693959633,0.1598581484507386,7.99290742253693e-05,10,0.9157037362745498,0.08429626372545018
2023-04-05,-0.0032684215124088823,-0.003355039261640685,0.17323549846360523,8.661774923180262e-05,10,0.9110607652618461,0.0889392347381539
2023-04-06,0.013562005353733107,0.013525332455517328,0.07334579643155999,3.667289821578e-05,10,0.9500000000000001,0.04999999999999993
2023-04-10,0.00027610834097177605,0.00021156780150296867,0.12908107893761475,6.454053946880738e-05,10,0.9209189210623863,0.07908107893761374
2023-04-11,-0.004658455885588841,-0.004745170547269317,0.17342932336095257,8.671466168047629e-05,10,0.9056517555766622,0.09434824442333778
2023-04-12,0.013195341914661202,0.013118745784956967,0.15319225940847134,7.659612970423567e-05,10,0.9411559850148676,0.058844014985132365
2023-04-13,0.0009013391464184138,0.0008364174491734441,0.12984339448993928,6.492169724496964e-05,10,0.9290006204951943,0.07099937950480573
2023-04-14,0.04117943344532787,0.041109407349799426,0.14005219105689204,7.002609552844602e-05,10,0.9309471884479148,0.0690528115520852
2023-04-17,0.02424407607580086,0.024230915486113926,0.026321179373867916,1.3160589686933958e-05,10,0.9500000000000001,0.04999999999999993
2023-04-18,0.009971185529517656,0.009898004301224984,0.14636245658534144,7.318122829267073e-05,10,0.9036375434146595,0.09636245658534048
2023-04-19,-0.006492764059113964,-0.0065643303735100685,0.1431326287922079,7.156631439610394e-05,10,0.95,0.050000000000000044
2023-04-20,-0.0013577382634430298,-0.00142917329284775,0.14287005880944026,7.143502940472014e-05,10,0.9071299411905608,0.09287005880943922
2023-04-21,-0.0193345588598373,-0.01941096880764509,0.15281989561558246,7.640994780779123e-05,10,0.9400501631938578,0.05994983680614219
2023-04-24,-0.031475361936687006,-0.03149954578921499,0.04836770505596712,2.418385252798356e-05,10,0.9500000000000001,0.04999999999999993
2023-04-25,0.01370066378134011,0.013633839217501777,0.13364912767666792,6.682456383833397e-05,10,0.916350872323333,0.08364912767666699
2023-04-26,-0.0024507490323393616,-0.002534953864532006,0.16840966438528882,8.420483219264441e-05,10,0.9152394632913791,0.08476053670862094
2023-04-27,0.018171256810796104,0.018061276439466027,0.21996074266015048,0.00010998037133007524,10,0.8647997940484715,0.13520020595152848
2023-04-28,0.002577917898919422,0.002455121694273908,0.24559240929102716,0.00012279620464551358,10,0.8896077966605024,0.11039220333949762
2023-05-01,-0.03768144103377502,-0.03772753205698118,0.0921820464123108,4.60910232061554e-05,10,0.9500000000000002,0.04999999999999982
2023-05-02,-0.011105530212789365,-0.011141341093468917,0.0716217613591038,3.58108806795519e-05,10,0.9499999999999997,0.050000000000000266
2023-05-03,-0.0016550335693872819,-0.0017589728082847223,0.20787847779488094,0.00010393923889744048,10,0.8421215222051203,0.15787847779487973
2023-05-04,0.012536148572862697,0.012453967646912992,0.16436185189941085,8.218092594970544e-05,10,0.9500000000000002,0.04999999999999982
2023-05-05,0.0005532759816632833,0.00044557353765887033,0.21540488800882593,0.00010770244400441297,10,0.8345951119911752,0.1654048880088248
2023-05-08,-0.025860761272915977,-0.025948423204624697,0.1753238634174416,8.766193170872081e-05,10,0.9499999999999997,0.050000000000000266
2023-05-09,-0.017980539524838735,-0.018055501357644926,0.14992366561238102,7.496183280619051e-05,10,0.9000763343876202,0.09992366561237975
2023-05-10,0.006838972841622205,0.006739209029048944,0.19952762514652062,9.97638125732603e-05,10,0.9003960404658603,0.0996039595341397
2023-05-11,-0.0002147209872264905,-0.0002475035784076951,0.06556518236240919,3.2782591181204595e-05,10,0.95,0.050000000000000044
2023-05-12,0.02441732179315394,0.02430277012767237,0.22910333096313995,0.00011455166548156998,10,0.8208966690368612,0.1791033309631388
2023-05-15,-0.022873123729950484,-0.022973107652594534,0.19996784528810113,9.998392264405056e-05,10,0.95,0.050000000000000044
2023-05-16,0.0019305252888388274,0.001904336319350414,0.05237793897682709,2.6188969488413544e-05,10,0.95,0.050000000000000044
2023-05-17,-0.003978909686264332,-0.0040572981075251155,0.1567768425215679,7.838842126078396e-05,10,0.8932231574784334,0.1067768425215666
2023-05-18,-0.015982137809908512,-0.01607618838495546,0.18810115009389988,9.405057504694994e-05,10,0.918675692427668,0.081324307572332
2023-05-19,0.00798237292557569,0.007953281400989111,0.05818304917315814,2.909152458657907e-05,10,0.95,0.050000000000000044
2023-05-22,-0.011098390520501464,-0.011174375592422608,0.15197014384228566,7.598507192114283e-05,10,0.8980298561577155,0.10197014384228453
2023-05-23,0.004479198004716106,0.004446136739589634,0.06612253025294343,3.3061265126471715e-05,10,0.9499999999999998,0.050000000000000155
2023-05-24,0.014322564803856108,0.014257271817042536,0.13058597362714228,6.529298681357114e-05,10,0.9194140263728592,0.08058597362714082
2023-05-25,0.013053038178030576,0.012972116407862914,0.16184354033532317,8.092177016766159e-05,10,0.918742433291819,0.08125756670818096
2023-05-26,0.00020766974730215303,0.00017833216539364386,0.05867516381701835,2.9337581908509175e-05,10,0.9500000000000001,0.04999999999999993
2023-05-30,-0.009292857425767015,-0.009319778102247095,0.05384135296015936,2.692067648007968e-05,10,0.9500000000000001,0.04999999999999993
2023-05-31,0.02289305701936153,0.022870895959142074,0.04432212043891833,2.2161060219459167e-05,10,0.9499999999999997,0.050000000000000266
2023-06-01,0.003241113166573658,0.0032064252219074583,0.06937588933239897,3.468794466619948e-05,10,0.9499999999999997,0.050000000000000266
2023-06-02,0.0014923293839764302,0.0014196635966259204,0.14533157470101948,7.266578735050974e-05,10,0.9046684252989821,0.09533157470101794
2023-06-05,0.034204086522305166,0.03411779344940884,0.1725861457926535,8.629307289632675e-05,10,0.9227454289083656,0.07725457109163436
2023-06-06,0.004670103389108091,0.004595832983296332,0.14854081162351968,7.427040581175984e-05,10,0.9287137594681159,0.07128624053188415
2023-06-07,0.0048602981503280745,0.004776907299736393,0.16678170118336236,8.339085059168118e-05,10,0.9045045393485232,0.09549546065147685
2023-06-08,-0.0030067505837616123,-0.003099069350961424,0.18463753439962338,9.231876719981169e-05,10,0.9108579262518547,0.08914207374814531
2023-06-09,0.003299094945241532,0.003158086302745693,0.2820172849916781,0.00014100864249583906,10,0.8071247887564683,0.19287521124353169
2023-06-12,0.003561995237966587,0.0034161025432827034,0.2917853893677669,0.00014589269468388345,10,0.901089821875766,0.09891017812423397
2023-06-13,-0.0008412809702190839,-0.0009329548176145403,0.18334769479091256,9.167384739545628e-05,10,0.9155624833333225,0.08443751666667754
2023-06-14,0.007205651481068056,0.007133507255562104,0.1442884510119023,7.214422550595114e-05,10,0.9401490656547764,0.059850934345223594
2023-06-15,-0.011595910216490632,-0.011699418634648654,0.2070168363160434,0.0001035084181580217,10,0.8528340980291815,0.14716590197081847
2023-06-16,0.0013795379346269595,0.001295061783479115,0.16895230229568878,8.447615114784439e-05,10,0.9500000000000001,0.04999999999999993
2023-06-20,0.006150825035966607,0.006037835409937461,0.2259792520582919,0.00011298962602914595,10,0.8240207479417094,0.17597925205829057
2023-06-21,0.006439191471196798,0.006340439604314012,0.19750373376557195,9.875186688278598e-05,10,0.95,0.050000000000000044
2023-06-22,-0.01897830231153032,-0.019065457496542575,0.17431037002450622,8.715518501225312e-05,10,0.8756896299754953,0.12431037002450473
2023-06-23,0.005007635379203284,0.004951992890681861,0.11128497704284601,5.564248852142301e-05,10,0.9500000000000001,0.04999999999999993
2023-06-26,0.008176104786132283,0.008094620495495837,0.16296858127288957,8.148429063644478e-05,10,0.8870314187271118,0.11296858127288822
2023-06-27,0.03441257542371945,0.034291533093591245,0.242084660256408,0.00012104233012820401,10,0.8708839210164816,0.1291160789835184
2023-06-28,0.009581374976362553,0.009517768772008987,0.1272124087071339,6.360620435356696e-05,10,0.95,0.050000000000000044
2023-06-29,0.024483376931280776,0.024403437875994846,0.15987811057185636,7.993905528592817e-05,10,0.8901218894281452,0.10987811057185481
2023-06-30,0.0016612217843166876,0.001625447811424622,0.07154794578413118,3.577397289206559e-05,10,0.95,0.050000000000000044
2023-07-03,0.004391973363926094,0.0043473261788050796,0.0892943702420288,4.46471851210144e-05,10,0.95,0.050000000000000044
2023-07-05,-0.020530208517289053,-0.020641036487192458,0.22165593980680925,0.00011082796990340464,10,0.8283440601931921,0.17165593980680793
2023-07-06,0.013417785406924558,0.01331638115200172,0.20280850984567378,0.00010140425492283689,10,0.9499999999999998,0.050000000000000155
2023-07-07,0.022472914928356215,0.022359855262217117,0.22611933227819403,0.00011305966613909701,10,0.8238806677218076,0.17611933227819243
2023-07-10,0.006110956739186338,0.006036476978465288,0.14895952144210078,7.447976072105039e-05,10,0.95,0.050000000000000044
2023-07-11,0.014017507321496708,0.013943012042718233,0.14899055755694957,7.449527877847479e-05,10,0.901009442443052,0.09899055755694797
2023-07-12,0.02946272353851771,0.029352804527836823,0.21983802136177483,0.00010991901068088741,10,0.8791525361951749,0.12084746380482514
2023-07-13,-0.018430129684246455,-0.01852880681733006,0.19735426616720997,9.867713308360499e-05,10,0.9234931976376167,0.07650680236238327
2023-07-14,0.037355014100772396,0.03731247646268864,0.08507527616751367,4.2537638083756835e-05,10,0.95,0.050000000000000044
2023-07-17,0.022275184346675105,0.02217386901581625,0.2026306617177136,0.0001013153308588568,10,0.8473693382822879,0.1526306617177121
2023-07-18,-0.025785914820238145,-0.02587015982266838,0.16849000486047472,8.424500243023736e-05,10,0.95,0.050000000000000044
2023-07-19,-0.018292574724031375,-0.018366322120482333,0.14749479290191758,7.37473964509588e-05,10,0.9025052070980838,0.0974947929019162
2023-07-20,-0.007304769579632636,-0.007392800378674744,0.1760615980842165,8.803079904210826e-05,10,0.9214331948177011,0.07856680518229886
2023-07-21,-0.008342791045046804,-0.008463007752100125,0.24043341410664415,0.00012021670705332208,10,0.8381333910756561,0.1618666089243439
2023-07-24,0.010047380273282688,0.009910405606093655,0.27394933437806457,0.0001369746671890323,10,0.8879172745462807,0.11208272545371933
2023-07-25,-0.00824596447768515,-0.008337889648221679,0.18385034107305834,9.192517053652916e-05,10,0.9282323843806624,0.07176761561933764
2023-07-26,-0.023517844136715454,-0.023627419999781997,0.21915172613308725,0.00010957586306654363,10,0.8526158894862517,0.14738411051374833
2023-07-27,0.0330328583382885,0.032905567830627556,0.2545810153218795,0.00012729050766093974,10,0.8928030951918702,0.10719690480812982
2023-07-28,0.04206046094469456,0.0419251822970673,0.27055729525452477,0.00013527864762726238,10,0.8366396095536064,0.1633603904463936
2023-07-31,-0.00022162669559282894,-0.0003594904291593869,0.2757274671331159,0.00013786373356655795,10,0.8876329233132791,0.11236707668672086
2023-08-01,0.021781071503985536,0.021690414548034335,0.1813139119024017,9.065695595120086e-05,10,0.9310531647843205,0.06894683521567946
2023-08-02,-0.020660333402073915,-0.020679844202984566,0.0390216018212994,1.95108009106497e-05,10,0.95,0.050000000000000044
2023-08-03,0.0781111918079609,0.07804514042163004,0.13210277266174628,6.605138633087314e-05,10,0.9178972273382552,0.08210277266174482
2023-08-04,0.004490565123475088,0.004406602205066358,0.16792583681746037,8.396291840873019e-05,10,0.9141769358442859,0.08582306415571406
2023-08-07,0.001335544187105485,0.0012836237686454156,0.10384083692013855,5.192041846006928e-05,10,0.95,0.050000000000000044
2023-08-08,-0.05990893990172033,-0.05998944094241504,0.16100208138941108,8.050104069470555e-05,10,0.8889979186105903,0.1110020813894097
2023-08-09,0.039811046953363155,0.03971463107442834,0.19283175786963375,9.641587893481687e-05,10,0.9181703235197772,0.08182967648022277
2023-08-10,-0.03296790329732052,-0.03304220099101955,0.14859538739806227,7.429769369903114e-05,10,0.9332342890821619,0.06676571091783812
2023-08-11,0.03924719557849323,0.03917369648320813,0.1469981905702107,7.349909528510536e-05,10,0.9197675203476288,0.08023247965237124
2023-08-14,-0.020356308130046987,-0.020440890430113986,0.16916460013399776,8.458230006699887e-05,10,0.9110678795183749,0.08893212048162513
2023-08-15,-0.04173022850275202,-0.04182178360290393,0.18311020030380923,9.155510015190462e-05,10,0.9058219201778172,0.09417807982218285
2023-08-16,-0.03185370967156644,-0.03194513030905528,0.18284127497766872,9.142063748883436e-05,10,0.9113368048445152,0.08866319515548482
2023-08-17,-0.00032880186541098667,-0.00042454819840390503,0.1914926659858367,9.574633299291836e-05,10,0.8971705291696492,0.10282947083035077
2023-08-18,0.03493020171012462,0.03485787288617512,0.1446576478990031,7.232882394950155e-05,10,0.9500000000000002,0.04999999999999982
2023-08-21,-0.0008533609247934597,-0.0008849630542819157,0.06320425897691173,3.160212948845587e-05,10,0.9500000000000001,0.04999999999999993
2023-08-22,0.04651533362052006,0.04643900790379368,0.1526514334527537,7.632571672637686e-05,10,0.8973485665472476,0.1026514334527524
2023-08-23,-0.04291560024704474,-0.043030106502736275,0.22901251138307405,0.00011450625569153703,10,0.8736389220696797,0.12636107793032025
2023-08-24,-0.00679850623892208,-0.006943258200825676,0.2895039238071925,0.00014475196190359623,10,0.8368571541231292,0.16314284587687078
2023-08-25,0.018203312104277655,0.01807296456363227,0.26069508129076974,0.00013034754064538488,10,0.9024477645861025,0.09755223541389746
2023-08-28,0.06486976863835846,0.0647856425867618,0.16825210319333464,8.412605159666733e-05,10,0.9293001322205644,0.0706998677794356
2023-08-29,0.01476154037907713,0.014665371969058818,0.19233682003662272,9.616841001831137e-05,10,0.8783630477428144,0.12163695225718563
2023-08-30,-0.0030822009167157946,-0.0032153007937377495,0.26619975404390944,0.00013309987702195473,10,0.8554371982132775,0.14456280178672254
2023-08-31,0.007172996840520071,0.007041503321764688,0.26298703751076685,0.00013149351875538343,10,0.8815757642759569,0.11842423572404315
2023-09-01,-0.008867869386996614,-0.008963660561215617,0.19158234843800642,9.579117421900322e-05,10,0.926841887286038,0.073158112713962
2023-09-05,-0.006906757768726051,-0.007054503634184413,0.2954917309167223,0.00014774586545836116,10,0.7776663817972411,0.22233361820275888
2023-09-06,-0.02336221346641692,-0.023517296368413095,0.3101658039923525,0.00015508290199617625,10,0.9121678142104076,0.0878321857895924
2023-09-07,0.00019028938247867347,0.00010505807540195101,0.1704626141534449,8.523130707672246e-05,10,0.9173695716361486,0.08263042836385137
2023-09-08,-0.00866995730190585,-0.00880022668481253,0.26053876581335966,0.00013026938290667983,10,0.8220916625504929,0.17790833744950707
2023-09-11,-0.01871261239674594,-0.018840989337718467,0.2567538819450535,0.00012837694097252676,10,0.9211544555044548,0.07884554449554515
2023-09-12,-0.049228168674958446,-0.04927948612367595,0.10263489743500091,5.1317448717500456e-05,10,0.95,0.050000000000000044
2023-09-13,0.022585379789135197,0.022504757792045863,0.16124399417866522,8.062199708933261e-05,10,0.888756005821336,0.11124399417866404
2023-09-14,-0.02009340523334363,-0.020185291440859992,0.183772415032725,9.188620751636251e-05,10,0.9274715791459403,0.07252842085405975
2023-09-15,-0.0025216344635852947,-0.0026015862094103154,0.15990349165004103,7.995174582502051e-05,10,0.91262492920402,0.08737507079597995
2023-09-18,-0.01787738707135334,-0.018007393259702867,0.2600123766990514,0.0001300061883495257,10,0.8273626940969298,0.17263730590307025
2023-09-19,-0.01816836467831765,-0.018311728638691058,0.28672792074681014,0.00014336396037340507,10,0.8859093851562613,0.11409061484373872
2023-09-20,-0.03341560830266872,-0.03352136636733923,0.21151612934102287,0.00010575806467051144,10,0.902574485502717,0.09742551449728298
2023-09-21,0.0073008759514787145,0.007176208537872862,0.24933482721170544,0.0001246674136058527,10,0.8480906872855786,0.15190931271442143
2023-09-22,-0.004857107092685648,-0.004957006297562185,0.19979840975307522,9.989920487653761e-05,10,0.9500000000000001,0.04999999999999993
2023-09-25,0.0041488473197697565,0.004103516182821039,0.0906622738974347,4.533113694871735e-05,10,0.95,0.050000000000000044
2023-09-26,0.008863625259391213,0.008776991313788325,0.17326789120577563,8.663394560288782e-05,10,0.8767321087942257,0.1232678912057743
2023-09-27,0.0530534872752789,0.05294405730336847,0.2188599438208615,0.00010942997191043074,10,0.904407947384914,0.09559205261508597
2023-09-28,-0.0017613581934306445,-0.0018515361486461158,0.18035591043094246,9.017795521547123e-05,10,0.9152361421841445,0.08476385781585549
2023-09-29,-0.012561466608018096,-0.012592355291850413,0.0617773676646349,3.088868383231745e-05,10,0.95,0.050000000000000044
2023-10-02,-0.048235796481891954,-0.048275376754255334,0.07916054472675388,3.958027236337694e-05,10,0.9499999999999998,0.050000000000000155
2023-10-03,-0.00401829824202915,-0.004091708226278537,0.14681996849877382,7.340998424938691e-05,10,0.9031800315012273,0.09681996849877272
2023-10-04,0.0034824982730092355,0.003393787483017411,0.1774215799836495,8.871078999182475e-05,10,0.9193983885151243,0.08060161148487566
2023-10-05,0.023769532118600573,0.023740830409922403,0.05740341735634379,2.8701708678171896e-05,10,0.95,0.050000000000000044
2023-10-06,-0.02515153500816747,-0.025174668292570184,0.046266568805431924,2.313328440271596e-05,10,0.9500000000000001,0.04999999999999993
2023-10-09,0.02190835004323232,0.021888460499053908,0.03977908835682502,1.9889544178412508e-05,10,0.9499999999999998,0.050000000000000155
2023-10-10,0.016278982292020138,0.016259750373182686,0.038463837674905854,1.9231918837452927e-05,10,0.9500000000000002,0.04999999999999982
2023-10-11,-0.027504507770763156,-0.0275198704110776,0.03072528062888724,1.536264031444362e-05,10,0.9500000000000002,0.04999999999999982
2023-10-12,-0.041980808022605315,-0.04200859355700399,0.05557106879734722,2.778553439867361e-05,10,0.95,0.050000000000000044
2023-10-13,0.021758984851597104,0.021730194358090687,0.05758098701283289,2.8790493506416444e-05,10,0.9499999999999998,0.050000000000000155
2023-10-16,0.00447714166756268,0.004461430866286194,0.03142160255297122,1.571080127648561e-05,10,0.95,0.050000000000000044
2023-10-17,-0.04589658061839193,-0.045961823957201414,0.13048667761896782,6.524333880948391e-05,10,0.9195133223810334,0.08048667761896655
2023-10-18,-0.02447014028451929,-0.02453515042535359,0.13002028166860174,6.501014083430088e-05,10,0.9500000000000001,0.04999999999999993
2023-10-19,-0.03309273649071019,-0.03315341839107431,0.12136380072822954,6.068190036411477e-05,10,0.9286361992717717,0.07136380072822834
2023-10-20,0.01390764265176544,0.013842249410726249,0.13078648207838156,6.539324103919078e-05,10,0.940577318649848,0.05942268135015205
2023-10-23,0.012222678470341815,0.012203646475335884,0.038063990011861476,1.9031995005930738e-05,10,0.9499999999999998,0.050000000000000155
2023-10-24,-0.03431808160486976,-0.0343806749027316,0.12518659572367707,6.259329786183854e-05,10,0.9248134042763243,0.0751865957236757
2023-10-25,-0.025935044886934357,-0.02602063190288132,0.17117403189392516,8.558701594696259e-05,10,0.9040125638297519,0.09598743617024807
2023-10-26,0.002443410491454582,0.002359085084681507,0.16865081354614986,8.432540677307493e-05,10,0.9273366226240997,0.07266337737590034
2023-10-27,-0.0003498153650899373,-0.0004268301896143322,0.15402964904878982,7.701482452439492e-05,10,0.9186337283271119,0.08136627167288812
2023-10-30,0.011160964945242043,0.01107473749261215,0.17245490525978668,8.622745262989335e-05,10,0.9089113664131028,0.09108863358689723
2023-10-31,0.023730837728395047,0.023642234210530945,0.17720703572820623,8.860351786410311e-05,10,0.9138815978586924,0.08611840214130762
2023-11-01,0.05091325263172715,0.05087326052373565,0.07998421598300634,3.999210799150317e-05,10,0.95,0.050000000000000044
2023-11-02,0.04509922969556156,0.04506286482390869,0.07272974330573448,3.636487165286724e-05,10,0.95,0.050000000000000044
2023-11-03,0.005880709208738949,0.00579985927709208,0.16169986329373853,8.084993164686927e-05,10,0.8883001367062628,0.11169986329373716
2023-11-06,0.011453619509319071,0.011333395137533038,0.24044874357206553,0.00012022437178603277,10,0.8712511197216731,0.12874888027832687
2023-11-07,-0.00928003085475866,-0.009401761050020952,0.24346039052458468,0.00012173019526229234,10,0.8852884897537436,0.11471151024625637
2023-11-08,-0.01919264685233475,-0.01932922170236989,0.27314970007027706,0.00013657485003513853,10,0.8415618101759808,0.15843818982401925
2023-11-09,-0.00644980869195516,-0.006505113212302369,0.1106090406944175,5.530452034720875e-05,10,0.95,0.050000000000000044
2023-11-10,0.032292817377679514,0.03226049317900467,0.0646483973496776,3.23241986748388e-05,10,0.9499999999999997,0.050000000000000266
2023-11-13,0.08080409253618126,0.08072704632362714,0.15409242510824098,7.704621255412048e-05,10,0.8959075748917606,0.10409242510823935
2023-11-14,0.014010175213843932,0.01391257295073462,0.19520452621862405,9.760226310931203e-05,10,0.9088878988896167,0.09111210111038326
2023-11-15,-0.016578043238256505,-0.016727252735243524,0.2984189939740336,0.0001492094969870168,10,0.7926931071363512,0.20730689286364878
2023-11-16,0.010414542809953043,0.01030489709120866,0.21929143748876237,0.00010964571874438119,10,0.95,0.050000000000000044
2023-11-17,0.034239785716021695,0.0342167671231216,0.04603718580019682,2.301859290009841e-05,10,0.9500000000000001,0.04999999999999993
2023-11-20,0.020824605418823923,0.020803873392637954,0.04146405237193543,2.0732026185967715e-05,10,0.9499999999999998,0.050000000000000155
2023-11-21,0.007889442496046234,0.007815852407009414,0.14718017807363765,7.359008903681883e-05,10,0.9028198219263638,0.09718017807363621
2023-11-22,-0.006587221549153442,-0.0066780617047084295,0.1816803111099746,9.08401555549873e-05,10,0.9154998669636629,0.08450013303633708
2023-11-24,0.02497909509579369,0.02485578281614178,0.24662455930381666,0.00012331227965190833,10,0.8378755737325216,0.16212442626747836
2023-11-27,-0.009216345385868158,-0.00936401655190698,0.29534233207764216,0.00014767116603882108,10,0.8667820941898374,0.13321790581016257
2023-11-28,0.004948796716210551,0.004835767982113341,0.2260574681944215,0.00011302873409721074,10,0.9071604376157425,0.0928395623842575
2023-11-29,-0.018467493283886503,-0.018496907690154978,0.0588288125369535,2.941440626847675e-05,10,0.9500000000000001,0.04999999999999993
2023-11-30,0.07316307610080311,0.07309361849932647,0.13891520295328702,6.945760147664351e-05,10,0.9110847970467144,0.08891520295328559
2023-12-01,0.023456889668662398,0.02334936811940208,0.21504309852063286,0.00010752154926031643,10,0.8738721044326542,0.12612789556734583
2023-12-04,-0.01155688256407406,-0.011667375383412146,0.22098563867617602,0.00011049281933808802,10,0.905142256891171,0.094857743108829
2023-12-05,-0.012810515891195052,-0.012893584875022627,0.16613796765514913,8.306898382757457e-05,10,0.928719775453681,0.071280224546319
2023-12-06,0.010841261685772473,0.010757267471012489,0.16798842951996976,8.399421475998488e-05,10,0.9032917950263504,0.09670820497364963
2023-12-07,0.04106522448766423,0.040950646442918646,0.22915608949116778,0.00011457804474558389,10,0.867552115482483,0.132447884517517
2023-12-08,-0.01771795308498167,-0.017844261900758163,0.2526176315529858,0.0001263088157764929,10,0.8798302529645324,0.12016974703546757
2023-12-11,0.008471501439479535,0.008368531885932569,0.20593910709393415,0.00010296955354696708,10,0.9142306399415348,0.08576936005846525
2023-12-12,0.0627256163129736,0.0626755193443189,0.10019393730938182,5.009696865469091e-05,10,0.95,0.050000000000000044
2023-12-13,0.04011690936277391,0.04004490655400121,0.14400561754538754,7.200280877269377e-05,10,0.9059943824546138,0.09400561754538617
2023-12-14,0.005823299595608002,0.0056833944174503855,0.27981035631523254,0.00013990517815761627,10,0.8141952612301548,0.18580473876984516
2023-12-15,0.031396501132675565,0.031315682651880436,0.16163696159026458,8.081848079513229e-05,10,0.95,0.050000000000000044
2023-12-18,0.02724995010361195,0.02718227266528574,0.1353548766524224,6.76774383262112e-05,10,0.9146451233475786,0.08535487665242136
2023-12-19,-0.05388968676037012,-0.05395305814974354,0.12674277874683998,6.337138937342e-05,10,0.9500000000000001,0.04999999999999993
2023-12-20,0.01935591027465323,0.019286121676435414,0.13957719643563457,6.978859821781729e-05,10,0.9104228035643664,0.08957719643563355
2023-12-21,-0.0077768122355815535,-0.007871171552109838,0.1887186330565706,9.435931652828531e-05,10,0.900858563379064,0.099141436620936
2023-12-22,0.014107817035320804,0.014070197415439734,0.07523923976213721,3.761961988106861e-05,10,0.95,0.050000000000000044
2023-12-26,0.005547194326582765,0.0055339564398784276,0.026475773408675587,1.3237886704337793e-05,10,0.95,0.050000000000000044
2023-12-27,-0.008231546020230556,-0.008305726371512336,0.14836070256356015,7.418035128178008e-05,10,0.9016392974364412,0.09836070256355878
2023-12-28,-0.048336286671838154,-0.04842632992279274,0.18008650190918013,9.004325095459007e-05,10,0.9182742006543799,0.08172579934562008
2023-12-29,-0.03445762667437907,-0.03456833104909875,0.2214087494393554,0.00011070437471967771,10,0.8603170499062658,0.13968295009373422
2024-01-02,-0.04583549590831683,-0.04594588600496278,0.22078019329189408,0.00011039009664594704,10,0.9189027568018414,0.08109724319815859
2024-01-03,0.012809464029573508,0.012734432503262639,0.1500630526217382,7.50315263108691e-05,10,0.9310341905764217,0.06896580942357833
2024-01-04,0.017073049358877698,0.016986328648387648,0.1734414209801035,8.672071049005176e-05,10,0.895524388443476,0.10447561155652396
2024-01-05,0.008314075513484828,0.008231695977582325,0.16475907180500726,8.237953590250364e-05,10,0.9397165397515179,0.06028346024848208
2024-01-08,-0.005000523491910763,-0.005078605118230005,0.15616325263848307,7.808162631924153e-05,10,0.9041202076100001,0.09587979238999988
2024-01-09,-0.005666035623866012,-0.005699862976990977,0.06765470624993074,3.382735312496537e-05,10,0.9499999999999998,0.050000000000000155
2024-01-10,-0.0448530354116067,-0.044919514350367985,0.13295787752256794,6.647893876128397e-05,10,0.9170421224774334,0.08295787752256656
2024-01-11,-0.034876096714222087,-0.03496954431545624,0.18689520246831307,9.344760123415654e-05,10,0.8960626750542547,0.10393732494574526
2024-01-12,-0.019399015144356598,-0.019481391849398542,0.16475341008388503,8.237670504194251e-05,10,0.9391839148618615,0.06081608513813852
2024-01-16,-0.01639320908334275,-0.016447919429667154,0.10942069264880373,5.4710346324401865e-05,10,0.9500000000000001,0.04999999999999993
2024-01-17,0.006175117377688916,0.006129330899269281,0.0915729568392691,4.578647841963455e-05,10,0.95,0.050000000000000044
2024-01-18,0.027473770056135948,0.027401694186389484,0.14415173949292906,7.207586974646454e-05,10,0.9058482605070722,0.09415173949292777
2024-01-19,0.04927696990712209,0.049239399523640155,0.07514076696387455,3.757038348193727e-05,10,0.9499999999999998,0.050000000000000155
2024-01-22,0.009556793111233839,0.009490432347348962,0.13272152776975216,6.636076388487608e-05,10,0.9172784722302493,0.08272152776975072
2024-01-23,-0.04709165872822801,-0.04715622505313969,0.12913264982336675,6.456632491168338e-05,10,0.95,0.050000000000000044
2024-01-24,-0.01085618186845678,-0.010920328556823462,0.1282933767333644,6.414668836668221e-05,10,0.9217066232666369,0.07829337673336312
2024-01-25,-0.008331410755942166,-0.008411511314812324,0.16020111774031515,8.010055887015757e-05,10,0.9180922589930492,0.08190774100695075
2024-01-26,0.048994490990413725,0.04891594830934477,0.15708536213789742,7.854268106894871e-05,10,0.9248223788690548,0.07517762113094517
2024-01-29,-0.001599451175152148,-0.001627993137583913,0.05708392486352979,2.8541962431764896e-05,10,0.9499999999999998,0.050000000000000155
2024-01-30,-0.02914909259941529,-0.02919479891342168,0.09141262801277925,4.570631400638962e-05,10,0.95,0.050000000000000044
2024-01-31,0.018354606069218484,0.018299242385458023,0.11072736752092205,5.536368376046102e-05,10,0.9392726324790792,0.06072736752092078
2024-02-01,0.038906300443238506,0.038808175079661826,0.19625072715335765,9.812536357667883e-05,10,0.8644766403675643,0.13552335963243567
2024-02-02,0.004767572228091759,0.004673392877568347,0.1883587010468244,9.41793505234122e-05,10,0.9471646585856125,0.052835341414387504
2024-02-05,-0.0038683959229750355,-0.003951873816876147,0.16695578780222292,8.347789390111146e-05,10,0.8858795536121659,0.11412044638783414
2024-02-06,0.02529330006808748,0.025179726297889175,0.22714754039661367,0.00011357377019830683,10,0.8869729059912218,0.1130270940087782
2024-02-07,0.0380517918991847,0.03796356996066075,0.17644387704791153,8.822193852395577e-05,10,0.936583216960868,0.06341678303913201
2024-02-08,0.0476287098609615,0.047558950691990946,0.13951833794111013,6.975916897055507e-05,10,0.9238984450980233,0.07610155490197668
2024-02-09,0.041194991147862535,0.04115822566648879,0.0735309627474967,3.676548137374835e-05,10,0.9499999999999997,0.050000000000000266
2024-02-12,-0.04710283965731248,-0.047179323245274594,0.15296717592422637,7.64835879621132e-05,10,0.8970328240757751,0.10296717592422489
2024-02-13,0.0687336295201425,0.06868263045742683,0.10199812543135728,5.099906271567864e-05,10,0.95,0.050000000000000044
2024-02-14,0.040069661692426595,0.040003519826629995,0.1322837315931955,6.614186579659776e-05,10,0.9177162684068058,0.08228373159319424
2024-02-15,-0.04880393210188868,-0.04883103993961525,0.05421567545314243,2.7107837726571218e-05,10,0.95,0.050000000000000044
2024-02-16,-0.0169413175962564,-0.017013582642257382,0.14453009200196448,7.226504600098224e-05,10,0.9054699079980368,0.09453009200196316
2024-02-20,-0.0359953806783798,-0.036082970078350186,0.175178799940785,8.75893999703925e-05,10,0.9193512920611796,0.0806487079388204
2024-02-21,0.07505181772845489,0.0749804530467647,0.14272936338035414,7.136468169017707e-05,10,0.9379193445584676,0.062080655441532406
2024-02-22,-0.025196818275336614,-0.025267461095351006,0.14128564002878735,7.064282001439367e-05,10,0.9207950154127462,0.07920498458725378
2024-02-23,0.030783749422539,0.03070602090023251,0.15545704461297813,7.772852230648906e-05,10,0.9237479399742768,0.07625206002572316
2024-02-26,0.020142079541483567,0.02006747374718678,0.14921158859357145,7.460579429678573e-05,10,0.927040471432153,0.07295952856784704
2024-02-27,-0.0409608401024926,-0.04104010153623527,0.15852286748533093,7.926143374266547e-05,10,0.9144366610825173,0.08556333891748269
2024-02-28,0.020204533620340744,0.02016893995042525,0.071187339830992,3.5593669915496e-05,10,0.95,0.050000000000000044
2024-02-29,0.020396069616891686,0.020371005391144937,0.05012845149349964,2.506422574674982e-05,10,0.9499999999999997,0.050000000000000266
2024-03-01,0.020046528304001967,0.020031305203008498,0.030446201986937566,1.5223100993468782e-05,10,0.95,0.050000000000000044
2024-03-04,-0.022175551896392566,-0.022278248132233714,0.20539247168229538,0.0001026962358411477,10,0.8446075283177058,0.1553924716822942
2024-03-05,0.008292133831420679,0.008165921558823563,0.2524245451942323,0.00012621227259711616,10,0.902967926488063,0.09703207351193699
2024-03-06,-0.0009240836434863934,-0.0010377262457014682,0.22728520443014938,0.00011364260221507469,10,0.8697468690817889,0.1302531309182111
2024-03-07,0.002578392076335026,0.002522063212658229,0.1126577273535941,5.632886367679705e-05,10,0.95,0.050000000000000044
2024-03-08,-0.03489485169558095,-0.03496165936992522,0.13361534868853564,6.680767434426782e-05,10,0.9163846513114655,0.08361534868853449
2024-03-11,0.01944177506734597,0.019403812221082,0.07592569252794171,3.796284626397085e-05,10,0.9499999999999998,0.050000000000000155
2024-03-12,0.018029864683338535,0.017933220023769732,0.19328931913760194,9.664465956880098e-05,10,0.8567106808623994,0.14328931913760057
2024-03-13,-0.04410392705921161,-0.04420251349157068,0.19717286471813927,9.858643235906964e-05,10,0.9461164544194625,0.05388354558053754
2024-03-14,0.00234726062304499,0.002280318634243335,0.13388397760331047,6.694198880165524e-05,10,0.9199995679772281,0.08000043202277185
2024-03-15,-0.005101850271540741,-0.005179913348210195,0.15612615333890756,7.806307666945379e-05,10,0.9238742786838654,0.0761257213161346
2024-03-18,-0.024588412391705967,-0.024660641404609288,0.14445802580664235,7.222901290332118e-05,10,0.9316676955094934,0.06833230449050665
2024-03-19,0.04643205753636494,0.0463476325252464,0.16885002223707368,8.442501111853684e-05,10,0.8994822822534341,0.10051771774656593
2024-03-20,0.03128045876204652,0.031190195017438783,0.18052748921547568,9.026374460773784e-05,10,0.9199902285310914,0.08000977146890864
2024-03-21,-0.014185573802500925,-0.0142670845752562,0.16302154551055067,8.151077275527533e-05,10,0.916988225958359,0.08301177404164095
2024-03-22,0.001022065305649246,0.0009403738378377993,0.16338293562289352,8.169146781144677e-05,10,0.9196288384187485,0.08037116158125146
2024-03-25,-0.0028161096890043247,-0.002913667521956987,0.19511566590532523,9.755783295266261e-05,10,0.8852554956759274,0.11474450432407257
2024-03-26,-0.010367074785723063,-0.010438296004054727,0.14244243666332826,7.122121833166414e-05,10,0.9500000000000001,0.04999999999999993
2024-03-27,-0.003361466783682606,-0.003447401124471456,0.17186868157769986,8.593434078884993e-05,10,0.8781313184223013,0.1218686815776987
2024-03-28,-0.01521949409707793,-0.01531122500552007,0.1834618168842786,9.17309084421393e-05,10,0.9384068646934214,0.06159313530657862
2024-04-01,-0.02436477191566368,-0.024434169206142966,0.13879458095856984,6.939729047928491e-05,10,0.92279855434801,0.07720144565199005
2024-04-02,0.011251978241361048,0.011222060997699332,0.05983448732343262,2.991724366171631e-05,10,0.9499999999999997,0.050000000000000266
2024-04-03,-0.02229190243895798,-0.022375245862339577,0.1666868467631926,8.334342338159629e-05,10,0.8833131532368088,0.11668684676319119
2024-04-04,-0.0038836308811689927,-0.003931530871723843,0.09579998110970109,4.789999055485054e-05,10,0.9499999999999998,0.050000000000000155
2024-04-05,0.00042031261107081997,0.0003516567256884253,0.1373117707647893,6.865588538239465e-05,10,0.9126882292352121,0.08731177076478791
2024-04-08,-0.016082311837774584,-0.016150515189712958,0.1364067038767493,6.820335193837465e-05,10,0.9500000000000001,0.04999999999999993
2024-04-09,0.0014038908075169657,0.0013391880425728143,0.1294055298883029,6.470276494415144e-05,10,0.9205944701116981,0.07940552988830185
2024-04-10,0.014253126149088744,0.01422087215154857,0.06450799508034995,3.225399754017497e-05,10,0.95,0.050000000000000044
2024-04-11,-0.0489251277498303,-0.04895475910114239,0.059262702624167954,2.963135131208398e-05,10,0.9499999999999997,0.050000000000000266
2024-04-12,-0.024566170798779225,-0.024631139577866747,0.12993755817504674,6.496877908752337e-05,10,0.9200624418249546,0.07993755817504544
2024-04-15,0.032256253849433036,0.032181266295608475,0.1499751076491177,7.498755382455885e-05,10,0.9299624505259289,0.07003754947407115
2024-04-16,-0.010263410180862806,-0.010340637599778308,0.15445483783100414,7.722741891550207e-05,10,0.9155827116430681,0.08441728835693185
2024-04-17,-0.01503174105481083,-0.015134125028749303,0.2047679478769464,0.0001023839739384732,10,0.8796493404799864,0.12035065952001356
2024-04-18,-0.04394268765438013,-0.04403212509674077,0.1788748847212909,8.943744236064545e-05,10,0.9414757747987237,0.058524225201276314
2024-04-19,0.0124077917993607,0.01237965486325923,0.0562738722029399,2.813693610146995e-05,10,0.95,0.050000000000000044
2024-04-22,0.04235837999187095,0.04234644558570199,0.023868812337913187,1.1934406168956593e-05,10,0.95,0.050000000000000044
2024-04-23,-0.018410953254133097,-0.018425098881355233,0.028291254444268825,1.4145627222134414e-05,10,0.9499999999999998,0.050000000000000155
2024-04-24,0.0167452396613709,0.0166732032391903,0.14407284436120282,7.203642218060142e-05,10,0.9059271556387983,0.09407284436120167
2024-04-25,0.05215254762773455,0.05212050965041214,0.06407595464481812,3.203797732240906e-05,10,0.9500000000000001,0.04999999999999993
2024-04-26,0.0006345849771355733,0.0005771651800595363,0.11483959415207395,5.7419797076036976e-05,10,0.935160405847927,0.06483959415207297
2024-04-29,-0.04225410181873634,-0.042316926415678954,0.12564919388523543,6.282459694261771e-05,10,0.9391904002668386,0.06080959973316136
2024-04-30,-0.014874536573656599,-0.014940589551741802,0.13210595617040632,6.605297808520316e-05,10,0.9287036435627561,0.07129635643724386
2024-05-01,0.09114381202513808,0.09112461584138898,0.038392367498189105,1.9196183749094554e-05,10,0.9500000000000001,0.04999999999999993
2024-05-02,0.02762359895285986,0.027563894706641355,0.1194084924370072,5.97042462185036e-05,10,0.9305915075629936,0.06940849243700642
2024-05-03,0.04063057825622044,0.04058146196812217,0.09823257619653572,4.911628809826786e-05,10,0.9500000000000002,0.04999999999999982
2024-05-06,-0.020252922799238758,-0.0202834907352347,0.06113587199188414,3.056793599594207e-05,10,0.9499999999999998,0.050000000000000155
2024-05-07,-0.00776332404443098,-0.007799248970489702,0.07184985211744287,3.5924926058721437e-05,10,0.95,0.050000000000000044
2024-05-08,0.013752362901052901,0.013724223741243472,0.05627831961885779,2.8139159809428897e-05,10,0.9499999999999998,0.050000000000000155
2024-05-09,-0.02356334807005639,-0.02358430554768287,0.041914955252966166,2.0957477626483082e-05,10,0.9499999999999998,0.050000000000000155
2024-05-10,-0.0025380527605773995,-0.002554366993538846,0.03262846592289284,1.6314232961446422e-05,10,0.9499999999999998,0.050000000000000155
2024-05-13,0.045833976664656786,0.045766621221092076,0.13471088712941678,6.73554435647084e-05,10,0.9152891128705843,0.08471088712941566
2024-05-14,0.06046768954818665,0.060434351159358086,0.06667677765711609,3.333838882855805e-05,10,0.9499999999999997,0.050000000000000266
2024-05-15,-0.026323633288021866,-0.026358710287132936,0.0701539982221381,3.5076999111069045e-05,10,0.9500000000000003,0.04999999999999971
2024-05-16,0.005767532385013723,0.005741727732914036,0.051609304199374074,2.580465209968704e-05,10,0.9499999999999998,0.050000000000000155
2024-05-17,0.03281084547179006,0.032796126717077774,0.029437509424563253,1.4718754712281626e-05,10,0.9499999999999997,0.050000000000000266
2024-05-20,-0.011644821688995104,-0.01169318048921954,0.09671760044887327,4.8358800224436635e-05,10,0.95,0.050000000000000044
2024-05-21,-0.005173624504590491,-0.00520246130751623,0.0576736058514772,2.88368029257386e-05,10,0.9500000000000001,0.04999999999999993
2024-05-22,-0.02751570078414082,-0.027529030005214786,0.02665844214793757,1.3329221073968785e-05,10,0.95,0.050000000000000044
2024-05-23,0.047048967461280025,0.0470250908283258,0.04775326590844585,2.3876632954222926e-05,10,0.9499999999999998,0.050000000000000155
2024-05-24,-0.0008926194286334888,-0.0009139280068178682,0.042617156368758694,2.1308578184379348e-05,10,0.9500000000000001,0.04999999999999993
2024-05-28,-0.005565972971098195,-0.005607040076988731,0.08213421178107362,4.106710589053681e-05,10,0.9500000000000001,0.04999999999999993
2024-05-29,-0.012040257857690436,-0.012148517003418681,0.216518291456491,0.0001082591457282455,10,0.83348170854351,0.16651829145649
2024-05-30,-0.040855698831908205,-0.04102513384056335,0.33887001731029054,0.00016943500865514526,10,0.8276482741462006,0.17235172585379943
2024-05-31,0.01145876933507042,0.011334154481328127,0.24922970748458406,0.00012461485374229203,10,0.9231220183692165,0.07687798163078352
2024-06-03,-0.008768958691295492,-0.00885468316623621,0.1714489498814355,8.572447494071776e-05,10,0.905429031749349,0.09457096825065103
2024-06-04,0.02475852755538304,0.0246377571295274,0.24154085171128098,0.00012077042585564049,10,0.8530301165393709,0.1469698834606291
2024-06-05,0.04281257330701952,0.04270499989197265,0.21514683009374047,0.00010757341504687024,10,0.9318230533668895,0.06817694663311047
2024-06-06,-0.006910634276385608,-0.006986593508599943,0.15191846442867077,7.595923221433539e-05,10,0.9162584822044406,0.08374151779555938
2024-06-07,0.024145419224607445,0.024058203190062105,0.1744320690906779,8.721603454533896e-05,10,0.9093094487048824,0.0906905512951176
2024-06-10,-0.048820084747396075,-0.048890986048448326,0.14180260210449466,7.090130105224733e-05,10,0.9488879491906237,0.05111205080937631
2024-06-11,0.025809131895655132,0.025727789241456817,0.16268530839663212,8.134265419831606e-05,10,0.8884267424127449,0.11157325758725511
2024-06-12,0.013154916983154196,0.013018925200813946,0.2719835646805017,0.00013599178234025087,10,0.8395896929067543,0.16041030709324566
2024-06-13,-0.05444229997952062,-0.054551762046548005,0.21892413405477423,0.00010946206702738712,10,0.9414861730384726,0.058513826961527404
2024-06-14,-0.0007077539734307867,-0.0007869836109755204,0.15845927508946742,7.92296375447337e-05,10,0.9000545518720612,0.09994544812793882
2024-06-17,-0.015615301048434303,-0.015710912859548433,0.19122362222825956,9.561181111412978e-05,10,0.9087218258996803,0.09127817410031969
2024-06-18,-0.02935560922085409,-0.0294315368209739,0.15185520023962545,7.592760011981272e-05,10,0.9394229738606953,0.06057702613930471
2024-06-20,0.013429612607899082,0.013355907857793302,0.14740950021156085,7.370475010578042e-05,10,0.913167525927745,0.08683247407225503
2024-06-21,-0.020297027184602964,-0.020371136293275947,0.1482182173459693,7.410910867298465e-05,10,0.9386142567262868,0.061385743273713156
2024-06-24,0.015174835176095795,0.015100942631227347,0.1477850897368952,7.389254486844759e-05,10,0.9136006535368191,0.08639934646318093
2024-06-25,-0.0240385105532052,-0.024156575317192612,0.2361295279748267,0.00011806476398741336,10,0.8502698184883553,0.14973018151164474
2024-06-26,0.029150505613211558,0.02905030279129346,0.20040564383619303,0.00010020282191809652,10,0.9493245376754528,0.05067546232454723
2024-06-27,-0.027509253031823406,-0.027618535574989254,0.21856508633169772,0.00010928254316584886,10,0.8321103759928506,0.16788962400714935
2024-06-28,-0.014841485624970646,-0.014933300304509727,0.18362935907816155,9.181467953908078e-05,10,0.9500000000000002,0.04999999999999982
2024-07-01,0.008779408724748104,0.008692105903005135,0.17460564348593877,8.730282174296939e-05,10,0.8753943565140623,0.12460564348593772
2024-07-02,0.00326014695572049,0.0031571485127348886,0.20599688597120275,0.00010299844298560137,10,0.9186087575147361,0.08139124248526386
2024-07-03,-0.010299603936124654,-0.010383103504371544,0.16699913649378018,8.349956824689009e-05,10,0.9143921059914848,0.0856078940085152
2024-07-05,-0.016496775015465134,-0.016541388974905966,0.08922791888166537,4.4613959440832685e-05,10,0.9500000000000001,0.04999999999999993
2024-07-08,-0.003684703120058073,-0.0037142473052245643,0.05908837033298288,2.954418516649144e-05,10,0.9500000000000001,0.04999999999999993
2024-07-09,0.0030225032667527936,0.002946862155316524,0.151282222872539,7.56411114362695e-05,10,0.898717777127462,0.10128222287253796
2024-07-10,-0.007901121738293595,-0.008001131216356067,0.20001895612494253,0.00010000947806247127,10,0.9012632667475965,0.09873673325240351
2024-07-11,0.05123654689241152,0.051147180469559336,0.17873284570436454,8.936642285218228e-05,10,0.92000388754804,0.07999611245196003
2024-07-12,0.037789457985790004,0.03765955863522107,0.25979870113786774,0.00012989935056893388,10,0.8201974113140934,0.1798025886859066
2024-07-15,0.013850767258208557,0.013721886336310508,0.25776184379609923,0.00012888092189804963,10,0.9220407448898086,0.07795925511019142
2024-07-16,0.027347618961865633,0.027262362726217498,0.170512471296269,8.525623564813451e-05,10,0.9074467838139237,0.09255321618607626
2024-07-17,-0.014461105939621,-0.014570357038740262,0.21850219823852418,0.00010925109911926209,10,0.8740510179475534,0.12594898205244665
2024-07-18,-0.006335834512421633,-0.006444909186977879,0.21814934911249184,0.00010907467455624592,10,0.9077996329399558,0.0922003670600442
2024-07-19,0.02849467118659102,0.02839910007235416,0.19114222847371742,9.557111423685871e-05,10,0.9010581385863278,0.09894186141367223
2024-07-22,0.014446799256323504,0.014344435419510061,0.20472767362688565,0.00010236383681344284,10,0.8942141877867877,0.10578581221321226
2024-07-23,-0.002562298341572888,-0.0026590528561177404,0.1935090290897045,9.675451454485224e-05,10,0.912276783123509,0.08772321687649098
2024-07-24,-0.014057632638745585,-0.01409792857335222,0.08059186921327177,4.0295934606635884e-05,10,0.95,0.050000000000000044
2024-07-25,0.04438132921247456,0.04430253465561271,0.15758911372371634,7.879455686185817e-05,10,0.8924108862762847,0.10758911372371527
2024-07-26,-0.02152765316943739,-0.021625418223638105,0.1955301084014352,9.77650542007176e-05,10,0.912059005322281,0.08794099467771899
2024-07-29,-0.028254151754423237,-0.02834576872542134,0.18323394199620485,9.161697099810242e-05,10,0.9047070526815152,0.09529294731848481
2024-07-30,0.05098796983126991,0.050951817428477694,0.07230480558442094,3.615240279221047e-05,10,0.95,0.050000000000000044
2024-07-31,-0.0122288882858223,-0.012299262378300752,0.14074818495690516,7.037409247845259e-05,10,0.9092518150430959,0.09074818495690407
2024-08-01,-0.05592728285416123,-0.05600296214693486,0.15135858554726744,7.567929277363372e-05,10,0.939389599409638,0.060610400590362046
2024-08-02,-0.023096281265246026,-0.02317826924644089,0.16397596238972711,8.198798119486356e-05,10,0.8966344382006362,0.10336556179936385
2024-08-05,0.013660583137933955,0.013577523604773583,0.16611906632074425,8.305953316037213e-05,10,0.9372464954786208,0.06275350452137918
2024-08-06,-0.03489168730487392,-0.03491536838653708,0.04736216332632258,2.368108166316129e-05,10,0.9499999999999998,0.050000000000000155
2024-08-07,0.055468401341404135,0.05538984197929318,0.15711872422190895,7.855936211095448e-05,10,0.8928812757780921,0.10711872422190793
2024-08-08,0.03132370118759412,0.031225463983060288,0.19647440906766733,9.823720453383366e-05,10,0.9106443151542416,0.0893556848457584
2024-08-09,-0.019192444673481697,-0.01927229443547648,0.15969952398956408,7.984976199478204e-05,10,0.9296561608561955,0.07034383914380449
2024-08-12,0.023291927935555304,0.023257891997694694,0.06807187572121802,3.4035937860609014e-05,10,0.95,0.050000000000000044
2024-08-13,-0.024089620561870938,-0.024196160921586166,0.2130807194304605,0.00010654035971523025,10,0.8369192805695406,0.16308071943045943
2024-08-14,0.08156634522098151,0.08147302133890226,0.18664776415850576,9.332388207925288e-05,10,0.9499999999999998,0.050000000000000155
2024-08-15,0.0008775273865598461,0.0008438483163596504,0.0673581404003914,3.36790702001957e-05,10,0.9500000000000001,0.04999999999999993
2024-08-16,0.04924870820832399,0.049173825099370516,0.14976621790695377,7.488310895347689e-05,10,0.9002337820930472,0.09976621790695284
2024-08-19,-0.01937128476506512,-0.01950094971296159,0.2593298957929351,0.00012966494789646755,10,0.8404363221140186,0.15956367788598136
2024-08-20,0.03385481314575539,0.033730104568478775,0.24941715455323715,0.00012470857727661858,10,0.910146523332745,0.08985347666725496
2024-08-21,-0.02399047912889657,-0.024105863010048884,0.23076776230463197,0.00011538388115231599,10,0.8590857143626239,0.14091428563737607
2024-08-22,0.01780826872446211,0.01771035935382989,0.19581874126443927,9.790937063221963e-05,10,0.9450955443729377,0.054904455627062254
2024-08-23,-0.005912345290279988,-0.006001402931372699,0.178115282185423,8.90576410927115e-05,10,0.8767891734416401,0.12321082655835991
2024-08-26,-0.016536798311112384,-0.01659495677588706,0.11631692954935001,5.8158464774675006e-05,10,0.9499999999999997,0.050000000000000266
2024-08-27,-0.03425334169528427,-0.03431608936002929,0.12549532949005462,6.274766474502731e-05,10,0.9245046705099464,0.07549532949005355
2024-08-28,-0.0001001975854247536,-0.00013032614206572623,0.06025711328194525,3.0128556640972628e-05,10,0.9499999999999998,0.050000000000000155
2024-08-29,0.008324327264238228,0.008293585406951992,0.06148371457247121,3.074185728623561e-05,10,0.95,0.050000000000000044
2024-08-30,-0.03883925397364653,-0.03890276533390617,0.12702272051928928,6.351136025964465e-05,10,0.9229772794807115,0.07702272051928849
2024-09-03,0.02259052837482352,0.022519273844355567,0.14250906093590474,7.125453046795237e-05,10,0.9345136595833844,0.06548634041661561
2024-09-04,-0.03569129076786224,-0.03575461312164686,0.1266447075692303,6.332235378461514e-05,10,0.9388416328473861,0.06115836715261391
2024-09-05,-0.03001066717440537,-0.030084483813526217,0.14763327824169264,7.381663912084632e-05,10,0.9135250889109222,0.08647491108907779
2024-09-06,0.08951021445941165,0.089449208498191,0.1220119224413045,6.100596122065225e-05,10,0.95,0.050000000000000044
2024-09-09,0.0300992950825535,0.030048454106791255,0.10168195152449089,5.0840975762245445e-05,10,0.9483180484755103,0.05168195152448973
2024-09-10,0.014328110598290462,0.01429668973047609,0.0628417356287437,3.142086781437185e-05,10,0.95,0.050000000000000044
2024-09-11,0.04936385445720835,0.049301813078574105,0.12408275726849712,6.204137863424856e-05,10,0.9259172427315039,0.07408275726849611
2024-09-12,0.06279078499805968,0.06271607280995464,0.1494243762100665,7.471218810503324e-05,10,0.9246583810584306,0.07534161894156943
2024-09-13,-0.00888332338590525,-0.008954691562783208,0.14273635375591354,7.136817687795676e-05,10,0.9326052651856568,0.06739473481434322
2024-09-16,-0.02907723934415373,-0.029145378540855534,0.13627839340360387,6.813919670180193e-05,10,0.9311163414107401,0.06888365858925993
2024-09-17,0.005182688256510126,0.005121372570922951,0.12263137117434941,6.131568558717471e-05,10,0.9462522874149113,0.0537477125850887
2024-09-18,0.018509709606124452,0.018437638277767784,0.14414265671333767,7.207132835666884e-05,10,0.9096050558717519,0.09039494412824811
2024-09-19,-0.015110800626329168,-0.015148382526614207,0.07516380057007865,3.7581900285039326e-05,10,0.9499999999999998,0.050000000000000155
2024-09-20,-0.003444154036502765,-0.003501722672989863,0.11513727297419635,5.756863648709818e-05,10,0.9348627270258046,0.06513727297419536
2024-09-23,0.013200849777319962,0.013177466859655979,0.04676583532796845,2.3382917663984224e-05,10,0.95,0.050000000000000044
2024-09-24,-0.02206390015367864,-0.022101529325335698,0.07525834331411262,3.762917165705631e-05,10,0.9500000000000001,0.04999999999999993
2024-09-25,-0.013480156246691527,-0.013501742072587041,0.043171651791029754,2.1585825895514878e-05,10,0.9499999999999998,0.050000000000000155
2024-09-26,0.009470454568724397,0.009446426299591961,0.048056538264872065,2.4028269132436034e-05,10,0.9500000000000001,0.04999999999999993
2024-09-27,0.02113710243872711,0.021114639370992668,0.04492613546888561,2.2463067734442805e-05,10,0.9499999999999998,0.050000000000000155
2024-09-30,-0.036632975814033894,-0.03666057759669839,0.055203565328996555,2.7601782664498277e-05,10,0.9500000000000001,0.04999999999999993
2024-10-01,-0.006816133738946336,-0.006837854366658958,0.043441255425245864,2.1720627712622934e-05,10,0.9499999999999998,0.050000000000000155
2024-10-02,-0.01010662313182442,-0.01016799447217387,0.12274268069890083,6.137134034945042e-05,10,0.9272573193011003,0.07274268069889966
2024-10-03,0.0430255440053146,0.04298109801240087,0.08889198582746682,4.444599291373341e-05,10,0.95,0.050000000000000044
2024-10-04,-0.037372368610527264,-0.03740750895215252,0.07028068325052159,3.5140341625260794e-05,10,0.95,0.050000000000000044
2024-10-07,0.019072579805175658,0.019049327944833612,0.04650372068409337,2.3251860342046687e-05,10,0.95,0.050000000000000044
2024-10-08,-0.02258862241065368,-0.022652697830420995,0.12815083953463285,6.407541976731643e-05,10,0.9218491604653681,0.07815083953463187
2024-10-09,-0.0015820606747536906,-0.001644428379508555,0.1247354095097292,6.23677047548646e-05,10,0.9499999999999998,0.050000000000000155
2024-10-10,0.042998961675665706,0.042972583689954325,0.05275597142276958,2.637798571138479e-05,10,0.9499999999999997,0.050000000000000266
2024-10-11,0.012738793727207699,0.012670309299391384,0.1369688556326274,6.84844278163137e-05,10,0.9130311443673738,0.08696885563262624
2024-10-14,0.01743971794761243,0.017394118138287458,0.09119961864994405,4.5599809324972025e-05,10,0.9500000000000002,0.04999999999999982
2024-10-15,0.06802089098329386,0.06796197017281452,0.11784162095867678,5.892081047933839e-05,10,0.9321583790413241,0.06784162095867585
2024-10-16,-0.022092291341562067,-0.022125779239034814,0.06697579494549813,3.3487897472749064e-05,10,0.9500000000000002,0.04999999999999982
2024-10-17,0.012141457302161917,0.012076424553245523,0.13006549783278729,6.503274891639365e-05,10,0.9199345021672136,0.08006549783278638
2024-10-18,-0.011188285991933472,-0.011249060210204569,0.12154843654219288,6.0774218271096446e-05,10,0.95,0.050000000000000044
2024-10-21,0.002837637301080053,0.0028116211060130935,0.05203239013391886,2.601619506695943e-05,10,0.95,0.050000000000000044
2024-10-22,-0.025153722152602403,-0.02518123147473236,0.05501864425991304,2.7509322129956522e-05,10,0.9500000000000002,0.04999999999999982
2024-10-23,-0.007788072261280197,-0.007848715616791704,0.12128671102301329,6.064335551150665e-05,10,0.9287132889769878,0.0712867110230122
2024-10-24,0.0283969263038089,0.028368646700470148,0.05655920667750682,2.8279603338753413e-05,10,0.9500000000000001,0.04999999999999993
2024-10-25,0.02793748175040512,0.0278827750510557,0.10941339869883719,5.4706699349418594e-05,10,0.940586601301164,0.059413398698835995
2024-10-28,-0.00207878677099897,-0.0021432039437392697,0.1288343454805995,6.441717274029974e-05,10,0.9305790532182379,0.06942094678176214
2024-10-29,-0.04794527250892288,-0.048010866649027005,0.13118828020825632,6.559414010412816e-05,10,0.9382326665735069,0.0617673334264931
2024-10-30,-0.007953414741700368,-0.00802403272585604,0.14123596831134572,7.061798415567285e-05,10,0.9205313651151483,0.07946863488485167
2024-10-31,-0.0015576744103696911,-0.0016236028129673994,0.13185680519541643,6.592840259770822e-05,10,0.9476118296894362,0.05238817031056375
2024-11-01,0.01928066841026103,0.019210103390765353,0.1411300389913572,7.05650194956786e-05,10,0.9112581313192077,0.08874186868079226
2024-11-04,0.01943773355288292,0.0193983242236387,0.07881865848843594,3.940932924421797e-05,10,0.9499999999999998,0.050000000000000155
2024-11-05,0.03594458824709157,0.035859239584298826,0.17069732558548717,8.534866279274359e-05,10,0.879302674414514,0.12069732558548596
2024-11-06,0.02584996984852511,0.02575323774393112,0.19346420918798674,9.673210459399337e-05,10,0.9272331163975004,0.07276688360249961
2024-11-07,0.021769602564431362,0.021694097123130814,0.15101088260109535,7.550544130054768e-05,10,0.9217560010014054,0.07824399899859458
2024-11-08,0.03235441646974448,0.032257225049872267,0.19438283974443915,9.719141987221958e-05,10,0.8838611592541564,0.11613884074584357
2024-11-11,-0.022400552257049098,-0.022485418201002853,0.16973188790751179,8.48659439537559e-05,10,0.9464069528383329,0.05359304716166713
2024-11-12,0.016115480772071804,0.016096952069593922,0.037057404955765635,1.852870247788282e-05,10,0.9499999999999998,0.050000000000000155
2024-11-13,-0.02202564423234354,-0.022088735146188407,0.12618182768973174,6.309091384486588e-05,10,0.9238181723102694,0.07618182768973059
2024-11-14,-0.04834370059059286,-0.0484025733096352,0.1177454380846629,5.887271904233145e-05,10,0.95,0.050000000000000044
2024-11-15,0.030558719289449005,0.030532950028393107,0.051538522111795146,2.5769261055897572e-05,10,0.9500000000000001,0.04999999999999993
2024-11-18,0.02022574663894187,0.020163352313796262,0.12478865029121484,6.239432514560742e-05,10,0.9252113497087863,0.07478865029121373
2024-11-19,-0.02788797643731353,-0.027963934811672447,0.1519167487178348,7.595837435891741e-05,10,0.9228719015733801,0.07712809842661994
2024-11-20,-0.00040438643164936,-0.0004791301546017629,0.14948744590480578,7.47437229524029e-05,10,0.9276406525218152,0.07235934747818484
2024-11-21,0.03329595270743564,0.03327338314630581,0.04513912225965446,2.256956112982723e-05,10,0.9499999999999998,0.050000000000000155
2024-11-22,-0.011871811848612595,-0.011937311654653766,0.1309996120823418,6.549980604117089e-05,10,0.9190003879176594,0.08099961208234063
2024-11-25,-0.025047773937333057,-0.02512383358225404,0.15211928984196232,7.605964492098116e-05,10,0.9288803222403794,0.07111967775962058
2024-11-26,0.014257223552719855,0.014222199642356792,0.0700478207261275,3.5023910363063755e-05,10,0.9499999999999998,0.050000000000000155
2024-11-27,0.01412890786164888,0.014077062850206063,0.10369002288563477,5.1845011442817386e-05,10,0.9463099771143664,0.053690022885633626
2024-11-29,-0.030377856218963415,-0.030405592242165182,0.055472046403537416,2.773602320176871e-05,10,0.95,0.050000000000000044
2024-12-02,-0.021620268575038133,-0.021649116129948225,0.05769510982018524,2.884755491009262e-05,10,0.9500000000000002,0.04999999999999982
2024-12-03,0.014136156154262385,0.01409779575535236,0.076720797820049,3.83603989100245e-05,10,0.95,0.050000000000000044
2024-12-04,-0.01413440268735807,-0.014170910724666865,0.07301607461758886,3.650803730879443e-05,10,0.9500000000000001,0.04999999999999993
2024-12-05,0.04829295303625368,0.04827456772260855,0.0367706272902715,1.838531364513575e-05,10,0.9499999999999998,0.050000000000000155
2024-12-06,-0.04584357998766942,-0.04592142943171979,0.1556988881007419,7.784944405037094e-05,10,0.8943011118992592,0.1056988881007408
2024-12-09,-0.04073612941478184,-0.04081870319480573,0.16514756004778736,8.257378002389369e-05,10,0.9405513280529544,0.05944867194704562
2024-12-10,0.033357421770313804,0.03332042370044651,0.07399613973459523,3.699806986729762e-05,10,0.9499999999999998,0.050000000000000155
2024-12-11,-0.02315296144547236,-0.023199218132157043,0.09251337336936653,4.625668668468327e-05,10,0.95,0.050000000000000044
2024-12-12,-0.0028745292905248566,-0.002940110761009871,0.13116294097002917,6.558147048501459e-05,10,0.918837059029972,0.08116294097002796
2024-12-13,0.032542332147082215,0.032482968953162494,0.11872638783944447,5.936319391972224e-05,10,0.9499999999999998,0.050000000000000155
2024-12-16,-0.012287000630957499,-0.012306103687972901,0.03820611403080408,1.910305701540204e-05,10,0.95,0.050000000000000044
2024-12-17,-0.07178919998546329,-0.0718604072750754,0.14241457922421505,7.120728961210753e-05,10,0.9075854207757859,0.09241457922421414
2024-12-18,0.009651209383471207,0.009573163338975888,0.1560920889906367,7.804604449531835e-05,10,0.9363224902335785,0.0636775097664215
2024-12-19,0.030932778195604874,0.030906769405241633,0.05201758072648274,2.6008790363241372e-05,10,0.9499999999999998,0.050000000000000155
2024-12-20,-0.003995642189569653,-0.004013728980744027,0.03617358234874775,1.8086791174373875e-05,10,0.9500000000000001,0.04999999999999993
2024-12-23,0.025005771892731538,0.024928635679951235,0.15427242556060355,7.713621278030178e-05,10,0.8957275744393972,0.10427242556060279
2024-12-24,0.006769066365387361,0.0066691737767390616,0.19978517729659792,9.989258864829897e-05,10,0.9044872482640057,0.09551275173599427
2024-12-26,-0.046255608090114676,-0.046337238212220626,0.16326024421190327,8.163012210595164e-05,10,0.9322525075240918,0.06774749247590817
2024-12-27,-0.02723167964528787,-0.027305116017226364,0.14687274387698868,7.343637193849435e-05,10,0.9208747485989203,0.07912525140107973
2024-12-30,-0.023602597992484604,-0.02367237768896845,0.1395593929676922,6.977969648384611e-05,10,0.9395658584333884,0.06043414156661164
