date,gross_return,net_return,turnover,cost,n_names,invested,cash_weight
2014-01-02,-0.008396580851161219,-0.008871580851161218,0.95,0.000475,3,0.95,0.050000000000000044
2014-01-03,-0.020330578018860575,-0.0204933554490053,0.32555486028944836,0.0001627774301447242,3,0.7244451397105518,0.2755548602894482
2014-01-06,0.033490177093984205,0.03337739966383948,0.22555486028944824,0.00011277743014472413,3,0.95,0.050000000000000044
2014-01-07,0.03756583161385329,0.03738006316218312,0.37153690334033534,0.00018576845167016769,3,0.6784630966596648,0.32153690334033525
2014-01-08,-0.08893036550991118,-0.08910866475325066,0.3565984866789721,0.00017829924333948605,3,0.95,0.050000000000000044
2014-01-09,0.047323408148538144,0.04726626859104556,0.11427911498516857,5.7139557492584285e-05,3,0.9357208850148314,0.06427911498516858
2014-01-10,0.003268981496895132,0.0032482968731784813,0.041369247433301726,2.0684623716650865e-05,3,0.95,0.050000000000000044
2014-01-13,0.026870987227092084,0.026866500023796685,0.008974406590794626,4.487203295397313e-06,3,0.95,0.050000000000000044
2014-01-14,0.035252222841698086,0.03520202357747588,0.10039852844440839,5.019926422220419e-05,3,0.9496014715555916,0.0503985284444084
2014-01-15,-0.012433005141780234,-0.012453321899703006,0.040633515845545864,2.0316757922772933e-05,3,0.9499999999999997,0.050000000000000266
2014-01-16,-0.020862912471241793,-0.020875220124553378,0.024615306623170075,1.2307653311585038e-05,3,0.95,0.050000000000000044
2014-01-17,-0.004095639648271618,-0.004264592081750978,0.33790486695871924,0.00016895243347935963,3,0.7120951330412807,0.2879048669587193
2014-01-21,-0.014937617206936267,-0.015108384425956625,0.3415344380407145,0.00017076721902035724,3,0.9463704289180046,0.0536295710819954
2014-01-22,-0.04850061590060693,-0.04850704249454863,0.012853187883401784,6.426593941700892e-06,3,0.95,0.050000000000000044
2014-01-23,-0.04363907486178208,-0.04365810386960011,0.03805801563606118,1.902900781803059e-05,3,0.9499999999999998,0.050000000000000155
2014-01-24,-0.018059681425947043,-0.018098989807331087,0.07861676276808954,3.930838138404477e-05,3,0.95,0.050000000000000044
2014-01-27,0.08763617813032581,0.0876101705753309,0.05201510998982753,2.6007554994913765e-05,3,0.9499999999999998,0.050000000000000155
2014-01-28,0.054930683331841194,0.054924805462262645,0.011755739157098155,5.877869578549078e-06,3,0.95,0.050000000000000044
2014-01-29,0.039017397690376404,0.03898639530669383,0.0620047673651542,3.10023836825771e-05,3,0.95,0.050000000000000044
2014-01-30,-0.01037510978553736,-0.010394290047763438,0.03836052445215793,1.9180262226078965e-05,3,0.95,0.050000000000000044
2014-01-31,-0.04074843785766048,-0.040757502733638575,0.01812975195618277,9.064875978091386e-06,3,0.95,0.050000000000000044
2014-02-03,0.04428149127683758,0.04419675673424886,0.1694690851774374,8.47345425887187e-05,3,0.8805309148225625,0.11946908517743748
2014-02-04,-0.03381620749127524,-0.033889878521159926,0.14734205976938092,7.367102988469046e-05,3,0.95,0.050000000000000044
2014-02-05,0.02267964964540079,0.022666215219784264,0.02686885123305277,1.3434425616526386e-05,3,0.95,0.050000000000000044
2014-02-06,0.0347737846519781,0.034625078139990884,0.2974130239744319,0.00014870651198721596,3,0.752586976025568,0.247413023974432
2014-02-07,0.0863076080684272,0.08620890155643998,0.197413023974432,9.8706511987216e-05,3,0.95,0.050000000000000044
2014-02-10,0.006121113181099666,0.006106532218519621,0.029161925160088226,1.4580962580044113e-05,3,0.9499999999999997,0.050000000000000266
2014-02-11,0.03556008856636032,0.03554561840068317,0.028940331354306764,1.4470165677153383e-05,3,0.95,0.050000000000000044
2014-02-12,0.042056296112192,0.042052334220747056,0.0079237828898866,3.9618914449433e-06,3,0.95,0.050000000000000044
2014-02-13,-0.03202947728822969,-0.03203672681763239,0.014499058805387571,7.2495294026937856e-06,3,0.95,0.050000000000000044
2014-02-14,0.020924730944833755,0.020921690047090827,0.006081795485853303,3.0408977429266515e-06,3,0.95,0.050000000000000044
2014-02-18,-0.002470328938619634,-0.0024792030479300247,0.017748218620780604,8.874109310390302e-06,3,0.95,0.050000000000000044
2014-02-19,0.02790351633910136,0.027894579448119416,0.017873781963892915,8.936890981946458e-06,3,0.95,0.050000000000000044
2014-02-20,-0.004721521323045431,-0.004841803640039119,0.24056463398737654,0.00012028231699368827,3,0.8094353660126234,0.19056463398737655
2014-02-21,0.011332933523366768,0.011256164245008714,0.15353855671610767,7.676927835805383e-05,3,0.95,0.050000000000000044
2014-02-24,0.014645635364408594,0.014522109566732723,0.24705159535174206,0.00012352579767587103,3,0.8029484046482578,0.19705159535174221
2014-02-25,0.07379415092620445,0.07372062512852857,0.14705159535174211,7.352579767587106e-05,3,0.95,0.050000000000000044
2014-02-26,-0.016941251597804147,-0.017063111587107146,0.24371997860600153,0.00012185998930300077,3,0.8062800213939983,0.19371997860600165
2014-02-27,0.009152885103006634,0.009032094484514891,0.241581236983487,0.0001207906184917435,3,0.95,0.050000000000000044
2014-02-28,0.1406643068174256,0.14064474959839943,0.03911443805234996,1.955721902617498e-05,3,0.95,0.050000000000000044
2014-03-03,0.09133663429170627,0.09133093782568878,0.01139293203496583,5.696466017482915e-06,3,0.95,0.050000000000000044
2014-03-04,0.07184907362395614,0.07184565544205071,0.006836363810850454,3.418181905425227e-06,3,0.9499999999999998,0.050000000000000155
2014-03-05,-0.04303521301882498,-0.043037617452853394,0.004808868056836418,2.4044340284182094e-06,3,0.95,0.050000000000000044
2014-03-06,0.14575367358552133,0.14574918530510614,0.008976560830367714,4.488280415183857e-06,3,0.9499999999999998,0.050000000000000155
2014-03-07,0.14928027087134496,0.1492752571973061,0.010027348077726289,5.013674038863144e-06,3,0.95,0.050000000000000044
2014-03-10,-0.22357438556974069,-0.22358701439657674,0.025257653672097757,1.262882683604888e-05,3,0.9499999999999998,0.050000000000000155
2014-03-11,0.06648267968387638,0.06646176096142009,0.04183744491255906,2.091872245627953e-05,3,0.95,0.050000000000000044
2014-03-12,0.05775001001459387,0.05774404024639827,0.011939536391196715,5.9697681955983576e-06,3,0.95,0.050000000000000044
2014-03-13,-0.07983174472982302,-0.07983426302628999,0.005036592933940598,2.518296466970299e-06,3,0.95,0.050000000000000044
2014-03-14,-0.011031263900444975,-0.011048849169202549,0.03517053751514701,1.7585268757573507e-05,3,0.95,0.050000000000000044
2014-03-17,-0.014649215140594009,-0.014650029467571622,0.0016286539552252677,8.143269776126338e-07,3,0.95,0.050000000000000044
2014-03-18,0.027545369495201,0.027542530665519663,0.00567765936267331,2.8388296813366548e-06,3,0.95,0.050000000000000044
2014-03-19,-0.01586579145985971,-0.01596757314701737,0.20356337431532154,0.00010178168715766078,3,0.8464366256846784,0.15356337431532163
2014-03-20,-0.038626239585679754,-0.038728021272837414,0.20356337431532143,0.00010178168715766072,3,0.95,0.050000000000000044
2014-03-21,-0.08472199494885814,-0.08472270828663173,0.001426675547184536,7.13337773592268e-07,3,0.9500000000000001,0.04999999999999993
2014-03-24,0.233866617908013,0.2338594451516226,0.014345512780782221,7.1727563903911104e-06,3,0.95,0.050000000000000044
2014-03-25,-0.13375211158703093,-0.13385348144937245,0.20273972468303447,0.00010136986234151724,3,0.8472602753169656,0.15273972468303443
2014-03-26,0.0293259928520577,0.029252941787136607,0.14610212984218496,7.305106492109248e-05,3,0.95,0.050000000000000044
2014-03-27,-0.00806559236528489,-0.008067445198025833,0.0037056654818853896,1.8528327409426948e-06,3,0.95,0.050000000000000044
2014-03-28,0.026047149282192376,0.026040905363243425,0.01248783789789909,6.243918948949545e-06,3,0.95,0.050000000000000044
2014-03-31,0.06641667845761798,0.06630917463793033,0.21500763937530104,0.00010750381968765052,3,0.834992360624699,0.16500763937530105
2014-04-01,-0.007421768207341934,-0.007479272027029585,0.11500763937530104,5.750381968765052e-05,3,0.95,0.050000000000000044
2014-04-02,-0.01641586612467301,-0.016416271305361843,0.0008103613776652696,4.051806888326348e-07,3,0.95,0.050000000000000044
2014-04-03,-0.057529260328371856,-0.05755041256014617,0.04230446354862186,2.115223177431093e-05,3,0.95,0.050000000000000044
2014-04-04,-0.022731747280142933,-0.02273535010924409,0.007205658202316417,3.602829101158209e-06,3,0.95,0.050000000000000044
2014-04-07,0.027962046618609064,0.02795894828404402,0.006196669130089094,3.098334565044547e-06,3,0.95,0.050000000000000044
2014-04-08,0.01442680723320575,0.014419526656209132,0.014561153993235931,7.280576996617966e-06,3,0.9499999999999998,0.050000000000000155
2014-04-09,-0.039064241620569845,-0.03906964498025201,0.010806719364330142,5.403359682165071e-06,3,0.95,0.050000000000000044
2014-04-10,-0.04657817305131279,-0.046581497484115685,0.006648865605800136,3.3244328029000683e-06,3,0.95,0.050000000000000044
2014-04-11,-0.006525634188227648,-0.00652820653629372,0.005144696132145132,2.572348066072566e-06,3,0.95,0.050000000000000044
2014-04-14,-0.05149302066580593,-0.051493934197556795,0.001827063501727788,9.135317508638941e-07,3,0.95,0.050000000000000044
2014-04-15,0.042686055274760486,0.04267443233724386,0.023245875033238605,1.1622937516619302e-05,3,0.95,0.050000000000000044
2014-04-16,0.028147604270156248,0.028145111718343926,0.0049851036246391645,2.4925518123195823e-06,3,0.95,0.050000000000000044
2014-04-17,-0.007338485923275715,-0.0073487363831845265,0.020500919817623614,1.0250459908811808e-05,3,0.95,0.050000000000000044
2014-04-21,-0.0026900046559641053,-0.0026965146474730744,0.013019983017938636,6.509991508969318e-06,3,0.95,0.050000000000000044
2014-04-22,-0.039982810929781835,-0.0400070408719579,0.048459884352140103,2.4229942176070053e-05,3,0.95,0.050000000000000044
2014-04-23,-0.033643975071816164,-0.033647001753129686,0.006053362627046255,3.0266813135231276e-06,3,0.95,0.050000000000000044
2014-04-24,-0.06963953366755479,-0.0696510805842492,0.02309383338881371,1.1546916694406856e-05,3,0.95,0.050000000000000044
2014-04-25,-0.09786585291685757,-0.0978866013224856,0.04149681125605437,2.0748405628027185e-05,3,0.95,0.050000000000000044
2014-04-28,0.028579404612972127,0.028572823616463832,0.013161993016591156,6.580996508295578e-06,3,0.95,0.050000000000000044
2014-04-29,-0.019659246713516026,-0.019666024712428603,0.01355599782515346,6.77799891257673e-06,3,0.95,0.050000000000000044
2014-04-30,0.01522249734149763,0.015214340593143293,0.016313496708675185,8.156748354337593e-06,3,0.95,0.050000000000000044
2014-05-01,-0.027023531386297116,-0.02702479642762061,0.002530082646985954,1.265041323492977e-06,3,0.95,0.050000000000000044
2014-05-02,-0.04730616449420667,-0.04730802151555018,0.003714042687003566,1.857021343501783e-06,3,0.9500000000000001,0.04999999999999993
2014-05-05,-0.0583321731686024,-0.058339423538690593,0.014500740176387944,7.250370088193972e-06,3,0.95,0.050000000000000044
2014-05-06,0.003433316952558378,0.0034296783793628925,0.00727714639097099,3.638573195485495e-06,3,0.95,0.050000000000000044
2014-05-07,-0.04010132731823084,-0.040105779133755716,0.008903631049763494,4.451815524881747e-06,3,0.95,0.050000000000000044
2014-05-08,0.02982782479285599,0.0298222117193392,0.011226147033572775,5.613073516786388e-06,3,0.95,0.050000000000000044
2014-05-09,0.037641695013279616,0.03763658003500693,0.01022995654537795,5.114978272688975e-06,3,0.95,0.050000000000000044
2014-05-12,0.028959348539034688,0.028944577710374276,0.029541657320822007,1.4770828660411004e-05,3,0.9500000000000001,0.04999999999999993
2014-05-13,-0.04220680010419356,-0.042214508193879396,0.01541617937167536,7.70808968583768e-06,3,0.95,0.050000000000000044
2014-05-14,0.024166822691316744,0.024158525530591515,0.01659432145046158,8.29716072523079e-06,3,0.95,0.050000000000000044
2014-05-15,0.026353563240703745,0.026342498028766453,0.02213042387458508,1.1065211937292541e-05,3,0.95,0.050000000000000044
2014-05-16,0.05125585017697366,0.05125257195101598,0.006556451915350842,3.278225957675421e-06,3,0.95,0.050000000000000044
2014-05-19,-0.024374121531069406,-0.024378805260430948,0.009367458723083394,4.683729361541697e-06,3,0.95,0.050000000000000044
2014-05-20,0.003580361421310933,0.003572929176812812,0.014864488996241959,7.43224449812098e-06,3,0.9500000000000001,0.04999999999999993
2014-05-21,-0.004598340146614522,-0.004608786287889883,0.02089228255072262,1.044614127536131e-05,3,0.9499999999999998,0.050000000000000155
2014-05-22,-0.024676941737663004,-0.024683928219898465,0.013972964470919197,6.986482235459598e-06,3,0.95,0.050000000000000044
2014-05-23,0.030912317255835632,0.03091053283903878,0.003568833593700055,1.7844167968500274e-06,3,0.95,0.050000000000000044
2014-05-27,0.060598959832314725,0.0605963210217357,0.0052776211580543575,2.6388105790271787e-06,3,0.95,0.050000000000000044
2014-05-28,-0.005190344286427096,-0.005202705087362358,0.0247216018705243,1.236080093526215e-05,3,0.95,0.050000000000000044
2014-05-29,-0.008692645875132974,-0.008819265726536536,0.2532397028071236,0.0001266198514035618,3,0.7967602971928763,0.20323970280712367
2014-05-30,0.0018222053460185891,0.0017455854946150273,0.1532397028071236,7.66198514035618e-05,3,0.95,0.050000000000000044
2014-06-02,0.01642783784831935,0.016423063722623404,0.00954825139189261,4.774125695946305e-06,3,0.9499999999999998,0.050000000000000155
2014-06-03,-0.008863704837829103,-0.008866587364309323,0.005765052960439138,2.882526480219569e-06,3,0.95,0.050000000000000044
2014-06-04,0.023027995700397215,0.02302139373040637,0.01320393998169106,6.60196999084553e-06,3,0.95,0.050000000000000044
2014-06-05,-0.003997839584234989,-0.0040001339643896605,0.004588760309342632,2.294380154671316e-06,3,0.95,0.050000000000000044
2014-06-06,0.010255785415251621,0.010244906569293175,0.021757691916892086,1.0878845958446043e-05,3,0.95,0.050000000000000044
2014-06-09,-0.013259857485771642,-0.01328202951051499,0.04434404948669865,2.2172024743349324e-05,3,0.9499999999999998,0.050000000000000155
2014-06-10,-0.006784914996345477,-0.006940363692811888,0.3108973929328227,0.00015544869646641135,3,0.7391026070671773,0.26089739293282266
2014-06-11,-0.028301943395676352,-0.02841294981629037,0.22201284122803153,0.00011100642061401577,3,0.9499999999999998,0.050000000000000155
2014-06-12,-0.01958481568963054,-0.019598681332549536,0.02773128583799761,1.3865642918998806e-05,3,0.9499999999999998,0.050000000000000155
2014-06-13,0.020300639130321253,0.02028949119979575,0.022295861051007226,1.1147930525503614e-05,3,0.95,0.050000000000000044
2014-06-16,0.03598199390010714,0.03582724372843432,0.3095003433456347,0.00015475017167281734,3,0.7404996566543651,0.2595003433456349
2014-06-17,0.10232402530065299,0.10216510322302019,0.31784415526559745,0.00015892207763279872,3,0.9416561880800374,0.05834381191996263
2014-06-18,-0.04496831365575793,-0.0449861229611675,0.03561861081914869,1.7809305409574345e-05,3,0.95,0.050000000000000044
2014-06-19,0.006915285134991301,0.006760583697028451,0.30940287592569965,0.00015470143796284983,3,0.7405971240743003,0.25940287592569966
2014-06-20,-0.0095018181028513,-0.009620550890941377,0.23746557618015107,0.00011873278809007554,3,0.95,0.050000000000000044
2014-06-23,-0.037372672813971046,-0.03751706317167383,0.2887807154055773,0.00014439035770278866,3,0.7612192845944226,0.23878071540557744
2014-06-24,-0.0016890291327477276,-0.0017834194904505162,0.18878071540557737,9.439035770278869e-05,3,0.95,0.050000000000000044
2014-06-25,0.03740826313824646,0.03737906014334976,0.05840598979339981,2.9202994896699905e-05,3,0.95,0.050000000000000044
2014-06-26,0.00996798167599374,0.009930204691971985,0.07555396804350756,3.777698402175378e-05,3,0.9499999999999998,0.050000000000000155
2014-06-27,-0.006027228578069895,-0.006173720731012228,0.2929843058846662,0.00014649215294233308,3,0.7570156941153339,0.24298430588466613
2014-06-30,-0.0021523593146933325,-0.0022595833541525557,0.2144480789184462,0.0001072240394592231,3,0.9500000000000002,0.04999999999999982
2014-07-01,-0.016368275700227624,-0.01651125452949961,0.28595765854397603,0.00014297882927198803,3,0.7640423414560236,0.23595765854397643
2014-07-02,-0.0017626033238314555,-0.0019034600860402496,0.2817135244175881,0.00014085676220879407,3,0.9499999999999998,0.050000000000000155
2014-07-03,-0.018680974641357876,-0.0188180889881932,0.2742286936706483,0.00013711434683532413,3,0.7757713063293517,0.22422869367064835
2014-07-07,-0.05070440383658048,-0.05079926260250096,0.1897175318409566,9.48587659204783e-05,3,0.95,0.050000000000000044
2014-07-08,0.025428997559561902,0.025395254318183246,0.06748648275731192,3.374324137865596e-05,3,0.95,0.050000000000000044
2014-07-09,-0.008794932033724176,-0.00895215976648091,0.31445546551346604,0.00015722773275673302,3,0.7355445344865339,0.2644554655134661
2014-07-10,0.006436457832621546,0.006278929634903934,0.3150563954352233,0.00015752819771761164,3,0.9493990700782426,0.050600929921757354
2014-07-11,0.0031341563741683594,0.0029796040713512334,0.3091046056342517,0.00015455230281712583,3,0.7414963242875054,0.25850367571249455
2014-07-14,0.06328805568134543,0.06302717790626504,0.5217555501608016,0.00026087777508040076,3,0.7367481255516928,0.2632518744483072
2014-07-15,-0.021584972399714533,-0.021691598336938688,0.2132518744483073,0.00010662593722415365,3,0.95,0.050000000000000044
2014-07-16,-0.02733149459574271,-0.027332966837096434,0.002944482707445989,1.4722413537229945e-06,3,0.95,0.050000000000000044
2014-07-17,0.05857377552134914,0.05855755753418478,0.03243597432871351,1.6217987164356752e-05,3,0.95,0.050000000000000044
2014-07-18,0.062352158343710086,0.06221262594167531,0.27906480406955364,0.00013953240203477683,3,0.770935195930446,0.22906480406955398
2014-07-21,-0.010784502969721515,-0.010919141746772566,0.2692775541021012,0.0001346387770510506,3,0.95,0.050000000000000044
2014-07-22,0.02358526651325251,0.023457757611316132,0.25501780387275785,0.00012750890193637894,3,0.7949821961272419,0.20501780387275814
2014-07-23,-0.029930331330347584,-0.03001290335142552,0.1651440421558767,8.257202107793835e-05,3,0.95,0.050000000000000044
2014-07-24,-0.005491236762132999,-0.005503987060629529,0.02550059699305965,1.2750298496529824e-05,3,0.95,0.050000000000000044
2014-07-25,-0.07866355514800137,-0.07878428064759885,0.2414509991949418,0.0001207254995974709,3,0.808549000805058,0.19145099919494202
2014-07-28,-0.0053427133617238685,-0.005413915241179921,0.14240375891210516,7.120187945605258e-05,3,0.9500000000000001,0.04999999999999993
2014-07-29,0.014245334495859711,0.01424019137734667,0.01028623702608017,5.143118513040085e-06,3,0.9500000000000001,0.04999999999999993
2014-07-30,-0.04171009326763652,-0.041725473882299476,0.030761229325905165,1.5380614662952584e-05,3,0.95,0.050000000000000044
2014-07-31,0.0061629163762175415,0.006155795022545043,0.014242707344997163,7.121353672498582e-06,3,0.9499999999999997,0.050000000000000266
2014-08-01,-0.00470194911825728,-0.004711305350549495,0.018712464584428573,9.356232292214286e-06,3,0.95,0.050000000000000044
2014-08-04,-0.005208187339894884,-0.005220176044421694,0.023977409053618254,1.1988704526809126e-05,3,0.95,0.050000000000000044
2014-08-05,-0.0067105224274628585,-0.006733556652299825,0.04606844967393403,2.3034224836967017e-05,3,0.95,0.050000000000000044
2014-08-06,0.05306034548984545,0.05291885253731098,0.282985905068931,0.0001414929525344655,3,0.7670140949310688,0.23298590506893124
2014-08-07,-0.0007714266770432663,-0.0009078771916484942,0.27290102921045584,0.00013645051460522793,3,0.95,0.050000000000000044
2014-08-08,0.02339094519839374,0.0233515246453238,0.07884110613987538,3.942055306993769e-05,3,0.95,0.050000000000000044
2014-08-11,-0.008099858548836127,-0.008117478605978657,0.03524011428506066,1.762005714253033e-05,3,0.95,0.050000000000000044
2014-08-12,0.047264924846674015,0.047239386663888015,0.05107636557200401,2.5538182786002007e-05,3,0.9500000000000001,0.04999999999999993
2014-08-13,0.003422676620268836,0.0033780978830616148,0.08915747441444227,4.457873720722114e-05,3,0.9499999999999998,0.050000000000000155
2014-08-14,-0.014412654653231653,-0.01442658698233585,0.027864658208393484,1.3932329104196741e-05,3,0.95,0.050000000000000044
2014-08-15,0.0030229052581707736,0.0030104638149295944,0.024882886482358313,1.2441443241179157e-05,3,0.9499999999999998,0.050000000000000155
2014-08-18,-0.00591927138876456,-0.005919695399118342,0.0008480207075631796,4.240103537815898e-07,3,0.95,0.050000000000000044
2014-08-19,-0.0008042720509817704,-0.0008095346225834157,0.01052514320329051,5.262571601645255e-06,3,0.95,0.050000000000000044
2014-08-20,-0.010413838077410625,-0.010423884474782905,0.020092794744560466,1.0046397372280233e-05,3,0.95,0.050000000000000044
2014-08-21,-0.002095242513007893,-0.0020972467695788096,0.004008513141833758,2.004256570916879e-06,3,0.95,0.050000000000000044
2014-08-22,0.014846594205416851,0.014697884219735936,0.29741997136183024,0.00014870998568091513,3,0.7525800286381694,0.24741997136183058
2014-08-25,-0.016173484339621496,-0.016317152728061838,0.2873367768806848,0.0001436683884403424,3,0.95,0.050000000000000044
2014-08-26,-0.0021844340954120176,-0.0023155152502839674,0.2621623097438992,0.00013108115487194962,3,0.7878376902561004,0.2121623097438996
2014-08-27,-0.026447170593186253,-0.02657598867306355,0.25763615975460014,0.00012881807987730006,3,0.9499999999999998,0.050000000000000155
2014-08-28,-0.010985250098087672,-0.01098664499780691,0.002789799438477264,1.394899719238632e-06,3,0.9500000000000001,0.04999999999999993
2014-08-29,-0.0021052940489506254,-0.0021083918965483497,0.006195695195449019,3.0978475977245096e-06,3,0.95,0.050000000000000044
2014-09-02,-0.006958298139844195,-0.006963797085680541,0.010997891672690246,5.498945836345123e-06,3,0.95,0.050000000000000044
2014-09-03,-0.00623164833711435,-0.006233788888686932,0.004281103145163917,2.1405515725819586e-06,3,0.95,0.050000000000000044
2014-09-04,0.017795669136077417,0.017790483743672997,0.010370784808836908,5.185392404418454e-06,3,0.95,0.050000000000000044
2014-09-05,0.01408818297133341,0.014086550202756818,0.003265537153186948,1.632768576593474e-06,3,0.95,0.050000000000000044
2014-09-08,-0.020462901883588187,-0.020578687480936,0.2315711946956269,0.00011578559734781346,3,0.8184288053043728,0.1815711946956272
2014-09-09,-0.01671638694196991,-0.01678632633356572,0.13987878319161764,6.993939159580882e-05,3,0.95,0.050000000000000044
2014-09-10,0.015542367685818442,0.015532074730954448,0.02058590972798735,1.0292954863993676e-05,3,0.9499999999999998,0.050000000000000155
2014-09-11,-0.0026494044761526817,-0.0026566738930906674,0.014538833875971685,7.269416937985842e-06,3,0.95,0.050000000000000044
2014-09-12,-0.04900554082507476,-0.0490165726349061,0.022063619662681166,1.1031809831340584e-05,3,0.95,0.050000000000000044
2014-09-15,-0.003255970560710472,-0.003263043239299207,0.014145357177469592,7.072678588734796e-06,3,0.95,0.050000000000000044
2014-09-16,0.001309902727615041,0.0013072632749442268,0.005278905341628615,2.6394526708143073e-06,3,0.95,0.050000000000000044
2014-09-17,-0.02281802520563031,-0.022929822258728808,0.2235941061969955,0.00011179705309849775,3,0.8264058938030041,0.1735941061969959
2014-09-18,0.015798178797894583,0.01572317169527076,0.15001420524764586,7.500710262382293e-05,3,0.9500000000000001,0.04999999999999993
2014-09-19,-0.0439559401489308,-0.04395713735421898,0.0023944105763727963,1.1972052881863981e-06,3,0.95,0.050000000000000044
2014-09-22,0.05825532484408247,0.05824786878241541,0.014912123334116817,7.4560616670584085e-06,3,0.95,0.050000000000000044
2014-09-23,-0.009980462971863027,-0.010101800584869532,0.2426752260130102,0.0001213376130065051,3,0.8073247739869895,0.19267522601301046
2014-09-24,-0.03822579244597127,-0.03829713005897777,0.14267522601301053,7.133761300650527e-05,3,0.95,0.050000000000000044
2014-09-25,0.003924353085499835,0.0038119811413626476,0.22474388827437428,0.00011237194413718714,3,0.8252561117256254,0.1747438882743746
2014-09-26,0.012343353712895376,0.012280981768758189,0.12474388827437458,6.237194413718728e-05,3,0.95,0.050000000000000044
2014-09-29,0.0014395232765503797,0.0013257810099977399,0.22748453310527936,0.00011374226655263968,3,0.8225154668947203,0.17748453310527967
2014-09-30,-0.029984145435741284,-0.030106986423382002,0.2456819752814344,0.0001228409876407172,3,0.9318025578238449,0.06819744217615509
2014-10-01,0.023871411681755203,0.02385833411466885,0.026155134172709704,1.3077567086354853e-05,3,0.9500000000000001,0.04999999999999993
2014-10-02,0.007795023463542842,0.00766374172311704,0.26256348085160286,0.00013128174042580142,3,0.7874365191483967,0.21256348085160326
2014-10-03,-0.031965576423395835,-0.03205829820495059,0.18544356310951093,9.272178155475547e-05,3,0.95,0.050000000000000044
2014-10-06,-0.034150301708982464,-0.03416590898786384,0.03121455776275278,1.560727888137639e-05,3,0.95,0.050000000000000044
2014-10-07,0.03894012598056274,0.038810927859013154,0.2583962430991803,0.00012919812154959015,3,0.7916037569008193,0.2083962430991807
2014-10-08,-0.019221043433920615,-0.019300241555470204,0.1583962430991807,7.919812154959036e-05,3,0.9500000000000001,0.04999999999999993
2014-10-09,-0.015776915373090224,-0.015779879876158157,0.005929006135861253,2.9645030679306266e-06,3,0.95,0.050000000000000044
2014-10-10,-0.050579413217784856,-0.05058082121481449,0.002815994059267718,1.407997029633859e-06,3,0.95,0.050000000000000044
2014-10-13,0.019733079867010013,0.019600104588043975,0.2659505579320757,0.00013297527896603787,3,0.7840494420679239,0.21595055793207607
2014-10-14,0.021382668440782147,0.02129678328123144,0.17177031910141194,8.588515955070598e-05,3,0.9500000000000001,0.04999999999999993
2014-10-15,0.011378780095769082,0.011375108348986014,0.0073434935661353395,3.67174678306767e-06,3,0.95,0.050000000000000044
2014-10-16,0.013098247917018517,0.013087323398833258,0.021849036370519048,1.0924518185259524e-05,3,0.95,0.050000000000000044
2014-10-17,0.011184047420330395,0.01104850862800717,0.2710775846464467,0.00013553879232322335,3,0.778922415353553,0.221077584646447
2014-10-20,-0.013644204759641544,-0.013729743551964768,0.17107758464644696,8.553879232322348e-05,3,0.9499999999999998,0.050000000000000155
2014-10-21,-0.0054372453865353335,-0.005584255119319678,0.2940194655686891,0.00014700973278434454,3,0.7559805344313106,0.24401946556868936
2014-10-22,0.012764165241976745,0.012537676402825066,0.45297767830335794,0.00022648883915167897,3,0.7910417872653309,0.20895821273466908
2014-10-23,0.005310934544298962,0.005231455437931627,0.15895821273466895,7.947910636733447e-05,3,0.95,0.050000000000000044
2014-10-24,-0.008156695677949155,-0.008283540389067033,0.253689422235753,0.0001268447111178765,3,0.7963105777642465,0.20368942223575348
2014-10-27,0.026238664874104707,0.02616182016298683,0.15368942223575338,7.684471111787669e-05,3,0.95,0.050000000000000044
2014-10-28,0.005281279717913373,0.005275909844562694,0.010739746701357578,5.369873350678789e-06,3,0.9499999999999998,0.050000000000000155
2014-10-29,0.0050376448425383975,0.005019082567899119,0.037124549278558155,1.8562274639279078e-05,3,0.95,0.050000000000000044
2014-10-30,0.0349357845793179,0.034799072476195306,0.27342420624518515,0.00013671210312259257,3,0.7765757937548144,0.22342420624518555
2014-10-31,0.04515504132797838,0.04506473288587004,0.18061688421668212,9.030844210834107e-05,3,0.95,0.050000000000000044
2014-11-03,0.030622870104877527,0.03062220907797138,0.0013220538122931114,6.610269061465557e-07,3,0.95,0.050000000000000044
2014-11-04,-0.05088177099879299,-0.0510185912396306,0.2736404816752127,0.00013682024083760635,3,0.7763595183247869,0.2236404816752131
2014-11-05,0.04059708938137094,0.04051026914053333,0.1736404816752131,8.682024083760654e-05,3,0.95,0.050000000000000044
2014-11-06,0.014597888125830204,0.014591957965215095,0.01186032123021924,5.93016061510962e-06,3,0.9500000000000001,0.04999999999999993
2014-11-07,0.0006637525823325139,0.00065705344408247,0.013398276500087819,6.69913825004391e-06,3,0.95,0.050000000000000044
2014-11-10,-0.02063701987310436,-0.020783613009002163,0.2931862717956061,0.00014659313589780303,3,0.7568137282043934,0.2431862717956066
2014-11-11,-0.0840045570348233,-0.08423093933925364,0.452764608860683,0.0002263823044303415,3,0.790421662934923,0.209578337065077
2014-11-12,-0.014622993383329804,-0.014794036560018457,0.34208635337730453,0.00017104317668865227,3,0.8674919836877719,0.13250801631222808
2014-11-13,-0.04042201035334463,-0.040463264361500745,0.08250801631222807,4.125400815611404e-05,3,0.95,0.050000000000000044
2014-11-14,-0.0033621292164126423,-0.0033627011459944054,0.0011438591635265505,5.719295817632753e-07,3,0.95,0.050000000000000044
2014-11-17,0.04071153556721431,0.040701199096884556,0.02067294065950831,1.0336470329754154e-05,3,0.95,0.050000000000000044
2014-11-18,-0.014186888568617086,-0.014326398960266582,0.2790207832989943,0.00013951039164949717,3,0.7709792167010052,0.22902078329899478
2014-11-19,-0.00011831803936409322,-0.0002567521762271347,0.2768682737260829,0.00013843413686304146,3,0.95,0.050000000000000044
2014-11-20,-0.001396222906915458,-0.0015375548117716035,0.28266380971229105,0.00014133190485614552,3,0.7673361902877084,0.2326638097122916
2014-11-21,0.011782571298417475,0.01169123939356133,0.18266380971229154,9.133190485614578e-05,3,0.95,0.050000000000000044
2014-11-24,-0.0019342219547347312,-0.002070333266063139,0.2722226226568155,0.00013611131132840775,3,0.777777377343184,0.22222262265681603
2014-11-25,0.0057135402994520825,0.005627428988123674,0.172222622656816,8.6111311328408e-05,3,0.95,0.050000000000000044
2014-11-26,-0.018301946480555463,-0.018430495367320634,0.25709777353034435,0.00012854888676517217,3,0.7929022264696551,0.20709777353034486
2014-11-28,-0.050519487502416346,-0.05059803638918152,0.15709777353034485,7.854888676517242e-05,3,0.95,0.050000000000000044
2014-12-01,0.008044515416444782,0.007918525090608327,0.2519806516729095,0.00012599032583645475,3,0.7980193483270901,0.2019806516729099
2014-12-02,-0.015558241887294846,-0.01568697512832598,0.2574664820622707,0.00012873324103113533,3,0.9445141696106387,0.05548583038936128
2014-12-03,0.03798534673845257,0.03796709185620145,0.036509764502248354,1.825488225112418e-05,3,0.95,0.050000000000000044
2014-12-04,-0.003085686512996748,-0.0032549474645225045,0.33852190305151275,0.00016926095152575637,3,0.7114780969484867,0.28852190305151326
2014-12-05,-0.034283740857885894,-0.034512366843848584,0.4572519719253766,0.0002286259859626883,3,0.8312699311261361,0.16873006887386388
2014-12-08,0.005141579171163483,0.004902502318054398,0.4781537062181698,0.0002390768531090849,3,0.6905763626556933,0.30942363734430667
2014-12-09,-0.02366650929315662,-0.023877046869460346,0.42107515260745504,0.0002105375763037275,3,0.888348484736851,0.11165151526314898
2014-12-10,-0.00832546364175451,-0.008356289399386084,0.061651515263149104,3.082575763157455e-05,3,0.95,0.050000000000000044
2014-12-11,-0.03071328680917662,-0.030720164378999548,0.013755139645851622,6.877569822925811e-06,3,0.95,0.050000000000000044
2014-12-12,0.0035902784219349546,0.0034121821924806986,0.35619245890851226,0.00017809622945425614,3,0.6938075410914872,0.30619245890851277
2014-12-15,-0.023364667272089322,-0.02349885968834695,0.26838483251525797,0.000134192416257629,3,0.95,0.050000000000000044
2014-12-16,-0.0015908144353466522,-0.0015979201807061738,0.014211490719043096,7.105745359521548e-06,3,0.95,0.050000000000000044
2014-12-17,0.03377143577055615,0.03376183655696951,0.019198427173287236,9.599213586643618e-06,3,0.9499999999999998,0.050000000000000155
2014-12-18,0.00709972257827322,0.007075317026675426,0.04881110319558851,2.4405551597794256e-05,3,0.95,0.050000000000000044
2014-12-19,-0.0010097234840995718,-0.001055580035234005,0.09171310226886642,4.585655113443321e-05,3,0.95,0.050000000000000044
2014-12-22,-0.013778373921800436,-0.013937677295657636,0.31860674771439945,0.00015930337385719972,3,0.7313932522856,0.26860674771439996
2014-12-23,0.01647526469805183,0.016357567838402323,0.2353937192990186,0.0001176968596495093,3,0.95,0.050000000000000044
2014-12-24,0.0037720337464185382,0.0037632189312367683,0.017629630363539595,8.814815181769798e-06,3,0.9499999999999998,0.050000000000000155
2014-12-26,-0.01551384263966633,-0.015526367986476585,0.025050693620510434,1.2525346810255216e-05,3,0.95,0.050000000000000044
2014-12-29,0.009232273031188938,0.009218649965393717,0.027246131590441258,1.3623065795220629e-05,3,0.95,0.050000000000000044
2014-12-30,-0.009046909569363982,-0.009060349365767138,0.026879592806311914,1.3439796403155957e-05,3,0.95,0.050000000000000044
2014-12-31,0.03978871840496273,0.0397795781269477,0.018280556030069395,9.140278015034697e-06,3,0.95,0.050000000000000044
2015-01-02,-0.004879408283664056,-0.004913017879948695,0.06721919256927816,3.360959628463908e-05,3,0.95,0.050000000000000044
2015-01-05,-0.02474826756366457,-0.024755287570691027,0.014040014052912608,7.020007026456305e-06,3,0.95,0.050000000000000044
2015-01-06,0.02188131233532291,0.021873703493656083,0.015217683333648091,7.608841666824045e-06,3,0.95,0.050000000000000044
2015-01-07,0.020897072531892866,0.020733586044433556,0.3269729749186214,0.0001634864874593107,3,0.7230270250813782,0.27697297491862183
2015-01-08,0.0033438977864533705,0.0032304112989940594,0.22697297491862192,0.00011348648745931096,3,0.95,0.050000000000000044
2015-01-09,-0.013214146418834753,-0.013452620850896903,0.4769488641243015,0.00023847443206215075,3,0.5730511358756979,0.4269488641243021
2015-01-12,-0.008112902421138306,-0.00830373590110327,0.38166695992992783,0.0001908334799649639,3,0.95,0.050000000000000044
2015-01-13,0.016043374592733764,0.016019108568056932,0.04853204935366662,2.4266024676833308e-05,3,0.95,0.050000000000000044
2015-01-14,-0.051075007577319406,-0.051109082560253365,0.06814996586791391,3.407498293395696e-05,3,0.9500000000000001,0.04999999999999993
2015-01-15,0.035665254825851554,0.03564747364750015,0.0355623567028055,1.778117835140275e-05,3,0.95,0.050000000000000044
2015-01-16,-0.002030626500520015,-0.0020519192269308107,0.042585452821591485,2.1292726410795744e-05,3,0.95,0.050000000000000044
2015-01-20,-0.004922997079870864,-0.004931358645832981,0.016723131924234053,8.361565962117026e-06,3,0.95,0.050000000000000044
2015-01-21,0.030208919211953268,0.030198613787033066,0.020610849840406065,1.0305424920203033e-05,3,0.95,0.050000000000000044
2015-01-22,0.01635227083636779,0.01634326661829982,0.018008436135942496,9.004218067971248e-06,3,0.95,0.050000000000000044
2015-01-23,0.011224437076117637,0.011219595199484287,0.009683753266697848,4.841876633348924e-06,3,0.9499999999999998,0.050000000000000155
2015-01-26,-0.001470702953167957,-0.0014770978927526384,0.012789879169362806,6.394939584681403e-06,3,0.95,0.050000000000000044
2015-01-27,-0.004476073155287829,-0.00450356755213659,0.05498879369752191,2.7494396848760957e-05,3,0.95,0.050000000000000044
2015-01-28,0.024143238712924273,0.024132071411697275,0.022334602453996655,1.1167301226998328e-05,3,0.9499999999999997,0.050000000000000266
2015-01-29,-0.03397214283896166,-0.034112384703733116,0.28048372954291,0.000140241864771455,3,0.7695162704570896,0.2304837295429104
2015-01-30,-0.008537820767461905,-0.008669251640764765,0.26286174660572054,0.00013143087330286026,3,0.9499999999999998,0.050000000000000155
2015-02-02,-0.020494725043192757,-0.02066246661089269,0.3354831353998714,0.0001677415676999357,3,0.7145168646001283,0.2854831353998717
2015-02-03,-0.0050140406852739175,-0.005131782252973853,0.23548313539987184,0.00011774156769993593,3,0.95,0.050000000000000044
2015-02-04,0.009129430432928545,0.009125686632528876,0.007487600799338412,3.743800399669206e-06,3,0.95,0.050000000000000044
2015-02-05,-0.013652196140564538,-0.013657583807261155,0.010775333393235498,5.387666696617749e-06,3,0.95,0.050000000000000044
2015-02-06,-0.023050616893168074,-0.023054704969589192,0.008176152842238854,4.088076421119427e-06,3,0.95,0.050000000000000044
2015-02-09,0.022947569405404766,0.022947010619716452,0.001117571376625326,5.58785688312663e-07,3,0.9499999999999998,0.050000000000000155
2015-02-10,-0.003959348633361653,-0.003960468584301839,0.00223990188037132,1.11995094018566e-06,3,0.95,0.050000000000000044
2015-02-11,0.013852781348408063,0.01384065204929534,0.024258598225444655,1.2129299112722328e-05,3,0.95,0.050000000000000044
2015-02-12,-0.0010781338386427306,-0.0010890571705896809,0.021846663893900664,1.0923331946950332e-05,3,0.95,0.050000000000000044
2015-02-13,0.0020919293423853217,0.002082227737267329,0.019403210235985485,9.701605117992742e-06,3,0.95,0.050000000000000044
2015-02-17,0.0064748514601808155,0.006467681481289547,0.014339957782538049,7.169978891269024e-06,3,0.95,0.050000000000000044
2015-02-18,0.006042306299378799,0.006032696166367646,0.019220266022307142,9.61013301115357e-06,3,0.95,0.050000000000000044
2015-02-19,0.01072670690295513,0.010591078582530342,0.2712566408495749,0.00013562832042478745,3,0.7787433591504247,0.2212566408495753
2015-02-20,0.010774293170810256,0.010688664850385467,0.1712566408495754,8.56283204247877e-05,3,0.95,0.050000000000000044
2015-02-23,-0.0011418594663362017,-0.0011503491281952406,0.016979323718077616,8.489661859038809e-06,3,0.9499999999999998,0.050000000000000155
2015-02-24,0.012668303797795682,0.012539007544799488,0.25859250599238714,0.00012929625299619356,3,0.7914074940076125,0.20859250599238754
2015-02-25,0.004334155221218447,0.0042043247013636665,0.25966103970956206,0.00012983051985478104,3,0.948931466282825,0.05106853371717501
2015-02-26,-0.012206511712722207,-0.012209779346578834,0.006535267713251192,3.267633856625596e-06,3,0.95,0.050000000000000044
2015-02-27,0.027726544049420883,0.02771542245878922,0.022243181263330164,1.1121590631665083e-05,3,0.95,0.050000000000000044
2015-03-02,0.0041696724718645215,0.004158550881232856,0.02224318126333011,1.1121590631665054e-05,3,0.95,0.050000000000000044
2015-03-03,0.011475899092088508,0.011465420658554087,0.020956867068841367,1.0478433534420684e-05,3,0.95,0.050000000000000044
2015-03-04,0.06252154543897495,0.06251258693181756,0.017917014314781682,8.95850715739084e-06,3,0.95,0.050000000000000044
2015-03-05,0.0005250881910474517,0.0005136254485531689,0.02292548498856567,1.1462742494282835e-05,3,0.95,0.050000000000000044
2015-03-06,0.0038469655451912033,0.003837236921559332,0.01945724726374315,9.728623631871574e-06,3,0.95,0.050000000000000044
2015-03-09,0.014515147480054082,0.014364730708661134,0.3008335427858975,0.00015041677139294876,3,0.7491664572141019,0.2508335427858981
2015-03-10,0.003153175960062685,0.0030415070411218513,0.22333783788166695,0.00011166891894083348,3,0.9499999999999998,0.050000000000000155
2015-03-11,0.015780232525947974,0.015773326333631044,0.013812384633863806,6.906192316931903e-06,3,0.95,0.050000000000000044
2015-03-12,0.0028170905078160626,0.0028064800586433624,0.021220898345400363,1.0610449172700182e-05,3,0.95,0.050000000000000044
2015-03-13,0.020372256224043796,0.020349587346186807,0.04533775571397447,2.2668877856987234e-05,3,0.95,0.050000000000000044
2015-03-16,-0.006858004608551724,-0.006868875239293088,0.021741261482728647,1.0870630741364324e-05,3,0.95,0.050000000000000044
2015-03-17,-0.003654561902829287,-0.0036597602436869324,0.010396681715290512,5.198340857645256e-06,3,0.95,0.050000000000000044
2015-03-18,0.03393177732566233,0.03392593273586509,0.011689179594479182,5.844589797239591e-06,3,0.9500000000000001,0.04999999999999993
2015-03-19,-0.014118420449604959,-0.014138749385962992,0.04065787271606647,2.0328936358033234e-05,3,0.95,0.050000000000000044
2015-03-20,-0.020981903449169243,-0.020984481271500682,0.005155644662877046,2.577822331438523e-06,3,0.95,0.050000000000000044
2015-03-23,0.044771809672186205,0.044749038170499196,0.045543003374020063,2.2771501687010033e-05,3,0.95,0.050000000000000044
2015-03-24,-0.07568227140955588,-0.07569810127490527,0.031659730698766514,1.582986534938326e-05,3,0.95,0.050000000000000044
2015-03-25,0.006617343411896954,0.006610493477133525,0.013699869526859337,6.849934763429669e-06,3,0.9499999999999998,0.050000000000000155
2015-03-26,0.02553331250175038,0.025510570171756303,0.04548465998815543,2.2742329994077715e-05,3,0.95,0.050000000000000044
2015-03-27,0.06665348215994923,0.06664581387232497,0.015336575248509399,7.6682876242547e-06,3,0.95,0.050000000000000044
2015-03-30,-0.02895756559431959,-0.028968575412001,0.022019635362817064,1.1009817681408532e-05,3,0.95,0.050000000000000044
2015-03-31,-0.005333045344546383,-0.0053391105464331845,0.012130403773602527,6.065201886801264e-06,3,0.95,0.050000000000000044
2015-04-01,-0.007730214987548033,-0.007748243279900922,0.0360565847057778,1.80282923528889e-05,3,0.95,0.050000000000000044
2015-04-02,0.003476711239903904,0.0034638150332122375,0.025792413383333157,1.289620669166658e-05,3,0.95,0.050000000000000044
2015-04-06,0.005590101424341135,0.00554515544380798,0.08989196106630942,4.494598053315471e-05,3,0.9499999999999998,0.050000000000000155
2015-04-07,0.03276792762213778,0.03276397768388871,0.007899876498149522,3.949938249074761e-06,3,0.9500000000000001,0.04999999999999993
2015-04-08,-0.0036238694293784348,-0.003627246411477817,0.006753964198763895,3.376982099381948e-06,3,0.9499999999999998,0.050000000000000155
2015-04-09,0.009166657636022018,0.009164233130586012,0.004849010872014392,2.424505436007196e-06,3,0.95,0.050000000000000044
2015-04-10,0.0105222033918846,0.01052156851461692,0.001269754535359463,6.348772676797315e-07,3,0.95,0.050000000000000044
2015-04-13,0.003937413380856791,0.00393263171264142,0.009563336430743002,4.781668215371501e-06,3,0.95,0.050000000000000044
2015-04-14,0.008744670032074542,0.008611272066213737,0.2667959317216111,0.00013339796586080556,3,0.7832040682783883,0.2167959317216117
2015-04-15,0.005476862436286841,0.005393464470426035,0.1667959317216116,8.33979658608058e-05,3,0.95,0.050000000000000044
2015-04-16,-0.012041272035273705,-0.012041905607371272,0.0012671441951342954,6.335720975671477e-07,3,0.95,0.050000000000000044
2015-04-17,-0.001329543066764794,-0.0013371709064245937,0.015255679319599286,7.627839659799643e-06,3,0.95,0.050000000000000044
2015-04-20,0.018662862152551425,0.01865506828585225,0.015587733398355202,7.793866699177602e-06,3,0.95,0.050000000000000044
2015-04-21,0.0015169955488135733,0.0015128547983968969,0.008281500833352745,4.140750416676373e-06,3,0.95,0.050000000000000044
2015-04-22,0.015690596328274384,0.015684491158989428,0.012210338569911605,6.1051692849558025e-06,3,0.95,0.050000000000000044
2015-04-23,-0.015492832315139189,-0.01563679173649266,0.28791884270694107,0.00014395942135347054,3,0.7620811572930584,0.23791884270694164
2015-04-24,-0.021574766693662165,-0.02180655556034611,0.4635777333678909,0.00023178886668394545,3,0.7743411093390502,0.2256588906609498
2015-04-27,0.006028942218277634,0.005941112772947159,0.17565889066094972,8.782944533047486e-05,3,0.95,0.050000000000000044
2015-04-28,-0.006875631572972527,-0.007012064583423836,0.2728660209026188,0.0001364330104513094,3,0.7771339790973807,0.2228660209026193
2015-04-29,-0.02321770520737885,-0.023304851085740732,0.17429175672376615,8.714587836188307e-05,3,0.95,0.050000000000000044
2015-04-30,0.032117680157485964,0.032107796849674464,0.01976661562299617,9.883307811498085e-06,3,0.95,0.050000000000000044
2015-05-01,0.001589145125144548,0.0015772908594057062,0.02370853147768401,1.1854265738842005e-05,3,0.95,0.050000000000000044
2015-05-04,0.019699861976928978,0.01968692653791652,0.025870878024915334,1.2935439012457667e-05,3,0.9500000000000001,0.04999999999999993
2015-05-05,0.025577423052966602,0.025568161386425616,0.018523333081974375,9.261666540987187e-06,3,0.95,0.050000000000000044
2015-05-06,0.03750785519232254,0.03749780642655654,0.020097531532001334,1.0048765766000667e-05,3,0.95,0.050000000000000044
2015-05-07,0.04230525064377842,0.042297852460759816,0.014796366037213404,7.398183018606702e-06,3,0.95,0.050000000000000044
2015-05-08,0.007629833900623776,0.007487911787607291,0.283844226032971,0.0001419221130164855,3,0.7661557739670286,0.2338442260329714
2015-05-11,0.004517698727087564,0.0044243127126083965,0.18677202895833628,9.338601447916814e-05,3,0.95,0.050000000000000044
2015-05-12,-0.007046814284261477,-0.007047942089851986,0.0022556111810164703,1.1278055905082352e-06,3,0.95,0.050000000000000044
2015-05-13,-0.008370626605937227,-0.008375387789593597,0.00952236731274192,4.76118365637096e-06,3,0.9500000000000001,0.04999999999999993
2015-05-14,-0.010197950458865429,-0.010231737929996538,0.06757494226221683,3.378747113110842e-05,3,0.95,0.050000000000000044
2015-05-15,0.015677268087861296,0.01553159330703405,0.29134956165449044,0.00014567478082724522,3,0.758650438345509,0.24134956165449095
2015-05-18,0.03946010796967974,0.03936443318885249,0.1913495616544909,9.567478082724545e-05,3,0.9500000000000001,0.04999999999999993
2015-05-19,-0.017052093622592236,-0.017064252329167483,0.024317413150494877,1.2158706575247438e-05,3,0.95,0.050000000000000044
2015-05-20,0.006839228279097118,0.006828634096825284,0.021188364543668597,1.05941822718343e-05,3,0.95,0.050000000000000044
2015-05-21,0.017197527691131267,0.0170396868600851,0.3156816620923346,0.00015784083104616731,3,0.7343183379076649,0.2656816620923351
2015-05-22,0.010599203126168239,0.01048883131622779,0.22074361988089905,0.00011037180994044952,3,0.95,0.050000000000000044
2015-05-26,0.02062684705918283,0.02062247447351791,0.008745171329836932,4.372585664918466e-06,3,0.95,0.050000000000000044
2015-05-27,0.009760221933879133,0.00974068205112719,0.03907976550388789,1.9539882751943948e-05,3,0.95,0.050000000000000044
2015-05-28,0.009361289904498093,0.009219547163674307,0.2834854816475708,0.0001417427408237854,3,0.7665145183524288,0.2334854816475712
2015-05-29,-0.004929627940969876,-0.005154627940969876,0.44999999999999996,0.000225,3,0.7834854816475708,0.21651451835242919
2015-06-01,-0.0067398924767941275,-0.0068231497359703425,0.16651451835242917,8.325725917621458e-05,3,0.95,0.050000000000000044
2015-06-02,1.1840549798870217e-05,-3.0521054219035072e-06,0.029785310441547447,1.4892655220773724e-05,3,0.9500000000000001,0.04999999999999993
2015-06-03,6.49979664574963e-05,5.133572325455632e-05,0.02732448640587995,1.3662243202939975e-05,3,0.95,0.050000000000000044
2015-06-04,0.01950317205274941,0.01946913120605627,0.06808169338628264,3.4040846693141325e-05,3,0.9500000000000001,0.04999999999999993
2015-06-05,-0.0036217119978382024,-0.0037402457360209257,0.23706747636544642,0.00011853373818272321,3,0.812932523634553,0.18706747636544696
2015-06-08,-0.016777468803258002,-0.016903929596874912,0.25292158723381963,0.00012646079361690982,3,0.9341458891316268,0.06585411086837323
2015-06-09,-0.0068345535098436995,-0.006968300670326837,0.2674943209662736,0.00013374716048313682,3,0.798359789902099,0.201640210097901
2015-06-10,0.017846493590044837,0.017770673484995888,0.1516402100979009,7.582010504895046e-05,3,0.95,0.050000000000000044
2015-06-11,-0.016442694360611538,-0.016448602539068005,0.011816356912935921,5.9081784564679605e-06,3,0.95,0.050000000000000044
2015-06-12,-0.0012376952545514665,-0.0012505937312337334,0.02579695336453372,1.289847668226686e-05,3,0.9499999999999998,0.050000000000000155
2015-06-15,-0.007689514532101403,-0.007695114163472192,0.01119926274157762,5.59963137078881e-06,3,0.95,0.050000000000000044
2015-06-16,0.0022952373438962954,0.002233098777859362,0.12427713207386618,6.213856603693308e-05,3,0.9257228679261335,0.07427713207386655
2015-06-17,0.017716324304180547,0.017684372566396933,0.06390347556722759,3.195173778361379e-05,3,0.95,0.050000000000000044
2015-06-18,-0.0014005688408241048,-0.0014302605937538263,0.05938350585944313,2.9691752929721565e-05,3,0.95,0.050000000000000044
2015-06-19,0.030308784137758265,0.03030792046570689,0.0017273441027535474,8.636720513767737e-07,3,0.95,0.050000000000000044
2015-06-22,-0.01262158689014348,-0.012624720006132052,0.006266231977143766,3.133115988571883e-06,3,0.95,0.050000000000000044
2015-06-23,-0.014286040324854336,-0.014308803847061473,0.04552704441427316,2.276352220713658e-05,3,0.95,0.050000000000000044
2015-06-24,-0.009875271619530338,-0.010019360169836625,0.28817710061257595,0.00014408855030628799,3,0.7618228993874236,0.23817710061257635
2015-06-25,-0.017746519978953268,-0.017885552823938212,0.27806568996988873,0.00013903284498494438,3,0.95,0.050000000000000044
2015-06-26,-0.019466427337855557,-0.019470118830514194,0.007382985317273633,3.6914926586368163e-06,3,0.95,0.050000000000000044
2015-06-29,0.047279164188596526,0.04727109800425017,0.01613236869272211,8.066184346361056e-06,3,0.95,0.050000000000000044
2015-06-30,-0.016935890411156916,-0.016945776122369426,0.019771422425018226,9.885711212509114e-06,3,0.9499999999999997,0.050000000000000266
2015-07-01,0.00034088972527424716,0.0003299835572560106,0.021812336036473118,1.090616801823656e-05,3,0.9499999999999997,0.050000000000000266
2015-07-02,0.0060591475691892886,0.0059244509936495215,0.26939315107953354,0.00013469657553976676,3,0.7806068489204663,0.21939315107953372
2015-07-06,-0.010247112312853345,-0.010386363365908214,0.278502106109738,0.00013925105305486902,3,0.9408910449697953,0.059108955030204746
2015-07-07,-0.026151861786006696,-0.0262862563277032,0.26878908339300467,0.00013439454169650233,3,0.7903198716371996,0.20968012836280037
2015-07-08,0.01819306833017094,0.01810026644695036,0.18560376644115684,9.280188322057841e-05,3,0.95,0.050000000000000044
2015-07-09,0.004424219038647868,0.004284922213813883,0.2785936496679695,0.00013929682483398477,3,0.7714063503320301,0.2285936496679699
2015-07-10,0.02346401554960059,0.023316003242542252,0.29602461411667375,0.00014801230705833686,3,0.9325690355512957,0.06743096444870433
2015-07-13,0.013875412801374467,0.013866697319150115,0.017430964448704317,8.715482224352159e-06,3,0.95,0.050000000000000044
2015-07-14,-0.0070162738070916626,-0.007019384192065928,0.006220769948531879,3.1103849742659398e-06,3,0.95,0.050000000000000044
2015-07-15,0.003996199715368909,0.003852230274330456,0.2879388820769059,0.00014396944103845294,3,0.7620611179230937,0.23793888207690628
2015-07-16,-0.008194177984456846,-0.008303264235678412,0.2181725024431321,0.00010908625122156606,3,0.95,0.050000000000000044
2015-07-17,-0.011780804498435514,-0.011786570785094918,0.011532573318807277,5.7662866594036385e-06,3,0.95,0.050000000000000044
2015-07-20,-0.01557976242238688,-0.015732672127218798,0.3058194096638374,0.00015290970483191872,3,0.7441805903361622,0.25581940966383776
2015-07-21,0.018172128335508658,0.018015837349255756,0.3125819725058046,0.0001562909862529023,3,0.9432374371580327,0.056762562841967346
2015-07-22,-0.0158659389030385,-0.01587283064330039,0.013783480523779507,6.891740261889754e-06,3,0.9499999999999998,0.050000000000000155
2015-07-23,-0.013164718869483939,-0.013316733725389116,0.3040297118103551,0.00015201485590517756,3,0.7459702881896445,0.2540297118103555
2015-07-24,-0.025487540295243978,-0.025589555151149156,0.20402971181035548,0.00010201485590517774,3,0.95,0.050000000000000044
2015-07-27,0.02931240625901611,0.0292999582525215,0.024896012989217037,1.2448006494608518e-05,3,0.95,0.050000000000000044
2015-07-28,-0.004615975430256849,-0.004914016242761566,0.5960816250094351,0.00029804081250471755,3,0.4539183749905645,0.5460816250094356
2015-07-29,-0.023992364009193377,-0.024278252072758515,0.5717761271302773,0.00028588806356513865,3,0.95,0.050000000000000044
2015-07-30,0.020347257711598173,0.020189710672345713,0.3150940785049205,0.00015754703925246024,3,0.7349059214950789,0.26509407850492106
2015-07-31,-0.023152381609936535,-0.023259928649188997,0.2150940785049208,0.0001075470392524604,3,0.9499999999999997,0.050000000000000266
2015-08-03,0.0009743771583365936,0.00096782417644986,0.013105963773467372,6.552981886733686e-06,3,0.95,0.050000000000000044
2015-08-04,0.009587648147238727,0.009584628437821652,0.0060394188341515165,3.0197094170757584e-06,3,0.95,0.050000000000000044
2015-08-05,-0.059821532388463425,-0.05983292155851388,0.022778340100905403,1.1389170050452702e-05,3,0.9499999999999998,0.050000000000000155
2015-08-06,-0.004263383956460297,-0.00429185266986961,0.05693742681862615,2.8468713409313076e-05,3,0.95,0.050000000000000044
2015-08-07,-0.043458974178776366,-0.04349453305239225,0.0711177472317758,3.5558873615887904e-05,3,0.9499999999999998,0.050000000000000155
2015-08-10,-0.011562096351388086,-0.011579118687652741,0.03404467252931137,1.7022336264655685e-05,3,0.95,0.050000000000000044
2015-08-11,-0.0035796678599989045,-0.0035962335676650594,0.033131415332309455,1.656570766615473e-05,3,0.9500000000000001,0.04999999999999993
2015-08-12,-0.012749812864909265,-0.012757780280127409,0.015934830436288794,7.967415218144396e-06,3,0.95,0.050000000000000044
2015-08-13,-0.026515735430328813,-0.026533735598540702,0.03600033642378103,1.8000168211890516e-05,3,0.95,0.050000000000000044
2015-08-14,0.03517141631193572,0.03514989528833715,0.04304204719713439,2.1521023598567195e-05,3,0.95,0.050000000000000044
2015-08-17,-0.011655573003980835,-0.011670188148499372,0.029230289037072477,1.4615144518536239e-05,3,0.95,0.050000000000000044
2015-08-18,-0.013896758783463251,-0.013916437015576157,0.03935646422581207,1.9678232112906038e-05,3,0.9499999999999997,0.050000000000000266
2015-08-19,-0.03371019490111398,-0.03385892302845659,0.2974562546852252,0.0001487281273426126,3,0.7525437453147744,0.24745625468522559
2015-08-20,0.012049942313346041,0.01193699089189255,0.22590284290698218,0.0001129514214534911,3,0.95,0.050000000000000044
2015-08-21,-0.05434934618200484,-0.05436149506917455,0.024297774339420125,1.2148887169710062e-05,3,0.95,0.050000000000000044
2015-08-24,0.02226978235630909,0.02211986424324865,0.2998362261208847,0.00014991811306044235,3,0.7501637738791149,0.24983622612088507
2015-08-25,0.04438321662840534,0.0442832985153449,0.19983622612088509,9.991811306044255e-05,3,0.95,0.050000000000000044
2015-08-26,0.04178347527006945,0.041773026636309836,0.020897267519232265,1.0448633759616132e-05,3,0.95,0.050000000000000044
2015-08-27,0.01156615421295264,0.01155399128757839,0.02432585074850266,1.216292537425133e-05,3,0.95,0.050000000000000044
2015-08-28,-0.027146117129230766,-0.027161442624160592,0.03065098985965528,1.532549492982764e-05,3,0.9499999999999997,0.050000000000000266
2015-08-31,-0.015913956719002573,-0.01606394883537655,0.299984232747956,0.000149992116373978,3,0.7500157672520438,0.24998423274795623
2015-09-01,0.03328529572508357,0.033114484540745365,0.34162236867640466,0.00017081118433820232,3,0.9083618640715512,0.09163813592844883
2015-09-02,-0.033038541426731835,-0.03307912922150462,0.08117558954556792,4.058779477278396e-05,3,0.9499999999999997,0.050000000000000266
2015-09-03,0.007501834330908394,0.007326412581275276,0.3508434992662367,0.00017542174963311834,3,0.699156500733763,0.300843499266237
2015-09-04,0.04654751986158351,0.04639803161856004,0.2989764860469326,0.00014948824302346632,3,0.95,0.050000000000000044
2015-09-08,-0.03495398342606495,-0.03495554275155907,0.00311865098823938,1.55932549411969e-06,3,0.95,0.050000000000000044
2015-09-09,0.011804917517093253,0.011769471005114137,0.07089302395823405,3.5446511979117026e-05,3,0.95,0.050000000000000044
2015-09-10,0.006890125372226472,0.006859555342345377,0.06114005976219067,3.057002988109533e-05,3,0.95,0.050000000000000044
2015-09-11,-0.0007446453434900569,-0.0007566448701102655,0.023999053240417234,1.1999526620208617e-05,3,0.9500000000000002,0.04999999999999982
2015-09-14,0.03334198788782027,0.033318958786406075,0.0460582028283974,2.30291014141987e-05,3,0.9499999999999998,0.050000000000000155
2015-09-15,-0.006465444233719246,-0.006476039891454977,0.02119131547146197,1.0595657735730985e-05,3,0.9500000000000001,0.04999999999999993
2015-09-16,0.03172361801375718,0.03169985365954476,0.04752870842483331,2.3764354212416656e-05,3,0.9500000000000001,0.04999999999999993
2015-09-17,0.02165553241279939,0.021630195480689847,0.05067386421908471,2.5336932109542355e-05,3,0.95,0.050000000000000044
2015-09-18,-0.03630046533996155,-0.0363081983689405,0.01546605795791367,7.733028978956835e-06,3,0.95,0.050000000000000044
2015-09-21,-0.024144997910135208,-0.02415917335275987,0.02835088524931828,1.4175442624659141e-05,3,0.95,0.050000000000000044
2015-09-22,-0.015379186235986534,-0.015407699102276972,0.05702573258087551,2.8512866290437755e-05,3,0.95,0.050000000000000044
2015-09-23,-0.02504436488151196,-0.02505511686751075,0.021503971997578197,1.0751985998789098e-05,3,0.95,0.050000000000000044
2015-09-24,-0.051194371212482055,-0.05120994466565083,0.031146906337558566,1.5573453168779284e-05,3,0.95,0.050000000000000044
2015-09-25,-0.05790526260599188,-0.05792061620313458,0.030707194285397366,1.5353597142698682e-05,3,0.95,0.050000000000000044
2015-09-28,-0.018787063451013913,-0.01880740364634238,0.04068039065693224,2.034019532846612e-05,3,0.95,0.050000000000000044
2015-09-29,0.010063928190246341,0.010052767855311747,0.022320669869187793,1.1160334934593896e-05,3,0.9499999999999998,0.050000000000000155
2015-09-30,0.0090244991150265,0.009018741054667089,0.011516120718824796,5.758060359412398e-06,3,0.9499999999999997,0.050000000000000266
2015-10-01,0.029120878465665682,0.029104621383337487,0.032514164656392286,1.6257082328196144e-05,3,0.95,0.050000000000000044
2015-10-02,0.01815773209362932,0.01815170257644884,0.01205903436096073,6.029517180480365e-06,3,0.95,0.050000000000000044
2015-10-05,-0.04612589934715228,-0.046136514739329476,0.021230784354403898,1.0615392177201949e-05,3,0.95,0.050000000000000044
2015-10-06,0.011019213027850307,0.011017764566358477,0.0028969229836602883,1.4484614918301441e-06,3,0.95,0.050000000000000044
2015-10-07,-0.030797637202575508,-0.03080882141590637,0.022368426661724727,1.1184213330862365e-05,3,0.95,0.050000000000000044
2015-10-08,0.011283209237663131,0.011109276429891145,0.34786561554397377,0.0001739328077719869,3,0.7021343844560257,0.2978656155439743
2015-10-09,-0.019177631779418593,-0.019353305113083415,0.3513466673296466,0.0001756733336648233,3,0.9465189482143272,0.05348105178567275
2015-10-12,-0.03546219803080697,-0.0354710075949563,0.01761912829865897,8.809564149329485e-06,3,0.9500000000000001,0.04999999999999993
2015-10-13,0.01505757179502084,0.015053712252909832,0.007719084222013228,3.8595421110066145e-06,3,0.9500000000000001,0.04999999999999993
2015-10-14,0.054212749879556404,0.054209036821084314,0.007426116944184991,3.7130584720924954e-06,3,0.95,0.050000000000000044
2015-10-15,0.0030591330164558886,0.003050715402436338,0.01683522803910137,8.417614019550685e-06,3,0.95,0.050000000000000044
2015-10-16,0.007211237387385717,0.00702956662856223,0.3633415176469731,0.00018167075882348654,3,0.6866584823530266,0.3133415176469734
2015-10-19,-0.021461974783247025,-0.02159509811773807,0.26624666898208815,0.00013312333449104407,3,0.95,0.050000000000000044
2015-10-20,-0.008352921824222643,-0.008366265923671356,0.026688198897425852,1.3344099448712926e-05,3,0.9499999999999998,0.050000000000000155
2015-10-21,-0.014079138716055525,-0.014103861765655456,0.049446099199862675,2.4723049599931337e-05,3,0.95,0.050000000000000044
2015-10-22,0.05448801721723823,0.05446540164719868,0.045231140079093984,2.261557003954699e-05,3,0.95,0.050000000000000044
2015-10-23,0.0038097374706581306,0.0037899512014857115,0.03957253834483804,1.978626917241902e-05,3,0.95,0.050000000000000044
2015-10-26,0.019747968683901794,0.019726884775486352,0.0421678168308815,2.108390841544075e-05,3,0.9499999999999998,0.050000000000000155
2015-10-27,0.02929698567798484,0.02914060967986942,0.3127519962308434,0.00015637599811542169,3,0.7372480037691563,0.26275199623084367
2015-10-28,-0.1151630967586543,-0.11527094392215308,0.21569432699756333,0.00010784716349878166,3,0.95,0.050000000000000044
2015-10-29,0.02043396146078657,0.020276305638516713,0.3153116445397133,0.00015765582226985665,3,0.7346883554602864,0.26531164453971356
2015-10-30,0.032629056815560824,0.0323270170672498,0.6040794966220486,0.0003020397483110243,3,0.6612321479176646,0.3387678520823354
2015-11-02,0.006245636744418119,0.006101252818376951,0.28876785208233524,0.00014438392604116762,3,0.9499999999999998,0.050000000000000155
2015-11-03,-0.008793656067471343,-0.008799369638484524,0.011427142026361636,5.713571013180818e-06,3,0.95,0.050000000000000044
2015-11-04,-0.01272861421020771,-0.012760161928666358,0.06309543691729697,3.1547718458648485e-05,3,0.95,0.050000000000000044
2015-11-05,0.002830115995222894,0.0028039753167621974,0.052281356921392685,2.6140678460696343e-05,3,0.95,0.050000000000000044
2015-11-06,0.010729185300111233,0.010712447093505753,0.03347641321096123,1.6738206605480616e-05,3,0.95,0.050000000000000044
2015-11-09,0.03923031176001985,0.03920562087672846,0.04938176658279103,2.4690883291395517e-05,3,0.9499999999999998,0.050000000000000155
2015-11-10,-0.04737104247060102,-0.04754673099676279,0.3513770523235544,0.0001756885261617772,3,0.6986229476764454,0.3013770523235546
2015-11-11,-0.0524034139247595,-0.05253050750799261,0.2541871664662224,0.00012709358323311122,3,0.9499999999999998,0.050000000000000155
2015-11-12,-0.00424831108896157,-0.004259462397730296,0.022302617537451608,1.1151308768725805e-05,3,0.95,0.050000000000000044
2015-11-13,0.01657226092039313,0.016562498093856626,0.01952565307301074,9.76282653650537e-06,3,0.9499999999999998,0.050000000000000155
2015-11-16,0.007009607288095699,0.0069934431101600775,0.03232835587124411,1.6164177935622054e-05,3,0.95,0.050000000000000044
2015-11-17,0.0278361534750046,0.02780915777307356,0.05399140386208112,2.6995701931040563e-05,3,0.95,0.050000000000000044
2015-11-18,-0.01383339460593319,-0.013848256171185262,0.029723130504145157,1.4861565252072578e-05,3,0.95,0.050000000000000044
2015-11-19,-0.004415611417511494,-0.004425736011007723,0.02024918699245809,1.0124593496229045e-05,3,0.95,0.050000000000000044
2015-11-20,0.03602409350325142,0.03602070364434582,0.0067797178111925205,3.38985890559626e-06,3,0.95,0.050000000000000044
2015-11-23,0.016112124840781956,0.016093203093817985,0.03784349392794262,1.892174696397131e-05,3,0.95,0.050000000000000044
2015-11-24,-0.0014370075776507611,-0.0014522953212195737,0.030575487137624924,1.5287743568812464e-05,3,0.95,0.050000000000000044
2015-11-25,0.002258495876603992,0.002102456659193979,0.31207843482002623,0.00015603921741001313,3,0.7379215651799735,0.26207843482002646
2015-11-27,-0.023604179816822085,-0.02372786568751801,0.24737174139184664,0.00012368587069592333,3,0.95,0.050000000000000044
2015-11-30,0.018705567102756906,0.01855537266525165,0.300388875010517,0.00015019443750525848,3,0.7496111249894827,0.2503888750105173
2015-12-01,-0.011746315113989502,-0.011901482292971553,0.3103343579641031,0.00015516717898205154,3,0.9400545170464139,0.05994548295358615
2015-12-02,-0.029479465180324866,-0.02949993330344464,0.04093624623954761,2.0468123119773807e-05,3,0.9500000000000001,0.04999999999999993
2015-12-03,0.02288296287280913,0.022751866202739376,0.2621933401395075,0.00013109667006975376,3,0.787806659860492,0.21219334013950797
2015-12-04,-0.053987900879148426,-0.054077244915429375,0.1786880725618995,8.934403628094975e-05,3,0.9499999999999998,0.050000000000000155
2015-12-07,0.022166498253622345,0.022152607368011785,0.02778177122111722,1.389088561055861e-05,3,0.9499999999999998,0.050000000000000155
2015-12-08,-0.04900469901200268,-0.04903215376494281,0.05490950588026158,2.745475294013079e-05,3,0.9500000000000002,0.04999999999999982
2015-12-09,0.0435142211090531,0.04349182125831442,0.04479970147736104,2.239985073868052e-05,3,0.95,0.050000000000000044
2015-12-10,-0.03041430692178275,-0.030549498250431822,0.2703826572981463,0.00013519132864907315,3,0.7796173427018532,0.22038265729814677
2015-12-11,-0.006647789587599404,-0.006796164973279101,0.29675077135939276,0.0001483753856796964,3,0.9236318859387536,0.07636811406124644
2015-12-14,0.024822180238526025,0.024800422614563708,0.043515247924636125,2.1757623962318064e-05,3,0.95,0.050000000000000044
2015-12-15,0.03662132664665339,0.036617179312028625,0.00829466924953981,4.147334624769905e-06,3,0.95,0.050000000000000044
2015-12-16,-0.02110471886499097,-0.0211156918939993,0.02194605801665961,1.0973029008329804e-05,3,0.95,0.050000000000000044
2015-12-17,-0.009651742196281711,-0.009800385123854779,0.29728585514613703,0.00014864292757306853,3,0.7527141448538628,0.2472858551461372
2015-12-18,-0.010436947350442698,-0.010587181607464895,0.3004685140443972,0.0001502342570221986,3,0.9468173411017398,0.05318265889826024
2015-12-21,-0.007955638850469007,-0.007970196405569101,0.02911511020018895,1.4557555100094474e-05,3,0.95,0.050000000000000044
2015-12-22,0.055373945522039954,0.055236963021409395,0.27396500126111417,0.0001369825006305571,3,0.7760349987388857,0.2239650012611143
2015-12-23,-0.016700890843496144,-0.01683823409530895,0.27468650362561225,0.00013734325181280612,3,0.9492784976355019,0.05072150236449813
2015-12-24,0.023213353861875313,0.023072969197182287,0.28076932938605337,0.00014038466469302668,3,0.7699521729784444,0.23004782702155557
2015-12-28,0.024333401687500276,0.0241937826400107,0.2792380949791523,0.00013961904748957616,3,0.95,0.050000000000000044
2015-12-29,-0.008373188110385784,-0.008512235693777015,0.27809516678246343,0.00013904758339123172,3,0.7719048332175364,0.22809516678246355
2015-12-30,-0.01250195218326405,-0.01261202809460096,0.22015182267381841,0.00011007591133690921,3,0.95,0.050000000000000044
2015-12-31,-0.012847453258820732,-0.01299273457861206,0.290562639582656,0.000145281319791328,3,0.7594373604173438,0.24056263958265622
2016-01-04,-0.015367562937897136,-0.015531721743828147,0.32831761186201996,0.00016415880593101,3,0.9122450277206359,0.08775497227936413
2016-01-05,-0.006401717272678877,-0.006439143161657587,0.07485177795741946,3.742588897870973e-05,3,0.9499999999999998,0.050000000000000155
2016-01-06,-0.04293181510713113,-0.04294218776854561,0.020745322828955026,1.0372661414477514e-05,3,0.95,0.050000000000000044
2016-01-07,-0.024797542210595363,-0.02480434419424246,0.013603967294199493,6.8019836470997465e-06,3,0.95,0.050000000000000044
2016-01-08,-0.027362910472697025,-0.02739297732037095,0.060133695347850846,3.0066847673925424e-05,3,0.95,0.050000000000000044
2016-01-11,-9.624591443078197e-05,-0.00011046491989643755,0.028438010931311153,1.4219005465655576e-05,3,0.9500000000000002,0.04999999999999982
2016-01-12,-0.049391786055474236,-0.04957770174704755,0.3718313831466256,0.00018591569157331282,3,0.6781686168533739,0.32183138314662607
2016-01-13,0.04564168535012058,0.045504998274728835,0.27337415078348615,0.0001366870753917431,3,0.9499999999999998,0.050000000000000155
2016-01-14,-0.1797434657537719,-0.17978483121561586,0.08273092368795604,4.136546184397802e-05,3,0.95,0.050000000000000044
2016-01-15,-0.006245525691376801,-0.006438808152553226,0.38656492235285,0.000193282461176425,3,0.6634350776471497,0.3365649223528503
2016-01-19,0.015224752628028741,0.015064316939057212,0.3208713779430583,0.00016043568897152917,3,0.95,0.050000000000000044
2016-01-20,-0.02857065738752232,-0.028748904393120413,0.3564940111961862,0.0001782470055980931,3,0.6935059888038135,0.30649401119618647
2016-01-21,0.02377348929192164,0.02362540088421837,0.2961768154065423,0.00014808840770327115,3,0.9500000000000002,0.04999999999999982
2016-01-22,-0.02082362261310839,-0.020866709680208068,0.08617413419935732,4.308706709967866e-05,3,0.95,0.050000000000000044
2016-01-25,0.012900404408526262,0.012883862452566596,0.03308391191933152,1.654195595966576e-05,3,0.9499999999999998,0.050000000000000155
2016-01-26,-0.02554034954252225,-0.025720144283157883,0.35958948127126533,0.00017979474063563268,3,0.6904105187287345,0.3095894812712655
2016-01-27,-0.01844102592040822,-0.01862257443645597,0.36309703209549643,0.00018154851604774823,3,0.9464924491757688,0.0535075508242312
2016-01-28,0.02728594184526615,0.027253184817755967,0.0655140550203645,3.2757027510182254e-05,3,0.9499999999999998,0.050000000000000155
2016-01-29,0.006182161498931545,0.0059973427275105875,0.3696375428419137,0.00018481877142095685,3,0.6803624571580862,0.3196375428419138
2016-02-01,-0.045450542288974084,-0.04563224878049625,0.3634129830443294,0.0001817064915221647,3,0.95,0.050000000000000044
2016-02-02,-0.006945960479133711,-0.006968419474561099,0.04491799085477549,2.2458995427387745e-05,3,0.95,0.050000000000000044
2016-02-03,0.007205401003289497,0.007029556489110998,0.35168902835699783,0.0001758445141784989,3,0.698310971643002,0.30168902835699796
2016-02-04,-0.055343619359812996,-0.05549776713336668,0.3082955471073742,0.0001541477735536871,3,0.95,0.050000000000000044
2016-02-05,-0.07211693797913701,-0.07214005432432785,0.04623269038166661,2.3116345190833305e-05,3,0.9500000000000001,0.04999999999999993
2016-02-08,0.01329363505074141,0.013271264856108437,0.044740389265945035,2.2370194632972517e-05,3,0.9499999999999998,0.050000000000000155
2016-02-09,0.0011903748038910086,0.0011840754687837164,0.012598670214584273,6.299335107292137e-06,3,0.9499999999999997,0.050000000000000266
2016-02-10,0.010128121351250052,0.009943514302161775,0.36921409817655365,0.00018460704908827684,3,0.6807859018234463,0.31921409817655366
2016-02-11,0.014498979302200999,0.014362685963132702,0.27258667813659365,0.00013629333906829683,3,0.95,0.050000000000000044
2016-02-12,0.020768886561337924,0.020577837253058794,0.3820986165582622,0.0001910493082791311,3,0.6679013834417376,0.33209861655826245
2016-02-16,0.05254955397603085,0.052362272643054944,0.3745626659518136,0.0001872813329759068,3,0.95,0.050000000000000044
2016-02-17,-0.005062811745487266,-0.0052456438427630194,0.3656641945515075,0.00018283209727575376,3,0.6843358054484924,0.3156641945515076
2016-02-18,0.034440393509387754,0.03426065019845587,0.3594866218637657,0.00017974331093188284,3,0.95,0.050000000000000044
2016-02-19,0.02906994768651735,0.029040540904681052,0.058813563672592994,2.94067818362965e-05,3,0.95,0.050000000000000044
2016-02-22,-0.020503978077899363,-0.020505630482210553,0.003304808622378752,1.6524043111893762e-06,3,0.95,0.050000000000000044
2016-02-23,0.03675544957912706,0.036738354823088196,0.0341895120777268,1.70947560388634e-05,3,0.95,0.050000000000000044
2016-02-24,0.016847544363086057,0.016841372150688493,0.012344424795128095,6.172212397564048e-06,3,0.95,0.050000000000000044
2016-02-25,-0.007290853237710218,-0.007451874789722898,0.32204310402536,0.00016102155201268002,3,0.72795689597464,0.27204310402536
2016-02-26,0.016798620100207308,0.016687598548194627,0.22204310402535998,0.00011102155201268,3,0.9499999999999998,0.050000000000000155
2016-02-29,0.016521442842373817,0.01636583248784342,0.3112207090608002,0.00015561035453040008,3,0.7387792909391998,0.2612207090608002
2016-03-01,0.012435965754111222,0.01227562580183328,0.32067990455588236,0.0001603399522779412,3,0.9405408045049177,0.05945919549508227
2016-03-02,-0.006682251208726239,-0.006833402692684376,0.3023029679162737,0.00015115148395813686,3,0.7571562275788085,0.24284377242119148
2016-03-03,-0.005145315083884346,-0.005299106899468077,0.307583631167463,0.0001537918155837315,3,0.9352601412537284,0.06473985874627164
2016-03-04,0.0054980103658851765,0.00533931295842255,0.3173948149252519,0.00015869740746262597,3,0.7473450438210197,0.25265495617898026
2016-03-07,-0.004990204948471041,-0.005156825855847094,0.33324181475210535,0.00016662090737605269,3,0.9194131414268749,0.08058685857312509
2016-03-08,-0.009786896165551735,-0.010009518223728725,0.4452441163539803,0.00022262205817699017,3,0.6353427422191447,0.36465725778085534
2016-03-09,-0.006785415100847824,-0.006995695665344484,0.42056112899331877,0.00021028056449665938,3,0.9440961287875365,0.05590387121246354
2016-03-10,-0.0001331008693441482,-0.00046478553764356915,0.6633693365988419,0.00033168466829942096,3,0.39253453461362153,0.6074654653863785
2016-03-11,0.010309112003322948,0.009836618859893035,0.9449862868598253,0.0004724931434299127,3,0.6624791785265527,0.3375208214734473
2016-03-14,-0.013182732553631126,-0.013553475810686654,0.7414865141110568,0.00037074325705552843,3,0.5960343073623902,0.40396569263760984
2016-03-15,0.03879252098947179,0.0386114769533553,0.36208807223297945,0.00018104403611648973,3,0.95,0.050000000000000044
2016-03-16,0.027765576389282218,0.027711353782944276,0.1084452126758833,5.422260633794166e-05,3,0.9415547873241166,0.05844521267588343
2016-03-17,0.008702451169254416,0.008522198604519412,0.360505129470008,0.000180252564735004,3,0.6979400832058753,0.3020599167941247
2016-03-18,0.002496138925822167,0.0023701089674251045,0.25205991679412476,0.0001260299583970624,3,0.95,0.050000000000000044
2016-03-21,0.0047657491748017144,0.0045800472752228665,0.37140379915769606,0.00018570189957884802,3,0.6785962008423039,0.3214037991576961
2016-03-22,-0.06538415713303049,-0.06556762385816337,0.3669334502657589,0.00018346672513287946,3,0.95,0.050000000000000044
2016-03-23,-0.002901728374884536,-0.0030862231253861935,0.3689895010033151,0.00018449475050165756,3,0.6810104989966848,0.31898950100331525
2016-03-24,0.006416051436426684,0.006089127554901465,0.6538477630504381,0.00032692388152521905,3,0.665141737952877,0.334858262047123
2016-03-28,0.038243843053631446,0.03800133306572685,0.4850199758091935,0.00024250998790459674,3,0.8498382862379295,0.15016171376207055
2016-03-29,-0.0058082902306482945,-0.005989766224779789,0.3629519882629891,0.00018147599413149455,3,0.7872097254990814,0.21279027450091859
2016-03-30,-0.010825804044257072,-0.01105886377463325,0.4661194607523568,0.00023305973037617838,3,0.7466708137485616,0.2533291862514384
2016-03-31,0.01594549132475475,0.015747277228706134,0.3964281920972339,0.00019821409604861695,3,0.8569009941542043,0.1430990058457957
2016-04-01,-0.05625001520877035,-0.056296564711693246,0.0930990058457957,4.654950292289785e-05,3,0.95,0.050000000000000044
2016-04-04,0.0034388538755047255,0.003411561372144434,0.054585006720582974,2.7292503360291486e-05,3,0.95,0.050000000000000044
2016-04-05,0.006587681520826068,0.0064220296086655426,0.3313038243210507,0.00016565191216052537,3,0.7186961756789492,0.28130382432105083
2016-04-06,0.010552862324070263,0.010390927272921464,0.32387010229759894,0.00016193505114879948,3,0.95,0.050000000000000044
2016-04-07,0.0014998342054214483,0.001345997115373966,0.3076741800949645,0.00015383709004748226,3,0.7423258199050353,0.2576741800949647
2016-04-08,0.03721932218446451,0.03709625135152029,0.246141665888443,0.0001230708329442215,3,0.95,0.050000000000000044
2016-04-11,0.00308690014319393,0.0030483972619761803,0.07700576243549889,3.8502881217749445e-05,3,0.95,0.050000000000000044
2016-04-12,-0.0057149151657266434,-0.0057593583665822064,0.08888640171112627,4.444320085556314e-05,3,0.9500000000000002,0.04999999999999982
2016-04-13,-0.00043725763566525126,-0.0004598074855013927,0.04509969967228278,2.254984983614139e-05,3,0.95,0.050000000000000044
2016-04-14,0.003253862890603588,0.0032437156958919017,0.020294389423372194,1.0147194711686097e-05,3,0.95,0.050000000000000044
2016-04-15,0.0070962020406334265,0.0070742138004239044,0.043976480419043396,2.1988240209521697e-05,3,0.9500000000000001,0.04999999999999993
2016-04-18,0.015945086497805728,0.015612739511536593,0.6646939725382689,0.00033234698626913447,3,0.3853060274617309,0.6146939725382691
2016-04-19,-0.028567751747443082,-0.028850098733712217,0.564693972538269,0.0002823469862691345,3,0.95,0.050000000000000044
2016-04-20,0.0011532005045832264,0.0009830784749146507,0.3402440593371516,0.00017012202966857582,3,0.7097559406628482,0.2902440593371518
2016-04-21,-0.017446135498764642,-0.01757706268455529,0.26185437158129493,0.00013092718579064746,3,0.95,0.050000000000000044
2016-04-22,-0.0078480902140686,-0.00803550746654253,0.3748345049478597,0.00018741725247392986,3,0.6751654950521401,0.3248345049478599
2016-04-25,-0.009271280257081963,-0.009453948270233947,0.36533602630396533,0.00018266801315198268,3,0.95,0.050000000000000044
2016-04-26,0.01211834809933766,0.012081383196485936,0.07392980570344737,3.696490285172369e-05,3,0.9499999999999998,0.050000000000000155
2016-04-27,0.001962651694827339,0.0019472039301654605,0.030895529323757054,1.5447764661878527e-05,3,0.9500000000000002,0.04999999999999982
2016-04-28,-0.0173632287170081,-0.017397053259731905,0.06764908544761161,3.3824542723805804e-05,3,0.95,0.050000000000000044
2016-04-29,0.026060548455807415,0.026049265356214154,0.022566199186520086,1.1283099593260043e-05,3,0.95,0.050000000000000044
2016-05-02,-0.019253283729450742,-0.019277003437909578,0.047439416917672506,2.3719708458836255e-05,3,0.95,0.050000000000000044
2016-05-03,-0.011440444462482675,-0.011462634129147059,0.044379333328768866,2.2189666664384433e-05,3,0.9500000000000001,0.04999999999999993
2016-05-04,0.029438883830197007,0.02940505219098367,0.06766327842666997,3.383163921333499e-05,3,0.95,0.050000000000000044
2016-05-05,-0.004596319360312177,-0.004608555548259731,0.02447237589510831,1.2236187947554156e-05,3,0.9500000000000002,0.04999999999999982
2016-05-06,-0.0482410086950503,-0.04841321183985783,0.34440628961505637,0.0001722031448075282,3,0.7055937103849432,0.29440628961505677
2016-05-09,0.06135268292920756,0.06123047978440003,0.24440628961505675,0.0001222031448075284,3,0.95,0.050000000000000044
2016-05-10,0.009338533454602508,0.009181706467845397,0.31365397351422086,0.00015682698675711042,3,0.7363460264857788,0.26365397351422115
2016-05-11,-0.02485439425522134,-0.02496209709373848,0.21540567703428698,0.00010770283851714349,3,0.9499999999999997,0.050000000000000266
2016-05-12,0.012379945370474583,0.012363942420000495,0.03200590094817474,1.600295047408737e-05,3,0.95,0.050000000000000044
2016-05-13,0.018183618639652146,0.0181768082800428,0.013620719218691402,6.810359609345701e-06,3,0.95,0.050000000000000044
2016-05-16,0.012487126406380824,0.012467838435042733,0.03857594267618103,1.9287971338090514e-05,3,0.9499999999999997,0.050000000000000266
2016-05-17,-0.07694874991471733,-0.0769634241561697,0.029348482904755113,1.4674241452377557e-05,3,0.95,0.050000000000000044
2016-05-18,0.008402262591003599,0.0082304789872885,0.3435672074301972,0.0001717836037150986,3,0.7064327925698025,0.2935672074301975
2016-05-19,0.004699687616375121,0.004531206327823238,0.3369625771037666,0.0001684812885518833,3,0.9499999999999998,0.050000000000000155
2016-05-20,-0.011272487312491399,-0.011286278185024095,0.02758174506539446,1.379087253269723e-05,3,0.95,0.050000000000000044
2016-05-23,-0.07567703563255565,-0.07570694240015097,0.059813535190644085,2.9906767595322043e-05,3,0.95,0.050000000000000044
2016-05-24,0.030399460541941134,0.03038314059115675,0.03263990156876462,1.631995078438231e-05,3,0.95,0.050000000000000044
2016-05-25,0.002600110903023933,0.0025681990972369366,0.06382361157399258,3.191180578699629e-05,3,0.9500000000000001,0.04999999999999993
2016-05-26,-0.044808450659619144,-0.04481666985397856,0.016438388718825858,8.21919435941293e-06,3,0.95,0.050000000000000044
2016-05-27,0.0092536175376385,0.00923170014726255,0.043834780751899116,2.1917390375949557e-05,3,0.9500000000000001,0.04999999999999993
2016-05-31,0.004265841197183885,0.00424646276960997,0.03875685514783073,1.9378427573915364e-05,3,0.95,0.050000000000000044
2016-06-01,0.008549431961885281,0.00853198013478732,0.03490365419592356,1.745182709796178e-05,3,0.9500000000000001,0.04999999999999993
2016-06-02,0.11117958201508397,0.11115986052673367,0.03944297670059621,1.9721488350298107e-05,3,0.9499999999999997,0.050000000000000266
2016-06-03,-0.0015798603622722259,-0.001588897516880528,0.018074309216604356,9.037154608302177e-06,3,0.9499999999999997,0.050000000000000266
2016-06-06,-0.01979935357773054,-0.01980880341648334,0.018899677505603618,9.449838752801809e-06,3,0.95,0.050000000000000044
2016-06-07,0.054038212194858964,0.0540360163983106,0.0043915930967357575,2.1957965483678787e-06,3,0.9500000000000001,0.04999999999999993
2016-06-08,0.02331411984773264,0.023288441494641696,0.051356706181883705,2.5678353090941854e-05,3,0.9499999999999997,0.050000000000000266
2016-06-09,-0.029399550873582415,-0.029418444167054112,0.03778658694339476,1.8893293471697383e-05,3,0.9500000000000001,0.04999999999999993
2016-06-10,-0.008980024729667706,-0.00900740633815318,0.05476321697094794,2.738160848547397e-05,3,0.9499999999999997,0.050000000000000266
2016-06-13,-0.017781305587256758,-0.01780818974951455,0.05376832451558511,2.6884162257792555e-05,3,0.95,0.050000000000000044
2016-06-14,0.04135357646281326,0.041330694555915024,0.04576381379648253,2.2881906898241268e-05,3,0.95,0.050000000000000044
2016-06-15,-0.038699649647474826,-0.038712324309997076,0.025349325044503435,1.2674662522251718e-05,3,0.95,0.050000000000000044
2016-06-16,-0.003261196452499909,-0.0033003137107091396,0.07823451641846046,3.9117258209230234e-05,3,0.95,0.050000000000000044
2016-06-17,0.007267760776804128,0.007257296931194957,0.02092769121834187,1.0463845609170935e-05,3,0.95,0.050000000000000044
2016-06-20,-0.028466807710677743,-0.028479330372994507,0.025045324633527544,1.2522662316763772e-05,3,0.9499999999999998,0.050000000000000155
2016-06-21,0.023796567101137006,0.023791138855946848,0.010856490380318162,5.428245190159081e-06,3,0.95,0.050000000000000044
2016-06-22,-0.003449091274524132,-0.003598234896999704,0.2982872449511435,0.00014914362247557176,3,0.751712755048856,0.24828724495114396
2016-06-23,0.02124204870058457,0.0210846202119246,0.31485697731993556,0.00015742848865996778,3,0.9334302676312078,0.06656973236879216
2016-06-24,-0.015696655595310097,-0.01584830317764052,0.3032951646608511,0.00015164758233042556,3,0.7632745677079406,0.23672543229205945
2016-06-27,-0.010390221380788343,-0.010494609552631356,0.20877634368602552,0.00010438817184301276,3,0.95,0.050000000000000044
2016-06-28,0.03425566262616199,0.03424575694585949,0.019811360605001216,9.905680302500608e-06,3,0.95,0.050000000000000044
2016-06-29,0.007159853061745691,0.0069990519812552126,0.3216021609809567,0.00016080108049047834,3,0.7283978390190429,0.27160216098095713
2016-06-30,0.07805758726698121,0.07789678618649074,0.3216021609809567,0.00016080108049047834,3,0.95,0.050000000000000044
2016-07-01,0.021728640706976977,0.021720465354128762,0.016350705696428047,8.175352848214025e-06,3,0.95,0.050000000000000044
2016-07-05,0.03342454000265884,0.03340750810719484,0.03406379092800299,1.7031895464001496e-05,3,0.95,0.050000000000000044
2016-07-06,-0.03859324856418706,-0.03860571587753823,0.024934626702329155,1.2467313351164578e-05,3,0.9499999999999998,0.050000000000000155
2016-07-07,0.05558984738318422,0.05558405806740732,0.011578631553794128,5.789315776897064e-06,3,0.95,0.050000000000000044
2016-07-08,0.017241751854015674,0.01722778548342513,0.027932741181088627,1.3966370590544314e-05,3,0.95,0.050000000000000044
2016-07-11,-0.047114108748679995,-0.04712526606579795,0.022314634235904462,1.1157317117952232e-05,3,0.95,0.050000000000000044
2016-07-12,0.05745814488666395,0.057441601280978465,0.03308721137097559,1.6543605685487795e-05,3,0.95,0.050000000000000044
2016-07-13,0.014413846576501915,0.014384508106082784,0.05867694083826275,2.9338470419131376e-05,3,0.9500000000000002,0.04999999999999982
2016-07-14,-0.00707369739666251,-0.007078072226977486,0.008749660629951972,4.374830314975986e-06,3,0.9499999999999998,0.050000000000000155
2016-07-15,0.014741522412049669,0.014720231358457365,0.04258210718460653,2.1291053592303267e-05,3,0.95,0.050000000000000044
2016-07-18,-0.016248173419950187,-0.0162580382447176,0.019729649534826588,9.864824767413293e-06,3,0.9500000000000002,0.04999999999999982
2016-07-19,-0.08147670753571853,-0.08148240447682364,0.01139388221020926,5.6969411051046306e-06,3,0.9500000000000001,0.04999999999999993
2016-07-20,0.04915462084735536,0.04913638683043821,0.03646803383430802,1.8234016917154013e-05,3,0.95,0.050000000000000044
2016-07-21,-0.006250326968222108,-0.0064092599885212966,0.31786604059837753,0.00015893302029918878,3,0.7321339594016221,0.26786604059837793
2016-07-22,-0.03854517086352918,-0.03866045848778636,0.23057524851435174,0.00011528762425717587,3,0.95,0.050000000000000044
2016-07-25,0.032682949595360576,0.032523773386981585,0.3183524167579769,0.00015917620837898843,3,0.7316475832420226,0.2683524167579774
2016-07-26,0.056973583823760054,0.056812801119853824,0.321565407812463,0.0001607827039062315,3,0.9467870089455139,0.05321299105448607
2016-07-27,0.013731791844101116,0.013576680405485906,0.3102228772304193,0.00015511143861520965,3,0.7429901138240662,0.2570098861759338
2016-07-28,0.03907526420654233,0.03892062796091237,0.30927249125992495,0.00015463624562996248,3,0.9477373949160084,0.05226260508399161
2016-07-29,0.018926300122810345,0.018780498321572598,0.2916036024754979,0.00014580180123774895,3,0.7606590026084934,0.2393409973915066
2016-08-01,0.005588364077121628,0.005443362461839436,0.29000323056438415,0.00014500161528219207,3,0.9493377668271221,0.05066223317287788
2016-08-02,0.0027275971189203024,0.0025906837229336286,0.27382679197334775,0.00013691339598667388,3,0.7768354411995299,0.22316455880047015
2016-08-03,0.008250483738602422,0.008154846308932432,0.19127485933997831,9.563742966998916e-05,3,0.9499999999999998,0.050000000000000155
2016-08-04,-0.01663865923960921,-0.016784255852615514,0.29119322601260605,0.00014559661300630303,3,0.7588067739873936,0.2411932260126064
2016-08-05,0.012452985489557498,0.012310620855999514,0.28472926711596835,0.00014236463355798417,3,0.95,0.050000000000000044
2016-08-08,0.01149769021916749,0.011363271958283386,0.26883652176820716,0.00013441826088410357,3,0.7811634782317924,0.21883652176820756
2016-08-09,-0.010874395600228482,-0.011008874450163542,0.26895769987012075,0.00013447884993506037,3,0.9498788218980865,0.05012117810191352
2016-08-10,-0.0001097007153777552,-0.0002550719895643832,0.290742548373256,0.000145371274186628,3,0.7593786297286571,0.2406213702713429
2016-08-11,-0.012858342450503922,-0.012979083288693573,0.2414816763793004,0.0001207408381896502,3,0.95,0.050000000000000044
2016-08-12,-0.007615808554030835,-0.007629820056881117,0.02802300570056282,1.401150285028141e-05,3,0.95,0.050000000000000044
2016-08-15,-0.013433303932675163,-0.013435881346379384,0.005154827408439255,2.577413704219628e-06,3,0.95,0.050000000000000044
2016-08-16,-0.027133999346231775,-0.027146783458955697,0.025568225447843262,1.2784112723921631e-05,3,0.95,0.050000000000000044
2016-08-17,0.003436879153892179,0.0032727663542776054,0.3282255992291471,0.00016411279961457356,3,0.7217744007708525,0.27822559922914747
2016-08-18,-0.023046665434940133,-0.02323988644681745,0.3864420237546276,0.00019322101187731381,3,0.8917835754745196,0.10821642452548041
2016-08-19,-0.02266561833790777,-0.022858839349785085,0.38644202375462766,0.00019322101187731384,3,0.7217744007708525,0.27822559922914747
2016-08-22,-0.01457757696618501,-0.014763238644064286,0.37132335575854936,0.00018566167787927468,3,0.9069022434705977,0.09309775652940233
2016-08-23,-0.0597851320639071,-0.05982044884267555,0.07063355753690159,3.5316778768450794e-05,3,0.9500000000000002,0.04999999999999982
2016-08-24,0.019685268604236035,0.019504678527983665,0.36118015250474006,0.00018059007625237004,3,0.6888198474952594,0.3111801525047406
2016-08-25,0.020044308059418037,0.019865878238550953,0.35685964173416385,0.00017842982086708193,3,0.95,0.050000000000000044
2016-08-26,0.015049741237297923,0.015043468902296533,0.012544670002778813,6.272335001389407e-06,3,0.95,0.050000000000000044
2016-08-29,-0.029430007790911806,-0.02944181932486953,0.023623067915452045,1.1811533957726022e-05,3,0.95,0.050000000000000044
2016-08-30,-0.0058972060399194925,-0.005907834903372735,0.021257726906485197,1.0628863453242598e-05,3,0.95,0.050000000000000044
2016-08-31,0.00522033463556352,0.005208168290658977,0.02433268980908626,1.2166344904543131e-05,3,0.95,0.050000000000000044
2016-09-01,0.03867771801925822,0.03867561934125154,0.004197356013355413,2.098678006677707e-06,3,0.95,0.050000000000000044
2016-09-02,0.058785441561234705,0.058771372502392547,0.02813811768432306,1.4069058842161531e-05,3,0.95,0.050000000000000044
2016-09-06,0.0020416718483555535,0.002036875802647803,0.009592091415500714,4.796045707750357e-06,3,0.9499999999999998,0.050000000000000155
2016-09-07,0.006805462090081749,0.00679264608595565,0.025632008252198635,1.2816004126099318e-05,3,0.95,0.050000000000000044
2016-09-08,-0.07863091700340336,-0.07864955057720956,0.03726714761239175,1.8633573806195876e-05,3,0.95,0.050000000000000044
2016-09-09,-0.003846313008392512,-0.0038542662664248235,0.01590651606462329,7.953258032311645e-06,3,0.95,0.050000000000000044
2016-09-12,-0.06114780736689987,-0.06115605845574996,0.01650217770017065,8.251088850085326e-06,3,0.95,0.050000000000000044
2016-09-13,0.0009405291401731662,0.0009318246963180778,0.017408887710176957,8.704443855088478e-06,3,0.9500000000000001,0.04999999999999993
2016-09-14,0.014112146889287818,0.014097925866336587,0.02844204590246141,1.4221022951230705e-05,3,0.9499999999999998,0.050000000000000155
2016-09-15,-0.022419537374511796,-0.02242183592218627,0.0045970953489472555,2.298547674473628e-06,3,0.95,0.050000000000000044
2016-09-16,-2.1663668385948475e-05,-3.0565369058581496e-05,0.017803401345266034,8.901700672633017e-06,3,0.95,0.050000000000000044
2016-09-19,0.0067064271422935355,0.006684077789941972,0.04469870470312609,2.2349352351563046e-05,3,0.95,0.050000000000000044
2016-09-20,0.04174125123083916,0.04172876139995496,0.02497966176839289,1.2489830884196446e-05,3,0.9499999999999997,0.050000000000000266
2016-09-21,-0.028910395519456473,-0.028922268684841285,0.02374633076962246,1.187316538481123e-05,3,0.9499999999999998,0.050000000000000155
2016-09-22,-0.014789440100332129,-0.014960700459388057,0.3425207181118571,0.00017126035905592855,3,0.7074792818881425,0.29252071811185754
2016-09-23,-0.015000158198089423,-0.015316723585726671,0.6331307752744981,0.00031656538763724906,3,0.6593899428373589,0.34061005716264114
2016-09-26,0.004863936388878509,0.004718631360297189,0.2906100571626411,0.00014530502858132056,3,0.95,0.050000000000000044
2016-09-27,0.017239346489708245,0.017054310767650033,0.3700714441164242,0.00018503572205821208,3,0.6799285558835754,0.32007144411642463
2016-09-28,-0.016588238475938304,-0.016731386510565372,0.2862960692541325,0.00014314803462706625,3,0.95,0.050000000000000044
2016-09-29,0.011262048423280099,0.01107439582377474,0.3753051990107168,0.0001876525995053584,3,0.6746948009892827,0.3253051990107173
2016-09-30,0.004582693720425536,0.00427870163422427,0.6079841724025328,0.0003039920862012664,3,0.717321026608184,0.282678973391816
2016-10-03,0.0007952149567575888,0.0005791732123288095,0.43208348885755854,0.00021604174442877927,3,0.8505954845342568,0.14940451546574318
2016-10-04,-0.017331404581480622,-0.0174204465652675,0.17808396757375047,8.904198378687524e-05,3,0.95,0.050000000000000044
2016-10-05,0.014222414379073773,0.014058459589891662,0.3279095783642227,0.00016395478918211135,3,0.7220904216357766,0.27790957836422336
2016-10-06,0.021645134999991864,0.021526820067902665,0.23662986417839474,0.00011831493208919738,3,0.95,0.050000000000000044
2016-10-07,0.02836005107495621,0.028353888821441492,0.012324507029430998,6.162253514715499e-06,3,0.9499999999999998,0.050000000000000155
2016-10-10,-0.007069579278614204,-0.007123015292941839,0.10687202865527007,5.3436014327635034e-05,3,0.9431279713447294,0.056872028655270634
2016-10-11,0.003461438986519372,0.0034492173558538087,0.024443261331127064,1.2221630665563532e-05,3,0.9500000000000001,0.04999999999999993
2016-10-12,0.017154013214696846,0.017129193049211084,0.04964033097152304,2.482016548576152e-05,3,0.9500000000000002,0.04999999999999982
2016-10-13,-0.011926645475775906,-0.011948644105858084,0.04399726016435479,2.1998630082177397e-05,3,0.95,0.050000000000000044
2016-10-14,0.0023379721487905357,0.002182078628922351,0.3117870397363696,0.00015589351986818482,3,0.7382129602636299,0.2617870397363701
2016-10-17,0.04486934267747263,0.04470782902616313,0.3230273026189959,0.00016151365130949796,3,0.9387597371173736,0.061240262882626406
2016-10-18,0.04517992952489809,0.04515313322527196,0.053592599252270445,2.6796299626135222e-05,3,0.95,0.050000000000000044
2016-10-19,0.011032965150990448,0.010998535724995252,0.06885885199039321,3.442942599519661e-05,3,0.95,0.050000000000000044
2016-10-20,0.01629939636822692,0.01627718928752443,0.044414161404977004,2.22070807024885e-05,3,0.95,0.050000000000000044
2016-10-21,0.0076545024716740484,0.007596212206030319,0.11658053128745888,5.829026564372944e-05,3,0.9334194687125404,0.06658053128745955
2016-10-24,-0.004622519205079835,-0.004783220370162878,0.3214023301660861,0.00016070116508304307,3,0.7451782011213727,0.2548217988786273
2016-10-25,-0.016587575204030397,-0.016689986103469712,0.20482179887862736,0.00010241089943931368,3,0.95,0.050000000000000044
2016-10-26,-0.029892948684107048,-0.03005475218483718,0.32360700146026367,0.00016180350073013183,3,0.7263929985397355,0.2736070014602645
2016-10-27,0.008509137210980507,0.00833453377046479,0.3492068810314324,0.0001746034405157162,3,0.9244001204288312,0.07559987957116876
2016-10-28,0.012198658172747777,0.012069865098695669,0.2575861481042156,0.0001287930740521078,3,0.8180137314669523,0.18198626853304767
2016-10-31,-0.0168787992913782,-0.016950915883345172,0.1442331839339418,7.21165919669709e-05,3,0.9499999999999998,0.050000000000000155
2016-11-01,-0.06873808433460235,-0.06874013134417598,0.004094019147252936,2.047009573626468e-06,3,0.95,0.050000000000000044
2016-11-02,-0.05731218159501077,-0.057328573529566246,0.03278386911096279,1.6391934555481396e-05,3,0.95,0.050000000000000044
2016-11-03,0.06690891460218776,0.06688361039726994,0.05060840983564338,2.530420491782169e-05,3,0.95,0.050000000000000044
2016-11-04,-0.024119775141078856,-0.024131030067313094,0.022509852468476282,1.1254926234238141e-05,3,0.95,0.050000000000000044
2016-11-07,-0.01358551226040168,-0.013613266291658429,0.055508062513498824,2.7754031256749412e-05,3,0.95,0.050000000000000044
2016-11-08,0.004834893386183189,0.004816337199950044,0.037112372466290205,1.8556186233145102e-05,3,0.95,0.050000000000000044
2016-11-09,-0.05612499804677609,-0.05613297373069996,0.015951367847738068,7.975683923869035e-06,3,0.95,0.050000000000000044
2016-11-10,-0.017877858295098782,-0.018031941274746527,0.30816595929548674,0.00015408297964774337,3,0.7418340407045125,0.25816595929548747
2016-11-11,-0.013160937175883633,-0.01333289846113594,0.34392257050461117,0.0001719612852523056,3,0.9142433887908756,0.08575661120912437
2016-11-14,0.027243466165573563,0.027093959511606026,0.2990133079350766,0.00014950665396753829,3,0.7867433032740472,0.21325669672595282
2016-11-15,0.0008731001111539996,0.000780597846490901,0.1850045293261971,9.250226466309856e-05,3,0.95,0.050000000000000044
2016-11-16,0.00496172863192852,0.004915214196279264,0.09302887129851234,4.651443564925617e-05,3,0.95,0.050000000000000044
2016-11-17,-0.0019354004393025408,-0.001968947314326777,0.06709375004847201,3.3546875024236005e-05,3,0.95,0.050000000000000044
2016-11-18,0.06070310920536151,0.06068095260708692,0.04431319654918947,2.2156598274594737e-05,3,0.95,0.050000000000000044
2016-11-21,0.10278926476618064,0.10257527842390837,0.4279726845445173,0.00021398634227225865,3,0.6220273154554821,0.37797268454451793
2016-11-22,-0.012949096254802993,-0.013181000748133623,0.46380898666126097,0.00023190449333063048,3,0.9141636978832564,0.08583630211674365
2016-11-23,0.01571092075384295,0.015501996965193146,0.41784757729960537,0.00020892378864980268,3,0.6679887248171376,0.33201127518286244
2016-11-25,0.009060087181609923,0.00872009631965176,0.6799817239163252,0.0003399908619581626,3,0.6520295512665366,0.3479704487334634
2016-11-28,-0.0103778349397943,-0.010526820164161031,0.29797044873346334,0.00014898522436673168,3,0.95,0.050000000000000044
2016-11-29,0.005558151945599991,0.005546674617156308,0.02295465688736681,1.1477328443683404e-05,3,0.9500000000000002,0.04999999999999982
2016-11-30,-0.028252062296186917,-0.028266319706065406,0.028514819756979226,1.4257409878489613e-05,3,0.95,0.050000000000000044
2016-12-01,-0.0008352651424777344,-0.0008715820748658835,0.07263386477629818,3.631693238814909e-05,3,0.95,0.050000000000000044
2016-12-02,0.005278724690567698,0.00511305303550637,0.33134331012265666,0.00016567165506132833,3,0.7186566898773428,0.28134331012265723
2016-12-05,-0.005506439808758577,-0.005622111463819905,0.23134331012265708,0.00011567165506132854,3,0.95,0.050000000000000044
2016-12-06,0.000525253768930538,0.00037237491026318684,0.30575771733470225,0.00015287885866735113,3,0.7442422826652972,0.25575771733470276
2016-12-07,-0.02645511061035038,-0.02660925895667355,0.30829669264633985,0.00015414834632316993,3,0.9474610246883624,0.05253897531163765
2016-12-08,-0.033864096328784746,-0.03400515875716753,0.28212485676557125,0.00014106242838278564,3,0.770414118546066,0.229585881453934
2016-12-09,0.0048177797395257405,0.004645320901739382,0.344917675572718,0.000172458837786359,3,0.8846682058812156,0.11533179411878436
2016-12-12,-0.06173481710014349,-0.06181767535950226,0.16571651871754042,8.285825935877022e-05,3,0.9496152754012435,0.050384724598756536
2016-12-13,-0.04391274538591944,-0.04397008855355599,0.11468633527310931,5.734316763655466e-05,3,0.9356983893256468,0.06430161067435325
2016-12-14,0.02984131987243288,0.029677636268008806,0.3273672088481525,0.00016368360442407627,3,0.7369344018262003,0.2630655981737997
2016-12-15,-0.020089850514415846,-0.02025183679528596,0.32397256174022854,0.00016198628087011428,3,0.9390930364335706,0.06090696356642944
2016-12-16,-0.017310077158991966,-0.017322290118350223,0.02442591871651159,1.2212959358255796e-05,3,0.95,0.050000000000000044
2016-12-19,-0.008873409264043543,-0.008935154532924762,0.12349053776243957,6.174526888121978e-05,3,0.92650946223756,0.07349053776243997
2016-12-20,0.003525153318312415,0.0035002398309772224,0.04982697467038544,2.491348733519272e-05,3,0.95,0.050000000000000044
2016-12-21,-0.027376878744888804,-0.02740209839813242,0.050439306487233215,2.521965324361661e-05,3,0.95,0.050000000000000044
2016-12-22,0.0030559160670652575,0.0028905104664110016,0.3308112013085116,0.0001654056006542558,3,0.719188798691488,0.280811201308512
2016-12-23,0.010664522160148666,0.010537365814505296,0.2543126912867407,0.00012715634564337036,3,0.95,0.050000000000000044
2016-12-27,0.008676983941601244,0.008657069418055338,0.03982904709181034,1.9914523545905172e-05,3,0.95,0.050000000000000044
2016-12-28,-0.018512705991349576,-0.01852819286852595,0.030973754352751015,1.548687717637551e-05,3,0.95,0.050000000000000044
2016-12-29,-0.01644167524823319,-0.01646579900233245,0.048247508198521694,2.412375409926085e-05,3,0.95,0.050000000000000044
2016-12-30,0.007754443179347968,0.007736844366217701,0.035197626260533965,1.7598813130266983e-05,3,0.9500000000000001,0.04999999999999993
2017-01-03,0.019249285635288525,0.019235601736803266,0.027367796970517222,1.3683898485258612e-05,3,0.95,0.050000000000000044
2017-01-04,0.01821173680921739,0.018204521020513956,0.014431577406867346,7.215788703433673e-06,3,0.95,0.050000000000000044
2017-01-05,-0.025218408690510348,-0.025237215979997406,0.0376145789741168,1.88072894870584e-05,3,0.95,0.050000000000000044
2017-01-06,0.0006177762417551701,0.000609908950898522,0.01573458171329628,7.867290856648141e-06,3,0.95,0.050000000000000044
2017-01-09,0.057464304783969494,0.05744761281544172,0.03338393705554543,1.6691968527772715e-05,3,0.95,0.050000000000000044
2017-01-10,0.03816279118512155,0.03799835428473138,0.3288738007803404,0.0001644369003901702,3,0.7211261992196593,0.27887380078034074
2017-01-11,0.011468521469796987,0.011334412230335485,0.2682184789230014,0.0001341092394615007,3,0.95,0.050000000000000044
2017-01-12,0.006915732432242161,0.00688818626195546,0.05509234057340212,2.754617028670106e-05,3,0.95,0.050000000000000044
2017-01-13,-0.013928001097367564,-0.01395511437612643,0.054226557517730534,2.7113278758865267e-05,3,0.9500000000000001,0.04999999999999993
2017-01-17,0.009155558414475285,0.0091408169264189,0.02948297611277273,1.4741488056386365e-05,3,0.9500000000000001,0.04999999999999993
2017-01-18,-0.019755717883100477,-0.019781180331928595,0.0509248976562357,2.546244882811785e-05,3,0.9500000000000001,0.04999999999999993
2017-01-19,-0.001298644996326542,-0.0016509109989696897,0.7045320052862953,0.0003522660026431477,3,0.3454679947137041,0.654532005286296
2017-01-20,0.006018703376806347,0.005542281172976941,0.952844407658811,0.0004764222038294055,3,0.7016875976274846,0.29831240237251544
2017-01-23,0.03171517008071362,0.03133105695746446,0.7682262464983163,0.00038411312324915817,3,0.5300861558741986,0.4699138441258014
2017-01-24,-0.010102103390708576,-0.010471956599048269,0.7397064166793866,0.00036985320833969333,3,0.7302074274464143,0.2697925725535857
2017-01-25,-0.008709822599661288,-0.00894664146668458,0.47363773404658366,0.00023681886702329183,3,0.7961548385070016,0.20384516149299836
2017-01-26,0.006049602929800795,0.005972680349054296,0.15384516149299826,7.692258074649913e-05,3,0.95,0.050000000000000044
2017-01-27,-0.01458144196523236,-0.014766649271636822,0.3704146128089251,0.00018520730640446257,3,0.6795853871910746,0.32041461280892536
2017-01-30,-0.00019450352532682192,-0.0003765179762982941,0.3640289019429443,0.00018201445097147214,3,0.9499999999999997,0.050000000000000266
2017-01-31,0.06231522069532935,0.062133853066675036,0.3627352573086284,0.0001813676286543142,3,0.6872647426913716,0.3127352573086284
2017-02-01,-0.000805379338703267,-0.0009919893686857772,0.3732200599650203,0.00018661002998251013,3,0.9395151973436078,0.06048480265639222
2017-02-02,-0.012776635838448768,-0.012959621564709591,0.36597145252164504,0.00018298572626082252,3,0.6945133501347468,0.3054866498652532
2017-02-03,0.03593794635364206,0.035785913312000046,0.30406608328401796,0.00015203304164200897,3,0.95,0.050000000000000044
2017-02-06,-0.01754261943019278,-0.017550100406370873,0.014961952356189967,7.4809761780949835e-06,3,0.95,0.050000000000000044
2017-02-07,0.008264832145275439,0.008091904599326433,0.3458550918980117,0.00017292754594900586,3,0.704144908101988,0.29585509189801196
2017-02-08,-0.006686660968394683,-0.006862683277436783,0.35204461808420145,0.00017602230904210074,3,0.9438104738138102,0.056189526186189775
2017-02-09,0.022856881263965928,0.022823800323450737,0.06616188103038306,3.3080940515191534e-05,3,0.9499999999999998,0.050000000000000155
2017-02-10,0.006490685384256882,0.006286637902191304,0.40809496413115554,0.00020404748206557778,3,0.6419050358688442,0.3580949641311558
2017-02-13,-0.01751171524082725,-0.017871881859908678,0.7203332381628559,0.000360166619081428,3,0.6377617259682995,0.3622382740317005
2017-02-14,0.0038345085871952875,0.0036783894501794374,0.31223827403170057,0.0001561191370158503,3,0.95,0.050000000000000044
2017-02-15,-0.028791843400613498,-0.028803087761029536,0.022488720832074316,1.1244360416037158e-05,3,0.95,0.050000000000000044
2017-02-16,0.003728908030346487,0.003592088770490297,0.27363851971238046,0.00013681925985619024,3,0.776361480287619,0.22363851971238102
2017-02-17,-0.005568784828917067,-0.0057069253780039466,0.27628109817375945,0.00013814054908687973,3,0.9473574215386209,0.0526425784613791
2017-02-21,0.011746840078761422,0.011745518789530732,0.002642578461378886,1.3212892306894432e-06,3,0.9499999999999998,0.050000000000000155
2017-02-22,0.014457646922733072,0.014320355144958177,0.274583555549787,0.00013729177777489348,3,0.7754164444502125,0.22458355554978748
2017-02-23,-0.032493634637561115,-0.03258092641533601,0.17458355554978738,8.72917777748937e-05,3,0.95,0.050000000000000044
2017-02-24,-0.016233571898392914,-0.016369488272618946,0.2718327484520666,0.0001359163742260333,3,0.7781672515479328,0.22183274845206724
2017-02-27,-0.026167175342026387,-0.02625309171625242,0.17183274845206709,8.591637422603354e-05,3,0.95,0.050000000000000044
2017-02-28,0.04162783667695531,0.04161716348734524,0.021346379220153283,1.0673189610076642e-05,3,0.95,0.050000000000000044
2017-03-01,-0.04327764249038059,-0.043283839931204014,0.012394881646855066,6.197440823427533e-06,3,0.95,0.050000000000000044
2017-03-02,-0.0009570611020616529,-0.000966925964783095,0.019729725442884205,9.864862721442102e-06,3,0.95,0.050000000000000044
2017-03-03,-0.004798951023630574,-0.004888188583981609,0.17847512070206917,8.923756035103459e-05,3,0.8715248792979302,0.1284751207020698
2017-03-06,-0.026706303329695796,-0.026752807501841322,0.09300834429105032,4.650417214552516e-05,3,0.95,0.050000000000000044
2017-03-07,-0.01107074112509558,-0.01109248977779167,0.043497305392180274,2.1748652696090137e-05,3,0.9499999999999998,0.050000000000000155
2017-03-08,0.0061166207046555385,0.006059769319214501,0.11370277088207484,5.685138544103742e-05,3,0.9362972291179248,0.06370277088207521
2017-03-09,0.009390616112769984,0.009350414407071956,0.0804034113960568,4.0201705698028405e-05,3,0.9500000000000001,0.04999999999999993
2017-03-10,0.010156703773656576,0.01014142026288312,0.030567021546912987,1.5283510773456495e-05,3,0.95,0.050000000000000044
2017-03-13,-0.0093475659932251,-0.009383533387906859,0.07193478936351719,3.596739468175859e-05,3,0.95,0.050000000000000044
2017-03-14,0.035466663194958885,0.035429412689963594,0.07450100999057566,3.7250504995287826e-05,3,0.95,0.050000000000000044
2017-03-15,-0.02542961683012889,-0.025430391387106524,0.0015491139552687994,7.745569776343997e-07,3,0.95,0.050000000000000044
2017-03-16,-0.004542303473067976,-0.004559517353752858,0.034427761369761944,1.721388068488097e-05,3,0.95,0.050000000000000044
2017-03-17,-0.010641119807784608,-0.01064577551516044,0.009311414751664387,4.655707375832194e-06,3,0.95,0.050000000000000044
2017-03-20,-0.027074215629964753,-0.027082133554977468,0.0158358500254297,7.91792501271485e-06,3,0.95,0.050000000000000044
2017-03-21,0.020320351723587815,0.02031674895866776,0.0072055298401143275,3.602764920057164e-06,3,0.9499999999999998,0.050000000000000155
2017-03-22,0.014181323816600113,0.014162771287811238,0.037105057577751815,1.8552528788875908e-05,3,0.9500000000000001,0.04999999999999993
2017-03-23,0.017193349254142676,0.017186730384049033,0.013237740187285352,6.618870093642676e-06,3,0.95,0.050000000000000044
2017-03-24,-0.004004765883510179,-0.004007604428970112,0.005677090919867012,2.838545459933506e-06,3,0.95,0.050000000000000044
2017-03-27,-0.00954406360591738,-0.009555681256964148,0.023235302093535165,1.1617651046767582e-05,3,0.95,0.050000000000000044
2017-03-28,-0.001112799417506016,-0.0011186774825685966,0.011756130125161302,5.878065062580651e-06,3,0.95,0.050000000000000044
2017-03-29,0.0071005823293396695,0.007099058315580576,0.0030480275181868632,1.5240137590934317e-06,3,0.9500000000000001,0.04999999999999993
2017-03-30,0.022189446260320444,0.022186442272041904,0.006007976557082989,3.0039882785414946e-06,3,0.95,0.050000000000000044
2017-03-31,-0.004877231656509162,-0.004888472925869684,0.02248253872104411,1.1241269360522054e-05,3,0.95,0.050000000000000044
2017-04-03,0.022733419160576664,0.022722740535690487,0.021357249772357007,1.0678624886178504e-05,3,0.95,0.050000000000000044
2017-04-04,0.003778149123253284,0.003773576538568312,0.009145169369943557,4.572584684971778e-06,3,0.95,0.050000000000000044
2017-04-05,-0.00966997320208144,-0.009676862432440652,0.013778460718424396,6.889230359212198e-06,3,0.9500000000000001,0.04999999999999993
2017-04-06,0.003190174071458997,0.003182412970816963,0.015522201284067755,7.761100642033877e-06,3,0.95,0.050000000000000044
2017-04-07,0.0001945390361993279,5.660700567394666e-05,0.2758640610507625,0.00013793203052538125,3,0.774135938949237,0.22586406105076295
2017-04-10,0.00312171815533099,0.0028965117987935535,0.4504127130748736,0.00022520635653743682,3,0.7754513479758889,0.22454865202411112
2017-04-11,-0.012273646239431774,-0.012372351919836133,0.19741136080871832,9.870568040435917e-05,3,0.95,0.050000000000000044
2017-04-12,0.01829575180302949,0.01802646748022564,0.5385686456076961,0.00026928432280384806,3,0.5114313543923034,0.48856864560769664
2017-04-13,0.00581994557267367,0.005600661249869822,0.4385686456076966,0.0002192843228038483,3,0.95,0.050000000000000044
2017-04-17,-0.002020659749631887,-0.0020303434850536517,0.01936747084352941,9.683735421764705e-06,3,0.95,0.050000000000000044
2017-04-18,-0.00021802187615941465,-0.00023429247397395905,0.032541195629088804,1.6270597814544404e-05,3,0.95,0.050000000000000044
2017-04-19,0.01159760930880068,0.011414622589264244,0.3659734390728698,0.00018298671953643488,3,0.6840265609271299,0.3159734390728701
2017-04-20,0.000462975529536315,0.0003205854985900582,0.2847800618925136,0.0001423900309462568,3,0.95,0.050000000000000044
2017-04-21,0.030963375119644882,0.030932580840391948,0.06158855850586442,3.079427925293221e-05,3,0.95,0.050000000000000044
2017-04-24,0.013481153431843222,0.013280949679998787,0.40040750368887157,0.00020020375184443578,3,0.649592496311128,0.35040750368887197
2017-04-25,-0.018217715633737662,-0.018367919385582097,0.3004075036888719,0.00015020375184443598,3,0.95,0.050000000000000044
2017-04-26,0.009877263569968295,0.009842375127333615,0.06977688526936171,3.488844263468086e-05,3,0.95,0.050000000000000044
2017-04-27,-3.730752329638527e-05,-5.72458369127176e-05,0.03987662723266466,1.993831361633233e-05,3,0.95,0.050000000000000044
2017-04-28,0.017360475406072183,0.017207521274586392,0.30590826297157986,0.00015295413148578993,3,0.7440917370284199,0.2559082629715801
2017-05-01,-0.0850218162568518,-0.08513445316500734,0.22527381631106422,0.00011263690815553211,3,0.95,0.050000000000000044
2017-05-02,-0.013559863079302556,-0.013571759784342836,0.023793410080561017,1.1896705040280509e-05,3,0.95,0.050000000000000044
2017-05-03,-0.011252158428284722,-0.0112630512773422,0.021785698114955343,1.0892849057477671e-05,3,0.95,0.050000000000000044
2017-05-04,0.06732071850639813,0.06729517746757975,0.05108207763676109,2.5541038818380546e-05,3,0.95,0.050000000000000044
2017-05-05,0.002296181380350047,0.002260109126660916,0.07214450737826222,3.607225368913111e-05,3,0.95,0.050000000000000044
2017-05-08,0.03727428956607623,0.03725046613437285,0.04764686340676261,2.3823431703381304e-05,3,0.9500000000000001,0.04999999999999993
2017-05-09,0.037404149361607006,0.03738526058951651,0.03777754418099899,1.8888772090499495e-05,3,0.9500000000000001,0.04999999999999993
2017-05-10,-0.010062777505719217,-0.010243136604150486,0.3607181968625393,0.00018035909843126967,3,0.6892818031374602,0.31071819686253976
2017-05-11,0.005872199914731334,0.005735422192329443,0.273555444803783,0.00013677772240189152,3,0.95,0.050000000000000044
2017-05-12,-0.008629335836526912,-0.008809357051463075,0.3600424298723256,0.0001800212149361628,3,0.6899575701276741,0.3100424298723259
2017-05-15,0.0011114375252693025,0.0008145957809556526,0.5936834886272999,0.00029684174431364994,3,0.7163589412450255,0.2836410587549745
2017-05-16,-0.03396393459115301,-0.034092798816984356,0.25772845166268726,0.00012886422583134363,3,0.95,0.050000000000000044
2017-05-17,-0.05132629421038904,-0.05150344591134555,0.3543034019130203,0.00017715170095651016,3,0.6956965980869794,0.30430340191302063
2017-05-18,0.024394970640768454,0.0242136181009944,0.36270507954811204,0.000181352539774056,3,0.9415983223649083,0.05840167763509174
2017-05-19,0.05251188876471043,0.05249341857637514,0.03694037667056249,1.8470188335281247e-05,3,0.95,0.050000000000000044
2017-05-22,-0.009071778938321624,-0.009247069905843487,0.35058193504372615,0.00017529096752186307,3,0.6994180649562737,0.3005819350437263
2017-05-23,0.02863911540432615,0.028507592535996027,0.26304573666024406,0.00013152286833012202,3,0.9500000000000001,0.04999999999999993
2017-05-24,0.0024954623827832373,0.0024707132097411136,0.049498346084247136,2.4749173042123568e-05,3,0.95,0.050000000000000044
2017-05-25,0.022825154465313725,0.022660570207989613,0.32916851464822494,0.00016458425732411247,3,0.7208314853517748,0.27916851464822523
2017-05-26,-0.006579568838225988,-0.006772850684327748,0.38656369220351916,0.00019328184610175957,3,0.8926048224447058,0.10739517755529415
2017-05-30,0.028435094904446144,0.028406397315668498,0.05739517755529422,2.869758877764711e-05,3,0.9500000000000001,0.04999999999999993
2017-05-31,0.010552755415265156,0.010533726586918809,0.03805765669269362,1.902882834634681e-05,3,0.95,0.050000000000000044
2017-06-01,0.01516442199624135,0.015136396274841146,0.05605144280041008,2.802572140020504e-05,3,0.95,0.050000000000000044
2017-06-02,-0.024907464978005174,-0.02492218505208471,0.029440148159076085,1.4720074079538043e-05,3,0.95,0.050000000000000044
2017-06-05,0.016456027409927788,0.01644058088832215,0.03089304321126951,1.5446521605634757e-05,3,0.9499999999999998,0.050000000000000155
2017-06-06,-0.00910113174183915,-0.009136212075231931,0.0701606667855652,3.50803333927826e-05,3,0.95,0.050000000000000044
2017-06-07,-0.00420626996113662,-0.00421168591560979,0.010831908946339619,5.41595447316981e-06,3,0.95,0.050000000000000044
2017-06-08,-0.06328261867273516,-0.06331764800556493,0.07005866565953017,3.5029332829765084e-05,3,0.95,0.050000000000000044
2017-06-09,-0.009149065434180419,-0.00919694080598376,0.09575074360668212,4.787537180334106e-05,3,0.95,0.050000000000000044
2017-06-12,0.00012508434111245612,0.00011521705382920492,0.019734574566502405,9.867287283251203e-06,3,0.95,0.050000000000000044
2017-06-13,-0.023668806523415957,-0.02368533043050886,0.03304781418580044,1.652390709290022e-05,3,0.95,0.050000000000000044
2017-06-14,0.003896319672960791,0.003837817652030035,0.11700404186151225,5.850202093075613e-05,3,0.9329959581384875,0.06700404186151254
2017-06-15,0.004544301591927898,0.004534247937911493,0.020107308032809662,1.0053654016404832e-05,3,0.95,0.050000000000000044
2017-06-16,0.008863806152740739,0.00872964764565932,0.26831701416283654,0.00013415850708141828,3,0.7816829858371631,0.2183170141628369
2017-06-19,-0.02157880826653834,-0.021837907187821262,0.5181978425658442,0.0002590989212829221,3,0.7001191715969921,0.2998808284030079
2017-06-20,0.019301970033138743,0.01909982708176419,0.4042859027491118,0.0002021429513745559,3,0.8955949256538955,0.10440507434610447
2017-06-21,0.00245624143166247,0.002182452553920092,0.5475777554847557,0.0002737888777423779,3,0.5568273188613483,0.4431726811386517
2017-06-22,0.030269559337873536,0.03006030480754056,0.41850906066594973,0.00020925453033297488,3,0.95,0.050000000000000044
2017-06-23,-0.036584342980512954,-0.036642681103066135,0.1166762451063604,5.8338122553180206e-05,3,0.9333237548936392,0.06667624510636083
2017-06-26,-0.025577992086466377,-0.025732162296163118,0.30834041939348333,0.00015417020969674168,3,0.7583358257128769,0.24166417428712306
2017-06-27,0.03185037899906982,0.03162023952784338,0.46027894245287543,0.00023013947122643773,3,0.7813852318342469,0.2186147681657531
2017-06-28,-0.01661282943966821,-0.01678400285721528,0.3423468350941395,0.00017117341754706975,3,0.8762679330716128,0.12373206692838723
2017-06-29,0.01710794724228927,0.0169652655651808,0.28536335421694037,0.00014268167710847018,3,0.8383687127114462,0.1616312872885538
2017-06-30,-0.004873372733035331,-0.004940876751193228,0.135008036315793,6.75040181578965e-05,3,0.95,0.050000000000000044
2017-07-03,0.008264001305720388,0.008249349692308974,0.029303226822830042,1.4651613411415022e-05,3,0.95,0.050000000000000044
2017-07-05,-0.014034903346249565,-0.014038484735188513,0.007162777877896764,3.581388938948382e-06,3,0.9500000000000001,0.04999999999999993
2017-07-06,0.051964094290418386,0.051825199986918334,0.2777886070001022,0.0001388943035000511,3,0.772211392999897,0.22778860700010295
2017-07-07,0.007781663775232082,0.0076927694717320305,0.17778860700010293,8.889430350005147e-05,3,0.95,0.050000000000000044
2017-07-10,0.016407311045019985,0.016405845798056002,0.0029304939279655995,1.4652469639827998e-06,3,0.9499999999999998,0.050000000000000155
2017-07-11,0.04241637065281597,0.04237433230242035,0.08407670079123772,4.203835039561886e-05,3,0.95,0.050000000000000044
2017-07-12,0.0388601191106698,0.038855838465055914,0.00856129122777341,4.280645613886705e-06,3,0.9499999999999998,0.050000000000000155
2017-07-13,0.03738367449235688,0.03726175805298651,0.24383287874074264,0.00012191643937037132,3,0.8061671212592569,0.19383287874074306
2017-07-14,0.0011914424489676144,0.0010916040871327768,0.19967672366967518,9.98383618348376e-05,3,0.9499999999999998,0.050000000000000155
2017-07-17,0.036140734670442216,0.036006683279434806,0.2681027820148246,0.00013405139100741231,3,0.781897217985175,0.21810278201482503
2017-07-18,0.00419284373753325,0.004100319089510213,0.18504929604607215,9.252464802303608e-05,3,0.95,0.050000000000000044
2017-07-19,-0.023655908583775778,-0.023660834133919156,0.009851100286755038,4.925550143377519e-06,3,0.9499999999999997,0.050000000000000266
2017-07-20,0.008048208694502144,0.00803938896565242,0.01763945769944744,8.819728849723721e-06,3,0.95,0.050000000000000044
2017-07-21,0.03670806550003885,0.03656910691170862,0.2779171766604531,0.00013895858833022656,3,0.7720828233395463,0.22791717666045375
2017-07-24,-0.014291379581974791,-0.014380338170305018,0.17791717666045356,8.895858833022678e-05,3,0.9499999999999998,0.050000000000000155
2017-07-25,0.01481314526094974,0.014674485551661847,0.27731941857578607,0.00013865970928789303,3,0.7726805814242135,0.22731941857578652
2017-07-26,-0.02066396122098104,-0.02076818238006409,0.2084423181661009,0.00010422115908305045,3,0.95,0.050000000000000044
2017-07-27,0.007656059912862805,0.00764302339506131,0.026073035602990985,1.3036517801495493e-05,3,0.9500000000000001,0.04999999999999993
2017-07-28,-0.0011089855943014404,-0.0012443739695332722,0.2707767504636638,0.0001353883752318319,3,0.7792232495363356,0.2207767504636644
2017-07-31,-0.00514167466009928,-0.005242440710470949,0.20153210074333883,0.00010076605037166942,3,0.9500000000000001,0.04999999999999993
2017-08-01,-0.04329115773450626,-0.04330947617398457,0.036636878956617186,1.8318439478308593e-05,3,0.9499999999999998,0.050000000000000155
2017-08-02,0.012315697232666536,0.012303758984713668,0.023876495905737205,1.1938247952868603e-05,3,0.95,0.050000000000000044
2017-08-03,-0.1470822235936071,-0.1471020665955913,0.039686003968417954,1.9843001984208977e-05,3,0.95,0.050000000000000044
2017-08-04,0.045857249927183964,0.04570817484821876,0.29815015793040756,0.0001490750789652038,3,0.751849842069592,0.24815015793040796
2017-08-07,0.014474954357325417,0.014323696219206527,0.30251627623778343,0.0001512581381188917,3,0.9456338816926242,0.05436611830737581
2017-08-08,-0.02984669835587835,-0.030000893727376896,0.3083907429970897,0.00015419537149854485,3,0.7459753753102858,0.2540246246897142
2017-08-09,-0.06577271066558348,-0.06588618339719107,0.22694546321520143,0.00011347273160760071,3,0.95,0.050000000000000044
2017-08-10,0.02170873906427592,0.021684266866972744,0.04894439460634692,2.447219730317346e-05,3,0.9499999999999998,0.050000000000000155
2017-08-11,0.035040773301028776,0.035009027753089166,0.06349109587921514,3.1745547939607575e-05,3,0.95,0.050000000000000044
2017-08-14,0.0013474955925545456,0.001328685389517693,0.03762040607370501,1.8810203036852506e-05,3,0.95,0.050000000000000044
2017-08-15,-0.02506666328371449,-0.025199683659451938,0.2660407514748994,0.00013302037573744972,3,0.7839592485251001,0.21604075147489987
2017-08-16,-0.009090914145308252,-0.009223649750881954,0.2654712111474042,0.0001327356055737021,3,0.95,0.050000000000000044
2017-08-17,0.010205397446898943,0.010185866740028374,0.03906141374113778,1.953070687056889e-05,3,0.95,0.050000000000000044
2017-08-18,-0.020109654490794895,-0.020116184763486113,0.013060545382435812,6.530272691217906e-06,3,0.9500000000000001,0.04999999999999993
2017-08-21,0.014744483078144896,0.014601703326099232,0.2855595040913278,0.0001427797520456639,3,0.7644404959086717,0.2355595040913283
2017-08-22,0.02998886901452411,0.029896089262478446,0.1855595040913283,9.277975204566415e-05,3,0.95,0.050000000000000044
2017-08-23,0.021248192289397918,0.02124403839200605,0.008307794783735806,4.153897391867903e-06,3,0.95,0.050000000000000044
2017-08-24,-0.009977541239656924,-0.009980802054646605,0.006521629979364452,3.260814989682226e-06,3,0.95,0.050000000000000044
2017-08-25,0.02858149189589623,0.028568671699120515,0.025640393551426,1.2820196775713e-05,3,0.9500000000000001,0.04999999999999993
2017-08-28,0.004341956293141753,0.004322541558154419,0.038829469974670044,1.9414734987335022e-05,3,0.95,0.050000000000000044
2017-08-29,-0.0020532989057004073,-0.0020631358625313565,0.019673913661898274,9.836956830949137e-06,3,0.9499999999999997,0.050000000000000266
2017-08-30,-0.00017951689352787995,-0.00019441584216405754,0.029797897272355156,1.4898948636177578e-05,3,0.95,0.050000000000000044
2017-08-31,-0.0059808512582563665,-0.0059913631341734185,0.021023751834104015,1.0511875917052008e-05,3,0.95,0.050000000000000044
2017-09-01,-0.04273293250990202,-0.04274344438581907,0.021023751834103988,1.0511875917051994e-05,3,0.95,0.050000000000000044
2017-09-05,0.007154655870839786,0.0070575604960129,0.19419074965377217,9.709537482688609e-05,3,0.8558092503462273,0.14419074965377265
2017-09-06,-0.012153380612126594,-0.012346529328804513,0.38629743335583816,0.00019314871667791908,3,0.7578933162979339,0.24210668370206612
2017-09-07,0.007369714275753159,0.007047060756701679,0.6453070381029606,0.00032265351905148035,3,0.5967996455991048,0.4032003544008952
2017-09-08,0.004762087565761063,0.004562734786447169,0.398705558627787,0.0001993527793138935,3,0.95,0.050000000000000044
2017-09-11,0.004147378994601882,0.004134245505276128,0.026266978651507344,1.3133489325753673e-05,3,0.9499999999999998,0.050000000000000155
2017-09-12,0.014846946888510387,0.014665473083678281,0.36294760966421125,0.00018147380483210564,3,0.6870523903357884,0.31294760966421165
2017-09-13,-0.020129750934843246,-0.020436748285507508,0.6139947013285244,0.0003069973506642622,3,0.6989529083356867,0.3010470916643133
2017-09-14,-0.005780349391023924,-0.0059288506519267915,0.2970025218057344,0.0001485012609028672,3,0.95,0.050000000000000044
2017-09-15,0.011768241491308135,0.011580107824602587,0.37626733341109536,0.00018813366670554767,3,0.6737326665889042,0.3262673334110958
2017-09-18,0.0194144819606002,0.0190914582945651,0.6460473320702016,0.0003230236660351008,3,0.6802200013408938,0.3197799986591062
2017-09-19,-0.014993995031433695,-0.015128885030763248,0.2697799986591062,0.0001348899993295531,3,0.95,0.050000000000000044
2017-09-20,-0.022413822855001174,-0.022598587593792845,0.36952947758334026,0.00018476473879167014,3,0.6804705224166593,0.3195294775833407
2017-09-21,-0.011979252920484873,-0.01212357682134242,0.2886478017150933,0.00014432390085754665,3,0.9499999999999998,0.050000000000000155
2017-09-22,-0.018212514829534364,-0.018385782814455395,0.34653596984206214,0.00017326798492103108,3,0.7034640301579376,0.29653596984206243
2017-09-25,-0.005581439772629319,-0.005728436007390005,0.29399246952137265,0.00014699623476068633,3,0.95,0.050000000000000044
2017-09-26,0.009584812620730085,0.009557298557932522,0.05502812559512821,2.7514062797564103e-05,3,0.95,0.050000000000000044
2017-09-27,0.014929084828987846,0.014893051651989578,0.07206635399653763,3.603317699826882e-05,3,0.95,0.050000000000000044
2017-09-28,0.00524825636186429,0.005241471198211125,0.013570327306330565,6.785163653165282e-06,3,0.95,0.050000000000000044
2017-09-29,-0.005274811153735024,-0.005439008421039405,0.3283945346087629,0.00016419726730438144,3,0.7216054653912367,0.2783945346087633
2017-10-02,-0.020231463674177216,-0.02039837947735941,0.33383160636438847,0.00016691580318219424,3,0.9445629282443744,0.05543707175562562
2017-10-03,0.01693442817826119,0.016918759277973223,0.03133780057592836,1.566890028796418e-05,3,0.9499999999999998,0.050000000000000155
2017-10-04,-0.03387515643037159,-0.03402789831801342,0.3054837752836702,0.0001527418876418351,3,0.7445162247163294,0.2554837752836706
2017-10-05,-0.024116533004921305,-0.02424951926508316,0.2659725203237111,0.00013298626016185555,3,0.9500000000000001,0.04999999999999993
2017-10-06,0.027549129831210193,0.02752161300984553,0.055033642729325094,2.751682136466255e-05,3,0.95,0.050000000000000044
2017-10-09,-0.006581729639081193,-0.006589392119561469,0.015324960960551859,7.66248048027593e-06,3,0.95,0.050000000000000044
2017-10-10,-0.016092430107842403,-0.016113125922710872,0.0413916297369393,2.069581486846965e-05,3,0.9500000000000002,0.04999999999999982
2017-10-11,-0.008648793656035651,-0.008670155501276663,0.04272369048202351,2.1361845241011755e-05,3,0.95,0.050000000000000044
2017-10-12,-0.007964611265100754,-0.008100309947872524,0.2713973655435411,0.00013569868277177056,3,0.7786026344564584,0.2213973655435416
2017-10-13,-0.004019417096962491,-0.0041594965063701155,0.2801588188152492,0.0001400794094076246,3,0.941238546728292,0.05876145327170801
2017-10-16,-0.004135903028028991,-0.004156325913252983,0.04084577044798471,2.0422885223992353e-05,3,0.95,0.050000000000000044
2017-10-17,-0.016116736287771733,-0.016263564813728065,0.2936570519126634,0.0001468285259563317,3,0.756342948087336,0.24365705191266396
2017-10-18,0.006796075818002011,0.0066992472920456795,0.19365705191266383,9.682852595633192e-05,3,0.95,0.050000000000000044
2017-10-19,0.00036182349411038005,0.00022076430041054548,0.2821183873996691,0.00014105919369983457,3,0.7678816126003304,0.2321183873996696
2017-10-20,-0.01121928623963873,-0.011316218294187719,0.19386410909798013,9.693205454899007e-05,3,0.95,0.050000000000000044
2017-10-23,0.009437443078300757,0.009421592758972332,0.031700638656847385,1.585031932842369e-05,3,0.95,0.050000000000000044
2017-10-24,0.015501361773897188,0.015453205985942648,0.09631157590907752,4.815578795453876e-05,3,0.95,0.050000000000000044
2017-10-25,-0.012819572665907872,-0.012825897827097607,0.012650322379469003,6.325161189734502e-06,3,0.9500000000000002,0.04999999999999982
2017-10-26,0.03482624925484783,0.034678923779378014,0.29465095093963023,0.00014732547546981512,3,0.7553490490603691,0.24465095093963085
2017-10-27,-0.013686155764300028,-0.013832070791001764,0.291830053403473,0.0001459150267017365,3,0.95,0.050000000000000044
2017-10-30,-0.01302837245133314,-0.013170228934619969,0.28371296657365913,0.00014185648328682957,3,0.7662870334263404,0.2337129665736596
2017-10-31,-0.01644910291461556,-0.016600532939299254,0.3028600493673882,0.0001514300246836941,3,0.9308529172062707,0.06914708279372928
2017-11-01,0.028195670060468647,0.028044807126923563,0.30172586709016563,0.00015086293354508282,3,0.767421215703563,0.23257878429643697
2017-11-02,0.015384878774771574,0.015130998182424213,0.5077611846947236,0.0002538805923473618,3,0.7248175996017129,0.2751824003982871
2017-11-03,-0.030761288204982418,-0.030998549305467245,0.4745222009696539,0.00023726110048482695,3,0.8006601994286326,0.19933980057136735
2017-11-06,-0.004306936537586865,-0.0043959745218344675,0.1780759684952056,8.903798424760281e-05,3,0.9499999999999998,0.050000000000000155
2017-11-07,-0.018587058091575952,-0.018901078571279314,0.6280409594067212,0.0003140204797033606,3,0.4219590405932786,0.5780409594067214
2017-11-08,0.02475227527715421,0.024439778119320663,0.6249943156670957,0.0003124971578335479,3,0.95,0.050000000000000044
2017-11-09,0.07695316045808176,0.07694401549607022,0.01828992402307189,9.144962011535946e-06,3,0.95,0.050000000000000044
2017-11-10,-0.04981360251930752,-0.04982150931336011,0.01581358810518485,7.906794052592425e-06,3,0.9500000000000001,0.04999999999999993
2017-11-13,-0.028531497246661687,-0.028550222266334073,0.03745003934477065,1.8725019672385324e-05,3,0.9499999999999998,0.050000000000000155
2017-11-14,0.013851062829566253,0.013664985183876344,0.3721552913798195,0.00018607764568990976,3,0.6778447086201803,0.3221552913798197
2017-11-15,0.14540711481819082,0.1452203544803355,0.37352067571066516,0.00018676033785533259,3,0.9486346156691541,0.05136538433084592
2017-11-16,-0.020038905747197383,-0.020064344048499917,0.05087660260506671,2.5438301302533358e-05,3,0.9499999999999998,0.050000000000000155
2017-11-17,0.03062328321525882,0.030448113375071813,0.3503396803740155,0.00017516984018700778,3,0.6996603196259842,0.3003396803740158
2017-11-20,-0.00818704410140403,-0.00834047741947643,0.306866636144798,0.00015343331807239898,3,0.9499999999999998,0.050000000000000155
2017-11-21,0.024231983177832393,0.024188891584928287,0.08618318580821294,4.309159290410647e-05,3,0.95,0.050000000000000044
2017-11-22,-0.006300091448295109,-0.006315810516558561,0.03143813652690358,1.5719068263451793e-05,3,0.95,0.050000000000000044
2017-11-24,-0.010299630212932644,-0.01030718765736333,0.01511488886136897,7.557444430684485e-06,3,0.95,0.050000000000000044
2017-11-27,0.02016846948047531,0.02014720818491306,0.04252259112449924,2.126129556224962e-05,3,0.9500000000000001,0.04999999999999993
2017-11-28,-0.012193016057822567,-0.01222337538570741,0.06071865576968738,3.035932788484369e-05,3,0.95,0.050000000000000044
2017-11-29,0.04000057278453513,0.039990716142773476,0.01971328352331303,9.856641761656516e-06,3,0.95,0.050000000000000044
2017-11-30,-0.011760833055866605,-0.011789981344885014,0.058296578036820645,2.9148289018410322e-05,3,0.95,0.050000000000000044
2017-12-01,-0.052344737933712214,-0.05236365743282909,0.037838998233761356,1.891949911688068e-05,3,0.95,0.050000000000000044
2017-12-04,-0.01147472476603937,-0.011657511771634134,0.3655740111895296,0.0001827870055947648,3,0.68442598881047,0.31557401118953
2017-12-05,0.13215775660707516,0.13183945229070126,0.6366086327478085,0.0003183043163739043,3,0.6789653784417208,0.3210346215582792
2017-12-06,-0.004893707376803615,-0.005033834594763964,0.28025443592069815,0.00014012721796034908,3,0.95,0.050000000000000044
2017-12-07,-0.00956537161778397,-0.00960209574018969,0.07344824481144285,3.6724122405721426e-05,3,0.95,0.050000000000000044
2017-12-08,-0.014113285272055541,-0.014124036824018589,0.02150310392609528,1.075155196304764e-05,3,0.95,0.050000000000000044
2017-12-11,-0.016855128696914554,-0.016867445877769945,0.024634361710782315,1.2317180855391158e-05,3,0.9500000000000002,0.04999999999999982
2017-12-12,0.03288214441594639,0.03271598076683275,0.33232729822727886,0.00016616364911363943,3,0.7176727017727204,0.28232729822727964
2017-12-13,0.00411546206002961,0.0039710679000594115,0.2887883199403967,0.00014439415997019836,3,0.95,0.050000000000000044
2017-12-14,0.014086333541356764,0.014035711545863647,0.10124399098623393,5.0621995493116965e-05,3,0.9487560090137656,0.051243990986234444
2017-12-15,-0.001721164770112667,-0.0019064728210828187,0.37061610194030337,0.00018530805097015168,3,0.6806278890459304,0.3193721109540696
2017-12-18,-0.010624413034909935,-0.010800579026091365,0.3523319823628589,0.00017616599118142946,3,0.95,0.050000000000000044
2017-12-19,0.010577720423860782,0.010531828611491444,0.09178362473867413,4.589181236933707e-05,3,0.95,0.050000000000000044
2017-12-20,-0.003738372300330309,-0.0037470351669588804,0.017325733257142983,8.662866628571492e-06,3,0.95,0.050000000000000044
2017-12-21,0.02318654531506842,0.023158322667600366,0.056445294936102786,2.8222647468051394e-05,3,0.95,0.050000000000000044
2017-12-22,0.010732902640918151,0.010727666590674083,0.010472100488134795,5.236050244067398e-06,3,0.95,0.050000000000000044
2017-12-26,0.004753418732720498,0.0047329162696634055,0.04100492611418505,2.0502463057092526e-05,3,0.95,0.050000000000000044
2017-12-27,0.023427651461455527,0.023421148524987036,0.013005872936984686,6.502936468492343e-06,3,0.95,0.050000000000000044
2017-12-28,-0.01674030000277299,-0.016907149424412765,0.33369884327955235,0.00016684942163977618,3,0.716301156720447,0.28369884327955297
2017-12-29,-0.007981627983958083,-0.008150455976788434,0.33765598566070115,0.00016882799283035057,3,0.9460428576188511,0.053957142381148904
2018-01-02,0.029628150405163138,0.029611813550414798,0.032673709496681524,1.633685474834076e-05,3,0.95,0.050000000000000044
2018-01-03,0.006059458470264033,0.006055015457394799,0.008886025738467473,4.443012869233737e-06,3,0.9500000000000001,0.04999999999999993
2018-01-04,-0.011104600464800116,-0.01127189576130427,0.3345905930083078,0.0001672952965041539,3,0.7154094069916913,0.2845905930083087
2018-01-05,-0.037488348713085436,-0.03762142342316397,0.26614942015706955,0.00013307471007853477,3,0.95,0.050000000000000044
2018-01-08,0.08417030221325655,0.08404087578201108,0.2588528624909441,0.00012942643124547203,3,0.7911471375090553,0.2088528624909447
2018-01-09,0.042456152507389745,0.042376726076144275,0.15885286249094474,7.942643124547238e-05,3,0.95,0.050000000000000044
2018-01-10,0.02308771368734367,0.02308147779626903,0.012471782149286181,6.235891074643091e-06,3,0.95,0.050000000000000044
2018-01-11,0.06036246497281422,0.06035102537317721,0.022879199274033313,1.1439599637016656e-05,3,0.95,0.050000000000000044
2018-01-12,-0.0480303820103831,-0.048035510879779045,0.010257738791886073,5.128869395943037e-06,3,0.95,0.050000000000000044
2018-01-16,0.031079479940482248,0.031073844067044082,0.011271746876335254,5.635873438167627e-06,3,0.95,0.050000000000000044
2018-01-17,0.05331247798866128,0.05330445735121574,0.0160412748910847,8.020637445542351e-06,3,0.9499999999999998,0.050000000000000155
2018-01-18,0.042142188171911926,0.04212988467223628,0.02460699935128724,1.230349967564362e-05,3,0.95,0.050000000000000044
2018-01-19,0.040951048951944846,0.040938855043448366,0.024387816992961497,1.219390849648075e-05,3,0.9499999999999998,0.050000000000000155
2018-01-22,0.0043937483546341045,0.004360275174336582,0.0669463605950458,3.34731802975229e-05,3,0.9499999999999998,0.050000000000000155
2018-01-23,-0.005188808513104358,-0.005323584801441797,0.26955257667487664,0.00013477628833743832,3,0.7804474233251227,0.21955257667487726
2018-01-24,3.2981764376202594e-07,-0.00013587703076292006,0.27241369681336414,0.00013620684840668208,3,0.9471388798615124,0.05286112013848765
2018-01-25,-0.015906246513128115,-0.015923621480765107,0.03474993527398729,1.7374967636993644e-05,3,0.95,0.050000000000000044
2018-01-26,0.03418276816304581,0.03417378275581672,0.01797081445817894,8.98540722908947e-06,3,0.95,0.050000000000000044
2018-01-29,0.03923625471080111,0.03922453677914381,0.023435863314598293,1.1717931657299148e-05,3,0.95,0.050000000000000044
2018-01-30,0.03444844663369338,0.03442670450536419,0.04348425665838859,2.1742128329194296e-05,3,0.9499999999999998,0.050000000000000155
2018-01-31,0.025315948747227937,0.02531369276430165,0.004511965852576544,2.2559829262882718e-06,3,0.9499999999999998,0.050000000000000155
2018-02-01,-0.008504528370663329,-0.008528183393795534,0.04731004626441099,2.3655023132205495e-05,3,0.95,0.050000000000000044
2018-02-02,-0.0246126708689397,-0.02461708742341933,0.008833108959260733,4.416554479630366e-06,3,0.95,0.050000000000000044
2018-02-05,0.02591395585393748,0.025908219918923493,0.011471870027973508,5.735935013986754e-06,3,0.9499999999999998,0.050000000000000155
2018-02-06,-0.008382010944906253,-0.00839237030483877,0.0207187198650354,1.03593599325177e-05,3,0.9500000000000001,0.04999999999999993
2018-02-07,-0.07604279577668953,-0.07606415405505222,0.042716556725386406,2.1358278362693204e-05,3,0.95,0.050000000000000044
2018-02-08,-0.01224509880458382,-0.012280874113959967,0.07155061875229304,3.577530937614652e-05,3,0.95,0.050000000000000044
2018-02-09,0.05263106798236622,0.05260938358292774,0.043368798876948306,2.1684399438474153e-05,3,0.9500000000000001,0.04999999999999993
2018-02-12,-0.016757548623260697,-0.0167675195690132,0.01994189150500264,9.97094575250132e-06,3,0.95,0.050000000000000044
2018-02-13,0.023078391927476363,0.023065579946586253,0.02562396178021986,1.2811980890109932e-05,3,0.9499999999999998,0.050000000000000155
2018-02-14,0.008366649483440678,0.008349983265855666,0.03333243517002704,1.666621758501352e-05,3,0.95,0.050000000000000044
2018-02-15,0.015184393463577913,0.01516697302542153,0.03484087631276672,1.742043815638336e-05,3,0.95,0.050000000000000044
2018-02-16,-0.013434229239033658,-0.013434945622880192,0.0014327676930662725,7.163838465331363e-07,3,0.95,0.050000000000000044
2018-02-20,0.00647036902011134,0.006427089077857013,0.08655988450865315,4.3279942254326576e-05,3,0.9500000000000001,0.04999999999999993
2018-02-21,0.005973702603243522,0.00596628618510662,0.014832836273805439,7.41641813690272e-06,3,0.95,0.050000000000000044
2018-02-22,0.01272922860006341,0.012701969457864393,0.054518284398036826,2.7259142199018414e-05,3,0.95,0.050000000000000044
2018-02-23,0.008441227142319898,0.008440469351608132,0.0015155814235310872,7.577907117655436e-07,3,0.95,0.050000000000000044
2018-02-26,-0.030262691454028982,-0.030269166008650986,0.012949109244007273,6.474554622003637e-06,3,0.9500000000000001,0.04999999999999993
2018-02-27,-0.03149310662444539,-0.0314983136712014,0.010414093512018191,5.2070467560090955e-06,3,0.95,0.050000000000000044
2018-02-28,-0.007510694371981489,-0.007520577737790138,0.01976673161729728,9.88336580864864e-06,3,0.9499999999999997,0.050000000000000266
2018-03-01,0.09019739425136622,0.09016310990436907,0.06856869399428611,3.4284346997143054e-05,3,0.95,0.050000000000000044
2018-03-02,0.026983484467790537,0.026954241465560372,0.0584860044603327,2.924300223016635e-05,3,0.95,0.050000000000000044
2018-03-05,-0.013785340634653847,-0.013803430547733675,0.03617982615965554,1.808991307982777e-05,3,0.95,0.050000000000000044
2018-03-06,0.01146624687709042,0.011458973508961325,0.014546736258191667,7.273368129095834e-06,3,0.9499999999999997,0.050000000000000266
2018-03-07,0.008032110684789432,0.008016179672240695,0.03186202509747496,1.593101254873748e-05,3,0.95,0.050000000000000044
2018-03-08,0.060598016249166345,0.06056516261565827,0.06570726701614132,3.285363350807066e-05,3,0.95,0.050000000000000044
2018-03-09,0.006864427545742341,0.0068550844685583345,0.018686154368012714,9.343077184006357e-06,3,0.95,0.050000000000000044
2018-03-12,-0.05800108436466719,-0.05801363032744107,0.02509192554776582,1.254596277388291e-05,3,0.95,0.050000000000000044
2018-03-13,-0.02148572787346223,-0.02149964436466751,0.027832982410562035,1.3916491205281018e-05,3,0.9500000000000001,0.04999999999999993
2018-03-14,-0.04262876434231553,-0.04263557275137941,0.013616818127748898,6.808409063874449e-06,3,0.9499999999999998,0.050000000000000155
2018-03-15,0.003837525508448007,0.0038303478430766467,0.01435533074272044,7.17766537136022e-06,3,0.9500000000000002,0.04999999999999982
2018-03-16,0.030556025276835066,0.030528172698157052,0.05570515735602716,2.785257867801358e-05,3,0.9499999999999998,0.050000000000000155
2018-03-19,-0.009478539480216402,-0.00953426292485235,0.1114468892718927,5.572344463594635e-05,3,0.9385531107281067,0.061446889271893346
2018-03-20,-0.006261411650976765,-0.006316411936871446,0.11000057178936087,5.5000285894680436e-05,3,0.9500000000000001,0.04999999999999993
2018-03-21,-0.03247461980544346,-0.032480877684418534,0.01251575795014806,6.25787897507403e-06,3,0.95,0.050000000000000044
2018-03-22,0.023058774018215347,0.023055225408045076,0.007097220340542776,3.548610170271388e-06,3,0.9500000000000001,0.04999999999999993
2018-03-23,0.005633375998427425,0.005621078572892153,0.024594851070545126,1.2297425535272563e-05,3,0.95,0.050000000000000044
2018-03-26,-0.06712217943837258,-0.06715216758658982,0.05997629643446911,2.9988148217234555e-05,3,0.95,0.050000000000000044
2018-03-27,0.018390466300194846,0.018383467192287124,0.013998215815444442,6.999107907722221e-06,3,0.9500000000000001,0.04999999999999993
2018-03-28,0.046351933186006125,0.046344812903997744,0.014240564016768154,7.120282008384077e-06,3,0.95,0.050000000000000044
2018-03-29,-0.06755527021078922,-0.06756568269712246,0.020824972666472708,1.0412486333236354e-05,3,0.95,0.050000000000000044
2018-04-02,-0.010993283955464069,-0.01100817340156113,0.02977889219412297,1.4889446097061484e-05,3,0.9499999999999998,0.050000000000000155
2018-04-03,0.029422094720451368,0.029385491030414938,0.0732073800728589,3.660369003642945e-05,3,0.95,0.050000000000000044
2018-04-04,-0.02879476110711173,-0.02880806369242669,0.026605170629919128,1.3302585314959565e-05,3,0.95,0.050000000000000044
2018-04-05,-0.052229672167225544,-0.05224227374985159,0.025203165252089932,1.2601582626044966e-05,3,0.95,0.050000000000000044
2018-04-06,0.07411665145451314,0.07410190906473778,0.029484779550724205,1.4742389775362103e-05,3,0.9500000000000001,0.04999999999999993
2018-04-09,0.03379212896943655,0.03375958925356574,0.06507943174162328,3.253971587081164e-05,3,0.9500000000000001,0.04999999999999993
2018-04-10,-0.009182632196187007,-0.009205859401944357,0.04645441151469737,2.3227205757348686e-05,3,0.95,0.050000000000000044
2018-04-11,0.04580911178410094,0.04580547198353311,0.007279601135657288,3.6398005678286438e-06,3,0.95,0.050000000000000044
2018-04-12,-0.01601596994753784,-0.016054272304110998,0.076604713146317,3.8302356573158505e-05,3,0.9500000000000001,0.04999999999999993
2018-04-13,-0.02315192153132612,-0.023178774399447377,0.05370573624251307,2.6852868121256535e-05,3,0.95,0.050000000000000044
2018-04-16,0.01969621413703067,0.01968490792101175,0.02261243203783808,1.130621601891904e-05,3,0.9500000000000001,0.04999999999999993
2018-04-17,-0.014215984688710284,-0.014218543626065219,0.00511787470987074,2.55893735493537e-06,3,0.95,0.050000000000000044
2018-04-18,-0.028686292687330764,-0.028708398131570993,0.044210888480461896,2.210544424023095e-05,3,0.9499999999999997,0.050000000000000266
2018-04-19,-0.008625619566798682,-0.00863406436790447,0.016889602211576038,8.444801105788019e-06,3,0.95,0.050000000000000044
2018-04-20,-0.01655549168022674,-0.016557499740183713,0.0040161199139452375,2.0080599569726186e-06,3,0.95,0.050000000000000044
2018-04-23,-0.02833504704540239,-0.028357915601033862,0.04573711126294766,2.286855563147383e-05,3,0.95,0.050000000000000044
2018-04-24,0.020393280413481006,0.020382969605578873,0.020621615804269466,1.0310807902134733e-05,3,0.95,0.050000000000000044
2018-04-25,0.03721359497670476,0.03720294865626937,0.021292640870772372,1.0646320435386187e-05,3,0.95,0.050000000000000044
2018-04-26,0.009895504934734718,0.00987049254217418,0.05002478512107428,2.501239256053714e-05,3,0.95,0.050000000000000044
2018-04-27,-0.025642457905244432,-0.025653707582034585,0.022499353580303416,1.1249676790151708e-05,3,0.95,0.050000000000000044
2018-04-30,0.020194330233293326,0.020173433508133887,0.04179345031887771,2.0896725159438856e-05,3,0.95,0.050000000000000044
2018-05-01,0.018662574076932958,0.018656828023495765,0.01149210687438501,5.7460534371925055e-06,3,0.95,0.050000000000000044
2018-05-02,-0.016018033321721505,-0.01602908124649809,0.022095849553168845,1.1047924776584423e-05,3,0.95,0.050000000000000044
2018-05-03,-0.01844924479623012,-0.018454702265215377,0.01091493797051668,5.45746898525834e-06,3,0.95,0.050000000000000044
2018-05-04,0.007075815865127058,0.007070642958923692,0.01034581240673249,5.172906203366246e-06,3,0.9499999999999998,0.050000000000000155
2018-05-07,0.0034833016466242427,0.0034757386382399088,0.015126016768667705,7.563008384333852e-06,3,0.95,0.050000000000000044
2018-05-08,0.022100082392150815,0.022082669288534272,0.034826207233084494,1.7413103616542247e-05,3,0.95,0.050000000000000044
2018-05-09,-0.018388512741320653,-0.018402289812484623,0.02755414232793857,1.3777071163969285e-05,3,0.9499999999999998,0.050000000000000155
2018-05-10,0.036813344465052786,0.036788055231245134,0.050578467615301215,2.5289233807650606e-05,3,0.95,0.050000000000000044
2018-05-11,0.04258697308550011,0.04255521332068005,0.06351952964011234,3.175976482005617e-05,3,0.9500000000000002,0.04999999999999982
2018-05-14,0.0007505034216099661,0.0007424547155778063,0.0160974120643195,8.04870603215975e-06,3,0.95,0.050000000000000044
2018-05-15,-0.002083512739522087,-0.0020971297022798264,0.0272339255154789,1.3616962757739452e-05,3,0.9500000000000001,0.04999999999999993
2018-05-16,0.002657394011662124,0.002516299019332071,0.2821899846601056,0.0001410949923300528,3,0.7678100153398935,0.23218998466010654
2018-05-17,-0.0006866399876403794,-0.00081570840267016,0.2581368300595612,0.0001290684150297806,3,0.95,0.050000000000000044
2018-05-18,-0.020601902220657095,-0.020626290134516934,0.048775827719681225,2.4387913859840614e-05,3,0.9500000000000001,0.04999999999999993
2018-05-21,0.01828840925347472,0.01827427241271164,0.028273681526156835,1.4136840763078417e-05,3,0.95,0.050000000000000044
2018-05-22,0.010773082268892816,0.01076310378281951,0.019956972146611407,9.978486073305704e-06,3,0.95,0.050000000000000044
2018-05-23,0.01713774164553756,0.017100618478058396,0.07424633495832517,3.712316747916258e-05,3,0.95,0.050000000000000044
2018-05-24,0.024270401931692165,0.024256698344785915,0.027407173812499463,1.3703586906249733e-05,3,0.95,0.050000000000000044
2018-05-25,0.0020757932646904217,0.002058315423963972,0.03495568145289982,1.747784072644991e-05,3,0.95,0.050000000000000044
2018-05-29,-0.007741382126730607,-0.007755499757554338,0.02823526164746132,1.411763082373066e-05,3,0.95,0.050000000000000044
2018-05-30,0.44613027695398505,0.44611319000413435,0.034173899701354454,1.7086949850677227e-05,3,0.95,0.050000000000000044
2018-05-31,0.009322193569009509,0.009188075018750236,0.26823710051854605,0.00013411855025927303,3,0.7817628994814533,0.21823710051854672
2018-06-01,-0.03395098033218469,-0.03408778485620509,0.2736090480408046,0.0001368045240204023,3,0.9446280524777413,0.05537194752225871
2018-06-04,0.021498768853943258,0.02149302474190603,0.011488224074459541,5.7441120372297705e-06,3,0.9500000000000001,0.04999999999999993
2018-06-05,0.0012070526222421212,0.0011951780992504049,0.023749045983432915,1.1874522991716457e-05,3,0.9499999999999998,0.050000000000000155
2018-06-06,0.04724238002341822,0.04722496812175671,0.034823803323018376,1.741190166150919e-05,3,0.95,0.050000000000000044
2018-06-07,-0.010381845937111242,-0.010395232466505373,0.026773058788263776,1.3386529394131888e-05,3,0.9500000000000001,0.04999999999999993
2018-06-08,-0.005930269769380139,-0.006077023474757619,0.2935074107549604,0.0001467537053774802,3,0.7564925892450389,0.24350741075496107
2018-06-11,0.007440766247658592,0.007290784634523089,0.299963226271005,0.0001499816131355025,3,0.9435441844839554,0.056455815516044616
2018-06-12,0.04673838992727881,0.04658100320836244,0.3147734378327355,0.00015738671891636774,3,0.7416823776833084,0.25831762231669164
2018-06-13,-0.0015694096742603515,-0.0016773451886495396,0.2158710287783761,0.00010793551438918805,3,0.95,0.050000000000000044
2018-06-14,-0.00994021835985155,-0.010087281442564796,0.29412616542649034,0.00014706308271324517,3,0.755873834573509,0.24412616542649102
2018-06-15,0.026324147826493543,0.026218832303013844,0.21063104695939502,0.00010531552347969751,3,0.95,0.050000000000000044
2018-06-18,0.01159057101720589,0.011577714365201984,0.025713304007811688,1.2856652003905844e-05,3,0.95,0.050000000000000044
2018-06-19,0.0032086230835945886,0.0030533699282050027,0.3105063107791715,0.00015525315538958575,3,0.7394936892208279,0.2605063107791721
2018-06-20,-0.010767010441533824,-0.010878034875737259,0.22204886840687119,0.00011102443420343559,3,0.95,0.050000000000000044
2018-06-21,0.0019220709619035357,0.0017637291419669095,0.31668363987325243,0.0001583418199366262,3,0.733316360126747,0.26668363987325305
2018-06-22,-0.01862100798999447,-0.018733083269137578,0.2241505582862146,0.00011207527914310731,3,0.95,0.050000000000000044
2018-06-25,0.011663372154430723,0.011502296922027987,0.3221504648054719,0.00016107523240273594,3,0.7278495351945274,0.27215046480547256
2018-06-26,-0.0458164084331094,-0.04598775755772362,0.3426982492284409,0.00017134912461422045,3,0.929452215577031,0.07054778442296905
2018-06-27,0.01830532657176662,0.01813555140788522,0.3395503277628021,0.00016977516388140104,3,0.7309974566601662,0.26900254333983376
2018-06-28,0.008741627818005797,0.00863212654633588,0.21900254333983366,0.00010950127166991684,3,0.95,0.050000000000000044
2018-06-29,0.011534600225717359,0.01128547665317038,0.4982471450939596,0.0002491235725469798,3,0.5517528549060398,0.44824714509396024
2018-07-02,0.014269897841929483,0.014061118762575198,0.41755815870857,0.000208779079354285,3,0.9500000000000001,0.04999999999999993
2018-07-03,0.016930944365263476,0.016913083860925993,0.03572100867496325,1.7860504337481627e-05,3,0.95,0.050000000000000044
2018-07-05,0.007446493789059144,0.007323569801892846,0.24584797433259653,0.00012292398716629827,3,0.8041520256674028,0.19584797433259715
2018-07-06,0.00920835501465528,0.009090969730694908,0.2347705679207447,0.00011738528396037235,3,0.95,0.050000000000000044
2018-07-09,-0.03515216438692785,-0.03527512307817874,0.24591738250177161,0.00012295869125088582,3,0.8040826174982276,0.19591738250177237
2018-07-10,0.005615077457000433,0.005499057223128922,0.23204046774302126,0.00011602023387151064,3,0.9500000000000001,0.04999999999999993
2018-07-11,-0.008986139353982084,-0.009003033179383642,0.03378765080311549,1.6893825401557747e-05,3,0.95,0.050000000000000044
2018-07-12,0.017192979447024012,0.017181167252852583,0.02362438834285835,1.1812194171429174e-05,3,0.95,0.050000000000000044
2018-07-13,-0.02256432977632778,-0.022592610687198762,0.05656182174196342,2.828091087098171e-05,3,0.95,0.050000000000000044
2018-07-16,0.012875116897198571,0.012752745045250119,0.24474370389690522,0.00012237185194845262,3,0.805256296103094,0.19474370389690598
2018-07-17,-0.005271037467368503,-0.005359573453269438,0.17707197180186834,8.853598590093418e-05,3,0.95,0.050000000000000044
2018-07-18,0.005599664015168372,0.005469143557812995,0.2610409147107531,0.00013052045735537654,3,0.7889590852892461,0.21104091471075392
2018-07-19,0.013332543584243052,0.013243598044832683,0.17789107882073643,8.894553941036822e-05,3,0.95,0.050000000000000044
2018-07-20,0.0022702906215247664,0.002256207481156813,0.028166280735907545,1.4083140367953772e-05,3,0.9499999999999998,0.050000000000000155
2018-07-23,-0.01524231709408029,-0.015254434552626862,0.02423491709314332,1.211745854657166e-05,3,0.95,0.050000000000000044
2018-07-24,0.01408182657773637,0.01406628745683077,0.031078241811200003,1.55391209056e-05,3,0.95,0.050000000000000044
2018-07-25,0.0338680023414414,0.03385476247644473,0.026479729993345136,1.3239864996672568e-05,3,0.95,0.050000000000000044
2018-07-26,-0.0066766409855011045,-0.006813288765171148,0.27329555934008587,0.00013664777967004293,3,0.7767044406599134,0.2232955593400866
2018-07-27,-0.02284178360427545,-0.022929761056721516,0.17595490489213023,8.797745244606511e-05,3,0.95,0.050000000000000044
2018-07-30,-0.0012282177920431847,-0.001235652175298426,0.014868766510482578,7.4343832552412895e-06,3,0.95,0.050000000000000044
2018-07-31,-0.028151255772918576,-0.02815650553932292,0.010499532808689593,5.249766404344796e-06,3,0.9499999999999998,0.050000000000000155
2018-08-01,0.0038842014025070397,0.0037467914803612982,0.27481984429148326,0.00013740992214574164,3,0.7751801557085161,0.22481984429148394
2018-08-02,-0.026949349249920436,-0.0270517392740976,0.20478004835433225,0.00010239002417716613,3,0.95,0.050000000000000044
2018-08-03,-0.00860355478609834,-0.008607868319861305,0.008627067525930565,4.313533762965283e-06,3,0.95,0.050000000000000044
2018-08-06,0.014068534348501718,0.0140632047518848,0.010659193233834602,5.329596616917301e-06,3,0.95,0.050000000000000044
2018-08-07,-0.004287688057056776,-0.004423308798153756,0.27124148219395916,0.00013562074109697958,3,0.7787585178060399,0.22124148219396012
2018-08-08,-0.019719596223210744,-0.019819240036716576,0.19928762701166577,9.96438135058329e-05,3,0.95,0.050000000000000044
2018-08-09,-0.006354814284570214,-0.006496673866916915,0.28371916469340114,0.00014185958234670058,3,0.7662808353065982,0.23371916469340182
2018-08-10,-0.02312774010451419,-0.023228327507377217,0.20117480572605412,0.00010058740286302705,3,0.95,0.050000000000000044
2018-08-13,0.024313645721872897,0.024302424243069845,0.02244295760610493,1.1221478803052465e-05,3,0.9499999999999998,0.050000000000000155
2018-08-14,-0.028394962333821612,-0.028403420555339485,0.016916443035747353,8.458221517873676e-06,3,0.95,0.050000000000000044
2018-08-15,0.0051548572786736645,0.005144611167261139,0.02049222282504981,1.0246111412524905e-05,3,0.95,0.050000000000000044
2018-08-16,0.006804346647232504,0.006798730252552479,0.011232789360048928,5.616394680024464e-06,3,0.95,0.050000000000000044
2018-08-17,-0.017705634116029833,-0.01784726601731941,0.28326380257915523,0.0001416319012895776,3,0.766736197420844,0.23326380257915602
2018-08-20,0.020391565036970028,0.02029993313568045,0.18326380257915614,9.163190128957808e-05,3,0.9500000000000001,0.04999999999999993
2018-08-21,0.02205961060912478,0.0219199832771943,0.2792546638609565,0.00013962733193047824,3,0.7707453361390425,0.2292546638609575
2018-08-22,-0.007411691807907813,-0.007507238250273281,0.1910928847309345,9.554644236546725e-05,3,0.95,0.050000000000000044
2018-08-23,-0.0039918065139149285,-0.004014203749408585,0.044794470987311874,2.2397235493655937e-05,3,0.9499999999999998,0.050000000000000155
2018-08-24,-0.012164650707286577,-0.012297372747704533,0.26544408083591,0.000132722040417955,3,0.7845559191640893,0.2154440808359107
2018-08-27,0.000856454991276612,0.0007310707071085866,0.25076856833605077,0.00012538428416802538,3,0.9499999999999997,0.050000000000000266
2018-08-28,0.0003189666382287992,0.00020379954411861058,0.2303341882203772,0.00011516709411018861,3,0.819665811779622,0.18033418822037794
2018-08-29,-0.022240738416916896,-0.022312358173393044,0.14323951295229626,7.161975647614813e-05,3,0.95,0.050000000000000044
2018-08-30,0.00020215778459896968,8.641637240326597e-05,0.2314828243914074,0.0001157414121957037,3,0.8185171756085916,0.1814828243914084
2018-08-31,-0.012848061443387094,-0.01296363552616922,0.23114816556425258,0.00011557408278212629,3,0.95,0.050000000000000044
2018-09-04,-0.010115631819294778,-0.01013612883881627,0.04099403904298246,2.0497019521491232e-05,3,0.95,0.050000000000000044
2018-09-05,-0.05228435834018513,-0.05229538678939213,0.022056898413983644,1.1028449206991823e-05,3,0.95,0.050000000000000044
2018-09-06,0.020107486987124314,0.020006001071093252,0.20297183206212316,0.00010148591603106159,3,0.8470281679378759,0.15297183206212406
2018-09-07,0.024490134790186063,0.02443828609173076,0.10369739691061043,5.184869845530522e-05,3,0.95,0.050000000000000044
2018-09-10,0.009665597965642585,0.009643407256341805,0.04438141860155756,2.219070930077878e-05,3,0.95,0.050000000000000044
2018-09-11,-0.011791092043559371,-0.011805256503669403,0.028328920220065196,1.4164460110032599e-05,3,0.95,0.050000000000000044
2018-09-12,-0.0021237977551728056,-0.002129639633445614,0.011683756545617124,5.841878272808562e-06,3,0.95,0.050000000000000044
2018-09-13,-0.01522061186315377,-0.015230017241782643,0.018810757257746058,9.40537862887303e-06,3,0.95,0.050000000000000044
2018-09-14,-0.005931192716213903,-0.00594701163134726,0.03163783026671452,1.581891513335726e-05,3,0.95,0.050000000000000044
2018-09-17,-0.035740218143807595,-0.03583361044918124,0.18678461074729757,9.339230537364879e-05,3,0.8632153892527015,0.13678461074729853
2018-09-18,0.030558567985551587,0.030515175680177937,0.08678461074729843,4.339230537364921e-05,3,0.9499999999999998,0.050000000000000155
2018-09-19,0.018239061437033362,0.01823688102917419,0.004360815718340072,2.180407859170036e-06,3,0.9500000000000001,0.04999999999999993
2018-09-20,-0.02758954662741534,-0.02759963072856344,0.02016820229619476,1.008410114809738e-05,3,0.95,0.050000000000000044
2018-09-21,0.048099088530437616,0.04809804959906371,0.00207786274781252,1.03893137390626e-06,3,0.95,0.050000000000000044
2018-09-24,-0.011428462542984682,-0.011496630052759816,0.13633501955026778,6.816750977513389e-05,3,0.9136649804497312,0.08633501955026879
2018-09-25,-0.04999783466879971,-0.0501441114932103,0.2925536488211847,0.00014627682441059234,3,0.7937813707290831,0.20621862927091694
2018-09-26,-0.014432695384550456,-0.014524761330212932,0.18413189132495308,9.206594566247654e-05,3,0.95,0.050000000000000044
2018-09-27,-0.013812061236070997,-0.01384491953034244,0.06571658854288831,3.2858294271444156e-05,3,0.95,0.050000000000000044
2018-09-28,-0.008850999300551953,-0.008902306550875448,0.10261450064699151,5.130725032349576e-05,3,0.9473854993530075,0.05261450064699247
2018-10-01,-0.024406087763128394,-0.024412533606955635,0.012891687654486172,6.445843827243087e-06,3,0.9500000000000001,0.04999999999999993
2018-10-02,0.011578768513288207,0.011545482146466283,0.06657273364384642,3.328636682192321e-05,3,0.95,0.050000000000000044
2018-10-03,-0.024131178810076932,-0.02415074786035063,0.0391381005473973,1.956905027369865e-05,3,0.9499999999999998,0.050000000000000155
2018-10-04,-0.007065060224310218,-0.007095406028016152,0.060691607411869075,3.034580370593454e-05,3,0.9500000000000001,0.04999999999999993
2018-10-05,-0.017756295019965576,-0.017952805476635716,0.3930209133402822,0.0001965104566701411,3,0.6569790866597167,0.3430209133402833
2018-10-08,-0.014185691587795896,-0.014346195407113937,0.32100763863608484,0.0001605038193180424,3,0.95,0.050000000000000044
2018-10-09,-0.06378118550705696,-0.06381471828261114,0.0670655511083636,3.35327755541818e-05,3,0.95,0.050000000000000044
2018-10-10,-0.01641908881597688,-0.0164437942850035,0.04941093805323937,2.4705469026619685e-05,3,0.95,0.050000000000000044
2018-10-11,0.03457288482360795,0.034552184066187895,0.041401514840108844,2.0700757420054422e-05,3,0.9499999999999998,0.050000000000000155
2018-10-12,-0.024724276040689316,-0.02473993606398981,0.03132004660098686,1.566002330049343e-05,3,0.9499999999999998,0.050000000000000155
2018-10-15,0.05748446940857955,0.05745702920761638,0.05488040192633037,2.7440200963165185e-05,3,0.95,0.050000000000000044
2018-10-16,-0.01205267655357392,-0.012066686444538885,0.028019781929929988,1.4009890964964994e-05,3,0.9500000000000002,0.04999999999999982
2018-10-17,-0.028057865807011473,-0.028076459165836027,0.03718671764911108,1.859335882455554e-05,3,0.95,0.050000000000000044
2018-10-18,-0.03535772981730483,-0.03536811702881642,0.020774423023171507,1.0387211511585753e-05,3,0.95,0.050000000000000044
2018-10-19,0.016820569230952563,0.01681094468886074,0.019249084183648346,9.624542091824173e-06,3,0.9500000000000002,0.04999999999999982
2018-10-22,0.003676844520132489,0.0036632906823508456,0.027107675563286915,1.3553837781643457e-05,3,0.9499999999999998,0.050000000000000155
2018-10-23,-0.09559066736459328,-0.09560452385181646,0.027712974446376992,1.3856487223188497e-05,3,0.9500000000000001,0.04999999999999993
2018-10-24,0.06508959655798115,0.06507001351328542,0.03916608939144017,1.958304469572009e-05,3,0.9499999999999997,0.050000000000000266
2018-10-25,-0.00895701644420782,-0.008976812424969926,0.039591961524212016,1.979598076210601e-05,3,0.95,0.050000000000000044
2018-10-26,-0.030102811949034063,-0.030128588351115114,0.051552804162099675,2.5776402081049837e-05,3,0.95,0.050000000000000044
2018-10-29,0.011580776060633778,0.011569335253006836,0.022881615253885046,1.1440807626942523e-05,3,0.95,0.050000000000000044
2018-10-30,0.024060483581910024,0.02405703550298369,0.006896157852668283,3.448078926334142e-06,3,0.9499999999999998,0.050000000000000155
2018-10-31,0.10158486715484505,0.10154379006073953,0.08215418821103304,4.1077094105516524e-05,3,0.9499999999999998,0.050000000000000155
2018-11-01,0.024372930088962987,0.02435171019884366,0.04243978023865924,2.121989011932962e-05,3,0.9499999999999997,0.050000000000000266
2018-11-02,-0.007453030123226923,-0.007508435966437695,0.11081168642154554,5.540584321077277e-05,3,0.9391883135784538,0.06081168642154622
2018-11-05,0.011047327333487837,0.01102549269448774,0.04366927800019521,2.1834639000097605e-05,3,0.95,0.050000000000000044
2018-11-06,0.0357664687930532,0.03574048800883109,0.051961568444221284,2.5980784222110643e-05,3,0.9499999999999998,0.050000000000000155
2018-11-07,-0.05262049896257985,-0.052794541077930836,0.3480842307019733,0.00017404211535098667,3,0.7019157692980259,0.2980842307019741
2018-11-08,-0.022523653866146576,-0.022665813329653874,0.28431892701459677,0.0001421594635072984,3,0.95,0.050000000000000044
2018-11-09,-0.036401431575917936,-0.036417930053681775,0.03299695552768245,1.6498477763841225e-05,3,0.95,0.050000000000000044
2018-11-12,-0.0858189840261099,-0.08599380151018939,0.34963496815895134,0.00017481748407947569,3,0.7003650318410479,0.2996349681589521
2018-11-13,-0.028827877646314847,-0.029000906421769054,0.34605755090841467,0.00017302877545420734,3,0.9500000000000002,0.04999999999999982
2018-11-14,-0.011492656407844363,-0.011513624295232953,0.041935774777178136,2.0967887388589067e-05,3,0.95,0.050000000000000044
2018-11-15,-0.0007044545542081709,-0.0007377320505955074,0.0665549927746732,3.3277496387336596e-05,3,0.95,0.050000000000000044
2018-11-16,-0.06000319957520639,-0.06001710265624122,0.027806162069654666,1.3903081034827334e-05,3,0.95,0.050000000000000044
2018-11-19,-0.0189497593559045,-0.01895845928333437,0.01739985485973841,8.699927429869206e-06,3,0.95,0.050000000000000044
2018-11-20,0.028448220070387116,0.02843434090197487,0.02775833682449136,1.387916841224568e-05,3,0.9500000000000001,0.04999999999999993
2018-11-21,-0.012165521289046794,-0.012173940319529796,0.016838060966005153,8.419030483002577e-06,3,0.95,0.050000000000000044
2018-11-23,0.01823706382380347,0.018191039345155244,0.09204895729645796,4.602447864822898e-05,3,0.9500000000000002,0.04999999999999982
2018-11-26,-0.03997899227710897,-0.04002107361494085,0.08416267566375488,4.208133783187744e-05,3,0.9499999999999998,0.050000000000000155
2018-11-27,0.04960828624076884,0.049592788259764375,0.03099596200891977,1.5497981004459884e-05,3,0.95,0.050000000000000044
2018-11-28,0.0003193616546608639,0.00026811966446627273,0.10248398038918238,5.124199019459119e-05,3,0.9475160196108169,0.052483980389183116
2018-11-29,0.0007505249010798867,0.0007267935626096889,0.0474626769403958,2.37313384701979e-05,3,0.9500000000000002,0.04999999999999982
2018-11-30,0.032303035980046274,0.03227580759168355,0.05445677672543747,2.7228388362718738e-05,3,0.9499999999999998,0.050000000000000155
2018-12-03,-0.05058079995661181,-0.05075209433364843,0.34258875407324263,0.00017129437703662133,3,0.7074112459267567,0.29258875407324325
2018-12-04,0.038761703025538115,0.0386404086485015,0.24258875407324318,0.00012129437703662159,3,0.95,0.050000000000000044
2018-12-06,-0.05195001527490351,-0.05195719257899687,0.014354608186711804,7.177304093355902e-06,3,0.95,0.050000000000000044
2018-12-07,0.014358023240339834,0.014043991080874564,0.6280643189305384,0.0003140321594652692,3,0.42193568106946083,0.5780643189305392
2018-12-10,0.00820614920423315,0.007895613105055776,0.6210721983547507,0.00031053609917737533,3,0.95,0.050000000000000044
2018-12-11,0.06912308087830854,0.06910726005593572,0.031641644745644154,1.5820822372822076e-05,3,0.95,0.050000000000000044
2018-12-12,-0.010879451130139862,-0.010910018647444512,0.06113503460929706,3.0567517304648533e-05,3,0.95,0.050000000000000044
2018-12-13,-0.02855543203615075,-0.02869908049292689,0.2872969135522783,0.00014364845677613917,3,0.7627030864477209,0.2372969135522791
2018-12-14,-0.03842929881876803,-0.03852294727554417,0.18729691355227887,9.364845677613944e-05,3,0.9499999999999997,0.050000000000000266
2018-12-17,-0.01380601857732259,-0.013946724326736963,0.2814114988287456,0.00014070574941437282,3,0.7685885011712538,0.23141149882874623
2018-12-18,-0.002844194610916389,-0.0029384099907330025,0.18843075963322692,9.421537981661345e-05,3,0.9500000000000001,0.04999999999999993
2018-12-19,-0.05299780084779729,-0.05302090075689793,0.04619981820128519,2.3099909100642595e-05,3,0.95,0.050000000000000044
2018-12-20,-0.08756713227524329,-0.0875775667376917,0.020868924896799257,1.043446244839963e-05,3,0.9500000000000001,0.04999999999999993
2018-12-21,-0.022169274072040245,-0.022194491297208723,0.05043445033696023,2.5217225168480116e-05,3,0.95,0.050000000000000044
2018-12-24,0.11236455081425323,0.11234809287309924,0.03291588230796097,1.6457941153980486e-05,3,0.9499999999999998,0.050000000000000155
2018-12-26,0.017073159235572295,0.017030951256067146,0.08441595901030241,4.220797950515121e-05,3,0.9500000000000001,0.04999999999999993
2018-12-27,-0.012353598840051553,-0.012374317940726265,0.04143820134942472,2.071910067471236e-05,3,0.95,0.050000000000000044
2018-12-28,0.03745213122558978,0.03744609387396357,0.01207470325242882,6.03735162621441e-06,3,0.95,0.050000000000000044
2018-12-31,-0.002928887962502239,-0.0029397860803903665,0.02179623577625478,1.089811788812739e-05,3,0.9500000000000002,0.04999999999999982
2019-01-02,-0.05306961030210588,-0.05322686669323039,0.31451278224901247,0.00015725639112450625,3,0.7354872177509868,0.2645127822490132
2019-01-03,0.08298301160569614,0.08287011239149572,0.22579842840084052,0.00011289921420042026,3,0.95,0.050000000000000044
2019-01-04,0.05162140833914351,0.05143374273397712,0.37533121033278655,0.0001876656051663933,3,0.6746687896672128,0.3253312103327872
2019-01-07,0.025103196873979522,0.024965531268813127,0.2753312103327871,0.00013766560516639356,3,0.95,0.050000000000000044
2019-01-08,-0.014481902848185634,-0.014503277966371885,0.04275023637250308,2.137511818625154e-05,3,0.9499999999999998,0.050000000000000155
2019-01-09,-0.03931524145689401,-0.03932345928060972,0.01643564743141973,8.217823715709866e-06,3,0.95,0.050000000000000044
2019-01-10,-0.005387406430515176,-0.005407773267964619,0.0407336748988853,2.036683744944265e-05,3,0.9499999999999997,0.050000000000000266
2019-01-11,0.0034971205039798247,0.0034954007442454223,0.0034395194688047193,1.7197597344023596e-06,3,0.9500000000000001,0.04999999999999993
2019-01-14,0.032818325893829686,0.032816583458461474,0.0034848707364207865,1.7424353682103933e-06,3,0.9499999999999997,0.050000000000000266
2019-01-15,-0.01847079885248487,-0.01848871580820285,0.035833911435958266,1.7916955717979134e-05,3,0.95,0.050000000000000044
2019-01-16,0.019932667112666003,0.019920682931042363,0.0239683632472793,1.198418162363965e-05,3,0.95,0.050000000000000044
2019-01-17,0.042465719223890946,0.042440010859411764,0.05141672895835969,2.5708364479179848e-05,3,0.9499999999999998,0.050000000000000155
2019-01-18,-0.019036301601921077,-0.019197714791132456,0.32282637842275674,0.00016141318921137837,3,0.7271736215772426,0.27282637842275737
2019-01-22,0.014517901673103557,0.014357324417320506,0.3211545115661008,0.0001605772557830504,3,0.95,0.050000000000000044
2019-01-23,0.007154016248805871,0.007147072123890325,0.013888249831092214,6.9441249155461075e-06,3,0.95,0.050000000000000044
2019-01-24,0.02498233964029202,0.024964010296932116,0.0366586867198091,1.832934335990455e-05,3,0.95,0.050000000000000044
2019-01-25,-0.0017476759609716475,-0.0018968061795665097,0.29826043718972417,0.00014913021859486208,3,0.7517395628102752,0.2482604371897248
2019-01-28,-0.022050969360985728,-0.02215250850681542,0.2030782916593865,0.00010153914582969326,3,0.95,0.050000000000000044
2019-01-29,0.025102027683279255,0.025094915407651634,0.014224551255244522,7.112275627622261e-06,3,0.95,0.050000000000000044
2019-01-30,0.04518505571438598,0.0451795105436093,0.011090341553366523,5.545170776683261e-06,3,0.95,0.050000000000000044
2019-01-31,0.0073527173746296675,0.007208063437843542,0.2893078735722515,0.00014465393678612576,3,0.760692126427748,0.23930787357225203
2019-02-01,0.021369427634499734,0.021274692421472542,0.1894704260543814,9.47352130271907e-05,3,0.95,0.050000000000000044
2019-02-04,0.01362342498977102,0.013607239125675628,0.032371728190783544,1.618586409539177e-05,3,0.95,0.050000000000000044
2019-02-05,-0.02072819994824651,-0.0207356080631249,0.014816229756786342,7.408114878393171e-06,3,0.95,0.050000000000000044
2019-02-06,-0.009239325816057155,-0.009408986214020339,0.3393207959263675,0.00016966039796318375,3,0.7106792040736318,0.28932079592636817
2019-02-07,0.0040057509883298925,0.0038194473896801784,0.37260719729942826,0.00018630359864971413,3,0.9167135986269392,0.08328640137306076
2019-02-08,0.01727987966334365,0.017249986709030083,0.0597859086271294,2.9892954313564703e-05,3,0.95,0.050000000000000044
2019-02-11,-0.0029908831279917853,-0.0031556937948859767,0.32962133378838293,0.00016481066689419147,3,0.7203786662116165,0.2796213337883835
2019-02-12,-0.029451615177897777,-0.02956642584479197,0.2296213337883835,0.00011481066689419176,3,0.95,0.050000000000000044
2019-02-13,0.005661143754079633,0.005640949352235728,0.04038880368781178,2.0194401843905892e-05,3,0.95,0.050000000000000044
2019-02-14,0.005839948439664997,0.005700672279003717,0.2785523213225599,0.00013927616066127996,3,0.7714476786774395,0.22855232132256054
2019-02-15,-0.016019401124236193,-0.0161817961860591,0.3247901236458147,0.00016239506182290735,3,0.9037621976767451,0.09623780232325485
2019-02-19,0.014830550437836196,0.014800069144693758,0.06096258628487694,3.048129314243847e-05,3,0.95,0.050000000000000044
2019-02-20,-0.021869820791112455,-0.02201905727558023,0.2984729689355529,0.00014923648446777646,3,0.7515270310644464,0.2484729689355536
2019-02-21,0.04283086844720273,0.04267198281916385,0.3177712560777554,0.0001588856280388777,3,0.9307017128577975,0.06929828714220254
2019-02-22,0.018703696995556237,0.01868851772860531,0.03035853390185511,1.5179266950927556e-05,3,0.9500000000000001,0.04999999999999993
2019-02-25,-0.005272329827608915,-0.005419422955233967,0.29418625525010406,0.00014709312762505204,3,0.7558137447498952,0.24418625525010484
2019-02-26,0.00019357504484365448,9.648191721860207e-05,0.19418625525010483,9.709312762505241e-05,3,0.9500000000000001,0.04999999999999993
2019-02-27,-0.02507806758561233,-0.0252323771607813,0.30861915033794046,0.00015430957516897025,3,0.7413808496620589,0.25861915033794114
2019-02-28,0.0037127731029430043,0.003555075596647791,0.31539501259042674,0.00015769750629521337,3,0.9432241377475137,0.05677586225248632
2019-03-01,-0.011505589645522658,-0.011662644889960293,0.3141104888752711,0.00015705524443763554,3,0.7426653733772144,0.2573346266227856
2019-03-04,0.026319341128458462,0.026197370172817043,0.24394191128283846,0.00012197095564141923,3,0.95,0.050000000000000044
2019-03-05,0.010260746302614107,0.010226987122617198,0.06751835999381792,3.375917999690896e-05,3,0.9499999999999998,0.050000000000000155
2019-03-06,0.016847218037461708,0.016814643903210677,0.06514826850206218,3.257413425103109e-05,3,0.95,0.050000000000000044
2019-03-07,0.03381070826028156,0.033793796671233105,0.033823178096909184,1.6911589048454593e-05,3,0.9499999999999998,0.050000000000000155
2019-03-08,0.032303050914282705,0.03228157672300193,0.04294838256155353,2.1474191280776766e-05,3,0.9499999999999998,0.050000000000000155
2019-03-11,0.024167179738199842,0.024166780321967625,0.000798832464431215,3.9941623221560753e-07,3,0.95,0.050000000000000044
2019-03-12,0.012055353930298118,0.012023704640035146,0.06329858052594456,3.164929026297228e-05,3,0.95,0.050000000000000044
2019-03-13,0.07558435015298315,0.07555693229552127,0.05483571492376049,2.7417857461880245e-05,3,0.9499999999999997,0.050000000000000266
2019-03-14,0.012385899375059874,0.012356313911454298,0.05917092721115125,2.9585463605575623e-05,3,0.95,0.050000000000000044
2019-03-15,0.030947528521318657,0.030902307570439207,0.09044190175890235,4.522095087945118e-05,3,0.95,0.050000000000000044
2019-03-18,0.06549510642559815,0.06548171311775695,0.026786615682407533,1.3393307841203767e-05,3,0.9500000000000001,0.04999999999999993
2019-03-19,-0.03488082758821084,-0.03513937449093923,0.5170938054567783,0.0002585469027283892,3,0.5329061945432209,0.46709380545677914
2019-03-20,0.06218903540403366,0.061914618858789836,0.548833090487648,0.000274416545243824,3,0.9182607149691303,0.08173928503086969
2019-03-21,-0.018396862472534425,-0.01856076801616667,0.32781108726449415,0.00016390554363224707,3,0.7539281977663747,0.24607180223362535
2019-03-22,0.10780685687374353,0.107703132325034,0.2074490974190385,0.00010372454870951925,3,0.95,0.050000000000000044
2019-03-25,-0.05153232975862843,-0.051716455970115,0.36825242297312555,0.00018412621148656278,3,0.6817475770268736,0.3182524229731264
2019-03-26,0.0002861240230181885,-1.9641654907931634e-05,0.6115313558522403,0.00030576567792612013,3,0.7067210671208852,0.2932789328791148
2019-03-27,-0.0015305997264959022,-0.0016522391929354595,0.2432789328791148,0.00012163946643955741,3,0.95,0.050000000000000044
2019-03-28,0.018521232316244553,0.0183224166542053,0.39763132407851065,0.00019881566203925534,3,0.6523686759214884,0.3476313240785116
2019-03-29,-0.007158612151393132,-0.0073084812218599015,0.29973814093353823,0.00014986907046676912,3,0.9500000000000001,0.04999999999999993
2019-04-01,0.009418303457687998,0.00940042615956365,0.03575459624869487,1.7877298124347435e-05,3,0.95,0.050000000000000044
2019-04-02,-0.002585643561188308,-0.002615870815834517,0.06045450929241808,3.022725464620904e-05,3,0.95,0.050000000000000044
2019-04-03,-0.0239586819340028,-0.023978091674828308,0.03881948165101115,1.9409740825505575e-05,3,0.95,0.050000000000000044
2019-04-04,0.020493630515323824,0.020483457477546027,0.020346075555593895,1.0173037777796949e-05,3,0.95,0.050000000000000044
2019-04-05,0.0031759564855103448,0.0031710827361868376,0.009747498647014102,4.873749323507052e-06,3,0.95,0.050000000000000044
2019-04-08,-0.013160995816971239,-0.013163888496482652,0.005785359022827535,2.8926795114137677e-06,3,0.95,0.050000000000000044
2019-04-09,0.01862736525744631,0.018610780760425143,0.03316899404233367,1.6584497021166837e-05,3,0.9500000000000001,0.04999999999999993
2019-04-10,-0.012092081897480022,-0.01210778428821552,0.031404781470996984,1.570239073549849e-05,3,0.95,0.050000000000000044
2019-04-11,-0.012394583280646748,-0.012413708525368144,0.03825048944279111,1.9125244721395554e-05,3,0.9500000000000001,0.04999999999999993
2019-04-12,0.02895412332790756,0.02880427075362911,0.2997051485568977,0.00014985257427844887,3,0.7502948514431014,0.24970514855689863
2019-04-15,0.0225834345749846,0.022473377693092725,0.22011376378375438,0.0001100568818918772,3,0.95,0.050000000000000044
2019-04-16,-0.03290457921083411,-0.03292722089964418,0.04528337762013879,2.2641688810069393e-05,3,0.9500000000000001,0.04999999999999993
2019-04-17,-0.00973400144624408,-0.00976028283206805,0.052562771647939766,2.6281385823969884e-05,3,0.95,0.050000000000000044
2019-04-18,0.030032770168696307,0.02999975659799499,0.06602714140263927,3.3013570701319634e-05,3,0.95,0.050000000000000044
2019-04-22,0.03722761182972962,0.0372182635325968,0.018696594265636135,9.348297132818068e-06,3,0.9500000000000001,0.04999999999999993
2019-04-23,-0.005360746271237501,-0.005370481469148004,0.01947039582100732,9.73519791050366e-06,3,0.9500000000000001,0.04999999999999993
2019-04-24,0.03143931430724237,0.031385919792640445,0.10678902920385833,5.339451460192916e-05,3,0.9432109707961408,0.0567890292038592
2019-04-25,0.028230093877150805,0.028202483785746496,0.055220182808614904,2.761009140430745e-05,3,0.95,0.050000000000000044
2019-04-26,0.015376020582511793,0.015361514827450597,0.029011510122390866,1.4505755061195433e-05,3,0.9499999999999998,0.050000000000000155
2019-04-29,-0.0029589087363653156,-0.0029896063017006247,0.06139513067061833,3.0697565335309166e-05,3,0.95,0.050000000000000044
2019-04-30,-0.01638017945644458,-0.016400352207387895,0.04034550188662861,2.0172750943314306e-05,3,0.95,0.050000000000000044
2019-05-01,-0.0013674272642418507,-0.0014154739791745515,0.0960934298654017,4.804671493270085e-05,3,0.95,0.050000000000000044
2019-05-02,0.02297914171890067,0.022959099475994012,0.040084485813315196,2.00422429066576e-05,3,0.9500000000000001,0.04999999999999993
2019-05-03,0.02120138961040015,0.021193831511522845,0.015116197754614924,7.5580988773074625e-06,3,0.9500000000000002,0.04999999999999982
2019-05-06,-0.007781142632485996,-0.007812591228370717,0.06289719176944036,3.144859588472018e-05,3,0.9499999999999997,0.050000000000000266
2019-05-07,0.007400238741009561,0.007384067207398433,0.032343067222255883,1.6171533611127942e-05,3,0.9499999999999997,0.050000000000000266
2019-05-08,-0.032637993630078736,-0.03264215011253072,0.00831296490397343,4.156482451986715e-06,3,0.95,0.050000000000000044
2019-05-09,0.019345493325399248,0.0193386227645277,0.013741121743092971,6.870560871546485e-06,3,0.9500000000000001,0.04999999999999993
2019-05-10,-0.012691077276478644,-0.012706104485606903,0.03005441825651875,1.5027209128259376e-05,3,0.95,0.050000000000000044
2019-05-13,0.025651794750229096,0.025646601674155178,0.010386152147836503,5.193076073918252e-06,3,0.9499999999999998,0.050000000000000155
2019-05-14,0.03614406093978567,0.035984236013046816,0.3196498534777043,0.00015982492673885217,3,0.730350146522295,0.269649853477705
2019-05-15,0.027417916378656492,0.02726721705499643,0.3013986473201252,0.0001506993236600626,3,0.95,0.050000000000000044
2019-05-16,-0.012317101629615612,-0.012456699594384828,0.2791959295384304,0.0001395979647692152,3,0.7708040704615688,0.22919592953843115
2019-05-17,-0.022910627083813122,-0.02300022504858234,0.17919592953843105,8.959796476921553e-05,3,0.95,0.050000000000000044
2019-05-20,0.01889486728169067,0.018772724023304044,0.2442865167732543,0.00012214325838662716,3,0.805713483226745,0.19428651677325504
2019-05-21,0.02314204709735379,0.02301534335145488,0.2534074917978224,0.0001267037458989112,3,0.9408790249754317,0.059120975024568256
2019-05-22,-0.038815934475781126,-0.038821117448192194,0.010365944822130685,5.182972411065343e-06,3,0.95,0.050000000000000044
2019-05-23,0.030902167825254626,0.03089688011678893,0.010575416931391773,5.287708465695887e-06,3,0.9500000000000001,0.04999999999999993
2019-05-24,0.012644778566733423,0.012515119724152273,0.2593176851622995,0.00012965884258114976,3,0.7906823148376996,0.20931768516230043
2019-05-28,-0.020984866243663636,-0.021064525086244786,0.15931768516230038,7.96588425811502e-05,3,0.95,0.050000000000000044
2019-05-29,1.213244217301672e-06,-1.4705419684644583e-05,0.03183732780389251,1.5918663901946255e-05,3,0.95,0.050000000000000044
2019-05-30,-0.04192962446399445,-0.04193360258096121,0.007956233933521378,3.978116966760689e-06,3,0.9500000000000001,0.04999999999999993
2019-05-31,-0.011852816626159486,-0.011987807351943063,0.2699814515671536,0.0001349907257835768,3,0.7800185484328457,0.21998145156715432
2019-06-03,0.014312496163990026,0.014087496163990026,0.44999999999999996,0.000225,3,0.7699814515671535,0.23001854843284653
2019-06-04,-0.040424624042373646,-0.04060051772061685,0.3517873564864081,0.00017589367824320405,3,0.8782311919464376,0.12176880805356238
2019-06-05,0.016497384644218384,0.016461500240191603,0.0717688080535624,3.58844040267812e-05,3,0.9499999999999998,0.050000000000000155
2019-06-06,0.02013825685454764,0.020119681350370525,0.03715100835422988,1.857550417711494e-05,3,0.9500000000000001,0.04999999999999993
2019-06-07,-0.015313393382219438,-0.015445251374823193,0.26371598520751216,0.0001318579926037561,3,0.786284014792487,0.213715985207513
2019-06-10,0.0020200611746624773,0.001928537715150306,0.1830469190243425,9.152345951217126e-05,3,0.95,0.050000000000000044
2019-06-11,0.02603114224179018,0.026022698163207084,0.016888157166192214,8.444078583096106e-06,3,0.9499999999999998,0.050000000000000155
2019-06-12,0.02695678618806374,0.026956166082060893,0.0012402120057002086,6.201060028501044e-07,3,0.9500000000000001,0.04999999999999993
2019-06-13,-0.009582780427782132,-0.009609540953275165,0.05352105098606594,2.676052549303297e-05,3,0.9499999999999998,0.050000000000000155
2019-06-14,0.01578626578861448,0.01578049408588093,0.011543405467099283,5.771702733549641e-06,3,0.95,0.050000000000000044
2019-06-17,0.03823858012600656,0.0381112350963842,0.2546900592447202,0.0001273450296223601,3,0.7953099407552789,0.20469005924472106
2019-06-18,0.012368560615902517,0.012241215586280158,0.2546900592447202,0.0001273450296223601,3,0.95,0.050000000000000044
2019-06-19,0.0075718959989516475,0.0074452035303382786,0.25338493722673794,0.00012669246861336897,3,0.7966150627732612,0.20338493722673878
2019-06-20,-0.03728358393943072,-0.03741027640804409,0.25338493722673794,0.00012669246861336897,3,0.95,0.050000000000000044
2019-06-21,-0.01694189240048551,-0.0170693665695115,0.25494833805198175,0.00012747416902599088,3,0.7950516619480175,0.20494833805198254
2019-06-24,-0.019513661650030666,-0.019643510701334268,0.2596981026072058,0.0001298490513036029,3,0.9452502354447758,0.05474976455522418
2019-06-25,-0.027679649720935375,-0.027696712602882062,0.034125763893375044,1.7062881946687522e-05,3,0.95,0.050000000000000044
2019-06-26,0.08403122570134032,0.08402068802906065,0.02107534455932833,1.0537672279664164e-05,3,0.9500000000000001,0.04999999999999993
2019-06-27,0.011314606560941787,0.011182682345943478,0.2638484299966171,0.00013192421499830855,3,0.7861515700033821,0.2138484299966179
2019-06-28,0.01674531659325177,0.01661246251728877,0.2657081519260017,0.00013285407596300088,3,0.9481402780706154,0.051859721929384595
2019-07-01,0.025252180143264406,0.025248277853967348,0.007804578594113959,3.902289297056979e-06,3,0.9500000000000001,0.04999999999999993
2019-07-02,0.0048121959983484265,0.004796898599325091,0.030594798046670008,1.5297399023335003e-05,3,0.9500000000000001,0.04999999999999993
2019-07-03,0.013519533776823007,0.013511614419917797,0.01583871381041979,7.919356905209896e-06,3,0.9499999999999998,0.050000000000000155
2019-07-05,0.022209959179876948,0.022196688400698966,0.026541558355963335,1.3270779177981667e-05,3,0.95,0.050000000000000044
2019-07-08,-0.007660922171253197,-0.007664327480745008,0.006810618983621786,3.405309491810893e-06,3,0.9500000000000001,0.04999999999999993
2019-07-09,-0.01753880264860398,-0.017681369033753353,0.2851327702987509,0.00014256638514937545,3,0.7648672297012482,0.2351327702987518
2019-07-10,-0.008599015240540698,-0.008698762327384776,0.19949417368815425,9.974708684407713e-05,3,0.95,0.050000000000000044
2019-07-11,0.0003640763128885671,0.00035242552547498033,0.023301574827173543,1.1650787413586772e-05,3,0.95,0.050000000000000044
2019-07-12,-0.0007713193445194003,-0.0007741935421968736,0.005748395354946645,2.8741976774733223e-06,3,0.95,0.050000000000000044
2019-07-15,-0.0021773006281430533,-0.002190878630358489,0.027156004430871822,1.3578002215435911e-05,3,0.95,0.050000000000000044
2019-07-16,0.0007483324410306573,0.0007443133590530759,0.008038163955162797,4.019081977581399e-06,3,0.9499999999999998,0.050000000000000155
2019-07-17,0.013905963237394306,0.01389915053230163,0.013625410185352321,6.81270509267616e-06,3,0.9500000000000001,0.04999999999999993
2019-07-18,-0.005774014078640201,-0.005777787820484353,0.007547483688302936,3.7737418441514683e-06,3,0.95,0.050000000000000044
2019-07-19,0.02994081510237634,0.02992937917047401,0.022871863804660608,1.1435931902330304e-05,3,0.9500000000000001,0.04999999999999993
2019-07-22,-0.02734581535252776,-0.02734666251691057,0.0016943287656191186,8.471643828095593e-07,3,0.95,0.050000000000000044
2019-07-23,-0.0010354847036952483,-0.0010357712040025497,0.0005730006146026645,2.8650030730133227e-07,3,0.95,0.050000000000000044
2019-07-24,0.0008390826620882299,0.0008291442962748628,0.019876731626734256,9.938365813367129e-06,3,0.95,0.050000000000000044
2019-07-25,0.04428573420035381,0.044148789050108654,0.2738903004903097,0.00013694515024515486,3,0.7761096995096894,0.22389030049031056
2019-07-26,-0.020137217592015047,-0.0202241627422602,0.17389030049031057,8.694515024515528e-05,3,0.9499999999999998,0.050000000000000155
2019-07-29,-0.004670715763261523,-0.004685453580197776,0.029475633872506152,1.4737816936253076e-05,3,0.9500000000000001,0.04999999999999993
2019-07-30,0.06015078874649468,0.06014168990461833,0.0181976837526997,9.09884187634985e-06,3,0.95,0.050000000000000044
2019-07-31,0.027632042890707652,0.027630363913623446,0.0033579541684104486,1.6789770842052243e-06,3,0.95,0.050000000000000044
2019-08-01,-0.00014746725886939302,-0.00014798687023763484,0.0010392227364836581,5.196113682418291e-07,3,0.95,0.050000000000000044
2019-08-02,-0.043737921669708066,-0.04385845203631184,0.2410607332075536,0.00012053036660377681,3,0.8089392667924455,0.19106073320755446
2019-08-05,0.020177000434215112,0.020060657968735227,0.23268493095977305,0.00011634246547988653,3,0.95,0.050000000000000044
2019-08-06,0.02760194099132837,0.027595936245317695,0.012009492021348295,6.004746010674148e-06,3,0.9500000000000001,0.04999999999999993
2019-08-07,0.02450116307899525,0.024498790248805805,0.004745660378889238,2.372830189444619e-06,3,0.9500000000000002,0.04999999999999982
2019-08-08,-0.0031108517410785713,-0.0031243849513005817,0.027066420444020495,1.3533210222010248e-05,3,0.95,0.050000000000000044
2019-08-09,-0.012396052362779093,-0.012513325242392572,0.23454575922695686,0.00011727287961347843,3,0.8154542407730423,0.1845457592269577
2019-08-12,0.05727502620761449,0.05720775332800101,0.13454575922695777,6.727287961347889e-05,3,0.9500000000000002,0.04999999999999982
2019-08-13,-0.04758711166612362,-0.047592696710351316,0.01117008845538997,5.585044227694985e-06,3,0.95,0.050000000000000044
2019-08-14,-0.07607944652722835,-0.07608623144455429,0.013569834651853241,6.78491732592662e-06,3,0.95,0.050000000000000044
2019-08-15,0.057089899725377646,0.05707517336473902,0.02945272127726295,1.4726360638631476e-05,3,0.9500000000000001,0.04999999999999993
2019-08-16,0.01464382840812043,0.014641309710036509,0.005037396167840741,2.5186980839203704e-06,3,0.9499999999999998,0.050000000000000155
2019-08-19,0.0073101366297467175,0.007310109863063566,5.353336630217753e-05,2.6766683151088766e-08,3,0.9499999999999998,0.050000000000000155
2019-08-20,0.031500106578028125,0.03149597822348487,0.008256709086506303,4.128354543253152e-06,3,0.9500000000000001,0.04999999999999993
2019-08-21,-0.0356718508022026,-0.03568680232751957,0.029903050633945744,1.4951525316972872e-05,3,0.95,0.050000000000000044
2019-08-22,-0.013245082783236762,-0.013259350305112194,0.028535043750862632,1.4267521875431317e-05,3,0.95,0.050000000000000044
2019-08-23,0.011972860368581856,0.011971641936869047,0.002436863425618385,1.2184317128091927e-06,3,0.95,0.050000000000000044
2019-08-26,-0.04044811554520604,-0.04045840446546771,0.020577840523335278,1.028892026166764e-05,3,0.95,0.050000000000000044
2019-08-27,0.028894602745346217,0.028889240132160564,0.010725226371309488,5.362613185654744e-06,3,0.9500000000000001,0.04999999999999993
2019-08-28,-0.005084393176357214,-0.005092439474762193,0.016092596809957754,8.046298404978877e-06,3,0.95,0.050000000000000044
2019-08-29,-0.012373351079079069,-0.012424690849076056,0.10267953999397461,5.1339769996987304e-05,3,0.9473204600060245,0.052679539993975455
2019-08-30,-0.052017554048010235,-0.052044968643670204,0.05482919131993361,2.7414595659966805e-05,3,0.9499999999999998,0.050000000000000155
2019-09-03,0.01722943689796572,0.01720553475197698,0.047804291977481844,2.390214598874092e-05,3,0.95,0.050000000000000044
2019-09-04,-0.030764065236944867,-0.030770717341032667,0.013304208175603405,6.652104087801703e-06,3,0.95,0.050000000000000044
2019-09-05,0.010036296383362524,0.010011685572488,0.049221621749047234,2.4610810874523617e-05,3,0.9499999999999997,0.050000000000000266
2019-09-06,-0.039754252100943875,-0.03978132942282249,0.05415464375723256,2.7077321878616278e-05,3,0.9500000000000001,0.04999999999999993
2019-09-09,-0.0032232286661374268,-0.0032314622180048694,0.016467103734884914,8.233551867442456e-06,3,0.9500000000000001,0.04999999999999993
2019-09-10,0.04223279810275752,0.042216787384655514,0.032021436204012654,1.6010718102006326e-05,3,0.95,0.050000000000000044
2019-09-11,-0.024170053749923884,-0.024190147994069704,0.04018848829163768,2.009424414581884e-05,3,0.95,0.050000000000000044
2019-09-12,0.012192862846108293,0.012182150645155886,0.02142440190481268,1.071220095240634e-05,3,0.95,0.050000000000000044
2019-09-13,0.044128366662709376,0.04411698356898999,0.02276618743876488,1.138309371938244e-05,3,0.9499999999999998,0.050000000000000155
2019-09-16,0.027720837208754533,0.02768165743211701,0.07835955327504485,3.9179776637522426e-05,3,0.95,0.050000000000000044
2019-09-17,0.007544245913183377,0.007522437735728398,0.04361635490995763,2.1808177454978817e-05,3,0.95,0.050000000000000044
2019-09-18,0.018424681931541242,0.018389695092929814,0.06997367722285402,3.498683861142701e-05,3,0.95,0.050000000000000044
2019-09-19,0.011923217734164222,0.011904391301691705,0.03765286494503514,1.882643247251757e-05,3,0.95,0.050000000000000044
2019-09-20,-0.025441734234764393,-0.02545507766865955,0.026686867790316704,1.3343433895158353e-05,3,0.95,0.050000000000000044
2019-09-23,-0.050406275606398224,-0.05049612332151209,0.17969543022774054,8.984771511387027e-05,3,0.8703045697722587,0.12969543022774133
2019-09-24,0.011274140456815043,0.011188347991212912,0.17158493120426116,8.579246560213058e-05,3,0.95,0.050000000000000044
2019-09-25,-0.05927041001716476,-0.059358856438104304,0.17689284187908721,8.844642093954361e-05,3,0.8731071581209119,0.12689284187908811
2019-09-26,-0.06601523377863322,-0.06610528869245955,0.18010982765266498,9.005491382633249e-05,3,0.9467830142264222,0.05321698577357781
2019-09-27,-0.03818508320922077,-0.038202898527971714,0.035630637501890855,1.781531875094543e-05,3,0.95,0.050000000000000044
2019-09-30,-0.07786532890772166,-0.07789969116535428,0.06872451526523236,3.436225763261618e-05,3,0.9499999999999998,0.050000000000000155
2019-10-01,0.04645482325892558,0.04644762292798794,0.014400661875292306,7.200330937646153e-06,3,0.95,0.050000000000000044
2019-10-02,0.009684826413265827,0.00966985803319901,0.029936760133634915,1.4968380066817458e-05,3,0.95,0.050000000000000044
2019-10-03,0.01910021052858122,0.018991293093883754,0.21783486939492847,0.00010891743469746424,3,0.8321651306050707,0.1678348693949293
2019-10-04,-0.0014053436780205601,-0.0014690754745966435,0.12746359315216677,6.373179657608338e-05,3,0.95,0.050000000000000044
2019-10-07,0.011844896883412595,0.011834710548199364,0.020372670426462486,1.0186335213231242e-05,3,0.9500000000000001,0.04999999999999993
2019-10-08,0.003656339089117392,0.00365254322151039,0.007591735214003581,3.7958676070017905e-06,3,0.9500000000000001,0.04999999999999993
2019-10-09,-0.002997823068657415,-0.003040170531966912,0.08469492661899394,4.2347463309496975e-05,3,0.95,0.050000000000000044
2019-10-10,0.017225542007798144,0.017222291521705266,0.006500972185755127,3.250486092877564e-06,3,0.95,0.050000000000000044
2019-10-11,0.005313702860248048,0.0052762170167555,0.07497168698509596,3.748584349254798e-05,3,0.95,0.050000000000000044
2019-10-14,0.07574337614391911,0.07573697341456909,0.012805458700067412,6.4027293500337065e-06,3,0.95,0.050000000000000044
2019-10-15,0.0241814492405981,0.024168769728306054,0.02535902458409467,1.2679512292047335e-05,3,0.95,0.050000000000000044
2019-10-16,0.03961164455583893,0.03960323763873336,0.016813834211152207,8.406917105576103e-06,3,0.9500000000000001,0.04999999999999993
2019-10-17,-0.037216289441228165,-0.03731690772788823,0.20123657332013734,0.00010061828666006867,3,0.8487634266798617,0.1512365733201383
2019-10-18,0.039499405802883414,0.03937432203629822,0.2501675331703882,0.0001250837665851941,3,0.9010690401497491,0.09893095985025091
2019-10-21,-0.04049497813766663,-0.0405967559616034,0.20355564787353417,0.00010177782393676709,3,0.8953753119767157,0.10462468802328428
2019-10-22,0.022512660819125535,0.02240901050414106,0.20730062996895504,0.00010365031498447752,3,0.8973240580543282,0.10267594194567176
2019-10-23,0.00018326722645062516,7.85681215522823e-05,0.20939820979668572,0.00010469910489834286,3,0.8932777321489851,0.10672226785101491
2019-10-24,0.027376726711198913,0.027279040061027944,0.19537330034193626,9.768665017096813e-05,3,0.9113489675090777,0.08865103249092232
2019-10-25,0.010156742522906822,0.010123886342446748,0.06571236092014707,3.285618046007353e-05,3,0.9499999999999998,0.050000000000000155
2019-10-28,0.007300968397787697,0.007277079842251635,0.047777111072121986,2.3888555536060993e-05,3,0.9499999999999997,0.050000000000000266
2019-10-29,-0.10929342691688512,-0.10933148515185095,0.07611646993165722,3.805823496582861e-05,3,0.95,0.050000000000000044
2019-10-30,0.0311484588088778,0.03110023171143563,0.0964541948843354,4.82270974421677e-05,3,0.95,0.050000000000000044
2019-10-31,0.0014957426219370604,0.0014677582362986861,0.05596877127674876,2.798438563837438e-05,3,0.95,0.050000000000000044
2019-11-01,-0.0041420015970287894,-0.004153869680091592,0.023736166125604002,1.1868083062802002e-05,3,0.9500000000000001,0.04999999999999993
2019-11-04,0.016059712406978066,0.01605434596303177,0.010732887892590609,5.3664439462953044e-06,3,0.95,0.050000000000000044
2019-11-05,-0.0176722776172103,-0.017678063983830344,0.011572733240088867,5.7863666200444335e-06,3,0.9499999999999997,0.050000000000000266
2019-11-06,-0.03717928532219635,-0.03719339325389387,0.02821586339503873,1.4107931697519366e-05,3,0.95,0.050000000000000044
2019-11-07,0.0438277590184285,0.04380614929493711,0.043219446982781906,2.1609723491390952e-05,3,0.9500000000000001,0.04999999999999993
2019-11-08,0.005735103805521066,0.0057174682193454176,0.03527117235129679,1.7635586175648395e-05,3,0.95,0.050000000000000044
2019-11-11,-2.2382105255199132e-05,-4.2716101038915165e-05,0.04066799156743206,2.033399578371603e-05,3,0.95,0.050000000000000044
2019-11-12,0.009061582988769135,0.00905159239960256,0.01998117833315044,9.99058916657522e-06,3,0.95,0.050000000000000044
2019-11-13,0.005991586946342702,0.005928385281468175,0.1264033297490558,6.32016648745279e-05,3,0.9235966702509433,0.07640332974905673
2019-11-14,0.027066184907399114,0.027000937131273453,0.13049555225132575,6.524777612566288e-05,3,0.94590777749773,0.05409222250226997
2019-11-15,-0.014697872247116715,-0.014709099727049953,0.022454959866477775,1.1227479933238888e-05,3,0.95,0.050000000000000044
2019-11-18,0.056258120260605914,0.05623656164213953,0.04311723693275371,2.1558618466376856e-05,3,0.9500000000000002,0.04999999999999982
2019-11-19,0.01961666924246585,0.019598127364798972,0.037083755333753216,1.854187766687661e-05,3,0.9500000000000001,0.04999999999999993
2019-11-20,0.031682254519188505,0.03155628343677794,0.25194216482113074,0.00012597108241056538,3,0.7980578351788683,0.2019421648211317
2019-11-21,0.002294059858528279,0.002218088776117713,0.15194216482113168,7.597108241056585e-05,3,0.9500000000000001,0.04999999999999993
2019-11-22,0.07197387220384185,0.07185204782928128,0.24364874912113996,0.00012182437456056998,3,0.8063512508788591,0.19364874912114094
2019-11-25,0.0020312351607111095,0.0019034842163476362,0.25550188872694674,0.00012775094436347337,3,0.9381468603941933,0.06185313960580674
2019-11-26,0.04205368851403995,0.04192552992778176,0.25631717251638386,0.00012815858625819194,3,0.805535967089422,0.194464032910578
2019-11-27,-0.008421346877790335,-0.00850621350538042,0.16973325518017035,8.486662759008518e-05,3,0.95,0.050000000000000044
2019-11-29,-0.030994254994773925,-0.03116170253533282,0.3348950811177873,0.00016744754055889367,3,0.7151049188822117,0.2848950811177883
2019-12-02,0.10669413572653647,0.10653989648425849,0.3084784845559419,0.00015423924227797096,3,0.95,0.050000000000000044
2019-12-03,0.027587588749173643,0.027448988751365,0.2771999956172916,0.00013859999780864579,3,0.7728000043827076,0.22719999561729243
2019-12-04,-0.06393015196331807,-0.06402596532621099,0.19162672578584478,9.581336289292239e-05,3,0.95,0.050000000000000044
2019-12-05,0.017280258642977078,0.017270144726552354,0.020227832849448124,1.0113916424724062e-05,3,0.95,0.050000000000000044
2019-12-06,-0.0025844493975506985,-0.002588020925409863,0.007143055718328628,3.571527859164314e-06,3,0.95,0.050000000000000044
2019-12-09,0.04473772383934174,0.04459812741402199,0.2791928506394954,0.0001395964253197477,3,0.7708071493605038,0.22919285063949624
2019-12-10,-0.017612623831991834,-0.017702676996312377,0.18010632864108828,9.005316432054414e-05,3,0.9500000000000001,0.04999999999999993
2019-12-11,-0.007487244577090513,-0.00750066443243436,0.026839710687693752,1.3419855343846876e-05,3,0.95,0.050000000000000044
2019-12-12,-0.03354768856232934,-0.03356357182121466,0.03176651777063352,1.5883258885316762e-05,3,0.95,0.050000000000000044
2019-12-13,0.36047693821359333,0.3604760158728488,0.001844681489144434,9.223407445722171e-07,3,0.9500000000000001,0.04999999999999993
2019-12-16,0.0030700976806669273,0.0030636906923540877,0.012813976625679041,6.40698831283952e-06,3,0.95,0.050000000000000044
2019-12-17,0.053260852659187084,0.053247665690806335,0.026373936761492744,1.3186968380746372e-05,3,0.9499999999999998,0.050000000000000155
2019-12-18,0.041756530178948065,0.041755360446156325,0.0023394655834748923,1.1697327917374462e-06,3,0.95,0.050000000000000044
2019-12-19,0.014663895326645412,0.014651500020623622,0.02479061204357766,1.239530602178883e-05,3,0.95,0.050000000000000044
2019-12-20,-0.002445332866037534,-0.0024564225976029266,0.02217946313078553,1.1089731565392766e-05,3,0.95,0.050000000000000044
2019-12-23,0.03387031801191822,0.033859901151459475,0.02083372091749572,1.041686045874786e-05,3,0.95,0.050000000000000044
2019-12-24,0.021441180670633622,0.021439032051865748,0.004297237535745291,2.1486187678726456e-06,3,0.95,0.050000000000000044
2019-12-26,-0.03490248304217565,-0.034926251582036945,0.04753707972258939,2.3768539861294693e-05,3,0.95,0.050000000000000044
2019-12-27,-0.005531277290718265,-0.0055535165237851096,0.04447846613369033,2.2239233066845166e-05,3,0.95,0.050000000000000044
2019-12-30,-0.0016338925955201775,-0.0016390152691742787,0.010245347308202535,5.1226736541012675e-06,3,0.95,0.050000000000000044
2019-12-31,-0.00642518520583595,-0.00643198029552437,0.013590179376839845,6.795089688419923e-06,3,0.9499999999999998,0.050000000000000155
2020-01-02,-0.03899443521368045,-0.03911828435536842,0.24769828337594488,0.00012384914168797243,3,0.8023017166240544,0.19769828337594564
2020-01-03,-0.007612371771445692,-0.007686220913133665,0.1476982833759455,7.384914168797276e-05,3,0.9499999999999998,0.050000000000000155
2020-01-06,-0.008963345014849432,-0.008972173028535741,0.017656027372620342,8.828013686310172e-06,3,0.95,0.050000000000000044
2020-01-07,-0.0010649954544513706,-0.0011441875945641003,0.15838428022545942,7.919214011272971e-05,3,0.8916157197745398,0.1083842802254602
2020-01-08,-0.010070958251940534,-0.010151674574418419,0.16143264495577014,8.071632247788507e-05,3,0.9469516352696892,0.053048364730310826
2020-01-09,-0.00542505332846569,-0.005468535409036993,0.08696416114260516,4.348208057130258e-05,3,0.95,0.050000000000000044
2020-01-10,-0.008610447085994812,-0.008634838252166632,0.04878233234364049,2.4391166171820245e-05,3,0.95,0.050000000000000044
2020-01-13,0.010295365022147417,0.010285784747563047,0.019160549168740104,9.580274584370052e-06,3,0.9500000000000001,0.04999999999999993
2020-01-14,-0.0025203190558541564,-0.002533954152759901,0.027270193811488652,1.3635096905744326e-05,3,0.9500000000000002,0.04999999999999982
2020-01-15,0.014034141098483109,0.01402062238583558,0.027037425295057815,1.3518712647528908e-05,3,0.95,0.050000000000000044
2020-01-16,-0.009536292646457374,-0.009611213946736507,0.1498426005582661,7.492130027913304e-05,3,0.9001573994417331,0.09984260055826688
2020-01-17,-0.06006963758567061,-0.06021711457837109,0.294953985400949,0.0001474769927004745,3,0.8048886151573171,0.19511138484268287
2020-01-21,-0.004982669148333123,-0.005119988284548473,0.2746382724306998,0.0001373191362153499,3,0.9204731124119823,0.07952688758801774
2020-01-22,-0.003929237784698697,-0.003944001228492706,0.029526887588017747,1.4763443794008874e-05,3,0.95,0.050000000000000044
2020-01-23,-0.020187775008912206,-0.02019501695080648,0.01448388378854537,7.241941894272686e-06,3,0.95,0.050000000000000044
2020-01-24,0.006425381461033584,0.006293537596162861,0.2636877297414443,0.00013184386487072214,3,0.7863122702585551,0.2136877297414449
2020-01-27,0.01627679234128111,0.016187888929269055,0.1778068240241096,8.89034120120548e-05,3,0.95,0.050000000000000044
2020-01-28,0.004204310875632699,0.004191538755895265,0.025544239474869,1.2772119737434502e-05,3,0.95,0.050000000000000044
2020-01-29,-0.027763455091299898,-0.027767069832534796,0.00722948246979499,3.614741234897495e-06,3,0.95,0.050000000000000044
2020-01-30,-0.009134521416771854,-0.0091410993247559,0.013155815968092816,6.5779079840464076e-06,3,0.95,0.050000000000000044
2020-01-31,0.047401361250976194,0.04739367084169925,0.015380818553887204,7.690409276943602e-06,3,0.95,0.050000000000000044
2020-02-03,0.017233873881694683,0.017099292026409734,0.2691637105699003,0.00013458185528495014,3,0.7808362894300989,0.21916371056990114
2020-02-04,-0.020298706666656084,-0.02038743096125282,0.17744858919347153,8.872429459673577e-05,3,0.95,0.050000000000000044
2020-02-05,-0.035068315673522095,-0.03507548895696926,0.014346566894331086,7.1732834471655435e-06,3,0.95,0.050000000000000044
2020-02-06,-0.010601402829779475,-0.010734469262996735,0.26613286643452005,0.00013306643321726004,3,0.7838671335654793,0.21613286643452068
2020-02-07,0.036500838583746066,0.036371461125574704,0.2587549163427269,0.00012937745817136344,3,0.95,0.050000000000000044
2020-02-10,-0.0029867194000011313,-0.0031222921175200033,0.2711454350377439,0.00013557271751887196,3,0.7788545649622552,0.22114543503774475
2020-02-11,-0.012844959660326827,-0.012981779872348578,0.27364042404349864,0.00013682021202174931,3,0.9475050109942452,0.05249498900575478
2020-02-12,-0.02011974179731529,-0.020283245688684143,0.3270077827377039,0.00016350389136885198,3,0.72548720626805,0.27451279373195003
2020-02-13,0.01371673083221358,0.013604474435347604,0.22451279373195004,0.00011225639686597502,3,0.95,0.050000000000000044
2020-02-14,-0.01150975195672159,-0.01152351105198155,0.027518190519920466,1.3759095259960234e-05,3,0.9499999999999998,0.050000000000000155
2020-02-18,0.06281946864900743,0.0627609275796165,0.11708213878187737,5.854106939093869e-05,3,0.9329178612181219,0.06708213878187808
2020-02-19,-0.000449602172246529,-0.000458143241637468,0.017082138781878003,8.541069390939002e-06,3,0.95,0.050000000000000044
2020-02-20,-0.017503616755048624,-0.01754645735169075,0.08568119328425408,4.2840596642127045e-05,3,0.95,0.050000000000000044
2020-02-21,-0.04337848969313062,-0.04340546098507112,0.05394258388100126,2.697129194050063e-05,3,0.95,0.050000000000000044
2020-02-24,-0.06277877588215279,-0.06278528805706844,0.013024349831306459,6.512174915653229e-06,3,0.95,0.050000000000000044
2020-02-25,0.0003279544427857682,0.00032139746175205436,0.013113962067427737,6.5569810337138686e-06,3,0.9500000000000001,0.04999999999999993
2020-02-26,-0.03707564947110118,-0.03709990639017419,0.04851383814600779,2.4256919073003896e-05,3,0.95,0.050000000000000044
2020-02-27,-0.009642607717362703,-0.00965701877509619,0.02882211546697558,1.441105773348779e-05,3,0.95,0.050000000000000044
2020-02-28,0.09338582848135696,0.09337482796959752,0.022001023518868137,1.100051175943407e-05,3,0.95,0.050000000000000044
2020-03-02,-0.021194849070259758,-0.021212264571671545,0.034831002823575194,1.7415501411787597e-05,3,0.95,0.050000000000000044
2020-03-03,0.055966511595590906,0.055963425231568206,0.006172728045403975,3.0863640227019874e-06,3,0.95,0.050000000000000044
2020-03-04,-0.03207048248847361,-0.032167286085732855,0.19360719451847713,9.680359725923857e-05,3,0.8563928054815222,0.1436071945184778
2020-03-05,-0.04078073161307409,-0.040854165174693924,0.14686712323966508,7.343356161983255e-05,3,0.9500000000000001,0.04999999999999993
2020-03-06,-0.08212842467908471,-0.08224058197649546,0.22431459482149996,0.00011215729741074998,3,0.8256854051784992,0.1743145948215008
2020-03-09,0.0005360268400197814,0.0004538540554224323,0.16434556919469823,8.217278459734911e-05,3,0.95,0.050000000000000044
2020-03-10,-0.08724911382291198,-0.08725193012404196,0.00563260225998044,2.8163011299902203e-06,3,0.9499999999999998,0.050000000000000155
2020-03-11,-0.14739028001764048,-0.14739258394176485,0.004607848248743079,2.30392412437154e-06,3,0.9500000000000001,0.04999999999999993
2020-03-12,-0.004708205890078039,-0.004708684665420319,0.0009575506845589388,4.787753422794694e-07,3,0.95,0.050000000000000044
2020-03-13,-0.1715564551527885,-0.17157564666667657,0.038383027776146245,1.9191513888073123e-05,3,0.95,0.050000000000000044
2020-03-16,0.06517820342731794,0.06516377545191852,0.028855950798833074,1.4427975399416538e-05,3,0.9500000000000002,0.04999999999999982
2020-03-17,-0.12811945547303283,-0.12814214282596123,0.04537470585681341,2.2687352928406706e-05,3,0.95,0.050000000000000044
2020-03-18,0.09483777393013311,0.09481420895695306,0.04712994636010506,2.356497318005253e-05,3,0.95,0.050000000000000044
2020-03-19,0.05993153225852506,0.05986677537756883,0.12951376191246408,6.475688095623204e-05,3,0.9204862380875352,0.07951376191246484
2020-03-20,0.0782780241376794,0.07825222433091472,0.05159961352936171,2.5799806764680856e-05,3,0.95,0.050000000000000044
2020-03-23,0.10722445036801544,0.1072186080442432,0.011684647544485172,5.842323772242586e-06,3,0.95,0.050000000000000044
2020-03-24,0.0033136554709569973,0.003273042639901131,0.08122566211173288,4.061283105586644e-05,3,0.9499999999999998,0.050000000000000155
2020-03-25,0.03776468338540534,0.03773571909867877,0.05792857345314795,2.8964286726573974e-05,3,0.95,0.050000000000000044
2020-03-26,-0.059140918047262334,-0.05915210782187473,0.022379549224794154,1.1189774612397077e-05,3,0.9500000000000001,0.04999999999999993
2020-03-27,-0.040029678169554696,-0.04005503892353375,0.050721507958115,2.53607539790575e-05,3,0.95,0.050000000000000044
2020-03-30,-0.010737500384475471,-0.010768118766007409,0.061236763063876265,3.0618381531938134e-05,3,0.95,0.050000000000000044
2020-03-31,-0.05775951038681272,-0.057805731350135024,0.09244192664460499,4.6220963322302496e-05,3,0.9500000000000002,0.04999999999999982
2020-04-01,-0.005827964474425192,-0.00583963044925528,0.023331949660175433,1.1665974830087716e-05,3,0.95,0.050000000000000044
2020-04-02,-0.021035302580096824,-0.021049742056231422,0.028878952269200286,1.4439476134600143e-05,3,0.95,0.050000000000000044
2020-04-03,0.08314062146955649,0.08311157514439282,0.05809265032734104,2.904632516367052e-05,3,0.9499999999999998,0.050000000000000155
2020-04-06,-0.031102095133889146,-0.03111236964179701,0.020549015815726157,1.027450790786308e-05,3,0.9500000000000001,0.04999999999999993
2020-04-07,0.10140845047404969,0.10137005661487179,0.0767877183557856,3.83938591778928e-05,3,0.9499999999999998,0.050000000000000155
2020-04-08,-0.010680954039324593,-0.010699826988584163,0.03774589851914112,1.887294925957056e-05,3,0.9500000000000001,0.04999999999999993
2020-04-09,0.04058697320259902,0.04054816705848797,0.07761228822210156,3.8806144111050784e-05,3,0.95,0.050000000000000044
2020-04-13,0.07467546003659735,0.07453649186928024,0.27793633463422396,0.000138968167317112,3,0.7720636653657752,0.2279363346342248
2020-04-14,-0.02796669259938143,-0.02810616827572768,0.2789513526924996,0.0001394756763462498,3,0.9489849819417244,0.051015018058275574
2020-04-15,-0.00432032017232046,-0.004390420967817768,0.14020159099461477,7.010079549730739e-05,3,0.9108134270636601,0.08918657293633991
2020-04-16,0.02662911327180627,0.026557127523761388,0.1439714960897659,7.198574804488295e-05,3,0.9452150768465732,0.05478492315342676
2020-04-17,0.02522559748306346,0.025029979449571797,0.3912360669833255,0.00019561803349166275,3,0.6635488561701004,0.3364511438298996
2020-04-20,-0.0326258517497823,-0.03276907732169725,0.2864511438298996,0.0001432255719149498,3,0.9500000000000002,0.04999999999999982
2020-04-21,0.021284016146585778,0.02123064695100194,0.10673839116768008,5.336919558384004e-05,3,0.9432616088323191,0.05673839116768087
2020-04-22,0.0309349996921106,0.03088497925288573,0.10004087844973836,5.002043922486918e-05,3,0.9500000000000001,0.04999999999999993
2020-04-23,0.03643881227001189,0.036279167838746205,0.319288862531369,0.0001596444312656845,3,0.7307111374686301,0.26928886253136985
2020-04-24,0.09998234075242825,0.09969724684693704,0.5701878109824328,0.0002850939054912164,3,0.6991010515489362,0.3008989484510638
2020-04-27,-0.014273142008069579,-0.014523499478629366,0.5007149411195748,0.0002503574705597874,3,0.8001840073314882,0.1998159926685118
2020-04-28,0.020228685497437927,0.020038703868005013,0.37996325886583,0.000189981629432915,3,0.8198527338026811,0.1801472661973189
2020-04-29,-0.003257178039361479,-0.003441052202870341,0.36774832701772453,0.00018387416350886226,3,0.8123989391795937,0.18760106082040628
2020-04-30,-0.03759146142779501,-0.03769776006277885,0.21259726996768566,0.00010629863498384283,3,0.95,0.050000000000000044
2020-05-01,0.007487456077730314,0.0073160800035323836,0.34275214839586154,0.00017137607419793078,3,0.7072478516041377,0.2927521483958623
2020-05-04,-0.010984760520756504,-0.011106136594954436,0.2427521483958622,0.00012137607419793111,3,0.95,0.050000000000000044
2020-05-05,-0.0031919016243728846,-0.0033627575568459045,0.3417118649460395,0.00017085593247301975,3,0.7082881350539598,0.2917118649460402
2020-05-06,0.014180056706941634,0.013872556776846567,0.6149998601901336,0.0003074999300950668,3,0.676712004755906,0.323287995244094
2020-05-07,0.010138921989476413,0.010002277991854366,0.27328799524409403,0.00013664399762204702,3,0.95,0.050000000000000044
2020-05-08,0.08748296168839133,0.0872847484660959,0.3964264445908802,0.00019821322229544012,3,0.6535735554091191,0.3464264445908809
2020-05-11,0.22149830023275782,0.22129012768630235,0.41634509291092925,0.00020817254645546463,3,0.9300813516799511,0.0699186483200489
2020-05-12,0.0007831991822131717,0.0007501506664407668,0.06609703154480978,3.3048515772404894e-05,3,0.95,0.050000000000000044
2020-05-13,-0.003769622686870217,-0.0038026307031106005,0.06601603248076698,3.3008016240383495e-05,3,0.95,0.050000000000000044
2020-05-14,0.006380101254185137,0.006376849436836414,0.006503634697447858,3.2518173487239288e-06,3,0.9500000000000001,0.04999999999999993
2020-05-15,0.14351151446076293,0.14333929638557746,0.34443615037094716,0.0001722180751854736,3,0.705563849629052,0.29443615037094795
2020-05-18,-0.02619605135712013,-0.02633182698079971,0.27155124735916,0.00013577562367958,3,0.9499999999999998,0.050000000000000155
2020-05-19,0.009344100952973403,0.009293493969106868,0.10121396773307126,5.060698386653563e-05,3,0.9487860322669283,0.05121396773307174
2020-05-20,0.020047952087253008,0.020028455346800773,0.038993480904468636,1.9496740452234318e-05,3,0.9500000000000001,0.04999999999999993
2020-05-21,-0.042914350510003314,-0.04294901037549906,0.06931973099149139,3.465986549574569e-05,3,0.95,0.050000000000000044
2020-05-22,0.01137157919950402,0.011336933985262402,0.06929042848323941,3.46452142416197e-05,3,0.95,0.050000000000000044
2020-05-26,0.09507201872650146,0.09505271587486724,0.038605703268443425,1.9302851634221713e-05,3,0.95,0.050000000000000044
2020-05-27,-0.0478212565073973,-0.04783165540963414,0.020797804473690062,1.0398902236845032e-05,3,0.9499999999999997,0.050000000000000266
2020-05-28,0.020494820857911995,0.0203211619105278,0.3473178947683892,0.0001736589473841946,3,0.7026821052316103,0.29731789476838966
2020-05-29,0.07329632404922863,0.07313957913677752,0.313489824902217,0.00015674491245110851,3,0.9499999999999998,0.050000000000000155
2020-06-01,-0.03062240140048369,-0.030626044176562235,0.007285552157096753,3.6427760785483767e-06,3,0.95,0.050000000000000044
2020-06-02,-0.039441139399422294,-0.03946979920838031,0.05731961791604179,2.8659808958020896e-05,3,0.9499999999999998,0.050000000000000155
2020-06-03,-0.013704799336635674,-0.013888892822392994,0.3681869715146405,0.00018409348575732027,3,0.681813028485359,0.31818697151464104
2020-06-04,-0.012970454308553866,-0.013107962420200691,0.2750162232936488,0.00013750811164682438,3,0.95,0.050000000000000044
2020-06-05,0.0529033212124017,0.05288761278493765,0.03141685492809276,1.570842746404638e-05,3,0.95,0.050000000000000044
2020-06-08,-0.010166288255644225,-0.010346039880918945,0.35950325054943855,0.00017975162527471928,3,0.6904967494505609,0.30950325054943906
2020-06-09,0.03366616871995216,0.03334763874163903,0.6370599566262662,0.00031852997831313315,3,0.6724432939231721,0.32755670607682785
2020-06-10,0.019298109252042173,0.019037361348683602,0.5214958067171385,0.00026074790335856924,3,0.8060608993596887,0.19393910064031128
2020-06-11,0.026299800382601095,0.026174308335547604,0.25098409410697964,0.00012549204705348982,3,0.9429550065333311,0.057044993466668914
2020-06-12,0.1245124223787819,0.12449214791911191,0.04054891933999319,2.0274459669996595e-05,3,0.95,0.050000000000000044
2020-06-15,-0.0042589767481301215,-0.004261265560080391,0.004577623900539507,2.2888119502697537e-06,3,0.95,0.050000000000000044
2020-06-16,0.027606292257236386,0.02746584833492562,0.2808878446215354,0.0001404439223107677,3,0.769112155378464,0.230887844621536
2020-06-17,0.05207612953639473,0.05194366917639143,0.2649207200066165,0.00013246036000330824,3,0.95,0.050000000000000044
2020-06-18,0.05317348348725423,0.05305919997355786,0.22856702739273302,0.00011428351369636651,3,0.8214329726072664,0.17856702739273356
2020-06-19,0.049125009291086444,0.04900769162584744,0.23463533047800936,0.00011731766523900469,3,0.9439316969147236,0.05606830308527644
2020-06-22,0.03480793908259197,0.03477105552599275,0.07376711319843526,3.688355659921763e-05,3,0.9499999999999998,0.050000000000000155
2020-06-23,0.06956451370264029,0.06955941823062035,0.010190944039879857,5.095472019939929e-06,3,0.95,0.050000000000000044
2020-06-24,0.010078694317051842,0.010063861977063856,0.029664679975974773,1.4832339987987387e-05,3,0.95,0.050000000000000044
2020-06-25,-0.06500563242426956,-0.06514152162251824,0.27177839649736324,0.00013588919824868162,3,0.7782216035026364,0.22177839649736364
2020-06-26,0.06409951351107519,0.0640136243128265,0.17177839649736368,8.588919824868184e-05,3,0.95,0.050000000000000044
2020-06-29,0.03153410988523037,0.03153077072551102,0.006678319438709862,3.339159719354931e-06,3,0.95,0.050000000000000044
2020-06-30,-0.02966430556769302,-0.029664344166192465,7.719699889049969e-05,3.8598499445249846e-08,3,0.95,0.050000000000000044
2020-07-01,0.013309024477844163,0.013302917332230567,0.012214291227191393,6.107145613595697e-06,3,0.9500000000000001,0.04999999999999993
2020-07-02,-0.019951626468964666,-0.019952576412237622,0.001899886545914664,9.49943272957332e-07,3,0.95,0.050000000000000044
2020-07-06,0.15360554359304956,0.1535742970446475,0.06249309680413795,3.1246548402068974e-05,3,0.95,0.050000000000000044
2020-07-07,-0.011522181272578598,-0.011662693320665489,0.28102409617378304,0.00014051204808689154,3,0.7689759038262164,0.2310240961737836
2020-07-08,-0.005736053090526326,-0.006010767024543471,0.5494278680342897,0.0002747139340171448,3,0.6815962281394933,0.3184037718605067
2020-07-09,-0.02571910213644399,-0.02591544337924877,0.39268248560956165,0.00019634124280478083,3,0.9257212862509444,0.07427871374905559
2020-07-10,0.04431637434414605,0.04419031179775762,0.252125092776866,0.000126062546388433,3,0.8221536209721889,0.17784637902781109
2020-07-13,0.026921203741609334,0.026830940758970225,0.1805259652782163,9.026298263910815e-05,3,0.95,0.050000000000000044
2020-07-14,0.016092990578402327,0.01607502791984746,0.035925317109734956,1.7962658554867477e-05,3,0.9500000000000001,0.04999999999999993
2020-07-15,0.02674386995906701,0.026737712543363507,0.012314831407004845,6.157415703502422e-06,3,0.95,0.050000000000000044
2020-07-16,0.07039072259169439,0.07038426783370572,0.012909515977343577,6.454757988671789e-06,3,0.95,0.050000000000000044
2020-07-17,-0.04854268790305479,-0.04855501140223138,0.024646998353187344,1.2323499176593673e-05,3,0.95,0.050000000000000044
2020-07-20,0.01607010729371198,0.016064260275719444,0.011694035985070045,5.8470179925350226e-06,3,0.9500000000000001,0.04999999999999993
2020-07-21,-0.0030432950428137782,-0.0030589392381182782,0.03128839060899993,1.5644195304499967e-05,3,0.9499999999999998,0.050000000000000155
2020-07-22,-0.059362662652775094,-0.05938514973536703,0.04497416518387293,2.2487082591936464e-05,3,0.95,0.050000000000000044
2020-07-23,-0.055861815798243036,-0.055881862704981446,0.04009381347682242,2.004690673841121e-05,3,0.95,0.050000000000000044
2020-07-24,0.05024381030466858,0.05021457607162277,0.05846846609163514,2.923423304581757e-05,3,0.95,0.050000000000000044
2020-07-27,0.01855765631124285,0.01854428271982112,0.02674718284345723,1.3373591421728615e-05,3,0.95,0.050000000000000044
2020-07-28,-0.017332234590440563,-0.01733268571440074,0.0009022479203540656,4.5112396017703285e-07,3,0.9499999999999998,0.050000000000000155
2020-07-29,-0.0076064188933611075,-0.007609965744346142,0.0070937019700685056,3.546850985034253e-06,3,0.9499999999999998,0.050000000000000155
2020-07-30,-0.04119616158164979,-0.04120918718122716,0.026051199154738774,1.3025599577369387e-05,3,0.95,0.050000000000000044
2020-07-31,0.11036848281352651,0.11036068030876887,0.015605009515283208,7.802504757641604e-06,3,0.95,0.050000000000000044
2020-08-03,-0.0024250795022532027,-0.002443813574695977,0.03746814488554892,1.873407244277446e-05,3,0.95,0.050000000000000044
2020-08-04,0.029869888126348304,0.029845309552098024,0.04915714850056299,2.4578574250281496e-05,3,0.95,0.050000000000000044
2020-08-05,-0.02667326998674447,-0.026788276912686423,0.23001385188390747,0.00011500692594195373,3,0.819986148116092,0.18001385188390795
2020-08-06,0.010560179136301612,0.010448927153623725,0.2225039653557725,0.00011125198267788624,3,0.9500000000000001,0.04999999999999993
2020-08-07,0.08404087740340092,0.08402402471575823,0.03370537528538972,1.685268764269486e-05,3,0.95,0.050000000000000044
2020-08-10,-0.1392576997477746,-0.13925810307805125,0.0008066605532709437,4.0333027663547185e-07,3,0.95,0.050000000000000044
2020-08-11,-0.07991851141790526,-0.07991877939292064,0.0005359500307486054,2.679750153743027e-07,3,0.9500000000000001,0.04999999999999993
2020-08-12,0.048060264281440376,0.048053384140578206,0.013760281724338658,6.880140862169329e-06,3,0.95,0.050000000000000044
2020-08-13,0.03827512044937508,0.03815817248475847,0.23389592923323174,0.00011694796461661588,3,0.8161040707667677,0.18389592923323228
2020-08-14,0.034214758807148575,0.034145086873061434,0.1393438681742793,6.967193408713965e-05,3,0.95,0.050000000000000044
2020-08-17,-0.04219852300080556,-0.042211175013501585,0.025304025392057394,1.2652012696028697e-05,3,0.95,0.050000000000000044
2020-08-18,0.010748923692177982,0.010717465923002907,0.06291553835014846,3.145776917507423e-05,3,0.95,0.050000000000000044
2020-08-19,-0.02315943956358576,-0.02316463691265464,0.010394698137770025,5.197349068885013e-06,3,0.9500000000000001,0.04999999999999993
2020-08-20,-0.04165070660498407,-0.04166118609760585,0.02095898524355977,1.0479492621779885e-05,3,0.95,0.050000000000000044
2020-08-21,-0.07687811729242701,-0.07698966543531581,0.2230962857776046,0.0001115481428888023,3,0.8269037142223948,0.17309628577760516
2020-08-24,-0.022481548134973217,-0.02254309627786202,0.1230962857776051,6.154814288880256e-05,3,0.9499999999999998,0.050000000000000155
2020-08-25,0.0014736340656128777,0.001471958592599758,0.0033509460262391433,1.6754730131195718e-06,3,0.95,0.050000000000000044
2020-08-26,-0.02797307017531508,-0.027973689821294168,0.0012392919581731832,6.196459790865916e-07,3,0.95,0.050000000000000044
2020-08-27,-0.00020646996301285558,-0.00021482563385859325,0.016711341691475312,8.355670845737656e-06,3,0.95,0.050000000000000044
2020-08-28,0.032634362984807784,0.03262243264345376,0.023860682708039316,1.1930341354019659e-05,3,0.95,0.050000000000000044
2020-08-31,-0.05524193437757978,-0.05526280141579546,0.04173407643136712,2.086703821568356e-05,3,0.95,0.050000000000000044
2020-09-01,-0.004565250863777493,-0.004684046577395246,0.23759142723550555,0.00011879571361775278,3,0.8124085727644939,0.18759142723550615
2020-09-02,-0.02143091665226694,-0.021528182821890677,0.19453233924747393,9.726616962373697e-05,3,0.9500000000000001,0.04999999999999993
2020-09-03,-0.053646719826852714,-0.053661656870465035,0.029874087224648932,1.4937043612324467e-05,3,0.95,0.050000000000000044
2020-09-04,-0.047272170743614665,-0.047295564464286295,0.046787441343265734,2.339372067163287e-05,3,0.95,0.050000000000000044
2020-09-08,0.040126485159843024,0.040103446230668326,0.04607785834939773,2.3038929174698868e-05,3,0.95,0.050000000000000044
2020-09-09,0.013522993967880082,0.013499221665055997,0.04754460564817076,2.377230282408538e-05,3,0.9499999999999998,0.050000000000000155
2020-09-10,0.028271796720493687,0.028248274370486638,0.04704470001409988,2.3522350007049944e-05,3,0.95,0.050000000000000044
2020-09-11,0.12228405748818569,0.12228395158440696,0.00021180755746635915,1.0590377873317958e-07,3,0.9500000000000001,0.04999999999999993
2020-09-14,0.0469768775570745,0.04683526062656889,0.2832338610112185,0.00014161693050560926,3,0.7667661389887809,0.23323386101121912
2020-09-15,0.03747726762063605,0.03725226762063605,0.45000000000000007,0.00022500000000000005,3,0.7832338610112185,0.2167661389887815
2020-09-16,-0.02743127805429483,-0.027614130372291764,0.3657046359938703,0.00018285231799693516,3,0.8510615029949106,0.14893849700508943
2020-09-17,-0.0035045554512573955,-0.0035540246997599403,0.09893849700508933,4.946924850254467e-05,3,0.95,0.050000000000000044
2020-09-18,0.01099691469189844,0.010854291914873627,0.2852455540496258,0.00014262277702481292,3,0.7647544459503737,0.23524555404962633
2020-09-21,0.0038770928021156902,0.0037344700250908774,0.2852455540496258,0.00014262277702481292,3,0.95,0.050000000000000044
2020-09-22,-0.07099741742418324,-0.07112865290194545,0.2624709555244137,0.00013123547776220686,3,0.7875290444755858,0.2124709555244142
2020-09-23,0.003917986006005617,0.003834757588736133,0.16645683453896834,8.322841726948417e-05,3,0.95,0.050000000000000044
2020-09-24,0.06551617264788523,0.06536949361237485,0.29335807102075906,0.00014667903551037953,3,0.7566419289792403,0.24335807102075968
2020-09-25,0.0042038206578911335,0.00407843876685395,0.25076378207436584,0.00012538189103718293,3,0.95,0.050000000000000044
2020-09-28,0.01728162898672731,0.01725516413155091,0.052929710352801085,2.6464855176400542e-05,3,0.95,0.050000000000000044
2020-09-29,0.011339233068192497,0.011311551567195018,0.0553630019949575,2.768150099747875e-05,3,0.95,0.050000000000000044
2020-09-30,0.0028155207408934258,0.002780715489423734,0.06961050293938328,3.4805251469691644e-05,3,0.95,0.050000000000000044
2020-10-01,-0.029031819930010215,-0.029037033345354315,0.010426830688197414,5.213415344098707e-06,3,0.9500000000000001,0.04999999999999993
2020-10-02,0.03907190690030353,0.039069363122387325,0.005087555832403501,2.5437779162017506e-06,3,0.95,0.050000000000000044
2020-10-05,-0.029426937405892584,-0.029449507303581014,0.045139795376863995,2.2569897688432e-05,3,0.9500000000000001,0.04999999999999993
2020-10-06,0.029264522596958657,0.02924722989354161,0.03458540683409497,1.7292703417047486e-05,3,0.95,0.050000000000000044
2020-10-07,0.0022147005154842794,0.0020865743600174003,0.25625231093375844,0.00012812615546687922,3,0.7937476890662409,0.20625231093375906
2020-10-08,0.004548088556925707,0.0044266242342591465,0.2429286453331222,0.0001214643226665611,3,0.95,0.050000000000000044
2020-10-09,0.0040875358257968925,0.0040821226515644566,0.010826348464872404,5.413174232436202e-06,3,0.95,0.050000000000000044
2020-10-12,0.029982019607455782,0.02997643754027649,0.011164134358590871,5.582067179295436e-06,3,0.9500000000000001,0.04999999999999993
2020-10-13,0.046625534391611836,0.046616500757144366,0.018067268934946618,9.033634467473308e-06,3,0.95,0.050000000000000044
2020-10-14,0.010572312080226978,0.010563791071719812,0.017042017014331223,8.521008507165613e-06,3,0.9499999999999998,0.050000000000000155
2020-10-15,-0.01884943384764504,-0.01886147496502782,0.02408223476556559,1.2041117382782795e-05,3,0.95,0.050000000000000044
2020-10-16,-0.03134507219637456,-0.03145216598732739,0.21418758190567092,0.00010709379095283545,3,0.8358124180943285,0.1641875819056715
2020-10-19,-0.017644113112137903,-0.017754980506708408,0.22173478914101358,0.0001108673945705068,3,0.9424527927646573,0.05754720723534268
2020-10-20,-0.03724906464272427,-0.037275250204879276,0.052371124310022416,2.618556215501121e-05,3,0.95,0.050000000000000044
2020-10-21,0.00970610409856924,0.0096899055506586,0.032397095821278116,1.619854791063906e-05,3,0.95,0.050000000000000044
2020-10-22,-0.005579441075795151,-0.005689087113610871,0.21929207563144065,0.00010964603781572032,3,0.8307079243685588,0.16929207563144122
2020-10-23,-0.04122484807096097,-0.04128449410877669,0.11929207563144126,5.964603781572063e-05,3,0.95,0.050000000000000044
2020-10-26,0.04593111252484244,0.045923607273724826,0.015010502235239004,7.505251117619502e-06,3,0.95,0.050000000000000044
2020-10-27,-0.062387359625960356,-0.062395844045150646,0.016968838380581358,8.48441919029068e-06,3,0.95,0.050000000000000044
2020-10-28,0.08268727703252922,0.0826581239809898,0.058306103078834326,2.9153051539417164e-05,3,0.9499999999999998,0.050000000000000155
2020-10-29,-0.057391697890797864,-0.05748874434731508,0.19409291303443107,9.704645651721554e-05,3,0.8559070869655684,0.1440929130344316
2020-10-30,0.04093584191592777,0.04088812126590789,0.09544130003975865,4.772065001987932e-05,3,0.95,0.050000000000000044
2020-11-02,0.02979748958059899,0.029699167860048743,0.19664344110049367,9.832172055024684e-05,3,0.8533565588995058,0.1466434411004942
2020-11-03,0.041772260775133435,0.04170971100831965,0.12509953362757162,6.254976681378581e-05,3,0.95,0.050000000000000044
2020-11-04,0.06761426377229748,0.06749758152656239,0.23336449147018082,0.00011668224573509042,3,0.8166355085298187,0.1833644914701813
2020-11-05,-0.02110264950213993,-0.021169331747875022,0.1333644914701813,6.668224573509065e-05,3,0.95,0.050000000000000044
2020-11-06,0.022254573753619132,0.022143107283093124,0.22293294105201464,0.00011146647052600732,3,0.8270670589479848,0.17293294105201518
2020-11-09,-0.08227175688079405,-0.08233322335132005,0.1229329410520151,6.146647052600756e-05,3,0.95,0.050000000000000044
2020-11-10,0.05123623102655833,0.05112614033466027,0.2201813837961168,0.0001100906918980584,3,0.8298186162038826,0.17018138379611736
2020-11-11,0.07267147071761676,0.07255989342211852,0.22315459099647178,0.0001115772954982359,3,0.947026792799645,0.05297320720035503
2020-11-12,0.013775645128098243,0.013739597034668111,0.0720961868602634,3.60480934301317e-05,3,0.9499999999999997,0.050000000000000266
2020-11-13,-0.021612464644279406,-0.021723852271417723,0.22277525427663897,0.00011138762713831949,3,0.8272247457233606,0.17277525427663942
2020-11-16,0.019848086472223893,0.01978522240934422,0.12572812575934442,6.286406287967221e-05,3,0.95,0.050000000000000044
2020-11-17,-0.02086371027277855,-0.020872364372698862,0.017308199840621985,8.654099920310992e-06,3,0.95,0.050000000000000044
2020-11-18,0.006111451965115186,0.006009632591525974,0.20363874717842356,0.00010181937358921178,3,0.8463612528215758,0.15363874717842418
2020-11-19,0.014865303110478994,0.014760648154595204,0.20930991176757946,0.00010465495588378973,3,0.9443288354108441,0.055671164589155886
2020-11-20,0.07774264808397699,0.07771297743150997,0.059341304934036304,2.9670652467018154e-05,3,0.95,0.050000000000000044
2020-11-23,-0.004923215131226372,-0.004932585620988698,0.018740979524651424,9.370489762325713e-06,3,0.9499999999999998,0.050000000000000155
2020-11-24,0.04328229153824817,0.04327386602165112,0.01685103319409481,8.425516597047405e-06,3,0.9500000000000002,0.04999999999999982
2020-11-25,0.12048185509796659,0.12047476501137548,0.014180173182212097,7.090086591106049e-06,3,0.9499999999999998,0.050000000000000155
2020-11-27,0.033885251568857154,0.033872241589054775,0.026019959604754533,1.3009979802377267e-05,3,0.95,0.050000000000000044
2020-11-30,-0.10753881237482643,-0.107599176253301,0.120727756949116,6.0363878474558e-05,3,0.9292722430508834,0.0707277569491166
2020-12-01,0.03115471371100575,0.031133620518652726,0.04218638470605396,2.109319235302698e-05,3,0.9500000000000001,0.04999999999999993
2020-12-02,-0.007216258356571196,-0.0073254609413905755,0.21840516963875983,0.00010920258481937992,3,0.8315948303612395,0.1684051696387605
2020-12-03,-0.030472679502781874,-0.030548731732542696,0.15210445952164628,7.605222976082314e-05,3,0.9500000000000001,0.04999999999999993
2020-12-04,0.005844462796315907,0.005833423879128306,0.022077834375203664,1.1038917187601833e-05,3,0.9500000000000002,0.04999999999999982
2020-12-07,0.00012387902892961426,0.0001201680949085233,0.007421868042181923,3.7109340210909616e-06,3,0.95,0.050000000000000044
2020-12-08,-0.04248018983334694,-0.042494249434115464,0.028119201537050026,1.4059600768525012e-05,3,0.95,0.050000000000000044
2020-12-09,0.011084563537925439,0.010971775263655108,0.22557654854066353,0.00011278827427033177,3,0.8244234514593358,0.17557654854066418
2020-12-10,-0.0003379792530464106,-0.00040963892704970174,0.14331934800658228,7.165967400329114e-05,3,0.95,0.050000000000000044
2020-12-11,-0.0006808935630249428,-0.0007071522607324768,0.05251739541506817,2.6258697707534087e-05,3,0.9500000000000001,0.04999999999999993
2020-12-14,0.03078755446100568,0.030782066597547123,0.010975726917115985,5.487863458557993e-06,3,0.95,0.050000000000000044
2020-12-15,-0.008307966193734952,-0.008345261816465837,0.0745912454617711,3.729562273088555e-05,3,0.95,0.050000000000000044
2020-12-16,0.0605581182273244,0.060537909669968526,0.04041711471174805,2.0208557355874026e-05,3,0.9499999999999998,0.050000000000000155
2020-12-17,-0.010510495171303553,-0.01052048866705401,0.01998699150091726,9.993495750458631e-06,3,0.95,0.050000000000000044
2020-12-18,0.01892837390445809,0.01892274440603185,0.011258996852481523,5.6294984262407616e-06,3,0.95,0.050000000000000044
2020-12-21,-0.02137869066983165,-0.021400365860629014,0.043350381594728454,2.1675190797364228e-05,3,0.95,0.050000000000000044
2020-12-22,0.038676594517214495,0.03866744608996821,0.018296854492574233,9.148427246287117e-06,3,0.95,0.050000000000000044
2020-12-23,-0.008422633968808959,-0.00844154993935868,0.03783194109944202,1.891597054972101e-05,3,0.9499999999999998,0.050000000000000155
2020-12-24,-0.061312371311009445,-0.061321252147133375,0.01776167224786232,8.88083612393116e-06,3,0.9500000000000001,0.04999999999999993
2020-12-28,0.02615495760421406,0.02613853084755212,0.03285351332388359,1.6426756661941794e-05,3,0.95,0.050000000000000044
2020-12-29,0.010918801142479312,0.0107678555244714,0.30189123601582235,0.0001509456180079112,3,0.748108763984177,0.251891236015823
2020-12-30,-0.030531714499722588,-0.03067335358815224,0.2832781768593035,0.00014163908842965175,3,0.95,0.050000000000000044
2020-12-31,0.034413031899452315,0.03430097265146865,0.22411849596732714,0.00011205924798366357,3,0.8258815040326721,0.17411849596732787
2021-01-04,0.026706905839237707,0.026644389483847425,0.1250327107805621,6.251635539028106e-05,3,0.95,0.050000000000000044
2021-01-05,0.015427289113715215,0.015419554325399407,0.01546957663161383,7.734788315806915e-06,3,0.95,0.050000000000000044
2021-01-06,0.041793741536979,0.041677586341134124,0.23231039168975115,0.00011615519584487558,3,0.8176896083102481,0.18231039168975194
2021-01-07,-0.004881170619533821,-0.004994613372644916,0.22688550622218967,0.00011344275311109484,3,0.95,0.050000000000000044
2021-01-08,0.0024397043620633177,0.0024350766318141912,0.009255460498253015,4.6277302491265074e-06,3,0.95,0.050000000000000044
2021-01-11,0.040537192428974536,0.0405265422930372,0.021300271874677645,1.0650135937338823e-05,3,0.95,0.050000000000000044
2021-01-12,0.008943168302966112,0.008832930613282523,0.22047537936717623,0.00011023768968358812,3,0.8295246206328232,0.17047537936717683
2021-01-13,0.020629088335790673,0.0205567000292567,0.14477661306795286,7.238830653397644e-05,3,0.9500000000000001,0.04999999999999993
2021-01-14,-0.03070860680695696,-0.030728620730407136,0.04002784690034997,2.0013923450174984e-05,3,0.9499999999999998,0.050000000000000155
2021-01-15,-0.006728341002486732,-0.006741509718841825,0.02633743271018693,1.3168716355093466e-05,3,0.95,0.050000000000000044
2021-01-19,-0.017576440650668157,-0.01769918189660466,0.24548249187300505,0.00012274124593650252,3,0.8045175081269943,0.1954824918730057
2021-01-20,-0.0022847740477671395,-0.0024567791799123993,0.34401026429052,0.00017200513214526002,3,0.8514722275824849,0.14852777241751514
2021-01-21,0.04522997742045315,0.04517288853635846,0.11417776818938147,5.708888409469073e-05,3,0.95,0.050000000000000044
2021-01-22,0.0010618050099969285,0.001030029543544449,0.06355093290495889,3.1775466452479445e-05,3,0.95,0.050000000000000044
2021-01-25,0.020568452606605094,0.020530094512046092,0.07671618911800426,3.835809455900213e-05,3,0.95,0.050000000000000044
2021-01-26,-0.03785968630547611,-0.03788032564146967,0.04127867198711027,2.0639335993555136e-05,3,0.9499999999999997,0.050000000000000266
2021-01-27,0.01813862451031647,0.01808173909159781,0.11377083743731908,5.6885418718659546e-05,3,0.9362291625626804,0.0637708374373196
2021-01-28,0.25944589354667,0.25943870475577735,0.014377581785387672,7.188790892693836e-06,3,0.95,0.050000000000000044
2021-01-29,0.09188330072857251,0.09186365414180947,0.039293173526091685,1.9646586763045844e-05,3,0.9500000000000001,0.04999999999999993
2021-02-01,-0.011020449595550104,-0.01106917445785978,0.09744972461935467,4.8724862309677334e-05,3,0.9500000000000001,0.04999999999999993
2021-02-02,0.041788327759469814,0.041631060657151595,0.31453420463643256,0.0001572671023182163,3,0.7354657953635666,0.2645342046364334
2021-02-03,-0.0056305031588056165,-0.005737770261123833,0.21453420463643333,0.00010726710231821667,3,0.95,0.050000000000000044
2021-02-04,0.026497729098838282,0.026494584042315052,0.006290113046462764,3.145056523231382e-06,3,0.9499999999999997,0.050000000000000266
2021-02-05,0.05631833371779719,0.05629335914586111,0.04994914387216465,2.4974571936082324e-05,3,0.9499999999999997,0.050000000000000266
2021-02-08,0.015709953080744053,0.015561565293766639,0.29677557395482734,0.00014838778697741367,3,0.7532244260451721,0.24677557395482785
2021-02-09,-0.039756663932822185,-0.039908572078423334,0.3038162912022937,0.00015190814560114686,3,0.9429592827525335,0.05704071724746651
2021-02-10,-0.007354329658389251,-0.007382213206593783,0.0557670964090643,2.788354820453215e-05,3,0.95,0.050000000000000044
2021-02-11,-0.015045757585122433,-0.015090269145392052,0.08902312053923805,4.451156026961903e-05,3,0.9500000000000002,0.04999999999999982
2021-02-12,-0.05301279972713803,-0.053029261359262815,0.03292326424956582,1.646163212478291e-05,3,0.95,0.050000000000000044
2021-02-16,-0.012797332239407022,-0.01281541748696136,0.036170495108675926,1.8085247554337964e-05,3,0.95,0.050000000000000044
2021-02-17,-0.05855289580682932,-0.058578830741027994,0.05186986839735447,2.5934934198677234e-05,3,0.95,0.050000000000000044
2021-02-18,0.0517517550279879,0.05174094360121631,0.02162285354318183,1.0811426771590915e-05,3,0.95,0.050000000000000044
2021-02-19,-0.05829519105563542,-0.058466952132274194,0.34352215327754,0.00017176107663877,3,0.7064778467224593,0.2935221532775407
2021-02-22,-0.01942004896333809,-0.019561217277522545,0.28233662836891427,0.00014116831418445712,3,0.95,0.050000000000000044
2021-02-23,0.3895263594731049,0.3894529871522655,0.14674464167874912,7.337232083937456e-05,3,0.9032553583212501,0.09674464167874985
2021-02-24,0.04502391191911832,0.04482680556768082,0.3942127028750029,0.00019710635143750145,3,0.7025319388037462,0.2974680611962538
2021-02-25,-0.011780203494029137,-0.01205069396737144,0.5409809466846051,0.00027049047334230255,3,0.7564871145116479,0.24351288548835215
2021-02-26,0.13017486988695082,0.13007811344420664,0.19351288548835216,9.675644274417609e-05,3,0.95,0.050000000000000044
2021-03-01,-0.053295987752645615,-0.05330494606794532,0.0179166305994157,8.958315299707851e-06,3,0.95,0.050000000000000044
2021-03-02,-0.0015179450452950244,-0.0016625790261409748,0.2892679616919009,0.00014463398084595044,3,0.7607320383080983,0.23926796169190168
2021-03-03,-0.020539642493602562,-0.020671549867133383,0.26381474706163976,0.0001319073735308199,3,0.95,0.050000000000000044
2021-03-04,0.04600604203948404,0.04593910979060677,0.13386449775453071,6.693224887726536e-05,3,0.9161355022454685,0.08386449775453153
2021-03-05,0.13143682348242858,0.13141295122775254,0.047744509352077746,2.3872254676038875e-05,3,0.95,0.050000000000000044
2021-03-08,0.056465470619524574,0.056235872871301225,0.4591954964466954,0.0002295977482233477,3,0.5908045035533038,0.40919549644669617
2021-03-09,0.030521799392852378,0.030308418133913793,0.42676251787716973,0.00021338125893858488,3,0.95,0.050000000000000044
2021-03-10,0.06573853571043567,0.06570184802576375,0.07337536934386069,3.6687684671930347e-05,3,0.9499999999999997,0.050000000000000266
2021-03-11,0.028174241036340107,0.028010397563896828,0.3276869448865592,0.0001638434724432796,3,0.7223130551134402,0.27768694488655976
2021-03-12,0.022471546335306052,0.02235770286286277,0.2276869448865597,0.00011384347244327985,3,0.95,0.050000000000000044
2021-03-15,-0.017987972944106645,-0.018016155401061974,0.05636491391066134,2.818245695533067e-05,3,0.95,0.050000000000000044
2021-03-16,-0.008612210889205737,-0.008633622068697472,0.04282235898346948,2.141117949173474e-05,3,0.95,0.050000000000000044
2021-03-17,-0.05346297975400732,-0.05352327314168959,0.12058677536453538,6.029338768226769e-05,3,0.9294132246354638,0.07058677536453617
2021-03-18,0.031045393033321163,0.03084375806111744,0.40326994440744274,0.00020163497220372138,3,0.6673168309570927,0.3326831690429073
2021-03-19,-0.0077933649282984855,-0.007993259939475163,0.3997900223533558,0.00019989501117667792,3,0.9328931466895507,0.0671068533104493
2021-03-22,-0.058761195351428985,-0.058796842477332335,0.07129425180670551,3.564712590335276e-05,3,0.95,0.050000000000000044
2021-03-23,-0.08638092785446236,-0.08640493705128931,0.04801839365389515,2.4009196826947576e-05,3,0.95,0.050000000000000044
2021-03-24,-0.006704799534748611,-0.006719075503614648,0.028551937732073984,1.4275968866036993e-05,3,0.95,0.050000000000000044
2021-03-25,0.012965792018239582,0.012752425992479288,0.42673205152058774,0.00021336602576029387,3,0.6232679484794117,0.3767320515205883
2021-03-26,0.02645138115767214,0.02622889030972979,0.44498169588469283,0.00022249084794234643,3,0.9317503556358948,0.06824964436410519
2021-03-29,0.04322971222452373,0.04322058740234168,0.0182496443641052,9.1248221820526e-06,3,0.95,0.050000000000000044
2021-03-30,0.02840226797515346,0.0282391305673928,0.32627481552131943,0.00016313740776065973,3,0.7237251844786797,0.27627481552132027
2021-03-31,0.011236412265934645,0.011072005003272604,0.32881452532408334,0.00016440726266204168,3,0.947460290197236,0.05253970980276401
2021-04-01,-0.03139568283670757,-0.03143969557092392,0.08802546843269984,4.401273421634992e-05,3,0.95,0.050000000000000044
2021-04-05,-0.0026212861013685273,-0.002741780158843381,0.24098811494970715,0.00012049405747485357,3,0.8090118850502919,0.19098811494970813
2021-04-06,-0.029611047832767676,-0.029699224147982976,0.1763526304305995,8.817631521529976e-05,3,0.95,0.050000000000000044
2021-04-07,-0.017526415002451574,-0.017535127887654392,0.017425770405634255,8.712885202817128e-06,3,0.95,0.050000000000000044
2021-04-08,-0.038502484727188334,-0.0386315784124884,0.25818737060013286,0.00012909368530006644,3,0.7918126293998663,0.2081873706001337
2021-04-09,-0.0778422060742541,-0.07792129975955417,0.15818737060013363,7.909368530006681e-05,3,0.95,0.050000000000000044
2021-04-12,0.0026099115862448586,0.0024800373184184,0.2597485356529166,0.00012987426782645831,3,0.7902514643470826,0.2097485356529174
2021-04-13,0.13901004095901592,0.13888016669118947,0.2597485356529166,0.00012987426782645831,3,0.95,0.050000000000000044
2021-04-14,-0.046765151188375306,-0.0467832702637638,0.03623815077698664,1.811907538849332e-05,3,0.9499999999999998,0.050000000000000155
2021-04-15,-0.018245324480765372,-0.018251087749751992,0.011526537973237744,5.763268986618872e-06,3,0.95,0.050000000000000044
2021-04-16,0.06670824831448202,0.06670282922860986,0.010838171744337544,5.419085872168772e-06,3,0.95,0.050000000000000044
2021-04-19,-0.08167384792826879,-0.08169391116301215,0.040126469486733624,2.0063234743366812e-05,3,0.95,0.050000000000000044
2021-04-20,-0.008432974497838669,-0.008446538869554224,0.0271287434311083,1.356437171555415e-05,3,0.95,0.050000000000000044
2021-04-21,-0.027204122711018713,-0.02733462320773456,0.261000993431697,0.00013050049671584852,3,0.7889990065683021,0.21100099343169787
2021-04-22,0.01461823998045679,0.01451341911613208,0.20964172864942077,0.00010482086432471038,3,0.95,0.050000000000000044
2021-04-23,0.06938882933380397,0.06925461981983994,0.2684190279280727,0.00013420951396403636,3,0.7815809720719264,0.21841902792807355
2021-04-26,0.014151617709443436,0.0140674081954794,0.1684190279280735,8.420951396403676e-05,3,0.9500000000000001,0.04999999999999993
2021-04-27,0.014126880613127887,0.01410594183999849,0.041877546258793946,2.0938773129396974e-05,3,0.95,0.050000000000000044
2021-04-28,-0.024928480926686272,-0.02495235411452666,0.04774637568076942,2.387318784038471e-05,3,0.9500000000000001,0.04999999999999993
2021-04-29,-0.00415164326456731,-0.0041572418617188715,0.011197194303122826,5.598597151561413e-06,3,0.95,0.050000000000000044
2021-04-30,-0.037173180415279936,-0.037175406214385864,0.004451598211854424,2.225799105927212e-06,3,0.95,0.050000000000000044
2021-05-03,-0.02070965598592707,-0.020716256776880784,0.013201581907426096,6.6007909537130485e-06,3,0.95,0.050000000000000044
2021-05-04,-0.0019068386995641034,-0.0020261673065775127,0.23865721402681894,0.00011932860701340947,3,0.8113427859731803,0.18865721402681968
2021-05-05,-0.017352705154180297,-0.01747358226007789,0.24175421179519158,0.00012087710589759579,3,0.9469030022316273,0.05309699776837273
2021-05-06,-0.008594809105589667,-0.008717905195687799,0.24619218019626393,0.00012309609009813197,3,0.8069048175721081,0.19309518242789192
2021-05-07,-0.08251097152755313,-0.08258251911876707,0.14309518242789188,7.154759121394593e-05,3,0.95,0.050000000000000044
2021-05-10,0.036665967611785324,0.0366592181935993,0.013498836372062145,6.749418186031072e-06,3,0.95,0.050000000000000044
2021-05-11,-0.055347018023779705,-0.05535729578558373,0.020555523608052434,1.0277761804026217e-05,3,0.95,0.050000000000000044
2021-05-12,0.05385397986820454,0.05372975757362266,0.24844458916375606,0.00012422229458187802,3,0.8015554108362433,0.19844458916375673
2021-05-13,0.03553972462919168,0.0354655023346098,0.14844458916375664,7.422229458187832e-05,3,0.9499999999999998,0.050000000000000155
2021-05-14,0.07299541038791095,0.07299225623174505,0.006308312331823301,3.154156165911651e-06,3,0.9499999999999998,0.050000000000000155
2021-05-17,0.008008563487832004,0.008005005820678297,0.007115334307412263,3.5576671537061316e-06,3,0.95,0.050000000000000044
2021-05-18,-0.0350158325500783,-0.03504143705880044,0.05120901744428505,2.5604508722142524e-05,3,0.9500000000000001,0.04999999999999993
2021-05-19,0.015267995639415556,0.015225476856054729,0.08503756672165583,4.2518783360827915e-05,3,0.95,0.050000000000000044
2021-05-20,0.010707739214433711,0.01068151512055234,0.05244818776274257,2.6224093881371286e-05,3,0.95,0.050000000000000044
2021-05-21,0.02188760716807154,0.021882441999161353,0.010330337820369462,5.165168910184731e-06,3,0.9499999999999998,0.050000000000000155
2021-05-24,0.10164721390206817,0.10164711742506291,0.00019295401053126549,9.647700526563275e-08,3,0.95,0.050000000000000044
2021-05-25,0.09603569847084348,0.09602333352438629,0.024729892914372026,1.2364946457186013e-05,3,0.95,0.050000000000000044
2021-05-26,0.03445306886510362,0.034438476617458934,0.029184495289365536,1.4592247644682769e-05,3,0.95,0.050000000000000044
2021-05-27,-0.0630114209405331,-0.06301731060363182,0.011779326197436601,5.889663098718301e-06,3,0.95,0.050000000000000044
2021-05-28,0.09438238470372448,0.09438168851733005,0.0013923727888714987,6.961863944357494e-07,3,0.95,0.050000000000000044
2021-06-01,0.05167111819784376,0.051670805653592465,0.0006250885025803621,3.1254425129018103e-07,3,0.95,0.050000000000000044
2021-06-02,-0.042120861758946734,-0.04212175873567504,0.001793953456600994,8.96976728300497e-07,3,0.9499999999999998,0.050000000000000155
2021-06-03,0.0021494576369312764,0.0021308162148641337,0.037282844134285203,1.8641422067142602e-05,3,0.9499999999999998,0.050000000000000155
2021-06-04,0.06315672476670108,0.06313575050420434,0.04194852499347726,2.097426249673863e-05,3,0.95,0.050000000000000044
2021-06-07,0.04171884739437332,0.04170625707069493,0.025180647356784158,1.2590323678392079e-05,3,0.95,0.050000000000000044
2021-06-08,-0.013419697938945065,-0.013426560933266817,0.013725988643504022,6.862994321752011e-06,3,0.9500000000000001,0.04999999999999993
2021-06-09,-0.13200138254407578,-0.1321224891507596,0.2422132133676268,0.0001211066066838134,3,0.8077867866323725,0.19221321336762753
2021-06-10,0.04604716096208438,0.045973256690604536,0.14780854295968943,7.390427147984471e-05,3,0.95,0.050000000000000044
2021-06-11,0.009897405086391073,0.009882586143642447,0.029637885497250355,1.4818942748625177e-05,3,0.95,0.050000000000000044
2021-06-14,-0.02181174790177738,-0.021824698987585038,0.025902171615310998,1.29510858076555e-05,3,0.95,0.050000000000000044
2021-06-15,-0.006499478845728077,-0.006506214321623942,0.013470951791728553,6.7354758958642765e-06,3,0.95,0.050000000000000044
2021-06-16,0.009513826714557803,0.009508910625642986,0.009832177829634636,4.916088914817318e-06,3,0.95,0.050000000000000044
2021-06-17,-0.02160479135258718,-0.02173886866228424,0.2681546193941209,0.00013407730969706045,3,0.7818453806058785,0.2181546193941215
2021-06-18,-0.03180117679670106,-0.03188525410639812,0.16815461939412155,8.407730969706078e-05,3,0.95,0.050000000000000044
2021-06-21,0.0807723320086664,0.08063692503182562,0.2708139536815485,0.00013540697684077426,3,0.7791860463184508,0.2208139536815492
2021-06-22,-0.0005800613291229197,-0.0006707511591936043,0.18137966014136928,9.068983007068464e-05,3,0.95,0.050000000000000044
2021-06-23,-0.021855344933407003,-0.02185924398541504,0.007798104016074531,3.899052008037265e-06,3,0.9500000000000001,0.04999999999999993
2021-06-24,-0.00767756151577732,-0.007813660393229031,0.27219775490342124,0.00013609887745171063,3,0.777802245096578,0.22219775490342197
2021-06-25,0.03835412496378889,0.03824008798590014,0.22807395577750664,0.00011403697788875332,3,0.95,0.050000000000000044
2021-06-28,-0.012370950860287219,-0.012406211546377477,0.07052137218051624,3.526068609025812e-05,3,0.9499999999999998,0.050000000000000155
2021-06-29,0.008515301060686929,0.00850839118042512,0.01381976052361722,6.90988026180861e-06,3,0.95,0.050000000000000044
2021-06-30,-0.03239629378819423,-0.03250764492084308,0.22270226529769552,0.00011135113264884776,3,0.8272977347023037,0.17270226529769628
2021-07-01,-0.022745177789774224,-0.02280652892242307,0.12270226529769626,6.135113264884813e-05,3,0.95,0.050000000000000044
2021-07-02,-0.02452304630657207,-0.024540521026695503,0.03494944024686669,1.7474720123433346e-05,3,0.95,0.050000000000000044
2021-07-06,-0.05827605010365414,-0.05828354031926693,0.014980431225584845,7.490215612792422e-06,3,0.9500000000000001,0.04999999999999993
2021-07-07,0.027372817843280235,0.027353217041164897,0.0392016042306747,1.9600802115337352e-05,3,0.95,0.050000000000000044
2021-07-08,-0.010817589807741675,-0.010825741193628034,0.016302771772717953,8.151385886358976e-06,3,0.95,0.050000000000000044
2021-07-09,-0.029416220005907018,-0.02943255144245534,0.03266287309664288,1.633143654832144e-05,3,0.95,0.050000000000000044
2021-07-12,-0.051589618498431564,-0.05160245004087326,0.025663084883386228,1.2831542441693114e-05,3,0.9499999999999998,0.050000000000000155
2021-07-13,-0.09386225204150787,-0.09387431503856224,0.024125994108722376,1.2062997054361188e-05,3,0.95,0.050000000000000044
2021-07-14,0.017790076546758994,0.0177736900473721,0.03277299877378674,1.638649938689337e-05,3,0.9500000000000001,0.04999999999999993
2021-07-15,-0.00859821220421259,-0.00860492642374273,0.01342843906028117,6.714219530140585e-06,3,0.95,0.050000000000000044
2021-07-16,0.004956567039787203,0.004952541230062205,0.008051619449995995,4.025809724997998e-06,3,0.95,0.050000000000000044
2021-07-19,0.1413909466535051,0.14138084724694866,0.020198813112895384,1.0099406556447692e-05,3,0.95,0.050000000000000044
2021-07-20,-0.025296849712962383,-0.02531656590681938,0.03943238771399299,1.9716193856996494e-05,3,0.95,0.050000000000000044
2021-07-21,-0.0519434146226556,-0.05194364814775752,0.0004670502038310459,2.3352510191552296e-07,3,0.9500000000000001,0.04999999999999993
2021-07-22,0.001294074563332327,0.0012123691160577242,0.16341089454920585,8.170544727460293e-05,3,0.8865891054507933,0.11341089454920672
2021-07-23,0.039233633887435115,0.03919256279754345,0.08214217978333035,4.107108989166518e-05,3,0.95,0.050000000000000044
2021-07-26,-0.03642975624586625,-0.036439559863996114,0.01960723625972749,9.803618129863745e-06,3,0.95,0.050000000000000044
2021-07-27,-0.017884133388398848,-0.017981036178733364,0.19380558066902967,9.690279033451483e-05,3,0.8561944193309695,0.14380558066903049
2021-07-28,-0.01572950088128918,-0.015834585608677863,0.21016945477736568,0.00010508472738868284,3,0.933636125891664,0.066363874108336
2021-07-29,-0.024488923587951912,-0.02449710552500608,0.01636387410833609,8.181937054168045e-06,3,0.9500000000000001,0.04999999999999993
2021-07-30,-0.026564530278908195,-0.026672740934318734,0.2164213108210796,0.0001082106554105398,3,0.8335786891789195,0.16642131082108047
2021-08-02,-0.024852674613547614,-0.024926259768345366,0.14717030959550556,7.358515479775278e-05,3,0.9500000000000001,0.04999999999999993
2021-08-03,-0.052909127511886866,-0.053025025416991015,0.23179581020829212,0.00011589790510414607,3,0.818204189791707,0.18179581020829305
2021-08-04,0.05829291746992569,0.058214762940578556,0.15630905869426337,7.815452934713169e-05,3,0.95,0.050000000000000044
2021-08-05,-0.01173675831814444,-0.011741693885905397,0.009871135521915264,4.935567760957632e-06,3,0.95,0.050000000000000044
2021-08-06,0.03585051260869402,0.035840309781415614,0.020405654556811537,1.0202827278405768e-05,3,0.9499999999999997,0.050000000000000266
2021-08-09,-0.015214212832135181,-0.015227368433156266,0.026311202042168802,1.3155601021084401e-05,3,0.95,0.050000000000000044
2021-08-10,-0.006691203485571675,-0.006693883336874284,0.0053597026052180086,2.6798513026090045e-06,3,0.95,0.050000000000000044
2021-08-11,0.021743678887517062,0.021727497659334117,0.0323624563658918,1.61812281829459e-05,3,0.95,0.050000000000000044
2021-08-12,-0.006630498120563268,-0.006636705527239635,0.012414813352734644,6.207406676367322e-06,3,0.95,0.050000000000000044
2021-08-13,0.01084811080227415,0.010838515173249007,0.019191258050285986,9.595629025142993e-06,3,0.95,0.050000000000000044
2021-08-16,0.004443763954522209,0.004441431332418635,0.004665244207147923,2.3326221035739615e-06,3,0.9500000000000001,0.04999999999999993
2021-08-17,-0.024297495959877114,-0.024423530406983973,0.2520688942137193,0.00012603444710685967,3,0.7979311057862798,0.2020688942137202
2021-08-18,-0.04351466677857474,-0.0435907012256816,0.15206889421372025,7.603444710686012e-05,3,0.9500000000000001,0.04999999999999993
2021-08-19,0.02332264322581943,0.023200329283089915,0.24462788545903053,0.00012231394272951525,3,0.8053721145409686,0.19462788545903142
2021-08-20,0.05606367280887487,0.05597202583966431,0.18329393842112227,9.164696921056113e-05,3,0.9500000000000001,0.04999999999999993
2021-08-23,0.2028857199042991,0.20288304132250598,0.005357163586224262,2.678581793112131e-06,3,0.9499999999999998,0.050000000000000155
2021-08-24,-0.0332603620584864,-0.0332678282420914,0.01493236721001398,7.46618360500699e-06,3,0.95,0.050000000000000044
2021-08-25,-0.008736495160308107,-0.00874265036451316,0.012310408410107193,6.155204205053597e-06,3,0.95,0.050000000000000044
2021-08-26,0.013439211157895785,0.01343487038943841,0.008681536914748988,4.340768457374495e-06,3,0.9499999999999998,0.050000000000000155
2021-08-27,0.02656788829558236,0.02654357679226461,0.04862300663549693,2.4311503317748466e-05,3,0.95,0.050000000000000044
2021-08-30,0.03729697192271887,0.037295121991883604,0.003699861670540594,1.8499308352702971e-06,3,0.95,0.050000000000000044
2021-08-31,-0.029162101335822848,-0.029303825995002017,0.28344931835833836,0.00014172465917916918,3,0.7665506816416608,0.23344931835833915
2021-09-01,0.020218722947541196,0.01999280220921555,0.4518414766512894,0.0002259207383256447,3,0.781607841707049,0.218392158292951
2021-09-02,-0.029456981613930483,-0.02954117769307696,0.16839215829295107,8.419607914647554e-05,3,0.95,0.050000000000000044
2021-09-03,-0.005143522236502502,-0.005294638970624462,0.30223346824392017,0.00015111673412196008,3,0.7477665317560789,0.2522334682439211
2021-09-07,-0.011676012792211008,-0.011786274264502562,0.2205229445831069,0.00011026147229155345,3,0.9500000000000001,0.04999999999999993
2021-09-08,0.006137685487525499,0.005994186428749427,0.28699811755214333,0.00014349905877607166,3,0.7630018824478558,0.23699811755214417
2021-09-09,-0.025508652276004223,-0.025608597656963612,0.19989076191878102,9.994538095939052e-05,3,0.95,0.050000000000000044
2021-09-10,0.02800625298051171,0.027866089110185753,0.28032774065191335,0.00014016387032595668,3,0.7696722593480858,0.2303277406519142
2021-09-13,-0.018672869272224564,-0.018763736940680786,0.1817353369124421,9.086766845622105e-05,3,0.95,0.050000000000000044
2021-09-14,0.024868130068501366,0.024860771399885236,0.014717337232260791,7.358668616130396e-06,3,0.95,0.050000000000000044
2021-09-15,0.005818585768815691,0.005817424894035965,0.0023217495594517468,1.1608747797258734e-06,3,0.95,0.050000000000000044
2021-09-16,0.0002808487245687858,0.00014131590309782725,0.27906564294191716,0.00013953282147095858,3,0.770934357058082,0.229065642941918
2021-09-17,-0.06368521903471935,-0.06382475185619031,0.27906564294191716,0.00013953282147095858,3,0.95,0.050000000000000044
2021-09-20,-0.014814643141828435,-0.014956341112356776,0.2833959410566837,0.00014169797052834186,3,0.7666040589433155,0.23339594105668449
2021-09-21,0.021652161797168126,0.021560463826639783,0.18339594105668444,9.169797052834222e-05,3,0.95,0.050000000000000044
2021-09-22,0.004026047191070775,0.003876014017059015,0.30006634802352067,0.00015003317401176034,3,0.7499336519764785,0.25006634802352146
2021-09-23,-0.023358652154651903,-0.023458685328663662,0.20006634802352136,0.00010003317401176069,3,0.95,0.050000000000000044
2021-09-24,0.005042598522958311,0.0050354390074534945,0.014319031009632888,7.159515504816444e-06,3,0.95,0.050000000000000044
2021-09-27,-0.043089285260514136,-0.04321764689509824,0.25672326916820243,0.0001283616345841012,3,0.7932767308317967,0.20672326916820327
2021-09-28,-0.013480400200347171,-0.013624289752889599,0.2877791050848567,0.00014388955254242836,3,0.9189441640833457,0.08105583591665433
2021-09-29,0.02346011855428467,0.02344459063632634,0.031055835916654312,1.5527917958327155e-05,3,0.95,0.050000000000000044
2021-09-30,0.008088817641210605,0.0080617307436146,0.05417379519201196,2.708689759600598e-05,3,0.9500000000000001,0.04999999999999993
2021-10-01,-0.0251658256198989,-0.025292708968181876,0.2537666965659537,0.00012688334828297684,3,0.7962333034340455,0.20376669656595447
2021-10-04,0.011524817527922074,0.011393422911265872,0.2627892333124049,0.00013139461665620246,3,0.9409774632535488,0.05902253674645119
2021-10-05,-0.0091145816831022,-0.009143722784161585,0.058282202118769694,2.9141101059384847e-05,3,0.95,0.050000000000000044
2021-10-06,0.021377131404888308,0.021351525923610084,0.05121096255644411,2.5605481278222058e-05,3,0.95,0.050000000000000044
2021-10-07,-0.007839457574027868,-0.007960228409392292,0.24154167072884952,0.00012077083536442477,3,0.8084583292711497,0.1915416707288503
2021-10-08,0.01776161065712117,0.017596417138512333,0.3303870372176737,0.00016519351860883687,3,0.8611546335111757,0.13884536648882428
2021-10-11,-0.0025242505463917595,-0.0026685593092889773,0.28861752579443567,0.00014430876289721784,3,0.8502278406943877,0.14977215930561227
2021-10-12,0.027180290983951357,0.02704555160102937,0.2694787658439746,0.00013473938292198732,3,0.8802933934616367,0.11970660653836329
2021-10-13,0.021864095699661797,0.021738325562612484,0.251540274098626,0.00012577013704931302,3,0.8681663324397362,0.13183366756026382
2021-10-14,0.005079045080740771,0.00493854502192796,0.2810001176256208,0.00014050005881281042,3,0.850833549934642,0.149166450065358
2021-10-15,0.022435597640225756,0.022290182407579535,0.29083046529244394,0.00014541523264622198,3,0.8583359847729131,0.14166401522708694
2021-10-18,-0.01697543906232646,-0.01711769656457488,0.2845150044968473,0.00014225750224842364,3,0.8571490107302386,0.14285098926976136
2021-10-19,0.002878829383684728,0.0027988565404100606,0.1599456865493349,7.997284327466745e-05,3,0.9499999999999998,0.050000000000000155
2021-10-20,-0.026617112910070753,-0.02663405302081012,0.03388022147872993,1.6940110739364968e-05,3,0.9500000000000001,0.04999999999999993
2021-10-21,-0.04338617540024746,-0.04340301839379885,0.03368598710277901,1.6842993551389506e-05,3,0.95,0.050000000000000044
2021-10-22,0.016326138247172776,0.016310199546610876,0.03187740112379761,1.5938700561898805e-05,3,0.95,0.050000000000000044
2021-10-25,0.0021311579155226783,0.002113075782995848,0.03616426505366033,1.8082132526830165e-05,3,0.95,0.050000000000000044
2021-10-26,-0.031445511738881,-0.03146152243058068,0.032021383399365555,1.601069169968278e-05,3,0.95,0.050000000000000044
2021-10-27,0.027446102405263344,0.0274322785364346,0.02764773765748829,1.3823868828744146e-05,3,0.95,0.050000000000000044
2021-10-28,0.0014681840030881794,0.0013039431748435282,0.32848165648930255,0.0001642408282446513,3,0.7215183435106967,0.27848165648930334
2021-10-29,0.06661711129062461,0.06644615608645883,0.3419104083315724,0.0001709552041657862,3,0.9365712481577301,0.06342875184226993
2021-11-01,0.029581466995965755,0.02957286041030119,0.017213171329131582,8.606585664565791e-06,3,0.95,0.050000000000000044
2021-11-02,0.010173548153302132,0.010154794812805004,0.03750668099425797,1.8753340497128985e-05,3,0.95,0.050000000000000044
2021-11-03,-0.010999175573767651,-0.011016738853623283,0.035126559711263994,1.7563279855631996e-05,3,0.9499999999999998,0.050000000000000155
2021-11-04,0.02451274307015473,0.02448844815430759,0.048589831694276775,2.4294915847138387e-05,3,0.9499999999999998,0.050000000000000155
2021-11-05,0.046386559425784096,0.04636910375626144,0.03491133904532162,1.745566952266081e-05,3,0.95,0.050000000000000044
2021-11-08,-0.05678140390979005,-0.05678837201537465,0.013936211169204349,6.9681055846021745e-06,3,0.95,0.050000000000000044
2021-11-09,-0.03781414995121177,-0.03788618330494123,0.1440667074589278,7.20333537294639e-05,3,0.9059332925410712,0.09406670745892876
2021-11-10,0.010042703906615708,0.010020670552886244,0.04406670745892871,2.2033353729464357e-05,3,0.95,0.050000000000000044
2021-11-11,-0.0069410495005858405,-0.006972686609431607,0.06327421769153363,3.1637108845766814e-05,3,0.9500000000000002,0.04999999999999982
2021-11-12,0.03600261253818703,0.03598717167609353,0.030881724187011628,1.5440862093505813e-05,3,0.95,0.050000000000000044
2021-11-15,-0.0031864349568696826,-0.0031880874270164275,0.0033049402934899885,1.6524701467449942e-06,3,0.9499999999999997,0.050000000000000266
2021-11-16,-0.004902406451067031,-0.004922134317672534,0.03945573321100604,1.972786660550302e-05,3,0.95,0.050000000000000044
2021-11-17,-0.014526297915622818,-0.0145376158381,0.022635844954361883,1.1317922477180941e-05,3,0.9499999999999998,0.050000000000000155
2021-11-18,0.024314065158765434,0.024298200331921628,0.03172965368761549,1.5864826843807746e-05,3,0.9499999999999997,0.050000000000000266
2021-11-19,0.03230291175016928,0.03229314138965893,0.01954072102070248,9.77036051035124e-06,3,0.9499999999999998,0.050000000000000155
2021-11-22,-0.049104440349702315,-0.04912737047979126,0.045860260177882695,2.2930130088941347e-05,3,0.95,0.050000000000000044
2021-11-23,-0.005458804371956438,-0.005472559713864117,0.027510683815358927,1.3755341907679463e-05,3,0.9500000000000001,0.04999999999999993
2021-11-24,-0.04392737775131332,-0.043975999454758226,0.09724340688981381,4.8621703444906906e-05,3,0.95,0.050000000000000044
2021-11-26,0.019938696577097265,0.019924529970422447,0.028333213349635983,1.4166606674817992e-05,3,0.95,0.050000000000000044
2021-11-29,-0.051343354800671676,-0.051354144854538035,0.02158010773271188,1.0790053866355939e-05,3,0.95,0.050000000000000044
2021-11-30,-0.0875853486977635,-0.08759463128314067,0.018565170754354154,9.282585377177077e-06,3,0.95,0.050000000000000044
2021-12-01,0.02176587935526123,0.021751678021688682,0.02840266714509282,1.420133357254641e-05,3,0.9500000000000001,0.04999999999999993
2021-12-02,-0.01926980961823611,-0.01945399743983823,0.3683756432042361,0.00018418782160211806,3,0.6816243567957629,0.31837564320423706
2021-12-03,-0.010037358710258239,-0.010337666400943408,0.6006153813703361,0.00030030769068516806,3,0.7177602618339001,0.28223973816609993
2021-12-06,0.03993570054505946,0.03981958067597641,0.23223973816609997,0.00011611986908304998,3,0.9500000000000001,0.04999999999999993
2021-12-07,0.0006114556853750522,0.0005898862287979668,0.0431389131541709,2.156945657708545e-05,3,0.9500000000000001,0.04999999999999993
2021-12-08,-0.06915512966116599,-0.06916087724526289,0.011495168193787264,5.747584096893632e-06,3,0.95,0.050000000000000044
2021-12-09,-0.011745403251400815,-0.011919662310503114,0.3485181182045973,0.00017425905910229867,3,0.7014818817954017,0.2985181182045983
2021-12-10,-0.11568463250365167,-0.11580906813071334,0.2488712541233354,0.0001244356270616677,3,0.9499999999999997,0.050000000000000266
2021-12-13,0.04859816363841318,0.0484607903702694,0.2747465362875649,0.00013737326814378245,3,0.7752534637124342,0.2247465362875658
2021-12-14,0.005131859738062834,0.005016246135004075,0.23122720611751701,0.00011561360305875851,3,0.95,0.050000000000000044
2021-12-15,-0.02260373701202733,-0.022650770699503248,0.09406737495183456,4.703368747591728e-05,3,0.95,0.050000000000000044
2021-12-16,0.09969812356324871,0.09968904116943358,0.01816478763024265,9.082393815121325e-06,3,0.95,0.050000000000000044
2021-12-17,0.007364153070182081,0.007358557340286411,0.011191459791338593,5.595729895669297e-06,3,0.95,0.050000000000000044
2021-12-20,0.023131575926693203,0.023115452926390345,0.03224600060571409,1.6123000302857045e-05,3,0.95,0.050000000000000044
2021-12-21,-0.03741797441272389,-0.03742825685968875,0.0205648939297238,1.0282446964861899e-05,3,0.95,0.050000000000000044
2021-12-22,0.0020372823795424626,0.001991218468924173,0.09212782123657931,4.606391061828966e-05,3,0.9500000000000001,0.04999999999999993
2021-12-23,-0.005130832610020702,-0.005170168799801489,0.07867237956157477,3.933618978078739e-05,3,0.9500000000000001,0.04999999999999993
2021-12-27,-0.032845764088282006,-0.03284659600551645,0.001663834468884684,8.319172344423421e-07,3,0.95,0.050000000000000044
2021-12-28,0.012103546066073613,0.012075651473551066,0.055789185045094114,2.7894592522547057e-05,3,0.95,0.050000000000000044
2021-12-29,0.015567721515874851,0.015554408793316703,0.026625445116296165,1.3312722558148082e-05,3,0.95,0.050000000000000044
2021-12-30,-0.03613042263574599,-0.03615351821867056,0.04619116584914168,2.309558292457084e-05,3,0.9499999999999998,0.050000000000000155
2021-12-31,-0.007761233797520754,-0.0077832637362967175,0.044059877551928084,2.202993877596404e-05,3,0.9499999999999998,0.050000000000000155
2022-01-03,-0.02329260330077598,-0.02329523255250488,0.005258503457803709,2.629251728901855e-06,3,0.95,0.050000000000000044
2022-01-04,-0.09165738324724353,-0.09166421967186571,0.013672849244371232,6.836424622185616e-06,3,0.95,0.050000000000000044
2022-01-05,0.004644991273809879,0.004627455709556717,0.03507112850632299,1.7535564253161495e-05,3,0.95,0.050000000000000044
2022-01-06,0.027489671800589255,0.02746026799694176,0.05880760729499224,2.9403803647496118e-05,3,0.95,0.050000000000000044
2022-01-07,-0.01997955653028856,-0.019982669961990083,0.006226863403047039,3.1134317015235195e-06,3,0.9499999999999998,0.050000000000000155
2022-01-10,-0.0023803613716272183,-0.002411314706895403,0.061906670536369,3.09533352681845e-05,3,0.95,0.050000000000000044
2022-01-11,-0.014790726891956037,-0.014821278563084104,0.0611033422561332,3.05516711280666e-05,3,0.9499999999999998,0.050000000000000155
2022-01-12,-0.039769725580145195,-0.039928963581981655,0.3184760036729176,0.00015923800183645882,3,0.7315239963270816,0.26847600367291835
2022-01-13,0.004400123553379696,0.004290885551543237,0.2184760036729183,0.00010923800183645915,3,0.95,0.050000000000000044
2022-01-14,-0.050918922777392454,-0.05094408013450654,0.05031471422817049,2.5157357114085248e-05,3,0.9500000000000002,0.04999999999999982
2022-01-18,-0.018300496154737774,-0.01835586827432269,0.11074423916983217,5.5372119584916084e-05,3,0.9392557608301668,0.06074423916983318
2022-01-19,-0.01757561680650714,-0.01764038754938037,0.1295414857464576,6.47707428732288e-05,3,0.9312027534233746,0.06879724657662545
2022-01-20,-0.02404580100126255,-0.024165325403706875,0.23904880488864977,0.00011952440244432488,3,0.8297484416879747,0.17025155831202532
2022-01-21,-0.030807478596584018,-0.030899275177677623,0.18359316218721305,9.179658109360653e-05,3,0.95,0.050000000000000044
2022-01-24,-0.007421946102877403,-0.007483480183156968,0.12306816055912839,6.15340802795642e-05,3,0.9269318394408708,0.07306816055912924
2022-01-25,0.015409288812495616,0.015366035125108566,0.08650737477409937,4.3253687387049686e-05,3,0.9500000000000001,0.04999999999999993
2022-01-26,-0.019583591654148826,-0.019779412187337114,0.3916410663765747,0.00019582053318828736,3,0.6583589336234243,0.34164106637657565
2022-01-27,0.014263078762021653,0.014117258228833364,0.2916410663765756,0.0001458205331882878,3,0.95,0.050000000000000044
2022-01-28,0.03907081248483082,0.03904785392617891,0.04591711730380971,2.2958558651904853e-05,3,0.95,0.050000000000000044
2022-01-31,0.020381862203687567,0.020378724841540467,0.006274724294204864,3.1373621471024324e-06,3,0.95,0.050000000000000044
2022-02-01,-0.009308296498535592,-0.009440076779721644,0.2635605623721028,0.0001317802811860514,3,0.7864394376278964,0.21356056237210364
2022-02-02,-0.020252497894459865,-0.02033948654280218,0.17397729668462666,8.698864834231334e-05,3,0.95,0.050000000000000044
2022-02-03,0.017844034806974114,0.017798574503561166,0.09092060682589634,4.546030341294817e-05,3,0.95,0.050000000000000044
2022-02-04,0.019958254108703014,0.019934089209417156,0.04832979857171557,2.4164899285857787e-05,3,0.9499999999999997,0.050000000000000266
2022-02-07,-0.017184908879556045,-0.017194659606006392,0.01950145290069369,9.750726450346844e-06,3,0.95,0.050000000000000044
2022-02-08,0.04621044138783755,0.0460624556845732,0.29597140652870474,0.00014798570326435238,3,0.7540285934712943,0.24597140652870575
2022-02-09,-0.031961358991816506,-0.03205934469508086,0.19597140652870554,9.798570326435278e-05,3,0.95,0.050000000000000044
2022-02-10,0.007845423016036975,0.007827649359270859,0.03554731353223131,1.7773656766115655e-05,3,0.95,0.050000000000000044
2022-02-11,0.0264483435563808,0.026432987610548936,0.03071189166372848,1.535594583186424e-05,3,0.95,0.050000000000000044
2022-02-14,-0.022485623106622173,-0.022624371425494907,0.2774966377454698,0.0001387483188727349,3,0.7725033622545292,0.2274966377454708
2022-02-15,0.02205607635104572,0.021967328032172984,0.17749663774547073,8.874831887273537e-05,3,0.95,0.050000000000000044
2022-02-16,-0.03291416145251655,-0.032942406851605634,0.0564907981781721,2.824539908908605e-05,3,0.95,0.050000000000000044
2022-02-17,-0.034403522292728396,-0.034430832537553614,0.05462048965043392,2.7310244825216962e-05,3,0.95,0.050000000000000044
2022-02-18,-0.036172241203583685,-0.03618839953007433,0.03231665298128322,1.615832649064161e-05,3,0.95,0.050000000000000044
2022-02-22,0.05267741700247579,0.05264840092624345,0.05803215246468599,2.9016076232342993e-05,3,0.95,0.050000000000000044
2022-02-23,0.06357352970606768,0.06350946095808835,0.12813749595867555,6.406874797933778e-05,3,0.9218625040413234,0.07813749595867658
2022-02-24,0.03629704230166306,0.03624356357511012,0.10695745310588209,5.3478726552941046e-05,3,0.9499999999999998,0.050000000000000155
2022-02-25,-0.012989308216439462,-0.012998801514155209,0.018986595431494196,9.493297715747099e-06,3,0.95,0.050000000000000044
2022-02-28,-0.02079161258901648,-0.020823726572938257,0.06422796784355564,3.211398392177782e-05,3,0.95,0.050000000000000044
2022-03-01,0.023283035231903573,0.023272030114401394,0.022010235004360668,1.1005117502180334e-05,3,0.9499999999999998,0.050000000000000155
2022-03-02,-0.016699938192504423,-0.016707503105270752,0.015129825532657931,7.564912766328966e-06,3,0.95,0.050000000000000044
2022-03-03,0.00605500482327978,0.0060404492092789325,0.02911122800169494,1.455561400084747e-05,3,0.95,0.050000000000000044
2022-03-04,-0.009832969422308687,-0.009849814983831565,0.03369112304575661,1.6845561522878304e-05,3,0.95,0.050000000000000044
2022-03-07,0.02180133811052964,0.021786062225581184,0.030551769896910524,1.5275884948455263e-05,3,0.9499999999999998,0.050000000000000155
2022-03-08,0.007566694560821725,0.007554826223537803,0.023736674567844618,1.1868337283922309e-05,3,0.95,0.050000000000000044
2022-03-09,0.014758624134753673,0.014748980759567019,0.019286750373308376,9.643375186654188e-06,3,0.95,0.050000000000000044
2022-03-10,0.00034003145029542874,0.00032263657683079115,0.03478974692927514,1.739487346463757e-05,3,0.95,0.050000000000000044
2022-03-11,-0.03986489951914475,-0.039879984035864,0.030169033438496973,1.5084516719248486e-05,3,0.95,0.050000000000000044
2022-03-14,0.01693492731939981,0.016926356429171428,0.017141780456769146,8.570890228384573e-06,3,0.95,0.050000000000000044
2022-03-15,0.06609208399608237,0.06607969313457251,0.02478172301970169,1.2390861509850846e-05,3,0.95,0.050000000000000044
2022-03-16,0.040049316348104186,0.0400152065995122,0.0682194971839711,3.4109748591985554e-05,3,0.95,0.050000000000000044
2022-03-17,-0.0069671201523806,-0.007025481542952743,0.11672278114428675,5.836139057214337e-05,3,0.9332772188557124,0.06672278114428765
2022-03-18,0.02305433037484691,0.022913382182655626,0.28189638438256615,0.00014094819219128308,3,0.7848263967617206,0.2151736032382794
2022-03-21,-0.0034860685871645272,-0.003710040270384865,0.44794336644067606,0.00022397168322033803,3,0.7672302367976023,0.23276976320239773
2022-03-22,0.01652294219849095,0.016339310522966055,0.36726335104979246,0.00018363167552489624,3,0.865506412152604,0.13449358784739596
2022-03-23,0.007895412233230632,0.007853165439306933,0.0844935878473958,4.2246793923697904e-05,3,0.9499999999999998,0.050000000000000155
2022-03-24,0.05017297743129169,0.05017128733086309,0.0033802008572004494,1.6901004286002247e-06,3,0.95,0.050000000000000044
2022-03-25,-0.015448564878017058,-0.015585724189458878,0.2743186228836379,0.00013715931144181895,3,0.7756813771163609,0.22431862288363913
2022-03-28,0.024345188230054618,0.02424068075185896,0.2090149563913171,0.00010450747819565855,3,0.9500000000000001,0.04999999999999993
2022-03-29,-0.010181177469506128,-0.010211628911303028,0.06090288359380153,3.0451441796900764e-05,3,0.95,0.050000000000000044
2022-03-30,-0.013846946210248675,-0.01385676707831811,0.01964173613887002,9.82086806943501e-06,3,0.95,0.050000000000000044
2022-03-31,0.0078302296439064,0.007788004836238017,0.08444961533676656,4.2224807668383285e-05,3,0.95,0.050000000000000044
2022-04-01,-0.00946025088702333,-0.0094725832616236,0.024664749200538794,1.2332374600269396e-05,3,0.95,0.050000000000000044
2022-04-04,0.013791413535775503,0.01364596622297425,0.29089462560250423,0.00014544731280125212,3,0.7591053743974947,0.2408946256025053
2022-04-05,-0.035797900636269156,-0.03589334794907041,0.19089462560250536,9.544731280125268e-05,3,0.95,0.050000000000000044
2022-04-06,0.020713742316136617,0.02057479580500048,0.2778930222722752,0.0001389465111361376,3,0.7721069777277236,0.22789302227227637
2022-04-07,0.02145252148474247,0.021314136259308405,0.27677045086813096,0.00013838522543406547,3,0.95,0.050000000000000044
2022-04-08,-0.03951876191564145,-0.039526040607382275,0.014557383481645148,7.2786917408225736e-06,3,0.9500000000000001,0.04999999999999993
2022-04-11,0.01627502456639712,0.01613612091537124,0.2778073020517581,0.00013890365102587905,3,0.7721926979482407,0.22780730205175925
2022-04-12,0.06453499937111801,0.064284999371118,0.49999999999999944,0.00024999999999999973,3,0.7278073020517587,0.2721926979482413
2022-04-13,-0.007892519553165042,-0.008003615902139162,0.22219269794824134,0.00011109634897412067,3,0.95,0.050000000000000044
2022-04-14,0.03632434776725969,0.03628508470001914,0.07852613448110629,3.9263067240553146e-05,3,0.95,0.050000000000000044
2022-04-18,-0.002191472949916378,-0.0022127490937148167,0.0425522875968774,2.1276143798438703e-05,3,0.9499999999999998,0.050000000000000155
2022-04-19,0.037693011719113774,0.037677020377723906,0.0319826827797309,1.5991341389865453e-05,3,0.95,0.050000000000000044
2022-04-20,-0.04092284482065424,-0.04106810862374987,0.29052760619126694,0.00014526380309563347,3,0.759472393808732,0.240527606191268
2022-04-21,-0.04568253797647419,-0.045777801779569825,0.1905276061912682,9.52638030956341e-05,3,0.9500000000000002,0.04999999999999982
2022-04-22,-0.01120872971698572,-0.01134932055652698,0.28118167908252095,0.00014059083954126047,3,0.7688183209174777,0.2311816790825223
2022-04-25,-0.025188269330727774,-0.025325918128773457,0.2752975960913679,0.00013764879804568396,3,0.95,0.050000000000000044
2022-04-26,0.020489801365060872,0.020347940450270174,0.2837218295813982,0.00014186091479069908,3,0.7662781704186006,0.23372182958139942
2022-04-27,0.023073796926849924,0.02284825356929326,0.45108671511332343,0.00022554335755666172,3,0.7826351144680748,0.21736488553192523
2022-04-28,-0.017615744454483228,-0.01769942689724919,0.1673648855319252,8.36824427659626e-05,3,0.95,0.050000000000000044
2022-04-29,-0.010797678777803618,-0.010928608548713095,0.2618595418189524,0.00013092977090947618,3,0.7881404581810465,0.2118595418189535
2022-05-02,0.06228591276601205,0.062152835907393296,0.2661537172375097,0.00013307685861875486,3,0.9457058245814426,0.05429417541855741
2022-05-03,-0.0017094034500238948,-0.0017256727012716177,0.03253850249544596,1.626925124772298e-05,3,0.95,0.050000000000000044
2022-05-04,-0.049110006819480106,-0.04911744458562167,0.014875532283126436,7.437766141563218e-06,3,0.95,0.050000000000000044
2022-05-05,-0.05163839114616765,-0.051642977925423494,0.009173558511683083,4.586779255841541e-06,3,0.9500000000000001,0.04999999999999993
2022-05-06,-0.07886128110188352,-0.07899999354882864,0.2774248938902323,0.00013871244694511615,3,0.7725751061097664,0.22742489389023357
2022-05-09,0.013659132930525385,0.013570420483580268,0.1774248938902334,8.87124469451167e-05,3,0.9499999999999998,0.050000000000000155
2022-05-10,0.011749819376230288,0.011617767294478299,0.26410416350397947,0.00013205208175198974,3,0.7858958364960194,0.21410416350398065
2022-05-11,-0.020267492100762036,-0.020414111590203742,0.2932389788834152,0.0001466194894417076,3,0.9208651846205641,0.0791348153794359
2022-05-12,0.023772444293093074,0.023757876885403355,0.029134815379435852,1.4567407689717927e-05,3,0.95,0.050000000000000044
2022-05-13,0.059804883854596765,0.05978892052300744,0.03192666317865725,1.5963331589328626e-05,3,0.95,0.050000000000000044
2022-05-16,0.025035132385495894,0.025034732275908342,0.0008002191751043108,4.001095875521554e-07,3,0.95,0.050000000000000044
2022-05-17,-0.052840140408275525,-0.05284193729269173,0.0035937688324087225,1.7968844162043612e-06,3,0.95,0.050000000000000044
2022-05-18,0.007426442574258042,0.007399153012041841,0.05457912443240348,2.728956221620174e-05,3,0.95,0.050000000000000044
2022-05-19,-0.0008959124753569843,-0.0009120679130384812,0.032310875362993846,1.6155437681496925e-05,3,0.95,0.050000000000000044
2022-05-20,0.06464394037669009,0.06463570881302362,0.016463127332942695,8.231563666471349e-06,3,0.95,0.050000000000000044
2022-05-23,-0.020987787900071907,-0.02099681353331287,0.01805126648192451,9.025633240962255e-06,3,0.9499999999999998,0.050000000000000155
2022-05-24,0.03683517449368523,0.03682209446799873,0.026160051372996068,1.3080025686498034e-05,3,0.95,0.050000000000000044
2022-05-25,0.024777779351059924,0.024750489347081198,0.05458000795745088,2.729000397872544e-05,3,0.9500000000000001,0.04999999999999993
2022-05-26,0.055701630753125564,0.055694839735220276,0.013582035810580956,6.791017905290478e-06,3,0.95,0.050000000000000044
2022-05-27,-0.018618324165316374,-0.018639472578420035,0.04229682620731945,2.1148413103659724e-05,3,0.95,0.050000000000000044
2022-05-31,0.06871637037228363,0.06869782482679025,0.03709109098676558,1.854554549338279e-05,3,0.95,0.050000000000000044
2022-06-01,0.020856145920429097,0.020814327665302525,0.08363651025314034,4.181825512657017e-05,3,0.95,0.050000000000000044
2022-06-02,0.017078811950223198,0.017065919600420414,0.025784699605569228,1.2892349802784614e-05,3,0.9500000000000002,0.04999999999999982
2022-06-03,0.0005968782129000174,0.0005650705440969553,0.0636153376061242,3.18076688030621e-05,3,0.95,0.050000000000000044
2022-06-06,0.03251490549675835,0.03248774842434499,0.05431414482673891,2.7157072413369454e-05,3,0.95,0.050000000000000044
2022-06-07,-0.006962548847644735,-0.007138950815061141,0.35280393483281264,0.00017640196741640634,3,0.6971960651671861,0.30280393483281387
2022-06-08,-0.0431036761449281,-0.04323007811234451,0.2528039348328138,0.0001264019674164069,3,0.95,0.050000000000000044
2022-06-09,-0.016281734557873982,-0.01629023733464433,0.017005553540691942,8.502776770345971e-06,3,0.9500000000000002,0.04999999999999982
2022-06-10,-0.050299002653823574,-0.05031785078928086,0.03769627091456634,1.8848135457283173e-05,3,0.95,0.050000000000000044
2022-06-13,-0.04556014285989572,-0.04573862193692254,0.3569581540536323,0.00017847907702681616,3,0.6930418459463665,0.30695815405363347
2022-06-14,-0.015117859767252391,-0.01542832873948976,0.6209379444747377,0.00031046897223736884,3,0.6860202095788944,0.3139797904211056
2022-06-15,-0.041016129991166723,-0.0412575546163786,0.4828492504237625,0.00024142462521188125,3,0.8311305399973419,0.16886946000265812
2022-06-16,-0.06866439454323243,-0.06873120377256532,0.13361845866578195,6.680922933289098e-05,3,0.9500000000000001,0.04999999999999993
2022-06-17,0.028060922631447112,0.028045964939603565,0.029915383687092012,1.4957691843546007e-05,3,0.9500000000000001,0.04999999999999993
2022-06-21,-0.05547972400909035,-0.05548935784182012,0.019267665459533734,9.633832729766867e-06,3,0.95,0.050000000000000044
2022-06-22,-0.08287953657513265,-0.08288495534243034,0.010837534595376508,5.418767297688254e-06,3,0.95,0.050000000000000044
2022-06-23,0.029556974477519413,0.0295325282211287,0.048892512781423425,2.4446256390711714e-05,3,0.95,0.050000000000000044
2022-06-24,0.0634636482075992,0.06345369408798815,0.01990823922210555,9.954119611052775e-06,3,0.95,0.050000000000000044
2022-06-27,0.027470685002232043,0.027460390269112286,0.02058946623951341,1.0294733119756705e-05,3,0.95,0.050000000000000044
2022-06-28,-0.04749688599874975,-0.04749884132258599,0.003910647672480061,1.9553238362400307e-06,3,0.95,0.050000000000000044
2022-06-29,-0.05225720300074764,-0.052263017711355685,0.011629421216089453,5.814710608044727e-06,3,0.95,0.050000000000000044
2022-06-30,0.002743064913119785,0.0027282283881687993,0.02967304990197167,1.4836524950985836e-05,3,0.95,0.050000000000000044
2022-07-01,-0.06407586831333151,-0.06410436009345229,0.05698356024155804,2.849178012077902e-05,3,0.95,0.050000000000000044
2022-07-05,-0.01932737348715725,-0.019356736142069866,0.05872530982522717,2.9362654912613586e-05,3,0.95,0.050000000000000044
2022-07-06,0.07226781187121399,0.07226197380837963,0.011676125668701576,5.838062834350788e-06,3,0.95,0.050000000000000044
2022-07-07,-0.012277288147273547,-0.012288398482578983,0.022220670610873905,1.1110335305436952e-05,3,0.9500000000000001,0.04999999999999993
2022-07-08,-0.012893055953332871,-0.012898808427986021,0.011504949306298251,5.752474653149126e-06,3,0.95,0.050000000000000044
2022-07-11,-0.026082342168138435,-0.026104205220227997,0.04372610417912193,2.1863052089560964e-05,3,0.9500000000000001,0.04999999999999993
2022-07-12,0.03230850848736195,0.03228552394825811,0.04596907820768936,2.298453910384468e-05,3,0.95,0.050000000000000044
2022-07-13,-0.019738504541267455,-0.019742389918326563,0.007770754118217538,3.885377059108769e-06,3,0.95,0.050000000000000044
2022-07-14,0.024229358514139952,0.024210911328859525,0.036894370560857426,1.8447185280428713e-05,3,0.95,0.050000000000000044
2022-07-15,0.05277905131200808,0.05272959844024142,0.09890574353331161,4.9452871766655805e-05,3,0.9500000000000001,0.04999999999999993
2022-07-18,0.02253518737851853,0.022319898277821066,0.4305782013949324,0.0002152891006974662,3,0.6194217986050662,0.3805782013949338
2022-07-19,-0.012088701899885278,-0.012274693168810493,0.37198253785043034,0.00018599126892521517,3,0.9500000000000001,0.04999999999999993
2022-07-20,-0.016589325459255448,-0.016634510503767044,0.09037008902319432,4.518504451159716e-05,3,0.95,0.050000000000000044
2022-07-21,-0.02647650880949105,-0.02650922378712807,0.06542995527403975,3.2714977637019874e-05,3,0.95,0.050000000000000044
2022-07-22,-0.0034308743451690812,-0.0034905593272593605,0.11936996418055862,5.968498209027931e-05,3,0.9306300358194401,0.06936996418055985
2022-07-25,0.005314494753929961,0.005144027252413166,0.3409350030335919,0.00017046750151679597,3,0.7284349611469667,0.2715650388530333
2022-07-26,0.01113021362773005,0.010964815260860742,0.33079673373861523,0.00016539836686930762,3,0.9407683051144169,0.05923169488558311
2022-07-27,-0.022529875807082336,-0.02259198743860783,0.1242232630509898,6.21116315254949e-05,3,0.9350084318345919,0.06499156816540808
2022-07-28,0.058214421530808844,0.058196097707419174,0.03664764677933391,1.8323823389666955e-05,3,0.9499999999999997,0.050000000000000266
2022-07-29,0.013835990484873351,0.01378766967908244,0.09664161158182055,4.832080579091028e-05,3,0.95,0.050000000000000044
2022-08-01,0.006320833425042123,0.006143205855834157,0.35525513841593126,0.00017762756920796565,3,0.6947448615840672,0.30525513841593277
2022-08-02,-0.01171162740529896,-0.011994070899385416,0.5648869881729133,0.00028244349408645665,3,0.740368150243018,0.25963184975698195
2022-08-03,-0.002403761540415418,-0.002508577465293909,0.20963184975698193,0.00010481592487849096,3,0.95,0.050000000000000044
2022-08-04,0.00015013884016844628,0.00013923906440750327,0.021799551521886007,1.0899775760943004e-05,3,0.95,0.050000000000000044
2022-08-05,-0.010229137663024957,-0.010271340153352966,0.08440498065601806,4.220249032800903e-05,3,0.9500000000000002,0.04999999999999982
2022-08-08,0.013238347935550333,0.013223761719518286,0.029172432064092063,1.4586216032046031e-05,3,0.9500000000000001,0.04999999999999993
2022-08-09,0.0102596690760646,0.01023299530290677,0.053347546315658856,2.667377315782943e-05,3,0.95,0.050000000000000044
2022-08-10,0.014838824173760794,0.014835482362267534,0.006683622986519089,3.3418114932595444e-06,3,0.95,0.050000000000000044
2022-08-11,-0.00469164805833638,-0.004727906826778095,0.07251753688343182,3.625876844171591e-05,3,0.95,0.050000000000000044
2022-08-12,-0.011956182779025847,-0.01198574159625395,0.05911763445620741,2.9558817228103705e-05,3,0.95,0.050000000000000044
2022-08-15,-0.0006026273166801833,-0.0007476483206218094,0.29004200788325235,0.00014502100394162617,3,0.7599579921167463,0.2400420078832537
2022-08-16,-0.0017549146092061252,-0.0018984958599553953,0.28716250149854033,0.00014358125074927016,3,0.95,0.050000000000000044
2022-08-17,0.05092028087211961,0.05088089284142727,0.07877606138468127,3.938803069234063e-05,3,0.95,0.050000000000000044
2022-08-18,-0.008192093753960867,-0.008262142045342612,0.14009658276348994,7.004829138174496e-05,3,0.9099034172365088,0.0900965827634912
2022-08-19,0.001145132443211596,0.0009808140563201608,0.3286367737828703,0.00016431838689143517,3,0.7614598089806196,0.2385401910193804
2022-08-22,-0.0007715187368383843,-0.0011376914166564686,0.7323453596361684,0.0003661726798180842,3,0.5061948313832106,0.49380516861678936
2022-08-23,0.02218145189138957,0.021882652761476197,0.5975982598267484,0.0002987991299133742,3,0.8962069087900394,0.10379309120996061
2022-08-24,-0.008551602835564904,-0.008578499381169884,0.053793091209960564,2.689654560498028e-05,3,0.95,0.050000000000000044
2022-08-25,-0.0007945046842289748,-0.0009593226218580765,0.3296358752582034,0.0001648179376291017,3,0.7203641247417951,0.2796358752582049
2022-08-26,0.016165581504558817,0.016021408347892,0.2883463133336306,0.0001441731566668153,3,0.95,0.050000000000000044
2022-08-29,-0.04948948138201,-0.04968039303820386,0.3818233123877184,0.0001909116561938592,3,0.6681766876122803,0.33182331238771967
2022-08-30,-0.019753858771538832,-0.01994826241495405,0.3888072868304377,0.00019440364341521884,3,0.9430160255572806,0.05698397444271941
2022-08-31,-0.04737527064855372,-0.0473963761790978,0.04221106108816425,2.1105530544082125e-05,3,0.95,0.050000000000000044
2022-09-01,0.004401775355446082,0.00438644049561913,0.030669719653904526,1.533485982695226e-05,3,0.95,0.050000000000000044
2022-09-02,-0.018317590315780875,-0.018538644113214,0.44210759486624884,0.00022105379743312442,3,0.6078924051337498,0.39210759486625024
2022-09-06,-0.013262376779934106,-0.013485642432054811,0.4465313042414108,0.00022326565212070542,3,0.945576290624838,0.054423709375162055
2022-09-07,0.003968072186172859,0.003777630838977806,0.3808826943901056,0.0001904413471950528,3,0.6735410149850549,0.3264589850149451
2022-09-08,0.04837463622917929,0.048236406736671816,0.27645898501494504,0.00013822949250747252,3,0.95,0.050000000000000044
2022-09-09,0.02214755500767721,0.022097327082530642,0.10045585029313486,5.022792514656743e-05,3,0.9495441497068636,0.05045585029313637
2022-09-12,-0.02966007617700089,-0.029824506453374804,0.3288605527478243,0.00016443027637391214,3,0.7215952975453106,0.2784047024546894
2022-09-13,0.015011547323661546,0.014832034409649694,0.3590258280237053,0.00017951291401185267,3,0.9193788744309825,0.08062112556901746
2022-09-14,-0.028857563388504565,-0.028900902270013316,0.08667776301750044,4.333888150875022e-05,3,0.95,0.050000000000000044
2022-09-15,-0.09475329155512398,-0.09494096483213797,0.37534655402798967,0.00018767327701399485,3,0.6746534459720088,0.3253465540279912
2022-09-16,0.003672589878810139,0.0033588876301767125,0.6274044972668527,0.00031370224863342636,3,0.6979420567611369,0.30205794323886315
2022-09-19,-0.0005317682073093391,-0.0006901983557290269,0.31686029683937544,0.0001584301484196877,3,0.95,0.050000000000000044
2022-09-20,-0.029501429092662144,-0.029520053336540862,0.0372484877574375,1.862424387871875e-05,3,0.95,0.050000000000000044
2022-09-21,-0.012775309685758553,-0.012803695881807672,0.05677239209824081,2.8386196049120405e-05,3,0.95,0.050000000000000044
2022-09-22,-0.06740870511007213,-0.06744100505012295,0.06459988010162254,3.229994005081127e-05,3,0.95,0.050000000000000044
2022-09-23,-0.05108260938143095,-0.051093077468908475,0.02093617495505118,1.046808747752559e-05,3,0.95,0.050000000000000044
2022-09-26,0.028139389928897515,0.027957569202052758,0.3636414536895169,0.00018182072684475844,3,0.6863585463104815,0.31364145368951846
2022-09-27,0.0373699481729521,0.0372365171220795,0.2668621017451873,0.00013343105087259367,3,0.95,0.050000000000000044
2022-09-28,-0.0032270351900984683,-0.003253816256819719,0.05356213344250066,2.678106672125033e-05,3,0.9500000000000001,0.04999999999999993
2022-09-29,-0.003435832840983464,-0.0034587961413947137,0.04592660082249894,2.2963300411249472e-05,3,0.9499999999999997,0.050000000000000266
2022-09-30,0.020540028290015454,0.020349993596956495,0.3800693861179223,0.00019003469305896116,3,0.6699306138820762,0.3300693861179238
2022-10-03,0.04337333047728874,0.04322322747513899,0.3002060042995092,0.0001501030021497546,3,0.95,0.050000000000000044
2022-10-04,-0.02092520862066691,-0.021098956444833925,0.34749564833402746,0.00017374782416701374,3,0.7025043516659709,0.2974956483340291
2022-10-05,-0.02218337449966259,-0.022349147917070527,0.3315468348158701,0.00016577341740793507,3,0.9499999999999998,0.050000000000000155
2022-10-06,-0.021208876348338002,-0.021236341760468857,0.0549308242617102,2.74654121308551e-05,3,0.9500000000000002,0.04999999999999982
2022-10-07,-0.008418559470781132,-0.008609721683063662,0.3823244245650617,0.00019116221228253087,3,0.6676755754349366,0.3323244245650634
2022-10-10,0.0004859138628449653,0.00034475165056243364,0.28232442456506335,0.00014116221228253168,3,0.9499999999999998,0.050000000000000155
2022-10-11,-0.017124730487240038,-0.017161959504430044,0.0744580343800148,3.7229017190007405e-05,3,0.95,0.050000000000000044
2022-10-12,0.01980098849177639,0.019785253631626063,0.03146972030065459,1.5734860150327296e-05,3,0.95,0.050000000000000044
2022-10-13,-0.04442989290612071,-0.04445542443706052,0.051063061879614624,2.5531530939807314e-05,3,0.9500000000000001,0.04999999999999993
2022-10-14,0.010816385420927185,0.010627820361579846,0.37713011869468005,0.00018856505934734003,3,0.6728698813053183,0.32713011869468167
2022-10-17,-0.0002735057822344871,-0.0004666897992486725,0.38636803402837083,0.00019318401701418542,3,0.9407620846663092,0.05923791533369083
2022-10-18,-0.002919475245049541,-0.0029446240820203595,0.05029767394163687,2.5148836970818434e-05,3,0.9499999999999998,0.050000000000000155
2022-10-19,-0.011852212947247726,-0.011868314817628763,0.032203740762072997,1.6101870381036498e-05,3,0.95,0.050000000000000044
2022-10-20,0.0072372665032233805,0.007052533014732484,0.36946697698179315,0.00018473348849089657,3,0.6805330230182054,0.3194669769817946
2022-10-21,-0.0013766513428737654,-0.0015605311660425963,0.36775964633766195,0.00018387982316883097,3,0.95,0.050000000000000044
2022-10-24,-0.0013687543196642497,-0.001552739786895997,0.3679709344634943,0.00018398546723174717,3,0.6820290655365042,0.3179709344634958
2022-10-25,0.0268641967145057,0.026657969040425063,0.41245534816127777,0.0002062276740806389,3,0.9055155863022165,0.09448441369778349
2022-10-26,-0.003610285748089501,-0.003799349175780311,0.37812685538161966,0.00018906342769080983,3,0.7163575583161623,0.2836424416838377
2022-10-27,-0.005197268046603861,-0.005330114883072788,0.26569367293785395,0.00013284683646892697,3,0.9500000000000001,0.04999999999999993
2022-10-28,-0.0001908146864716718,-0.0003759881975967743,0.370347022250205,0.0001851735111251025,3,0.6796529777497935,0.3203470222502065
2022-10-31,-0.008982343746757528,-0.00912570819805526,0.2867289025954648,0.0001433644512977324,3,0.9500000000000001,0.04999999999999993
2022-11-01,0.00894245946001362,0.008584412466623514,0.7160939867802139,0.00035804699339010693,3,0.3339060132197846,0.6660939867802154
2022-11-02,-0.005619283133884334,-0.005950003359012158,0.6614404502556477,0.00033072022512782383,3,0.9500000000000002,0.04999999999999982
2022-11-03,0.0142315994947264,0.014043267955935926,0.37666307758094947,0.00018833153879047474,3,0.673336922419049,0.32666307758095103
2022-11-04,-0.005804919284272301,-0.006121476096405822,0.6331136242670421,0.00031655681213352103,3,0.6935494533139076,0.3064505466860924
2022-11-07,-0.027504646038071658,-0.02772876307230421,0.448234068465108,0.000224117034232554,3,0.8582164782209831,0.14178352177901687
2022-11-08,-0.023723949246275078,-0.023920217022784372,0.3925355530185889,0.00019626777650929444,3,0.7492479687604268,0.25075203123957324
2022-11-09,0.03285991813698122,0.03268042043000987,0.35899541394269535,0.00017949770697134768,3,0.8917566172968766,0.10824338270312339
2022-11-10,0.007925098323092903,0.007868259387662582,0.11367787086064413,5.683893543032206e-05,3,0.9499999999999998,0.050000000000000155
2022-11-11,-0.006878064595697818,-0.007053072348419373,0.3500155054431096,0.00017500775272155482,3,0.6999844945568892,0.30001550544311084
2022-11-14,0.0024849908164765633,0.00218586845091896,0.5982447311152065,0.00029912236555760326,3,0.7017707743279029,0.2982292256720971
2022-11-15,-0.027115442291287376,-0.027259025461300414,0.28716634002607666,0.00014358317001303834,3,0.9499999999999997,0.050000000000000266
2022-11-16,-0.0025472240846108056,-0.002736319497619017,0.3781908260164226,0.0001890954130082113,3,0.6718091739835763,0.3281908260164237
2022-11-17,0.0022772765257002545,0.0020814215433835074,0.39170996463349445,0.00019585498231674723,3,0.936480861382928,0.06351913861707204
2022-11-18,-0.013638436984878327,-0.013823630515100405,0.37038706044415537,0.0001851935302220777,3,0.6931320781729153,0.30686792182708467
2022-11-21,0.006167857801356407,0.006039423840442865,0.2568679218270847,0.00012843396091354235,3,0.95,0.050000000000000044
2022-11-22,-0.011401775572684462,-0.011585603446973946,0.3676557485789684,0.0001838278742894842,3,0.6823442514210303,0.3176557485789697
2022-11-23,0.020362047543374732,0.020204243647904394,0.31560779094067803,0.00015780389547033903,3,0.95,0.050000000000000044
2022-11-25,-0.017332575267325265,-0.017345886718867397,0.026622903084264515,1.3311451542132258e-05,3,0.95,0.050000000000000044
2022-11-28,0.027084080633381913,0.027071394644030255,0.025371978703316367,1.2685989351658183e-05,3,0.95,0.050000000000000044
2022-11-29,-0.0063072705200016435,-0.006639707035063053,0.6648730301228196,0.00033243651506140984,3,0.3851269698771789,0.6148730301228211
2022-11-30,-0.013104817136726263,-0.013431847368867829,0.6540604642831307,0.0003270302321415654,3,0.95,0.050000000000000044
2022-12-01,-0.012525557245752116,-0.012535170664021485,0.019226836538739744,9.613418269369872e-06,3,0.95,0.050000000000000044
2022-12-02,-0.03420882894150379,-0.03423016018081421,0.04266247862084449,2.1331239310422247e-05,3,0.95,0.050000000000000044
2022-12-05,-0.019601798083501258,-0.019789634993703398,0.37567382040427916,0.00018783691020213958,3,0.6743261795957196,0.3256738204042804
2022-12-06,0.0054159488745220115,0.005232083083046464,0.3677315829510955,0.00018386579147554774,3,0.95,0.050000000000000044
2022-12-07,-0.0004800436012607776,-0.0006566742256862854,0.3532612488510156,0.00017663062442550782,3,0.6967387511489832,0.3032612488510168
2022-12-08,-0.021479216663861853,-0.021787238064594615,0.6160428014655235,0.00030802140073276176,3,0.6872184473854921,0.3127815526145079
2022-12-09,0.04475376303863102,0.04450901186119845,0.4895023548651448,0.0002447511774325724,3,0.8232791977493619,0.17672080225063813
2022-12-12,0.00986783051354268,0.009788185825077515,0.15928937693033032,7.964468846516517e-05,3,0.95,0.050000000000000044
2022-12-13,-0.005874497767090951,-0.005882625514097262,0.01625549401262205,8.127747006311026e-06,3,0.9499999999999998,0.050000000000000155
2022-12-14,-0.008011946086245496,-0.008194191564231809,0.3644909559726267,0.00018224547798631336,3,0.6855090440273722,0.3144909559726278
2022-12-15,0.0005145577246400519,0.00019436607758014203,0.6403832941198196,0.00032019164705990983,3,0.674107661852807,0.325892338147193
2022-12-16,-0.026173925495399188,-0.026435750930029294,0.5236508692602097,0.00026182543463010484,3,0.8022414688869821,0.1977585311130179
2022-12-19,0.0010482115414506099,0.0006818211026967491,0.7327808775077216,0.0003663904387538608,3,0.46497765360529514,0.5350223463947048
2022-12-20,0.03468314596133384,0.03437022693932018,0.6258380440273146,0.00031291902201365727,3,0.9091843023673893,0.09081569763261066
2022-12-21,-0.0337353692179414,-0.033936807920824826,0.40287740576684805,0.00020143870288342404,3,0.6879382918657617,0.3120617081342383
2022-12-22,0.008663690145188885,0.008532659291121765,0.26206170813423846,0.00013103085406711924,3,0.9500000000000002,0.04999999999999982
2022-12-23,-0.021328678866761347,-0.02151482223072381,0.3722867279249279,0.00018614336396246395,3,0.6777132720750709,0.3222867279249291
2022-12-27,-0.008172496659873716,-0.008309938058169911,0.2748827965923887,0.00013744139829619434,3,0.9500000000000002,0.04999999999999982
2022-12-28,0.009062072642155538,0.009048664268825907,0.026816746659260093,1.3408373329630047e-05,3,0.95,0.050000000000000044
2022-12-29,0.008266759626562939,0.008234287063271454,0.06494512658296947,3.2472563291484735e-05,3,0.95,0.050000000000000044
2022-12-30,-0.01951578049601663,-0.019542219356830502,0.0528777216277434,2.64388608138717e-05,3,0.9499999999999998,0.050000000000000155
2023-01-03,-0.004044009336007314,-0.0040550723285262885,0.022125985037948992,1.1062992518974497e-05,3,0.95,0.050000000000000044
2023-01-04,0.023872386738902362,0.023696266245487967,0.35224098682879146,0.00017612049341439573,3,0.6977590131712075,0.3022409868287925
2023-01-05,0.024607719435583385,0.024425588085973206,0.36426269922035903,0.00018213134961017952,3,0.9379782876084324,0.06202171239156762
2023-01-06,-0.005710585866413733,-0.005736168435564713,0.0511651383019594,2.5582569150979703e-05,3,0.95,0.050000000000000044
2023-01-09,0.021170607174094528,0.021152730924345657,0.03575249949774262,1.787624974887131e-05,3,0.95,0.050000000000000044
2023-01-10,-0.008532050779628864,-0.008730842034572925,0.3975825098881221,0.00019879125494406106,3,0.6524174901118769,0.3475825098881231
2023-01-11,0.02593087632751965,0.025601733878711543,0.6582848976162121,0.00032914244880810606,3,0.6892976122719099,0.3107023877280901
2023-01-12,0.027608868664534627,0.027255511907513442,0.7067135140423707,0.00035335675702118536,3,0.6039888736857184,0.3960111263142816
2023-01-13,0.02103319860238904,0.02075344656862413,0.5595040675298215,0.00027975203376491076,3,0.836507058784459,0.16349294121554103
2023-01-17,0.007633530374833255,0.007276764811512327,0.7135311266418574,0.0003567655633209287,3,0.4499618145736825,0.5500381854263174
2023-01-18,-0.026841207761469317,-0.027151450278727514,0.6204850345163962,0.00031024251725819815,3,0.92955315090992,0.07044684909008003
2023-01-19,0.0316077619744062,0.03157814129417409,0.05924136046421591,2.9620680232107954e-05,3,0.95,0.050000000000000044
2023-01-20,0.0007006508292786628,0.00046227985890761296,0.4767419407420997,0.00023837097037104985,3,0.5732580592578989,0.42674194074210114
2023-01-23,0.004995790353537785,0.0046385702738009965,0.7144401594735774,0.00035722007973678873,3,0.7123017812685222,0.28769821873147783
2023-01-24,-0.0005774656885051115,-0.0007996618667455661,0.4443923564809092,0.0002221961782404546,3,0.8433058622505673,0.15669413774943275
2023-01-25,-0.016276686703042893,-0.016331697819965067,0.11002223384434495,5.501111692217248e-05,3,0.95,0.050000000000000044
2023-01-26,-0.023466221783847684,-0.023615947857456923,0.29945214721848257,0.0001497260736092413,3,0.7505478527815161,0.24945214721848386
2023-01-27,-0.010729848389636493,-0.010883856466768775,0.30801615426456563,0.0001540080771322828,3,0.9414359929539169,0.05856400704608311
2023-01-30,0.03372379152488561,0.0335703506888033,0.3068816721646288,0.0001534408360823144,3,0.751682334881453,0.24831766511854703
2023-01-31,0.021002663519710786,0.020903504687151513,0.19831766511854704,9.915883255927352e-05,3,0.95,0.050000000000000044
2023-02-01,-0.0003462100420331543,-0.00039492798975052204,0.09743589543473546,4.871794771736773e-05,3,0.9500000000000001,0.04999999999999993
2023-02-02,-0.08017459164142478,-0.08023286309801538,0.11654291318119964,5.827145659059982e-05,3,0.933457086818799,0.06654291318120098
2023-02-03,-0.025639314714463166,-0.025777861608648523,0.2770937883707128,0.0001385468941853564,3,0.7894491248104868,0.2105508751895132
2023-02-06,-0.03164537807220914,-0.03175102975518787,0.21130336595745863,0.00010565168297872931,3,0.9499999999999998,0.050000000000000155
2023-02-07,-0.021488673585896647,-0.021548153389171227,0.11895960654915885,5.9479803274579426e-05,3,0.9310403934508399,0.06895960654916011
2023-02-08,-0.0163029485380441,-0.01634427929934121,0.08266152259422468,4.1330761297112345e-05,3,0.95,0.050000000000000044
2023-02-09,-0.026044091671504,-0.02608151822768761,0.07485311236722117,3.7426556183610585e-05,3,0.95,0.050000000000000044
2023-02-10,-0.0284912920919114,-0.028653478763417214,0.32437334301163034,0.00016218667150581518,3,0.7256266569883684,0.27437334301163163
2023-02-13,0.024826745287355848,0.024714558615850032,0.22437334301163162,0.00011218667150581581,3,0.95,0.050000000000000044
2023-02-14,0.050660662070722354,0.05060683286052089,0.10765842040293083,5.3829210201465415e-05,3,0.9423415795970679,0.05765842040293212
2023-02-15,0.00297466934341339,0.0029486218069655016,0.05209507289577614,2.604753644788807e-05,3,0.95,0.050000000000000044
2023-02-16,0.027245429081657543,0.02721735947725132,0.056139208812451685,2.806960440622584e-05,3,0.95,0.050000000000000044
2023-02-17,-0.03427927259945602,-0.034304999863360504,0.05145452780896717,2.5727263904483586e-05,3,0.95,0.050000000000000044
2023-02-21,0.006315677754258895,0.006295393214030688,0.040569080456414636,2.028454022820732e-05,3,0.95,0.050000000000000044
2023-02-22,0.03006396218776703,0.02990074988022374,0.32642461508658704,0.00016321230754329352,3,0.7235753849134117,0.27642461508658833
2023-02-23,-0.055837849570470464,-0.055951061878013755,0.22642461508658832,0.00011321230754329416,3,0.95,0.050000000000000044
2023-02-24,-0.007524044099022467,-0.007529794935236488,0.01150167242804298,5.7508362140214904e-06,3,0.9499999999999997,0.050000000000000266
2023-02-27,-0.011680648706915408,-0.011693434683522817,0.025571953214818866,1.2785976607409432e-05,3,0.95,0.050000000000000044
2023-02-28,0.03569211958469143,0.03567977406912258,0.0246910311376915,1.234551556884575e-05,3,0.95,0.050000000000000044
2023-03-01,-0.012373877268549978,-0.01239829376871782,0.04883300033568605,2.4416500167843027e-05,3,0.9500000000000002,0.04999999999999982
2023-03-02,0.015989152369148607,0.015833910911273678,0.3104829157498557,0.00015524145787492786,3,0.7395170842501428,0.26048291574985716
2023-03-03,-0.013006203381608248,-0.013285456865607597,0.5585069679987,0.00027925348399935,3,0.7019759477511557,0.2980240522488443
2023-03-06,-0.013650567472119238,-0.013779049496087001,0.25696404793552696,0.00012848202396776348,3,0.9500000000000002,0.04999999999999982
2023-03-07,-0.021922172709716692,-0.021942422332992588,0.04049924655179149,2.0249623275895744e-05,3,0.95,0.050000000000000044
2023-03-08,-0.01561404031943904,-0.01577252826987299,0.31697590086789595,0.00015848795043394798,3,0.7330240991321026,0.26697590086789735
2023-03-09,-0.019291349132915428,-0.01940950720809452,0.2363161503581878,0.0001181580751790939,3,0.95,0.050000000000000044
2023-03-10,0.0005510802496355687,0.0005476725267919612,0.006815445687215094,3.407722843607547e-06,3,0.95,0.050000000000000044
2023-03-13,0.004124115605809183,0.004092380688599596,0.06346983441917242,3.1734917209586214e-05,3,0.95,0.050000000000000044
2023-03-14,-0.025041109477278688,-0.025060228597906416,0.03823824125545411,1.9119120627727053e-05,3,0.9499999999999998,0.050000000000000155
2023-03-15,0.01386966433387793,0.01369135560077813,0.3566174661996029,0.00017830873309980145,3,0.6933825338003959,0.30661746619960406
2023-03-16,-0.019668219228433544,-0.01983969448592697,0.3429505149868531,0.00017147525749342654,3,0.95,0.050000000000000044
2023-03-17,0.006102735943039005,0.005922292223408259,0.36088743926149175,0.00018044371963074588,3,0.689112560738507,0.310887439261493
2023-03-20,-0.0030846739271827243,-0.003215117646813471,0.2608874392614928,0.0001304437196307464,3,0.9499999999999998,0.050000000000000155
2023-03-21,-0.025540829212529894,-0.025579063880333604,0.0764693356074228,3.8234667803711405e-05,3,0.9499999999999997,0.050000000000000266
2023-03-22,0.02103870680853385,0.021024546832416256,0.02831995223518688,1.415997611759344e-05,3,0.95,0.050000000000000044
2023-03-23,0.005587876080150101,0.005577468918695402,0.020814322909398858,1.040716145469943e-05,3,0.95,0.050000000000000044
2023-03-24,0.0062203237194331015,0.006196961719496792,0.046723999872618244,2.3361999936309124e-05,3,0.95,0.050000000000000044
2023-03-27,0.023897583056884216,0.023869197852586906,0.05677040859462104,2.838520429731052e-05,3,0.9499999999999997,0.050000000000000266
2023-03-28,0.0035314238940955638,0.0035282379516963437,0.006371884798440086,3.185942399220043e-06,3,0.95,0.050000000000000044
2023-03-29,-0.017171523420673854,-0.017183084040888693,0.023121240429676393,1.1560620214838196e-05,3,0.9500000000000002,0.04999999999999982
2023-03-30,0.017128739827696558,0.017096399461895576,0.0646807316019618,3.23403658009809e-05,3,0.9499999999999998,0.050000000000000155
2023-03-31,0.01816208276891321,0.01798690761247425,0.35035031287792745,0.00017517515643896374,3,0.6996496871220714,0.30035031287792857
2023-04-03,-0.02384164863202238,-0.02401773642406196,0.3521755840791648,0.00017608779203958242,3,0.9481747287987625,0.05182527120123748
2023-04-04,-0.028484224073442387,-0.028501735370458272,0.03502259403176772,1.7511297015883858e-05,3,0.95,0.050000000000000044
2023-04-05,-0.002271593624536803,-0.0023075173205820646,0.07184739209052282,3.5923696045261414e-05,3,0.95,0.050000000000000044
2023-04-06,-0.02145011788357314,-0.02146695201686546,0.03366826658464683,1.6834133292323415e-05,3,0.95,0.050000000000000044
2023-04-10,-0.002169380817565517,-0.002332888846447331,0.32701605776362863,0.00016350802888181432,3,0.7229839422363701,0.2770160577636299
2023-04-11,-0.01736576077642435,-0.017546092183995304,0.36066281514191245,0.00018033140757095622,3,0.9163532426217161,0.08364675737828386
2023-04-12,0.010280393423183858,0.010263570044494717,0.03364675737828371,1.6823378689141854e-05,3,0.9499999999999997,0.050000000000000266
2023-04-13,-0.0038668358674240656,-0.003898053818599938,0.06243590235174484,3.121795117587242e-05,3,0.9499999999999998,0.050000000000000155
2023-04-14,0.04683284442117126,0.046807046479659706,0.05159588302311102,2.579794151155551e-05,3,0.95,0.050000000000000044
2023-04-17,0.04508652465972713,0.04508040817663072,0.012232966192818773,6.116483096409387e-06,3,0.9500000000000001,0.04999999999999993
2023-04-18,0.041585532551650345,0.04154693362809402,0.07719784711264516,3.8598923556322577e-05,3,0.95,0.050000000000000044
2023-04-19,-0.004797963467113274,-0.004815556038553873,0.035185142881199005,1.7592571440599504e-05,3,0.95,0.050000000000000044
2023-04-20,-0.009854929315208653,-0.009884202417779438,0.05854620514156894,2.9273102570784473e-05,3,0.95,0.050000000000000044
2023-04-21,-0.008862370877293465,-0.00889468070889489,0.06461966320284829,3.230983160142414e-05,3,0.95,0.050000000000000044
2023-04-24,-0.03111909355920244,-0.031134503623483543,0.030820128562213778,1.541006428110689e-05,3,0.9499999999999998,0.050000000000000155
2023-04-25,0.029223815408344157,0.029212935071325535,0.021760674037248517,1.0880337018624258e-05,3,0.9499999999999998,0.050000000000000155
2023-04-26,-0.011967576298768417,-0.012007936306813093,0.08072001608935059,4.03600080446753e-05,3,0.95,0.050000000000000044
2023-04-27,0.03963486849647917,0.0396230514999797,0.023633992998932873,1.1816996499466436e-05,3,0.9500000000000002,0.04999999999999982
2023-04-28,0.0021638879561522006,0.00212839708387711,0.07098174455018164,3.549087227509082e-05,3,0.95,0.050000000000000044
2023-05-01,-0.04495630976991914,-0.044969389870967574,0.026160202096869256,1.3080101048434628e-05,3,0.9500000000000002,0.04999999999999982
2023-05-02,-0.018401507186672852,-0.018555758870299956,0.3085033672542056,0.0001542516836271028,3,0.741496632745793,0.258503367254207
2023-05-03,-0.008856824421407221,-0.009014989476219237,0.31633010962403146,0.00015816505481201573,3,0.9421732576301742,0.05782674236982577
2023-05-04,0.00376339654942772,0.0037543469856532526,0.018099127548934946,9.049563774467473e-06,3,0.95,0.050000000000000044
2023-05-05,-0.004324251715456326,-0.0043467240562718055,0.04494468163096074,2.247234081548037e-05,3,0.95,0.050000000000000044
2023-05-08,-0.020055112925838947,-0.020094630150531253,0.07903444938460952,3.951722469230476e-05,3,0.95,0.050000000000000044
2023-05-09,-0.013985104703476733,-0.013998390363489181,0.02657132002489565,1.3285660012447826e-05,3,0.95,0.050000000000000044
2023-05-10,0.019564883566662084,0.019532484761936048,0.06479760945206828,3.239880472603414e-05,3,0.95,0.050000000000000044
2023-05-11,-0.006795192080021734,-0.0068126367944784105,0.03488942891335209,1.7444714456676046e-05,3,0.9499999999999997,0.050000000000000266
2023-05-12,0.030602816377323334,0.030592537534978353,0.020557684689958777,1.027884234497939e-05,3,0.95,0.050000000000000044
2023-05-15,-0.010553051682117008,-0.010572221441636291,0.03833951903856897,1.9169759519284484e-05,3,0.95,0.050000000000000044
2023-05-16,-0.013271011074253939,-0.01328408807305694,0.026153997606003343,1.3076998803001672e-05,3,0.95,0.050000000000000044
2023-05-17,-0.012238238891405033,-0.012283791266214433,0.09110474961879839,4.5552374809399195e-05,3,0.9500000000000002,0.04999999999999982
2023-05-18,-0.005748606608425608,-0.005911313719170517,0.32541422148981736,0.00016270711074490869,3,0.7245857785101812,0.27541422148981876
2023-05-19,0.019182498083050226,0.019055036415611903,0.2549233348766464,0.00012746166743832322,3,0.95,0.050000000000000044
2023-05-22,-0.007743245274564087,-0.007753234237847904,0.019977926567633808,9.988963283816904e-06,3,0.95,0.050000000000000044
2023-05-23,0.028147970059520872,0.028135466075959428,0.025007967122886304,1.2503983561443152e-05,3,0.9500000000000001,0.04999999999999993
2023-05-24,0.06555686692314944,0.06554088990945128,0.03195402739629863,1.5977013698149314e-05,3,0.95,0.050000000000000044
2023-05-25,-0.0005537976253393801,-0.0007049494716229618,0.3023036925671634,0.0001511518462835817,3,0.7476963074328353,0.2523036925671647
2023-05-26,0.0020920012543230015,0.001983340706129269,0.21732109638746508,0.00010866054819373255,3,0.9500000000000002,0.04999999999999982
2023-05-30,-0.0036074812233142482,-0.003626868294631496,0.03877414263449569,1.9387071317247846e-05,3,0.95,0.050000000000000044
2023-05-31,0.01479758446561406,0.014781056969038807,0.03305499315050872,1.6527496575254362e-05,3,0.95,0.050000000000000044
2023-06-01,-0.011328382670476696,-0.011360382423561138,0.06399950616888161,3.1999753084440806e-05,3,0.95,0.050000000000000044
2023-06-02,0.005627745524796877,0.0056255875956518105,0.004315858290132979,2.1579291450664894e-06,3,0.95,0.050000000000000044
2023-06-05,0.019168338695500286,0.019022539183664908,0.2915990236707551,0.00014579951183537755,3,0.7584009763292436,0.24159902367075636
2023-06-06,0.0275640005913837,0.02744663672498356,0.23472773280028622,0.00011736386640014311,3,0.95,0.050000000000000044
2023-06-07,0.00017366485446280219,0.0001635035012024084,0.020322706520787576,1.0161353260393788e-05,3,0.95,0.050000000000000044
2023-06-08,0.0023816545558257053,0.0023653009177822893,0.03270727608683169,1.6353638043415845e-05,3,0.95,0.050000000000000044
2023-06-09,0.0019477201868667465,0.0017902120699254597,0.3150162338825732,0.00015750811694128662,3,0.7349837661174256,0.26501623388257445
2023-06-12,-0.0026569268455798093,-0.0027664763201435097,0.21909894912740094,0.00010954947456370047,3,0.9500000000000001,0.04999999999999993
2023-06-13,-0.021862258757629555,-0.02201080526745406,0.2970930196490066,0.0001485465098245033,3,0.7529069803509921,0.24709301964900787
2023-06-14,0.005888947260121177,0.005790400750296673,0.19709301964900772,9.854650982450386e-05,3,0.9499999999999998,0.050000000000000155
2023-06-15,-0.028217134867956073,-0.028238604515283806,0.0429392946554647,2.146964732773235e-05,3,0.95,0.050000000000000044
2023-06-16,0.00818300729500052,0.008040114664419696,0.2857852611616468,0.0001428926305808234,3,0.764214738838352,0.235785261161648
2023-06-20,-0.0015236752636499022,-0.0016597923585697815,0.27223418983975844,0.00013611709491987922,3,0.95,0.050000000000000044
2023-06-21,0.01585459637689443,0.015840918481227956,0.027355791332953405,1.3677895666476703e-05,3,0.9499999999999997,0.050000000000000266
2023-06-22,-0.032500888172060136,-0.03257234302312279,0.14290970212531065,7.145485106265532e-05,3,0.9070902978746883,0.09290970212531169
2023-06-23,-0.005075482425930365,-0.005118311714546399,0.08565857723206843,4.2829288616034215e-05,3,0.95,0.050000000000000044
2023-06-26,0.02200436425175188,0.02182226700512768,0.3641944932484028,0.0001820972466242014,3,0.6858055067515958,0.3141944932484042
2023-06-27,0.03711489994962877,0.03693647626854586,0.3568473621658144,0.0001784236810829072,3,0.9500000000000001,0.04999999999999993
2023-06-28,0.0021841461282581997,0.002158560178077078,0.05117190036224334,2.558595018112167e-05,3,0.9500000000000002,0.04999999999999982
2023-06-29,0.033745731238791356,0.033590748060613976,0.30996635635475656,0.0001549831781773783,3,0.740033643645242,0.25996635635475795
2023-06-30,0.0021873318206657587,0.002029658259081171,0.31534712316917524,0.0001576735615845876,3,0.9446192331855814,0.055380766814418614
2023-07-03,-0.001253354152234553,-0.0012744543516005962,0.04220039873208653,2.1100199366043264e-05,3,0.95,0.050000000000000044
2023-07-05,-0.022656162692344523,-0.022688062206142442,0.06379902759583655,3.189951379791828e-05,3,0.9500000000000001,0.04999999999999993
2023-07-06,0.016661841661045205,0.016509856198182758,0.3039709257248963,0.00015198546286244815,3,0.7460290742751022,0.25397092572489777
2023-07-07,0.025253471047743916,0.025146640767916104,0.2136605596556237,0.00010683027982781185,3,0.95,0.050000000000000044
2023-07-10,0.0024741625166766553,0.0024641516161399628,0.020021801073384582,1.001090053669229e-05,3,0.95,0.050000000000000044
2023-07-11,0.014776968571749474,0.014635185943521745,0.28356525645545805,0.00014178262822772903,3,0.7664347435445407,0.23356525645545934
2023-07-12,0.049098557035977514,0.04900677440774978,0.1835652564554593,9.178262822772965e-05,3,0.95,0.050000000000000044
2023-07-13,-0.008699569014914674,-0.008834265360587403,0.2693926913454565,0.00013469634567272825,3,0.7806073086545422,0.2193926913454578
2023-07-14,0.049802402548260044,0.049653762640114105,0.29727981629187494,0.00014863990814593746,3,0.9221128750535814,0.07788712494641858
2023-07-17,0.041399675059249894,0.041385731496776684,0.02788712494641843,1.3943562473209214e-05,3,0.95,0.050000000000000044
2023-07-18,-0.038017471426443517,-0.03803839225242723,0.04184165196742415,2.0920825983712074e-05,3,0.95,0.050000000000000044
2023-07-19,-0.018159636927867026,-0.018199012564718044,0.07875127370203755,3.9375636851018774e-05,3,0.9500000000000001,0.04999999999999993
2023-07-20,-0.006309300059539107,-0.006316621578849521,0.014643038620829552,7.321519310414776e-06,3,0.95,0.050000000000000044
2023-07-21,0.010450847768144558,0.010295983687208046,0.30972816187302277,0.0001548640809365114,3,0.7402718381269758,0.25972816187302417
2023-07-24,0.024760928805324586,0.024645782703248343,0.23029220415248972,0.00011514610207624486,3,0.9500000000000001,0.04999999999999993
2023-07-25,-0.011787403921800534,-0.011799327256663623,0.023846669726177383,1.1923334863088692e-05,3,0.95,0.050000000000000044
2023-07-26,-0.015828293488224482,-0.01583294417190927,0.009301367369572211,4.650683684786106e-06,3,0.95,0.050000000000000044
2023-07-27,0.023655290275827797,0.023624813525477736,0.06095350070012026,3.0476750350060132e-05,3,0.9500000000000002,0.04999999999999982
2023-07-28,0.00256723091815981,0.0025404727581702434,0.05351631997913367,2.6758159989566836e-05,3,0.9499999999999997,0.050000000000000266
2023-07-31,0.004164453587091087,0.004156518205420109,0.015870763341954558,7.93538167097728e-06,3,0.9500000000000001,0.04999999999999993
2023-08-01,-0.026370154683575297,-0.026539920728076868,0.33953208900314336,0.00016976604450157169,3,0.7104679109968552,0.28953208900314475
2023-08-02,-0.0336571302356401,-0.03377689628014167,0.23953208900314474,0.00011976604450157237,3,0.9499999999999998,0.050000000000000155
2023-08-03,0.2248589531187104,0.22484134471496242,0.03521680749598166,1.7608403747990832e-05,3,0.95,0.050000000000000044
2023-08-04,0.052770288923341964,0.05275407251665366,0.032432813376594594,1.62164066882973e-05,3,0.95,0.050000000000000044
2023-08-07,-0.004399638832674771,-0.00442160784289171,0.0439380204338779,2.196901021693895e-05,3,0.95,0.050000000000000044
2023-08-08,-0.08463621617654558,-0.08480359210194997,0.3347518508087758,0.0001673759254043879,3,0.7152481491912228,0.2847518508087772
2023-08-09,0.08033403115156472,0.08019186083923907,0.28434062465129384,0.00014217031232564693,3,0.9500000000000001,0.04999999999999993
2023-08-10,-0.08018674789171945,-0.08020455413333824,0.0356124832375688,1.78062416187844e-05,3,0.95,0.050000000000000044
2023-08-11,0.08827057327612635,0.08822095008984815,0.09924637255641283,4.962318627820642e-05,3,0.95,0.050000000000000044
2023-08-14,-0.029710268243056552,-0.02975138165856515,0.08222683101719902,4.111341550859951e-05,3,0.95,0.050000000000000044
2023-08-15,-0.07388918411798463,-0.0739287492909982,0.07913034602714697,3.9565173013573484e-05,3,0.9499999999999998,0.050000000000000155
2023-08-16,-0.03015447269720191,-0.03032581102849225,0.3426766625806828,0.0001713383312903414,3,0.707323337419316,0.29267666258068403
2023-08-17,-0.008113102467754712,-0.008285519215806952,0.34483349610448133,0.00017241674805224067,3,0.9478431664762013,0.05215683352379874
2023-08-18,0.01703310629752642,0.016874701389430605,0.3168098161916317,0.00015840490809581584,3,0.7353470173321656,0.26465298266783444
2023-08-21,-0.015206618498817853,-0.01533319526957013,0.2531535415045532,0.0001265767707522766,3,0.95,0.050000000000000044
2023-08-22,0.0595968660857982,0.05942212867801316,0.3494748155700796,0.0001747374077850398,3,0.700525184429919,0.29947481557008104
2023-08-23,-0.07079391088294136,-0.07092207948308185,0.2563372002809752,0.00012816860014048758,3,0.95,0.050000000000000044
2023-08-24,-0.029224770609476886,-0.029254498347492292,0.05945547603081408,2.9727738015407042e-05,3,0.9499999999999998,0.050000000000000155
2023-08-25,0.002731673826355748,0.00257996898992388,0.30340967286373605,0.00015170483643186803,3,0.7465903271362625,0.2534096728637375
2023-08-28,0.0938018846209971,0.09364414960741106,0.31547002717208944,0.00015773501358604472,3,0.9379396456916465,0.06206035430835355
2023-08-29,0.017424399062434214,0.01721021651387203,0.4283650971243698,0.00021418254856218492,3,0.6336952571839821,0.3663047428160179
2023-08-30,0.029446767305402497,0.029288614933994487,0.31630474281601795,0.00015815237140800898,3,0.9500000000000002,0.04999999999999982
2023-08-31,0.014558889484698306,0.01453431941032292,0.049140148750772605,2.4570074375386302e-05,3,0.95,0.050000000000000044
2023-09-01,0.0028188442917421296,0.002804538231952869,0.028612119578521777,1.4306059789260889e-05,3,0.9500000000000002,0.04999999999999982
2023-09-05,-0.012714510847799438,-0.012909323832753854,0.389625969908832,0.000194812984954416,3,0.6603740300911664,0.33962596990883365
2023-09-06,-0.030086308122347458,-0.030256339712605988,0.3400631805170633,0.00017003159025853165,3,0.9500000000000001,0.04999999999999993
2023-09-07,-0.00639428204018032,-0.006399471063484471,0.010378046608300523,5.1890233041502616e-06,3,0.9499999999999997,0.050000000000000266
2023-09-08,-0.013454600000996318,-0.013506897569446136,0.10459513689963656,5.229756844981828e-05,3,0.945404863100362,0.05459513689963802
2023-09-11,-0.03280791094962958,-0.03285193396745939,0.08804603565962107,4.402301782981054e-05,3,0.95,0.050000000000000044
2023-09-12,-0.0851778788151011,-0.08520925873645077,0.06275984269934701,3.13799213496735e-05,3,0.95,0.050000000000000044
2023-09-13,0.03418396639843635,0.03413337260624877,0.1011875843751601,5.059379218758005e-05,3,0.9488124156248384,0.05118758437516158
2023-09-14,-0.013245514003437327,-0.01339474629251433,0.29846457815400473,0.00014923228907700236,3,0.7527230062211553,0.2472769937788447
2023-09-15,-0.0061485501052124655,-0.006247714138422394,0.19832806641985634,9.916403320992818e-05,3,0.95,0.050000000000000044
2023-09-18,-0.00795846926388297,-0.008101672781445125,0.2864070351243096,0.0001432035175621548,3,0.763592964875689,0.23640703512431105
2023-09-19,0.0004963606030507894,0.0003471598212801153,0.29840156354134817,0.0001492007817706741,3,0.9380054715829614,0.061994528417038564
2023-09-20,-0.0375262039200409,-0.0376798803195125,0.30735279894320056,0.00015367639947160027,3,0.7546417294738366,0.24535827052616344
2023-09-21,0.01545727346581303,0.015295635611338105,0.32327570894984703,0.00016163785447492353,3,0.9220825615763149,0.07791743842368515
2023-09-22,-0.01853467245865044,-0.018575270231367912,0.0811955454349477,4.059777271747385e-05,3,0.95,0.050000000000000044
2023-09-25,-0.010460201572842965,-0.01052573173765656,0.13106032962719077,6.553016481359539e-05,3,0.9189396703728078,0.08106032962719223
2023-09-26,-0.025105737634706943,-0.025184748411556317,0.15802155369875073,7.901077684937537e-05,3,0.92303877592844,0.07696122407156003
2023-09-27,0.08525146669309852,0.0851914060011901,0.12012138381684226,6.006069190842113e-05,3,0.95,0.050000000000000044
2023-09-28,0.0008383098969480113,0.0007300977521021266,0.2164242896917692,0.0001082121448458846,3,0.8335757103082293,0.1664242896917707
2023-09-29,-0.031288547238483566,-0.03137935411499183,0.1816137530165205,9.080687650826024e-05,3,0.95,0.050000000000000044
2023-10-02,-0.05425099859274557,-0.05441413884696648,0.3262805084418165,0.00016314025422090825,3,0.7237194915581819,0.27628050844181806
2023-10-03,-0.03641596971516175,-0.03653683981110754,0.24174019189157814,0.00012087009594578907,3,0.9500000000000001,0.04999999999999993
2023-10-04,0.014769196588269737,0.014619042258875737,0.3003086587879978,0.0001501543293939989,3,0.7496913412120005,0.25030865878799946
2023-10-05,0.014546255064233373,0.014428457542319233,0.23559504382827973,0.00011779752191413986,3,0.9500000000000001,0.04999999999999993
2023-10-06,-0.056768042418308996,-0.05677965494529158,0.023225053965171827,1.1612526982585914e-05,3,0.95,0.050000000000000044
2023-10-09,0.014971654326518598,0.014812439009589763,0.3184306338576677,0.00015921531692883383,3,0.7315693661423307,0.2684306338576693
2023-10-10,0.006902469295359555,0.00673622106587083,0.33249645897744895,0.0001662482294887245,3,0.9359341748802188,0.0640658251197812
2023-10-11,-0.03850727083448104,-0.03852884577629102,0.043149883619942764,2.157494180997138e-05,3,0.9500000000000001,0.04999999999999993
2023-10-12,-0.024909723176911865,-0.02495843497224816,0.09742359067258988,4.871179533629494e-05,3,0.95,0.050000000000000044
2023-10-13,0.01837391761360044,0.018353254952790415,0.04132532162005176,2.066266081002588e-05,3,0.95,0.050000000000000044
2023-10-16,0.003308185354379322,0.0032866702289604225,0.04303025083779882,2.151512541889941e-05,3,0.95,0.050000000000000044
2023-10-17,-0.034801028620460445,-0.03482034676887479,0.038636296828695293,1.931814841434765e-05,3,0.95,0.050000000000000044
2023-10-18,-0.034243675155854594,-0.03427005714773358,0.052763983757968536,2.6381991878984268e-05,3,0.9500000000000001,0.04999999999999993
2023-10-19,-0.04878016984617632,-0.048793627646336074,0.02691560031950213,1.3457800159751066e-05,3,0.95,0.050000000000000044
2023-10-20,0.02695499353902941,0.026922743875850787,0.06449932635724714,3.224966317862357e-05,3,0.95,0.050000000000000044
2023-10-23,0.020566809102856645,0.020553458743170522,0.026700719372246606,1.3350359686123304e-05,3,0.95,0.050000000000000044
2023-10-24,-0.046692164493527644,-0.04669670273706307,0.009076487070847294,4.538243535423647e-06,3,0.95,0.050000000000000044
2023-10-25,-0.03234150212424259,-0.03234777601232296,0.01254777616073538,6.27388808036769e-06,3,0.95,0.050000000000000044
2023-10-26,0.005689873567412138,0.0056697388213749166,0.040269492074443414,2.013474603722171e-05,3,0.95,0.050000000000000044
2023-10-27,-0.014668644778172542,-0.014674533244365089,0.01177693238509514,5.88846619254757e-06,3,0.95,0.050000000000000044
2023-10-30,0.01589828001351891,0.01588996474341863,0.016630540200555155,8.315270100277577e-06,3,0.95,0.050000000000000044
2023-10-31,0.019625696909510423,0.019592718051327614,0.06595771636562031,3.2978858182810156e-05,3,0.95,0.050000000000000044
2023-11-01,0.08414704383481336,0.08411703923263217,0.06000920436239435,3.0004602181197176e-05,3,0.95,0.050000000000000044
2023-11-02,0.07273066079793428,0.07269457596487358,0.07216966612139056,3.608483306069528e-05,3,0.95,0.050000000000000044
2023-11-03,0.01524856580074486,0.015194021300865355,0.10908899975900943,5.454449987950472e-05,3,0.9409110002409891,0.05908899975901094
2023-11-06,0.017923126070194025,0.01789469330120964,0.05686553796876742,2.8432768984383713e-05,3,0.9500000000000001,0.04999999999999993
2023-11-07,0.002973501880198488,0.002897636424340379,0.15173091171621728,7.586545585810865e-05,3,0.8982690882837812,0.10173091171621884
2023-11-08,-0.038057406453332346,-0.03812196856032489,0.1291242139850861,6.456210699254306e-05,3,0.9500000000000001,0.04999999999999993
2023-11-09,-0.027262321730238386,-0.02728797289909974,0.051302337722709146,2.5651168861354572e-05,3,0.95,0.050000000000000044
2023-11-10,0.04624444957778185,0.04621251216078835,0.06387483398699495,3.1937416993497474e-05,3,0.95,0.050000000000000044
2023-11-13,0.1318714435571287,0.13182621502847708,0.0904570573032889,4.5228528651644455e-05,3,0.9499999999999998,0.050000000000000155
2023-11-14,0.023070405089542313,0.022889137701120128,0.3625347768443724,0.00018126738842218622,3,0.6874652231556262,0.3125347768443738
2023-11-15,-0.026854852218756213,-0.02702035336551237,0.331002293512318,0.000165501146756159,3,0.95,0.050000000000000044
2023-11-16,0.00546414254183665,0.0054385586423779326,0.05116779891743489,2.5583899458717447e-05,3,0.95,0.050000000000000044
2023-11-17,0.05582398183543357,0.05580947917901921,0.02900531282871366,1.450265641435683e-05,3,0.9499999999999998,0.050000000000000155
2023-11-20,0.0844662974416942,0.08444702631257997,0.038542258228459636,1.9271129114229818e-05,3,0.95,0.050000000000000044
2023-11-21,0.008186723349526649,0.008148860664913682,0.0757253692259321,3.786268461296605e-05,3,0.9499999999999997,0.050000000000000266
2023-11-22,-0.01569043840001233,-0.015721753269370718,0.0626297387167784,3.1314869358389204e-05,3,0.9500000000000002,0.04999999999999982
2023-11-24,0.06056230091471572,0.06052817622810118,0.06824937322907931,3.412468661453966e-05,3,0.95,0.050000000000000044
2023-11-27,0.01130871722229343,0.011150641092671588,0.31615225924368096,0.0001580761296218405,3,0.7338477407563175,0.26615225924368247
2023-11-28,0.008340430370714517,0.008228581756160435,0.2236972291081641,0.00011184861455408204,3,0.9499999999999998,0.050000000000000155
2023-11-29,-0.04512395217051145,-0.04513860762151136,0.029310901999829275,1.4655450999914638e-05,3,0.95,0.050000000000000044
2023-11-30,0.1283092367428222,0.1281444183799868,0.32963672567084856,0.00016481836283542428,3,0.7203632743291499,0.2796367256708501
2023-12-01,0.04639696549034526,0.046260216524711316,0.2734979312679,0.00013674896563395,3,0.9499999999999998,0.050000000000000155
2023-12-04,-0.024168115844851838,-0.02432255039175305,0.30886909380242084,0.00015443454690121041,3,0.7411309061975776,0.2588690938024224
2023-12-05,0.02110498135826483,0.020950523784778415,0.30891514697282635,0.00015445757348641319,3,0.9499539468295946,0.05004605317040545
2023-12-06,0.014839951482326648,0.014697754342387338,0.284394279878622,0.000142197139939311,3,0.765651773291782,0.23434822670821798
2023-12-07,0.06921636163936161,0.06911224833687776,0.20822660496768114,0.00010411330248384057,3,0.95,0.050000000000000044
2023-12-08,-0.024551688077825862,-0.02465263129857123,0.201886441490736,0.000100943220745368,3,0.8481135585092625,0.1518864414907375
2023-12-11,-0.005867635694791646,-0.005918578915537014,0.10188644149073747,5.094322074536874e-05,3,0.95,0.050000000000000044
2023-12-12,0.11508184647811369,0.1150399796633722,0.0837336294829748,4.18668147414874e-05,3,0.9500000000000001,0.04999999999999993
2023-12-13,0.07395208696088067,0.07390118925194901,0.10179541786332405,5.089770893166203e-05,3,0.9482045821366744,0.05179541786332564
2023-12-14,-0.009950278779920756,-0.009976266833494543,0.05197610714757467,2.5988053573787336e-05,3,0.95,0.050000000000000044
2023-12-15,0.048683293683494576,0.04866633956780007,0.033908231389016136,1.695411569450807e-05,3,0.95,0.050000000000000044
2023-12-18,0.04876797094424562,0.04874297626438512,0.049989359721007376,2.4994679860503687e-05,3,0.95,0.050000000000000044
2023-12-19,-0.06788764381846997,-0.06789821835496694,0.021149072993935675,1.0574536496967837e-05,3,0.95,0.050000000000000044
2023-12-20,0.019712973763382376,0.019691026778535212,0.043893969694325324,2.1946984847162663e-05,3,0.9499999999999998,0.050000000000000155
2023-12-21,-0.018411905752930953,-0.018552177413414427,0.2805433209669479,0.00014027166048347396,3,0.7694566790330507,0.2305433209669493
2023-12-22,0.031994874457575054,0.031902911638204,0.18392563874210346,9.196281937105173e-05,3,0.9500000000000001,0.04999999999999993
2023-12-26,-0.006313404089792704,-0.006327566162130304,0.02832414467519792,1.416207233759896e-05,3,0.95,0.050000000000000044
2023-12-27,-0.010310387792777027,-0.010350191830593207,0.0796080756323613,3.9804037816180655e-05,3,0.9500000000000001,0.04999999999999993
2023-12-28,-0.0652120643709409,-0.06523731283941868,0.050496936955559124,2.5248468477779562e-05,3,0.95,0.050000000000000044
2023-12-29,-0.04645659541889868,-0.04647019303401048,0.02719523022359574,1.359761511179787e-05,3,0.9500000000000001,0.04999999999999993
2024-01-02,-0.05469617047748365,-0.0547057963959794,0.019251836991495297,9.625918495747648e-06,3,0.9500000000000001,0.04999999999999993
2024-01-03,0.01960988837091175,0.019572828986649513,0.07411876852447807,3.705938426223904e-05,3,0.95,0.050000000000000044
2024-01-04,0.04396277514842949,0.04381721694647162,0.2911164039157475,0.00014555820195787374,3,0.7588835960842509,0.24111640391574907
2024-01-05,-0.015794842830954458,-0.01589040103291233,0.1911164039157492,9.55582019578746e-05,3,0.9500000000000001,0.04999999999999993
2024-01-08,0.02272145757365234,0.022596396456744165,0.2501222338163521,0.00012506111690817605,3,0.799877766183646,0.20012223381635397
2024-01-09,-0.008521136582080863,-0.00859619769898904,0.15012223381635392,7.506111690817696e-05,3,0.95,0.050000000000000044
2024-01-10,-0.06825433990475811,-0.06827133802334867,0.03399623718112621,1.6998118590563106e-05,3,0.95,0.050000000000000044
2024-01-11,-0.04759464240045913,-0.04772144127736794,0.25359775381760935,0.00012679887690880467,3,0.7964022461823889,0.20359775381761114
2024-01-12,-0.011448204573879066,-0.011592289656017694,0.2881701642772575,0.00014408508213862876,3,0.9154275895403519,0.08457241045964814
2024-01-16,-0.01155192456764597,-0.011709969475919202,0.31608981654646306,0.00015804490827323153,3,0.7684825939131834,0.2315174060868166
2024-01-17,-0.0056899114577872245,-0.005780670160830633,0.18151740608681666,9.075870304340834e-05,3,0.9500000000000001,0.04999999999999993
2024-01-18,-0.008359374882256694,-0.00847789671117631,0.23704365783922893,0.00011852182891961447,3,0.8129563421607692,0.18704365783923083
2024-01-19,0.0683786178933561,0.0683020871111387,0.15306156443480018,7.653078221740009e-05,3,0.9500000000000001,0.04999999999999993
2024-01-22,0.003045621831927841,0.0029217512184371353,0.24774122698141124,0.00012387061349070563,3,0.8022587730185868,0.19774122698141317
2024-01-23,-0.06768879025007414,-0.06780751412637757,0.2374477526068756,0.0001187238763034378,3,0.9499999999999997,0.050000000000000266
2024-01-24,-0.017799411029686234,-0.017921847159554482,0.24487225973649676,0.0001224361298682484,3,0.8051277402635016,0.19487225973649835
2024-01-25,-0.028658967804495495,-0.028731403934363745,0.14487225973649856,7.243612986824929e-05,3,0.9500000000000002,0.04999999999999982
2024-01-26,0.05126603928308636,0.05124119443060077,0.04968970497118594,2.484485248559297e-05,3,0.95,0.050000000000000044
2024-01-29,0.007357004812579737,0.007340765594330972,0.032478436497530155,1.6239218248765077e-05,3,0.9500000000000001,0.04999999999999993
2024-01-30,-0.027251207967741806,-0.02730814976891691,0.11388360235020392,5.6941801175101965e-05,3,0.9361163976497942,0.06388360235020585
2024-01-31,0.016541868343734882,0.01647130716675371,0.14112235396234804,7.056117698117402e-05,3,0.9227612483878559,0.07723875161214411
2024-02-01,0.06119897071750445,0.061174454966591144,0.049031501826610285,2.4515750913305144e-05,3,0.95,0.050000000000000044
2024-02-02,-0.005860474961795606,-0.005985192811155008,0.2494356987188042,0.0001247178493594021,3,0.800564301281194,0.19943569871880595
2024-02-05,-0.008027663221724858,-0.008174924038654401,0.29452163385908664,0.00014726081692954332,3,0.9049140648597176,0.09508593514028241
2024-02-06,0.031042488468514807,0.030928878299732267,0.22722033756508114,0.00011361016878254057,3,0.8678655975751995,0.13213440242480046
2024-02-07,0.006074053560692978,0.005955671536515068,0.23676404835582074,0.00011838202417791037,3,0.8953703540689779,0.10462964593102209
2024-02-08,0.07801160907505932,0.0779363724976008,0.15047315491703228,7.523657745851614e-05,3,0.9499999999999998,0.050000000000000155
2024-02-09,0.05064383838659125,0.050621761034787445,0.04415470360760254,2.2077351803801272e-05,3,0.95,0.050000000000000044
2024-02-12,-0.07198750174111211,-0.07212366237690522,0.272321271586229,0.0001361606357931145,3,0.7776787284137692,0.22232127158623083
2024-02-13,0.06926313151014166,0.06916460432115124,0.19705437798085468,9.852718899042734e-05,3,0.95,0.050000000000000044
2024-02-14,0.025966820014561222,0.02592815832851237,0.0773233720977057,3.8661686048852853e-05,3,0.95,0.050000000000000044
2024-02-15,-0.05169396043847213,-0.051708234393180605,0.028547909416951345,1.4273954708475672e-05,3,0.95,0.050000000000000044
2024-02-16,-0.012294420966839643,-0.012334129355546912,0.07941677741453795,3.9708388707268975e-05,3,0.95,0.050000000000000044
2024-02-20,-0.014564169387634288,-0.014729303935272118,0.3302690952756616,0.0001651345476378308,3,0.7197309047243365,0.28026909527566346
2024-02-21,0.12240264264135335,0.1222708786308593,0.26352802098810885,0.00013176401049405442,3,0.9499999999999998,0.050000000000000155
2024-02-22,-0.1249664052398489,-0.12497320358368277,0.013596687667758789,6.7983438338793945e-06,3,0.9500000000000001,0.04999999999999993
2024-02-23,0.04913270807472814,0.049098864573161184,0.06768700313390452,3.384350156695226e-05,3,0.95,0.050000000000000044
2024-02-26,-0.004379071013421523,-0.004387047272684527,0.01595251852600804,7.976259263004021e-06,3,0.95,0.050000000000000044
2024-02-27,-0.05067856495875714,-0.050863365878076515,0.36960183863875884,0.00018480091931937943,3,0.6803981613612394,0.31960183863876057
2024-02-28,0.03977707869775962,0.03958396078770176,0.38623582011573,0.000193117910057865,3,0.9333660185230288,0.0666339814769712
2024-02-29,0.001464097796188094,0.0014327564165785218,0.06268275921914435,3.1341379609572174e-05,3,0.95,0.050000000000000044
2024-03-01,0.06211340488453558,0.06209767937569054,0.03145101769009023,1.5725508845045116e-05,3,0.95,0.050000000000000044
2024-03-04,-0.008148546973525083,-0.00817372893643514,0.050363925820111566,2.5181962910055783e-05,3,0.95,0.050000000000000044
2024-03-05,0.00630954943945148,0.006276967565005567,0.06516374889182536,3.258187444591268e-05,3,0.95,0.050000000000000044
2024-03-06,-0.005211816106004468,-0.005246865316112686,0.07009842021643478,3.5049210108217394e-05,3,0.95,0.050000000000000044
2024-03-07,-0.010732444516573403,-0.010741079028869923,0.017269024593038335,8.634512296519168e-06,3,0.95,0.050000000000000044
2024-03-08,-0.024141774136088097,-0.024173919527670295,0.0642907831643954,3.21453915821977e-05,3,0.95,0.050000000000000044
2024-03-11,0.03249984269436438,0.03248479010589198,0.03010517694479975,1.5052588472399876e-05,3,0.95,0.050000000000000044
2024-03-12,0.008842988977967679,0.008839381753386475,0.007214449162407266,3.607224581203633e-06,3,0.9499999999999998,0.050000000000000155
2024-03-13,-0.06134487439525301,-0.061355059330286184,0.020369870066344664,1.0184935033172333e-05,3,0.95,0.050000000000000044
2024-03-14,-0.016013604994799036,-0.016035334852020126,0.043459714442183495,2.1729857221091746e-05,3,0.95,0.050000000000000044
2024-03-15,-0.0023894328988558894,-0.002411350842411506,0.04383588711123304,2.191794355561652e-05,3,0.95,0.050000000000000044
2024-03-18,-0.020099588870770027,-0.02025894346100127,0.31870918046248237,0.0001593545902312412,3,0.7312908195375158,0.26870918046248415
2024-03-19,0.018078955675329335,0.017908013632750283,0.341884085158102,0.000170942042579051,3,0.9268250953043804,0.0731749046956196
2024-03-20,0.04556905064539997,0.045532222489760577,0.07365631127878677,3.682815563939339e-05,3,0.95,0.050000000000000044
2024-03-21,-0.017852637767827292,-0.017881030333526983,0.05678513139937841,2.8392565699689205e-05,3,0.95,0.050000000000000044
2024-03-22,0.020952996125598637,0.020901472778254822,0.10304669468762823,5.152334734381411e-05,3,0.94695330531237,0.053046694687630014
2024-03-25,-0.003168129031022965,-0.00336631520498426,0.3963723479225895,0.00019818617396129477,3,0.6566743467650387,0.34332565323496134
2024-03-26,-0.003229293971835505,-0.003385065686488154,0.31154342930529755,0.00015577171465264877,3,0.95,0.050000000000000044
2024-03-27,-0.012519187180350262,-0.012718741345640543,0.39910833058056006,0.00019955416529028003,3,0.6508916694194382,0.3491083305805618
2024-03-28,-0.003338113144551038,-0.0035300401771716575,0.38385406524123905,0.00019192703262061952,3,0.95,0.050000000000000044
2024-04-01,-0.025244362617940067,-0.025421437740342792,0.3541502448054489,0.00017707512240272444,3,0.6958497551945494,0.3041502448054506
2024-04-02,0.007298099109364867,0.0071687834336594805,0.25863135141077204,0.00012931567570538603,3,0.95,0.050000000000000044
2024-04-03,-0.020345019354837714,-0.02052313208432052,0.35622545896560837,0.00017811272948280418,3,0.69377454103439,0.30622545896561004
2024-04-04,0.0007972683436159277,0.0006691556141331227,0.25622545896560994,0.00012811272948280497,3,0.95,0.050000000000000044
2024-04-05,-0.013107944757351634,-0.013256886699481336,0.2978838842594051,0.00014894194212970255,3,0.7521161157405932,0.24788388425940677
2024-04-08,-0.01160584583350148,-0.01170667084619764,0.20165002539232293,0.00010082501269616148,3,0.9499999999999998,0.050000000000000155
2024-04-09,-0.016261963863636743,-0.016272295058476653,0.020662389679822063,1.0331194839911032e-05,3,0.95,0.050000000000000044
2024-04-10,0.015907516951270968,0.015893865133385192,0.027303635771550233,1.3651817885775116e-05,3,0.95,0.050000000000000044
2024-04-11,-0.0383047915302974,-0.03845852145661828,0.3074598526417529,0.00015372992632087647,3,0.7425401473582454,0.25745985264175464
2024-04-12,-0.0512777407365042,-0.05138957872087468,0.22367596874095963,0.00011183798437047982,3,0.95,0.050000000000000044
2024-04-15,0.03298032800386773,0.032970492578023015,0.01967085168943014,9.835425844715071e-06,3,0.95,0.050000000000000044
2024-04-16,-0.0263444644679102,-0.026380723337612287,0.07251773940417353,3.6258869702086766e-05,3,0.95,0.050000000000000044
2024-04-17,0.0013938532679032313,0.0013658108530111757,0.056084829784111084,2.8042414892055543e-05,3,0.95,0.050000000000000044
2024-04-18,-0.08116459164152025,-0.08132319314192764,0.31720300081478614,0.00015860150040739306,3,0.7327969991852122,0.26720300081478776
2024-04-19,-0.016650509220815707,-0.016815501990419555,0.3299855392076943,0.00016499276960384716,3,0.9372174616070919,0.06278253839290815
2024-04-22,0.04357434397700273,0.04342871818692323,0.2912515801590007,0.00014562579007950036,3,0.7715309582339057,0.22846904176609428
2024-04-23,-0.012249010886314537,-0.012398426177531244,0.2988305824334139,0.00014941529121670696,3,0.9296384593326786,0.07036154066732137
2024-04-24,0.023387482141799726,0.023227427862222073,0.3201085591553073,0.00016005427957765364,3,0.7502529815120125,0.24974701848798753
2024-04-25,0.0716485876480007,0.0715487141387567,0.1997470184879875,9.987350924399376e-05,3,0.95,0.050000000000000044
2024-04-26,0.012966841872048288,0.012963042973642947,0.007597796810679791,3.7988984053398955e-06,3,0.95,0.050000000000000044
2024-04-29,-0.01795772769859817,-0.018095442251194555,0.27542910519277525,0.00013771455259638764,3,0.7745708948072232,0.2254291051927768
2024-04-30,-0.02652052219864969,-0.026621347782524236,0.2016511677490883,0.00010082558387454416,3,0.95,0.050000000000000044
2024-05-01,0.153328971564833,0.15331929619346074,0.019350742744514954,9.675371372257476e-06,3,0.9499999999999998,0.050000000000000155
2024-05-02,0.04167051271229205,0.041660795755703806,0.019433913176494566,9.716956588247284e-06,3,0.9499999999999998,0.050000000000000155
2024-05-03,0.04015784253424028,0.040099996474757836,0.11569211896489959,5.78460594824498e-05,3,0.9343078810350989,0.06569211896490113
2024-05-06,-0.03183443941348253,-0.03185408922532701,0.03929962368895418,1.964981184447709e-05,3,0.9500000000000001,0.04999999999999993
2024-05-07,-0.024596077123959625,-0.024653645036737688,0.11513582555612589,5.7567912778062945e-05,3,0.9348641744438725,0.06513582555612751
2024-05-08,0.0009907343973960276,0.0009467374899875639,0.08799381481692747,4.399690740846374e-05,3,0.95,0.050000000000000044
2024-05-09,-0.017836566387800276,-0.017861548780484723,0.04996478536889576,2.498239268444788e-05,3,0.9499999999999998,0.050000000000000155
2024-05-10,-0.013623035826072848,-0.013645907391091169,0.04574313003664238,2.2871565018321188e-05,3,0.95,0.050000000000000044
2024-05-13,0.06171369672221144,0.061690902215322675,0.045589013777531995,2.2794506888766e-05,3,0.95,0.050000000000000044
2024-05-14,0.050989886253832495,0.050980163206322295,0.019446095020400844,9.723047510200423e-06,3,0.95,0.050000000000000044
2024-05-15,-0.019853015302257145,-0.019892757357979768,0.07948411144524925,3.974205572262463e-05,3,0.95,0.050000000000000044
2024-05-16,-0.009730249627365023,-0.009919955015936897,0.3794107771437496,0.0001897053885718748,3,0.6705892228562489,0.3294107771437511
2024-05-17,0.023687014546925764,0.023500013174442825,0.3740027449658782,0.0001870013724829391,3,0.9500000000000002,0.04999999999999982
2024-05-20,-0.016417716630790693,-0.0166138200016815,0.39220674178161297,0.0001961033708908065,3,0.6577932582183853,0.3422067417816147
2024-05-21,-0.00854617553918037,-0.008698188415561636,0.3040257527625307,0.00015201287638126534,3,0.9500000000000001,0.04999999999999993
2024-05-22,-0.03171037823236646,-0.03171817455209768,0.015592639462456592,7.796319731228296e-06,3,0.9500000000000001,0.04999999999999993
2024-05-23,0.03272756186250123,0.03271425698801659,0.0266097489692923,1.3304874484646151e-05,3,0.9500000000000001,0.04999999999999993
2024-05-24,-0.019169875548897833,-0.01934944555653334,0.35914001527101225,0.00017957000763550612,3,0.6908599847289861,0.30914001527101387
2024-05-28,0.01949782894500529,0.019312898414901875,0.3698610602068344,0.0001849305301034172,3,0.9392789550641779,0.06072104493582209
2024-05-29,-0.009575942205526352,-0.00974668276909408,0.3414811271354578,0.0001707405635677289,3,0.7192399178003626,0.28076008219963744
2024-05-30,-0.034574424051249456,-0.03471802521488196,0.2872023272650105,0.00014360116363250526,3,0.95,0.050000000000000044
2024-05-31,0.00400463745306205,0.003973727418481747,0.06182006916060534,3.091003458030267e-05,3,0.95,0.050000000000000044
2024-06-03,0.0032297125009872092,0.003191943167866685,0.07553866624104846,3.776933312052423e-05,3,0.9500000000000001,0.04999999999999993
2024-06-04,0.020356627555185858,0.020348591434569605,0.016072241232506862,8.03612061625343e-06,3,0.9499999999999998,0.050000000000000155
2024-06-05,-0.015628101277758676,-0.01579568706354936,0.3351715715813645,0.00016758578579068227,3,0.7148284284186339,0.2851715715813661
2024-06-06,0.0074132158359348655,0.00725356380611075,0.3193040596482303,0.00015965202982411514,3,0.95,0.050000000000000044
2024-06-07,0.03547744598281651,0.035446407341667666,0.06207728229769191,3.103864114884596e-05,3,0.95,0.050000000000000044
2024-06-10,-0.09670929505978416,-0.09677441857421477,0.1302470288612203,6.512351443061015e-05,3,0.9197529711387782,0.08024702886122181
2024-06-11,0.03987616684150646,0.039830418966794005,0.09149574942491029,4.5747874712455145e-05,3,0.95,0.050000000000000044
2024-06-12,0.021064068418689418,0.020890766689098117,0.34660345918259994,0.00017330172959129997,3,0.7033965408173984,0.29660345918260156
2024-06-13,-0.11569529726892819,-0.11584458349721354,0.2985724565706953,0.00014928622828534765,3,0.9500000000000001,0.04999999999999993
2024-06-14,-0.005300262065349604,-0.005342212260378837,0.08390039005846639,4.19501950292332e-05,3,0.95,0.050000000000000044
2024-06-17,-0.08622900484796599,-0.08627263564041293,0.08726158489388869,4.363079244694435e-05,3,0.95,0.050000000000000044
2024-06-18,-0.03544709925417302,-0.03547990351758743,0.06560852682883106,3.280426341441553e-05,3,0.95,0.050000000000000044
2024-06-20,0.029498364517824862,0.02949576014252333,0.005208750603068468,2.6043753015342344e-06,3,0.95,0.050000000000000044
2024-06-21,-0.011509685402879766,-0.01152623917482649,0.03310754389344733,1.6553771946723668e-05,3,0.95,0.050000000000000044
2024-06-24,0.031421298526523186,0.03141458448394161,0.01342808516314814,6.7140425815740704e-06,3,0.95,0.050000000000000044
2024-06-25,-0.035975340691204574,-0.036022597731263165,0.0945140801171761,4.725704005858805e-05,3,0.95,0.050000000000000044
2024-06-26,0.034457840693286335,0.034281004094054005,0.35367319846465867,0.00017683659923232932,3,0.6963268015353397,0.30367319846466034
2024-06-27,-0.040156755516772336,-0.04048878518277378,0.6640593320028907,0.00033202966600144536,3,0.639613866461768,0.360386133538232
2024-06-28,-0.044836333063776795,-0.04501571132358045,0.3587565196073076,0.0001793782598036538,3,0.95,0.050000000000000044
2024-07-01,0.00561355400215439,0.005422368943061392,0.38237011818599487,0.00019118505909299744,3,0.6676298818140034,0.3323701181859966
2024-07-02,-0.03978434673006518,-0.039925531789158177,0.28237011818599633,0.00014118505909299818,3,0.9499999999999998,0.050000000000000155
2024-07-03,-0.004992048364330457,-0.00500773992217811,0.03138311569530566,1.5691557847652833e-05,3,0.9499999999999998,0.050000000000000155
2024-07-05,-0.07121742232311581,-0.07138758743179005,0.34033021734847435,0.00017016510867423718,3,0.7096697826515241,0.29033021734847586
2024-07-08,-0.011819924833149314,-0.011950787683012443,0.26172569972625653,0.00013086284986312826,3,0.95,0.050000000000000044
2024-07-09,-0.02214770727255286,-0.022354898696294836,0.4143828474839498,0.00020719142374197493,3,0.6356171525160486,0.36438284748395144
2024-07-10,0.005203023596840566,0.00504583217309859,0.3143828474839513,0.00015719142374197564,3,0.95,0.050000000000000044
2024-07-11,0.0961376952688249,0.09613069512528613,0.014000287077540391,7.0001435387701955e-06,3,0.95,0.050000000000000044
2024-07-12,0.09551011092638982,0.09548531325526571,0.049595342248204694,2.4797671124102347e-05,3,0.9500000000000001,0.04999999999999993
2024-07-15,0.006525168409926899,0.006375314402396513,0.2997080150607738,0.00014985400753038692,3,0.7502919849392244,0.24970801506077556
2024-07-16,0.15431898975116107,0.15420255598804905,0.2328675262240414,0.00011643376311202069,3,0.95,0.050000000000000044
2024-07-17,-0.016053482465599962,-0.016132637255332836,0.15830957946574656,7.915478973287328e-05,3,0.891690420534252,0.10830957946574804
2024-07-18,-0.030455425105427942,-0.03064364780354769,0.37644539623949336,0.00018822269811974668,3,0.7318641832262531,0.26813581677374687
2024-07-19,0.029149806378767816,0.028836200334648343,0.6272120882389467,0.00031360604411947334,3,0.6409237285347985,0.3590762714652015
2024-07-22,0.0036094775535043915,0.003360483380546537,0.4979883459157092,0.0002489941729578546,3,0.8610879255494908,0.13891207445050924
2024-07-23,-0.01981372263187799,-0.019996117483175393,0.364789702594805,0.0001823948512974025,3,0.7741223718557025,0.22587762814429746
2024-07-24,-0.03175121872876611,-0.03200761522470723,0.5127929918822439,0.000256396495941122,3,0.7130846362620518,0.28691536373794824
2024-07-25,0.060103060458864356,0.059789181253080435,0.6277584115678401,0.00031387920578392005,3,0.6591569521701065,0.3408430478298935
2024-07-26,-0.024071385585410374,-0.02421680710932532,0.2908430478298935,0.00014542152391494676,3,0.9500000000000001,0.04999999999999993
2024-07-29,-0.04387605535426617,-0.04389575264198879,0.0393945754452521,1.969728772262605e-05,3,0.95,0.050000000000000044
2024-07-30,0.053854984185690714,0.053679948844047115,0.35007068328719926,0.00017503534164359962,3,0.6999293167127991,0.3000706832872009
2024-07-31,-0.015600168165606325,-0.015746026174456588,0.291716017700526,0.000145858008850263,3,0.95,0.050000000000000044
2024-08-01,-0.06182481224016942,-0.06184573833234623,0.041852184353629196,2.0926092176814598e-05,3,0.95,0.050000000000000044
2024-08-02,0.00515576982342943,0.004982109272486639,0.34732110188558096,0.00017366055094279048,3,0.7026788981144174,0.2973211018855826
2024-08-05,0.015101500639670307,0.014929631002271463,0.34373927479768585,0.00017186963739884294,3,0.95,0.050000000000000044
2024-08-06,-0.021482496737496557,-0.021645173486618215,0.3253534982433182,0.0001626767491216591,3,0.7246465017566801,0.2753534982433199
2024-08-07,0.07166423372581235,0.07152287046990631,0.2827265118120667,0.00014136325590603335,3,0.95,0.050000000000000044
2024-08-08,0.0482015879333492,0.04818954895468217,0.02407795733405571,1.2038978667027856e-05,3,0.9499999999999998,0.050000000000000155
2024-08-09,-0.014086602786795178,-0.014247907697837561,0.3226098220847665,0.00016130491104238327,3,0.7273901779152319,0.27260982208476814
2024-08-12,0.03386484737989976,0.033702634684531246,0.3244253907370235,0.00016221269536851175,3,0.948184431347743,0.051815568652257005
2024-08-13,-0.035041348532476896,-0.03507414554175273,0.06559401855166858,3.279700927583429e-05,3,0.95,0.050000000000000044
2024-08-14,0.041348710919887434,0.04129718932088799,0.10304319799888695,5.1521598999443474e-05,3,0.9469568020011114,0.05304319799888857
2024-08-15,-0.011037395889599831,-0.01121630439605681,0.3578170129139595,0.00017890850645697976,3,0.6952261850849275,0.3047738149150725
2024-08-16,0.08597438817162688,0.08584700126416935,0.25477381491507245,0.00012738690745753623,3,0.95,0.050000000000000044
2024-08-19,-0.0034985093620573116,-0.0036818838444448877,0.36674896477515184,0.0001833744823875759,3,0.6832510352248466,0.31674896477515335
2024-08-20,0.04490680417210477,0.04474567562755036,0.322257089108825,0.00016112854455441251,3,0.95,0.050000000000000044
2024-08-21,-0.028665360862035423,-0.028678868918711506,0.027016113352162696,1.3508056676081348e-05,3,0.95,0.050000000000000044
2024-08-22,0.030245638011471815,0.030231956871148616,0.027362280646398673,1.3681140323199337e-05,3,0.9500000000000001,0.04999999999999993
2024-08-23,0.010126086544398113,0.009935862725985586,0.380447636825052,0.000190223818412526,3,0.6695523631749463,0.33044763682505374
2024-08-26,-0.024547161183610215,-0.024691492933154435,0.288663499088437,0.0001443317495442185,3,0.95,0.050000000000000044
2024-08-27,-0.04413931231671915,-0.04414743574452481,0.016246855611318778,8.123427805659389e-06,3,0.95,0.050000000000000044
2024-08-28,0.0028620362070754125,0.0028449141474433427,0.03424411926413912,1.712205963206956e-05,3,0.9499999999999998,0.050000000000000155
2024-08-29,0.009064047388776073,0.009018616257784547,0.09086226198305175,4.543113099152587e-05,3,0.95,0.050000000000000044
2024-08-30,-0.022670069149903972,-0.022678459850451915,0.016781401095885162,8.390700547942582e-06,3,0.95,0.050000000000000044
2024-09-03,0.03321076222296069,0.03318665467818869,0.04821508954399467,2.4107544771997337e-05,3,0.95,0.050000000000000044
2024-09-04,-0.04500856823503897,-0.04502619098415507,0.03524549823219797,1.7622749116098985e-05,3,0.95,0.050000000000000044
2024-09-05,-0.03803296165761392,-0.038050832163416516,0.03574101160519971,1.7870505802599857e-05,3,0.95,0.050000000000000044
2024-09-06,0.1605426956276146,0.16053596013799196,0.013470979245307602,6.735489622653801e-06,3,0.95,0.050000000000000044
2024-09-09,0.06350739765723169,0.0634772027043266,0.0603899058102057,3.0194952905102853e-05,3,0.95,0.050000000000000044
2024-09-10,0.01849209625543772,0.018448982734277804,0.08622704231983142,4.311352115991571e-05,3,0.9500000000000001,0.04999999999999993
2024-09-11,0.05824397764371383,0.05823567598322563,0.01660332097639655,8.301660488198275e-06,3,0.95,0.050000000000000044
2024-09-12,0.09488931514064955,0.09486211237025087,0.05440554079735055,2.7202770398675275e-05,3,0.9499999999999998,0.050000000000000155
2024-09-13,-0.022003342960872415,-0.022019784006691176,0.03288209163752304,1.644104581876152e-05,3,0.9499999999999998,0.050000000000000155
2024-09-16,-0.05121346648516445,-0.05128892827321776,0.15092357610662188,7.546178805331094e-05,3,0.8990764238933766,0.10092357610662339
2024-09-17,0.0031792532353429517,0.003150312015413644,0.05788243985861555,2.8941219929307773e-05,3,0.95,0.050000000000000044
2024-09-18,-0.003574008473368322,-0.0035923644819273078,0.03671201711797162,1.835600855898581e-05,3,0.95,0.050000000000000044
2024-09-19,-0.02879483174073508,-0.028799505573862544,0.009347666254927861,4.6738331274639306e-06,3,0.9500000000000001,0.04999999999999993
2024-09-20,-0.028215320290733932,-0.028228112582222638,0.025584582977409287,1.2792291488704644e-05,3,0.95,0.050000000000000044
2024-09-23,0.01400709062571665,0.013991590832149218,0.03099958713486553,1.5499793567432766e-05,3,0.95,0.050000000000000044
2024-09-24,-0.03210572280701227,-0.03213255437502249,0.05366313602043976,2.683156801021988e-05,3,0.9500000000000002,0.04999999999999982
2024-09-25,-0.0272093233345369,-0.027229558857980212,0.040471046886624146,2.0235523443312073e-05,3,0.9499999999999998,0.050000000000000155
2024-09-26,0.007168912512546793,0.007147309084784173,0.04320685552523884,2.160342776261942e-05,3,0.95,0.050000000000000044
2024-09-27,0.0476834724384226,0.047664990656558825,0.03696356372755363,1.8481781863776818e-05,3,0.95,0.050000000000000044
2024-09-30,-0.04676872086369169,-0.046794100350766116,0.05075897414885694,2.537948707442847e-05,3,0.95,0.050000000000000044
2024-10-01,-0.018324897543656175,-0.018346914371827953,0.0440336563435518,2.2016828171775902e-05,3,0.9499999999999998,0.050000000000000155
2024-10-02,-0.024919076459736206,-0.024933153858534306,0.0281547975961971,1.407739879809855e-05,3,0.9500000000000002,0.04999999999999982
2024-10-03,0.06958108656839766,0.06955975058208543,0.04267197262447611,2.1335986312238058e-05,3,0.95,0.050000000000000044
2024-10-04,-0.03994581478522704,-0.039971723230842485,0.05181689123089109,2.5908445615445544e-05,3,0.95,0.050000000000000044
2024-10-07,0.009541025712114449,0.009526691017131104,0.028669389966687914,1.4334694983343957e-05,3,0.95,0.050000000000000044
2024-10-08,-0.040046659017101284,-0.040129670968653795,0.16602390310502746,8.301195155251373e-05,3,0.883976096894971,0.11602390310502897
2024-10-09,-0.004385922758771063,-0.004458112770707284,0.14438002387244117,7.219001193622059e-05,3,0.95,0.050000000000000044
2024-10-10,0.05629848307458753,0.05627263880956403,0.05168853004700524,2.5844265023502623e-05,3,0.95,0.050000000000000044
2024-10-11,0.02063712297950655,0.02058641639382674,0.10141317135961961,5.0706585679809804e-05,3,0.9485868286403788,0.0514131713596212
2024-10-14,0.025589490801231393,0.025571351159563747,0.03627928333529565,1.8139641667647826e-05,3,0.95,0.050000000000000044
2024-10-15,0.0996934310320671,0.09966756306647814,0.05173593117790745,2.5867965588953726e-05,3,0.9499999999999997,0.050000000000000266
2024-10-16,-0.032105035373880875,-0.032129989382587404,0.049908017413064915,2.495400870653246e-05,3,0.95,0.050000000000000044
2024-10-17,-0.003973302800644457,-0.0040160502494411094,0.08549489759330525,4.274744879665263e-05,3,0.9500000000000001,0.04999999999999993
2024-10-18,-0.03332102471644253,-0.033340892134257866,0.039734835630679116,1.9867417815339558e-05,3,0.95,0.050000000000000044
2024-10-21,0.0077527788144256555,0.007720710144441823,0.06413733996766649,3.206866998383324e-05,3,0.9500000000000001,0.04999999999999993
2024-10-22,-0.0409487450525965,-0.040982787118729026,0.06808413226505275,3.404206613252637e-05,3,0.9500000000000001,0.04999999999999993
2024-10-23,-0.028655786135804183,-0.028682708420532724,0.0538445694570828,2.6922284728541397e-05,3,0.95,0.050000000000000044
2024-10-24,0.04236360335194206,0.0423426218275947,0.04196304869471712,2.098152434735856e-05,3,0.95,0.050000000000000044
2024-10-25,0.0359036579142432,0.03589459498612042,0.01812585624555782,9.06292812277891e-06,3,0.95,0.050000000000000044
2024-10-28,-0.008750808271396347,-0.00876795402138579,0.03429149997888767,1.7145749989443836e-05,3,0.95,0.050000000000000044
2024-10-29,-0.08384532537512598,-0.0838606839895665,0.030717228881050745,1.5358614440525374e-05,3,0.95,0.050000000000000044
2024-10-30,-0.025615337318896404,-0.025648078500992384,0.06548236419195749,3.274118209597875e-05,3,0.9499999999999997,0.050000000000000266
2024-10-31,0.0054911612733346635,0.00548332686909882,0.015668808471687223,7.834404235843612e-06,3,0.9499999999999998,0.050000000000000155
2024-11-01,0.037673402603087186,0.03765668947356202,0.03342625905032509,1.6713129525162545e-05,3,0.95,0.050000000000000044
2024-11-04,0.011414662883180698,0.011400576523556218,0.028172719248957867,1.4086359624478934e-05,3,0.95,0.050000000000000044
2024-11-05,-0.004098204580545477,-0.00411783541678856,0.039261672486163635,1.9630836243081817e-05,3,0.9500000000000002,0.04999999999999982
2024-11-06,-0.011890639439160341,-0.011911428732150427,0.041578585980172056,2.0789292990086027e-05,3,0.95,0.050000000000000044
2024-11-07,0.009582919219938372,0.009542463429771707,0.08091158033332888,4.045579016666444e-05,3,0.95,0.050000000000000044
2024-11-08,0.05044628277190182,0.05044466794438365,0.0032296550363407894,1.6148275181703947e-06,3,0.95,0.050000000000000044
2024-11-11,-0.02612316619555975,-0.02613493612478631,0.02353985845312534,1.176992922656267e-05,3,0.9499999999999998,0.050000000000000155
2024-11-12,0.05711490874001751,0.057107649304451995,0.014518871131031286,7.259435565515643e-06,3,0.9499999999999997,0.050000000000000266
2024-11-13,-0.02404883305409381,-0.02407678853603118,0.055910963874738345,2.7955481937369172e-05,3,0.95,0.050000000000000044
2024-11-14,-0.05587598953233285,-0.05602460479949844,0.29723053433117197,0.00014861526716558599,3,0.7527694656688263,0.2472305343311737
2024-11-15,0.029256538079929846,0.02909877129800394,0.3155335638518103,0.00015776678192590515,3,0.9316969704793616,0.06830302952063838
2024-11-18,0.03284705116805535,0.032670302846030355,0.3534966440499931,0.00017674832202499655,3,0.7148063854706435,0.28519361452935654
2024-11-19,-0.05313293908039647,-0.053395364901234685,0.5248516416764236,0.0002624258208382118,3,0.7603419728529311,0.23965802714706885
2024-11-20,-0.0030057230091199106,-0.003219331566860787,0.42721711548175195,0.00021360855774087598,3,0.8124409116653151,0.18755908833468493
2024-11-21,0.01627561197487499,0.01619662079773408,0.15798235428182064,7.899117714091033e-05,3,0.95,0.050000000000000044
2024-11-22,0.0020678843285372494,0.0019013431215035596,0.33308241406737926,0.00016654120703368965,3,0.716917585932619,0.283082414067381
2024-11-25,-0.013441812176963644,-0.013625317408260083,0.36701046259287795,0.000183505231296439,3,0.9160719514745013,0.08392804852549873
2024-11-26,-0.00354334094345694,-0.0037086282502833,0.33057461365272023,0.00016528730682636013,3,0.7533534348727766,0.24664656512722338
2024-11-27,0.0001500970327955372,-0.00011401676655553307,0.5282275987021405,0.00026411379935107026,3,0.718418966425081,0.28158103357491904
2024-11-29,-0.03697078763081649,-0.03710105176590903,0.2605282701850758,0.0001302641350925379,3,0.95,0.050000000000000044
2024-12-02,-0.03764783793030636,-0.03783086868089055,0.3660615011683757,0.00018303075058418786,3,0.6839384988316226,0.3160615011683774
2024-12-03,-0.004411154748209592,-0.00470763364947429,0.5929578025293947,0.00029647890126469734,3,0.723103698638981,0.27689630136101895
2024-12-04,-0.009512490370505711,-0.009741825082262833,0.45866942351424256,0.0002293347117571213,3,0.8182268778467747,0.18177312215322527
2024-12-05,0.061852368552455184,0.06176764341920122,0.16945026650793468,8.472513325396735e-05,3,0.9500000000000001,0.04999999999999993
2024-12-06,-0.04075398783849486,-0.04078911496759733,0.07025425820494091,3.512712910247046e-05,3,0.95,0.050000000000000044
2024-12-09,-0.029801903945319314,-0.02996155445477241,0.31930101890618884,0.00015965050945309443,3,0.7306989810938094,0.2693010189061906
2024-12-10,0.04393141588641026,0.04380240917618263,0.25801342045525766,0.00012900671022762883,3,0.95,0.050000000000000044
2024-12-11,-0.030412873788711825,-0.030432797629741506,0.03984768205936029,1.9923841029680146e-05,3,0.95,0.050000000000000044
2024-12-12,0.003241115261012155,0.0032111118501529207,0.060006821718469106,3.0003410859234554e-05,3,0.9499999999999998,0.050000000000000155
2024-12-13,0.0178312794949672,0.01781457934868236,0.033400292569680745,1.6700146284840374e-05,3,0.9500000000000001,0.04999999999999993
2024-12-16,-0.019137254883173235,-0.019153946075367072,0.03338238438767588,1.669119219383794e-05,3,0.95,0.050000000000000044
2024-12-17,-0.060104473481799064,-0.06010965228091417,0.010357598230218257,5.178799115109129e-06,3,0.95,0.050000000000000044
2024-12-18,0.03005328533214915,0.02985932068494648,0.3879292944053434,0.00019396464720267172,3,0.662070705594655,0.337929294405345
2024-12-19,0.05173314761956453,0.051417758011840606,0.6307792154478559,0.00031538960772392794,3,0.7071500789574875,0.2928499210425125
2024-12-20,-0.02616146842635389,-0.026289301782140513,0.2556667115732466,0.0001278333557866233,3,0.95,0.050000000000000044
2024-12-23,0.01651918210053224,0.016327406333128777,0.38355153480692683,0.0001917757674034634,3,0.6664484651930715,0.33355153480692845
2024-12-24,0.021858371398476146,0.02167155528531747,0.3736322263173525,0.00018681611315867624,3,0.95,0.050000000000000044
2024-12-26,-0.061427658167035604,-0.06144065886829844,0.02600140252567834,1.300070126283917e-05,3,0.95,0.050000000000000044
2024-12-27,-0.025134323066096406,-0.025157597409059106,0.046548685925400846,2.3274342962700422e-05,3,0.9499999999999998,0.050000000000000155
2024-12-30,-0.01801276239813922,-0.01803913849955701,0.052752202835575634,2.6376101417787816e-05,3,0.95,0.050000000000000044
