date,gross_return,net_return,turnover,cost,n_names,invested,cash_weight
2014-01-02,-0.008396580851161219,-0.008871580851161218,0.95,0.000475,3,0.95,0.050000000000000044
2014-01-03,-0.024486171555740257,-0.024761726416029705,0.5511097205788965,0.00027555486028944825,3,0.9499999999999998,0.050000000000000155
2014-01-06,0.033490177093984205,0.033485122179143824,0.010109829680764737,5.054914840382369e-06,3,0.95,0.050000000000000044
2014-01-07,0.08693617767573239,0.08661464077239206,0.6430738066806707,0.00032153690334033535,3,0.9500000000000001,0.04999999999999993
2014-01-08,-0.08893036550991118,-0.08897289630158049,0.08506158333863678,4.253079166931839e-05,3,0.9500000000000001,0.04999999999999993
2014-01-09,0.047887012399503326,0.04782273328451816,0.12855822997033706,6.427911498516853e-05,3,0.9499999999999998,0.050000000000000155
2014-01-10,0.003268981496895132,0.003244710820724854,0.048541352340556065,2.4270676170278033e-05,3,0.95,0.050000000000000044
2014-01-13,0.026870987227092084,0.026866500023796685,0.008974406590794626,4.487203295397313e-06,3,0.95,0.050000000000000044
2014-01-14,0.035275535090535354,0.03522513656209095,0.1007970568888169,5.039852844440845e-05,3,0.9500000000000002,0.04999999999999982
2014-01-15,-0.012433005141780234,-0.012453122635480802,0.040234987401137345,2.0117493700568675e-05,3,0.9499999999999997,0.050000000000000266
2014-01-16,-0.020862912471241793,-0.020875220124553378,0.024615306623170075,1.2307653311585038e-05,3,0.95,0.050000000000000044
2014-01-17,0.004173444047992856,0.0038855391810341373,0.5758097339174385,0.00028790486695871924,3,0.95,0.050000000000000044
2014-01-21,-0.014922200590418967,-0.015197515358583252,0.5506295363285703,0.00027531476816428514,3,0.95,0.050000000000000044
2014-01-22,-0.04850061590060693,-0.04850569282804198,0.01015385487008863,5.076927435044315e-06,3,0.95,0.050000000000000044
2014-01-23,-0.04363907486178208,-0.04365810386960011,0.03805801563606118,1.902900781803059e-05,3,0.9499999999999998,0.050000000000000155
2014-01-24,-0.018059681425947043,-0.018098989807331087,0.07861676276808954,3.930838138404477e-05,3,0.95,0.050000000000000044
2014-01-27,0.08763617813032581,0.0876101705753309,0.05201510998982753,2.6007554994913765e-05,3,0.9499999999999998,0.050000000000000155
2014-01-28,0.054930683331841194,0.054924805462262645,0.011755739157098155,5.877869578549078e-06,3,0.95,0.050000000000000044
2014-01-29,0.039017397690376404,0.03898639530669383,0.0620047673651542,3.10023836825771e-05,3,0.95,0.050000000000000044
2014-01-30,-0.01037510978553736,-0.010394290047763438,0.03836052445215793,1.9180262226078965e-05,3,0.95,0.050000000000000044
2014-01-31,-0.04074843785766048,-0.040757502733638575,0.01812975195618277,9.064875978091386e-06,3,0.95,0.050000000000000044
2014-02-03,0.054799697835393256,0.05468022875021582,0.23893817035487483,0.00011946908517743741,3,0.95,0.050000000000000044
2014-02-04,-0.03381620749127524,-0.03385514397857121,0.07787297459194348,3.8936487295971737e-05,3,0.95,0.050000000000000044
2014-02-05,0.02267964964540079,0.022666215219784264,0.02686885123305277,1.3434425616526386e-05,3,0.95,0.050000000000000044
2014-02-06,0.03588337283252342,0.035635959808548986,0.49482604794886387,0.00024741302397443196,3,0.95,0.050000000000000044
2014-02-07,0.0863076080684272,0.08630533794672184,0.0045402434107390255,2.270121705369513e-06,3,0.95,0.050000000000000044
2014-02-10,0.006121113181099666,0.006106532218519621,0.029161925160088226,1.4580962580044113e-05,3,0.9499999999999997,0.050000000000000266
2014-02-11,0.03556008856636032,0.03554561840068317,0.028940331354306764,1.4470165677153383e-05,3,0.95,0.050000000000000044
2014-02-12,0.042056296112192,0.042052334220747056,0.0079237828898866,3.9618914449433e-06,3,0.95,0.050000000000000044
2014-02-13,-0.03202947728822969,-0.03203672681763239,0.014499058805387571,7.2495294026937856e-06,3,0.95,0.050000000000000044
2014-02-14,0.020924730944833755,0.020921690047090827,0.006081795485853303,3.0408977429266515e-06,3,0.9500000000000001,0.04999999999999993
2014-02-18,-0.002470328938619635,-0.0024792030479300255,0.017748218620780604,8.874109310390302e-06,3,0.95,0.050000000000000044
2014-02-19,0.027903516339101365,0.02789457944811942,0.017873781963892915,8.936890981946458e-06,3,0.95,0.050000000000000044
2014-02-20,-0.009718768145714674,-0.009909332779702051,0.38112926797475316,0.0001905646339873766,3,0.95,0.050000000000000044
2014-02-21,0.011332933523366768,0.011326446562002403,0.012973922728731047,6.4869613643655234e-06,3,0.95,0.050000000000000044
2014-02-24,0.012888039459194362,0.01269098786384262,0.3941031907034842,0.00019705159535174212,3,0.95,0.050000000000000044
2014-02-25,0.07379415092620446,0.07379289878735824,0.0025042776924405763,1.2521388462202882e-06,3,0.95,0.050000000000000044
2014-02-26,-0.017346851623930352,-0.017540571602536352,0.38743995721200297,0.00019371997860600148,3,0.95,0.050000000000000044
2014-02-27,0.009152885103006634,0.008963308294214205,0.3791536175848573,0.00018957680879242868,3,0.95,0.050000000000000044
2014-02-28,0.1406643068174256,0.14064474959839943,0.03911443805234996,1.955721902617498e-05,3,0.9500000000000001,0.04999999999999993
2014-03-03,0.09133663429170627,0.09133093782568878,0.01139293203496583,5.696466017482915e-06,3,0.95,0.050000000000000044
2014-03-04,0.07184907362395614,0.07184565544205071,0.006836363810850454,3.418181905425227e-06,3,0.9499999999999998,0.050000000000000155
2014-03-05,-0.04303521301882498,-0.043037617452853394,0.004808868056836418,2.4044340284182094e-06,3,0.95,0.050000000000000044
2014-03-06,0.14575367358552133,0.14574918530510614,0.008976560830367714,4.488280415183857e-06,3,0.9499999999999998,0.050000000000000155
2014-03-07,0.14928027087134496,0.1492752571973061,0.010027348077726289,5.013674038863144e-06,3,0.95,0.050000000000000044
2014-03-10,-0.22357438556974069,-0.22358701439657674,0.025257653672097757,1.262882683604888e-05,3,0.9499999999999998,0.050000000000000155
2014-03-11,0.06648267968387638,0.06646176096142009,0.04183744491255906,2.091872245627953e-05,3,0.95,0.050000000000000044
2014-03-12,0.05775001001459387,0.05774404024639827,0.011939536391196715,5.9697681955983576e-06,3,0.95,0.050000000000000044
2014-03-13,-0.07983174472982302,-0.07983426302628999,0.005036592933940598,2.518296466970299e-06,3,0.95,0.050000000000000044
2014-03-14,-0.011031263900444973,-0.011048849169202547,0.03517053751514701,1.7585268757573507e-05,3,0.95,0.050000000000000044
2014-03-17,-0.014649215140594007,-0.01465002946757162,0.0016286539552252677,8.143269776126338e-07,3,0.95,0.050000000000000044
2014-03-18,0.027545369495201,0.027542530665519663,0.00567765936267331,2.8388296813366548e-06,3,0.95,0.050000000000000044
2014-03-19,-0.016274169581563584,-0.016427732955878904,0.30712674863064315,0.00015356337431532158,3,0.95,0.050000000000000044
2014-03-20,-0.038626239585679754,-0.03877980295999508,0.30712674863064304,0.00015356337431532153,3,0.95,0.050000000000000044
2014-03-21,-0.08472199494885814,-0.08472270828663173,0.001426675547184536,7.13337773592268e-07,3,0.9500000000000001,0.04999999999999993
2014-03-24,0.233866617908013,0.2338594451516226,0.014345512780782221,7.1727563903911104e-06,3,0.95,0.050000000000000044
2014-03-25,-0.13738566139348887,-0.1375384011181719,0.30547944936606897,0.0001527397246830345,3,0.9500000000000001,0.04999999999999993
2014-03-26,0.0293259928520577,0.029295071444474633,0.06184281516613599,3.0921407583067995e-05,3,0.95,0.050000000000000044
2014-03-27,-0.00806559236528489,-0.008067445198025833,0.0037056654818853896,1.8528327409426948e-06,3,0.95,0.050000000000000044
2014-03-28,0.026047149282192376,0.026040905363243425,0.01248783789789909,6.243918948949545e-06,3,0.95,0.050000000000000044
2014-03-31,0.07365716399660856,0.07349215635723326,0.3300152787506021,0.00016500763937530105,3,0.95,0.050000000000000044
2014-04-01,-0.007421768207341934,-0.007423206651650534,0.002876888617200146,1.4384443086000732e-06,3,0.95,0.050000000000000044
2014-04-02,-0.01641586612467301,-0.016416271305361843,0.0008103613776652696,4.051806888326348e-07,3,0.95,0.050000000000000044
2014-04-03,-0.057529260328371856,-0.05755041256014617,0.04230446354862186,2.115223177431093e-05,3,0.95,0.050000000000000044
2014-04-04,-0.022731747280142933,-0.02273535010924409,0.007205658202316417,3.602829101158209e-06,3,0.9500000000000001,0.04999999999999993
2014-04-07,0.027962046618609064,0.02795894828404402,0.006196669130089094,3.098334565044547e-06,3,0.95,0.050000000000000044
2014-04-08,0.01442680723320575,0.014419526656209132,0.014561153993235931,7.280576996617966e-06,3,0.9499999999999998,0.050000000000000155
2014-04-09,-0.039064241620569845,-0.03906964498025201,0.010806719364330142,5.403359682165071e-06,3,0.9499999999999998,0.050000000000000155
2014-04-10,-0.046578173051312795,-0.04658149748411569,0.006648865605800136,3.3244328029000683e-06,3,0.95,0.050000000000000044
2014-04-11,-0.0065256341882276485,-0.006528206536293721,0.005144696132145132,2.572348066072566e-06,3,0.95,0.050000000000000044
2014-04-14,-0.05149302066580593,-0.051493934197556795,0.001827063501727788,9.135317508638941e-07,3,0.95,0.050000000000000044
2014-04-15,0.042686055274760486,0.04267443233724386,0.023245875033238605,1.1622937516619302e-05,3,0.95,0.050000000000000044
2014-04-16,0.028147604270156248,0.028145111718343926,0.0049851036246391645,2.4925518123195823e-06,3,0.9500000000000001,0.04999999999999993
2014-04-17,-0.007338485923275716,-0.007348736383184527,0.020500919817623614,1.0250459908811808e-05,3,0.95,0.050000000000000044
2014-04-21,-0.002690004655964107,-0.002696514647473076,0.013019983017938636,6.509991508969318e-06,3,0.95,0.050000000000000044
2014-04-22,-0.039982810929781835,-0.0400070408719579,0.048459884352140103,2.4229942176070053e-05,3,0.95,0.050000000000000044
2014-04-23,-0.033643975071816164,-0.033647001753129686,0.006053362627046255,3.0266813135231276e-06,3,0.95,0.050000000000000044
2014-04-24,-0.0696395336675548,-0.06965108058424921,0.02309383338881371,1.1546916694406856e-05,3,0.95,0.050000000000000044
2014-04-25,-0.09786585291685757,-0.0978866013224856,0.04149681125605437,2.0748405628027185e-05,3,0.95,0.050000000000000044
2014-04-28,0.028579404612972127,0.028572823616463832,0.013161993016591156,6.580996508295578e-06,3,0.95,0.050000000000000044
2014-04-29,-0.019659246713516026,-0.019666024712428603,0.01355599782515346,6.77799891257673e-06,3,0.95,0.050000000000000044
2014-04-30,0.01522249734149763,0.015214340593143293,0.016313496708675185,8.156748354337593e-06,3,0.95,0.050000000000000044
2014-05-01,-0.027023531386297112,-0.027024796427620606,0.002530082646985954,1.265041323492977e-06,3,0.9500000000000001,0.04999999999999993
2014-05-02,-0.04730616449420667,-0.04730802151555018,0.003714042687003566,1.857021343501783e-06,3,0.9500000000000001,0.04999999999999993
2014-05-05,-0.058332173168602404,-0.0583394235386906,0.014500740176387944,7.250370088193972e-06,3,0.95,0.050000000000000044
2014-05-06,0.00343331695255838,0.003429678379362894,0.00727714639097099,3.638573195485495e-06,3,0.95,0.050000000000000044
2014-05-07,-0.04010132731823084,-0.040105779133755716,0.008903631049763494,4.451815524881747e-06,3,0.95,0.050000000000000044
2014-05-08,0.02982782479285599,0.0298222117193392,0.011226147033572775,5.613073516786388e-06,3,0.95,0.050000000000000044
2014-05-09,0.037641695013279616,0.03763658003500693,0.01022995654537795,5.114978272688975e-06,3,0.9500000000000001,0.04999999999999993
2014-05-12,0.028959348539034688,0.028944577710374276,0.029541657320822007,1.4770828660411004e-05,3,0.9500000000000001,0.04999999999999993
2014-05-13,-0.04220680010419356,-0.042214508193879396,0.01541617937167536,7.70808968583768e-06,3,0.95,0.050000000000000044
2014-05-14,0.02416682269131674,0.024158525530591512,0.01659432145046158,8.29716072523079e-06,3,0.95,0.050000000000000044
2014-05-15,0.026353563240703745,0.026342498028766453,0.02213042387458508,1.1065211937292541e-05,3,0.95,0.050000000000000044
2014-05-16,0.05125585017697365,0.05125257195101597,0.006556451915350842,3.278225957675421e-06,3,0.95,0.050000000000000044
2014-05-19,-0.024374121531069402,-0.024378805260430944,0.009367458723083394,4.683729361541697e-06,3,0.9500000000000001,0.04999999999999993
2014-05-20,0.003580361421310933,0.003572929176812812,0.014864488996241959,7.43224449812098e-06,3,0.9500000000000001,0.04999999999999993
2014-05-21,-0.004598340146614522,-0.004608786287889883,0.02089228255072262,1.044614127536131e-05,3,0.9499999999999998,0.050000000000000155
2014-05-22,-0.024676941737663004,-0.024683928219898465,0.013972964470919197,6.986482235459598e-06,3,0.95,0.050000000000000044
2014-05-23,0.030912317255835632,0.03091053283903878,0.003568833593700055,1.7844167968500274e-06,3,0.95,0.050000000000000044
2014-05-27,0.060598959832314725,0.0605963210217357,0.0052776211580543575,2.6388105790271787e-06,3,0.95,0.050000000000000044
2014-05-28,-0.005190344286427096,-0.005202705087362358,0.0247216018705243,1.236080093526215e-05,3,0.9500000000000001,0.04999999999999993
2014-05-29,-0.013614581837801374,-0.013817821540608498,0.4064794056142472,0.0002032397028071236,3,0.95,0.050000000000000044
2014-05-30,0.0018222053460185891,0.0018200898786735046,0.004230934690169025,2.1154673450845126e-06,3,0.95,0.050000000000000044
2014-06-02,0.01642783784831935,0.016423063722623404,0.009548251391892582,4.774125695946291e-06,3,0.9499999999999998,0.050000000000000155
2014-06-03,-0.008863704837829103,-0.008866587364309323,0.005765052960439138,2.882526480219569e-06,3,0.95,0.050000000000000044
2014-06-04,0.023027995700397215,0.02302139373040637,0.01320393998169106,6.60196999084553e-06,3,0.95,0.050000000000000044
2014-06-05,-0.003997839584234989,-0.0040001339643896605,0.004588760309342632,2.294380154671316e-06,3,0.95,0.050000000000000044
2014-06-06,0.010255785415251621,0.010244906569293175,0.021757691916892086,1.0878845958446043e-05,3,0.95,0.050000000000000044
2014-06-09,-0.013259857485771642,-0.01328202951051499,0.04434404948669865,2.2172024743349324e-05,3,0.9499999999999998,0.050000000000000155
2014-06-10,-0.005939003085354866,-0.006199900478287689,0.5217947858656453,0.0002608973929328227,3,0.9499999999999998,0.050000000000000155
2014-06-11,-0.028301943395676352,-0.028315595095697935,0.027303400043166226,1.3651700021583113e-05,3,0.9499999999999998,0.050000000000000155
2014-06-12,-0.01958481568963054,-0.019598681332549536,0.02773128583799761,1.3865642918998806e-05,3,0.9499999999999997,0.050000000000000266
2014-06-13,0.020300639130321253,0.02028949119979575,0.022295861051007226,1.1147930525503614e-05,3,0.95,0.050000000000000044
2014-06-16,0.03877681513475341,0.03851731479140778,0.5190006866912695,0.00025950034334563477,3,0.95,0.050000000000000044
2014-06-17,0.10308112300633243,0.10282877081030037,0.5047043920641261,0.00025235219603206304,3,0.95,0.050000000000000044
2014-06-18,-0.04496831365575793,-0.044983421743958446,0.030216176401038963,1.5108088200519483e-05,3,0.95,0.050000000000000044
2014-06-19,0.0009671241001269319,0.0007077212242012324,0.5188057518513991,0.00025940287592569953,3,0.9499999999999998,0.050000000000000155
2014-06-20,-0.0095018181028513,-0.009515849452978526,0.02806270025445154,1.4031350127225769e-05,3,0.95,0.050000000000000044
2014-06-23,-0.04816014226571835,-0.04839892298112393,0.47756143081115465,0.00023878071540557732,3,0.95,0.050000000000000044
2014-06-24,-0.0016890291327477276,-0.0017026323913324664,0.02720651716947739,1.3603258584738694e-05,3,0.9499999999999998,0.050000000000000155
2014-06-25,0.03740826313824646,0.03737906014334976,0.05840598979339981,2.9202994896699905e-05,3,0.95,0.050000000000000044
2014-06-26,0.00996798167599374,0.009930204691971985,0.07555396804350756,3.777698402175378e-05,3,0.9499999999999998,0.050000000000000155
2014-06-27,-0.007729000672980203,-0.007971984978864869,0.48596861176933237,0.0002429843058846662,3,0.95,0.050000000000000044
2014-06-30,-0.0021523593146933325,-0.0021715747863473274,0.038430943307989435,1.9215471653994718e-05,3,0.9500000000000002,0.04999999999999982
2014-07-01,-0.015210258002674842,-0.015446215661218819,0.4719153170879525,0.00023595765854397623,3,0.95,0.050000000000000044
2014-07-02,-0.0017626033238314555,-0.0019885466228653412,0.45188659806777165,0.00022594329903388583,3,0.9499999999999998,0.050000000000000155
2014-07-03,-0.021799388742733284,-0.022023617436403933,0.4484573873412965,0.00022422869367064825,3,0.9499999999999998,0.050000000000000155
2014-07-07,-0.05070440383658048,-0.05071214825566563,0.015488838170308383,7.744419085154193e-06,3,0.95,0.050000000000000044
2014-07-08,0.025428997559561902,0.025395254318183246,0.06748648275731195,3.3743241378655974e-05,3,0.95,0.050000000000000044
2014-07-09,-0.00350211932338613,-0.0037665747888995962,0.5289109310269322,0.00026445546551346613,3,0.95,0.050000000000000044
2014-07-10,0.006449436612178968,0.0061961110379081035,0.5066511485417291,0.0002533255742708646,3,0.9500000000000001,0.04999999999999993
2014-07-11,0.004379164378596938,0.004120059772962687,0.5182092112685035,0.00025910460563425175,3,0.95,0.050000000000000044
2014-07-14,0.060454151517532376,0.06018914035069457,0.530022333675602,0.000265011166837801,3,0.9499999999999998,0.050000000000000155
2014-07-15,-0.021584972399714533,-0.021610451938539266,0.05095907764946797,2.5479538824733985e-05,3,0.95,0.050000000000000044
2014-07-16,-0.02733149459574271,-0.027332966837096434,0.002944482707445989,1.4722413537229945e-06,3,0.95,0.050000000000000044
2014-07-17,0.05857377552134914,0.05855755753418478,0.03243597432871351,1.6217987164356752e-05,3,0.95,0.050000000000000044
2014-07-18,0.06123290872621509,0.061003843922145536,0.4581296081391076,0.0002290648040695538,3,0.95,0.050000000000000044
2014-07-21,-0.010784502969721515,-0.010991148628829326,0.41329131821562226,0.00020664565910781115,3,0.95,0.050000000000000044
2014-07-22,0.031451198958664606,0.031246181154791847,0.4100356077455159,0.00020501780387275796,3,0.9499999999999997,0.050000000000000266
2014-07-23,-0.029930331330347584,-0.029939439922813713,0.01821718493225513,9.108592466127566e-06,3,0.95,0.050000000000000044
2014-07-24,-0.005491236762133,-0.00550398706062953,0.02550059699305965,1.2750298496529824e-05,3,0.95,0.050000000000000044
2014-07-25,-0.07734967787874217,-0.07754112887793711,0.38290199838988376,0.0001914509991949419,3,0.95,0.050000000000000044
2014-07-28,-0.0053427133617238685,-0.00534318974158245,0.0009527597171632152,4.763798585816076e-07,3,0.9500000000000001,0.04999999999999993
2014-07-29,0.014245334495859711,0.01424019137734667,0.01028623702608017,5.143118513040085e-06,3,0.9500000000000001,0.04999999999999993
2014-07-30,-0.04171009326763652,-0.041725473882299476,0.030761229325905165,1.5380614662952584e-05,3,0.95,0.050000000000000044
2014-07-31,0.0061629163762175415,0.006155795022545043,0.014242707344997163,7.121353672498582e-06,3,0.9499999999999997,0.050000000000000266
2014-08-01,-0.00470194911825728,-0.004711305350549495,0.018712464584428573,9.356232292214286e-06,3,0.95,0.050000000000000044
2014-08-04,-0.005208187339894884,-0.005220176044421694,0.023977409053618254,1.1988704526809126e-05,3,0.95,0.050000000000000044
2014-08-05,-0.0067105224274628585,-0.006733556652299825,0.04606844967393403,2.3034224836967017e-05,3,0.95,0.050000000000000044
2014-08-06,0.0527253856560026,0.05249239975093367,0.46597181013786204,0.00023298590506893102,3,0.9499999999999998,0.050000000000000155
2014-08-07,-0.0007714266770432663,-0.0009878776004312053,0.43290184677587795,0.00021645092338793898,3,0.95,0.050000000000000044
2014-08-08,0.02339094519839374,0.0233515246453238,0.07884110613987538,3.942055306993769e-05,3,0.95,0.050000000000000044
2014-08-11,-0.008099858548836127,-0.008117478605978657,0.03524011428506066,1.762005714253033e-05,3,0.95,0.050000000000000044
2014-08-12,0.047264924846674015,0.047239386663888015,0.05107636557200401,2.5538182786002007e-05,3,0.9500000000000001,0.04999999999999993
2014-08-13,0.003422676620268836,0.0033780978830616148,0.08915747441444227,4.457873720722114e-05,3,0.9499999999999998,0.050000000000000155
2014-08-14,-0.014412654653231653,-0.01442658698233585,0.027864658208393484,1.3932329104196741e-05,3,0.95,0.050000000000000044
2014-08-15,0.0030229052581707736,0.0030104638149295944,0.024882886482358313,1.2441443241179157e-05,3,0.9499999999999998,0.050000000000000155
2014-08-18,-0.00591927138876456,-0.005919695399118342,0.0008480207075631796,4.240103537815898e-07,3,0.95,0.050000000000000044
2014-08-19,-0.0008042720509817704,-0.0008095346225834157,0.01052514320329051,5.262571601645255e-06,3,0.95,0.050000000000000044
2014-08-20,-0.010413838077410625,-0.010423884474782905,0.020092794744560466,1.0046397372280233e-05,3,0.95,0.050000000000000044
2014-08-21,-0.002095242513007893,-0.0020972467695788096,0.004008513141833758,2.004256570916879e-06,3,0.95,0.050000000000000044
2014-08-22,0.015293367664053542,0.015045947692691712,0.4948399427236609,0.00024741997136183046,3,0.9500000000000001,0.04999999999999993
2014-08-25,-0.016173484339621496,-0.01639595647408572,0.4449442689284455,0.00022247213446422278,3,0.95,0.050000000000000044
2014-08-26,-0.002277792678979396,-0.0024899549887232955,0.42432461948779865,0.00021216230974389932,3,0.95,0.050000000000000044
2014-08-27,-0.026447170593186253,-0.026649730118570383,0.4051190507682585,0.00020255952538412924,3,0.95,0.050000000000000044
2014-08-28,-0.010985250098087672,-0.01098664499780691,0.002789799438477264,1.394899719238632e-06,3,0.9500000000000001,0.04999999999999993
2014-08-29,-0.002105294048950624,-0.0021083918965483484,0.006195695195449019,3.0978475977245096e-06,3,0.95,0.050000000000000044
2014-09-02,-0.006958298139844195,-0.006963797085680541,0.010997891672690246,5.498945836345123e-06,3,0.95,0.050000000000000044
2014-09-03,-0.00623164833711435,-0.006233788888686932,0.004281103145163917,2.1405515725819586e-06,3,0.95,0.050000000000000044
2014-09-04,0.017795669136077417,0.017790483743672997,0.010370784808836908,5.185392404418454e-06,3,0.95,0.050000000000000044
2014-09-05,0.01408818297133341,0.014086550202756818,0.003265537153186948,1.632768576593474e-06,3,0.95,0.050000000000000044
2014-09-08,-0.014279022941538317,-0.014460594136233944,0.3631423893912541,0.00018157119469562705,3,0.95,0.050000000000000044
2014-09-09,-0.016716386941969908,-0.016721234401259263,0.0096949185787093,4.84745928935465e-06,3,0.95,0.050000000000000044
2014-09-10,0.015542367685818442,0.015532074730954448,0.02058590972798735,1.0292954863993676e-05,3,0.9499999999999998,0.050000000000000155
2014-09-11,-0.0026494044761526817,-0.0026566738930906674,0.014538833875971685,7.269416937985842e-06,3,0.95,0.050000000000000044
2014-09-12,-0.04900554082507476,-0.0490165726349061,0.022063619662681166,1.1031809831340584e-05,3,0.95,0.050000000000000044
2014-09-15,-0.0032559705607104724,-0.0032630432392992074,0.014145357177469592,7.072678588734796e-06,3,0.95,0.050000000000000044
2014-09-16,0.001309902727615041,0.0013072632749442268,0.005278905341628615,2.6394526708143073e-06,3,0.95,0.050000000000000044
2014-09-17,-0.01899816975385813,-0.019171763860055126,0.3471882123939914,0.0001735941061969957,3,0.95,0.050000000000000044
2014-09-18,0.01579817879789458,0.015778091486168856,0.040174623451448094,2.0087311725724046e-05,3,0.95,0.050000000000000044
2014-09-19,-0.0439559401489308,-0.04395713735421898,0.0023944105763727963,1.1972052881863981e-06,3,0.95,0.050000000000000044
2014-09-22,0.058255324844082475,0.05824786878241542,0.014912123334116817,7.4560616670584085e-06,3,0.95,0.050000000000000044
2014-09-23,-0.0031774280648430627,-0.003370103290856073,0.38535045202602075,0.00019267522601301037,3,0.95,0.050000000000000044
2014-09-24,-0.038225792445971275,-0.03823127789296363,0.010970893984703661,5.485446992351831e-06,3,0.95,0.050000000000000044
2014-09-25,0.0024818060452697433,0.002307062156995369,0.34948777654874885,0.00017474388827437443,3,0.95,0.050000000000000044
2014-09-26,0.012343353712895378,0.01234218680490276,0.0023338159852351603,1.1669079926175802e-06,3,0.95,0.050000000000000044
2014-09-29,-0.004484000483896973,-0.004661485017002253,0.3549690662105591,0.00017748453310527956,3,0.9500000000000002,0.04999999999999982
2014-09-30,-0.030270095397994384,-0.03046577737327582,0.39136395056286927,0.00019568197528143464,3,0.9500000000000001,0.04999999999999993
2014-10-01,0.023871411681755203,0.023867432835756926,0.007957691996554606,3.978845998277303e-06,3,0.95,0.050000000000000044
2014-10-02,0.005806210240327225,0.005593646759475622,0.4251269617032062,0.0002125634808516031,3,0.95,0.050000000000000044
2014-10-03,-0.031965576423395835,-0.03197701646452479,0.022880082257907663,1.1440041128953832e-05,3,0.9499999999999998,0.050000000000000155
2014-10-06,-0.034150301708982464,-0.03416590898786384,0.03121455776275278,1.560727888137639e-05,3,0.95,0.050000000000000044
2014-10-07,0.04725765668636593,0.04704926044326675,0.4167924861983609,0.00020839624309918045,3,0.9499999999999998,0.050000000000000155
2014-10-08,-0.019221043433920615,-0.01922679463193126,0.011502396021285471,5.751198010642736e-06,3,0.9500000000000001,0.04999999999999993
2014-10-09,-0.015776915373090224,-0.015779879876158157,0.005929006135861253,2.9645030679306266e-06,3,0.95,0.050000000000000044
2014-10-10,-0.050579413217784856,-0.05058082121481449,0.002815994059267718,1.407997029633859e-06,3,0.95,0.050000000000000044
2014-10-13,0.014433563874653553,0.014217613316721476,0.4319011158641518,0.0002159505579320759,3,0.95,0.050000000000000044
2014-10-14,0.021382668440782147,0.02137975856019748,0.0058197611693358575,2.909880584667929e-06,3,0.9500000000000001,0.04999999999999993
2014-10-15,0.011378780095769082,0.011375108348986014,0.0073434935661353395,3.67174678306767e-06,3,0.95,0.050000000000000044
2014-10-16,0.013098247917018517,0.013087323398833258,0.021849036370519048,1.0924518185259524e-05,3,0.95,0.050000000000000044
2014-10-17,0.007343664188627731,0.0071225866039812845,0.44215516929289367,0.00022107758464644684,3,0.95,0.050000000000000044
2014-10-20,-0.013644204759641544,-0.01365930180985668,0.030194100430272097,1.5097050215136048e-05,3,0.9499999999999998,0.050000000000000155
2014-10-21,-0.0004921956717560284,-0.0007362151373247176,0.48803893113737845,0.00024401946556868923,3,0.95,0.050000000000000044
2014-10-22,0.01951851943147785,0.01929800666768212,0.4410255275914583,0.00022051276379572916,3,0.95,0.050000000000000044
2014-10-23,0.00531093454429896,0.005294444557651606,0.03297997329470684,1.648998664735342e-05,3,0.9499999999999998,0.050000000000000155
2014-10-24,-0.008657439936550734,-0.008861129358786487,0.4073788444715064,0.0002036894222357532,3,0.95,0.050000000000000044
2014-10-27,0.026238664874104707,0.026230527094780975,0.01627555864746491,8.137779323732455e-06,3,0.95,0.050000000000000044
2014-10-28,0.005281279717913373,0.005275909844562694,0.010739746701357578,5.369873350678789e-06,3,0.9499999999999998,0.050000000000000155
2014-10-29,0.005037644842538397,0.005019082567899118,0.037124549278558155,1.8562274639279078e-05,3,0.9500000000000001,0.04999999999999993
2014-10-30,0.037520145299834384,0.0372967210935892,0.44684841249037077,0.00022342420624518538,3,0.95,0.050000000000000044
2014-10-31,0.04515504132797838,0.04515144498899263,0.007192677971496558,3.596338985748279e-06,3,0.95,0.050000000000000044
2014-11-03,0.030622870104877527,0.03062220907797138,0.0013220538122931114,6.610269061465557e-07,3,0.95,0.050000000000000044
2014-11-04,-0.05773367960928872,-0.05795732009096393,0.44728096335042583,0.00022364048167521292,3,0.9500000000000001,0.04999999999999993
2014-11-05,0.04059708938137094,0.040595917741347194,0.002343280047483215,1.1716400237416076e-06,3,0.9500000000000001,0.04999999999999993
2014-11-06,0.014597888125830204,0.014591957965215095,0.01186032123021924,5.93016061510962e-06,3,0.9500000000000001,0.04999999999999993
2014-11-07,0.0006637525823325139,0.00065705344408247,0.013398276500087819,6.69913825004391e-06,3,0.95,0.050000000000000044
2014-11-10,-0.021918878477362232,-0.02216206474915784,0.48637254359121257,0.00024318627179560628,3,0.95,0.050000000000000044
2014-11-11,-0.08494462164650605,-0.0851648816731465,0.44052005328089183,0.0002202600266404459,3,0.95,0.050000000000000044
2014-11-12,-0.013708773336699856,-0.013936581922305928,0.4556171712121419,0.00022780858560607096,3,0.95,0.050000000000000044
2014-11-13,-0.04042201035334463,-0.040426089384351084,0.008158062012903727,4.0790310064518636e-06,3,0.95,0.050000000000000044
2014-11-14,-0.0033621292164126423,-0.0033627011459944054,0.0011438591635265505,5.719295817632753e-07,3,0.95,0.050000000000000044
2014-11-17,0.04071153556721431,0.040701199096884556,0.02067294065950831,1.0336470329754154e-05,3,0.95,0.050000000000000044
2014-11-18,-0.01738135880735014,-0.017610379590649136,0.4580415665979892,0.00022902078329899462,3,0.9500000000000001,0.04999999999999993
2014-11-19,-0.00011831803936409322,-0.0003425510423605054,0.4484660059928244,0.0002242330029964122,3,0.95,0.050000000000000044
2014-11-20,-0.001074442854574345,-0.0013071066642866363,0.4653276194245827,0.00023266380971229133,3,0.95,0.050000000000000044
2014-11-21,0.011782571298417475,0.011777684866048369,0.009772864738214204,4.886432369107103e-06,3,0.95,0.050000000000000044
2014-11-24,-0.004841415764522099,-0.005063638387178915,0.4444452453136315,0.00022222262265681576,3,0.9499999999999998,0.050000000000000155
2014-11-25,0.0057135402994520825,0.00569863108832387,0.029818422256425087,1.4909211128212544e-05,3,0.95,0.050000000000000044
2014-11-26,-0.017612560934937738,-0.01781965870846808,0.4141955470606892,0.0002070977735303446,3,0.95,0.050000000000000044
2014-11-28,-0.050519487502416346,-0.05052294911357677,0.006923222320848715,3.461611160424358e-06,3,0.95,0.050000000000000044
2014-12-01,0.014455470270647634,0.014253489618974725,0.40396130334581937,0.0002019806516729097,3,0.9499999999999998,0.050000000000000155
2014-12-02,-0.015431099260683886,-0.015638565742746156,0.4149329641245416,0.0002074664820622708,3,0.9499999999999998,0.050000000000000155
2014-12-03,0.03798534673845257,0.03796983477139613,0.031023934112887258,1.551196705644363e-05,3,0.95,0.050000000000000044
2014-12-04,0.015316888813893103,0.01502836691084159,0.5770438061030259,0.00028852190305151293,3,0.9499999999999997,0.050000000000000266
2014-12-05,-0.036971381093982354,-0.037348565758799336,0.7543693296339582,0.0003771846648169791,3,0.95,0.050000000000000044
2014-12-08,0.008236915556181935,0.00792749191883763,0.6188472746886124,0.0003094236373443062,3,0.95,0.050000000000000044
2014-12-09,-0.02538456057231877,-0.025744863876113497,0.7206066075894532,0.0003603033037947266,3,0.95,0.050000000000000044
2014-12-10,-0.008325463641754512,-0.008374127267092999,0.09732725067697262,4.8663625338486313e-05,3,0.95,0.050000000000000044
2014-12-11,-0.030713286809176624,-0.03072016437899955,0.013755139645851622,6.877569822925811e-06,3,0.95,0.050000000000000044
2014-12-12,0.00038618204347751293,7.998958456900039e-05,0.6123849178170251,0.00030619245890851253,3,0.95,0.050000000000000044
2014-12-15,-0.023364667272089322,-0.023380291888810273,0.031249233441903668,1.5624616720951835e-05,3,0.95,0.050000000000000044
2014-12-16,-0.0015908144353466522,-0.0015979201807061738,0.014211490719043096,7.105745359521548e-06,3,0.95,0.050000000000000044
2014-12-17,0.03377143577055615,0.03376183655696951,0.019198427173287236,9.599213586643618e-06,3,0.95,0.050000000000000044
2014-12-18,0.00709972257827322,0.007075317026675426,0.04881110319558851,2.4405551597794256e-05,3,0.95,0.050000000000000044
2014-12-19,-0.0010097234840995718,-0.001055580035234005,0.09171310226886642,4.585655113443321e-05,3,0.95,0.050000000000000044
2014-12-22,-0.016773003504450764,-0.017041610252165162,0.5372134954287993,0.00026860674771439963,3,0.95,0.050000000000000044
2014-12-23,0.01647526469805183,0.016465748849358253,0.019031697387159263,9.515848693579631e-06,3,0.95,0.050000000000000044
2014-12-24,0.0037720337464185382,0.0037632189312367683,0.017629630363539595,8.814815181769798e-06,3,0.95,0.050000000000000044
2014-12-26,-0.01551384263966633,-0.015526367986476585,0.025050693620510434,1.2525346810255216e-05,3,0.9500000000000001,0.04999999999999993
2014-12-29,0.00923227303118894,0.009218649965393719,0.027246131590441258,1.3623065795220629e-05,3,0.9500000000000001,0.04999999999999993
2014-12-30,-0.009046909569363982,-0.009060349365767138,0.026879592806311914,1.3439796403155957e-05,3,0.95,0.050000000000000044
2014-12-31,0.03978871840496273,0.0397795781269477,0.018280556030069395,9.140278015034697e-06,3,0.9499999999999998,0.050000000000000155
2015-01-02,-0.004879408283664056,-0.004913017879948695,0.06721919256927816,3.360959628463908e-05,3,0.95,0.050000000000000044
2015-01-05,-0.02474826756366457,-0.024755287570691027,0.014040014052912608,7.020007026456305e-06,3,0.95,0.050000000000000044
2015-01-06,0.02188131233532291,0.021873703493656083,0.015217683333648091,7.608841666824045e-06,3,0.95,0.050000000000000044
2015-01-07,0.030425512110176658,0.030148539135258036,0.5539459498372433,0.0002769729749186217,3,0.9500000000000001,0.04999999999999993
2015-01-08,0.0033438977864533705,0.003336608521253874,0.01457853039899365,7.289265199496825e-06,3,0.95,0.050000000000000044
2015-01-09,-0.019325288309788483,-0.019752237173912786,0.8538977282486035,0.0004269488641243018,3,0.9499999999999998,0.050000000000000155
2015-01-12,-0.008112902421138306,-0.008115289950700046,0.004775059123478309,2.3875295617391544e-06,3,0.95,0.050000000000000044
2015-01-13,0.016043374592733764,0.016019108568056932,0.04853204935366662,2.4266024676833308e-05,3,0.95,0.050000000000000044
2015-01-14,-0.051075007577319406,-0.051109082560253365,0.06814996586791391,3.407498293395696e-05,3,0.9500000000000001,0.04999999999999993
2015-01-15,0.035665254825851554,0.03564747364750015,0.0355623567028055,1.778117835140275e-05,3,0.95,0.050000000000000044
2015-01-16,-0.002030626500520015,-0.0020519192269308107,0.042585452821591485,2.1292726410795744e-05,3,0.95,0.050000000000000044
2015-01-20,-0.004922997079870864,-0.004931358645832981,0.016723131924234053,8.361565962117026e-06,3,0.95,0.050000000000000044
2015-01-21,0.030208919211953268,0.030198613787033066,0.020610849840406065,1.0305424920203033e-05,3,0.95,0.050000000000000044
2015-01-22,0.01635227083636779,0.01634326661829982,0.018008436135942496,9.004218067971248e-06,3,0.95,0.050000000000000044
2015-01-23,0.011224437076117637,0.011219595199484287,0.009683753266697848,4.841876633348924e-06,3,0.9499999999999998,0.050000000000000155
2015-01-26,-0.001470702953167957,-0.0014770978927526384,0.012789879169362806,6.394939584681403e-06,3,0.95,0.050000000000000044
2015-01-27,-0.004476073155287829,-0.00450356755213659,0.05498879369752191,2.7494396848760957e-05,3,0.95,0.050000000000000044
2015-01-28,0.024143238712924273,0.024132071411697275,0.022334602453996655,1.1167301226998328e-05,3,0.9499999999999997,0.050000000000000266
2015-01-29,-0.04008867574363553,-0.04031915947317844,0.46096745908582026,0.00023048372954291013,3,0.95,0.050000000000000044
2015-01-30,-0.008537820767461905,-0.008748858672905011,0.4220758108862144,0.0002110379054431072,3,0.9499999999999998,0.050000000000000155
2015-02-02,-0.0190820744836526,-0.019367557619052473,0.5709662707997432,0.0002854831353998716,3,0.95,0.050000000000000044
2015-02-03,-0.0050140406852739175,-0.0050183828909793156,0.008684411410796317,4.342205705398158e-06,3,0.95,0.050000000000000044
2015-02-04,0.009129430432928545,0.009125686632528876,0.007487600799338412,3.743800399669206e-06,3,0.95,0.050000000000000044
2015-02-05,-0.013652196140564538,-0.013657583807261155,0.010775333393235498,5.387666696617749e-06,3,0.95,0.050000000000000044
2015-02-06,-0.023050616893168074,-0.023054704969589192,0.008176152842238854,4.088076421119427e-06,3,0.95,0.050000000000000044
2015-02-09,0.022947569405404766,0.022947010619716452,0.001117571376625326,5.58785688312663e-07,3,0.9499999999999998,0.050000000000000155
2015-02-10,-0.003959348633361653,-0.003960468584301839,0.00223990188037132,1.11995094018566e-06,3,0.95,0.050000000000000044
2015-02-11,0.013852781348408063,0.01384065204929534,0.024258598225444655,1.2129299112722328e-05,3,0.95,0.050000000000000044
2015-02-12,-0.0010781338386427306,-0.0010890571705896809,0.021846663893900664,1.0923331946950332e-05,3,0.95,0.050000000000000044
2015-02-13,0.0020919293423853217,0.002082227737267329,0.019403210235985485,9.701605117992742e-06,3,0.95,0.050000000000000044
2015-02-17,0.0064748514601808155,0.006467681481289547,0.014339957782538049,7.169978891269024e-06,3,0.95,0.050000000000000044
2015-02-18,0.006042306299378799,0.006032696166367646,0.019220266022307142,9.61013301115357e-06,3,0.95,0.050000000000000044
2015-02-19,0.019786333271571317,0.019565076630721743,0.4425132816991503,0.00022125664084957515,3,0.95,0.050000000000000044
2015-02-20,0.010774293170810254,0.010764317500563026,0.019951340494456737,9.97567024722837e-06,3,0.95,0.050000000000000044
2015-02-23,-0.0011418594663362017,-0.0011503491281952406,0.016979323718077616,8.489661859038809e-06,3,0.9499999999999998,0.050000000000000155
2015-02-24,0.014486561828281654,0.014277969322289266,0.41718501198477465,0.00020859250599238732,3,0.95,0.050000000000000044
2015-02-25,0.004346570616770367,0.004136909577060805,0.4193220794191246,0.00020966103970956228,3,0.95,0.050000000000000044
2015-02-26,-0.012206511712722207,-0.012209245079720245,0.005466733996076195,2.7333669980380977e-06,3,0.9499999999999998,0.050000000000000155
2015-02-27,0.027726544049420883,0.02771542245878922,0.022243181263330164,1.1121590631665083e-05,3,0.95,0.050000000000000044
2015-03-02,0.0041696724718645215,0.004158550881232856,0.02224318126333011,1.1121590631665054e-05,3,0.95,0.050000000000000044
2015-03-03,0.011475899092088508,0.011465420658554087,0.020956867068841367,1.0478433534420684e-05,3,0.95,0.050000000000000044
2015-03-04,0.06252154543897495,0.06251258693181756,0.017917014314781682,8.95850715739084e-06,3,0.95,0.050000000000000044
2015-03-05,0.0005250881910474517,0.0005136254485531689,0.02292548498856567,1.1462742494282835e-05,3,0.95,0.050000000000000044
2015-03-06,0.0038469655451912033,0.003837236921559332,0.01945724726374315,9.728623631871574e-06,3,0.95,0.050000000000000044
2015-03-09,0.01218576149204752,0.011934927949261622,0.5016670855717955,0.0002508335427858978,3,0.95,0.050000000000000044
2015-03-10,0.003153175960062685,0.0031331215629587105,0.0401087942079493,2.005439710397465e-05,3,0.9499999999999998,0.050000000000000155
2015-03-11,0.015780232525947974,0.015773326333631044,0.013812384633863806,6.906192316931903e-06,3,0.95,0.050000000000000044
2015-03-12,0.0028170905078160626,0.0028064800586433624,0.021220898345400363,1.0610449172700182e-05,3,0.9499999999999998,0.050000000000000155
2015-03-13,0.020372256224043796,0.020349587346186807,0.04533775571397447,2.2668877856987234e-05,3,0.95,0.050000000000000044
2015-03-16,-0.006858004608551724,-0.006868875239293088,0.021741261482728647,1.0870630741364324e-05,3,0.95,0.050000000000000044
2015-03-17,-0.003654561902829287,-0.0036597602436869324,0.010396681715290512,5.198340857645256e-06,3,0.95,0.050000000000000044
2015-03-18,0.03393177732566233,0.03392593273586509,0.011689179594479182,5.844589797239591e-06,3,0.9500000000000001,0.04999999999999993
2015-03-19,-0.014118420449604959,-0.014138749385962992,0.04065787271606647,2.0328936358033234e-05,3,0.95,0.050000000000000044
2015-03-20,-0.020981903449169243,-0.020984481271500682,0.005155644662877046,2.577822331438523e-06,3,0.95,0.050000000000000044
2015-03-23,0.044771809672186205,0.044749038170499196,0.045543003374020063,2.2771501687010033e-05,3,0.95,0.050000000000000044
2015-03-24,-0.07568227140955588,-0.07569810127490527,0.031659730698766514,1.582986534938326e-05,3,0.95,0.050000000000000044
2015-03-25,0.0066173434118969535,0.006610493477133524,0.013699869526859337,6.849934763429669e-06,3,0.9499999999999998,0.050000000000000155
2015-03-26,0.025533312501750383,0.025510570171756307,0.04548465998815543,2.2742329994077715e-05,3,0.95,0.050000000000000044
2015-03-27,0.06665348215994923,0.06664581387232497,0.015336575248509399,7.6682876242547e-06,3,0.95,0.050000000000000044
2015-03-30,-0.02895756559431959,-0.028968575412001,0.022019635362817064,1.1009817681408532e-05,3,0.95,0.050000000000000044
2015-03-31,-0.005333045344546383,-0.0053391105464331845,0.012130403773602527,6.065201886801264e-06,3,0.95,0.050000000000000044
2015-04-01,-0.007730214987548034,-0.007748243279900923,0.0360565847057778,1.80282923528889e-05,3,0.95,0.050000000000000044
2015-04-02,0.003476711239903904,0.0034638150332122375,0.025792413383333157,1.289620669166658e-05,3,0.9499999999999998,0.050000000000000155
2015-04-06,0.005590101424341135,0.00554515544380798,0.08989196106630942,4.494598053315471e-05,3,0.9499999999999998,0.050000000000000155
2015-04-07,0.03276792762213778,0.03276397768388871,0.007899876498149522,3.949938249074761e-06,3,0.9500000000000001,0.04999999999999993
2015-04-08,-0.0036238694293784343,-0.0036272464114778164,0.006753964198763895,3.376982099381948e-06,3,0.9499999999999998,0.050000000000000155
2015-04-09,0.009166657636022018,0.009164233130586012,0.004849010872014392,2.424505436007196e-06,3,0.95,0.050000000000000044
2015-04-10,0.010522203391884602,0.010521568514616922,0.001269754535359463,6.348772676797315e-07,3,0.95,0.050000000000000044
2015-04-13,0.003937413380856792,0.0039326317126414205,0.009563336430743002,4.781668215371501e-06,3,0.95,0.050000000000000044
2015-04-14,0.010135123438191394,0.009918327506469782,0.43359186344322265,0.00021679593172161134,3,0.9499999999999998,0.050000000000000155
2015-04-15,0.005476862436286841,0.005465901595319517,0.021921681934647025,1.0960840967323513e-05,3,0.95,0.050000000000000044
2015-04-16,-0.012041272035273705,-0.012041905607371272,0.0012671441951342954,6.335720975671477e-07,3,0.95,0.050000000000000044
2015-04-17,-0.001329543066764794,-0.0013371709064245937,0.015255679319599286,7.627839659799643e-06,3,0.95,0.050000000000000044
2015-04-20,0.018662862152551425,0.01865506828585225,0.015587733398355202,7.793866699177602e-06,3,0.95,0.050000000000000044
2015-04-21,0.0015169955488135733,0.0015128547983968969,0.008281500833352745,4.140750416676373e-06,3,0.95,0.050000000000000044
2015-04-22,0.015690596328274384,0.015684491158989428,0.012210338569911605,6.1051692849558025e-06,3,0.95,0.050000000000000044
2015-04-23,-0.01749168158354706,-0.017729600426254002,0.47583768541388266,0.00023791884270694133,3,0.95,0.050000000000000044
2015-04-24,-0.02507437380017783,-0.02530003269083878,0.45131778132189915,0.0002256588906609496,3,0.9500000000000001,0.04999999999999993
2015-04-27,0.006028942218277634,0.006017643619177731,0.022597198199804436,1.1298599099902218e-05,3,0.95,0.050000000000000044
2015-04-28,-0.009879689705889986,-0.010102555726792604,0.4457320418052382,0.0002228660209026191,3,0.95,0.050000000000000044
2015-04-29,-0.02321770520737885,-0.023231022158904244,0.026633903050791996,1.3316951525395998e-05,3,0.95,0.050000000000000044
2015-04-30,0.032117680157485964,0.032107796849674464,0.01976661562299617,9.883307811498085e-06,3,0.95,0.050000000000000044
2015-05-01,0.001589145125144548,0.0015772908594057062,0.02370853147768401,1.1854265738842005e-05,3,0.95,0.050000000000000044
2015-05-04,0.019699861976928978,0.01968692653791652,0.025870878024915334,1.2935439012457667e-05,3,0.9500000000000001,0.04999999999999993
2015-05-05,0.025577423052966602,0.025568161386425616,0.018523333081974375,9.261666540987187e-06,3,0.95,0.050000000000000044
2015-05-06,0.03750785519232254,0.03749780642655654,0.020097531532001334,1.0048765766000667e-05,3,0.95,0.050000000000000044
2015-05-07,0.04230525064377842,0.042297852460759816,0.014796366037213404,7.398183018606702e-06,3,0.95,0.050000000000000044
2015-05-08,0.014649340712791763,0.014415496486758793,0.4676884520659425,0.00023384422603297126,3,0.95,0.050000000000000044
2015-05-11,0.004517698727087564,0.004516234825624882,0.002927802925364764,1.4639014626823821e-06,3,0.95,0.050000000000000044
2015-05-12,-0.007046814284261477,-0.007047942089851986,0.0022556111810164703,1.1278055905082352e-06,3,0.95,0.050000000000000044
2015-05-13,-0.008370626605937227,-0.008375387789593597,0.00952236731274192,4.76118365637096e-06,3,0.9500000000000001,0.04999999999999993
2015-05-14,-0.010197950458865429,-0.010231737929996538,0.06757494226221683,3.378747113110842e-05,3,0.95,0.050000000000000044
2015-05-15,0.019143740178853196,0.018902390617198703,0.4826991233089813,0.00024134956165449065,3,0.95,0.050000000000000044
2015-05-18,0.03946010796967974,0.03945707551929209,0.006064900775299337,3.0324503876496682e-06,3,0.9500000000000001,0.04999999999999993
2015-05-19,-0.017052093622592236,-0.017064252329167483,0.024317413150494877,1.2158706575247438e-05,3,0.95,0.050000000000000044
2015-05-20,0.006839228279097118,0.006828634096825284,0.021188364543668597,1.05941822718343e-05,3,0.9500000000000001,0.04999999999999993
2015-05-21,0.016862001178174893,0.016596319516082557,0.5313633241846698,0.00026568166209233493,3,0.95,0.050000000000000044
2015-05-22,0.01059920312616824,0.010596281804679598,0.005842642977285317,2.9213214886426586e-06,3,0.9499999999999998,0.050000000000000155
2015-05-26,0.02062684705918283,0.02062247447351791,0.008745171329836904,4.372585664918452e-06,3,0.95,0.050000000000000044
2015-05-27,0.009760221933879133,0.00974068205112719,0.03907976550388789,1.9539882751943948e-05,3,0.95,0.050000000000000044
2015-05-28,0.006786373949397609,0.006552888467750038,0.4669709632951421,0.00023348548164757105,3,0.9500000000000001,0.04999999999999993
2015-05-29,-0.0028127237080403595,-0.0030292382263927883,0.43302903670485776,0.00021651451835242889,3,0.9499999999999998,0.050000000000000155
2015-06-01,-0.0067398924767941275,-0.006741736886618916,0.003688819649577374,1.844409824788687e-06,3,0.95,0.050000000000000044
2015-06-02,1.1840549798870434e-05,-3.0521054219032904e-06,0.029785310441547447,1.4892655220773724e-05,3,0.95,0.050000000000000044
2015-06-03,6.49979664574963e-05,5.133572325455632e-05,0.02732448640587995,1.3662243202939975e-05,3,0.95,0.050000000000000044
2015-06-04,0.01950317205274941,0.01946913120605627,0.06808169338628264,3.4040846693141325e-05,3,0.9500000000000001,0.04999999999999993
2015-06-05,0.0019542345240381696,0.001767167047672723,0.37413495273089326,0.00018706747636544664,3,0.95,0.050000000000000044
2015-06-08,-0.017226876670392986,-0.017429798257626805,0.40584317446763957,0.0002029215872338198,3,0.95,0.050000000000000044
2015-06-09,-0.00870534753572563,-0.008922841856691902,0.4349886419325476,0.0002174943209662738,3,0.95,0.050000000000000044
2015-06-10,0.017846493590044837,0.01784587710810895,0.0012329638717803737,6.164819358901869e-07,3,0.95,0.050000000000000044
2015-06-11,-0.016442694360611538,-0.016448602539068005,0.011816356912935921,5.9081784564679605e-06,3,0.95,0.050000000000000044
2015-06-12,-0.0012376952545514665,-0.0012505937312337334,0.02579695336453372,1.289847668226686e-05,3,0.9499999999999998,0.050000000000000155
2015-06-15,-0.007689514532101403,-0.007695114163472192,0.01119926274157762,5.59963137078881e-06,3,0.95,0.050000000000000044
2015-06-16,0.0023597472673135417,0.0022854701352396753,0.14855426414773268,7.427713207386634e-05,3,0.95,0.050000000000000044
2015-06-17,0.017716324304180547,0.017696511132433868,0.03962634349336108,1.9813171746680542e-05,3,0.9499999999999998,0.050000000000000155
2015-06-18,-0.0014005688408241048,-0.0014302605937538263,0.05938350585944313,2.9691752929721565e-05,3,0.9500000000000002,0.04999999999999982
2015-06-19,0.030308784137758265,0.03030792046570689,0.0017273441027535474,8.636720513767737e-07,3,0.95,0.050000000000000044
2015-06-22,-0.01262158689014348,-0.012624720006132052,0.006266231977143766,3.133115988571883e-06,3,0.95,0.050000000000000044
2015-06-23,-0.014286040324854334,-0.014308803847061471,0.04552704441427316,2.276352220713658e-05,3,0.95,0.050000000000000044
2015-06-24,-0.01299102829328436,-0.013229205393896937,0.4763542012251522,0.0002381771006125761,3,0.9499999999999998,0.050000000000000155
2015-06-25,-0.017746519978953268,-0.017969074461979484,0.4451089660524297,0.00022255448302621486,3,0.9499999999999998,0.050000000000000155
2015-06-26,-0.019466427337855557,-0.019470118830514194,0.007382985317273633,3.6914926586368163e-06,3,0.95,0.050000000000000044
2015-06-29,0.04727916418859652,0.04727109800425016,0.01613236869272211,8.066184346361056e-06,3,0.9499999999999998,0.050000000000000155
2015-06-30,-0.016935890411156916,-0.016945776122369426,0.019771422425018226,9.885711212509114e-06,3,0.9499999999999998,0.050000000000000155
2015-07-01,0.0003408897252742474,0.0003299835572560108,0.021812336036473118,1.090616801823656e-05,3,0.9499999999999997,0.050000000000000266
2015-07-02,0.008035611657342377,0.007816218506262842,0.4387863021590672,0.0002193931510795336,3,0.95,0.050000000000000044
2015-07-06,-0.01026009119361608,-0.010488593299725818,0.4570042122194763,0.00022850210610973816,3,0.9499999999999998,0.050000000000000155
2015-07-07,-0.03540305969064901,-0.035621848774042016,0.4375781667860097,0.00021878908339300484,3,0.9500000000000001,0.04999999999999993
2015-07-08,0.01819306833017094,0.018179479269316935,0.027178121708010844,1.3589060854005422e-05,3,0.95,0.050000000000000044
2015-07-09,0.007698224933225946,0.007469631283557977,0.4571872993359392,0.00022859364966796962,3,0.9499999999999998,0.050000000000000155
2015-07-10,0.023301576721532147,0.02306088565801849,0.48138212702731714,0.00024069106351365857,3,0.9500000000000001,0.04999999999999993
2015-07-13,0.013875412801374467,0.013867266589276414,0.016292424196105715,8.146212098052857e-06,3,0.95,0.050000000000000044
2015-07-14,-0.0070162738070916626,-0.007019384192065928,0.006220769948531879,3.1103849742659398e-06,3,0.95,0.050000000000000044
2015-07-15,0.011965055577787789,0.011727116695710882,0.475877764153812,0.000237938882076906,3,0.95,0.050000000000000044
2015-07-16,-0.008194177984456848,-0.00821661575599213,0.04487554307056521,2.2437771535282604e-05,3,0.95,0.050000000000000044
2015-07-17,-0.011780804498435514,-0.011786570785094918,0.011532573318807277,5.7662866594036385e-06,3,0.95,0.050000000000000044
2015-07-20,-0.01733094260633397,-0.01758676201599781,0.5116388193276751,0.00025581940966383753,3,0.95,0.050000000000000044
2015-07-21,0.01846303940673088,0.018208910053463093,0.508258706535573,0.0002541293532677865,3,0.95,0.050000000000000044
2015-07-22,-0.0158659389030385,-0.015869766692952886,0.007655579828773962,3.827789914386981e-06,3,0.9499999999999997,0.050000000000000266
2015-07-23,-0.02059568904052818,-0.020849718752338535,0.5080594236207105,0.0002540297118103553,3,0.95,0.050000000000000044
2015-07-24,-0.025487540295243978,-0.025493425750327658,0.011770910167359067,5.8854550836795335e-06,3,0.95,0.050000000000000044
2015-07-27,0.029312406259016106,0.029299958252521498,0.024896012989217037,1.2448006494608518e-05,3,0.95,0.050000000000000044
2015-07-28,-0.017918821636427967,-0.018464903261437404,1.0921632500188705,0.0005460816250094353,3,0.95,0.050000000000000044
2015-07-29,-0.023992364009193377,-0.024030211260253797,0.07569450212084183,3.784725106042092e-05,3,0.95,0.050000000000000044
2015-07-30,0.021587041618575498,0.021321947540070576,0.5301881570098415,0.0002650940785049207,3,0.95,0.050000000000000044
2015-07-31,-0.023152381609936535,-0.02316112465598112,0.017486092089166794,8.743046044583396e-06,3,0.9499999999999997,0.050000000000000266
2015-08-03,0.0009743771583365936,0.00096782417644986,0.013105963773467372,6.552981886733686e-06,3,0.95,0.050000000000000044
2015-08-04,0.009587648147238727,0.009584628437821652,0.0060394188341515165,3.0197094170757584e-06,3,0.95,0.050000000000000044
2015-08-05,-0.059821532388463425,-0.05983292155851388,0.022778340100905403,1.1389170050452702e-05,3,0.9499999999999998,0.050000000000000155
2015-08-06,-0.004263383956460297,-0.00429185266986961,0.05693742681862615,2.8468713409313076e-05,3,0.95,0.050000000000000044
2015-08-07,-0.043458974178776366,-0.04349453305239225,0.0711177472317758,3.5558873615887904e-05,3,0.9499999999999998,0.050000000000000155
2015-08-10,-0.011562096351388086,-0.011579118687652741,0.03404467252931137,1.7022336264655685e-05,3,0.95,0.050000000000000044
2015-08-11,-0.0035796678599989045,-0.0035962335676650594,0.033131415332309455,1.656570766615473e-05,3,0.9500000000000001,0.04999999999999993
2015-08-12,-0.012749812864909265,-0.012757780280127409,0.015934830436288794,7.967415218144396e-06,3,0.95,0.050000000000000044
2015-08-13,-0.026515735430328813,-0.026533735598540702,0.03600033642378103,1.8000168211890516e-05,3,0.95,0.050000000000000044
2015-08-14,0.03517141631193572,0.03514989528833715,0.04304204719713439,2.1521023598567195e-05,3,0.95,0.050000000000000044
2015-08-17,-0.011655573003980835,-0.011670188148499372,0.029230289037072477,1.4615144518536239e-05,3,0.95,0.050000000000000044
2015-08-18,-0.013896758783463251,-0.013916437015576157,0.03935646422581207,1.9678232112906038e-05,3,0.9499999999999997,0.050000000000000266
2015-08-19,-0.032666827327842464,-0.03291428358252769,0.4949125093704507,0.0002474562546852254,3,0.95,0.050000000000000044
2015-08-20,0.012049942313346043,0.012035056940803406,0.02977074508527197,1.4885372542635986e-05,3,0.95,0.050000000000000044
2015-08-21,-0.05434934618200484,-0.05436149506917455,0.024297774339420125,1.2148887169710062e-05,3,0.95,0.050000000000000044
2015-08-24,0.021887467849537653,0.021637631623416767,0.49967245224176987,0.00024983622612088495,3,0.95,0.050000000000000044
2015-08-25,0.04438321662840534,0.04437311179591282,0.02020966498503468,1.010483249251734e-05,3,0.95,0.050000000000000044
2015-08-26,0.04178347527006945,0.041773026636309836,0.020897267519232265,1.0448633759616132e-05,3,0.95,0.050000000000000044
2015-08-27,0.01156615421295264,0.01155399128757839,0.02432585074850266,1.216292537425133e-05,3,0.95,0.050000000000000044
2015-08-28,-0.027146117129230766,-0.027161442624160592,0.03065098985965528,1.532549492982764e-05,3,0.9499999999999997,0.050000000000000266
2015-08-31,-0.021838539944959653,-0.022088524177707607,0.49996846549591234,0.0002499842327479562,3,0.95,0.050000000000000044
2015-09-01,0.0355159101498219,0.035224287781145495,0.5832447373528098,0.0002916223686764049,3,0.9500000000000001,0.04999999999999993
2015-09-02,-0.033038541426731835,-0.033058310153540396,0.03953745361711908,1.976872680855954e-05,3,0.9499999999999997,0.050000000000000266
2015-09-03,0.006647999135330273,0.006347155636064036,0.6016869985324736,0.0003008434992662368,3,0.95,0.050000000000000044
2015-09-04,0.04654751986158351,0.04651954680885393,0.055946105459155515,2.797305272957776e-05,3,0.95,0.050000000000000044
2015-09-08,-0.03495398342606495,-0.03495554275155907,0.0031186509882394353,1.5593254941197177e-06,3,0.95,0.050000000000000044
2015-09-09,0.011804917517093253,0.011769471005114137,0.07089302395823405,3.5446511979117026e-05,3,0.95,0.050000000000000044
2015-09-10,0.006890125372226472,0.006859555342345377,0.06114005976219067,3.057002988109533e-05,3,0.95,0.050000000000000044
2015-09-11,-0.0007446453434900571,-0.0007566448701102657,0.023999053240417234,1.1999526620208617e-05,3,0.9500000000000001,0.04999999999999993
2015-09-14,0.03334198788782027,0.033318958786406075,0.0460582028283974,2.30291014141987e-05,3,0.9499999999999997,0.050000000000000266
2015-09-15,-0.006465444233719246,-0.006476039891454977,0.02119131547146197,1.0595657735730985e-05,3,0.9500000000000002,0.04999999999999982
2015-09-16,0.03172361801375718,0.03169985365954476,0.04752870842483331,2.3764354212416656e-05,3,0.95,0.050000000000000044
2015-09-17,0.02165553241279939,0.021630195480689847,0.05067386421908471,2.5336932109542355e-05,3,0.95,0.050000000000000044
2015-09-18,-0.03630046533996155,-0.0363081983689405,0.01546605795791367,7.733028978956835e-06,3,0.95,0.050000000000000044
2015-09-21,-0.02414499791013521,-0.024159173352759872,0.02835088524931828,1.4175442624659141e-05,3,0.95,0.050000000000000044
2015-09-22,-0.015379186235986532,-0.01540769910227697,0.05702573258087551,2.8512866290437755e-05,3,0.9499999999999998,0.050000000000000155
2015-09-23,-0.02504436488151196,-0.02505511686751075,0.021503971997578197,1.0751985998789098e-05,3,0.95,0.050000000000000044
2015-09-24,-0.05119437121248205,-0.051209944665650826,0.031146906337558566,1.5573453168779284e-05,3,0.95,0.050000000000000044
2015-09-25,-0.05790526260599188,-0.05792061620313458,0.030707194285397366,1.5353597142698682e-05,3,0.95,0.050000000000000044
2015-09-28,-0.018787063451013913,-0.01880740364634238,0.04068039065693224,2.034019532846612e-05,3,0.95,0.050000000000000044
2015-09-29,0.010063928190246341,0.010052767855311747,0.022320669869187793,1.1160334934593896e-05,3,0.95,0.050000000000000044
2015-09-30,0.0090244991150265,0.009018741054667089,0.011516120718824796,5.758060359412398e-06,3,0.9499999999999997,0.050000000000000266
2015-10-01,0.029120878465665682,0.029104621383337487,0.032514164656392286,1.6257082328196144e-05,3,0.95,0.050000000000000044
2015-10-02,0.018157732093629315,0.018151702576448835,0.01205903436096073,6.029517180480365e-06,3,0.95,0.050000000000000044
2015-10-05,-0.04612589934715227,-0.04613651473932947,0.021230784354403898,1.0615392177201949e-05,3,0.95,0.050000000000000044
2015-10-06,0.011019213027850305,0.011017764566358475,0.0028969229836602883,1.4484614918301441e-06,3,0.95,0.050000000000000044
2015-10-07,-0.030797637202575504,-0.030808821415906365,0.022368426661724727,1.1184213330862365e-05,3,0.95,0.050000000000000044
2015-10-08,0.007516704382679005,0.007218838767135031,0.5957312310879479,0.00029786561554397394,3,0.95,0.050000000000000044
2015-10-09,-0.019240323585092617,-0.01953650901561979,0.5923708610543453,0.0002961854305271727,3,0.95,0.050000000000000044
2015-10-12,-0.03546219803080697,-0.03546948529333892,0.014574525063892008,7.287262531946004e-06,3,0.9500000000000001,0.04999999999999993
2015-10-13,0.01505757179502084,0.015053712252909832,0.007719084222013228,3.8595421110066145e-06,3,0.9500000000000001,0.04999999999999993
2015-10-14,0.054212749879556404,0.054209036821084314,0.007426116944184991,3.7130584720924954e-06,3,0.95,0.050000000000000044
2015-10-15,0.003059133016455889,0.0030507154024363384,0.01683522803910137,8.417614019550685e-06,3,0.9499999999999998,0.050000000000000155
2015-10-16,0.010105508602001054,0.00979216708435408,0.6266830352939464,0.0003133415176469732,3,0.9500000000000001,0.04999999999999993
2015-10-19,-0.021461974783247025,-0.021492150340397774,0.06035111430150175,3.0175557150750877e-05,3,0.95,0.050000000000000044
2015-10-20,-0.008352921824222643,-0.008366265923671356,0.026688198897425852,1.3344099448712926e-05,3,0.9499999999999998,0.050000000000000155
2015-10-21,-0.014079138716055525,-0.014103861765655456,0.049446099199862675,2.4723049599931337e-05,3,0.95,0.050000000000000044
2015-10-22,0.05448801721723823,0.05446540164719868,0.045231140079093984,2.261557003954699e-05,3,0.95,0.050000000000000044
2015-10-23,0.0038097374706581306,0.0037899512014857115,0.03957253834483804,1.978626917241902e-05,3,0.95,0.050000000000000044
2015-10-26,0.019747968683901794,0.019726884775486352,0.0421678168308815,2.108390841544075e-05,3,0.9499999999999998,0.050000000000000155
2015-10-27,0.03249309451707788,0.032230342520847034,0.5255039924616869,0.00026275199623084346,3,0.9499999999999998,0.050000000000000155
2015-10-28,-0.1151630967586543,-0.11517813954177386,0.03008556623913705,1.5042783119568526e-05,3,0.95,0.050000000000000044
2015-10-29,0.005407351742715595,0.005142040098175882,0.5306232890794269,0.00026531164453971344,3,0.9500000000000001,0.04999999999999993
2015-10-30,0.05473523884562333,0.0543880198302099,0.6944380308268594,0.0003472190154134297,3,0.95,0.050000000000000044
2015-11-02,0.00624563674441812,0.006221572154696611,0.048129179443017756,2.4064589721508878e-05,3,0.9499999999999998,0.050000000000000155
2015-11-03,-0.008793656067471345,-0.008799369638484525,0.011427142026361636,5.713571013180818e-06,3,0.95,0.050000000000000044
2015-11-04,-0.012728614210207712,-0.01276016192866636,0.06309543691729697,3.1547718458648485e-05,3,0.95,0.050000000000000044
2015-11-05,0.0028301159952228948,0.0028039753167621983,0.052281356921392685,2.6140678460696343e-05,3,0.95,0.050000000000000044
2015-11-06,0.010729185300111233,0.010712447093505753,0.03347641321096123,1.6738206605480616e-05,3,0.95,0.050000000000000044
2015-11-09,0.03923031176001985,0.03920562087672846,0.04938176658279103,2.4690883291395517e-05,3,0.9499999999999998,0.050000000000000155
2015-11-10,-0.044028858444612476,-0.04433023549693603,0.6027541046471088,0.00030137705232355437,3,0.95,0.050000000000000044
2015-11-11,-0.0524034139247595,-0.05241470373540019,0.022579621281386242,1.1289810640693121e-05,3,0.95,0.050000000000000044
2015-11-12,-0.004248311088961571,-0.004259462397730297,0.022302617537451608,1.1151308768725805e-05,3,0.95,0.050000000000000044
2015-11-13,0.01657226092039313,0.016562498093856626,0.01952565307301074,9.76282653650537e-06,3,0.9499999999999998,0.050000000000000155
2015-11-16,0.0070096072880956985,0.006993443110160077,0.03232835587124411,1.6164177935622054e-05,3,0.95,0.050000000000000044
2015-11-17,0.0278361534750046,0.02780915777307356,0.05399140386208112,2.6995701931040563e-05,3,0.95,0.050000000000000044
2015-11-18,-0.01383339460593319,-0.013848256171185262,0.029723130504145157,1.4861565252072578e-05,3,0.95,0.050000000000000044
2015-11-19,-0.004415611417511495,-0.004425736011007724,0.02024918699245809,1.0124593496229045e-05,3,0.95,0.050000000000000044
2015-11-20,0.03602409350325142,0.03602070364434582,0.0067797178111925205,3.38985890559626e-06,3,0.95,0.050000000000000044
2015-11-23,0.016112124840781956,0.016093203093817985,0.03784349392794262,1.892174696397131e-05,3,0.9499999999999998,0.050000000000000155
2015-11-24,-0.0014370075776507611,-0.0014522953212195737,0.030575487137624924,1.5287743568812464e-05,3,0.9499999999999998,0.050000000000000155
2015-11-25,0.005770496635138839,0.005508418200318813,0.5241568696400527,0.00026207843482002635,3,0.9499999999999998,0.050000000000000155
2015-11-27,-0.023604179816822085,-0.023621826470107996,0.03529330657182031,1.7646653285910154e-05,3,0.95,0.050000000000000044
2015-11-30,0.019385917539152548,0.019135528664142032,0.5007777500210343,0.00025038887501051716,3,0.95,0.050000000000000044
2015-12-01,-0.011817678975061925,-0.01188992574113866,0.1444935321534693,7.224676607673465e-05,3,0.9499999999999998,0.050000000000000155
2015-12-02,-0.029479465180324866,-0.02950335716606895,0.047783971488170235,2.389198574408512e-05,3,0.9500000000000002,0.04999999999999982
2015-12-03,0.030836735927904663,0.030624542587765157,0.4243866802790154,0.00021219334013950768,3,0.95,0.050000000000000044
2015-12-04,-0.053987900879148426,-0.05399614824535962,0.01649473242239166,8.247366211195831e-06,3,0.9499999999999998,0.050000000000000155
2015-12-07,0.022166498253622345,0.022152607368011785,0.02778177122111722,1.389088561055861e-05,3,0.9499999999999998,0.050000000000000155
2015-12-08,-0.04900469901200268,-0.04903215376494281,0.05490950588026158,2.745475294013079e-05,3,0.9500000000000002,0.04999999999999982
2015-12-09,0.0435142211090531,0.04349182125831442,0.04479970147736104,2.239985073868052e-05,3,0.95,0.050000000000000044
2015-12-10,-0.03234156542220545,-0.03256194807950359,0.44076531459629303,0.00022038265729814653,3,0.9500000000000001,0.04999999999999993
2015-12-11,-0.006490141818293986,-0.006723013511767503,0.46574338694703454,0.00023287169347351727,3,0.95,0.050000000000000044
2015-12-14,0.024822180238526025,0.024810661106545704,0.02303826396063874,1.151913198031937e-05,3,0.95,0.050000000000000044
2015-12-15,0.03662132664665339,0.036617179312028625,0.00829466924953981,4.147334624769905e-06,3,0.95,0.050000000000000044
2015-12-16,-0.02110471886499097,-0.0211156918939993,0.02194605801665961,1.0973029008329804e-05,3,0.9499999999999998,0.050000000000000155
2015-12-17,-0.02030644390154574,-0.02055372975669188,0.4945717102922741,0.00024728585514613704,3,0.9499999999999997,0.050000000000000266
2015-12-18,-0.010559905168186603,-0.010799802861460223,0.47979538654724113,0.00023989769327362057,3,0.95,0.050000000000000044
2015-12-21,-0.007955638850469007,-0.00797011232645102,0.028946951964027884,1.4473475982013942e-05,3,0.9500000000000001,0.04999999999999993
2015-12-22,0.057590889949023075,0.05736692494776196,0.4479300025222286,0.0002239650012611143,3,0.9500000000000001,0.04999999999999993
2015-12-23,-0.016700695813192525,-0.01692394866223669,0.4465056980883302,0.0002232528490441651,3,0.95,0.050000000000000044
2015-12-24,0.01963231973646663,0.019401565874235964,0.4615077244613285,0.00023075386223066425,3,0.9499999999999998,0.050000000000000155
2015-12-28,0.024333401687500276,0.02410901573022634,0.4487719145478745,0.00022438595727393727,3,0.95,0.050000000000000044
2015-12-29,-0.011893280482703845,-0.012121375649486309,0.45619033356492705,0.00022809516678246354,3,0.9500000000000001,0.04999999999999993
2015-12-30,-0.01250195218326405,-0.012539633963942694,0.07536356135729005,3.768178067864503e-05,3,0.95,0.050000000000000044
2015-12-31,-0.016268422407629622,-0.01650898504721228,0.4811252791653122,0.00024056263958265612,3,0.95,0.050000000000000044
2016-01-04,-0.01597903116751171,-0.016237171798541027,0.5162812620586295,0.00025814063102931476,3,0.95,0.050000000000000044
2016-01-05,-0.006401717272678877,-0.006420265675517905,0.037096805678055456,1.854840283902773e-05,3,0.9499999999999998,0.050000000000000155
2016-01-06,-0.04293181510713113,-0.04294218776854561,0.020745322828955026,1.0372661414477514e-05,3,0.95,0.050000000000000044
2016-01-07,-0.024797542210595363,-0.02480434419424246,0.013603967294199493,6.8019836470997465e-06,3,0.95,0.050000000000000044
2016-01-08,-0.027362910472697025,-0.02739297732037095,0.060133695347850846,3.0066847673925424e-05,3,0.95,0.050000000000000044
2016-01-11,-9.624591443078197e-05,-0.00011046491989643755,0.028438010931311153,1.4219005465655576e-05,3,0.9500000000000002,0.04999999999999982
2016-01-12,-0.06549591818428313,-0.06581774956742975,0.6436627662932517,0.0003218313831466259,3,0.9500000000000001,0.04999999999999993
2016-01-13,0.04564168535012058,0.045635110308459646,0.013150083321861517,6.575041660930758e-06,3,0.95,0.050000000000000044
2016-01-14,-0.1797434657537719,-0.17978483121561586,0.08273092368795604,4.136546184397802e-05,3,0.95,0.050000000000000044
2016-01-15,0.02266628023310939,0.02232971531075654,0.6731298447057004,0.0003365649223528502,3,0.95,0.050000000000000044
2016-01-19,0.01522475262802874,0.015207599400233635,0.03430645559020801,1.7153227795104004e-05,3,0.95,0.050000000000000044
2016-01-20,-0.05242512503328927,-0.05273161904448546,0.6129880223923727,0.0003064940111961864,3,0.95,0.050000000000000044
2016-01-21,0.02377348929192164,0.023735984347287704,0.07500988926787483,3.7504944633937416e-05,3,0.95,0.050000000000000044
2016-01-22,-0.02082362261310839,-0.020866709680208068,0.08617413419935732,4.308706709967866e-05,3,0.95,0.050000000000000044
2016-01-25,0.012900404408526262,0.012883862452566596,0.03308391191933152,1.654195595966576e-05,3,0.9499999999999998,0.050000000000000155
2016-01-26,-0.045063900428533706,-0.04537348990980497,0.6191789625425308,0.0003095894812712654,3,0.95,0.050000000000000044
2016-01-27,-0.018577893934632286,-0.018890990966727784,0.6261940641909931,0.00031309703209549654,3,0.9499999999999997,0.050000000000000266
2016-01-28,0.02728594184526615,0.02725479258672129,0.06229851708971945,3.1149258544859725e-05,3,0.95,0.050000000000000044
2016-01-29,0.0071335616523392235,0.0068139241094973095,0.6392750856838274,0.00031963754284191373,3,0.95,0.050000000000000044
2016-02-01,-0.045450542288974084,-0.045750283801826275,0.5994830257043787,0.0002997415128521894,3,0.95,0.050000000000000044
2016-02-02,-0.006945960479133711,-0.006968419474561099,0.04491799085477549,2.2458995427387745e-05,3,0.95,0.050000000000000044
2016-02-03,0.004972475243612282,0.004670786215255284,0.6033780567139957,0.00030168902835699785,3,0.9500000000000001,0.04999999999999993
2016-02-04,-0.055343619359812996,-0.055371922619188184,0.056606518750376256,2.830325937518813e-05,3,0.95,0.050000000000000044
2016-02-05,-0.07211693797913701,-0.07214005432432785,0.04623269038166661,2.3116345190833305e-05,3,0.9500000000000002,0.04999999999999982
2016-02-08,0.013293635050741411,0.013271264856108439,0.044740389265945035,2.2370194632972517e-05,3,0.95,0.050000000000000044
2016-02-09,0.0011903748038910086,0.0011840754687837164,0.012598670214584273,6.299335107292137e-06,3,0.9499999999999998,0.050000000000000155
2016-02-10,0.005743273308529669,0.005424059210353115,0.6384281963531073,0.00031921409817655365,3,0.9499999999999998,0.050000000000000155
2016-02-11,0.014498979302200997,0.014479337280988951,0.03928404242409378,1.964202121204689e-05,3,0.95,0.050000000000000044
2016-02-12,0.020347850592560005,0.020015751976001743,0.6641972331165246,0.0003320986165582623,3,0.95,0.050000000000000044
2016-02-16,0.05254955397603085,0.05224248214718112,0.6141436576994654,0.00030707182884973273,3,0.95,0.050000000000000044
2016-02-17,-0.007018486964605721,-0.007334151159157228,0.6313283891030149,0.00031566419455150745,3,0.9499999999999997,0.050000000000000266
2016-02-18,0.034440393509387754,0.03412940932705889,0.6219683646577212,0.0003109841823288606,3,0.95,0.050000000000000044
2016-02-19,0.02906994768651735,0.029040540904681052,0.058813563672592994,2.94067818362965e-05,3,0.95,0.050000000000000044
2016-02-22,-0.020503978077899363,-0.020505630482210553,0.003304808622378752,1.6524043111893762e-06,3,0.95,0.050000000000000044
2016-02-23,0.03675544957912706,0.036738354823088196,0.0341895120777268,1.70947560388634e-05,3,0.95,0.050000000000000044
2016-02-24,0.016847544363086057,0.016841372150688493,0.012344424795128095,6.172212397564048e-06,3,0.95,0.050000000000000044
2016-02-25,-0.004650865473838878,-0.004922908577864238,0.54408620805072,0.00027204310402536,3,0.95,0.050000000000000044
2016-02-26,0.016798620100207308,0.01678264925812009,0.03194168417443541,1.5970842087217703e-05,3,0.9499999999999998,0.050000000000000155
2016-02-29,0.016710146327504213,0.016448925618443414,0.5224414181216003,0.00026122070906080014,3,0.95,0.050000000000000044
2016-03-01,0.012490828811487279,0.01224184060234518,0.4979764182841992,0.0002489882091420996,3,0.9499999999999998,0.050000000000000155
2016-03-02,-0.008200890075624393,-0.008453193043540667,0.5046059358325472,0.0002523029679162736,3,0.9499999999999997,0.050000000000000266
2016-03-03,-0.005415708989592521,-0.005673292620759983,0.5151672623349258,0.00025758363116746294,3,0.95,0.050000000000000044
2016-03-04,0.004404788906443581,0.00413820303155996,0.5331717497672426,0.0002665858748836213,3,0.95,0.050000000000000044
2016-03-07,-0.005061326436148232,-0.005341066235111847,0.5594795979272298,0.0002797397989636149,3,0.95,0.050000000000000044
2016-03-08,-0.013888587849029538,-0.014256602160513887,0.7360286229686989,0.00036801431148434944,3,0.95,0.050000000000000044
2016-03-09,-0.006832053845270234,-0.0071175450276682066,0.5709823647959447,0.00028549118239797234,3,0.9500000000000001,0.04999999999999993
2016-03-10,0.0028543317581581867,0.0022410725091810174,1.2265184979543384,0.0006132592489771692,3,0.95,0.050000000000000044
2016-03-11,0.014638927388453559,0.014292530037085605,0.692794702735908,0.000346397351367954,3,0.95,0.050000000000000044
2016-03-14,-0.019645570523245205,-0.020281492309878055,1.2718435732657025,0.0006359217866328513,3,0.95,0.050000000000000044
2016-03-15,0.03879252098947179,0.038748801967617624,0.08743804370834118,4.371902185417059e-05,3,0.95,0.050000000000000044
2016-03-16,0.028293748475489145,0.02823530326281326,0.11689042535176658,5.844521267588329e-05,3,0.95,0.050000000000000044
2016-03-17,0.008244160411446915,0.007933655281976907,0.621010258940016,0.00031050512947000805,3,0.95,0.050000000000000044
2016-03-18,0.0024961389258221674,0.0024635012560215884,0.06527533960115794,3.263766980057897e-05,3,0.95,0.050000000000000044
2016-03-21,-0.0011217326614470563,-0.0014431364606047525,0.6428075983153922,0.0003214037991576961,3,0.95,0.050000000000000044
2016-03-22,-0.06538415713303049,-0.06570332575774221,0.638337249423455,0.00031916862471172754,3,0.95,0.050000000000000044
2016-03-23,-0.007506871918166133,-0.007825861419169449,0.6379790020066304,0.0003189895010033152,3,0.9500000000000001,0.04999999999999993
2016-03-24,0.012782470461941437,0.012206115183336027,1.152710557210822,0.0005763552786054111,3,0.95,0.050000000000000044
2016-03-28,0.04115241508524768,0.040862374833097806,0.5800805042997448,0.0002900402521498724,3,0.95,0.050000000000000044
2016-03-29,-0.004311714416491191,-0.0046072861172741335,0.5911434015658845,0.00029557170078294226,3,0.95,0.050000000000000044
2016-03-30,-0.01335948816471777,-0.013624163733630144,0.5293511378247475,0.0002646755689123738,3,0.9499999999999998,0.050000000000000155
2016-03-31,0.017921396717296152,0.01764553998508143,0.5517134644294421,0.0002758567322147211,3,0.95,0.050000000000000044
2016-04-01,-0.05625001520877035,-0.05626333413135503,0.0266378451693543,1.331892258467715e-05,3,0.9500000000000001,0.04999999999999993
2016-04-04,0.0034388538755047255,0.003411561372144434,0.054585006720582974,2.7292503360291486e-05,3,0.95,0.050000000000000044
2016-04-05,0.009821037095561732,0.00953973327124068,0.5626076486421014,0.0002813038243210507,3,0.9500000000000001,0.04999999999999993
2016-04-06,0.010552862324070263,0.010292123470266389,0.5214777076077481,0.00026073885380387406,3,0.95,0.050000000000000044
2016-04-07,0.0033202387706488595,0.003062564590553895,0.5153483601899291,0.00025767418009496455,3,0.95,0.050000000000000044
2016-04-08,0.03721932218446451,0.03719871690051657,0.04121056789588273,2.0605283947941366e-05,3,0.95,0.050000000000000044
2016-04-11,0.00308690014319393,0.0030483972619761803,0.07700576243549889,3.8502881217749445e-05,3,0.95,0.050000000000000044
2016-04-12,-0.0057149151657266434,-0.0057593583665822064,0.08888640171112627,4.444320085556314e-05,3,0.9500000000000002,0.04999999999999982
2016-04-13,-0.00043725763566525126,-0.0004598074855013927,0.04509969967228278,2.254984983614139e-05,3,0.9500000000000001,0.04999999999999993
2016-04-14,0.003253862890603587,0.003243715695891901,0.020294389423372194,1.0147194711686097e-05,3,0.95,0.050000000000000044
2016-04-15,0.007096202040633425,0.007074213800423903,0.043976480419043396,2.1988240209521697e-05,3,0.95,0.050000000000000044
2016-04-18,0.022370188704760992,0.021755494732222724,1.229387945076538,0.000614693972538269,3,0.9500000000000001,0.04999999999999993
2016-04-19,-0.028567751747443082,-0.028581960949034323,0.028418403182482455,1.4209201591241227e-05,3,0.95,0.050000000000000044
2016-04-20,0.0011524008052357822,0.0008621567458986304,0.5804881186743034,0.0002902440593371517,3,0.9500000000000001,0.04999999999999993
2016-04-21,-0.017446135498764642,-0.017465202600524567,0.03813420351985142,1.906710175992571e-05,3,0.9500000000000001,0.04999999999999993
2016-04-22,-0.0037759536527966556,-0.0041007881577445155,0.6496690098957196,0.0003248345049478598,3,0.9500000000000001,0.04999999999999993
2016-04-25,-0.009271280257081965,-0.009565260425949353,0.5879603377347749,0.0002939801688673874,3,0.95,0.050000000000000044
2016-04-26,0.01211834809933766,0.012081383196485936,0.07392980570344737,3.696490285172369e-05,3,0.9499999999999998,0.050000000000000155
2016-04-27,0.0019626516948273373,0.0019472039301654588,0.030895529323757054,1.5447764661878527e-05,3,0.9500000000000002,0.04999999999999982
2016-04-28,-0.0173632287170081,-0.017397053259731905,0.06764908544761161,3.3824542723805804e-05,3,0.95,0.050000000000000044
2016-04-29,0.026060548455807415,0.026049265356214154,0.022566199186520086,1.1283099593260043e-05,3,0.9500000000000001,0.04999999999999993
2016-05-02,-0.019253283729450742,-0.019277003437909578,0.047439416917672506,2.3719708458836255e-05,3,0.95,0.050000000000000044
2016-05-03,-0.011440444462482675,-0.011462634129147059,0.044379333328768866,2.2189666664384433e-05,3,0.9500000000000001,0.04999999999999993
2016-05-04,0.029438883830197007,0.02940505219098367,0.06766327842666997,3.383163921333499e-05,3,0.95,0.050000000000000044
2016-05-05,-0.004596319360312177,-0.004608555548259731,0.02447237589510831,1.2236187947554156e-05,3,0.9500000000000001,0.04999999999999993
2016-05-06,-0.06656886337326892,-0.06686326966288397,0.588812579230113,0.0002944062896150565,3,0.9499999999999998,0.050000000000000155
2016-05-09,0.061352682929207564,0.06134019251440832,0.024980829598482024,1.2490414799241012e-05,3,0.95,0.050000000000000044
2016-05-10,0.022031652483577285,0.021767998510063065,0.5273079470284421,0.00026365397351422104,3,0.95,0.050000000000000044
2016-05-11,-0.02485439425522134,-0.024862448293027566,0.016108075612453032,8.054037806226516e-06,3,0.9499999999999998,0.050000000000000155
2016-05-12,0.012379945370474581,0.012363942420000494,0.03200590094817474,1.600295047408737e-05,3,0.95,0.050000000000000044
2016-05-13,0.018183618639652146,0.0181768082800428,0.013620719218691402,6.810359609345701e-06,3,0.95,0.050000000000000044
2016-05-16,0.012487126406380824,0.012467838435042733,0.03857594267618103,1.9287971338090514e-05,3,0.9499999999999997,0.050000000000000266
2016-05-17,-0.07694874991471733,-0.0769634241561697,0.029348482904755113,1.4674241452377557e-05,3,0.95,0.050000000000000044
2016-05-18,-0.003506233227303257,-0.0037998004347334544,0.5871344148603946,0.0002935672074301973,3,0.95,0.050000000000000044
2016-05-19,0.004699687616375121,0.004432355416616632,0.5346643995169797,0.00026733219975848987,3,0.95,0.050000000000000044
2016-05-20,-0.011272487312491399,-0.011286278185024095,0.02758174506539446,1.379087253269723e-05,3,0.95,0.050000000000000044
2016-05-23,-0.07567703563255565,-0.07570694240015097,0.059813535190644085,2.9906767595322043e-05,3,0.95,0.050000000000000044
2016-05-24,0.03039946054194113,0.030383140591156748,0.03263990156876462,1.631995078438231e-05,3,0.95,0.050000000000000044
2016-05-25,0.0026001109030239326,0.0025681990972369366,0.06382361157399258,3.191180578699629e-05,3,0.95,0.050000000000000044
2016-05-26,-0.04480845065961914,-0.04481666985397855,0.016438388718825858,8.21919435941293e-06,3,0.95,0.050000000000000044
2016-05-27,0.0092536175376385,0.00923170014726255,0.043834780751899116,2.1917390375949557e-05,3,0.9500000000000001,0.04999999999999993
2016-05-31,0.004265841197183885,0.00424646276960997,0.03875685514783073,1.9378427573915364e-05,3,0.95,0.050000000000000044
2016-06-01,0.008549431961885281,0.00853198013478732,0.03490365419592356,1.745182709796178e-05,3,0.9500000000000001,0.04999999999999993
2016-06-02,0.11117958201508396,0.11115986052673366,0.03944297670059621,1.9721488350298107e-05,3,0.9499999999999998,0.050000000000000155
2016-06-03,-0.0015798603622722254,-0.0015888975168805277,0.018074309216604356,9.037154608302177e-06,3,0.95,0.050000000000000044
2016-06-06,-0.01979935357773054,-0.01980880341648334,0.018899677505603618,9.449838752801809e-06,3,0.95,0.050000000000000044
2016-06-07,0.054038212194858964,0.0540360163983106,0.0043915930967357575,2.1957965483678787e-06,3,0.9500000000000001,0.04999999999999993
2016-06-08,0.02331411984773264,0.023288441494641696,0.051356706181883705,2.5678353090941854e-05,3,0.9499999999999997,0.050000000000000266
2016-06-09,-0.029399550873582415,-0.029418444167054112,0.03778658694339476,1.8893293471697383e-05,3,0.9500000000000001,0.04999999999999993
2016-06-10,-0.008980024729667706,-0.00900740633815318,0.05476321697094794,2.738160848547397e-05,3,0.9499999999999997,0.050000000000000266
2016-06-13,-0.017781305587256758,-0.01780818974951455,0.05376832451558511,2.6884162257792555e-05,3,0.95,0.050000000000000044
2016-06-14,0.04135357646281326,0.041330694555915024,0.04576381379648253,2.2881906898241268e-05,3,0.95,0.050000000000000044
2016-06-15,-0.038699649647474826,-0.038712324309997076,0.025349325044503435,1.2674662522251718e-05,3,0.95,0.050000000000000044
2016-06-16,-0.003261196452499909,-0.0033003137107091396,0.07823451641846046,3.9117258209230234e-05,3,0.95,0.050000000000000044
2016-06-17,0.007267760776804128,0.007257296931194957,0.02092769121834187,1.0463845609170935e-05,3,0.95,0.050000000000000044
2016-06-20,-0.028466807710677743,-0.028479330372994507,0.025045324633527544,1.2522662316763772e-05,3,0.9499999999999998,0.050000000000000155
2016-06-21,0.023796567101137006,0.023791138855946848,0.010856490380318162,5.428245190159081e-06,3,0.95,0.050000000000000044
2016-06-22,-0.002202900083374033,-0.002451187328325177,0.4965744899022874,0.0002482872449511437,3,0.95,0.050000000000000044
2016-06-23,0.020403642773641664,0.020140419102666663,0.5264473419500056,0.0002632236709750028,3,0.95,0.050000000000000044
2016-06-24,-0.012314969529048848,-0.0125682646937097,0.5065903293217024,0.0002532951646608512,3,0.95,0.050000000000000044
2016-06-27,-0.010390221380788343,-0.010401246836485327,0.022050911393966144,1.1025455696983071e-05,3,0.95,0.050000000000000044
2016-06-28,0.03425566262616199,0.03424575694585949,0.019811360605001216,9.905680302500608e-06,3,0.95,0.050000000000000044
2016-06-29,0.008903226705826658,0.0086316245448457,0.5432043219619138,0.00027160216098095694,3,0.95,0.050000000000000044
2016-06-30,0.07805758726698121,0.07778598510600025,0.5432043219619138,0.00027160216098095694,3,0.95,0.050000000000000044
2016-07-01,0.021728640706976977,0.021720465354128762,0.016350705696428047,8.175352848214025e-06,3,0.95,0.050000000000000044
2016-07-05,0.03342454000265884,0.03340750810719484,0.03406379092800299,1.7031895464001496e-05,3,0.95,0.050000000000000044
2016-07-06,-0.03859324856418706,-0.03860571587753823,0.024934626702329155,1.2467313351164578e-05,3,0.9499999999999998,0.050000000000000155
2016-07-07,0.05558984738318422,0.05558405806740732,0.011578631553794128,5.789315776897064e-06,3,0.95,0.050000000000000044
2016-07-08,0.017241751854015674,0.01722778548342513,0.027932741181088627,1.3966370590544314e-05,3,0.95,0.050000000000000044
2016-07-11,-0.047114108748679995,-0.04712526606579795,0.022314634235904462,1.1157317117952232e-05,3,0.9499999999999998,0.050000000000000155
2016-07-12,0.05745814488666395,0.057441601280978465,0.03308721137097559,1.6543605685487795e-05,3,0.95,0.050000000000000044
2016-07-13,0.014413846576501915,0.014384508106082784,0.05867694083826275,2.9338470419131376e-05,3,0.9500000000000002,0.04999999999999982
2016-07-14,-0.00707369739666251,-0.007078072226977486,0.008749660629951972,4.374830314975986e-06,3,0.9499999999999998,0.050000000000000155
2016-07-15,0.014741522412049669,0.014720231358457365,0.04258210718460653,2.1291053592303267e-05,3,0.95,0.050000000000000044
2016-07-18,-0.016248173419950187,-0.0162580382447176,0.019729649534826588,9.864824767413293e-06,3,0.9500000000000002,0.04999999999999982
2016-07-19,-0.08147670753571853,-0.08148240447682364,0.01139388221020926,5.6969411051046306e-06,3,0.9500000000000001,0.04999999999999993
2016-07-20,0.04915462084735536,0.04913638683043821,0.03646803383430802,1.8234016917154013e-05,3,0.95,0.050000000000000044
2016-07-21,-0.013101460320372332,-0.013369326360970709,0.5357320811967554,0.0002678660405983777,3,0.95,0.050000000000000044
2016-07-22,-0.03854517086352918,-0.03855152546748717,0.012709207915973797,6.354603957986898e-06,3,0.95,0.050000000000000044
2016-07-25,0.03845765268780186,0.038189300271043884,0.5367048335159541,0.00026835241675797705,3,0.95,0.050000000000000044
2016-07-26,0.057223201542741436,0.05695419026896363,0.5380225475556073,0.00026901127377780364,3,0.95,0.050000000000000044
2016-07-27,0.014701119056473403,0.014440896179242983,0.520445754460839,0.0002602228772304195,3,0.95,0.050000000000000044
2016-07-28,0.0391498567325012,0.03889346930127157,0.5127748624592597,0.00025638743122962987,3,0.9500000000000001,0.04999999999999993
2016-07-29,0.019411259062442184,0.019169811009304445,0.4828961062754784,0.0002414480531377392,3,0.9499999999999998,0.050000000000000155
2016-08-01,0.005595766085668757,0.005361560805921418,0.46841055949467914,0.00023420527974733958,3,0.9499999999999997,0.050000000000000266
2016-08-02,-9.915202715748235e-05,-0.00032297881913083025,0.44765358394669574,0.00022382679197334787,3,0.95,0.050000000000000044
2016-08-03,0.008250483738602422,0.008241428588332668,0.018110300539508156,9.055150269754079e-06,3,0.9499999999999998,0.050000000000000155
2016-08-04,-0.02330505598616461,-0.023546249212177215,0.48238645202521235,0.00024119322601260618,3,0.9499999999999998,0.050000000000000155
2016-08-05,0.0124529854895575,0.01222990497559592,0.4461610279231615,0.00022308051396158075,3,0.95,0.050000000000000044
2016-08-08,0.01675644785556647,0.01653761133379826,0.43767304353641484,0.00021883652176820742,3,0.9500000000000001,0.04999999999999993
2016-08-09,-0.01087969462534373,-0.011098652325213851,0.4379153997402421,0.00021895769987012104,3,0.95,0.050000000000000044
2016-08-10,0.006029832526713439,0.005789089978340183,0.4814850967465124,0.0002407425483732562,3,0.9499999999999998,0.050000000000000155
2016-08-11,-0.012858342450503922,-0.012888881546731118,0.061078192454391556,3.053909622719578e-05,3,0.95,0.050000000000000044
2016-08-12,-0.007615808554030835,-0.007629820056881117,0.02802300570056282,1.401150285028141e-05,3,0.95,0.050000000000000044
2016-08-15,-0.013433303932675163,-0.013435881346379384,0.005154827408439255,2.577413704219628e-06,3,0.95,0.050000000000000044
2016-08-16,-0.02713399934623178,-0.0271467834589557,0.025568225447843262,1.2784112723921631e-05,3,0.95,0.050000000000000044
2016-08-17,-0.003359607004676718,-0.003637832603905865,0.5564511984582947,0.00027822559922914737,3,0.95,0.050000000000000044
2016-08-18,-0.020648734905286487,-0.020985176929041113,0.6728840475092555,0.0003364420237546277,3,0.9499999999999997,0.050000000000000266
2016-08-19,-0.03739346942052848,-0.03772991144428311,0.6728840475092553,0.00033644202375462766,3,0.9499999999999997,0.050000000000000266
2016-08-22,-0.015389830156058552,-0.015690169569332404,0.6006788265477021,0.00030033941327385107,3,0.95,0.050000000000000044
2016-08-23,-0.0597851320639071,-0.05980260384691105,0.03494356600789966,1.747178300394983e-05,3,0.9500000000000002,0.04999999999999982
2016-08-24,0.02121059269079357,0.02089941253828883,0.6223603050094806,0.0003111801525047403,3,0.95,0.050000000000000044
2016-08-25,0.020044308059418037,0.01974657247891816,0.5954711609997556,0.0002977355804998778,3,0.95,0.050000000000000044
2016-08-26,0.015049741237297925,0.015043468902296535,0.012544670002778813,6.272335001389407e-06,3,0.95,0.050000000000000044
2016-08-29,-0.02943000779091181,-0.029441819324869535,0.023623067915452045,1.1811533957726022e-05,3,0.9500000000000001,0.04999999999999993
2016-08-30,-0.005897206039919493,-0.005907834903372736,0.021257726906485197,1.0628863453242598e-05,3,0.95,0.050000000000000044
2016-08-31,0.00522033463556352,0.005208168290658977,0.02433268980908626,1.2166344904543131e-05,3,0.95,0.050000000000000044
2016-09-01,0.03867771801925822,0.03867561934125154,0.004197356013355413,2.098678006677707e-06,3,0.95,0.050000000000000044
2016-09-02,0.058785441561234705,0.058771372502392547,0.02813811768432306,1.4069058842161531e-05,3,0.95,0.050000000000000044
2016-09-06,0.002041671848355553,0.0020368758026478024,0.009592091415500714,4.796045707750357e-06,3,0.95,0.050000000000000044
2016-09-07,0.006805462090081749,0.00679264608595565,0.025632008252198635,1.2816004126099318e-05,3,0.9500000000000002,0.04999999999999982
2016-09-08,-0.07863091700340336,-0.07864955057720956,0.03726714761239175,1.8633573806195876e-05,3,0.95,0.050000000000000044
2016-09-09,-0.003846313008392512,-0.0038542662664248235,0.01590651606462329,7.953258032311645e-06,3,0.95,0.050000000000000044
2016-09-12,-0.06114780736689988,-0.061156058455749965,0.01650217770017065,8.251088850085326e-06,3,0.95,0.050000000000000044
2016-09-13,0.0009405291401731662,0.0009318246963180778,0.017408887710176957,8.704443855088478e-06,3,0.9500000000000002,0.04999999999999982
2016-09-14,0.01411214688928782,0.014097925866336588,0.02844204590246141,1.4221022951230705e-05,3,0.95,0.050000000000000044
2016-09-15,-0.0224195373745118,-0.022421835922186273,0.0045970953489472555,2.298547674473628e-06,3,0.95,0.050000000000000044
2016-09-16,-2.166366838594891e-05,-3.056536905858193e-05,0.017803401345266034,8.901700672633017e-06,3,0.95,0.050000000000000044
2016-09-19,0.0067064271422935355,0.006684077789941972,0.04469870470312609,2.2349352351563046e-05,3,0.95,0.050000000000000044
2016-09-20,0.04174125123083916,0.04172876139995496,0.02497966176839289,1.2489830884196446e-05,3,0.9499999999999998,0.050000000000000155
2016-09-21,-0.028910395519456473,-0.028922268684841285,0.02374633076962246,1.187316538481123e-05,3,0.95,0.050000000000000044
2016-09-22,-0.007993759184797979,-0.008286279902909836,0.5850414362237146,0.0002925207181118573,3,0.95,0.050000000000000044
2016-09-23,-0.021827445454264356,-0.022168979335846852,0.6830677631649908,0.0003415338815824954,3,0.95,0.050000000000000044
2016-09-26,0.004863936388878509,0.004854086141803854,0.01970049414931163,9.850247074655817e-06,3,0.95,0.050000000000000044
2016-09-27,0.02347332275703548,0.023153251312919055,0.6401428882328487,0.00032007144411642436,3,0.9499999999999998,0.050000000000000155
2016-09-28,-0.016588238475938304,-0.016596350788507158,0.01622462513770795,8.112312568853974e-06,3,0.95,0.050000000000000044
2016-09-29,0.006880963723895421,0.006555658524884704,0.6506103980214339,0.000325305199010717,3,0.95,0.050000000000000044
2016-09-30,0.002867087965830508,0.0025844089924386923,0.5653579467836317,0.00028267897339181585,3,0.9500000000000001,0.04999999999999993
2016-10-03,0.0011282049515034323,0.0008771704277186993,0.502069047569466,0.000251034523784733,3,0.95,0.050000000000000044
2016-10-04,-0.017331404581480626,-0.017411110339113016,0.15941151526478364,7.970575763239182e-05,3,0.95,0.050000000000000044
2016-10-05,0.013511152312592624,0.013233242734228401,0.5558191567284461,0.00027790957836422306,3,0.9500000000000001,0.04999999999999993
2016-10-06,0.021645134999991864,0.021635485447304155,0.019299105375420567,9.649552687710284e-06,3,0.9500000000000001,0.04999999999999993
2016-10-07,0.02836005107495621,0.028353888821441492,0.012324507029430998,6.162253514715499e-06,3,0.95,0.050000000000000044
2016-10-10,-0.0070595393970274666,-0.007116411425682737,0.11374405731054071,5.6872028655270357e-05,3,0.95,0.050000000000000044
2016-10-11,0.003461438986519372,0.003447246634731089,0.028384703576565806,1.4192351788282904e-05,3,0.9500000000000001,0.04999999999999993
2016-10-12,0.017154013214696846,0.017129193049211084,0.04964033097152304,2.482016548576152e-05,3,0.9500000000000002,0.04999999999999982
2016-10-13,-0.011926645475775906,-0.011948644105858084,0.04399726016435479,2.1998630082177397e-05,3,0.9499999999999998,0.050000000000000155
2016-10-14,0.001747025686540878,0.0014852386468045082,0.5235740794727399,0.00026178703973637,3,0.9500000000000001,0.04999999999999993
2016-10-17,0.045293656542874206,0.04502735551682431,0.5326020520997885,0.00026630102604989427,3,0.95,0.050000000000000044
2016-10-18,0.0451799295248981,0.045158357475096306,0.04314409960358401,2.1572049801792003e-05,3,0.95,0.050000000000000044
2016-10-19,0.01103296515099045,0.010998535724995253,0.06885885199039321,3.442942599519661e-05,3,0.95,0.050000000000000044
2016-10-20,0.016299396368226915,0.016277189287524425,0.044414161404977004,2.22070807024885e-05,3,0.95,0.050000000000000044
2016-10-21,0.0076425482313802785,0.007575967700092819,0.1331610625749185,6.658053128745925e-05,3,0.9500000000000002,0.04999999999999982
2016-10-24,-0.007298292959481522,-0.007555054137966372,0.5135223569697003,0.00025676117848485015,3,0.9500000000000001,0.04999999999999993
2016-10-25,-0.016587575204030397,-0.016597672109289443,0.02019381051809238,1.009690525904619e-05,3,0.95,0.050000000000000044
2016-10-26,-0.031068234432872512,-0.03134184143433277,0.5472140029205281,0.0002736070014602641,3,0.95,0.050000000000000044
2016-10-27,0.008669120920809036,0.008411147228981754,0.5159473836545627,0.0002579736918272814,3,0.95,0.050000000000000044
2016-10-28,0.014517947329392433,0.01431998211394975,0.3959304308853673,0.00019796521544268364,3,0.95,0.050000000000000044
2016-10-31,-0.0168787992913782,-0.016884922749078646,0.01224691540089426,6.123457700447129e-06,3,0.9499999999999998,0.050000000000000155
2016-11-01,-0.06873808433460236,-0.06874013134417599,0.004094019147252909,2.0470095736264545e-06,3,0.95,0.050000000000000044
2016-11-02,-0.05731218159501077,-0.057328573529566246,0.03278386911096279,1.6391934555481396e-05,3,0.95,0.050000000000000044
2016-11-03,0.06690891460218776,0.06688361039726994,0.05060840983564338,2.530420491782169e-05,3,0.95,0.050000000000000044
2016-11-04,-0.024119775141078853,-0.02413103006731309,0.022509852468476282,1.1254926234238141e-05,3,0.9499999999999998,0.050000000000000155
2016-11-07,-0.01358551226040168,-0.013613266291658429,0.055508062513498824,2.7754031256749412e-05,3,0.95,0.050000000000000044
2016-11-08,0.004834893386183189,0.004816337199950044,0.037112372466290205,1.8556186233145102e-05,3,0.95,0.050000000000000044
2016-11-09,-0.05612499804677609,-0.05613297373069996,0.015951367847738068,7.975683923869035e-06,3,0.95,0.050000000000000044
2016-11-10,-0.014883758960277759,-0.015141924919573247,0.5163319185909743,0.00025816595929548715,3,0.95,0.050000000000000044
2016-11-11,-0.012981840215265482,-0.013261995702694032,0.5603109748570982,0.0002801554874285491,3,0.9499999999999998,0.050000000000000155
2016-11-14,0.029301081456331958,0.02905492750959472,0.49230789347447856,0.00024615394673723926,3,0.95,0.050000000000000044
2016-11-15,0.0008731001111539996,0.000860351556635638,0.025497109036723115,1.2748554518361557e-05,3,0.9499999999999998,0.050000000000000155
2016-11-16,0.004961728631928519,0.004915214196279263,0.09302887129851234,4.651443564925617e-05,3,0.9499999999999997,0.050000000000000266
2016-11-17,-0.0019354004393025408,-0.001968947314326777,0.06709375004847201,3.3546875024236005e-05,3,0.95,0.050000000000000044
2016-11-18,0.060703109205361504,0.06068095260708691,0.04431319654918947,2.2156598274594737e-05,3,0.95,0.050000000000000044
2016-11-21,0.10278926476618064,0.10241129208163612,0.7559453690890352,0.0003779726845445176,3,0.95,0.050000000000000044
2016-11-22,-0.013926449948896004,-0.014012286251012748,0.1716726042334867,8.583630211674336e-05,3,0.95,0.050000000000000044
2016-11-23,0.015522773549413948,0.015154925972114344,0.7356951545992114,0.0003678475772996057,3,0.95,0.050000000000000044
2016-11-25,0.009386951176633445,0.009038980727899982,0.6959408974669261,0.00034797044873346306,3,0.95,0.050000000000000044
2016-11-28,-0.0103778349397943,-0.01039988387855465,0.044097877520698714,2.2048938760349356e-05,3,0.95,0.050000000000000044
2016-11-29,0.005558151945599991,0.005546674617156308,0.02295465688736681,1.1477328443683404e-05,3,0.9500000000000002,0.04999999999999982
2016-11-30,-0.028252062296186917,-0.028266319706065406,0.028514819756979226,1.4257409878489613e-05,3,0.95,0.050000000000000044
2016-12-01,-0.0008352651424777344,-0.0008715820748658835,0.07263386477629818,3.631693238814909e-05,3,0.95,0.050000000000000044
2016-12-02,0.012821596296737278,0.012540252986614622,0.5626866202453138,0.0002813433101226569,3,0.9499999999999998,0.050000000000000155
2016-12-05,-0.005506439808758577,-0.005523791870950181,0.03470412438320805,1.7352062191604025e-05,3,0.95,0.050000000000000044
2016-12-06,0.043874593970477584,0.04361883625314288,0.5115154346694049,0.00025575771733470245,3,0.95,0.050000000000000044
2016-12-07,-0.026498477325942627,-0.026746230189984056,0.4955057280828609,0.0002477528640414305,3,0.9500000000000001,0.04999999999999993
2016-12-08,-0.060496898979656696,-0.06072899476460976,0.46419156990612387,0.00023209578495306195,3,0.9499999999999998,0.050000000000000155
2016-12-09,0.003240805398727504,0.003125451112889618,0.23070857167577255,0.00011535428583788627,3,0.95,0.050000000000000044
2016-12-12,-0.06178001884187018,-0.06183040356646893,0.1007694491975126,5.03847245987563e-05,3,0.9500000000000001,0.04999999999999993
2016-12-13,-0.044268509016682354,-0.044333195351955464,0.1293726705462189,6.468633527310946e-05,3,0.9499999999999997,0.050000000000000266
2016-12-14,0.03237044594017114,0.032093078731322985,0.554734417696305,0.0002773672088481525,3,0.9499999999999997,0.050000000000000266
2016-12-15,-0.020295146547978326,-0.020541375621028073,0.49245814609949584,0.00024622907304974794,3,0.95,0.050000000000000044
2016-12-16,-0.017310077158991966,-0.017327743600133436,0.035332882282941014,1.7666441141470507e-05,3,0.95,0.050000000000000044
2016-12-19,-0.008736133524112014,-0.008809624061874454,0.14698107552487943,7.349053776243972e-05,3,0.95,0.050000000000000044
2016-12-20,0.003525153318312416,0.0034999411032387634,0.05042443014730519,2.5212215073652595e-05,3,0.95,0.050000000000000044
2016-12-21,-0.027376878744888807,-0.027402098398132423,0.050439306487233215,2.521965324361661e-05,3,0.9499999999999998,0.050000000000000155
2016-12-22,0.0009835857173864449,0.0007027745160779332,0.5616224026170235,0.00028081120130851175,3,0.95,0.050000000000000044
2016-12-23,0.010664522160148666,0.010650039692101732,0.028964936093869187,1.4482468046934593e-05,3,0.95,0.050000000000000044
2016-12-27,0.008676983941601244,0.008657069418055338,0.03982904709181034,1.9914523545905172e-05,3,0.95,0.050000000000000044
2016-12-28,-0.018512705991349576,-0.01852819286852595,0.030973754352751015,1.548687717637551e-05,3,0.9499999999999997,0.050000000000000266
2016-12-29,-0.01644167524823319,-0.01646579900233245,0.048247508198521694,2.412375409926085e-05,3,0.95,0.050000000000000044
2016-12-30,0.007754443179347968,0.007736844366217701,0.035197626260533965,1.7598813130266983e-05,3,0.9500000000000001,0.04999999999999993
2017-01-03,0.019249285635288528,0.01923560173680327,0.027367796970517222,1.3683898485258612e-05,3,0.95,0.050000000000000044
2017-01-04,0.01821173680921739,0.018204521020513956,0.014431577406867346,7.215788703433673e-06,3,0.95,0.050000000000000044
2017-01-05,-0.025218408690510345,-0.025237215979997403,0.0376145789741168,1.88072894870584e-05,3,0.95,0.050000000000000044
2017-01-06,0.000617776241755171,0.0006099089508985228,0.01573458171329628,7.867290856648141e-06,3,0.9500000000000001,0.04999999999999993
2017-01-09,0.05746430478396949,0.057447612815441716,0.03338393705554543,1.6691968527772715e-05,3,0.95,0.050000000000000044
2017-01-10,0.035338806840249426,0.03505993303946908,0.557747601560681,0.00027887380078034054,3,0.95,0.050000000000000044
2017-01-11,0.011468521469796987,0.011448849130725657,0.03934467814266068,1.9672339071330343e-05,3,0.95,0.050000000000000044
2017-01-12,0.006915732432242161,0.00688818626195546,0.05509234057340212,2.754617028670106e-05,3,0.95,0.050000000000000044
2017-01-13,-0.013928001097367564,-0.01395511437612643,0.054226557517730534,2.7113278758865267e-05,3,0.9500000000000001,0.04999999999999993
2017-01-17,0.009155558414475285,0.0091408169264189,0.02948297611277273,1.4741488056386365e-05,3,0.9500000000000001,0.04999999999999993
2017-01-18,-0.019755717883100477,-0.019781180331928595,0.0509248976562357,2.546244882811785e-05,3,0.9500000000000001,0.04999999999999993
2017-01-19,-0.007076768753001273,-0.007731300758287569,1.3090640105725915,0.0006545320052862958,3,0.95,0.050000000000000044
2017-01-20,0.00843598264818482,0.008097456161300651,0.6770529737683367,0.00033852648688416836,3,0.95,0.050000000000000044
2017-01-23,0.05891004320124364,0.05827057765835503,1.2789310857772243,0.0006394655428886122,3,0.9499999999999998,0.050000000000000155
2017-01-24,-0.013517037020036976,-0.013841456897760087,0.6488397554462212,0.0003244198777231106,3,0.95,0.050000000000000044
2017-01-25,-0.007530204754588022,-0.007852387623796114,0.6443657384161863,0.00032218286920809316,3,0.95,0.050000000000000044
2017-01-26,0.006049602929800793,0.006038635561271719,0.021934737058148357,1.0967368529074179e-05,3,0.95,0.050000000000000044
2017-01-27,-0.020394571509248637,-0.020714986122057563,0.6408292256178505,0.0003204146128089253,3,0.95,0.050000000000000044
2017-01-30,-0.00019450352532682192,-0.0005072387826354503,0.6254705146172568,0.0003127352573086284,3,0.9499999999999997,0.050000000000000266
2017-01-31,0.06343269937394745,0.06311996411663882,0.6254705146172568,0.0003127352573086284,3,0.9500000000000002,0.04999999999999982
2017-02-01,-0.0009847730876608887,-0.001300501522432532,0.6314568695432864,0.0003157284347716432,3,0.95,0.050000000000000044
2017-02-02,-0.009427244794780045,-0.009742973229551689,0.6314568695432863,0.00031572843477164315,3,0.95,0.050000000000000044
2017-02-03,0.03593794635364206,0.035912759149538016,0.05037440820807976,2.518720410403988e-05,3,0.95,0.050000000000000044
2017-02-06,-0.01754261943019278,-0.017550100406370873,0.014961952356189967,7.4809761780949835e-06,3,0.95,0.050000000000000044
2017-02-07,0.010864038763496842,0.01056818367159883,0.5917101837960237,0.00029585509189801186,3,0.95,0.050000000000000044
2017-02-08,-0.006709204232619011,-0.007009529413663889,0.600650362089757,0.00030032518104487847,3,0.9500000000000002,0.04999999999999982
2017-02-09,0.022856881263965928,0.022826685521656134,0.06039148461959043,3.0195742309795217e-05,3,0.9499999999999998,0.050000000000000155
2017-02-10,0.01751925087746222,0.017161155913331064,0.7161899282623114,0.0003580949641311557,3,0.9500000000000001,0.04999999999999993
2017-02-13,-0.02825980456701733,-0.02863930571070729,0.7590022873799198,0.0003795011436899599,3,0.9499999999999998,0.050000000000000155
2017-02-14,0.0038345085871952875,0.00382073148933721,0.027554195716155,1.37770978580775e-05,3,0.95,0.050000000000000044
2017-02-15,-0.028791843400613498,-0.028803087761029536,0.022488720832074316,1.1244360416037158e-05,3,0.95,0.050000000000000044
2017-02-16,0.0024884880897754254,0.0022648495700630447,0.44727703942476144,0.00022363851971238073,3,0.95,0.050000000000000044
2017-02-17,-0.005619163274454622,-0.005845444372628382,0.45256219634751926,0.00022628109817375965,3,0.9499999999999997,0.050000000000000266
2017-02-21,0.011746840078761422,0.01174514253613745,0.0033950852479448512,1.6975426239724256e-06,3,0.9499999999999998,0.050000000000000155
2017-02-22,-0.003189189117399613,-0.0034137726729494,0.44916711109957436,0.00022458355554978718,3,0.9499999999999998,0.050000000000000155
2017-02-23,-0.03249363463756112,-0.03249384671071799,0.00042414631373863254,2.1207315686931627e-07,3,0.9499999999999998,0.050000000000000155
2017-02-24,-0.005142477023662903,-0.0053643097721149694,0.4436654969041338,0.0002218327484520669,3,0.95,0.050000000000000044
2017-02-27,-0.026167175342026387,-0.02616721940878796,8.81335231447955e-05,4.4066761572397754e-08,3,0.9499999999999998,0.050000000000000155
2017-02-28,0.04162783667695532,0.041617163487345246,0.021346379220153283,1.0673189610076642e-05,3,0.95,0.050000000000000044
2017-03-01,-0.04327764249038059,-0.043283839931204014,0.012394881646855066,6.197440823427533e-06,3,0.95,0.050000000000000044
2017-03-02,-0.0009570611020616529,-0.000966925964783095,0.019729725442884205,9.864862721442102e-06,3,0.9500000000000001,0.04999999999999993
2017-03-03,-0.005280703621901256,-0.005409178742603325,0.25695024140413886,0.00012847512070206943,3,0.95,0.050000000000000044
2017-03-06,-0.026706303329695792,-0.02674758798939841,0.0825693194052381,4.128465970261905e-05,3,0.95,0.050000000000000044
2017-03-07,-0.011070741125095582,-0.011092489777791672,0.043497305392180274,2.1748652696090137e-05,3,0.95,0.050000000000000044
2017-03-08,0.0061811549474282655,0.006117452176546191,0.12740554176415012,6.370277088207506e-05,3,0.9500000000000001,0.04999999999999993
2017-03-09,0.009390616112769982,0.009343563021630915,0.09410618227813208,4.7053091139066046e-05,3,0.9500000000000002,0.04999999999999982
2017-03-10,0.010156703773656576,0.01014142026288312,0.030567021546912987,1.5283510773456495e-05,3,0.95,0.050000000000000044
2017-03-13,-0.0093475659932251,-0.009383533387906859,0.07193478936351719,3.596739468175859e-05,3,0.9499999999999998,0.050000000000000155
2017-03-14,0.035466663194958885,0.035429412689963594,0.07450100999057566,3.7250504995287826e-05,3,0.95,0.050000000000000044
2017-03-15,-0.02542961683012889,-0.025430391387106524,0.0015491139552687994,7.745569776343997e-07,3,0.95,0.050000000000000044
2017-03-16,-0.004542303473067976,-0.004559517353752858,0.034427761369761944,1.721388068488097e-05,3,0.95,0.050000000000000044
2017-03-17,-0.010641119807784608,-0.01064577551516044,0.009311414751664387,4.655707375832194e-06,3,0.95,0.050000000000000044
2017-03-20,-0.027074215629964753,-0.027082133554977468,0.0158358500254297,7.91792501271485e-06,3,0.95,0.050000000000000044
2017-03-21,0.020320351723587815,0.02031674895866776,0.0072055298401143275,3.602764920057164e-06,3,0.9499999999999998,0.050000000000000155
2017-03-22,0.014181323816600113,0.014162771287811238,0.037105057577751815,1.8552528788875908e-05,3,0.95,0.050000000000000044
2017-03-23,0.017193349254142676,0.017186730384049033,0.013237740187285352,6.618870093642676e-06,3,0.95,0.050000000000000044
2017-03-24,-0.004004765883510179,-0.004007604428970112,0.005677090919867012,2.838545459933506e-06,3,0.9500000000000001,0.04999999999999993
2017-03-27,-0.00954406360591738,-0.009555681256964148,0.023235302093535165,1.1617651046767582e-05,3,0.95,0.050000000000000044
2017-03-28,-0.001112799417506016,-0.0011186774825685966,0.011756130125161302,5.878065062580651e-06,3,0.95,0.050000000000000044
2017-03-29,0.0071005823293396695,0.007099058315580576,0.0030480275181868632,1.5240137590934317e-06,3,0.9500000000000001,0.04999999999999993
2017-03-30,0.022189446260320444,0.022186442272041904,0.006007976557082989,3.0039882785414946e-06,3,0.95,0.050000000000000044
2017-03-31,-0.004877231656509162,-0.004888472925869684,0.02248253872104411,1.1241269360522054e-05,3,0.95,0.050000000000000044
2017-04-03,0.022733419160576668,0.02272274053569049,0.021357249772357007,1.0678624886178504e-05,3,0.9499999999999998,0.050000000000000155
2017-04-04,0.0037781491232532845,0.0037735765385683126,0.009145169369943557,4.572584684971778e-06,3,0.9499999999999998,0.050000000000000155
2017-04-05,-0.00966997320208144,-0.009676862432440652,0.013778460718424396,6.889230359212198e-06,3,0.9500000000000001,0.04999999999999993
2017-04-06,0.003190174071458997,0.003182412970816963,0.015522201284067755,7.761100642033877e-06,3,0.95,0.050000000000000044
2017-04-07,-0.001480005585745067,-0.0017058696467958296,0.45172812210152535,0.0002258640610507627,3,0.95,0.050000000000000044
2017-04-10,0.007552102587434287,0.0073261023074622554,0.45200055994406246,0.00022600027997203123,3,0.9499999999999998,0.050000000000000155
2017-04-11,-0.012273646239431774,-0.012285148169325345,0.023003859787139896,1.1501929893569949e-05,3,0.95,0.050000000000000044
2017-04-12,0.029698477492918457,0.02920990884731076,0.9771372912153928,0.0004885686456076964,3,0.9500000000000001,0.04999999999999993
2017-04-13,0.00581994557267367,0.005805657171530528,0.02857680228628301,1.4288401143141505e-05,3,0.95,0.050000000000000044
2017-04-17,-0.002020659749631887,-0.0020303434850536517,0.01936747084352941,9.683735421764705e-06,3,0.95,0.050000000000000044
2017-04-18,-0.00021802187615941465,-0.00023429247397395905,0.032541195629088804,1.6270597814544404e-05,3,0.95,0.050000000000000044
2017-04-19,0.015343350926655655,0.015027377487582785,0.6319468781457399,0.00031597343907286996,3,0.95,0.050000000000000044
2017-04-20,0.000462975529536315,0.0004481996670608355,0.02955172495095898,1.477586247547949e-05,3,0.9500000000000001,0.04999999999999993
2017-04-21,0.030963375119644882,0.030932580840391948,0.06158855850586442,3.079427925293221e-05,3,0.95,0.050000000000000044
2017-04-24,0.009082954114186437,0.008732546610497565,0.7008150073777434,0.0003504075036888717,3,0.9499999999999997,0.050000000000000266
2017-04-25,-0.018217715633737662,-0.018264804001055665,0.09417673463600884,4.708836731800442e-05,3,0.95,0.050000000000000044
2017-04-26,0.009877263569968295,0.009842375127333615,0.06977688526936171,3.488844263468086e-05,3,0.95,0.050000000000000044
2017-04-27,-3.730752329638527e-05,-5.72458369127176e-05,0.03987662723266466,1.993831361633233e-05,3,0.95,0.050000000000000044
2017-04-28,0.02231853907798051,0.022062630815008928,0.51181652594316,0.00025590826297158,3,0.95,0.050000000000000044
2017-05-01,-0.0850218162568518,-0.0850368926278424,0.030152741981205683,1.5076370990602841e-05,3,0.95,0.050000000000000044
2017-05-02,-0.013559863079302558,-0.013571759784342838,0.023793410080561017,1.1896705040280509e-05,3,0.95,0.050000000000000044
2017-05-03,-0.011252158428284722,-0.0112630512773422,0.021785698114955343,1.0892849057477671e-05,3,0.95,0.050000000000000044
2017-05-04,0.06732071850639813,0.06729517746757975,0.05108207763676109,2.5541038818380546e-05,3,0.9500000000000001,0.04999999999999993
2017-05-05,0.002296181380350047,0.002260109126660916,0.07214450737826222,3.607225368913111e-05,3,0.95,0.050000000000000044
2017-05-08,0.03727428956607623,0.03725046613437285,0.04764686340676261,2.3823431703381304e-05,3,0.9500000000000001,0.04999999999999993
2017-05-09,0.037404149361607006,0.03738526058951651,0.03777754418099899,1.8888772090499495e-05,3,0.9500000000000002,0.04999999999999982
2017-05-10,-0.015307785024669812,-0.015618503221532352,0.6214363937250792,0.0003107181968625396,3,0.95,0.050000000000000044
2017-05-11,0.005872199914731334,0.005826259036472041,0.09188175651858643,4.5940878259293217e-05,3,0.95,0.050000000000000044
2017-05-12,-0.018880827463360995,-0.01919086989323332,0.6200848597446514,0.00031004242987232573,3,0.95,0.050000000000000044
2017-05-15,-0.001536745648374044,-0.0018651650046443058,0.6568387125405233,0.00032841935627026165,3,0.95,0.050000000000000044
2017-05-16,-0.03396393459115301,-0.033994091222976565,0.06031326364711631,3.0156631823558158e-05,3,0.9499999999999998,0.050000000000000155
2017-05-17,-0.11408454869519115,-0.11438885209710417,0.608606803826041,0.0003043034019130205,3,0.9500000000000001,0.04999999999999993
2017-05-18,0.024280512748428795,0.023967807668880684,0.6254101590962244,0.0003127050795481122,3,0.95,0.050000000000000044
2017-05-19,0.05251188876471043,0.052496540934276074,0.030695660868708396,1.5347830434354197e-05,3,0.95,0.050000000000000044
2017-05-22,-0.007630818666229044,-0.007931400601272771,0.6011638700874524,0.0003005819350437262,3,0.95,0.050000000000000044
2017-05-23,0.02863911540432615,0.028622583200219872,0.03306440821255219,1.6532204106276094e-05,3,0.9500000000000001,0.04999999999999993
2017-05-24,0.0024954623827832373,0.0024707132097411136,0.049498346084247136,2.4749173042123568e-05,3,0.95,0.050000000000000044
2017-05-25,0.03849960689263705,0.03822043837798883,0.5583370292964502,0.0002791685146482251,3,0.9500000000000001,0.04999999999999993
2017-05-26,-0.007733673548971703,-0.008070237241175223,0.6731273844070387,0.00033656369220351934,3,0.95,0.050000000000000044
2017-05-30,0.028435094904446144,0.02840900658354132,0.05217664180965109,2.6088320904825548e-05,3,0.9500000000000001,0.04999999999999993
2017-05-31,0.010552755415265158,0.01053372658691881,0.03805765669269362,1.902882834634681e-05,3,0.95,0.050000000000000044
2017-06-01,0.01516442199624135,0.015136396274841146,0.05605144280041008,2.802572140020504e-05,3,0.95,0.050000000000000044
2017-06-02,-0.02490746497800517,-0.024922185052084708,0.029440148159076085,1.4720074079538043e-05,3,0.95,0.050000000000000044
2017-06-05,0.016456027409927788,0.01644058088832215,0.03089304321126951,1.5446521605634757e-05,3,0.95,0.050000000000000044
2017-06-06,-0.00910113174183915,-0.009136212075231931,0.0701606667855652,3.50803333927826e-05,3,0.95,0.050000000000000044
2017-06-07,-0.00420626996113662,-0.00421168591560979,0.010831908946339619,5.41595447316981e-06,3,0.95,0.050000000000000044
2017-06-08,-0.06328261867273516,-0.06331764800556493,0.07005866565953017,3.5029332829765084e-05,3,0.95,0.050000000000000044
2017-06-09,-0.009149065434180419,-0.00919694080598376,0.09575074360668212,4.787537180334106e-05,3,0.95,0.050000000000000044
2017-06-12,0.00012508434111245612,0.00011521705382920492,0.019734574566502405,9.867287283251203e-06,3,0.95,0.050000000000000044
2017-06-13,-0.023668806523415957,-0.02368533043050886,0.03304781418580044,1.652390709290022e-05,3,0.95,0.050000000000000044
2017-06-14,0.0038032628685709022,0.00373625882670939,0.13400808372302475,6.700404186151238e-05,3,0.95,0.050000000000000044
2017-06-15,0.004544301591927898,0.004531629503744432,0.025344176366931065,1.2672088183465533e-05,3,0.9499999999999998,0.050000000000000155
2017-06-16,0.01566532760128516,0.015447010587122324,0.43663402832567333,0.00021831701416283667,3,0.95,0.050000000000000044
2017-06-19,-0.02863206727156781,-0.0289385405123645,0.6129464815933825,0.00030647324079669127,3,0.95,0.050000000000000044
2017-06-20,0.01939805719732165,0.01917253883371418,0.4510367272149389,0.00022551836360746946,3,0.9499999999999998,0.050000000000000155
2017-06-21,-0.0012543238800520027,-0.0017519016355367586,0.9951555109695116,0.0004975777554847558,3,0.95,0.050000000000000044
2017-06-22,0.030269559337873536,0.030253517745215862,0.032083185315345625,1.6041592657672813e-05,3,0.95,0.050000000000000044
2017-06-23,-0.0373952519367114,-0.03746192818181776,0.13335249021272133,6.667624510636066e-05,3,0.9500000000000001,0.04999999999999993
2017-06-26,-0.02955715346662229,-0.029804390589315752,0.49447424538692525,0.0002472371226934626,3,0.95,0.050000000000000044
2017-06-27,0.03769856743904544,0.03747995267087969,0.4372295363315054,0.00021861476816575272,3,0.95,0.050000000000000044
2017-06-28,-0.018178232358737688,-0.018389910573319127,0.42335642916287797,0.000211678214581439,3,0.95,0.050000000000000044
2017-06-29,0.01623117976849417,0.01599581641427723,0.4707267084338814,0.0002353633542169407,3,0.9500000000000002,0.04999999999999982
2017-06-30,-0.004873372733035331,-0.004885061107548951,0.02337674902723902,1.1688374513619509e-05,3,0.95,0.050000000000000044
2017-07-03,0.008264001305720388,0.008249349692308974,0.029303226822830042,1.4651613411415022e-05,3,0.95,0.050000000000000044
2017-07-05,-0.014034903346249565,-0.014038484735188513,0.007162777877896764,3.581388938948382e-06,3,0.9500000000000001,0.04999999999999993
2017-07-06,0.05765745968350211,0.05742967107650201,0.455577214000205,0.0002277886070001025,3,0.95,0.050000000000000044
2017-07-07,0.007781663775232082,0.007778789801603571,0.0057479472570216295,2.8739736285108146e-06,3,0.95,0.050000000000000044
2017-07-10,0.016407311045019985,0.016405845798056002,0.0029304939279655995,1.4652469639827998e-06,3,0.9499999999999998,0.050000000000000155
2017-07-11,0.04241637065281597,0.04237433230242035,0.08407670079123772,4.203835039561886e-05,3,0.95,0.050000000000000044
2017-07-12,0.0388601191106698,0.038855838465055914,0.00856129122777341,4.280645613886705e-06,3,0.9499999999999998,0.050000000000000155
2017-07-13,0.03693279942992304,0.03673896655118229,0.3876657574814855,0.00019383287874074275,3,0.9499999999999998,0.050000000000000155
2017-07-14,0.0011914424489676144,0.001163482505333757,0.05591988726771474,2.795994363385737e-05,3,0.9499999999999998,0.050000000000000155
2017-07-17,0.03852065159220105,0.03830254881018622,0.4362055640296498,0.00021810278201482488,3,0.9500000000000001,0.04999999999999993
2017-07-18,0.00419284373753325,0.004184370480517626,0.01694651403124703,8.473257015623514e-06,3,0.95,0.050000000000000044
2017-07-19,-0.023655908583775778,-0.023660834133919156,0.009851100286755038,4.925550143377519e-06,3,0.9499999999999997,0.050000000000000266
2017-07-20,0.008048208694502144,0.00803938896565242,0.01763945769944744,8.819728849723721e-06,3,0.95,0.050000000000000044
2017-07-21,0.03793445400395313,0.03770653682729268,0.45583435332090694,0.00022791717666045347,3,0.9500000000000001,0.04999999999999993
2017-07-24,-0.014291379581974791,-0.014294998742511706,0.007238321073829906,3.619160536914953e-06,3,0.9499999999999998,0.050000000000000155
2017-07-25,0.018202105722940683,0.017974786304364897,0.4546388371515726,0.0002273194185757863,3,0.95,0.050000000000000044
2017-07-26,-0.02066396122098104,-0.020681827436793,0.03573243162392231,1.7866215811961155e-05,3,0.95,0.050000000000000044
2017-07-27,0.007656059912862805,0.00764302339506131,0.026073035602990985,1.3036517801495493e-05,3,0.9500000000000001,0.04999999999999993
2017-07-28,0.0033058532679614877,0.0030850765174978236,0.44155350092732815,0.0002207767504636641,3,0.95,0.050000000000000044
2017-07-31,-0.00514167466009928,-0.0051570523352391165,0.030755350279674437,1.537767513983722e-05,3,0.9500000000000001,0.04999999999999993
2017-08-01,-0.04329115773450626,-0.04330947617398457,0.036636878956617186,1.8318439478308593e-05,3,0.9499999999999998,0.050000000000000155
2017-08-02,0.012315697232666536,0.012303758984713668,0.023876495905737205,1.1938247952868603e-05,3,0.95,0.050000000000000044
2017-08-03,-0.1470822235936071,-0.1471020665955913,0.039686003968417954,1.9843001984208977e-05,3,0.95,0.050000000000000044
2017-08-04,0.05185367775940656,0.05160552760147615,0.49630031586081547,0.0002481501579304077,3,0.9499999999999998,0.050000000000000155
2017-08-07,0.014534589288184074,0.014285076501477458,0.4990255734132337,0.00024951278670661686,3,0.9499999999999997,0.050000000000000266
2017-08-08,-0.02045169712819784,-0.020709973761661067,0.5165532669264579,0.0002582766334632289,3,0.95,0.050000000000000044
2017-08-09,-0.06577271066558348,-0.06578876149067525,0.03210165018356123,1.6050825091780615e-05,3,0.95,0.050000000000000044
2017-08-10,0.02170873906427592,0.021684266866972744,0.04894439460634692,2.447219730317346e-05,3,0.9499999999999998,0.050000000000000155
2017-08-11,0.035040773301028776,0.035009027753089166,0.06349109587921514,3.1745547939607575e-05,3,0.95,0.050000000000000044
2017-08-14,0.0013474955925545456,0.001328685389517693,0.03762040607370501,1.8810203036852506e-05,3,0.95,0.050000000000000044
2017-08-15,-0.024979269000957836,-0.025195309752432737,0.4320815029497993,0.00021604075147489967,3,0.9500000000000001,0.04999999999999993
2017-08-16,-0.009090914145308252,-0.009305724457579679,0.42962062454285277,0.0002148103122714264,3,0.95,0.050000000000000044
2017-08-17,0.010205397446898943,0.010185866740028374,0.03906141374113778,1.953070687056889e-05,3,0.95,0.050000000000000044
2017-08-18,-0.020109654490794895,-0.020116184763486113,0.013060545382435812,6.530272691217906e-06,3,0.9500000000000001,0.04999999999999993
2017-08-21,0.015972920827965743,0.015737361323874415,0.47111900818265606,0.00023555950409132805,3,0.95,0.050000000000000044
2017-08-22,0.02998886901452411,0.029988027309069687,0.0016834109088410265,8.417054544205132e-07,3,0.95,0.050000000000000044
2017-08-23,0.021248192289397918,0.02124403839200605,0.008307794783735806,4.153897391867903e-06,3,0.95,0.050000000000000044
2017-08-24,-0.009977541239656924,-0.009980802054646605,0.006521629979364452,3.260814989682226e-06,3,0.95,0.050000000000000044
2017-08-25,0.02858149189589623,0.028568671699120515,0.025640393551426,1.2820196775713e-05,3,0.95,0.050000000000000044
2017-08-28,0.004341956293141753,0.004322541558154419,0.038829469974670044,1.9414734987335022e-05,3,0.95,0.050000000000000044
2017-08-29,-0.0020532989057004073,-0.0020631358625313565,0.019673913661898274,9.836956830949137e-06,3,0.9499999999999998,0.050000000000000155
2017-08-30,-0.00017951689352787995,-0.00019441584216405754,0.029797897272355156,1.4898948636177578e-05,3,0.95,0.050000000000000044
2017-08-31,-0.0059808512582563665,-0.0059913631341734185,0.021023751834104015,1.0511875917052008e-05,3,0.95,0.050000000000000044
2017-09-01,-0.04273293250990202,-0.04274344438581907,0.021023751834103988,1.0511875917051994e-05,3,0.95,0.050000000000000044
2017-09-05,0.005978883482014408,0.005834692732360636,0.28838149930754464,0.0001441907496537723,3,0.9499999999999997,0.050000000000000266
2017-09-06,-0.01632946960554109,-0.0166336953443233,0.6084514775644237,0.0003042257387822119,3,0.95,0.050000000000000044
2017-09-07,0.012592820570079953,0.011997513531976992,1.1906140762059216,0.0005953070381029608,3,0.95,0.050000000000000044
2017-09-08,0.004762087565761063,0.004739334963647617,0.04550520422689197,2.2752602113445987e-05,3,0.95,0.050000000000000044
2017-09-11,0.004147378994601882,0.004134245505276128,0.026266978651507344,1.3133489325753673e-05,3,0.9499999999999998,0.050000000000000155
2017-09-12,0.019183593610950622,0.01887064600128641,0.6258952193284227,0.00031294760966421137,3,0.95,0.050000000000000044
2017-09-13,-0.024255465608099526,-0.024562511214486816,0.6140912127745778,0.0003070456063872889,3,0.95,0.050000000000000044
2017-09-14,-0.005780349391023924,-0.00580899947364443,0.05730016524101145,2.8650082620505725e-05,3,0.95,0.050000000000000044
2017-09-15,0.003624976147791977,0.0032987088143808813,0.6525346668221912,0.0003262673334110956,3,0.95,0.050000000000000044
2017-09-18,0.03160614582884181,0.03128250389440404,0.6472838688755423,0.0003236419344377712,3,0.9499999999999998,0.050000000000000155
2017-09-19,-0.014993995031433695,-0.015001724417967143,0.015458773066894804,7.729386533447402e-06,3,0.95,0.050000000000000044
2017-09-20,-0.016739327596878198,-0.017058857074461538,0.6390589551666808,0.00031952947758334037,3,0.95,0.050000000000000044
2017-09-21,-0.011979252920484873,-0.011990516043679058,0.02252624638837042,1.126312319418521e-05,3,0.9499999999999998,0.050000000000000155
2017-09-22,0.005885435780922602,0.00558889981108054,0.5930719396841247,0.0002965359698420624,3,0.9500000000000001,0.04999999999999993
2017-09-25,-0.005581439772629319,-0.005606837501743919,0.050795458229200785,2.539772911460039e-05,3,0.95,0.050000000000000044
2017-09-26,0.009584812620730085,0.009557298557932522,0.05502812559512821,2.7514062797564103e-05,3,0.95,0.050000000000000044
2017-09-27,0.014929084828987848,0.01489305165198958,0.07206635399653763,3.603317699826882e-05,3,0.9499999999999998,0.050000000000000155
2017-09-28,0.00524825636186429,0.005241471198211125,0.013570327306330565,6.785163653165282e-06,3,0.95,0.050000000000000044
2017-09-29,-0.012956040726604327,-0.01323443526121309,0.556789069217526,0.000278394534608763,3,0.9499999999999998,0.050000000000000155
2017-10-02,-0.020171967461923766,-0.020432416109851147,0.5208972958547633,0.00026044864792738165,3,0.95,0.050000000000000044
2017-10-03,0.01693442817826119,0.01692059405832139,0.027668239879598044,1.3834119939799022e-05,3,0.9499999999999998,0.050000000000000155
2017-10-04,-0.03647268428336961,-0.03672816805865328,0.5109675505673408,0.0002554837752836704,3,0.95,0.050000000000000044
2017-10-05,-0.024116533004921305,-0.02417083772601923,0.10860944219585464,5.430472109792732e-05,3,0.9500000000000001,0.04999999999999993
2017-10-06,0.027549129831210193,0.02752161300984553,0.055033642729325094,2.751682136466255e-05,3,0.95,0.050000000000000044
2017-10-09,-0.006581729639081193,-0.006589392119561469,0.015324960960551859,7.66248048027593e-06,3,0.95,0.050000000000000044
2017-10-10,-0.016092430107842403,-0.016113125922710872,0.0413916297369393,2.069581486846965e-05,3,0.9500000000000002,0.04999999999999982
2017-10-11,-0.008648793656035651,-0.008670155501276663,0.04272369048202351,2.1361845241011755e-05,3,0.95,0.050000000000000044
2017-10-12,-0.0020201451554702834,-0.002241542521013825,0.44279473108708267,0.00022139736554354134,3,0.95,0.050000000000000044
2017-10-13,-0.003344095315441331,-0.0035716900454537378,0.45518946002481353,0.00022759473001240677,3,0.95,0.050000000000000044
2017-10-16,-0.004135903028028991,-0.00415851361138669,0.04522116671539825,2.2610583357699124e-05,3,0.95,0.050000000000000044
2017-10-17,-0.02243616168880344,-0.022679818740716104,0.4873141038253272,0.0002436570519126636,3,0.9499999999999998,0.050000000000000155
2017-10-18,0.006796075818002011,0.006787528722398546,0.017094191206931175,8.547095603465587e-06,3,0.95,0.050000000000000044
2017-10-19,-0.0010765871447056378,-0.0013087055321053071,0.4642367747993387,0.00023211838739966938,3,0.9500000000000001,0.04999999999999993
2017-10-20,-0.01121928623963873,-0.011226117041358738,0.013661603440019043,6.830801720009522e-06,3,0.9500000000000001,0.04999999999999993
2017-10-23,0.009437443078300757,0.009421592758972332,0.031700638656847385,1.585031932842369e-05,3,0.95,0.050000000000000044
2017-10-24,0.015501361773897188,0.015453205985942648,0.09631157590907752,4.815578795453876e-05,3,0.95,0.050000000000000044
2017-10-25,-0.012819572665907872,-0.012825897827097607,0.012650322379469003,6.325161189734502e-06,3,0.9500000000000001,0.04999999999999993
2017-10-26,0.04045830061889694,0.04021364966795731,0.4893019018792611,0.00024465095093963054,3,0.95,0.050000000000000044
2017-10-27,-0.013686155764300028,-0.01392939626647158,0.4864810043431039,0.00024324050217155194,3,0.95,0.050000000000000044
2017-10-30,-0.0041255950577506716,-0.004359308024324331,0.4674259331473186,0.00023371296657365931,3,0.95,0.050000000000000044
2017-10-31,-0.016547478961621797,-0.016795887886394176,0.4968178495447607,0.00024840892477238035,3,0.9500000000000001,0.04999999999999993
2017-11-01,0.02933652465777381,0.029084798790683646,0.5034517341803316,0.00025172586709016584,3,0.95,0.050000000000000044
2017-11-02,0.02064921639127163,0.020370280618811538,0.5578715449201835,0.0002789357724600918,3,0.95,0.050000000000000044
2017-11-03,-0.03365821782674178,-0.03395073985089688,0.5850440483101984,0.00029252202415509923,3,0.95,0.050000000000000044
2017-11-06,-0.004306936537586865,-0.0043213046215487836,0.028736167923838374,1.4368083961919188e-05,3,0.9499999999999998,0.050000000000000155
2017-11-07,-0.047803500832855964,-0.048381541792262686,1.1560819188134426,0.0005780409594067213,3,0.95,0.050000000000000044
2017-11-08,0.02475227527715421,0.02444491224875675,0.6147260567949213,0.00030736302839746066,3,0.95,0.050000000000000044
2017-11-09,0.07695316045808176,0.07694401549607022,0.01828992402307189,9.144962011535946e-06,3,0.95,0.050000000000000044
2017-11-10,-0.04981360251930752,-0.04982150931336011,0.01581358810518485,7.906794052592425e-06,3,0.9500000000000001,0.04999999999999993
2017-11-13,-0.028531497246661687,-0.028550222266334073,0.03745003934477065,1.8725019672385324e-05,3,0.9499999999999998,0.050000000000000155
2017-11-14,0.0007792211006322301,0.00045706580925241046,0.6443105827596391,0.0003221552913798196,3,0.95,0.050000000000000044
2017-11-15,0.14584591130904484,0.14555593587159774,0.5799508748941953,0.00028997543744709763,3,0.95,0.050000000000000044
2017-11-16,-0.020038905747197383,-0.020063661356334493,0.04951121827422095,2.4755609137110475e-05,3,0.95,0.050000000000000044
2017-11-17,0.050151236952980134,0.049850897272606116,0.6006793607480312,0.0003003396803740156,3,0.9499999999999997,0.050000000000000266
2017-11-20,-0.00818704410140403,-0.008217522377561966,0.060956552315871104,3.047827615793555e-05,3,0.9499999999999998,0.050000000000000155
2017-11-21,0.024231983177832393,0.024188891584928287,0.08618318580821294,4.309159290410647e-05,3,0.95,0.050000000000000044
2017-11-22,-0.006300091448295109,-0.006315810516558561,0.03143813652690358,1.5719068263451793e-05,3,0.95,0.050000000000000044
2017-11-24,-0.010299630212932646,-0.010307187657363331,0.01511488886136897,7.557444430684485e-06,3,0.9499999999999998,0.050000000000000155
2017-11-27,0.02016846948047531,0.02014720818491306,0.04252259112449924,2.126129556224962e-05,3,0.9500000000000001,0.04999999999999993
2017-11-28,-0.012193016057822567,-0.01222337538570741,0.06071865576968738,3.035932788484369e-05,3,0.95,0.050000000000000044
2017-11-29,0.04000057278453513,0.039990716142773476,0.01971328352331303,9.856641761656516e-06,3,0.9499999999999997,0.050000000000000266
2017-11-30,-0.011760833055866605,-0.011789981344885014,0.058296578036820645,2.9148289018410322e-05,3,0.95,0.050000000000000044
2017-12-01,-0.05234473793371221,-0.052363657432829086,0.037838998233761356,1.891949911688068e-05,3,0.95,0.050000000000000044
2017-12-04,-0.01889434184242541,-0.01920991585361494,0.6311480223790595,0.00031557401118952977,3,0.95,0.050000000000000044
2017-12-05,0.24804771702368983,0.24772668240213155,0.6420692431165578,0.0003210346215582789,3,0.9499999999999998,0.050000000000000155
2017-12-06,-0.004893707376803614,-0.004923922463957097,0.06043017430696662,3.021508715348331e-05,3,0.95,0.050000000000000044
2017-12-07,-0.00956537161778397,-0.00960209574018969,0.07344824481144285,3.6724122405721426e-05,3,0.9500000000000001,0.04999999999999993
2017-12-08,-0.014113285272055541,-0.014124036824018589,0.02150310392609528,1.075155196304764e-05,3,0.95,0.050000000000000044
2017-12-11,-0.016855128696914554,-0.016867445877769945,0.024634361710782315,1.2317180855391158e-05,3,0.9500000000000002,0.04999999999999982
2017-12-12,0.03819350010001112,0.03791117280178384,0.5646545964545584,0.0002823272982272792,3,0.95,0.050000000000000044
2017-12-13,0.00411546206002961,0.004087231549173052,0.05646102171311712,2.8230510856558562e-05,3,0.95,0.050000000000000044
2017-12-14,0.014097420143202073,0.01404617615221584,0.10248798197246839,5.12439909862342e-05,3,0.95,0.050000000000000044
2017-12-15,-0.002268672732301651,-0.0025892888342419545,0.6412322038806073,0.00032061610194030366,3,0.95,0.050000000000000044
2017-12-18,-0.010624413034909935,-0.010698350615708832,0.1478751615977918,7.39375807988959e-05,3,0.95,0.050000000000000044
2017-12-19,0.010577720423860782,0.010531828611491444,0.09178362473867413,4.589181236933707e-05,3,0.95,0.050000000000000044
2017-12-20,-0.003738372300330309,-0.0037470351669588804,0.017325733257142983,8.662866628571492e-06,3,0.95,0.050000000000000044
2017-12-21,0.023186545315068415,0.023158322667600362,0.056445294936102786,2.8222647468051394e-05,3,0.95,0.050000000000000044
2017-12-22,0.01073290264091815,0.010727666590674081,0.010472100488134795,5.236050244067398e-06,3,0.95,0.050000000000000044
2017-12-26,0.004753418732720497,0.004732916269663405,0.04100492611418505,2.0502463057092526e-05,3,0.95,0.050000000000000044
2017-12-27,0.023427651461455527,0.023421148524987036,0.013005872936984686,6.502936468492343e-06,3,0.95,0.050000000000000044
2017-12-28,-0.02424808821884259,-0.024531787062122144,0.5673976865591054,0.0002836988432795527,3,0.95,0.050000000000000044
2017-12-29,-0.008042312398043878,-0.008329936759454464,0.5752487228211705,0.0002876243614105852,3,0.9500000000000001,0.04999999999999993
2018-01-02,0.029628150405163138,0.029613586263358135,0.029128283610007355,1.4564141805003678e-05,3,0.95,0.050000000000000044
2018-01-03,0.006059458470264033,0.006055015457394799,0.008886025738467473,4.443012869233737e-06,3,0.9500000000000001,0.04999999999999993
2018-01-04,-0.014452221908690038,-0.014736812501698346,0.5691811860166165,0.00028459059300830824,3,0.95,0.050000000000000044
2018-01-05,-0.03748834871308543,-0.03752023172262701,0.06376601908315704,3.1883009541578525e-05,3,0.9499999999999998,0.050000000000000155
2018-01-08,0.09177686134913791,0.09156800848664697,0.41770572498188896,0.00020885286249094448,3,0.95,0.050000000000000044
2018-01-09,0.04245615250738975,0.04241551192333073,0.08128116811805411,4.064058405902706e-05,3,0.95,0.050000000000000044
2018-01-10,0.02308771368734367,0.02308147779626903,0.012471782149286181,6.235891074643091e-06,3,0.95,0.050000000000000044
2018-01-11,0.06036246497281422,0.06035102537317721,0.022879199274033313,1.1439599637016656e-05,3,0.95,0.050000000000000044
2018-01-12,-0.0480303820103831,-0.048035510879779045,0.010257738791886073,5.128869395943037e-06,3,0.95,0.050000000000000044
2018-01-16,0.031079479940482248,0.031073844067044082,0.011271746876335254,5.635873438167627e-06,3,0.95,0.050000000000000044
2018-01-17,0.053312477988661275,0.05330445735121573,0.0160412748910847,8.020637445542351e-06,3,0.95,0.050000000000000044
2018-01-18,0.042142188171911926,0.04212988467223628,0.02460699935128724,1.230349967564362e-05,3,0.95,0.050000000000000044
2018-01-19,0.040951048951944846,0.040938855043448366,0.024387816992961497,1.219390849648075e-05,3,0.95,0.050000000000000044
2018-01-22,0.0043937483546341045,0.004360275174336582,0.0669463605950458,3.34731802975229e-05,3,0.9499999999999998,0.050000000000000155
2018-01-23,-0.012491242536847396,-0.012710795113522274,0.43910515334975403,0.00021955257667487701,3,0.9500000000000001,0.04999999999999993
2018-01-24,-5.561397498363586e-05,-0.00027802767179700043,0.4448273936267291,0.00022241369681336455,3,0.95,0.050000000000000044
2018-01-25,-0.015906246513128115,-0.01592238964210739,0.03228625795854814,1.614312897927407e-05,3,0.95,0.050000000000000044
2018-01-26,0.03418276816304581,0.03417378275581672,0.01797081445817894,8.98540722908947e-06,3,0.9499999999999998,0.050000000000000155
2018-01-29,0.03923625471080111,0.03922453677914381,0.023435863314598293,1.1717931657299148e-05,3,0.95,0.050000000000000044
2018-01-30,0.03444844663369338,0.03442670450536419,0.04348425665838859,2.1742128329194296e-05,3,0.95,0.050000000000000044
2018-01-31,0.025315948747227934,0.025313692764301645,0.004511965852576544,2.2559829262882718e-06,3,0.9499999999999998,0.050000000000000155
2018-02-01,-0.008504528370663329,-0.008528183393795534,0.04731004626441099,2.3655023132205495e-05,3,0.95,0.050000000000000044
2018-02-02,-0.0246126708689397,-0.02461708742341933,0.008833108959260733,4.416554479630366e-06,3,0.95,0.050000000000000044
2018-02-05,0.025913955853937472,0.025908219918923486,0.011471870027973508,5.735935013986754e-06,3,0.9499999999999998,0.050000000000000155
2018-02-06,-0.008382010944906253,-0.00839237030483877,0.0207187198650354,1.03593599325177e-05,3,0.9500000000000001,0.04999999999999993
2018-02-07,-0.07604279577668954,-0.07606415405505224,0.042716556725386406,2.1358278362693204e-05,3,0.95,0.050000000000000044
2018-02-08,-0.012245098804583819,-0.012280874113959965,0.07155061875229304,3.577530937614652e-05,3,0.95,0.050000000000000044
2018-02-09,0.05263106798236622,0.05260938358292774,0.043368798876948306,2.1684399438474153e-05,3,0.95,0.050000000000000044
2018-02-12,-0.016757548623260694,-0.016767519569013196,0.01994189150500264,9.97094575250132e-06,3,0.95,0.050000000000000044
2018-02-13,0.02307839192747636,0.02306557994658625,0.02562396178021986,1.2811980890109932e-05,3,0.95,0.050000000000000044
2018-02-14,0.008366649483440677,0.008349983265855664,0.03333243517002704,1.666621758501352e-05,3,0.95,0.050000000000000044
2018-02-15,0.015184393463577913,0.01516697302542153,0.03484087631276672,1.742043815638336e-05,3,0.9500000000000001,0.04999999999999993
2018-02-16,-0.01343422923903366,-0.013434945622880194,0.0014327676930662725,7.163838465331363e-07,3,0.95,0.050000000000000044
2018-02-20,0.00647036902011134,0.006427089077857013,0.08655988450865315,4.3279942254326576e-05,3,0.9500000000000001,0.04999999999999993
2018-02-21,0.005973702603243522,0.00596628618510662,0.014832836273805439,7.41641813690272e-06,3,0.95,0.050000000000000044
2018-02-22,0.01272922860006341,0.012701969457864393,0.054518284398036826,2.7259142199018414e-05,3,0.9499999999999998,0.050000000000000155
2018-02-23,0.008441227142319898,0.008440469351608132,0.0015155814235310872,7.577907117655436e-07,3,0.9499999999999998,0.050000000000000155
2018-02-26,-0.030262691454028982,-0.030269166008650986,0.012949109244007273,6.474554622003637e-06,3,0.9500000000000001,0.04999999999999993
2018-02-27,-0.03149310662444539,-0.0314983136712014,0.010414093512018191,5.2070467560090955e-06,3,0.9500000000000001,0.04999999999999993
2018-02-28,-0.007510694371981489,-0.007520577737790138,0.01976673161729728,9.88336580864864e-06,3,0.9499999999999998,0.050000000000000155
2018-03-01,0.09019739425136622,0.09016310990436907,0.06856869399428611,3.4284346997143054e-05,3,0.9500000000000001,0.04999999999999993
2018-03-02,0.026983484467790537,0.026954241465560372,0.0584860044603327,2.924300223016635e-05,3,0.9500000000000001,0.04999999999999993
2018-03-05,-0.013785340634653847,-0.013803430547733675,0.03617982615965554,1.808991307982777e-05,3,0.9500000000000001,0.04999999999999993
2018-03-06,0.01146624687709042,0.011458973508961325,0.014546736258191667,7.273368129095834e-06,3,0.9499999999999997,0.050000000000000266
2018-03-07,0.008032110684789432,0.008016179672240695,0.03186202509747496,1.593101254873748e-05,3,0.95,0.050000000000000044
2018-03-08,0.060598016249166345,0.06056516261565827,0.06570726701614132,3.285363350807066e-05,3,0.95,0.050000000000000044
2018-03-09,0.006864427545742341,0.0068550844685583345,0.018686154368012714,9.343077184006357e-06,3,0.95,0.050000000000000044
2018-03-12,-0.05800108436466719,-0.05801363032744107,0.02509192554776582,1.254596277388291e-05,3,0.95,0.050000000000000044
2018-03-13,-0.02148572787346223,-0.02149964436466751,0.027832982410562035,1.3916491205281018e-05,3,0.9500000000000001,0.04999999999999993
2018-03-14,-0.04262876434231553,-0.04263557275137941,0.013616818127748898,6.808409063874449e-06,3,0.9499999999999998,0.050000000000000155
2018-03-15,0.003837525508448007,0.0038303478430766467,0.01435533074272044,7.17766537136022e-06,3,0.9500000000000002,0.04999999999999982
2018-03-16,0.030556025276835066,0.030528172698157052,0.05570515735602716,2.785257867801358e-05,3,0.9499999999999998,0.050000000000000155
2018-03-19,-0.009715231124286367,-0.009776678013558261,0.122893778543786,6.1446889271893e-05,3,0.95,0.050000000000000044
2018-03-20,-0.006261411650976765,-0.006313322144126489,0.1038209862994475,5.191049314972375e-05,3,0.9500000000000001,0.04999999999999993
2018-03-21,-0.03247461980544346,-0.032480877684418534,0.01251575795014806,6.25787897507403e-06,3,0.95,0.050000000000000044
2018-03-22,0.023058774018215347,0.023055225408045076,0.007097220340542776,3.548610170271388e-06,3,0.9500000000000001,0.04999999999999993
2018-03-23,0.005633375998427425,0.005621078572892153,0.024594851070545126,1.2297425535272563e-05,3,0.95,0.050000000000000044
2018-03-26,-0.06712217943837258,-0.06715216758658982,0.05997629643446911,2.9988148217234555e-05,3,0.95,0.050000000000000044
2018-03-27,0.018390466300194846,0.018383467192287124,0.013998215815444442,6.999107907722221e-06,3,0.9500000000000001,0.04999999999999993
2018-03-28,0.046351933186006125,0.046344812903997744,0.014240564016768154,7.120282008384077e-06,3,0.95,0.050000000000000044
2018-03-29,-0.06755527021078922,-0.06756568269712246,0.020824972666472708,1.0412486333236354e-05,3,0.95,0.050000000000000044
2018-04-02,-0.010993283955464069,-0.01100817340156113,0.02977889219412297,1.4889446097061484e-05,3,0.9499999999999998,0.050000000000000155
2018-04-03,0.029422094720451368,0.029385491030414938,0.0732073800728589,3.660369003642945e-05,3,0.95,0.050000000000000044
2018-04-04,-0.02879476110711173,-0.02880806369242669,0.026605170629919128,1.3302585314959565e-05,3,0.95,0.050000000000000044
2018-04-05,-0.052229672167225544,-0.05224227374985159,0.025203165252089932,1.2601582626044966e-05,3,0.95,0.050000000000000044
2018-04-06,0.07411665145451314,0.07410190906473778,0.029484779550724205,1.4742389775362103e-05,3,0.95,0.050000000000000044
2018-04-09,0.03379212896943655,0.03375958925356574,0.06507943174162328,3.253971587081164e-05,3,0.95,0.050000000000000044
2018-04-10,-0.009182632196187007,-0.009205859401944357,0.04645441151469737,2.3227205757348686e-05,3,0.95,0.050000000000000044
2018-04-11,0.04580911178410094,0.04580547198353311,0.007279601135657288,3.6398005678286438e-06,3,0.95,0.050000000000000044
2018-04-12,-0.01601596994753784,-0.016054272304110998,0.076604713146317,3.8302356573158505e-05,3,0.9500000000000001,0.04999999999999993
2018-04-13,-0.02315192153132612,-0.023178774399447377,0.05370573624251307,2.6852868121256535e-05,3,0.95,0.050000000000000044
2018-04-16,0.01969621413703067,0.01968490792101175,0.02261243203783808,1.130621601891904e-05,3,0.9500000000000001,0.04999999999999993
2018-04-17,-0.014215984688710284,-0.014218543626065219,0.00511787470987074,2.55893735493537e-06,3,0.95,0.050000000000000044
2018-04-18,-0.028686292687330764,-0.028708398131570993,0.044210888480461896,2.210544424023095e-05,3,0.9499999999999997,0.050000000000000266
2018-04-19,-0.008625619566798682,-0.00863406436790447,0.016889602211576038,8.444801105788019e-06,3,0.95,0.050000000000000044
2018-04-20,-0.01655549168022674,-0.016557499740183713,0.0040161199139452375,2.0080599569726186e-06,3,0.95,0.050000000000000044
2018-04-23,-0.02833504704540239,-0.028357915601033862,0.04573711126294766,2.286855563147383e-05,3,0.95,0.050000000000000044
2018-04-24,0.020393280413481006,0.020382969605578873,0.020621615804269466,1.0310807902134733e-05,3,0.95,0.050000000000000044
2018-04-25,0.03721359497670476,0.03720294865626937,0.021292640870772372,1.0646320435386187e-05,3,0.95,0.050000000000000044
2018-04-26,0.00989550493473472,0.009870492542174182,0.05002478512107428,2.501239256053714e-05,3,0.95,0.050000000000000044
2018-04-27,-0.025642457905244432,-0.025653707582034585,0.022499353580303416,1.1249676790151708e-05,3,0.95,0.050000000000000044
2018-04-30,0.020194330233293326,0.020173433508133887,0.04179345031887771,2.0896725159438856e-05,3,0.95,0.050000000000000044
2018-05-01,0.018662574076932958,0.018656828023495765,0.01149210687438501,5.7460534371925055e-06,3,0.95,0.050000000000000044
2018-05-02,-0.016018033321721505,-0.01602908124649809,0.022095849553168845,1.1047924776584423e-05,3,0.95,0.050000000000000044
2018-05-03,-0.01844924479623012,-0.018454702265215377,0.01091493797051668,5.45746898525834e-06,3,0.95,0.050000000000000044
2018-05-04,0.007075815865127058,0.007070642958923692,0.01034581240673249,5.172906203366246e-06,3,0.9499999999999998,0.050000000000000155
2018-05-07,0.0034833016466242427,0.0034757386382399088,0.015126016768667705,7.563008384333852e-06,3,0.95,0.050000000000000044
2018-05-08,0.022100082392150815,0.022082669288534272,0.034826207233084494,1.7413103616542247e-05,3,0.95,0.050000000000000044
2018-05-09,-0.018388512741320653,-0.018402289812484623,0.02755414232793857,1.3777071163969285e-05,3,0.9499999999999998,0.050000000000000155
2018-05-10,0.036813344465052786,0.036788055231245134,0.050578467615301215,2.5289233807650606e-05,3,0.95,0.050000000000000044
2018-05-11,0.04258697308550011,0.04255521332068005,0.06351952964011234,3.175976482005617e-05,3,0.9500000000000002,0.04999999999999982
2018-05-14,0.0007505034216099661,0.0007424547155778063,0.0160974120643195,8.04870603215975e-06,3,0.95,0.050000000000000044
2018-05-15,-0.002083512739522087,-0.0020971297022798264,0.0272339255154789,1.3616962757739452e-05,3,0.9500000000000001,0.04999999999999993
2018-05-16,0.0005180556299855493,0.0002858656453254433,0.46437996932021197,0.000232189984660106,3,0.95,0.050000000000000044
2018-05-17,-0.0006866399876403802,-0.0007316733076487809,0.09006664001680123,4.503332000840062e-05,3,0.95,0.050000000000000044
2018-05-18,-0.020601902220657095,-0.020626290134516934,0.048775827719681225,2.4387913859840614e-05,3,0.9500000000000001,0.04999999999999993
2018-05-21,0.01828840925347472,0.01827427241271164,0.028273681526156835,1.4136840763078417e-05,3,0.95,0.050000000000000044
2018-05-22,0.010773082268892816,0.01076310378281951,0.019956972146611407,9.978486073305704e-06,3,0.95,0.050000000000000044
2018-05-23,0.017137741645537555,0.017100618478058393,0.07424633495832517,3.712316747916258e-05,3,0.9499999999999998,0.050000000000000155
2018-05-24,0.024270401931692165,0.024256698344785915,0.027407173812499463,1.3703586906249733e-05,3,0.95,0.050000000000000044
2018-05-25,0.0020757932646904217,0.002058315423963972,0.03495568145289982,1.747784072644991e-05,3,0.9500000000000001,0.04999999999999993
2018-05-29,-0.007741382126730605,-0.007755499757554336,0.02823526164746132,1.411763082373066e-05,3,0.9499999999999998,0.050000000000000155
2018-05-30,0.44613027695398505,0.44611319000413435,0.034173899701354454,1.7086949850677227e-05,3,0.95,0.050000000000000044
2018-05-31,0.008784701627843653,0.008566464527325107,0.4364742010370927,0.00021823710051854637,3,0.95,0.050000000000000044
2018-06-01,-0.03397900729699166,-0.03418218164272165,0.40634869145999275,0.0002031743457299964,3,0.95,0.050000000000000044
2018-06-04,0.021498768853943258,0.02149082968812067,0.015878331645173605,7.939165822586802e-06,3,0.95,0.050000000000000044
2018-06-05,0.0012070526222421208,0.0011951780992504044,0.023749045983432915,1.1874522991716457e-05,3,0.9499999999999998,0.050000000000000155
2018-06-06,0.04724238002341822,0.04722496812175671,0.034823803323018376,1.741190166150919e-05,3,0.95,0.050000000000000044
2018-06-07,-0.01038184593711124,-0.010395232466505372,0.026773058788263776,1.3386529394131888e-05,3,0.9500000000000001,0.04999999999999993
2018-06-08,0.007966863445161329,0.007723356034406368,0.48701482150992154,0.00024350741075496076,3,0.95,0.050000000000000044
2018-06-11,0.0072776929816389425,0.007032429381793849,0.4905271996901866,0.0002452635998450933,3,0.95,0.050000000000000044
2018-06-12,0.05353880938080749,0.05327403594297475,0.5295468756654718,0.0002647734378327359,3,0.9500000000000002,0.04999999999999982
2018-06-13,-0.0015694096742603508,-0.0015910284843823211,0.043237620243940705,2.1618810121970354e-05,3,0.95,0.050000000000000044
2018-06-14,-0.03215062094831838,-0.03239474711374487,0.48825233085298114,0.00024412616542649057,3,0.9499999999999998,0.050000000000000155
2018-06-15,0.026324147826493543,0.026312433103523665,0.023429445939757154,1.1714722969878578e-05,3,0.95,0.050000000000000044
2018-06-18,0.01159057101720589,0.011577714365201984,0.025713304007811688,1.2856652003905844e-05,3,0.95,0.050000000000000044
2018-06-19,-0.009235427955236311,-0.009495934266015483,0.5210126215583436,0.0002605063107791718,3,0.95,0.050000000000000044
2018-06-20,-0.010767010441533824,-0.010772781720347674,0.01154255762769904,5.77127881384952e-06,3,0.95,0.050000000000000044
2018-06-21,0.015442934467069144,0.01517625082719589,0.5333672797465054,0.0002666836398732527,3,0.95,0.050000000000000044
2018-06-22,-0.01862100798999447,-0.01862474144920095,0.007466918412961543,3.7334592064807716e-06,3,0.95,0.050000000000000044
2018-06-25,0.009533328174912741,0.009261177710107269,0.5443009296109445,0.00027215046480547224,3,0.95,0.050000000000000044
2018-06-26,-0.04716506070334031,-0.047445209979007266,0.5602985513339133,0.00028014927566695665,3,0.9500000000000001,0.04999999999999993
2018-06-27,0.015393414641341167,0.015124412098001333,0.5380050866796666,0.0002690025433398333,3,0.95,0.050000000000000044
2018-06-28,0.008741627818005797,0.008726115505961451,0.031024624088692748,1.5512312044346376e-05,3,0.95,0.050000000000000044
2018-06-29,0.03474396940241854,0.03429572225732458,0.8964942901879199,0.00044824714509396,3,0.95,0.050000000000000044
2018-07-02,0.014269897841929483,0.014260242335122178,0.019311013614609712,9.655506807304856e-06,3,0.9500000000000001,0.04999999999999993
2018-07-03,0.016930944365263472,0.01691308386092599,0.03572100867496325,1.7860504337481627e-05,3,0.9499999999999998,0.050000000000000155
2018-07-05,0.007841908335563582,0.007646060361230985,0.3916959486651937,0.00019584797433259686,3,0.9500000000000001,0.04999999999999993
2018-07-06,0.00920835501465528,0.009034201916388885,0.3483061965327911,0.00017415309826639556,3,0.95,0.050000000000000044
2018-07-09,-0.0354027640551479,-0.035598681437649674,0.39183476500354397,0.000195917382501772,3,0.9499999999999998,0.050000000000000155
2018-07-10,0.005615077457000433,0.005446347362666007,0.3374601886688517,0.00016873009433442584,3,0.9500000000000001,0.04999999999999993
2018-07-11,-0.008986139353982084,-0.009003033179383642,0.03378765080311549,1.6893825401557747e-05,3,0.95,0.050000000000000044
2018-07-12,0.017192979447024012,0.017181167252852583,0.02362438834285835,1.1812194171429174e-05,3,0.95,0.050000000000000044
2018-07-13,-0.022564329776327777,-0.02259261068719876,0.05656182174196342,2.828091087098171e-05,3,0.95,0.050000000000000044
2018-07-16,0.010956104915662283,0.010761361211765378,0.38948740779381114,0.00019474370389690557,3,0.9499999999999998,0.050000000000000155
2018-07-17,-0.005271037467368504,-0.005302092222907355,0.06210951107770249,3.105475553885125e-05,3,0.95,0.050000000000000044
2018-07-18,0.002121875815056076,0.0019108349003453225,0.4220818294215069,0.00021104091471075347,3,0.95,0.050000000000000044
2018-07-19,0.013332543584243052,0.013324118502188061,0.016850164109982635,8.425082054991318e-06,3,0.95,0.050000000000000044
2018-07-20,0.002270290621524766,0.0022562074811568124,0.028166280735907545,1.4083140367953772e-05,3,0.95,0.050000000000000044
2018-07-23,-0.01524231709408029,-0.015254434552626862,0.02423491709314332,1.211745854657166e-05,3,0.95,0.050000000000000044
2018-07-24,0.01408182657773637,0.01406628745683077,0.031078241811200003,1.55391209056e-05,3,0.95,0.050000000000000044
2018-07-25,0.0338680023414414,0.03385476247644473,0.026479729993345136,1.3239864996672568e-05,3,0.9499999999999998,0.050000000000000155
2018-07-26,-0.022111146582427733,-0.02233444214176782,0.4465911186801724,0.00022329555934008622,3,0.95,0.050000000000000044
2018-07-27,-0.022841783604275447,-0.022851906240145495,0.020245271740100546,1.0122635870050272e-05,3,0.95,0.050000000000000044
2018-07-30,-0.0012282177920431847,-0.001235652175298426,0.01486876651048255,7.434383255241275e-06,3,0.95,0.050000000000000044
2018-07-31,-0.028151255772918576,-0.02815650553932292,0.010499532808689593,5.249766404344796e-06,3,0.95,0.050000000000000044
2018-08-01,0.005962640766606599,0.005737820922315116,0.44963968858296727,0.00022481984429148364,3,0.9500000000000001,0.04999999999999993
2018-08-02,-0.026949349249920436,-0.02696432935195186,0.029960204062848245,1.4980102031424122e-05,3,0.9500000000000001,0.04999999999999993
2018-08-03,-0.00860355478609834,-0.008607868319861305,0.008627067525930565,4.313533762965283e-06,3,0.95,0.050000000000000044
2018-08-06,0.014068534348501716,0.014063204751884799,0.010659193233834602,5.329596616917301e-06,3,0.95,0.050000000000000044
2018-08-07,-0.007782208224312374,-0.008003449706506334,0.4424829643879192,0.0002212414821939596,3,0.95,0.050000000000000044
2018-08-08,-0.01971959622321074,-0.019733619295619592,0.028046144817705815,1.4023072408852908e-05,3,0.95,0.050000000000000044
2018-08-09,-0.0021770152199980172,-0.002410734384691419,0.4674383293868029,0.00023371916469340146,3,0.95,0.050000000000000044
2018-08-10,-0.02312774010451419,-0.023138452222266664,0.0214242355049456,1.07121177524728e-05,3,0.95,0.050000000000000044
2018-08-13,0.024313645721872897,0.024302424243069845,0.02244295760610493,1.1221478803052465e-05,3,0.95,0.050000000000000044
2018-08-14,-0.028394962333821612,-0.028403420555339485,0.016916443035747353,8.458221517873676e-06,3,0.95,0.050000000000000044
2018-08-15,0.0051548572786736645,0.005144611167261139,0.02049222282504981,1.0246111412524905e-05,3,0.9499999999999998,0.050000000000000155
2018-08-16,0.006804346647232503,0.006798730252552478,0.011232789360048928,5.616394680024464e-06,3,0.9500000000000001,0.04999999999999993
2018-08-17,-0.010571966640333358,-0.010805230442912513,0.4665276051583112,0.0002332638025791556,3,0.95,0.050000000000000044
2018-08-20,0.020391565036970028,0.020381522003891546,0.020086066156967813,1.0043033078483907e-05,3,0.9500000000000001,0.04999999999999993
2018-08-21,0.025761427102290207,0.02553217243842925,0.4585093277219139,0.00022925466386095695,3,0.95,0.050000000000000044
2018-08-22,-0.007411691807907813,-0.007420810400236199,0.018237184656771627,9.118592328385813e-06,3,0.95,0.050000000000000044
2018-08-23,-0.003991806513914929,-0.004014203749408586,0.044794470987311874,2.2397235493655937e-05,3,0.9499999999999998,0.050000000000000155
2018-08-24,-0.016328856062334918,-0.016544300143170827,0.43088816167182065,0.00021544408083591033,3,0.95,0.050000000000000044
2018-08-27,0.0008564549912766118,0.0006676949078506579,0.37752016685190776,0.0001887600834259539,3,0.95,0.050000000000000044
2018-08-28,0.005237911722199627,0.0050575775339792494,0.3606683764407551,0.00018033418822037756,3,0.9499999999999998,0.050000000000000155
2018-08-29,-0.022240738416916896,-0.022255832866049215,0.030188898264639524,1.5094449132319763e-05,3,0.95,0.050000000000000044
2018-08-30,0.003259860601952621,0.003078377777561213,0.36296564878281573,0.00018148282439140788,3,0.9500000000000001,0.04999999999999993
2018-08-31,-0.012848061443387094,-0.013028723130728963,0.361323374683738,0.000180661687341869,3,0.95,0.050000000000000044
2018-09-04,-0.010115631819294778,-0.01013612883881627,0.04099403904298246,2.0497019521491232e-05,3,0.95,0.050000000000000044
2018-09-05,-0.052284358340185126,-0.05229538678939212,0.022056898413983644,1.1028449206991823e-05,3,0.95,0.050000000000000044
2018-09-06,0.021983799263024833,0.02183082743096271,0.3059436641242471,0.00015297183206212356,3,0.9499999999999998,0.050000000000000155
2018-09-07,0.024490134790186063,0.024489046520935635,0.0021765385008546134,1.0882692504273068e-06,3,0.95,0.050000000000000044
2018-09-10,0.009665597965642585,0.009643407256341805,0.04438141860155756,2.219070930077878e-05,3,0.95,0.050000000000000044
2018-09-11,-0.011791092043559371,-0.011805256503669403,0.028328920220065196,1.4164460110032599e-05,3,0.95,0.050000000000000044
2018-09-12,-0.0021237977551728056,-0.002129639633445614,0.011683756545617124,5.841878272808562e-06,3,0.95,0.050000000000000044
2018-09-13,-0.01522061186315377,-0.015230017241782643,0.018810757257746058,9.40537862887303e-06,3,0.95,0.050000000000000044
2018-09-14,-0.005931192716213903,-0.00594701163134726,0.03163783026671452,1.581891513335726e-05,3,0.95,0.050000000000000044
2018-09-17,-0.04010565917116456,-0.04024244378191186,0.27356922149459617,0.0001367846107472981,3,0.95,0.050000000000000044
2018-09-18,0.03055856798555159,0.0305538527562842,0.009430458534780223,4.715229267390112e-06,3,0.95,0.050000000000000044
2018-09-19,0.018239061437033362,0.01823688102917419,0.004360815718340072,2.180407859170036e-06,3,0.9500000000000001,0.04999999999999993
2018-09-20,-0.02758954662741534,-0.02759963072856344,0.02016820229619476,1.008410114809738e-05,3,0.95,0.050000000000000044
2018-09-21,0.048099088530437616,0.04809804959906371,0.00207786274781252,1.03893137390626e-06,3,0.95,0.050000000000000044
2018-09-24,-0.011830975076337461,-0.011917310095887729,0.17267003910053655,8.633501955026827e-05,3,0.9500000000000001,0.04999999999999993
2018-09-25,-0.04770224456720558,-0.047922303064698045,0.440116994984928,0.000220058497492464,3,0.9499999999999998,0.050000000000000155
2018-09-26,-0.014432695384550456,-0.014461140198801655,0.056889628502395595,2.84448142511978e-05,3,0.95,0.050000000000000044
2018-09-27,-0.013812061236070997,-0.01384491953034244,0.06571658854288831,3.2858294271444156e-05,3,0.95,0.050000000000000044
2018-09-28,-0.00889498266452686,-0.008947597165173852,0.10522900129398399,5.2614500646992e-05,3,0.9500000000000001,0.04999999999999993
2018-10-01,-0.024406087763128394,-0.024413840857279132,0.015506188301478652,7.753094150739326e-06,3,0.9500000000000002,0.04999999999999982
2018-10-02,0.011578768513288207,0.011545482146466283,0.06657273364384642,3.328636682192321e-05,3,0.95,0.050000000000000044
2018-10-03,-0.024131178810076932,-0.02415074786035063,0.0391381005473973,1.956905027369865e-05,3,0.9499999999999998,0.050000000000000155
2018-10-04,-0.007065060224310218,-0.007095406028016152,0.060691607411869075,3.034580370593454e-05,3,0.9500000000000001,0.04999999999999993
2018-10-05,-0.03743680412490996,-0.037779825038250246,0.6860418266805655,0.0003430209133402827,3,0.95,0.050000000000000044
2018-10-08,-0.014185691587795896,-0.014199684950443797,0.02798672529580165,1.3993362647900826e-05,3,0.95,0.050000000000000044
2018-10-09,-0.06378118550705696,-0.06381471828261114,0.0670655511083636,3.35327755541818e-05,3,0.95,0.050000000000000044
2018-10-10,-0.01641908881597688,-0.0164437942850035,0.04941093805323937,2.4705469026619685e-05,3,0.95,0.050000000000000044
2018-10-11,0.03457288482360795,0.034552184066187895,0.041401514840108844,2.0700757420054422e-05,3,0.9499999999999998,0.050000000000000155
2018-10-12,-0.024724276040689316,-0.02473993606398981,0.03132004660098686,1.566002330049343e-05,3,0.9499999999999998,0.050000000000000155
2018-10-15,0.05748446940857955,0.05745702920761638,0.05488040192633037,2.7440200963165185e-05,3,0.95,0.050000000000000044
2018-10-16,-0.012052676553573921,-0.012066686444538887,0.028019781929929988,1.4009890964964994e-05,3,0.9500000000000001,0.04999999999999993
2018-10-17,-0.02805786580701147,-0.028076459165836024,0.03718671764911108,1.859335882455554e-05,3,0.95,0.050000000000000044
2018-10-18,-0.03535772981730484,-0.035368117028816426,0.020774423023171507,1.0387211511585753e-05,3,0.9500000000000001,0.04999999999999993
2018-10-19,0.016820569230952567,0.016810944688860744,0.019249084183648346,9.624542091824173e-06,3,0.9500000000000002,0.04999999999999982
2018-10-22,0.003676844520132489,0.0036632906823508456,0.027107675563286915,1.3553837781643457e-05,3,0.95,0.050000000000000044
2018-10-23,-0.09559066736459328,-0.09560452385181646,0.027712974446376992,1.3856487223188497e-05,3,0.9500000000000001,0.04999999999999993
2018-10-24,0.06508959655798115,0.06507001351328542,0.03916608939144017,1.958304469572009e-05,3,0.9499999999999998,0.050000000000000155
2018-10-25,-0.00895701644420782,-0.008976812424969926,0.039591961524212016,1.979598076210601e-05,3,0.95,0.050000000000000044
2018-10-26,-0.030102811949034063,-0.030128588351115114,0.051552804162099675,2.5776402081049837e-05,3,0.95,0.050000000000000044
2018-10-29,0.011580776060633778,0.011569335253006836,0.022881615253885046,1.1440807626942523e-05,3,0.95,0.050000000000000044
2018-10-30,0.024060483581910024,0.02405703550298369,0.006896157852668283,3.448078926334142e-06,3,0.9499999999999998,0.050000000000000155
2018-10-31,0.10158486715484505,0.10154379006073953,0.08215418821103304,4.1077094105516524e-05,3,0.95,0.050000000000000044
2018-11-01,0.024372930088962987,0.02435171019884366,0.04243978023865924,2.121989011932962e-05,3,0.9499999999999997,0.050000000000000266
2018-11-02,-0.007584040533405488,-0.007644852219827034,0.12162337284309183,6.081168642154592e-05,3,0.95,0.050000000000000044
2018-11-05,0.011047327333487837,0.011028757318414958,0.03714003014576045,1.8570015072880224e-05,3,0.95,0.050000000000000044
2018-11-06,0.0357664687930532,0.03574048800883109,0.051961568444221284,2.5980784222110643e-05,3,0.95,0.050000000000000044
2018-11-07,-0.09585314940611868,-0.09615123363682065,0.5961684614039475,0.00029808423070197375,3,0.9500000000000002,0.04999999999999982
2018-11-08,-0.022523653866146576,-0.022541771214302887,0.03623469631262255,1.8117348156311275e-05,3,0.9500000000000001,0.04999999999999993
2018-11-09,-0.036401431575917936,-0.036417930053681775,0.03299695552768245,1.6498477763841225e-05,3,0.95,0.050000000000000044
2018-11-12,-0.07943431730315488,-0.07973395227131383,0.5992699363179035,0.00029963496815895173,3,0.9500000000000001,0.04999999999999993
2018-11-13,-0.028827877646314844,-0.029120224079089835,0.5846928655499841,0.0002923464327749921,3,0.9500000000000001,0.04999999999999993
2018-11-14,-0.011492656407844363,-0.011513624295232953,0.041935774777178136,2.0967887388589067e-05,3,0.9499999999999997,0.050000000000000266
2018-11-15,-0.0007044545542081703,-0.0007377320505955069,0.0665549927746732,3.3277496387336596e-05,3,0.95,0.050000000000000044
2018-11-16,-0.06000319957520639,-0.06001710265624122,0.027806162069654666,1.3903081034827334e-05,3,0.95,0.050000000000000044
2018-11-19,-0.0189497593559045,-0.01895845928333437,0.01739985485973841,8.699927429869206e-06,3,0.95,0.050000000000000044
2018-11-20,0.028448220070387116,0.02843434090197487,0.02775833682449136,1.387916841224568e-05,3,0.95,0.050000000000000044
2018-11-21,-0.012165521289046796,-0.012173940319529798,0.016838060966005153,8.419030483002577e-06,3,0.95,0.050000000000000044
2018-11-23,0.01823706382380347,0.018191039345155244,0.09204895729645796,4.602447864822898e-05,3,0.9500000000000002,0.04999999999999982
2018-11-26,-0.03997899227710897,-0.04002107361494085,0.08416267566375488,4.208133783187744e-05,3,0.9499999999999998,0.050000000000000155
2018-11-27,0.04960828624076883,0.04959278825976437,0.03099596200891977,1.5497981004459884e-05,3,0.9499999999999998,0.050000000000000155
2018-11-28,0.0003504518917918746,0.00029796791140269187,0.10496796077836551,5.248398038918276e-05,3,0.95,0.050000000000000044
2018-11-29,0.0007505249010798872,0.0007263849083098801,0.048279985540014114,2.4139992770007058e-05,3,0.9500000000000002,0.04999999999999982
2018-11-30,0.03230303598004627,0.032275807591683546,0.05445677672543747,2.7228388362718738e-05,3,0.9499999999999997,0.050000000000000266
2018-12-03,-0.0566589934764206,-0.05695158223049385,0.585177508146486,0.00029258875407324296,3,0.9500000000000001,0.04999999999999993
2018-12-04,0.038761703025538115,0.03874501932635622,0.03336739836378738,1.668369918189369e-05,3,0.95,0.050000000000000044
2018-12-06,-0.05195001527490352,-0.05195719257899688,0.014354608186711804,7.177304093355902e-06,3,0.95,0.050000000000000044
2018-12-07,0.007436426557629463,0.006858362238698924,1.1561286378610776,0.0005780643189305388,3,0.95,0.050000000000000044
2018-12-10,0.00820614920423315,0.007631976306809896,1.1483457948465106,0.0005741728974232552,3,0.95,0.050000000000000044
2018-12-11,0.06912308087830854,0.06910726005593572,0.031641644745644154,1.5820822372822076e-05,3,0.9499999999999998,0.050000000000000155
2018-12-12,-0.010879451130139862,-0.010910018647444512,0.06113503460929706,3.0567517304648533e-05,3,0.95,0.050000000000000044
2018-12-13,-0.03219374910421914,-0.03243104601777142,0.47459382710455733,0.00023729691355227868,3,0.95,0.050000000000000044
2018-12-14,-0.03842929881876803,-0.03843696469692607,0.015331756316066036,7.665878158033018e-06,3,0.9499999999999997,0.050000000000000266
2018-12-17,-0.010596344500233822,-0.010827755999062568,0.4628229976574918,0.0002314114988287459,3,0.95,0.050000000000000044
2018-12-18,-0.002844194610916389,-0.0028477042413186295,0.007019260804480731,3.5096304022403657e-06,3,0.9500000000000001,0.04999999999999993
2018-12-19,-0.052997800847797295,-0.053020900756897936,0.04619981820128519,2.3099909100642595e-05,3,0.95,0.050000000000000044
2018-12-20,-0.08756713227524329,-0.0875775667376917,0.020868924896799257,1.043446244839963e-05,3,0.95,0.050000000000000044
2018-12-21,-0.022169274072040245,-0.022194491297208723,0.05043445033696023,2.5217225168480116e-05,3,0.95,0.050000000000000044
2018-12-24,0.11236455081425321,0.11234809287309923,0.03291588230796097,1.6457941153980486e-05,3,0.95,0.050000000000000044
2018-12-26,0.017073159235572295,0.017030951256067146,0.08441595901030241,4.220797950515121e-05,3,0.95,0.050000000000000044
2018-12-27,-0.012353598840051553,-0.012374317940726265,0.04143820134942472,2.071910067471236e-05,3,0.95,0.050000000000000044
2018-12-28,0.03745213122558978,0.03744609387396357,0.01207470325242882,6.03735162621441e-06,3,0.95,0.050000000000000044
2018-12-31,-0.002928887962502239,-0.0029397860803903665,0.02179623577625478,1.089811788812739e-05,3,0.9500000000000002,0.04999999999999982
2019-01-02,-0.06532715423912694,-0.06559166702137595,0.5290255644980257,0.00026451278224901286,3,0.95,0.050000000000000044
2019-01-03,0.08298301160569614,0.08297456656229839,0.01689008679550702,8.44504339775351e-06,3,0.95,0.050000000000000044
2019-01-04,0.06599945984212782,0.06567412863179503,0.6506624206655738,0.0003253312103327869,3,0.95,0.050000000000000044
2019-01-07,0.025103196873979522,0.02508765634698655,0.03108105398594385,1.5540526992971926e-05,3,0.95,0.050000000000000044
2019-01-08,-0.014481902848185634,-0.014503277966371885,0.04275023637250308,2.137511818625154e-05,3,0.9499999999999997,0.050000000000000266
2019-01-09,-0.03931524145689401,-0.03932345928060972,0.01643564743141973,8.217823715709866e-06,3,0.95,0.050000000000000044
2019-01-10,-0.005387406430515177,-0.0054077732679646195,0.0407336748988853,2.036683744944265e-05,3,0.9499999999999998,0.050000000000000155
2019-01-11,0.0034971205039798247,0.0034954007442454223,0.0034395194688047193,1.7197597344023596e-06,3,0.9500000000000001,0.04999999999999993
2019-01-14,0.032818325893829686,0.032816583458461474,0.0034848707364207865,1.7424353682103933e-06,3,0.9499999999999998,0.050000000000000155
2019-01-15,-0.01847079885248487,-0.01848871580820285,0.035833911435958266,1.7916955717979134e-05,3,0.95,0.050000000000000044
2019-01-16,0.019932667112666006,0.019920682931042367,0.0239683632472793,1.198418162363965e-05,3,0.95,0.050000000000000044
2019-01-17,0.04246571922389095,0.04244001085941177,0.05141672895835969,2.5708364479179848e-05,3,0.95,0.050000000000000044
2019-01-18,-0.027578911329239203,-0.027851737707661958,0.545652756845514,0.000272826378422757,3,0.95,0.050000000000000044
2019-01-22,0.014517901673103557,0.0142573737456836,0.5210558548399131,0.00026052792741995657,3,0.9499999999999998,0.050000000000000155
2019-01-23,0.007154016248805871,0.007147072123890325,0.013888249831092214,6.9441249155461075e-06,3,0.95,0.050000000000000044
2019-01-24,0.02498233964029202,0.024964010296932116,0.0366586867198091,1.832934335990455e-05,3,0.95,0.050000000000000044
2019-01-25,-0.002025387652011474,-0.002273648089201198,0.4965208743794489,0.00024826043718972446,3,0.95,0.050000000000000044
2019-01-28,-0.022050969360985728,-0.02206061911900306,0.019299516034664954,9.649758017332477e-06,3,0.9500000000000001,0.04999999999999993
2019-01-29,0.025102027683279255,0.025094915407651634,0.014224551255244522,7.112275627622261e-06,3,0.9500000000000001,0.04999999999999993
2019-01-30,0.04518505571438598,0.0451795105436093,0.011090341553366523,5.545170776683261e-06,3,0.95,0.050000000000000044
2019-01-31,0.010720509449005926,0.010481201575433674,0.4786157471445035,0.00023930787357225174,3,0.95,0.050000000000000044
2019-02-01,0.021369427634499734,0.021361445438357256,0.015964392284956996,7.982196142478498e-06,3,0.95,0.050000000000000044
2019-02-04,0.01362342498977102,0.013607239125675628,0.032371728190783544,1.618586409539177e-05,3,0.9499999999999998,0.050000000000000155
2019-02-05,-0.020728199948246512,-0.020735608063124904,0.014816229756786342,7.408114878393171e-06,3,0.9500000000000001,0.04999999999999993
2019-02-06,-0.01497903207915047,-0.015268352875076838,0.5786415918527357,0.00028932079592636787,3,0.9500000000000002,0.04999999999999982
2019-02-07,0.0024410056246390033,0.002357719223265943,0.16657280274612074,8.328640137306037e-05,3,0.95,0.050000000000000044
2019-02-08,0.01727987966334365,0.017233343508343553,0.09307231000019012,4.653615500009506e-05,3,0.9499999999999998,0.050000000000000155
2019-02-11,0.002522552583492408,0.002242931249704025,0.5592426675767663,0.0002796213337883832,3,0.95,0.050000000000000044
2019-02-12,-0.02945161517789778,-0.029472838001197123,0.04244564659868574,2.1222823299342872e-05,3,0.95,0.050000000000000044
2019-02-13,0.0056611437540796325,0.005640949352235727,0.04038880368781178,2.0194401843905892e-05,3,0.95,0.050000000000000044
2019-02-14,0.007700367210492866,0.007471814889170305,0.45710464264512024,0.00022855232132256012,3,0.9499999999999997,0.050000000000000266
2019-02-15,-0.016282190416784453,-0.016550913344939935,0.5374458563109663,0.0002687229281554832,3,0.95,0.050000000000000044
2019-02-19,0.014830550437836192,0.014821851037849169,0.017398799974048168,8.699399987024084e-06,3,0.9500000000000001,0.04999999999999993
2019-02-20,-0.021641955447966616,-0.02189042841690217,0.49694593787110647,0.0002484729689355532,3,0.95,0.050000000000000044
2019-02-21,0.04351718605896782,0.04324941480289007,0.5355425121555114,0.0002677712560777557,3,0.95,0.050000000000000044
2019-02-22,0.01870369699555624,0.018694895253769904,0.01760348357267269,8.801741786336345e-06,3,0.95,0.050000000000000044
2019-02-25,-0.004644380532061603,-0.004888566787311708,0.48837251050020886,0.00024418625525010444,3,0.95,0.050000000000000044
2019-02-26,0.00019357504484365448,0.00018875620670262444,0.00963767628206011,4.818838141030055e-06,3,0.9500000000000001,0.04999999999999993
2019-02-27,-0.02280586199302416,-0.0230644811433621,0.5172383006758816,0.0002586191503379408,3,0.9500000000000001,0.04999999999999993
2019-02-28,0.003732296069178818,0.0034669010565883908,0.5307900251808542,0.0002653950125904271,3,0.9500000000000001,0.04999999999999993
2019-03-01,-0.026038351379832785,-0.026302461868708056,0.5282209777505429,0.00026411048887527145,3,0.9499999999999998,0.050000000000000155
2019-03-04,0.026319341128458462,0.026301037486128435,0.03660728466005295,1.8303642330026473e-05,3,0.95,0.050000000000000044
2019-03-05,0.010260746302614107,0.010226987122617198,0.06751835999381792,3.375917999690896e-05,3,0.9499999999999998,0.050000000000000155
2019-03-06,0.016847218037461708,0.016814643903210677,0.06514826850206218,3.257413425103109e-05,3,0.95,0.050000000000000044
2019-03-07,0.03381070826028157,0.03379379667123311,0.033823178096909184,1.6911589048454593e-05,3,0.9499999999999998,0.050000000000000155
2019-03-08,0.032303050914282705,0.03228157672300193,0.04294838256155353,2.1474191280776766e-05,3,0.9499999999999998,0.050000000000000155
2019-03-11,0.024167179738199842,0.024166780321967625,0.000798832464431215,3.9941623221560753e-07,3,0.95,0.050000000000000044
2019-03-12,0.012055353930298118,0.012023704640035146,0.06329858052594456,3.164929026297228e-05,3,0.95,0.050000000000000044
2019-03-13,0.07558435015298315,0.07555693229552127,0.05483571492376049,2.7417857461880245e-05,3,0.9499999999999998,0.050000000000000155
2019-03-14,0.012385899375059874,0.012356313911454298,0.05917092721115125,2.9585463605575623e-05,3,0.95,0.050000000000000044
2019-03-15,0.030947528521318657,0.030902307570439207,0.09044190175890235,4.522095087945118e-05,3,0.95,0.050000000000000044
2019-03-18,0.06549510642559815,0.06548171311775695,0.026786615682407533,1.3393307841203767e-05,3,0.95,0.050000000000000044
2019-03-19,-0.033447502856747316,-0.033914596662204095,0.9341876109135575,0.00046709380545677877,3,0.9500000000000001,0.04999999999999993
2019-03-20,0.06338511004942725,0.06309260103132412,0.5850180362062637,0.00029250901810313183,3,0.9499999999999997,0.050000000000000266
2019-03-21,-0.017346501489404864,-0.017607613350651898,0.5222237224940633,0.00026111186124703166,3,0.95,0.050000000000000044
2019-03-22,0.10780685687374351,0.1077805359605817,0.0526418263236309,2.6320913161815453e-05,3,0.95,0.050000000000000044
2019-03-25,-0.06528258083469715,-0.06560083325767027,0.6365048459462518,0.0003182524229731259,3,0.9499999999999998,0.050000000000000155
2019-03-26,-0.0030254583092012167,-0.0033691668000561375,0.6874169817098412,0.00034370849085492064,3,0.95,0.050000000000000044
2019-03-27,-0.0015305997264959022,-0.0015429929352366613,0.024786417481518164,1.2393208740759081e-05,3,0.95,0.050000000000000044
2019-03-28,0.028227315582225306,0.027879684258146794,0.6952626481570221,0.00034763132407851104,3,0.95,0.050000000000000044
2019-03-29,-0.007158612151393132,-0.00717814019128587,0.03905607978547648,1.9528039892738242e-05,3,0.9500000000000001,0.04999999999999993
2019-04-01,0.009418303457687998,0.00940042615956365,0.03575459624869487,1.7877298124347435e-05,3,0.95,0.050000000000000044
2019-04-02,-0.002585643561188308,-0.002615870815834517,0.06045450929241808,3.022725464620904e-05,3,0.95,0.050000000000000044
2019-04-03,-0.0239586819340028,-0.023978091674828308,0.03881948165101115,1.9409740825505575e-05,3,0.95,0.050000000000000044
2019-04-04,0.020493630515323824,0.020483457477546027,0.020346075555593895,1.0173037777796949e-05,3,0.95,0.050000000000000044
2019-04-05,0.0031759564855103448,0.0031710827361868376,0.009747498647014102,4.873749323507052e-06,3,0.95,0.050000000000000044
2019-04-08,-0.013160995816971239,-0.013163888496482652,0.005785359022827535,2.8926795114137677e-06,3,0.95,0.050000000000000044
2019-04-09,0.01862736525744631,0.018610780760425143,0.03316899404233367,1.6584497021166837e-05,3,0.9500000000000001,0.04999999999999993
2019-04-10,-0.012092081897480022,-0.01210778428821552,0.031404781470996984,1.570239073549849e-05,3,0.95,0.050000000000000044
2019-04-11,-0.012394583280646748,-0.012413708525368144,0.03825048944279111,1.9125244721395554e-05,3,0.9500000000000001,0.04999999999999993
2019-04-12,0.03193182659225225,0.03168212144369535,0.49941029711379614,0.0002497051485568981,3,0.9499999999999998,0.050000000000000155
2019-04-15,0.022583434574984598,0.022568992181185236,0.028884787598720513,1.4442393799360256e-05,3,0.95,0.050000000000000044
2019-04-16,-0.03290457921083411,-0.03292722089964418,0.04528337762013879,2.2641688810069393e-05,3,0.95,0.050000000000000044
2019-04-17,-0.00973400144624408,-0.00976028283206805,0.052562771647939766,2.6281385823969884e-05,3,0.95,0.050000000000000044
2019-04-18,0.030032770168696307,0.02999975659799499,0.06602714140263927,3.3013570701319634e-05,3,0.95,0.050000000000000044
2019-04-22,0.03722761182972962,0.0372182635325968,0.018696594265636135,9.348297132818068e-06,3,0.9500000000000001,0.04999999999999993
2019-04-23,-0.005360746271237501,-0.005370481469148004,0.01947039582100732,9.73519791050366e-06,3,0.9500000000000001,0.04999999999999993
2019-04-24,0.03172289595104447,0.03166610692184062,0.11357805840771754,5.678902920385877e-05,3,0.95,0.050000000000000044
2019-04-25,0.028230093877150805,0.02819908927114457,0.06200921201247411,3.100460600623706e-05,3,0.95,0.050000000000000044
2019-04-26,0.015376020582511793,0.015361514827450597,0.029011510122390866,1.4505755061195433e-05,3,0.9499999999999998,0.050000000000000155
2019-04-29,-0.0029589087363653156,-0.0029896063017006247,0.06139513067061833,3.0697565335309166e-05,3,0.95,0.050000000000000044
2019-04-30,-0.01638017945644458,-0.016400352207387895,0.04034550188662861,2.0172750943314306e-05,3,0.95,0.050000000000000044
2019-05-01,-0.0013674272642418507,-0.0014154739791745515,0.0960934298654017,4.804671493270085e-05,3,0.95,0.050000000000000044
2019-05-02,0.022979141718900666,0.02295909947599401,0.040084485813315196,2.00422429066576e-05,3,0.95,0.050000000000000044
2019-05-03,0.02120138961040015,0.021193831511522845,0.015116197754614924,7.5580988773074625e-06,3,0.95,0.050000000000000044
2019-05-06,-0.007781142632485996,-0.007812591228370717,0.06289719176944036,3.144859588472018e-05,3,0.9499999999999997,0.050000000000000266
2019-05-07,0.007400238741009561,0.007384067207398433,0.032343067222255883,1.6171533611127942e-05,3,0.9499999999999997,0.050000000000000266
2019-05-08,-0.032637993630078736,-0.03264215011253072,0.00831296490397343,4.156482451986715e-06,3,0.95,0.050000000000000044
2019-05-09,0.019345493325399244,0.019338622764527698,0.013741121743092971,6.870560871546485e-06,3,0.9500000000000001,0.04999999999999993
2019-05-10,-0.012691077276478644,-0.012706104485606903,0.03005441825651875,1.5027209128259376e-05,3,0.95,0.050000000000000044
2019-05-13,0.025651794750229096,0.025646601674155178,0.010386152147836503,5.193076073918252e-06,3,0.9499999999999997,0.050000000000000266
2019-05-14,0.0445214522962196,0.0442518024427419,0.5392997069554093,0.00026964985347770464,3,0.9500000000000001,0.04999999999999993
2019-05-15,0.027417916378656492,0.027197480875840615,0.44087100563175696,0.00022043550281587848,3,0.95,0.050000000000000044
2019-05-16,-0.02675898667464939,-0.02698818260418782,0.4583918590768615,0.00022919592953843076,3,0.95,0.050000000000000044
2019-05-17,-0.022910627083813126,-0.022916366397067726,0.01147862650920417,5.739313254602086e-06,3,0.95,0.050000000000000044
2019-05-20,0.019521028680615816,0.019326742163842562,0.3885730335465093,0.00019428651677325464,3,0.95,0.050000000000000044
2019-05-21,0.022902021438812523,0.0226986139470147,0.4068149835956455,0.00020340749179782275,3,0.9499999999999998,0.050000000000000155
2019-05-22,-0.038815934475781126,-0.038816556960679906,0.0012449697975626117,6.224848987813059e-07,3,0.95,0.050000000000000044
2019-05-23,0.030902167825254623,0.030896880116788927,0.010575416931391773,5.287708465695887e-06,3,0.9500000000000001,0.04999999999999993
2019-05-24,0.013713192063850332,0.013503874378688031,0.41863537032459996,0.00020931768516229999,3,0.9500000000000001,0.04999999999999993
2019-05-28,-0.020984866243663636,-0.020986582318824505,0.003432150321741212,1.716075160870606e-06,3,0.95,0.050000000000000044
2019-05-29,1.213244217301672e-06,-1.4705419684644583e-05,0.03183732780389251,1.5918663901946255e-05,3,0.95,0.050000000000000044
2019-05-30,-0.04192962446399445,-0.04193360258096121,0.007956233933521378,3.978116966760689e-06,3,0.9500000000000001,0.04999999999999993
2019-05-31,-0.011720018617122654,-0.011940000068689808,0.43996290313430786,0.00021998145156715393,3,0.95,0.050000000000000044
2019-06-03,0.02271150874831236,0.022481490199879512,0.46003709686569216,0.00023001854843284609,3,0.95,0.050000000000000044
2019-06-04,-0.04012795090502053,-0.04034936740570471,0.4428330013683528,0.0002214165006841764,3,0.95,0.050000000000000044
2019-06-05,0.016497384644218384,0.016496332163686612,0.002104961063544103,1.0524805317720516e-06,3,0.95,0.050000000000000044
2019-06-06,0.02013825685454764,0.020119681350370525,0.03715100835422988,1.857550417711494e-05,3,0.9500000000000001,0.04999999999999993
2019-06-07,-0.014312276473082575,-0.014525992458290088,0.42743197041502523,0.0002137159852075126,3,0.95,0.050000000000000044
2019-06-10,0.0020200611746624777,0.002010395707754063,0.01933093381682946,9.665466908414731e-06,3,0.95,0.050000000000000044
2019-06-11,0.02603114224179018,0.026022698163207084,0.01688815716619224,8.444078583096121e-06,3,0.9499999999999998,0.050000000000000155
2019-06-12,0.02695678618806374,0.026956166082060893,0.0012402120057002086,6.201060028501044e-07,3,0.9500000000000001,0.04999999999999993
2019-06-13,-0.009582780427782132,-0.009609540953275165,0.05352105098606594,2.676052549303297e-05,3,0.9499999999999998,0.050000000000000155
2019-06-14,0.01578626578861448,0.01578049408588093,0.011543405467099283,5.771702733549641e-06,3,0.95,0.050000000000000044
2019-06-17,0.03954196366452971,0.03933727360528499,0.4093801184894412,0.00020469005924472061,3,0.95,0.050000000000000044
2019-06-18,0.012368560615902519,0.012163870556657798,0.4093801184894413,0.00020469005924472064,3,0.95,0.050000000000000044
2019-06-19,0.007333898567475199,0.007130513630248461,0.4067698744534767,0.00020338493722673833,3,0.95,0.050000000000000044
2019-06-20,-0.03728358393943072,-0.037486968876657464,0.4067698744534767,0.00020338493722673833,3,0.95,0.050000000000000044
2019-06-21,-0.01811131381974577,-0.018316262157797754,0.4098966761039642,0.0002049483380519821,3,0.95,0.050000000000000044
2019-06-24,-0.019835599105638178,-0.020045297208245383,0.41939620521441234,0.00020969810260720618,3,0.95,0.050000000000000044
2019-06-25,-0.027679649720935375,-0.02769433772060445,0.029375999338150965,1.4687999669075484e-05,3,0.95,0.050000000000000044
2019-06-26,0.08403122570134032,0.08402068802906065,0.02107534455932833,1.0537672279664164e-05,3,0.9500000000000001,0.04999999999999993
2019-06-27,0.011773349302937575,0.011559500872940958,0.42769685999323503,0.0002138484299966175,3,0.9499999999999998,0.050000000000000155
2019-06-28,0.016761536292128055,0.016545828140202053,0.43141630385200425,0.00021570815192600214,3,0.95,0.050000000000000044
2019-07-01,0.025252180143264406,0.025249207714932043,0.005944856664729381,2.9724283323646904e-06,3,0.9500000000000001,0.04999999999999993
2019-07-02,0.0048121959983484265,0.004796898599325091,0.030594798046670008,1.5297399023335003e-05,3,0.9500000000000001,0.04999999999999993
2019-07-03,0.013519533776823007,0.013511614419917797,0.01583871381041979,7.919356905209896e-06,3,0.9499999999999998,0.050000000000000155
2019-07-05,0.022209959179876948,0.022196688400698966,0.026541558355963335,1.3270779177981667e-05,3,0.95,0.050000000000000044
2019-07-08,-0.007660922171253197,-0.007664327480745008,0.006810618983621786,3.405309491810893e-06,3,0.9500000000000001,0.04999999999999993
2019-07-09,-0.01811396786193386,-0.01834910063223261,0.47026554059750264,0.00023513277029875134,3,0.95,0.050000000000000044
2019-07-10,-0.008599015240540697,-0.008606195942235398,0.014361403389402477,7.180701694701238e-06,3,0.95,0.050000000000000044
2019-07-11,0.0003640763128885671,0.00035242552547498033,0.023301574827173543,1.1650787413586772e-05,3,0.95,0.050000000000000044
2019-07-12,-0.0007713193445194003,-0.0007741935421968736,0.005748395354946645,2.8741976774733223e-06,3,0.95,0.050000000000000044
2019-07-15,-0.0021773006281430533,-0.002190878630358489,0.027156004430871822,1.3578002215435911e-05,3,0.95,0.050000000000000044
2019-07-16,0.0007483324410306573,0.0007443133590530759,0.008038163955162797,4.019081977581399e-06,3,0.9499999999999998,0.050000000000000155
2019-07-17,0.013905963237394306,0.01389915053230163,0.013625410185352321,6.81270509267616e-06,3,0.9500000000000001,0.04999999999999993
2019-07-18,-0.005774014078640201,-0.005777787820484353,0.007547483688302936,3.7737418441514683e-06,3,0.95,0.050000000000000044
2019-07-19,0.02994081510237634,0.02992937917047401,0.022871863804660608,1.1435931902330304e-05,3,0.9500000000000001,0.04999999999999993
2019-07-22,-0.02734581535252776,-0.02734666251691057,0.0016943287656191186,8.471643828095593e-07,3,0.95,0.050000000000000044
2019-07-23,-0.0010354847036952483,-0.0010357712040025497,0.0005730006146026645,2.8650030730133227e-07,3,0.95,0.050000000000000044
2019-07-24,0.0008390826620882299,0.0008291442962748628,0.019876731626734256,9.938365813367129e-06,3,0.95,0.050000000000000044
2019-07-25,0.04911336486267413,0.04888947456218382,0.44778060098062034,0.00022389030049031018,3,0.95,0.050000000000000044
2019-07-26,-0.020137217592015047,-0.020148409088937648,0.022382993845200455,1.1191496922600228e-05,3,0.9499999999999998,0.050000000000000155
2019-07-29,-0.004670715763261523,-0.004685453580197776,0.029475633872506152,1.4737816936253076e-05,3,0.9500000000000001,0.04999999999999993
2019-07-30,0.06015078874649468,0.06014168990461833,0.0181976837526997,9.09884187634985e-06,3,0.95,0.050000000000000044
2019-07-31,0.027632042890707652,0.027630363913623446,0.0033579541684104486,1.6789770842052243e-06,3,0.95,0.050000000000000044
2019-08-01,-0.00014746725886939302,-0.00014798687023763484,0.0010392227364836581,5.196113682418291e-07,3,0.95,0.050000000000000044
2019-08-02,-0.0489140355987971,-0.049105096332004654,0.3821214664151082,0.0001910607332075541,3,0.9500000000000002,0.04999999999999982
2019-08-05,0.020177000434215112,0.020001942570194182,0.35011572804185925,0.00017505786402092962,3,0.95,0.050000000000000044
2019-08-06,0.02760194099132837,0.027595936245317695,0.012009492021348295,6.004746010674148e-06,3,0.9500000000000001,0.04999999999999993
2019-08-07,0.02450116307899525,0.024498790248805805,0.004745660378889238,2.372830189444619e-06,3,0.9500000000000002,0.04999999999999982
2019-08-08,-0.0031108517410785713,-0.0031243849513005817,0.027066420444020495,1.3533210222010248e-05,3,0.95,0.050000000000000044
2019-08-09,-0.02180438662657124,-0.021988932385798198,0.3690915184539145,0.00018454575922695728,3,0.95,0.050000000000000044
2019-08-12,0.05727502620761449,0.057272925475762015,0.004201463704950781,2.1007318524753905e-06,3,0.9500000000000002,0.04999999999999982
2019-08-13,-0.04758711166612362,-0.047592696710351316,0.01117008845538997,5.585044227694985e-06,3,0.95,0.050000000000000044
2019-08-14,-0.07607944652722835,-0.07608623144455429,0.013569834651853241,6.78491732592662e-06,3,0.95,0.050000000000000044
2019-08-15,0.057089899725377646,0.05707517336473902,0.02945272127726295,1.4726360638631476e-05,3,0.9500000000000001,0.04999999999999993
2019-08-16,0.01464382840812043,0.014641309710036509,0.005037396167840741,2.5186980839203704e-06,3,0.9499999999999998,0.050000000000000155
2019-08-19,0.0073101366297467175,0.007310109863063566,5.353336630217753e-05,2.6766683151088766e-08,3,0.9499999999999998,0.050000000000000155
2019-08-20,0.031500106578028125,0.03149597822348487,0.008256709086506303,4.128354543253152e-06,3,0.9500000000000001,0.04999999999999993
2019-08-21,-0.0356718508022026,-0.03568680232751957,0.029903050633945744,1.4951525316972872e-05,3,0.95,0.050000000000000044
2019-08-22,-0.013245082783236762,-0.013259350305112194,0.028535043750862632,1.4267521875431317e-05,3,0.95,0.050000000000000044
2019-08-23,0.011972860368581856,0.011971641936869047,0.002436863425618385,1.2184317128091927e-06,3,0.95,0.050000000000000044
2019-08-26,-0.04044811554520604,-0.04045840446546771,0.020577840523335278,1.028892026166764e-05,3,0.95,0.050000000000000044
2019-08-27,0.028894602745346217,0.028889240132160564,0.010725226371309488,5.362613185654744e-06,3,0.9500000000000001,0.04999999999999993
2019-08-28,-0.005084393176357214,-0.005092439474762193,0.016092596809957754,8.046298404978877e-06,3,0.95,0.050000000000000044
2019-08-29,-0.012500661486497483,-0.012553341026491457,0.10535907998795002,5.267953999397501e-05,3,0.95,0.050000000000000044
2019-08-30,-0.052017554048010235,-0.05204362887367321,0.052149651325958196,2.60748256629791e-05,3,0.9499999999999998,0.050000000000000155
2019-09-03,0.01722943689796572,0.01720553475197698,0.047804291977481844,2.390214598874092e-05,3,0.95,0.050000000000000044
2019-09-04,-0.030764065236944867,-0.030770717341032667,0.013304208175603405,6.652104087801703e-06,3,0.95,0.050000000000000044
2019-09-05,0.010036296383362524,0.010011685572488,0.049221621749047234,2.4610810874523617e-05,3,0.9499999999999997,0.050000000000000266
2019-09-06,-0.039754252100943875,-0.03978132942282249,0.05415464375723256,2.7077321878616278e-05,3,0.9500000000000001,0.04999999999999993
2019-09-09,-0.0032232286661374268,-0.0032314622180048694,0.016467103734884914,8.233551867442456e-06,3,0.9500000000000001,0.04999999999999993
2019-09-10,0.04223279810275752,0.042216787384655514,0.032021436204012654,1.6010718102006326e-05,3,0.95,0.050000000000000044
2019-09-11,-0.024170053749923884,-0.024190147994069704,0.04018848829163768,2.009424414581884e-05,3,0.95,0.050000000000000044
2019-09-12,0.012192862846108293,0.012182150645155886,0.02142440190481268,1.071220095240634e-05,3,0.95,0.050000000000000044
2019-09-13,0.044128366662709376,0.04411698356898999,0.02276618743876488,1.138309371938244e-05,3,0.9499999999999998,0.050000000000000155
2019-09-16,0.027720837208754533,0.02768165743211701,0.07835955327504485,3.9179776637522426e-05,3,0.95,0.050000000000000044
2019-09-17,0.007544245913183377,0.007522437735728398,0.04361635490995763,2.1808177454978817e-05,3,0.95,0.050000000000000044
2019-09-18,0.018424681931541242,0.018389695092929814,0.06997367722285402,3.498683861142701e-05,3,0.95,0.050000000000000044
2019-09-19,0.011923217734164222,0.011904391301691705,0.03765286494503514,1.882643247251757e-05,3,0.95,0.050000000000000044
2019-09-20,-0.025441734234764393,-0.02545507766865955,0.026686867790316704,1.3343433895158353e-05,3,0.95,0.050000000000000044
2019-09-23,-0.0525185276605865,-0.05264822309081424,0.2593908604554819,0.00012969543022774095,3,0.9499999999999998,0.050000000000000155
2019-09-24,0.011274140456815043,0.01115496397318942,0.23835296725124508,0.00011917648362562254,3,0.95,0.050000000000000044
2019-09-25,-0.05828503663893927,-0.05841192948081836,0.2537856837581751,0.00012689284187908755,3,0.95,0.050000000000000044
2019-09-26,-0.06618511170409531,-0.06631522153174799,0.26021965530533075,0.00013010982765266537,3,0.9500000000000001,0.04999999999999993
2019-09-27,-0.03818508320922077,-0.0382044007973149,0.038635176188267895,1.9317588094133946e-05,3,0.95,0.050000000000000044
2019-09-30,-0.07786532890772166,-0.07789969116535428,0.06872451526523236,3.436225763261618e-05,3,0.9499999999999998,0.050000000000000155
2019-10-01,0.04645482325892558,0.04644762292798794,0.014400661875292306,7.200330937646153e-06,3,0.95,0.050000000000000044
2019-10-02,0.009684826413265827,0.00966985803319901,0.029936760133634915,1.4968380066817458e-05,3,0.95,0.050000000000000044
2019-10-03,0.01718905355277855,0.01702121868338362,0.33566973878985784,0.0001678348693949289,3,0.9500000000000001,0.04999999999999993
2019-10-04,-0.0014053436780205601,-0.0014176709864368408,0.02465461683256126,1.232730841628063e-05,3,0.95,0.050000000000000044
2019-10-07,0.011844896883412595,0.011834710548199364,0.020372670426462486,1.0186335213231242e-05,3,0.9500000000000001,0.04999999999999993
2019-10-08,0.003656339089117392,0.00365254322151039,0.007591735214003581,3.7958676070017905e-06,3,0.9500000000000001,0.04999999999999993
2019-10-09,-0.002997823068657415,-0.003040170531966912,0.08469492661899394,4.2347463309496975e-05,3,0.95,0.050000000000000044
2019-10-10,0.017225542007798144,0.017222291521705266,0.006500972185755127,3.250486092877564e-06,3,0.95,0.050000000000000044
2019-10-11,0.005313702860248048,0.0052762170167555,0.07497168698509596,3.748584349254798e-05,3,0.95,0.050000000000000044
2019-10-14,0.07574337614391911,0.07573697341456909,0.012805458700067412,6.4027293500337065e-06,3,0.95,0.050000000000000044
2019-10-15,0.0241814492405981,0.024168769728306054,0.02535902458409467,1.2679512292047335e-05,3,0.95,0.050000000000000044
2019-10-16,0.03961164455583893,0.03960323763873336,0.016813834211152207,8.406917105576103e-06,3,0.9500000000000001,0.04999999999999993
2019-10-17,-0.038479341329864074,-0.038630577903184214,0.3024731466402756,0.0001512365733201378,3,0.9499999999999998,0.050000000000000155
2019-10-18,0.04103177289421567,0.04084578752893994,0.37197073055145663,0.00018598536527572831,3,0.95,0.050000000000000044
2019-10-21,-0.04154648853035383,-0.041683492465634735,0.2740078705618162,0.0001370039352809081,3,0.9500000000000001,0.04999999999999993
2019-10-22,0.023385747342035183,0.023238120730270605,0.29525322352915806,0.00014762661176457903,3,0.9499999999999998,0.050000000000000155
2019-10-23,-0.0010623678504507886,-0.0012217660602474748,0.31879641959337235,0.00015939820979668618,3,0.95,0.050000000000000044
2019-10-24,0.02847421225185871,0.02833658686846405,0.27525076678931876,0.0001376253833946594,3,0.95,0.050000000000000044
2019-10-25,0.010156742522906822,0.010140011620265055,0.03346180528353432,1.673090264176716e-05,3,0.9499999999999998,0.050000000000000155
2019-10-28,0.007300968397787697,0.007277079842251635,0.047777111072121986,2.3888555536060993e-05,3,0.9499999999999997,0.050000000000000266
2019-10-29,-0.10929342691688512,-0.10933148515185095,0.07611646993165722,3.805823496582861e-05,3,0.95,0.050000000000000044
2019-10-30,0.0311484588088778,0.03110023171143563,0.0964541948843354,4.82270974421677e-05,3,0.95,0.050000000000000044
2019-10-31,0.0014957426219370604,0.0014677582362986861,0.05596877127674876,2.798438563837438e-05,3,0.95,0.050000000000000044
2019-11-01,-0.0041420015970287894,-0.004153869680091592,0.023736166125604002,1.1868083062802002e-05,3,0.9500000000000001,0.04999999999999993
2019-11-04,0.016059712406978066,0.01605434596303177,0.010732887892590609,5.3664439462953044e-06,3,0.95,0.050000000000000044
2019-11-05,-0.0176722776172103,-0.017678063983830344,0.011572733240088867,5.7863666200444335e-06,3,0.9499999999999997,0.050000000000000266
2019-11-06,-0.03717928532219635,-0.03719339325389387,0.02821586339503873,1.4107931697519366e-05,3,0.95,0.050000000000000044
2019-11-07,0.0438277590184285,0.04380614929493711,0.043219446982781906,2.1609723491390952e-05,3,0.9500000000000001,0.04999999999999993
2019-11-08,0.005735103805521066,0.0057174682193454176,0.03527117235129679,1.7635586175648395e-05,3,0.95,0.050000000000000044
2019-11-11,-2.2382105255199132e-05,-4.2716101038915165e-05,0.04066799156743206,2.033399578371603e-05,3,0.95,0.050000000000000044
2019-11-12,0.009061582988769135,0.00905159239960256,0.01998117833315044,9.99058916657522e-06,3,0.95,0.050000000000000044
2019-11-13,0.006628554434452243,0.006552151104703187,0.15280665949811248,7.640332974905625e-05,3,0.95,0.050000000000000044
2019-11-14,0.02727763713396017,0.0272235449114579,0.10818444500453894,5.4092222502269474e-05,3,0.95,0.050000000000000044
2019-11-15,-0.014697872247116715,-0.01470705361579882,0.018362737364207904,9.181368682103953e-06,3,0.95,0.050000000000000044
2019-11-18,0.056258120260605914,0.05623656164213953,0.04311723693275371,2.1558618466376856e-05,3,0.9500000000000002,0.04999999999999982
2019-11-19,0.01961666924246585,0.019598127364798972,0.037083755333753216,1.854187766687661e-05,3,0.9500000000000001,0.04999999999999993
2019-11-20,0.03391346314427648,0.033711520979455345,0.40388432964226234,0.00020194216482113118,3,0.95,0.050000000000000044
2019-11-21,0.002294059858528279,0.0022812562494771526,0.025607218102252555,1.2803609051126277e-05,3,0.95,0.050000000000000044
2019-11-22,0.07146920373207911,0.07127555498295797,0.3872974982422809,0.00019364874912114043,3,0.95,0.050000000000000044
2019-11-25,0.0018538653822548355,0.0016483634935278884,0.4110037774538944,0.0002055018887269472,3,0.95,0.050000000000000044
2019-11-26,0.03973213356587871,0.03952581639336232,0.41263434503276863,0.0002063171725163843,3,0.95,0.050000000000000044
2019-11-27,-0.008421346877790335,-0.008433981488925131,0.0252692222695923,1.263461113479615e-05,3,0.95,0.050000000000000044
2019-11-29,-0.03879897382459346,-0.03908386890571125,0.5697901622355754,0.00028489508111778774,3,0.95,0.050000000000000044
2019-12-02,0.10669413572653647,0.10646123140128504,0.46580865050286513,0.00023290432525143256,3,0.95,0.050000000000000044
2019-12-03,0.022165099022160517,0.021937899026543226,0.4543999912345839,0.00022719999561729196,3,0.9499999999999998,0.050000000000000155
2019-12-04,-0.06393015196331807,-0.06393736532840234,0.014426730168552476,7.213365084276238e-06,3,0.95,0.050000000000000044
2019-12-05,0.017280258642977078,0.017270144726552354,0.020227832849448124,1.0113916424724062e-05,3,0.95,0.050000000000000044
2019-12-06,-0.0025844493975506985,-0.002588020925409863,0.007143055718328628,3.571527859164314e-06,3,0.95,0.050000000000000044
2019-12-09,0.05290809285920368,0.052678900008564185,0.45838570127899153,0.00022919285063949577,3,0.95,0.050000000000000044
2019-12-10,-0.017612623831991834,-0.01761308057099263,0.0009134780015921107,4.5673900079605535e-07,3,0.9500000000000001,0.04999999999999993
2019-12-11,-0.007487244577090513,-0.00750066443243436,0.026839710687693752,1.3419855343846876e-05,3,0.95,0.050000000000000044
2019-12-12,-0.03354768856232934,-0.03356357182121466,0.03176651777063352,1.5883258885316762e-05,3,0.95,0.050000000000000044
2019-12-13,0.36047693821359333,0.3604760158728488,0.001844681489144434,9.223407445722171e-07,3,0.9500000000000001,0.04999999999999993
2019-12-16,0.003070097680666928,0.0030636906923540885,0.012813976625679041,6.40698831283952e-06,3,0.95,0.050000000000000044
2019-12-17,0.053260852659187084,0.053247665690806335,0.026373936761492744,1.3186968380746372e-05,3,0.9499999999999998,0.050000000000000155
2019-12-18,0.041756530178948065,0.041755360446156325,0.0023394655834748923,1.1697327917374462e-06,3,0.9500000000000001,0.04999999999999993
2019-12-19,0.014663895326645414,0.014651500020623624,0.02479061204357766,1.239530602178883e-05,3,0.95,0.050000000000000044
2019-12-20,-0.002445332866037533,-0.0024564225976029257,0.02217946313078553,1.1089731565392766e-05,3,0.95,0.050000000000000044
2019-12-23,0.03387031801191822,0.033859901151459475,0.02083372091749572,1.041686045874786e-05,3,0.95,0.050000000000000044
2019-12-24,0.021441180670633622,0.021439032051865748,0.004297237535745291,2.1486187678726456e-06,3,0.95,0.050000000000000044
2019-12-26,-0.03490248304217565,-0.034926251582036945,0.04753707972258939,2.3768539861294693e-05,3,0.95,0.050000000000000044
2019-12-27,-0.005531277290718265,-0.0055535165237851096,0.04447846613369033,2.2239233066845166e-05,3,0.95,0.050000000000000044
2019-12-30,-0.0016338925955201775,-0.0016390152691742787,0.010245347308202535,5.1226736541012675e-06,3,0.95,0.050000000000000044
2019-12-31,-0.00642518520583595,-0.00643198029552437,0.013590179376839845,6.795089688419923e-06,3,0.9499999999999998,0.050000000000000155
2020-01-02,-0.03925097122608209,-0.03944866950945804,0.3953965667518905,0.00019769828337594524,3,0.95,0.050000000000000044
2020-01-03,-0.007612371771445692,-0.0076182754586003616,0.011807374309339314,5.903687154669657e-06,3,0.9499999999999998,0.050000000000000155
2020-01-06,-0.008963345014849432,-0.008972173028535741,0.017656027372620342,8.828013686310172e-06,3,0.95,0.050000000000000044
2020-01-07,-0.00011022070970789083,-0.00021860498993335058,0.21676856045091952,0.00010838428022545976,3,0.95,0.050000000000000044
2020-01-08,-0.010068064556177762,-0.010121112920908072,0.10609672946062082,5.304836473031041e-05,3,0.95,0.050000000000000044
2020-01-09,-0.00542505332846569,-0.005470059591402149,0.09001252587291594,4.5006262936457975e-05,3,0.95,0.050000000000000044
2020-01-10,-0.008610447085994812,-0.008634838252166632,0.04878233234364049,2.4391166171820245e-05,3,0.95,0.050000000000000044
2020-01-13,0.010295365022147417,0.010285784747563047,0.019160549168740104,9.580274584370052e-06,3,0.9500000000000001,0.04999999999999993
2020-01-14,-0.0025203190558541564,-0.002533954152759901,0.027270193811488652,1.3635096905744326e-05,3,0.9500000000000002,0.04999999999999982
2020-01-15,0.014034141098483109,0.01402062238583558,0.027037425295057815,1.3518712647528908e-05,3,0.95,0.050000000000000044
2020-01-16,-0.010689657322005507,-0.010789499922563775,0.19968520111653304,9.984260055826653e-05,3,0.9500000000000001,0.04999999999999993
2020-01-17,-0.07773695518650739,-0.07793206657135007,0.39022276968536485,0.00019511138484268242,3,0.9499999999999998,0.050000000000000155
2020-01-21,-0.004749661483450216,-0.004944772868292899,0.39022276968536473,0.00019511138484268236,3,0.95,0.050000000000000044
2020-01-22,-0.003929237784698697,-0.003941897708377312,0.02531984735723114,1.265992367861557e-05,3,0.95,0.050000000000000044
2020-01-23,-0.020187775008912206,-0.02019501695080648,0.01448388378854537,7.241941894272686e-06,3,0.95,0.050000000000000044
2020-01-24,0.0038601777336157634,0.003646490003874319,0.42737545948288913,0.00021368772974144457,3,0.9500000000000001,0.04999999999999993
2020-01-27,0.01627679234128111,0.016269732794139777,0.014119094282664696,7.059547141332348e-06,3,0.95,0.050000000000000044
2020-01-28,0.004204310875632699,0.004191538755895265,0.025544239474869,1.2772119737434502e-05,3,0.95,0.050000000000000044
2020-01-29,-0.027763455091299898,-0.027767069832534796,0.00722948246979499,3.614741234897495e-06,3,0.95,0.050000000000000044
2020-01-30,-0.009134521416771854,-0.0091410993247559,0.013155815968092816,6.5779079840464076e-06,3,0.95,0.050000000000000044
2020-01-31,0.047401361250976194,0.04739367084169925,0.015380818553887204,7.690409276943602e-06,3,0.95,0.050000000000000044
2020-02-03,0.020015339974772277,0.019796176264202377,0.4383274211398015,0.00021916371056990075,3,0.95,0.050000000000000044
2020-02-04,-0.020298706666656084,-0.020302849105967868,0.008284878623570385,4.142439311785193e-06,3,0.95,0.050000000000000044
2020-02-05,-0.035068315673522095,-0.03507548895696926,0.014346566894331086,7.1732834471655435e-06,3,0.95,0.050000000000000044
2020-02-06,-0.012164011756844737,-0.012380144623279257,0.43226573286904074,0.00021613286643452039,3,0.95,0.050000000000000044
2020-02-07,0.036500838583746066,0.03629421454011098,0.4132480872701664,0.00020662404363508318,3,0.95,0.050000000000000044
2020-02-10,0.001667585360155096,0.0014464399251173515,0.4422908700754886,0.0002211454350377443,3,0.95,0.050000000000000044
2020-02-11,-0.01291259490445873,-0.013136235328502228,0.447280848086998,0.00022364042404349898,3,0.9499999999999998,0.050000000000000155
2020-02-12,-0.0250589006573989,-0.02533341345113085,0.5490255874638991,0.00027451279373194955,3,0.9499999999999997,0.050000000000000266
2020-02-13,0.013716730832213577,0.013641025387543214,0.15141088934072824,7.570544467036412e-05,3,0.9500000000000001,0.04999999999999993
2020-02-14,-0.01150975195672159,-0.01152351105198155,0.027518190519920466,1.3759095259960234e-05,3,0.95,0.050000000000000044
2020-02-18,0.06319332017116974,0.06312623803238787,0.1341642775637554,6.70821387818777e-05,3,0.95,0.050000000000000044
2020-02-19,-0.0004496021722465286,-0.0004655875796759693,0.0319708148588814,1.59854074294407e-05,3,0.95,0.050000000000000044
2020-02-20,-0.017503616755048624,-0.01754645735169075,0.08568119328425408,4.2840596642127045e-05,3,0.95,0.050000000000000044
2020-02-21,-0.04337848969313062,-0.04340546098507112,0.05394258388100126,2.697129194050063e-05,3,0.95,0.050000000000000044
2020-02-24,-0.06277877588215279,-0.06278528805706844,0.013024349831306459,6.512174915653229e-06,3,0.9499999999999998,0.050000000000000155
2020-02-25,0.0003279544427857682,0.00032139746175205436,0.013113962067427737,6.5569810337138686e-06,3,0.95,0.050000000000000044
2020-02-26,-0.03707564947110118,-0.03709990639017419,0.04851383814600779,2.4256919073003896e-05,3,0.95,0.050000000000000044
2020-02-27,-0.009642607717362703,-0.00965701877509619,0.02882211546697558,1.441105773348779e-05,3,0.95,0.050000000000000044
2020-02-28,0.09338582848135697,0.09337482796959753,0.022001023518868137,1.100051175943407e-05,3,0.95,0.050000000000000044
2020-03-02,-0.021194849070259755,-0.02121226457167154,0.034831002823575194,1.7415501411787597e-05,3,0.95,0.050000000000000044
2020-03-03,0.05596651159559091,0.05596342523156821,0.006172728045403975,3.0863640227019874e-06,3,0.95,0.050000000000000044
2020-03-04,-0.035187787343252716,-0.03533139453777119,0.287214389036955,0.00014360719451847752,3,0.95,0.050000000000000044
2020-03-05,-0.04078073161307409,-0.040807361577434684,0.053259928721187205,2.6629964360593604e-05,3,0.9500000000000001,0.04999999999999993
2020-03-06,-0.10399855312129336,-0.10417286771611486,0.3486291896430007,0.00017431459482150036,3,0.95,0.050000000000000044
2020-03-09,0.0005360268400197814,0.000507363850816095,0.057325978407372746,2.8662989203686375e-05,3,0.95,0.050000000000000044
2020-03-10,-0.08724911382291198,-0.08725193012404196,0.00563260225998044,2.8163011299902203e-06,3,0.95,0.050000000000000044
2020-03-11,-0.14739028001764048,-0.14739258394176485,0.004607848248743079,2.30392412437154e-06,3,0.9500000000000001,0.04999999999999993
2020-03-12,-0.00470820589007804,-0.00470868466542032,0.0009575506845589388,4.787753422794694e-07,3,0.95,0.050000000000000044
2020-03-13,-0.1715564551527885,-0.17157564666667657,0.038383027776146245,1.9191513888073123e-05,3,0.95,0.050000000000000044
2020-03-16,0.06517820342731794,0.06516377545191852,0.028855950798833074,1.4427975399416538e-05,3,0.9500000000000001,0.04999999999999993
2020-03-17,-0.12811945547303283,-0.12814214282596123,0.04537470585681341,2.2687352928406706e-05,3,0.95,0.050000000000000044
2020-03-18,0.09483777393013312,0.09481420895695307,0.04712994636010506,2.356497318005253e-05,3,0.95,0.050000000000000044
2020-03-19,0.059650448811739684,0.05957093504982722,0.15902752382492882,7.951376191246442e-05,3,0.95,0.050000000000000044
2020-03-20,0.0782780241376794,0.07826698121187095,0.022085851616896968,1.1042925808448485e-05,3,0.95,0.050000000000000044
2020-03-23,0.10722445036801544,0.1072186080442432,0.011684647544485172,5.842323772242586e-06,3,0.95,0.050000000000000044
2020-03-24,0.0033136554709569973,0.003273042639901131,0.08122566211173288,4.061283105586644e-05,3,0.9499999999999998,0.050000000000000155
2020-03-25,0.03776468338540534,0.03773571909867877,0.05792857345314795,2.8964286726573974e-05,3,0.95,0.050000000000000044
2020-03-26,-0.059140918047262334,-0.05915210782187473,0.022379549224794154,1.1189774612397077e-05,3,0.9500000000000001,0.04999999999999993
2020-03-27,-0.040029678169554696,-0.04005503892353375,0.050721507958115,2.53607539790575e-05,3,0.95,0.050000000000000044
2020-03-30,-0.010737500384475471,-0.010768118766007409,0.061236763063876265,3.0618381531938134e-05,3,0.95,0.050000000000000044
2020-03-31,-0.05775951038681272,-0.057805731350135024,0.09244192664460499,4.6220963322302496e-05,3,0.9500000000000002,0.04999999999999982
2020-04-01,-0.005827964474425192,-0.00583963044925528,0.023331949660175433,1.1665974830087716e-05,3,0.95,0.050000000000000044
2020-04-02,-0.021035302580096824,-0.021049742056231422,0.028878952269200286,1.4439476134600143e-05,3,0.95,0.050000000000000044
2020-04-03,0.08314062146955649,0.08311157514439282,0.05809265032734104,2.904632516367052e-05,3,0.9499999999999998,0.050000000000000155
2020-04-06,-0.031102095133889146,-0.03111236964179701,0.020549015815726157,1.027450790786308e-05,3,0.9500000000000001,0.04999999999999993
2020-04-07,0.10140845047404969,0.10137005661487179,0.0767877183557856,3.83938591778928e-05,3,0.95,0.050000000000000044
2020-04-08,-0.010680954039324593,-0.010699826988584163,0.03774589851914112,1.887294925957056e-05,3,0.9500000000000001,0.04999999999999993
2020-04-09,0.04058697320259902,0.04054816705848797,0.07761228822210156,3.8806144111050784e-05,3,0.95,0.050000000000000044
2020-04-13,0.09098840027041977,0.09076046393578555,0.4558726692684486,0.0002279363346342243,3,0.9499999999999998,0.050000000000000155
2020-04-14,-0.027996072916462666,-0.028207051998936555,0.4219581649477766,0.00021097908247388831,3,0.9500000000000002,0.04999999999999982
2020-04-15,-0.004157960614777262,-0.004247226864809218,0.17853250006391264,8.926625003195632e-05,3,0.95,0.050000000000000044
2020-04-16,0.026600237126487077,0.02654545220333365,0.10956984630685274,5.478492315342637e-05,3,0.95,0.050000000000000044
2020-04-17,0.038765361250402766,0.03842412518341944,0.6824721339666517,0.00034123606698332587,3,0.9500000000000002,0.04999999999999982
2020-04-20,-0.0326258517497823,-0.0326722078335495,0.09271216753440059,4.63560837672003e-05,3,0.9500000000000002,0.04999999999999982
2020-04-21,0.021640378252937437,0.021583639861769758,0.1134767823353609,5.673839116768045e-05,3,0.95,0.050000000000000044
2020-04-22,0.030934999692110603,0.030888348448469573,0.09330248728205753,4.665124364102877e-05,3,0.9500000000000001,0.04999999999999993
2020-04-23,0.027343543178580506,0.027074254316049137,0.5385777250627386,0.0002692888625313693,3,0.9499999999999998,0.050000000000000155
2020-04-24,0.1073355186579132,0.1070293011977962,0.6124349202339935,0.00030621746011699676,3,0.9500000000000001,0.04999999999999993
2020-04-27,-0.01838644928882097,-0.018710581624770708,0.6482646718994758,0.0003241323359497379,3,0.9499999999999998,0.050000000000000155
2020-04-28,0.01782366324987827,0.01753369744740755,0.5799316049414427,0.0002899658024707214,3,0.95,0.050000000000000044
2020-04-29,-0.0026002116593091614,-0.0029021838068135587,0.6039442950087947,0.00030197214750439733,3,0.95,0.050000000000000044
2020-04-30,-0.03759146142779501,-0.037640436054628815,0.09794925366761559,4.8974626833807796e-05,3,0.95,0.050000000000000044
2020-05-01,0.014464986401096013,0.014172234252700151,0.5855042967917237,0.00029275214839586186,3,0.9499999999999997,0.050000000000000266
2020-05-04,-0.010984760520756504,-0.01100595809832538,0.04239515513775549,2.1197577568877745e-05,3,0.95,0.050000000000000044
2020-05-05,-0.011643811545567208,-0.011935523410513248,0.5834237298920797,0.00029171186494603987,3,0.95,0.050000000000000044
2020-05-06,0.021127620547601762,0.02080433255235767,0.6465759904881873,0.00032328799524409364,3,0.95,0.050000000000000044
2020-05-07,0.010138921989476413,0.010130418939119326,0.017006100714172412,8.503050357086205e-06,3,0.95,0.050000000000000044
2020-05-08,0.10653041443453819,0.10618398798994731,0.6928528891817611,0.0003464264445908806,3,0.95,0.050000000000000044
2020-05-11,0.22348502091885677,0.22316887598536564,0.632289866982245,0.0003161449334911225,3,0.9500000000000002,0.04999999999999982
2020-05-12,0.0007831991822131712,0.0007527437173391677,0.0609109297480071,3.0455464874003552e-05,3,0.95,0.050000000000000044
2020-05-13,-0.0037696226868702163,-0.0038026307031105997,0.06601603248076698,3.3008016240383495e-05,3,0.95,0.050000000000000044
2020-05-14,0.006380101254185141,0.006376849436836417,0.006503634697447858,3.2518173487239288e-06,3,0.9500000000000002,0.04999999999999982
2020-05-15,0.15012718022155813,0.14983274407118718,0.588872300741895,0.0002944361503709475,3,0.95,0.050000000000000044
2020-05-18,-0.02619605135712013,-0.026214792396042973,0.0374820778456888,1.87410389228444e-05,3,0.9499999999999998,0.050000000000000155
2020-05-19,0.009319551327202562,0.00926833735946949,0.10242793546614301,5.1213967733071506e-05,3,0.95,0.050000000000000044
2020-05-20,0.020047952087253008,0.02002784836293424,0.04020744863754039,2.0103724318770195e-05,3,0.9500000000000001,0.04999999999999993
2020-05-21,-0.042914350510003314,-0.04294901037549906,0.06931973099149139,3.465986549574569e-05,3,0.95,0.050000000000000044
2020-05-22,0.01137157919950402,0.011336933985262402,0.06929042848323941,3.46452142416197e-05,3,0.95,0.050000000000000044
2020-05-26,0.09507201872650146,0.09505271587486724,0.038605703268443425,1.9302851634221713e-05,3,0.95,0.050000000000000044
2020-05-27,-0.0478212565073973,-0.04783165540963414,0.020797804473690062,1.0398902236845032e-05,3,0.9499999999999997,0.050000000000000266
2020-05-28,0.022239945842757555,0.021942627947989166,0.5946357895367786,0.00029731789476838933,3,0.95,0.050000000000000044
2020-05-29,0.07329632404922863,0.07325078654599257,0.09107500647213002,4.553750323606501e-05,3,0.9499999999999998,0.050000000000000155
2020-06-01,-0.03062240140048369,-0.030626044176562235,0.007285552157096753,3.6427760785483767e-06,3,0.95,0.050000000000000044
2020-06-02,-0.039441139399422294,-0.03946979920838031,0.05731961791604179,2.8659808958020896e-05,3,0.95,0.050000000000000044
2020-06-03,-0.05683216367480091,-0.057150350646315545,0.6363739430292814,0.0003181869715146407,3,0.95,0.050000000000000044
2020-06-04,-0.012970454308553862,-0.012982223687833201,0.023538758558676265,1.1769379279338132e-05,3,0.95,0.050000000000000044
2020-06-05,0.0529033212124017,0.05288761278493765,0.03141685492809276,1.570842746404638e-05,3,0.95,0.050000000000000044
2020-06-08,-0.013440115899103025,-0.013749619149652463,0.6190065010988777,0.0003095032505494388,3,0.9500000000000001,0.04999999999999993
2020-06-09,0.034469401200431245,0.034135362464035104,0.6680774727922866,0.00033403873639614327,3,0.9499999999999997,0.050000000000000266
2020-06-10,0.018740442877772018,0.01842687760324276,0.6271305490585202,0.0003135652745292601,3,0.95,0.050000000000000044
2020-06-11,0.02648336691078813,0.026363533958536897,0.2396659045024649,0.00011983295225123244,3,0.95,0.050000000000000044
2020-06-12,0.1245124223787819,0.12449567041584525,0.03350392587332435,1.6751962936662173e-05,3,0.95,0.050000000000000044
2020-06-15,-0.0042589767481301215,-0.004261265560080391,0.004577623900539507,2.2888119502697537e-06,3,0.95,0.050000000000000044
2020-06-16,0.027092576253499374,0.02686168840887784,0.4617756892430713,0.00023088784462153565,3,0.95,0.050000000000000044
2020-06-17,0.05207612953639474,0.051882107841644626,0.3880433895002294,0.0001940216947501147,3,0.95,0.050000000000000044
2020-06-18,0.05598553570494306,0.05580696867755033,0.3571340547854665,0.00017856702739273326,3,0.95,0.050000000000000044
2020-06-19,0.05069700183240806,0.05051236650193005,0.3692706609560193,0.00018463533047800965,3,0.95,0.050000000000000044
2020-06-22,0.03480793908259197,0.03477408967753539,0.06769881011315881,3.384940505657941e-05,3,0.9499999999999998,0.050000000000000155
2020-06-23,0.06956451370264027,0.06955941823062034,0.010190944039879857,5.095472019939929e-06,3,0.9500000000000001,0.04999999999999993
2020-06-24,0.010078694317051844,0.010063861977063857,0.029664679975974773,1.4832339987987387e-05,3,0.95,0.050000000000000044
2020-06-25,-0.07938139953248713,-0.0796031779289845,0.44355679299472694,0.00022177839649736348,3,0.9500000000000001,0.04999999999999993
2020-06-26,0.06409951351107519,0.06407168747074415,0.055652080662079356,2.782604033103968e-05,3,0.95,0.050000000000000044
2020-06-29,0.03153410988523037,0.03153077072551102,0.006678319438709862,3.339159719354931e-06,3,0.95,0.050000000000000044
2020-06-30,-0.029664305567693023,-0.029664344166192468,7.719699889049969e-05,3.8598499445249846e-08,3,0.95,0.050000000000000044
2020-07-01,0.013309024477844163,0.013302917332230567,0.012214291227191393,6.107145613595697e-06,3,0.9500000000000001,0.04999999999999993
2020-07-02,-0.01995162646896467,-0.019952576412237626,0.001899886545914664,9.49943272957332e-07,3,0.95,0.050000000000000044
2020-07-06,0.15360554359304956,0.1535742970446475,0.06249309680413795,3.1246548402068974e-05,3,0.95,0.050000000000000044
2020-07-07,-0.00963013162493574,-0.009861155721109524,0.46204819234756656,0.0002310240961737833,3,0.95,0.050000000000000044
2020-07-08,-0.0017496464465047643,-0.0022490743145390543,0.9988557360685799,0.0004994278680342899,3,0.95,0.050000000000000044
2020-07-09,-0.026459461505680473,-0.026620037221644383,0.3211514319278158,0.0001605757159639079,3,0.9500000000000001,0.04999999999999993
2020-07-10,0.04146291931887358,0.04126079729248195,0.4042440527832667,0.00020212202639163335,3,0.9500000000000001,0.04999999999999993
2020-07-13,0.026921203741609334,0.026894863948484133,0.05267958625040517,2.6339793125202585e-05,3,0.9499999999999998,0.050000000000000155
2020-07-14,0.01609299057840233,0.016075027919847464,0.035925317109734956,1.7962658554867477e-05,3,0.95,0.050000000000000044
2020-07-15,0.026743869959067013,0.02673771254336351,0.012314831407004845,6.157415703502422e-06,3,0.95,0.050000000000000044
2020-07-16,0.07039072259169439,0.07038426783370572,0.012909515977343577,6.454757988671789e-06,3,0.95,0.050000000000000044
2020-07-17,-0.048542687903054785,-0.048555011402231375,0.024646998353187344,1.2323499176593673e-05,3,0.9499999999999998,0.050000000000000155
2020-07-20,0.01607010729371198,0.016064260275719444,0.011694035985070045,5.8470179925350226e-06,3,0.95,0.050000000000000044
2020-07-21,-0.0030432950428137774,-0.0030589392381182774,0.03128839060899993,1.5644195304499967e-05,3,0.9499999999999998,0.050000000000000155
2020-07-22,-0.059362662652775094,-0.05938514973536703,0.04497416518387293,2.2487082591936464e-05,3,0.95,0.050000000000000044
2020-07-23,-0.05586181579824303,-0.05588186270498144,0.04009381347682242,2.004690673841121e-05,3,0.9499999999999998,0.050000000000000155
2020-07-24,0.05024381030466858,0.05021457607162277,0.05846846609163514,2.923423304581757e-05,3,0.95,0.050000000000000044
2020-07-27,0.01855765631124285,0.01854428271982112,0.02674718284345723,1.3373591421728615e-05,3,0.9499999999999998,0.050000000000000155
2020-07-28,-0.017332234590440566,-0.017332685714400744,0.0009022479203540656,4.5112396017703285e-07,3,0.9499999999999997,0.050000000000000266
2020-07-29,-0.0076064188933611075,-0.007609965744346142,0.0070937019700685056,3.546850985034253e-06,3,0.9499999999999998,0.050000000000000155
2020-07-30,-0.04119616158164979,-0.04120918718122716,0.026051199154738774,1.3025599577369387e-05,3,0.9499999999999998,0.050000000000000155
2020-07-31,0.11036848281352651,0.11036068030876887,0.015605009515283208,7.802504757641604e-06,3,0.95,0.050000000000000044
2020-08-03,-0.0024250795022532027,-0.002443813574695977,0.03746814488554892,1.873407244277446e-05,3,0.95,0.050000000000000044
2020-08-04,0.029869888126348304,0.029845309552098024,0.04915714850056299,2.4578574250281496e-05,3,0.95,0.050000000000000044
2020-08-05,-0.026644726481493377,-0.026824740333377284,0.36002770376781534,0.00018001385188390768,3,0.95,0.050000000000000044
2020-08-06,0.010560179136301612,0.010390323442691184,0.33971138722085475,0.00016985569361042737,3,0.95,0.050000000000000044
2020-08-07,0.08404087740340091,0.08402402471575822,0.03370537528538972,1.685268764269486e-05,3,0.95,0.050000000000000044
2020-08-10,-0.1392576997477746,-0.13925810307805125,0.0008066605532709437,4.0333027663547185e-07,3,0.9499999999999998,0.050000000000000155
2020-08-11,-0.07991851141790526,-0.07991877939292064,0.0005359500307486054,2.679750153743027e-07,3,0.95,0.050000000000000044
2020-08-12,0.048060264281440376,0.048053384140578206,0.013760281724338658,6.880140862169329e-06,3,0.9499999999999998,0.050000000000000155
2020-08-13,0.040880790898849766,0.04069689496961653,0.36779185846646395,0.00018389592923323197,3,0.95,0.050000000000000044
2020-08-14,0.03421475880714857,0.03421203483767805,0.005447938941047087,2.7239694705235435e-06,3,0.95,0.050000000000000044
2020-08-17,-0.04219852300080555,-0.04221117501350158,0.025304025392057394,1.2652012696028697e-05,3,0.95,0.050000000000000044
2020-08-18,0.010748923692177982,0.010717465923002907,0.06291553835014846,3.145776917507423e-05,3,0.95,0.050000000000000044
2020-08-19,-0.02315943956358576,-0.02316463691265464,0.010394698137770025,5.197349068885013e-06,3,0.9500000000000002,0.04999999999999982
2020-08-20,-0.04165070660498407,-0.04166118609760585,0.02095898524355977,1.0479492621779885e-05,3,0.95,0.050000000000000044
2020-08-21,-0.07902908022445046,-0.07920217651022807,0.34619257155520977,0.0001730962857776049,3,0.95,0.050000000000000044
2020-08-24,-0.022481548134973217,-0.022486400189091385,0.009704108236336884,4.852054118168442e-06,3,0.9499999999999998,0.050000000000000155
2020-08-25,0.0014736340656128777,0.001471958592599758,0.0033509460262391433,1.6754730131195718e-06,3,0.95,0.050000000000000044
2020-08-26,-0.02797307017531508,-0.027973689821294168,0.0012392919581731832,6.196459790865916e-07,3,0.95,0.050000000000000044
2020-08-27,-0.00020646996301285558,-0.00021482563385859325,0.016711341691475312,8.355670845737656e-06,3,0.95,0.050000000000000044
2020-08-28,0.032634362984807784,0.03262243264345376,0.023860682708039316,1.1930341354019659e-05,3,0.95,0.050000000000000044
2020-08-31,-0.05524193437757978,-0.05526280141579546,0.04173407643136712,2.086703821568356e-05,3,0.95,0.050000000000000044
2020-09-01,-0.021061599714475895,-0.0212491911417114,0.37518285447101163,0.00018759142723550582,3,0.95,0.050000000000000044
2020-09-02,-0.02143091665226694,-0.02145988994521466,0.05794658589543847,2.8973292947719236e-05,3,0.95,0.050000000000000044
2020-09-03,-0.053646719826852714,-0.053661656870465035,0.029874087224648932,1.4937043612324467e-05,3,0.95,0.050000000000000044
2020-09-04,-0.04727217074361466,-0.04729556446428629,0.046787441343265734,2.339372067163287e-05,3,0.95,0.050000000000000044
2020-09-08,0.040126485159843024,0.040103446230668326,0.04607785834939773,2.3038929174698868e-05,3,0.95,0.050000000000000044
2020-09-09,0.013522993967880082,0.013499221665055997,0.04754460564817076,2.377230282408538e-05,3,0.95,0.050000000000000044
2020-09-10,0.028271796720493687,0.028248274370486638,0.04704470001409988,2.3522350007049944e-05,3,0.95,0.050000000000000044
2020-09-11,0.12228405748818569,0.12228395158440696,0.00021180755746635915,1.0590377873317958e-07,3,0.9500000000000001,0.04999999999999993
2020-09-14,0.05332489148391495,0.05309165762290373,0.46646772202243747,0.00023323386101121874,3,0.95,0.050000000000000044
2020-09-15,0.03363328471702317,0.03340296590581133,0.460637622423683,0.00023031881121184152,3,0.95,0.050000000000000044
2020-09-16,-0.028631580180917354,-0.028851261369705512,0.43936237757631685,0.00021968118878815842,3,0.95,0.050000000000000044
2020-09-17,-0.0035045554512573938,-0.0035185007551586742,0.02789060780256053,1.3945303901280264e-05,3,0.95,0.050000000000000044
2020-09-18,0.008106810249356005,0.00787156469530638,0.47049110809925215,0.00023524555404962609,3,0.95,0.050000000000000044
2020-09-21,0.0038770928021156902,0.003641847248066064,0.4704911080992522,0.0002352455540496261,3,0.95,0.050000000000000044
2020-09-22,-0.07546639774262534,-0.07567886869814976,0.42494191104882784,0.0002124709555244139,3,0.95,0.050000000000000044
2020-09-23,0.003917986006005617,0.00391599306649834,0.003985879014554161,1.9929395072770804e-06,3,0.95,0.050000000000000044
2020-09-24,0.07060739356551866,0.0703640354944979,0.4867161420415187,0.00024335807102075937,3,0.95,0.050000000000000044
2020-09-25,0.0042038206578911335,0.00417511780236433,0.0574057110536062,2.87028555268031e-05,3,0.95,0.050000000000000044
2020-09-28,0.01728162898672731,0.01725516413155091,0.052929710352801085,2.6464855176400542e-05,3,0.95,0.050000000000000044
2020-09-29,0.011339233068192497,0.011311551567195018,0.0553630019949575,2.768150099747875e-05,3,0.95,0.050000000000000044
2020-09-30,0.0028155207408934258,0.002780715489423734,0.06961050293938328,3.4805251469691644e-05,3,0.95,0.050000000000000044
2020-10-01,-0.029031819930010215,-0.029037033345354315,0.010426830688197414,5.213415344098707e-06,3,0.9500000000000001,0.04999999999999993
2020-10-02,0.03907190690030353,0.039069363122387325,0.005087555832403501,2.5437779162017506e-06,3,0.95,0.050000000000000044
2020-10-05,-0.029426937405892584,-0.029449507303581014,0.045139795376863995,2.2569897688432e-05,3,0.9500000000000001,0.04999999999999993
2020-10-06,0.029264522596958657,0.02924722989354161,0.03458540683409497,1.7292703417047486e-05,3,0.95,0.050000000000000044
2020-10-07,0.001414837395107773,0.0012085850841740144,0.41250462186751735,0.00020625231093375867,3,0.9499999999999998,0.050000000000000155
2020-10-08,0.004548088556925707,0.004371729658476169,0.35271779689907645,0.00017635889844953823,3,0.95,0.050000000000000044
2020-10-09,0.0040875358257968925,0.0040821226515644566,0.010826348464872404,5.413174232436202e-06,3,0.95,0.050000000000000044
2020-10-12,0.029982019607455782,0.02997643754027649,0.011164134358590871,5.582067179295436e-06,3,0.9500000000000001,0.04999999999999993
2020-10-13,0.046625534391611836,0.046616500757144366,0.018067268934946618,9.033634467473308e-06,3,0.95,0.050000000000000044
2020-10-14,0.010572312080226978,0.010563791071719812,0.017042017014331223,8.521008507165613e-06,3,0.9499999999999998,0.050000000000000155
2020-10-15,-0.01884943384764504,-0.01886147496502782,0.02408223476556559,1.2041117382782795e-05,3,0.95,0.050000000000000044
2020-10-16,-0.030216471181963783,-0.030380658763869455,0.32837516381134235,0.00016418758190567118,3,0.9499999999999998,0.050000000000000155
2020-10-19,-0.01779889344652388,-0.017969974656222028,0.3421624193962971,0.00017108120969814856,3,0.9499999999999998,0.050000000000000155
2020-10-20,-0.03724906464272427,-0.0372715053240354,0.04488136262225628,2.2440681311128142e-05,3,0.95,0.050000000000000044
2020-10-21,0.00970610409856924,0.0096899055506586,0.032397095821278116,1.619854791063906e-05,3,0.95,0.050000000000000044
2020-10-22,-0.007646553155934227,-0.007815845231565668,0.3385841512628818,0.00016929207563144092,3,0.95,0.050000000000000044
2020-10-23,-0.04122484807096097,-0.041234802226738095,0.019908311554248798,9.9541557771244e-06,3,0.95,0.050000000000000044
2020-10-26,0.04593111252484244,0.045923607273724826,0.015010502235239004,7.505251117619502e-06,3,0.95,0.050000000000000044
2020-10-27,-0.062387359625960356,-0.062395844045150646,0.016968838380581358,8.48441919029068e-06,3,0.95,0.050000000000000044
2020-10-28,0.08268727703252922,0.0826581239809898,0.058306103078834326,2.9153051539417164e-05,3,0.9499999999999998,0.050000000000000155
2020-10-29,-0.06658232948545804,-0.06672642239849248,0.28818582606886256,0.00014409291303443128,3,0.95,0.050000000000000044
2020-10-30,0.04093584191592777,0.04093103777119109,0.009608289473376525,4.8041447366882625e-06,3,0.95,0.050000000000000044
2020-11-02,0.03384531554728415,0.03369867210618366,0.2932868822009878,0.0001466434411004939,3,0.9499999999999998,0.050000000000000155
2020-11-03,0.04177226077513343,0.04175803272886989,0.02845609252707748,1.422804626353874e-05,3,0.9499999999999998,0.050000000000000155
2020-11-04,0.07120686109265403,0.07102349660118386,0.36672898294036205,0.00018336449147018103,3,0.95,0.050000000000000044
2020-11-05,-0.02110264950213993,-0.02111797187079435,0.03064473730883327,1.5322368654416635e-05,3,0.95,0.050000000000000044
2020-11-06,0.03170593984722582,0.031533006906173805,0.3458658821040298,0.0001729329410520149,3,0.95,0.050000000000000044
2020-11-09,-0.08227175688079405,-0.08227450843804995,0.0055031145117956926,2.751557255897846e-06,3,0.95,0.050000000000000044
2020-11-10,0.053923153139510877,0.05375297175571476,0.34036276759223405,0.00017018138379611703,3,0.9499999999999998,0.050000000000000155
2020-11-11,0.0727528777598169,0.07257972316882043,0.346309181992944,0.00017315459099647202,3,0.95,0.050000000000000044
2020-11-12,0.013775645128098243,0.013738110431067934,0.07506939406061838,3.7534697030309194e-05,3,0.9499999999999997,0.050000000000000266
2020-11-13,-0.022349683431790467,-0.022522458686067105,0.3455505085532784,0.0001727752542766392,3,0.95,0.050000000000000044
2020-11-16,0.019848086472223893,0.019846236999347292,0.003698945753199623,1.8494728765998115e-06,3,0.95,0.050000000000000044
2020-11-17,-0.02086371027277855,-0.020872364372698862,0.017308199840621985,8.654099920310992e-06,3,0.95,0.050000000000000044
2020-11-18,0.0048859014904474715,0.004732262743269048,0.3072774943568477,0.00015363874717842386,3,0.95,0.050000000000000044
2020-11-19,0.015181652227241514,0.015027347300652453,0.3086098531781243,0.00015430492658906214,3,0.95,0.050000000000000044
2020-11-20,0.07774264808397699,0.07771513746565963,0.05502123663474115,2.7510618317370577e-05,3,0.95,0.050000000000000044
2020-11-23,-0.004923215131226372,-0.004932585620988698,0.018740979524651424,9.370489762325713e-06,3,0.9499999999999998,0.050000000000000155
2020-11-24,0.04328229153824817,0.04327386602165112,0.01685103319409481,8.425516597047405e-06,3,0.9500000000000002,0.04999999999999982
2020-11-25,0.12048185509796659,0.12047476501137548,0.014180173182212097,7.090086591106049e-06,3,0.9499999999999998,0.050000000000000155
2020-11-27,0.033885251568857154,0.033872241589054775,0.026019959604754533,1.3009979802377267e-05,3,0.95,0.050000000000000044
2020-11-30,-0.10965958228234539,-0.10973031003929451,0.1414555138982326,7.07277569491163e-05,3,0.95,0.050000000000000044
2020-12-01,0.03115471371100575,0.031136454484219117,0.0365184535732655,1.825922678663275e-05,3,0.9500000000000001,0.04999999999999993
2020-12-02,-0.003093452584124151,-0.003261857753762911,0.3368103392775203,0.00016840516963876015,3,0.95,0.050000000000000044
2020-12-03,-0.030472679502781874,-0.030493895732467084,0.04243245937041837,2.1216229685209184e-05,3,0.95,0.050000000000000044
2020-12-04,0.005844462796315909,0.005833423879128307,0.022077834375203664,1.1038917187601833e-05,3,0.9500000000000002,0.04999999999999982
2020-12-07,0.00012387902892961426,0.0001201680949085233,0.007421868042181923,3.7109340210909616e-06,3,0.95,0.050000000000000044
2020-12-08,-0.04248018983334694,-0.042494249434115464,0.028119201537050026,1.4059600768525012e-05,3,0.95,0.050000000000000044
2020-12-09,0.01331278342235701,0.013137206873816346,0.3511530970813277,0.00017557654854066386,3,0.9500000000000001,0.04999999999999993
2020-12-10,-0.0003379792530464106,-0.0003519324921162282,0.02790647813963515,1.3953239069817576e-05,3,0.95,0.050000000000000044
2020-12-11,-0.0006808935630249428,-0.0007071522607324768,0.05251739541506817,2.6258697707534087e-05,3,0.9500000000000001,0.04999999999999993
2020-12-14,0.03078755446100568,0.030782066597547123,0.010975726917115985,5.487863458557993e-06,3,0.95,0.050000000000000044
2020-12-15,-0.008307966193734952,-0.008345261816465837,0.0745912454617711,3.729562273088555e-05,3,0.95,0.050000000000000044
2020-12-16,0.0605581182273244,0.060537909669968526,0.04041711471174805,2.0208557355874026e-05,3,0.9499999999999998,0.050000000000000155
2020-12-17,-0.010510495171303553,-0.01052048866705401,0.01998699150091726,9.993495750458631e-06,3,0.95,0.050000000000000044
2020-12-18,0.01892837390445809,0.01892274440603185,0.011258996852481523,5.6294984262407616e-06,3,0.95,0.050000000000000044
2020-12-21,-0.02137869066983165,-0.021400365860629014,0.043350381594728454,2.1675190797364228e-05,3,0.95,0.050000000000000044
2020-12-22,0.038676594517214495,0.03866744608996821,0.018296854492574233,9.148427246287117e-06,3,0.95,0.050000000000000044
2020-12-23,-0.008422633968808959,-0.00844154993935868,0.03783194109944202,1.891597054972101e-05,3,0.9499999999999998,0.050000000000000155
2020-12-24,-0.061312371311009445,-0.061321252147133375,0.01776167224786232,8.88083612393116e-06,3,0.9500000000000001,0.04999999999999993
2020-12-28,0.02615495760421406,0.02613853084755212,0.03285351332388359,1.6426756661941794e-05,3,0.95,0.050000000000000044
2020-12-29,0.014701998136932437,0.014450106900916615,0.5037824720316453,0.0002518912360158226,3,0.95,0.050000000000000044
2020-12-30,-0.030531714499722588,-0.030695953610755836,0.3284782220664957,0.00016423911103324783,3,0.95,0.050000000000000044
2020-12-31,0.03673508474558635,0.03656096624961902,0.3482369919346549,0.00017411849596732744,3,0.95,0.050000000000000044
2021-01-04,0.026706905839237707,0.02670644873183109,0.0009142148132343375,4.5710740661716875e-07,3,0.95,0.050000000000000044
2021-01-05,0.015427289113715213,0.015419554325399406,0.01546957663161383,7.734788315806915e-06,3,0.95,0.050000000000000044
2021-01-06,0.051891493577184394,0.051709183185494646,0.364620783379503,0.0001823103916897515,3,0.9499999999999998,0.050000000000000155
2021-01-07,-0.004881170619533822,-0.005057668404589211,0.3529955701107776,0.0001764977850553888,3,0.95,0.050000000000000044
2021-01-08,0.0024397043620633186,0.002435076631814192,0.009255460498253015,4.6277302491265074e-06,3,0.9500000000000001,0.04999999999999993
2021-01-11,0.040537192428974536,0.0405265422930372,0.021300271874677645,1.0650135937338823e-05,3,0.95,0.050000000000000044
2021-01-12,0.009208686954025588,0.009038211574658412,0.34095075873435304,0.00017047537936717652,3,0.95,0.050000000000000044
2021-01-13,0.02062908833579067,0.020616376742886095,0.025423185809151566,1.2711592904575783e-05,3,0.9500000000000001,0.04999999999999993
2021-01-14,-0.03070860680695696,-0.030728620730407136,0.04002784690034997,2.0013923450174984e-05,3,0.9499999999999998,0.050000000000000155
2021-01-15,-0.006728341002486732,-0.006741509718841825,0.02633743271018693,1.3168716355093466e-05,3,0.95,0.050000000000000044
2021-01-19,-0.025937936001278986,-0.02613341849315199,0.39096498374601074,0.00019548249187300538,3,0.95,0.050000000000000044
2021-01-20,-0.0005486373679012262,-0.0008426476321917466,0.5880205285810407,0.00029401026429052034,3,0.95,0.050000000000000044
2021-01-21,0.04522997742045315,0.04518713825067118,0.0856783395639342,4.28391697819671e-05,3,0.95,0.050000000000000044
2021-01-22,0.0010618050099969285,0.001030029543544449,0.06355093290495889,3.1775466452479445e-05,3,0.95,0.050000000000000044
2021-01-25,0.020568452606605094,0.020530094512046092,0.07671618911800426,3.835809455900213e-05,3,0.95,0.050000000000000044
2021-01-26,-0.03785968630547611,-0.03788032564146967,0.04127867198711027,2.0639335993555136e-05,3,0.9499999999999997,0.050000000000000266
2021-01-27,0.018435708440394334,0.018371937602957016,0.1275416748746388,6.37708374373194e-05,3,0.95,0.050000000000000044
2021-01-28,0.25944589354667,0.259445590174496,0.0006067443480679557,3.033721740339779e-07,3,0.95,0.050000000000000044
2021-01-29,0.09188330072857251,0.09186365414180947,0.039293173526091685,1.9646586763045844e-05,3,0.9500000000000001,0.04999999999999993
2021-02-01,-0.011020449595550104,-0.01106917445785978,0.09744972461935467,4.8724862309677334e-05,3,0.9500000000000001,0.04999999999999993
2021-02-02,0.048759668901510615,0.048495134696874186,0.5290684092728658,0.00026453420463643293,3,0.95,0.050000000000000044
2021-02-03,-0.0056305031588056165,-0.005639097994350772,0.01718967109031097,8.594835545155486e-06,3,0.95,0.050000000000000044
2021-02-04,0.026497729098838282,0.026494584042315052,0.006290113046462764,3.145056523231382e-06,3,0.9499999999999997,0.050000000000000266
2021-02-05,0.05631833371779719,0.05629335914586111,0.04994914387216465,2.4974571936082324e-05,3,0.9499999999999998,0.050000000000000155
2021-02-08,0.019544980885574544,0.019298205311619715,0.49355114790965515,0.0002467755739548276,3,0.95,0.050000000000000044
2021-02-09,-0.040069608993362045,-0.04012664971060951,0.11408143449493233,5.704071724746616e-05,3,0.95,0.050000000000000044
2021-02-10,-0.007354329658389251,-0.00737869284797005,0.04872637916159783,2.4363189580798915e-05,3,0.95,0.050000000000000044
2021-02-11,-0.015045757585122431,-0.01509026914539205,0.08902312053923805,4.451156026961903e-05,3,0.9500000000000001,0.04999999999999993
2021-02-12,-0.05301279972713803,-0.053029261359262815,0.03292326424956582,1.646163212478291e-05,3,0.95,0.050000000000000044
2021-02-16,-0.012797332239407022,-0.01281541748696136,0.036170495108675926,1.8085247554337964e-05,3,0.95,0.050000000000000044
2021-02-17,-0.05855289580682932,-0.058578830741027994,0.05186986839735447,2.5934934198677234e-05,3,0.95,0.050000000000000044
2021-02-18,0.0517517550279879,0.05174094360121631,0.02162285354318183,1.0811426771590915e-05,3,0.95,0.050000000000000044
2021-02-19,-0.026652597104408017,-0.026946119257685558,0.5870443065550806,0.0002935221532775403,3,0.95,0.050000000000000044
2021-02-22,-0.01942004896333809,-0.019442646239721143,0.045194552766108675,2.259727638305434e-05,3,0.9500000000000001,0.04999999999999993
2021-02-23,0.4381130111379503,0.43801626649627157,0.19348928335749904,9.674464167874952e-05,3,0.95,0.050000000000000044
2021-02-24,0.03604175498050494,0.03574428691930869,0.5949361223925067,0.00029746806119625337,3,0.95,0.050000000000000044
2021-02-25,-0.008085081023185567,-0.00832859390867392,0.4870257709767034,0.0002435128854883517,3,0.9499999999999998,0.050000000000000155
2021-02-26,0.13017486988695082,0.1301704723954345,0.008794983032627796,4.397491516313898e-06,3,0.95,0.050000000000000044
2021-03-01,-0.05329598775264561,-0.053304946067945315,0.0179166305994157,8.958315299707851e-06,3,0.95,0.050000000000000044
2021-03-02,-0.022081161622142235,-0.022320429583834137,0.47853592338380246,0.00023926796169190123,3,0.95,0.050000000000000044
2021-03-03,-0.020539642493602562,-0.02057691588628743,0.07454678536973816,3.727339268486908e-05,3,0.95,0.050000000000000044
2021-03-04,0.04796481855035773,0.0478809540526032,0.1677289955090621,8.386449775453104e-05,3,0.95,0.050000000000000044
2021-03-05,0.13143682348242858,0.13141360984749242,0.04642726987230961,2.3213634936154803e-05,3,0.95,0.050000000000000044
2021-03-08,0.10963402977067473,0.10922483427422804,0.8183909928933918,0.00040919549644669593,3,0.9500000000000001,0.04999999999999993
2021-03-09,0.030521799392852378,0.030206456178940758,0.6306864278232425,0.00031534321391162126,3,0.95,0.050000000000000044
2021-03-10,0.06573853571043567,0.06570184802576375,0.07337536934386069,3.6687684671930347e-05,3,0.9499999999999997,0.050000000000000266
2021-03-11,0.025480059157412187,0.025202372212525626,0.5553738897731191,0.00027768694488655954,3,0.9500000000000001,0.04999999999999993
2021-03-12,0.022471546335306052,0.02246399621070461,0.01510024920288755,7.5501246014437755e-06,3,0.95,0.050000000000000044
2021-03-15,-0.017987972944106645,-0.018016155401061974,0.05636491391066134,2.818245695533067e-05,3,0.95,0.050000000000000044
2021-03-16,-0.008612210889205735,-0.00863362206869747,0.04282235898346948,2.141117949173474e-05,3,0.95,0.050000000000000044
2021-03-17,-0.05490974419647464,-0.05498033097183917,0.1411735507290715,7.058677536453575e-05,3,0.95,0.050000000000000044
2021-03-18,0.04459614272814284,0.04426217751558362,0.6679304251184459,0.00033396521255922297,3,0.95,0.050000000000000044
2021-03-19,-0.008707773851544857,-0.009033398771842184,0.6512498405946525,0.00032562492029732625,3,0.95,0.050000000000000044
2021-03-22,-0.058761195351428985,-0.058790600772580824,0.0588108423036835,2.940542115184175e-05,3,0.95,0.050000000000000044
2021-03-23,-0.08638092785446236,-0.08640493705128931,0.04801839365389515,2.4009196826947576e-05,3,0.95,0.050000000000000044
2021-03-24,-0.006704799534748611,-0.006719075503614648,0.028551937732073984,1.4275968866036993e-05,3,0.95,0.050000000000000044
2021-03-25,0.008072421574463935,0.007695689522943347,0.753464103041176,0.000376732051520588,3,0.95,0.050000000000000044
2021-03-26,0.026481629187004915,0.02641337954264081,0.1364992887282097,6.824964436410486e-05,3,0.95,0.050000000000000044
2021-03-29,0.04322971222452373,0.04321328654983049,0.032851349386473994,1.6425674693237e-05,3,0.95,0.050000000000000044
2021-03-30,0.03452492994783494,0.03424865513231362,0.5525496310426394,0.0002762748155213197,3,0.9499999999999998,0.050000000000000155
2021-03-31,0.01137584174682289,0.011137297165866422,0.4770891619129346,0.0002385445809564673,3,0.9500000000000001,0.04999999999999993
2021-04-01,-0.031395682836707565,-0.03143842571602253,0.08548575862993582,4.274287931496791e-05,3,0.9500000000000001,0.04999999999999993
2021-04-05,-0.000166341840885893,-0.0003573299558356006,0.38197622989941515,0.00019098811494970758,3,0.95,0.050000000000000044
2021-04-06,-0.029611047832767683,-0.02963216790040939,0.042240135283414804,2.11200676417074e-05,3,0.95,0.050000000000000044
2021-04-07,-0.017526415002451574,-0.017535127887654392,0.017425770405634255,8.712885202817128e-06,3,0.95,0.050000000000000044
2021-04-08,-0.04079049606019173,-0.04099868343079186,0.4163747412002665,0.00020818737060013327,3,0.95,0.050000000000000044
2021-04-09,-0.0778422060742541,-0.07784895710071935,0.013502052930492003,6.751026465246002e-06,3,0.95,0.050000000000000044
2021-04-12,0.00837359057856874,0.008163842042915823,0.41949707130583397,0.00020974853565291699,3,0.95,0.050000000000000044
2021-04-13,0.13901004095901592,0.138800292423363,0.41949707130583397,0.00020974853565291699,3,0.95,0.050000000000000044
2021-04-14,-0.046765151188375306,-0.0467832702637638,0.03623815077698664,1.811907538849332e-05,3,0.9499999999999998,0.050000000000000155
2021-04-15,-0.018245324480765372,-0.018251087749751992,0.011526537973237744,5.763268986618872e-06,3,0.95,0.050000000000000044
2021-04-16,0.06670824831448202,0.06670282922860986,0.010838171744337544,5.419085872168772e-06,3,0.95,0.050000000000000044
2021-04-19,-0.08167384792826879,-0.08169391116301215,0.040126469486733624,2.0063234743366812e-05,3,0.95,0.050000000000000044
2021-04-20,-0.008432974497838669,-0.008446538869554224,0.0271287434311083,1.356437171555415e-05,3,0.95,0.050000000000000044
2021-04-21,-0.024431097888416183,-0.02464209888184788,0.4220019868633947,0.00021100099343169734,3,0.9499999999999998,0.050000000000000155
2021-04-22,0.01461823998045679,0.014593919612847929,0.04864073521772305,2.4320367608861528e-05,3,0.95,0.050000000000000044
2021-04-23,0.07611175236329962,0.07589333333537154,0.4368380558561461,0.00021841902792807305,3,0.9499999999999998,0.050000000000000155
2021-04-26,0.014151617709443435,0.014148505901214985,0.0062236164568991725,3.1118082284495862e-06,3,0.95,0.050000000000000044
2021-04-27,0.014126880613127887,0.01410594183999849,0.041877546258793946,2.0938773129396974e-05,3,0.95,0.050000000000000044
2021-04-28,-0.024928480926686272,-0.02495235411452666,0.04774637568076942,2.387318784038471e-05,3,0.9500000000000001,0.04999999999999993
2021-04-29,-0.00415164326456731,-0.0041572418617188715,0.011197194303122826,5.598597151561413e-06,3,0.95,0.050000000000000044
2021-04-30,-0.037173180415279936,-0.037175406214385864,0.004451598211854424,2.225799105927212e-06,3,0.95,0.050000000000000044
2021-05-03,-0.02070965598592707,-0.020716256776880784,0.013201581907426096,6.6007909537130485e-06,3,0.95,0.050000000000000044
2021-05-04,-0.0038111746599014114,-0.003999831873928231,0.37731442805363846,0.00018865721402681922,3,0.95,0.050000000000000044
2021-05-05,-0.017437295652759557,-0.017629049864554748,0.3835084235903838,0.0001917542117951919,3,0.95,0.050000000000000044
2021-05-06,-0.010579007089457467,-0.01077519926965373,0.39238436039252855,0.00019619218019626428,3,0.95,0.050000000000000044
2021-05-07,-0.08251097152755313,-0.08251224746220363,0.002551869301006121,1.2759346505030605e-06,3,0.9499999999999998,0.050000000000000155
2021-05-10,0.036665967611785324,0.0366592181935993,0.013498836372062117,6.749418186031059e-06,3,0.95,0.050000000000000044
2021-05-11,-0.055347018023779705,-0.05535729578558373,0.020555523608052434,1.0277761804026217e-05,3,0.95,0.050000000000000044
2021-05-12,0.04308734888038662,0.042888904291222864,0.3968891783275128,0.0001984445891637564,3,0.95,0.050000000000000044
2021-05-13,0.03553972462919168,0.035533522619169214,0.012404020044931713,6.2020100224658565e-06,3,0.9499999999999998,0.050000000000000155
2021-05-14,0.07299541038791095,0.07299225623174505,0.006308312331823301,3.154156165911651e-06,3,0.9499999999999998,0.050000000000000155
2021-05-17,0.008008563487832004,0.008005005820678297,0.007115334307412263,3.5576671537061316e-06,3,0.95,0.050000000000000044
2021-05-18,-0.0350158325500783,-0.03504143705880044,0.05120901744428505,2.5604508722142524e-05,3,0.9500000000000001,0.04999999999999993
2021-05-19,0.015267995639415556,0.015225476856054729,0.08503756672165583,4.2518783360827915e-05,3,0.95,0.050000000000000044
2021-05-20,0.010707739214433711,0.01068151512055234,0.05244818776274257,2.6224093881371286e-05,3,0.95,0.050000000000000044
2021-05-21,0.021887607168071543,0.021882441999161357,0.010330337820369462,5.165168910184731e-06,3,0.95,0.050000000000000044
2021-05-24,0.10164721390206817,0.10164711742506291,0.00019295401053126549,9.647700526563275e-08,3,0.95,0.050000000000000044
2021-05-25,0.09603569847084348,0.09602333352438629,0.024729892914372026,1.2364946457186013e-05,3,0.95,0.050000000000000044
2021-05-26,0.03445306886510362,0.034438476617458934,0.029184495289365536,1.4592247644682769e-05,3,0.95,0.050000000000000044
2021-05-27,-0.0630114209405331,-0.06301731060363182,0.011779326197436601,5.889663098718301e-06,3,0.95,0.050000000000000044
2021-05-28,0.09438238470372448,0.09438168851733005,0.0013923727888714987,6.961863944357494e-07,3,0.95,0.050000000000000044
2021-06-01,0.05167111819784376,0.051670805653592465,0.0006250885025803621,3.1254425129018103e-07,3,0.95,0.050000000000000044
2021-06-02,-0.042120861758946734,-0.04212175873567504,0.001793953456600994,8.96976728300497e-07,3,0.9499999999999998,0.050000000000000155
2021-06-03,0.0021494576369312764,0.0021308162148641337,0.037282844134285203,1.8641422067142602e-05,3,0.9499999999999998,0.050000000000000155
2021-06-04,0.06315672476670108,0.06313575050420434,0.04194852499347726,2.097426249673863e-05,3,0.95,0.050000000000000044
2021-06-07,0.04171884739437332,0.04170625707069493,0.025180647356784158,1.2590323678392079e-05,3,0.95,0.050000000000000044
2021-06-08,-0.013419697938945065,-0.013426560933266817,0.013725988643504022,6.862994321752011e-06,3,0.9500000000000001,0.04999999999999993
2021-06-09,-0.113308151811435,-0.11350036502480262,0.3844264267352544,0.0001922132133676272,3,0.95,0.050000000000000044
2021-06-10,0.04604716096208438,0.046036379730935696,0.02156246229736336,1.0781231148681681e-05,3,0.95,0.050000000000000044
2021-06-11,0.009897405086391073,0.009882586143642447,0.029637885497250355,1.4818942748625177e-05,3,0.95,0.050000000000000044
2021-06-14,-0.02181174790177738,-0.021824698987585038,0.025902171615310998,1.29510858076555e-05,3,0.95,0.050000000000000044
2021-06-15,-0.006499478845728077,-0.006506214321623942,0.013470951791728553,6.7354758958642765e-06,3,0.95,0.050000000000000044
2021-06-16,0.009513826714557803,0.009508910625642986,0.009832177829634636,4.916088914817318e-06,3,0.95,0.050000000000000044
2021-06-17,-0.026371852888437845,-0.026590007507831966,0.4363092387882424,0.0002181546193941212,3,0.95,0.050000000000000044
2021-06-18,-0.03180117679670107,-0.031815711196298835,0.029068799195537398,1.45343995977687e-05,3,0.95,0.050000000000000044
2021-06-21,0.12036497027922419,0.12014415632554264,0.44162790736309776,0.0002208139536815489,3,0.9500000000000001,0.04999999999999993
2021-06-22,-0.0005800613291229197,-0.0005853441823528297,0.010565706459820051,5.2828532299100254e-06,3,0.95,0.050000000000000044
2021-06-23,-0.021855344933407003,-0.02185924398541504,0.007798104016074531,3.899052008037265e-06,3,0.9500000000000001,0.04999999999999993
2021-06-24,-0.015483271764010452,-0.015705469518913873,0.4443955098068433,0.00022219775490342163,3,0.95,0.050000000000000044
2021-06-25,0.03835412496378889,0.038322092253985945,0.06406541960590045,3.203270980295023e-05,3,0.95,0.050000000000000044
2021-06-28,-0.012370950860287219,-0.012406211546377477,0.07052137218051624,3.526068609025812e-05,3,0.9499999999999998,0.050000000000000155
2021-06-29,0.008515301060686929,0.00850839118042512,0.01381976052361722,6.90988026180861e-06,3,0.95,0.050000000000000044
2021-06-30,-0.026323553801788906,-0.026496256067086603,0.3454045305953917,0.00017270226529769587,3,0.95,0.050000000000000044
2021-07-01,-0.022745177789774224,-0.022806195410713787,0.12203524187912579,6.101762093956289e-05,3,0.95,0.050000000000000044
2021-07-02,-0.02452304630657207,-0.024540521026695503,0.03494944024686669,1.7474720123433346e-05,3,0.95,0.050000000000000044
2021-07-06,-0.05827605010365414,-0.05828354031926693,0.014980431225584845,7.490215612792422e-06,3,0.9500000000000001,0.04999999999999993
2021-07-07,0.027372817843280235,0.027353217041164897,0.0392016042306747,1.9600802115337352e-05,3,0.95,0.050000000000000044
2021-07-08,-0.010817589807741675,-0.010825741193628034,0.016302771772717953,8.151385886358976e-06,3,0.95,0.050000000000000044
2021-07-09,-0.029416220005907018,-0.02943255144245534,0.03266287309664288,1.633143654832144e-05,3,0.95,0.050000000000000044
2021-07-12,-0.051589618498431564,-0.05160245004087326,0.025663084883386228,1.2831542441693114e-05,3,0.9499999999999998,0.050000000000000155
2021-07-13,-0.09386225204150787,-0.09387431503856224,0.024125994108722376,1.2062997054361188e-05,3,0.95,0.050000000000000044
2021-07-14,0.017790076546758994,0.0177736900473721,0.03277299877378674,1.638649938689337e-05,3,0.9500000000000001,0.04999999999999993
2021-07-15,-0.00859821220421259,-0.00860492642374273,0.01342843906028117,6.714219530140585e-06,3,0.95,0.050000000000000044
2021-07-16,0.004956567039787203,0.004952541230062205,0.008051619449995995,4.025809724997998e-06,3,0.95,0.050000000000000044
2021-07-19,0.1413909466535051,0.14138084724694866,0.020198813112895384,1.0099406556447692e-05,3,0.95,0.050000000000000044
2021-07-20,-0.025296849712962383,-0.02531656590681938,0.03943238771399299,1.9716193856996494e-05,3,0.95,0.050000000000000044
2021-07-21,-0.0519434146226556,-0.05194364814775752,0.0004670502038310459,2.3352510191552296e-07,3,0.9500000000000001,0.04999999999999993
2021-07-22,0.0004393195584370623,0.000325908663887856,0.22682178909841252,0.00011341089454920626,3,0.95,0.050000000000000044
2021-07-23,0.039233633887435115,0.039224268244818054,0.01873128523412368,9.365642617061839e-06,3,0.95,0.050000000000000044
2021-07-26,-0.03642975624586625,-0.036439559863996114,0.01960723625972749,9.803618129863745e-06,3,0.95,0.050000000000000044
2021-07-27,-0.01539462265495928,-0.01553842823562831,0.2876111613380601,0.00014380558066903005,3,0.95,0.050000000000000044
2021-07-28,-0.0154334439484081,-0.015593613403185467,0.3203389095547321,0.00016016945477736607,3,0.95,0.050000000000000044
2021-07-29,-0.024488923587951912,-0.02449016554072501,0.0024839055462011483,1.2419527731005742e-06,3,0.9500000000000001,0.04999999999999993
2021-07-30,-0.030898012979897305,-0.031064434290718385,0.33284262164215994,0.00016642131082107999,3,0.95,0.050000000000000044
2021-08-02,-0.024852674613547614,-0.024868049112934828,0.03074899877442519,1.5374499387212595e-05,3,0.9500000000000001,0.04999999999999993
2021-08-03,-0.06209302161237766,-0.062274817422585955,0.363591620416585,0.0001817958102082925,3,0.9499999999999998,0.050000000000000155
2021-08-04,0.05829291746992569,0.05827421201644689,0.03741090695759547,1.8705453478797734e-05,3,0.95,0.050000000000000044
2021-08-05,-0.01173675831814444,-0.011741693885905397,0.009871135521915264,4.935567760957632e-06,3,0.95,0.050000000000000044
2021-08-06,0.03585051260869402,0.035840309781415614,0.020405654556811537,1.0202827278405768e-05,3,0.9499999999999997,0.050000000000000266
2021-08-09,-0.015214212832135181,-0.015227368433156266,0.026311202042168802,1.3155601021084401e-05,3,0.95,0.050000000000000044
2021-08-10,-0.006691203485571675,-0.006693883336874284,0.0053597026052180086,2.6798513026090045e-06,3,0.95,0.050000000000000044
2021-08-11,0.021743678887517062,0.021727497659334117,0.0323624563658918,1.61812281829459e-05,3,0.95,0.050000000000000044
2021-08-12,-0.006630498120563268,-0.006636705527239635,0.012414813352734644,6.207406676367322e-06,3,0.95,0.050000000000000044
2021-08-13,0.01084811080227415,0.010838515173249007,0.019191258050285986,9.595629025142993e-06,3,0.95,0.050000000000000044
2021-08-16,0.004443763954522209,0.004441431332418635,0.004665244207147923,2.3326221035739615e-06,3,0.9500000000000001,0.04999999999999993
2021-08-17,-0.02537893787909041,-0.02558100677330413,0.4041377884274395,0.00020206889421371977,3,0.95,0.050000000000000044
2021-08-18,-0.04351466677857474,-0.0435401031521316,0.05087274711372819,2.5436373556864097e-05,3,0.9500000000000001,0.04999999999999993
2021-08-19,0.0173618410051652,0.01716721311970617,0.38925577091806185,0.00019462788545903092,3,0.95,0.050000000000000044
2021-08-20,0.05606367280887487,0.05604433978239383,0.03866605296209091,1.9333026481045458e-05,3,0.9500000000000001,0.04999999999999993
2021-08-23,0.2028857199042991,0.20288304132250598,0.005357163586224262,2.678581793112131e-06,3,0.9499999999999998,0.050000000000000155
2021-08-24,-0.0332603620584864,-0.0332678282420914,0.01493236721001398,7.46618360500699e-06,3,0.95,0.050000000000000044
2021-08-25,-0.008736495160308107,-0.00874265036451316,0.012310408410107193,6.155204205053597e-06,3,0.95,0.050000000000000044
2021-08-26,0.013439211157895785,0.01343487038943841,0.008681536914748988,4.340768457374495e-06,3,0.9499999999999998,0.050000000000000155
2021-08-27,0.02656788829558236,0.02654357679226461,0.04862300663549693,2.4311503317748466e-05,3,0.95,0.050000000000000044
2021-08-30,0.03729697192271887,0.037295121991883604,0.003699861670540594,1.8499308352702971e-06,3,0.95,0.050000000000000044
2021-08-31,-0.033850542773902856,-0.03408399209226119,0.46689863671667753,0.00023344931835833876,3,0.95,0.050000000000000044
2021-09-01,0.02921818092302647,0.028993032412004485,0.45029702204397504,0.00022514851102198752,3,0.9500000000000001,0.04999999999999993
2021-09-02,-0.029456981613930483,-0.029469046000535407,0.024128773209848825,1.2064386604924413e-05,3,0.95,0.050000000000000044
2021-09-03,-0.020621623975049016,-0.020873857443292936,0.5044669364878412,0.0002522334682439206,3,0.9500000000000001,0.04999999999999993
2021-09-07,-0.011676012792211008,-0.011685750415028208,0.019475245634400784,9.737622817200393e-06,3,0.95,0.050000000000000044
2021-09-08,0.020738484356222112,0.02050148623866997,0.47399623510428734,0.00023699811755214367,3,0.9499999999999998,0.050000000000000155
2021-09-09,-0.025508652276004223,-0.025522276638981534,0.02724872595462527,1.3624362977312634e-05,3,0.95,0.050000000000000044
2021-09-10,0.037282047835318105,0.03705172009466619,0.46065548130382755,0.00023032774065191377,3,0.95,0.050000000000000044
2021-09-13,-0.01867286927222456,-0.018673573070354825,0.0014075962605279158,7.037981302639578e-07,3,0.95,0.050000000000000044
2021-09-14,0.024868130068501366,0.024860771399885236,0.014717337232260791,7.358668616130396e-06,3,0.95,0.050000000000000044
2021-09-15,0.005818585768815691,0.005817424894035965,0.0023217495594517468,1.1608747797258734e-06,3,0.95,0.050000000000000044
2021-09-16,-0.004222636970112948,-0.004451702613054866,0.45813128588383517,0.0002290656429419176,3,0.95,0.050000000000000044
2021-09-17,-0.06368521903471935,-0.06391428467766128,0.4581312858838352,0.00022906564294191762,3,0.9500000000000001,0.04999999999999993
2021-09-20,-0.01867859966824445,-0.018911995609301135,0.46679188211336825,0.00023339594105668414,3,0.9500000000000001,0.04999999999999993
2021-09-21,0.021652161797168126,0.021643989864330165,0.016343865675924774,8.171932837962386e-06,3,0.95,0.050000000000000044
2021-09-22,0.011382047414301467,0.011131981066277946,0.500132696047042,0.00025006634802352104,3,0.9499999999999998,0.050000000000000155
2021-09-23,-0.023358652154651903,-0.02338681282661826,0.05632134393271221,2.8160671966356105e-05,3,0.95,0.050000000000000044
2021-09-24,0.005042598522958311,0.0050354390074534945,0.014319031009632888,7.159515504816444e-06,3,0.95,0.050000000000000044
2021-09-27,-0.04334179321298709,-0.04354851648215529,0.4134465383364056,0.0002067232691682028,3,0.95,0.050000000000000044
2021-09-28,-0.013073798158990752,-0.013311577264075608,0.475558210169714,0.000237779105084857,3,0.9499999999999998,0.050000000000000155
2021-09-29,0.02346011855428467,0.023433420443866648,0.05339622083604395,2.6698110418021976e-05,3,0.95,0.050000000000000044
2021-09-30,0.008088817641210605,0.0080617307436146,0.05417379519201196,2.708689759600598e-05,3,0.9500000000000001,0.04999999999999993
2021-10-01,-0.020734849605903178,-0.020938616302469133,0.4075333931319082,0.0002037666965659541,3,0.95,0.050000000000000044
2021-10-04,0.011845451955394767,0.011638999027965755,0.41290585485802256,0.00020645292742901128,3,0.9499999999999998,0.050000000000000155
2021-10-05,-0.0091145816831022,-0.009142760530022456,0.05635769384051256,2.8178846920256284e-05,3,0.95,0.050000000000000044
2021-10-06,0.021377131404888308,0.021351525923610084,0.05121096255644411,2.5605481278222058e-05,3,0.95,0.050000000000000044
2021-10-07,-0.013314717116267527,-0.013506258786996376,0.38308334145769973,0.00019154167072884986,3,0.9499999999999998,0.050000000000000155
2021-10-08,0.020359243585302556,0.02007912988965653,0.5602273912920496,0.0002801136956460248,3,0.95,0.050000000000000044
2021-10-11,0.0018988872078808654,0.001679644200102982,0.4384860155557666,0.0002192430077778833,3,0.9499999999999998,0.050000000000000155
2021-10-12,0.026723471194685617,0.026513364539473446,0.4202133104243409,0.00021010665521217046,3,0.95,0.050000000000000044
2021-10-13,0.023311086031785253,0.0231110533830315,0.40006529750750663,0.00020003264875375333,3,0.9500000000000001,0.04999999999999993
2021-10-14,0.005206884762215086,0.0049781235776900565,0.45752236905006016,0.0002287611845250301,3,0.95,0.050000000000000044
2021-10-15,0.0201414595475524,0.019914818035659358,0.4532830237860829,0.00022664151189304144,3,0.9499999999999998,0.050000000000000155
2021-10-18,-0.015970606298081287,-0.016205121302578136,0.4690300089936953,0.00023451500449684764,3,0.9499999999999998,0.050000000000000155
2021-10-19,0.002878829383684728,0.002845282035044941,0.06709469727957362,3.3547348639786815e-05,3,0.9499999999999998,0.050000000000000155
2021-10-20,-0.026617112910070753,-0.02663405302081012,0.03388022147872993,1.6940110739364968e-05,3,0.9500000000000001,0.04999999999999993
2021-10-21,-0.04338617540024746,-0.04340301839379885,0.03368598710277901,1.6842993551389506e-05,3,0.95,0.050000000000000044
2021-10-22,0.016326138247172776,0.016310199546610876,0.03187740112379761,1.5938700561898805e-05,3,0.95,0.050000000000000044
2021-10-25,0.0021311579155226783,0.002113075782995848,0.03616426505366033,1.8082132526830165e-05,3,0.95,0.050000000000000044
2021-10-26,-0.031445511738881,-0.03146152243058068,0.032021383399365555,1.601069169968278e-05,3,0.95,0.050000000000000044
2021-10-27,0.027446102405263344,0.0274322785364346,0.02764773765748829,1.3823868828744146e-05,3,0.95,0.050000000000000044
2021-10-28,-0.0034650804431868524,-0.003743562099676155,0.5569633129786058,0.0002784816564893029,3,0.95,0.050000000000000044
2021-10-29,0.06765339234432213,0.06736148193599056,0.5838208166631456,0.0002919104083315728,3,0.95,0.050000000000000044
2021-11-01,0.029581466995965755,0.029566997227948304,0.028939536034903623,1.4469768017451812e-05,3,0.95,0.050000000000000044
2021-11-02,0.010173548153302132,0.010154794812805004,0.03750668099425797,1.8753340497128985e-05,3,0.95,0.050000000000000044
2021-11-03,-0.010999175573767651,-0.011016738853623283,0.035126559711263994,1.7563279855631996e-05,3,0.9499999999999998,0.050000000000000155
2021-11-04,0.02451274307015473,0.02448844815430759,0.048589831694276775,2.4294915847138387e-05,3,0.9499999999999998,0.050000000000000155
2021-11-05,0.046386559425784096,0.04636910375626144,0.03491133904532162,1.745566952266081e-05,3,0.95,0.050000000000000044
2021-11-08,-0.05678140390979005,-0.05678837201537465,0.013936211169204349,6.9681055846021745e-06,3,0.95,0.050000000000000044
2021-11-09,-0.03963139079455686,-0.03972545750201579,0.18813341491785657,9.406670745892829e-05,3,0.95,0.050000000000000044
2021-11-10,0.010042703906615708,0.010034290223196607,0.016827366838204016,8.413683419102008e-06,3,0.95,0.050000000000000044
2021-11-11,-0.0069410495005858405,-0.006972686609431607,0.06327421769153363,3.1637108845766814e-05,3,0.9500000000000002,0.04999999999999982
2021-11-12,0.03600261253818703,0.03598717167609353,0.030881724187011628,1.5440862093505813e-05,3,0.95,0.050000000000000044
2021-11-15,-0.0031864349568696826,-0.0031880874270164275,0.0033049402934899885,1.6524701467449942e-06,3,0.9499999999999997,0.050000000000000266
2021-11-16,-0.004902406451067031,-0.004922134317672534,0.03945573321100604,1.972786660550302e-05,3,0.95,0.050000000000000044
2021-11-17,-0.014526297915622818,-0.0145376158381,0.022635844954361883,1.1317922477180941e-05,3,0.9499999999999998,0.050000000000000155
2021-11-18,0.024314065158765434,0.024298200331921628,0.03172965368761549,1.5864826843807746e-05,3,0.9499999999999997,0.050000000000000266
2021-11-19,0.03230291175016928,0.03229314138965893,0.01954072102070248,9.77036051035124e-06,3,0.9499999999999998,0.050000000000000155
2021-11-22,-0.049104440349702315,-0.04912737047979126,0.045860260177882695,2.2930130088941347e-05,3,0.95,0.050000000000000044
2021-11-23,-0.005458804371956438,-0.005472559713864117,0.027510683815358927,1.3755341907679463e-05,3,0.95,0.050000000000000044
2021-11-24,-0.04392737775131333,-0.04397599945475823,0.09724340688981381,4.8621703444906906e-05,3,0.9499999999999998,0.050000000000000155
2021-11-26,0.019938696577097265,0.019924529970422447,0.028333213349635983,1.4166606674817992e-05,3,0.95,0.050000000000000044
2021-11-29,-0.05134335480067168,-0.05135414485453804,0.02158010773271188,1.0790053866355939e-05,3,0.95,0.050000000000000044
2021-11-30,-0.0875853486977635,-0.08759463128314067,0.018565170754354154,9.282585377177077e-06,3,0.95,0.050000000000000044
2021-12-01,0.02176587935526123,0.021751678021688682,0.02840266714509282,1.420133357254641e-05,3,0.9500000000000001,0.04999999999999993
2021-12-02,-0.0261759937795667,-0.026494369422770937,0.6367512864084731,0.0003183756432042366,3,0.95,0.050000000000000044
2021-12-03,-0.010140470856437142,-0.010487040631854776,0.69313955083527,0.000346569775417635,3,0.95,0.050000000000000044
2021-12-06,0.03993570054505946,0.03991149183425227,0.048417421614380174,2.4208710807190088e-05,3,0.95,0.050000000000000044
2021-12-07,0.000611455685375053,0.0005898862287979676,0.0431389131541709,2.156945657708545e-05,3,0.95,0.050000000000000044
2021-12-08,-0.06915512966116599,-0.06916087724526289,0.011495168193787264,5.747584096893632e-06,3,0.95,0.050000000000000044
2021-12-09,-0.012942378406612106,-0.013240896524816704,0.5970362364091955,0.00029851811820459775,3,0.9499999999999998,0.050000000000000155
2021-12-10,-0.11568463250365167,-0.11570708459836278,0.04490418942220756,2.2452094711103778e-05,3,0.9499999999999997,0.050000000000000266
2021-12-13,0.04223914842857583,0.042014401892288264,0.4494930725751306,0.0002247465362875653,3,0.95,0.050000000000000044
2021-12-14,0.005131859738062834,0.0050876725460339495,0.08837438405776923,4.418719202888462e-05,3,0.95,0.050000000000000044
2021-12-15,-0.02260373701202733,-0.022650770699503248,0.09406737495183456,4.703368747591728e-05,3,0.95,0.050000000000000044
2021-12-16,0.09969812356324871,0.09968904116943358,0.01816478763024265,9.082393815121325e-06,3,0.95,0.050000000000000044
2021-12-17,0.007364153070182081,0.007358557340286411,0.011191459791338593,5.595729895669297e-06,3,0.95,0.050000000000000044
2021-12-20,0.023131575926693203,0.023115452926390345,0.03224600060571409,1.6123000302857045e-05,3,0.95,0.050000000000000044
2021-12-21,-0.03741797441272389,-0.03742825685968875,0.0205648939297238,1.0282446964861899e-05,3,0.9499999999999998,0.050000000000000155
2021-12-22,0.002037282379542463,0.0019912184689241733,0.09212782123657931,4.606391061828966e-05,3,0.9500000000000001,0.04999999999999993
2021-12-23,-0.005130832610020702,-0.005170168799801489,0.07867237956157477,3.933618978078739e-05,3,0.9500000000000002,0.04999999999999982
2021-12-27,-0.032845764088282006,-0.03284659600551645,0.001663834468884684,8.319172344423421e-07,3,0.95,0.050000000000000044
2021-12-28,0.012103546066073613,0.012075651473551066,0.055789185045094114,2.7894592522547057e-05,3,0.95,0.050000000000000044
2021-12-29,0.015567721515874853,0.015554408793316704,0.026625445116296165,1.3312722558148082e-05,3,0.95,0.050000000000000044
2021-12-30,-0.03613042263574599,-0.03615351821867056,0.04619116584914168,2.309558292457084e-05,3,0.9499999999999997,0.050000000000000266
2021-12-31,-0.007761233797520753,-0.007783263736296717,0.044059877551928084,2.202993877596404e-05,3,0.95,0.050000000000000044
2022-01-03,-0.02329260330077598,-0.02329523255250488,0.005258503457803709,2.629251728901855e-06,3,0.95,0.050000000000000044
2022-01-04,-0.09165738324724354,-0.09166421967186572,0.013672849244371232,6.836424622185616e-06,3,0.9499999999999998,0.050000000000000155
2022-01-05,0.004644991273809879,0.004627455709556717,0.03507112850632299,1.7535564253161495e-05,3,0.95,0.050000000000000044
2022-01-06,0.027489671800589255,0.02746026799694176,0.05880760729499224,2.9403803647496118e-05,3,0.9499999999999998,0.050000000000000155
2022-01-07,-0.01997955653028856,-0.019982669961990083,0.006226863403047039,3.1134317015235195e-06,3,0.9499999999999998,0.050000000000000155
2022-01-10,-0.0023803613716272183,-0.002411314706895403,0.061906670536369,3.09533352681845e-05,3,0.95,0.050000000000000044
2022-01-11,-0.014790726891956037,-0.014821278563084104,0.0611033422561332,3.05516711280666e-05,3,0.9499999999999998,0.050000000000000155
2022-01-12,-0.0459630752483338,-0.04623155125200672,0.5369520073458359,0.00026847600367291795,3,0.95,0.050000000000000044
2022-01-13,0.004400123553379696,0.004368473824865737,0.06329945702791884,3.164972851395942e-05,3,0.95,0.050000000000000044
2022-01-14,-0.050918922777392454,-0.05094408013450654,0.05031471422817049,2.5157357114085248e-05,3,0.9500000000000002,0.04999999999999982
2022-01-18,-0.01852983502953023,-0.01859057926870006,0.12148847833966542,6.074423916983271e-05,3,0.95,0.050000000000000044
2022-01-19,-0.017832062491111265,-0.017911603976857725,0.15908297149291625,7.954148574645813e-05,3,0.9500000000000001,0.04999999999999993
2022-01-20,-0.03102517382525597,-0.031195425383567996,0.34050311662404975,0.00017025155831202487,3,0.95,0.050000000000000044
2022-01-21,-0.030807478596584018,-0.030861049762540827,0.10714233191362194,5.357116595681097e-05,3,0.95,0.050000000000000044
2022-01-24,-0.006909670345410689,-0.006982738505969818,0.14613632111825764,7.306816055912882e-05,3,0.95,0.050000000000000044
2022-01-25,0.015409288812495616,0.01537756920538813,0.06343921421497012,3.171960710748506e-05,3,0.9500000000000001,0.04999999999999993
2022-01-26,-0.03051335994185657,-0.030855001008233143,0.6832821327531502,0.0003416410663765751,3,0.9499999999999998,0.050000000000000155
2022-01-27,0.014263078762021653,0.014250582186616413,0.024993150810478704,1.2496575405239352e-05,3,0.95,0.050000000000000044
2022-01-28,0.03907081248483082,0.03904785392617891,0.045917117303809735,2.2958558651904867e-05,3,0.9500000000000001,0.04999999999999993
2022-01-31,0.02038186220368757,0.02037872484154047,0.006274724294204864,3.1373621471024324e-06,3,0.9499999999999998,0.050000000000000155
2022-02-01,-0.009611676214071883,-0.009825236776443987,0.42712112474420644,0.0002135605623721032,3,0.95,0.050000000000000044
2022-02-02,-0.02025249789445987,-0.020264221221375507,0.023446653831273923,1.172332691563696e-05,3,0.95,0.050000000000000044
2022-02-03,0.017844034806974114,0.017798574503561166,0.09092060682589634,4.546030341294817e-05,3,0.95,0.050000000000000044
2022-02-04,0.019958254108703014,0.019934089209417156,0.04832979857171557,2.4164899285857787e-05,3,0.9499999999999997,0.050000000000000266
2022-02-07,-0.017184908879556045,-0.017194659606006392,0.01950145290069369,9.750726450346844e-06,3,0.9499999999999998,0.050000000000000155
2022-02-08,0.07557321930607275,0.07532724789954404,0.49194281305741033,0.00024597140652870517,3,0.95,0.050000000000000044
2022-02-09,-0.03196135899181651,-0.031983620216199334,0.04452244876564537,2.2261224382822685e-05,3,0.9499999999999997,0.050000000000000266
2022-02-10,0.007845423016036975,0.007827649359270859,0.03554731353223131,1.7773656766115655e-05,3,0.9500000000000001,0.04999999999999993
2022-02-11,0.026448343556380805,0.02643298761054894,0.03071189166372848,1.535594583186424e-05,3,0.95,0.050000000000000044
2022-02-14,-0.018621963774285093,-0.018849460412030564,0.45499327549094054,0.00022749663774547028,3,0.9500000000000001,0.04999999999999993
2022-02-15,0.02205607635104572,0.02205336307012074,0.005426561849967676,2.713280924983838e-06,3,0.95,0.050000000000000044
2022-02-16,-0.03291416145251655,-0.032942406851605634,0.0564907981781721,2.824539908908605e-05,3,0.95,0.050000000000000044
2022-02-17,-0.03440352229272839,-0.03443083253755361,0.05462048965043392,2.7310244825216962e-05,3,0.95,0.050000000000000044
2022-02-18,-0.036172241203583685,-0.03618839953007433,0.03231665298128322,1.615832649064161e-05,3,0.95,0.050000000000000044
2022-02-22,0.05267741700247579,0.05264840092624345,0.05803215246468599,2.9016076232342993e-05,3,0.95,0.050000000000000044
2022-02-23,0.06569008314621472,0.06561194565025603,0.15627499191735209,7.813749595867604e-05,3,0.95,0.050000000000000044
2022-02-24,0.03629704230166306,0.036229494827130775,0.13509494906455863,6.754747453227931e-05,3,0.9499999999999998,0.050000000000000155
2022-02-25,-0.012989308216439462,-0.012998801514155209,0.018986595431494196,9.493297715747099e-06,3,0.9499999999999998,0.050000000000000155
2022-02-28,-0.020791612589016482,-0.02082372657293826,0.06422796784355564,3.211398392177782e-05,3,0.95,0.050000000000000044
2022-03-01,0.023283035231903573,0.023272030114401394,0.022010235004360668,1.1005117502180334e-05,3,0.9499999999999998,0.050000000000000155
2022-03-02,-0.016699938192504423,-0.016707503105270752,0.015129825532657931,7.564912766328966e-06,3,0.95,0.050000000000000044
2022-03-03,0.006055004823279779,0.006040449209278931,0.02911122800169494,1.455561400084747e-05,3,0.95,0.050000000000000044
2022-03-04,-0.009832969422308685,-0.009849814983831563,0.03369112304575661,1.6845561522878304e-05,3,0.95,0.050000000000000044
2022-03-07,0.02180133811052964,0.021786062225581184,0.030551769896910524,1.5275884948455263e-05,3,0.9499999999999998,0.050000000000000155
2022-03-08,0.007566694560821724,0.007554826223537802,0.023736674567844618,1.1868337283922309e-05,3,0.95,0.050000000000000044
2022-03-09,0.014758624134753675,0.01474898075956702,0.019286750373308376,9.643375186654188e-06,3,0.95,0.050000000000000044
2022-03-10,0.00034003145029542874,0.00032263657683079115,0.03478974692927514,1.739487346463757e-05,3,0.95,0.050000000000000044
2022-03-11,-0.03986489951914475,-0.039879984035864,0.030169033438496973,1.5084516719248486e-05,3,0.9500000000000001,0.04999999999999993
2022-03-14,0.01693492731939981,0.016926356429171428,0.017141780456769146,8.570890228384573e-06,3,0.95,0.050000000000000044
2022-03-15,0.06609208399608237,0.06607969313457251,0.02478172301970169,1.2390861509850846e-05,3,0.95,0.050000000000000044
2022-03-16,0.04004931634810419,0.04001520659951221,0.0682194971839711,3.4109748591985554e-05,3,0.95,0.050000000000000044
2022-03-17,-0.007093911888729952,-0.007160634669874239,0.1334455622885744,6.672278114428721e-05,3,0.95,0.050000000000000044
2022-03-18,0.032092181062673385,0.031874950825875784,0.4344604735952057,0.00021723023679760285,3,0.9500000000000001,0.04999999999999993
2022-03-21,-0.0036259751865528028,-0.0038587449497551997,0.4655395264047942,0.0002327697632023971,3,0.9499999999999998,0.050000000000000155
2022-03-22,0.019987291552980804,0.019744205591943346,0.48617192207491955,0.00024308596103745977,3,0.95,0.050000000000000044
2022-03-23,0.007895412233230632,0.007868759498566255,0.05330546932875191,2.6652734664375957e-05,3,0.95,0.050000000000000044
2022-03-24,0.05017297743129169,0.05017128733086309,0.0033802008572004494,1.6901004286002247e-06,3,0.9500000000000001,0.04999999999999993
2022-03-25,-0.011913667417054609,-0.012137986039938247,0.448637245767277,0.00022431862288363848,3,0.95,0.050000000000000044
2022-03-28,0.02434518823005462,0.02432784006330078,0.03469633350767801,1.7348166753839002e-05,3,0.9500000000000001,0.04999999999999993
2022-03-29,-0.010181177469506128,-0.010211628911303028,0.06090288359380153,3.0451441796900764e-05,3,0.95,0.050000000000000044
2022-03-30,-0.013846946210248675,-0.01385676707831811,0.01964173613887002,9.82086806943501e-06,3,0.95,0.050000000000000044
2022-03-31,0.0078302296439064,0.007788004836238017,0.08444961533676656,4.2224807668383285e-05,3,0.95,0.050000000000000044
2022-04-01,-0.00946025088702333,-0.0094725832616236,0.024664749200538794,1.2332374600269396e-05,3,0.95,0.050000000000000044
2022-04-04,0.007092315743778936,0.006851421118176431,0.48178925120500954,0.00024089462560250477,3,0.9500000000000001,0.04999999999999993
2022-04-05,-0.035797900636269156,-0.03581090223959939,0.026003206660458106,1.3001603330229053e-05,3,0.95,0.050000000000000044
2022-04-06,0.028626529032172554,0.02839863600990028,0.4557860445445515,0.00022789302227227577,3,0.95,0.050000000000000044
2022-04-07,0.02145252148474247,0.021227186724370264,0.45066952074441446,0.00022533476037220725,3,0.95,0.050000000000000044
2022-04-08,-0.03951876191564145,-0.039526040607382275,0.014557383481645148,7.2786917408225736e-06,3,0.95,0.050000000000000044
2022-04-11,0.01884402260707492,0.01861621530502316,0.45561460410351723,0.00022780730205175861,3,0.9499999999999998,0.050000000000000155
2022-04-12,0.07309821842822857,0.07264821842822856,0.8999999999999999,0.00045,3,0.9500000000000001,0.04999999999999993
2022-04-13,-0.007892519553165042,-0.007904121958657766,0.023204810985447355,1.1602405492723678e-05,3,0.95,0.050000000000000044
2022-04-14,0.03632434776725969,0.03628508470001914,0.07852613448110629,3.9263067240553146e-05,3,0.95,0.050000000000000044
2022-04-18,-0.0021914729499163768,-0.0022127490937148154,0.0425522875968774,2.1276143798438703e-05,3,0.9499999999999997,0.050000000000000266
2022-04-19,0.037693011719113774,0.037677020377723906,0.0319826827797309,1.5991341389865453e-05,3,0.95,0.050000000000000044
2022-04-20,-0.05143464768166697,-0.05167517528785824,0.48105521238253507,0.00024052760619126755,3,0.95,0.050000000000000044
2022-04-21,-0.04568253797647419,-0.04569608177415673,0.02708759536508365,1.3543797682541825e-05,3,0.9500000000000002,0.04999999999999982
2022-04-22,-0.013440689823246376,-0.013671871502328898,0.46236335816504326,0.00023118167908252164,3,0.95,0.050000000000000044
2022-04-25,-0.025188269330727774,-0.02540584808795274,0.4351575144499299,0.00021757875722496495,3,0.95,0.050000000000000044
2022-04-26,0.02579516746417274,0.02556144563459134,0.4674436591627975,0.00023372182958139877,3,0.95,0.050000000000000044
2022-04-27,0.026975726413291885,0.02675436846198289,0.4427159026179908,0.0002213579513089954,3,0.95,0.050000000000000044
2022-04-28,-0.017615744454483225,-0.017621807024395805,0.012125139825156867,6.062569912578433e-06,3,0.95,0.050000000000000044
2022-04-29,-0.011278577209582906,-0.011490436751401859,0.4237190836379059,0.00021185954181895294,3,0.95,0.050000000000000044
2022-05-02,0.062358155895639984,0.062142002178402475,0.4323074344750205,0.00021615371723751026,3,0.95,0.050000000000000044
2022-05-03,-0.0017094034500238948,-0.0017235256135623392,0.02824432707688862,1.412216353844431e-05,3,0.95,0.050000000000000044
2022-05-04,-0.049110006819480106,-0.04911744458562167,0.014875532283126436,7.437766141563218e-06,3,0.95,0.050000000000000044
2022-05-05,-0.051638391146167646,-0.05164297792542349,0.009173558511683083,4.586779255841541e-06,3,0.95,0.050000000000000044
2022-05-06,-0.1010004312474267,-0.10122785614131694,0.45484978778046575,0.00022742489389023288,3,0.95,0.050000000000000044
2022-05-09,0.013659132930525385,0.013657020997189295,0.00422386667218036,2.11193333609018e-06,3,0.9499999999999998,0.050000000000000155
2022-05-10,0.013654015655826272,0.013439911492322293,0.42820832700795997,0.00021410416350397998,3,0.9499999999999998,0.050000000000000155
2022-05-11,-0.020719917793839,-0.020963156772722414,0.48647795776683145,0.00024323897888341574,3,0.9499999999999998,0.050000000000000155
2022-05-12,0.023772444293093074,0.02375004151133565,0.04480556351484838,2.240278175742419e-05,3,0.95,0.050000000000000044
2022-05-13,0.059804883854596765,0.05978892052300744,0.03192666317865725,1.5963331589328626e-05,3,0.95,0.050000000000000044
2022-05-16,0.025035132385495894,0.025034732275908342,0.0008002191751043108,4.001095875521554e-07,3,0.95,0.050000000000000044
2022-05-17,-0.052840140408275525,-0.05284193729269173,0.0035937688324087225,1.7968844162043612e-06,3,0.95,0.050000000000000044
2022-05-18,0.007426442574258042,0.007399153012041841,0.05457912443240348,2.728956221620174e-05,3,0.95,0.050000000000000044
2022-05-19,-0.0008959124753569843,-0.0009120679130384812,0.032310875362993846,1.6155437681496925e-05,3,0.95,0.050000000000000044
2022-05-20,0.06464394037669009,0.06463570881302362,0.016463127332942695,8.231563666471349e-06,3,0.95,0.050000000000000044
2022-05-23,-0.020987787900071907,-0.02099681353331287,0.01805126648192451,9.025633240962255e-06,3,0.9499999999999998,0.050000000000000155
2022-05-24,0.03683517449368523,0.03682209446799873,0.026160051372996068,1.3080025686498034e-05,3,0.95,0.050000000000000044
2022-05-25,0.024777779351059924,0.024750489347081198,0.05458000795745088,2.729000397872544e-05,3,0.9500000000000001,0.04999999999999993
2022-05-26,0.055701630753125564,0.055694839735220276,0.013582035810580956,6.791017905290478e-06,3,0.95,0.050000000000000044
2022-05-27,-0.018618324165316377,-0.018639472578420038,0.04229682620731945,2.1148413103659724e-05,3,0.95,0.050000000000000044
2022-05-31,0.06871637037228363,0.06869782482679025,0.03709109098676558,1.854554549338279e-05,3,0.95,0.050000000000000044
2022-06-01,0.0208561459204291,0.02081432766530253,0.08363651025314034,4.181825512657017e-05,3,0.95,0.050000000000000044
2022-06-02,0.017078811950223198,0.017065919600420414,0.025784699605569228,1.2892349802784614e-05,3,0.9500000000000002,0.04999999999999982
2022-06-03,0.0005968782129000169,0.0005650705440969548,0.0636153376061242,3.18076688030621e-05,3,0.95,0.050000000000000044
2022-06-06,0.03251490549675835,0.03248774842434499,0.05431414482673891,2.7157072413369454e-05,3,0.9500000000000001,0.04999999999999993
2022-06-07,-0.012582938621649505,-0.012885742556482317,0.6056078696656264,0.0003028039348328132,3,0.95,0.050000000000000044
2022-06-08,-0.0431036761449281,-0.043133679211338635,0.0600061328210757,3.000306641053785e-05,3,0.95,0.050000000000000044
2022-06-09,-0.016281734557873982,-0.01629023733464433,0.017005553540691942,8.502776770345971e-06,3,0.9500000000000002,0.04999999999999982
2022-06-10,-0.050299002653823574,-0.05031785078928086,0.03769627091456634,1.8848135457283173e-05,3,0.95,0.050000000000000044
2022-06-13,-0.04213190339575339,-0.04243886154980702,0.6139163081072658,0.00030695815405363294,3,0.95,0.050000000000000044
2022-06-14,-0.02292956002078174,-0.02325605999681799,0.6529999520725018,0.0003264999760362509,3,0.95,0.050000000000000044
2022-06-15,-0.047814564372980435,-0.04813389367268315,0.6386585994054268,0.0003193292997027134,3,0.95,0.050000000000000044
2022-06-16,-0.06866439454323243,-0.06867880085796614,0.028812629467405093,1.4406314733702547e-05,3,0.9500000000000001,0.04999999999999993
2022-06-17,0.028060922631447112,0.028045964939603565,0.029915383687092012,1.4957691843546007e-05,3,0.9500000000000001,0.04999999999999993
2022-06-21,-0.05547972400909035,-0.05548935784182012,0.019267665459533734,9.633832729766867e-06,3,0.95,0.050000000000000044
2022-06-22,-0.08287953657513265,-0.08288495534243034,0.010837534595376508,5.418767297688254e-06,3,0.95,0.050000000000000044
2022-06-23,0.02955697447751941,0.029532528221128698,0.048892512781423425,2.4446256390711714e-05,3,0.95,0.050000000000000044
2022-06-24,0.0634636482075992,0.06345369408798815,0.01990823922210555,9.954119611052775e-06,3,0.95,0.050000000000000044
2022-06-27,0.027470685002232043,0.027460390269112286,0.02058946623951341,1.0294733119756705e-05,3,0.95,0.050000000000000044
2022-06-28,-0.04749688599874975,-0.04749884132258599,0.003910647672480061,1.9553238362400307e-06,3,0.95,0.050000000000000044
2022-06-29,-0.05225720300074764,-0.052263017711355685,0.011629421216089453,5.814710608044727e-06,3,0.95,0.050000000000000044
2022-06-30,0.002743064913119785,0.0027282283881687993,0.02967304990197167,1.4836524950985836e-05,3,0.95,0.050000000000000044
2022-07-01,-0.06407586831333151,-0.06410436009345229,0.05698356024155804,2.849178012077902e-05,3,0.9499999999999998,0.050000000000000155
2022-07-05,-0.01932737348715725,-0.019356736142069866,0.05872530982522717,2.9362654912613586e-05,3,0.9499999999999998,0.050000000000000155
2022-07-06,0.07226781187121399,0.07226197380837963,0.011676125668701576,5.838062834350788e-06,3,0.9500000000000001,0.04999999999999993
2022-07-07,-0.012277288147273547,-0.012288398482578983,0.022220670610873905,1.1110335305436952e-05,3,0.95,0.050000000000000044
2022-07-08,-0.012893055953332871,-0.012898808427986021,0.011504949306298251,5.752474653149126e-06,3,0.95,0.050000000000000044
2022-07-11,-0.026082342168138435,-0.026104205220227997,0.04372610417912193,2.1863052089560964e-05,3,0.95,0.050000000000000044
2022-07-12,0.03230850848736195,0.03228552394825811,0.04596907820768936,2.298453910384468e-05,3,0.95,0.050000000000000044
2022-07-13,-0.01973850454126746,-0.019742389918326567,0.007770754118217538,3.885377059108769e-06,3,0.95,0.050000000000000044
2022-07-14,0.02422935851413995,0.02421091132885952,0.036894370560857426,1.8447185280428713e-05,3,0.95,0.050000000000000044
2022-07-15,0.05277905131200808,0.05272959844024142,0.09890574353331161,4.9452871766655805e-05,3,0.95,0.050000000000000044
2022-07-18,0.015847189084401345,0.015466610883006411,0.7611564027898663,0.00038057820139493313,3,0.9500000000000002,0.04999999999999982
2022-07-19,-0.012088701899885278,-0.012113531571797207,0.04965934382385814,2.4829671911929072e-05,3,0.95,0.050000000000000044
2022-07-20,-0.016589325459255448,-0.016634510503767044,0.09037008902319432,4.518504451159716e-05,3,0.95,0.050000000000000044
2022-07-21,-0.02647650880949105,-0.02650922378712807,0.06542995527403975,3.2714977637019874e-05,3,0.95,0.050000000000000044
2022-07-22,-0.002246991648522644,-0.002316361612703203,0.13873992836111837,6.936996418055918e-05,3,0.95,0.050000000000000044
2022-07-25,-0.0006770964067299452,-0.0009680314097635377,0.5818700060671851,0.00029093500303359256,3,0.9500000000000001,0.04999999999999993
2022-07-26,0.01171343580370696,0.011449699894313492,0.5274718187869349,0.00026373590939346745,3,0.95,0.050000000000000044
2022-07-27,-0.02244261191044124,-0.022508164383723862,0.1311049465652424,6.555247328262121e-05,3,0.9499999999999998,0.050000000000000155
2022-07-28,0.058214421530808844,0.05820359349150188,0.021656078613926044,1.0828039306963023e-05,3,0.9499999999999998,0.050000000000000155
2022-07-29,0.013835990484873351,0.01378766967908244,0.09664161158182055,4.832080579091028e-05,3,0.95,0.050000000000000044
2022-08-01,0.006784756427866659,0.006479501289450727,0.610510276831864,0.00030525513841593197,3,0.95,0.050000000000000044
2022-08-02,-0.01674095961876204,-0.017001530581498267,0.5211419254724483,0.00026057096273622414,3,0.95,0.050000000000000044
2022-08-03,-0.0024037615404154163,-0.002463406181163035,0.11928928149523774,5.964464074761887e-05,3,0.95,0.050000000000000044
2022-08-04,0.00015013884016844628,0.00013923906440750327,0.021799551521886007,1.0899775760943004e-05,3,0.9500000000000001,0.04999999999999993
2022-08-05,-0.010229137663024957,-0.010271340153352966,0.08440498065601806,4.220249032800903e-05,3,0.9500000000000002,0.04999999999999982
2022-08-08,0.013238347935550333,0.013223761719518286,0.029172432064092063,1.4586216032046031e-05,3,0.9500000000000001,0.04999999999999993
2022-08-09,0.0102596690760646,0.01023299530290677,0.053347546315658856,2.667377315782943e-05,3,0.95,0.050000000000000044
2022-08-10,0.014838824173760793,0.014835482362267532,0.006683622986519089,3.3418114932595444e-06,3,0.95,0.050000000000000044
2022-08-11,-0.00469164805833638,-0.004727906826778095,0.07251753688343182,3.625876844171591e-05,3,0.9500000000000001,0.04999999999999993
2022-08-12,-0.011956182779025847,-0.01198574159625395,0.05911763445620741,2.9558817228103705e-05,3,0.95,0.050000000000000044
2022-08-15,0.005567875278548422,0.005327833270665169,0.48008401576650583,0.00024004200788325293,3,0.9499999999999998,0.050000000000000155
2022-08-16,-0.0017549146092061252,-0.001984406884286898,0.45898455016154516,0.0002294922750807726,3,0.95,0.050000000000000044
2022-08-17,0.05092028087211961,0.05088089284142727,0.07877606138468127,3.938803069234063e-05,3,0.95,0.050000000000000044
2022-08-18,-0.009013550518160027,-0.009103647100923517,0.18019316552698103,9.009658276349051e-05,3,0.9499999999999998,0.050000000000000155
2022-08-19,-0.0039835378240457705,-0.004259048220280893,0.5510207924702444,0.0002755103962351222,3,0.95,0.050000000000000044
2022-08-22,0.009649560792742755,0.008969330903408831,1.3604597786678463,0.0006802298893339232,3,0.95,0.050000000000000044
2022-08-23,0.02349728346326033,0.023200382828416553,0.5938012696875545,0.00029690063484377727,3,0.95,0.050000000000000044
2022-08-24,-0.008551602835564904,-0.008576219661792527,0.049233652455244914,2.4616826227622458e-05,3,0.95,0.050000000000000044
2022-08-25,-0.003825231971900693,-0.004104867847158897,0.5592717505164083,0.00027963587525820416,3,0.95,0.050000000000000044
2022-08-26,0.016165581504558817,0.016136226285521103,0.0587104380754257,2.935521903771285e-05,3,0.95,0.050000000000000044
2022-08-29,-0.045638198174139236,-0.04597002148652696,0.6636466247754379,0.00033182331238771896,3,0.9499999999999997,0.050000000000000266
2022-08-30,-0.02013047277796621,-0.020187456752408926,0.11396794888543754,5.698397444271877e-05,3,0.95,0.050000000000000044
2022-08-31,-0.04737527064855372,-0.04739288419187644,0.03522708664544488,1.761354332272244e-05,3,0.95,0.050000000000000044
2022-09-01,0.004401775355446082,0.00438644049561913,0.030669719653904526,1.533485982695226e-05,3,0.95,0.050000000000000044
2022-09-02,-0.030969119593711937,-0.031361227188578186,0.784215189732499,0.0003921075948662495,3,0.95,0.050000000000000044
2022-09-06,-0.01323637491628952,-0.013596621297408944,0.7204927622388497,0.00036024638111942486,3,0.95,0.050000000000000044
2022-09-07,-0.002110081953222787,-0.002440559852448237,0.6609557984508999,0.00033047789922545,3,0.9499999999999997,0.050000000000000266
2022-09-08,0.04837463622917929,0.048345916912226186,0.05743863390620618,2.871931695310309e-05,3,0.95,0.050000000000000044
2022-09-09,0.022160169203105578,0.022109713352812442,0.10091170058627125,5.045585029313562e-05,3,0.95,0.050000000000000044
2022-09-12,-0.03747061725983344,-0.03774947781258126,0.55772110549565,0.000278860552747825,3,0.95,0.050000000000000044
2022-09-13,0.015059814712636907,0.014750788884613201,0.6180516560474119,0.00030902582802370596,3,0.9499999999999997,0.050000000000000266
2022-09-14,-0.028857563388504565,-0.028889731028328928,0.06433527964872748,3.2167639824363744e-05,3,0.95,0.050000000000000044
2022-09-15,-0.1095976038664669,-0.1099229504204949,0.6506931080559808,0.0003253465540279904,3,0.95,0.050000000000000044
2022-09-16,0.010340277633790886,0.010019540320205906,0.6414746271699627,0.00032073731358498136,3,0.95,0.050000000000000044
2022-09-19,-0.00053176820730934,-0.000568625228341954,0.07371404206522797,3.685702103261399e-05,3,0.95,0.050000000000000044
2022-09-20,-0.029501429092662144,-0.029520053336540862,0.0372484877574375,1.862424387871875e-05,3,0.9500000000000002,0.04999999999999982
2022-09-21,-0.012775309685758551,-0.01280369588180767,0.05677239209824081,2.8386196049120405e-05,3,0.95,0.050000000000000044
2022-09-22,-0.06740870511007213,-0.06744100505012295,0.06459988010162254,3.229994005081127e-05,3,0.95,0.050000000000000044
2022-09-23,-0.05108260938143095,-0.051093077468908475,0.02093617495505118,1.046808747752559e-05,3,0.95,0.050000000000000044
2022-09-26,0.031244306676910152,0.030930665223220636,0.6272829073790351,0.00031364145368951757,3,0.9499999999999997,0.050000000000000266
2022-09-27,0.0373699481729521,0.03736219053710333,0.015515271697526423,7.757635848763211e-06,3,0.95,0.050000000000000044
2022-09-28,-0.0032270351900984687,-0.0032538162568197192,0.05356213344250066,2.678106672125033e-05,3,0.9500000000000001,0.04999999999999993
2022-09-29,-0.003435832840983464,-0.0034587961413947137,0.04592660082249894,2.2963300411249472e-05,3,0.9499999999999997,0.050000000000000266
2022-09-30,0.027575691403898133,0.027245622017780212,0.6601387722358458,0.0003300693861179229,3,0.9499999999999998,0.050000000000000155
2022-10-03,0.04337333047728874,0.043353345667741995,0.0399696190934809,1.9984809546740452e-05,3,0.95,0.050000000000000044
2022-10-04,-0.014276587296657036,-0.014574082944991065,0.5949912966680564,0.0002974956483340282,3,0.95,0.050000000000000044
2022-10-05,-0.02218337449966259,-0.02222540009290351,0.08405118648184112,4.2025593240920565e-05,3,0.95,0.050000000000000044
2022-10-06,-0.021208876348338006,-0.02123634176046886,0.0549308242617102,2.74654121308551e-05,3,0.95,0.050000000000000044
2022-10-07,-0.0029789634544880347,-0.0033112878790530972,0.6646488491301252,0.00033232442456506263,3,0.95,0.050000000000000044
2022-10-10,0.0004859138628449653,0.00047457203626247895,0.022683653164972784,1.1341826582486392e-05,3,0.9499999999999998,0.050000000000000155
2022-10-11,-0.017124730487240038,-0.017161959504430044,0.0744580343800148,3.7229017190007405e-05,3,0.95,0.050000000000000044
2022-10-12,0.01980098849177639,0.019785253631626063,0.03146972030065459,1.5734860150327296e-05,3,0.95,0.050000000000000044
2022-10-13,-0.044429892906120705,-0.04445542443706051,0.051063061879614624,2.5531530939807314e-05,3,0.95,0.050000000000000044
2022-10-14,0.019646776729353995,0.019319646610659314,0.6542602373893617,0.00032713011869468084,3,0.95,0.050000000000000044
2022-10-17,-0.0003705261931769006,-0.0006806288102032422,0.6202052340526832,0.0003101026170263416,3,0.95,0.050000000000000044
2022-10-18,-0.002919475245049541,-0.002940896496440862,0.04284250278264273,2.1421251391321368e-05,3,0.9499999999999998,0.050000000000000155
2022-10-19,-0.011852212947247726,-0.011868314817628763,0.032203740762072997,1.6101870381036498e-05,3,0.95,0.050000000000000044
2022-10-20,0.015522159978064427,0.015202693001082634,0.6389339539635877,0.0003194669769817938,3,0.95,0.050000000000000044
2022-10-21,-0.0013766513428737654,-0.0016906639622596695,0.6280252387718084,0.0003140126193859042,3,0.95,0.050000000000000044
2022-10-24,-0.003982188880799355,-0.00430015981526285,0.63594186892699,0.000317970934463495,3,0.9499999999999997,0.050000000000000266
2022-10-25,0.0268641967145057,0.026501741366344422,0.7249106963225569,0.0003624553481612785,3,0.95,0.050000000000000044
2022-10-26,-0.0012910066969500063,-0.0015907088817426083,0.599404369585204,0.000299702184792602,3,0.95,0.050000000000000044
2022-10-27,-0.005197268046603861,-0.005218526468572468,0.042516843937214666,2.1258421968607332e-05,3,0.9500000000000001,0.04999999999999993
2022-10-28,-0.0006649375460231367,-0.0009852845682733423,0.6406940445004115,0.0003203470222502057,3,0.95,0.050000000000000044
2022-10-31,-0.008982343746757528,-0.009001912107203063,0.0391367208910709,1.956836044553545e-05,3,0.9500000000000001,0.04999999999999993
2022-11-01,-0.015554249116915626,-0.016220343103695842,1.3321879735604292,0.0006660939867802146,3,0.95,0.050000000000000044
2022-11-02,-0.005619283133884335,-0.005925467837577501,0.6123694073863317,0.0003061847036931659,3,0.9500000000000002,0.04999999999999982
2022-11-03,0.012554299239976325,0.012227636162395375,0.6533261551619005,0.0003266630775809503,3,0.95,0.050000000000000044
2022-11-04,-0.009802858619906728,-0.010333603666499663,1.06149009318587,0.000530745046592935,3,0.95,0.050000000000000044
2022-11-07,-0.03083871586019818,-0.031106137471625227,0.5348432228540954,0.00026742161142704766,3,0.95,0.050000000000000044
2022-11-08,-0.031066349251994183,-0.03134725045667287,0.5618024093573785,0.0002809012046786892,3,0.9500000000000002,0.04999999999999982
2022-11-09,0.03619707264047076,0.035935566885150295,0.5230115106409261,0.00026150575532046306,3,0.9500000000000001,0.04999999999999993
2022-11-10,0.007925098323092903,0.00789620007566339,0.05779649485902763,2.8898247429513815e-05,3,0.95,0.050000000000000044
2022-11-11,-0.016700102309534302,-0.017000117814977414,0.6000310108862202,0.0003000155054431101,3,0.9499999999999997,0.050000000000000266
2022-11-14,0.004541042370429391,0.0042428131447572945,0.596458451344193,0.00029822922567209647,3,0.95,0.050000000000000044
2022-11-15,-0.027115442291287373,-0.027134910848464363,0.03893711435397962,1.946855717698981e-05,3,0.9499999999999997,0.050000000000000266
2022-11-16,-0.0068331524798284065,-0.007161343305844829,0.6563816520328463,0.00032819082601642314,3,0.95,0.050000000000000044
2022-11-17,0.0022746888585189816,0.0019376633672347609,0.6740509825684411,0.0003370254912842206,3,0.9500000000000001,0.04999999999999993
2022-11-18,-0.012597355541701785,-0.012912824315507328,0.6309375476110869,0.00031546877380554347,3,0.9499999999999998,0.050000000000000155
2022-11-21,0.006167857801356407,0.006157694030395833,0.020327541921149772,1.0163770960574887e-05,3,0.95,0.050000000000000044
2022-11-22,-0.005284014899133644,-0.005601670647712613,0.6353114971579381,0.00031765574857896907,3,0.95,0.050000000000000044
2022-11-23,0.02036204754337473,0.020332145469124062,0.059804148501333754,2.9902074250666877e-05,3,0.95,0.050000000000000044
2022-11-25,-0.017332575267325265,-0.017345886718867397,0.026622903084264515,1.3311451542132258e-05,3,0.95,0.050000000000000044
2022-11-28,0.02708408063338191,0.02707139464403025,0.025371978703316367,1.2685989351658183e-05,3,0.9500000000000001,0.04999999999999993
2022-11-29,0.014887471270278103,0.014272598240155282,1.229746060245641,0.0006148730301228205,3,0.95,0.050000000000000044
2022-11-30,-0.013104817136726263,-0.013413667965493923,0.6177016575353182,0.00030885082876765915,3,0.95,0.050000000000000044
2022-12-01,-0.012525557245752118,-0.012535170664021487,0.019226836538739744,9.613418269369872e-06,3,0.95,0.050000000000000044
2022-12-02,-0.03420882894150379,-0.03423016018081421,0.04266247862084449,2.1331239310422247e-05,3,0.95,0.050000000000000044
2022-12-05,-0.02681546680411575,-0.02714114062452003,0.6513476408085593,0.0003256738204042797,3,0.9499999999999998,0.050000000000000155
2022-12-06,0.0054159488745220115,0.005103008154990415,0.6258814390631945,0.0003129407195315973,3,0.95,0.050000000000000044
2022-12-07,-0.0014543475566190245,-0.0017576088054700406,0.6065224977020323,0.0003032612488510161,3,0.95,0.050000000000000044
2022-12-08,-0.029021372399809734,-0.029350336710581987,0.657928621544506,0.00032896431077225304,3,0.95,0.050000000000000044
2022-12-09,0.052919279392302676,0.052624242922613834,0.5900729393776775,0.00029503646968883875,3,0.95,0.050000000000000044
2022-12-12,0.00986783051354268,0.009839704649443646,0.056251728198067785,2.8125864099033892e-05,3,0.95,0.050000000000000044
2022-12-13,-0.005874497767090951,-0.005882625514097262,0.01625549401262205,8.127747006311026e-06,3,0.95,0.050000000000000044
2022-12-14,-0.005148715169085775,-0.005463206125058402,0.6289819119452544,0.00031449095597262724,3,0.95,0.050000000000000044
2022-12-15,-0.0009451467794654423,-0.0012710391176126348,0.6517846762943851,0.00032589233814719253,3,0.95,0.050000000000000044
2022-12-16,-0.028914995247544432,-0.029242599075768334,0.6552076564478051,0.00032760382822390253,3,0.9500000000000002,0.04999999999999982
2022-12-19,0.004040371315093784,0.0034031507809897006,1.2744410682081655,0.0006372205341040828,3,0.95,0.050000000000000044
2022-12-20,0.03645776120484965,0.036134407335498775,0.6467077387017477,0.00032335386935087386,3,0.95,0.050000000000000044
2022-12-21,-0.030368191033255564,-0.030683536447452794,0.6306908283944619,0.00031534541419723095,3,0.95,0.050000000000000044
2022-12-22,0.008663690145188883,0.008655961883051238,0.015456524275289873,7.728262137644937e-06,3,0.9500000000000002,0.04999999999999982
2022-12-23,-0.019081314759450844,-0.019403601487375775,0.6445734558498569,0.0003222867279249285,3,0.95,0.050000000000000044
2022-12-27,-0.008172496659873718,-0.008180592955784027,0.01619259182061933,8.096295910309665e-06,3,0.9500000000000002,0.04999999999999982
2022-12-28,0.009062072642155538,0.009048664268825907,0.026816746659260093,1.3408373329630047e-05,3,0.95,0.050000000000000044
2022-12-29,0.008266759626562939,0.008234287063271454,0.06494512658296947,3.2472563291484735e-05,3,0.95,0.050000000000000044
2022-12-30,-0.01951578049601663,-0.019542219356830502,0.0528777216277434,2.64388608138717e-05,3,0.9499999999999998,0.050000000000000155
2023-01-03,-0.004044009336007314,-0.0040550723285262885,0.022125985037948992,1.1062992518974497e-05,3,0.95,0.050000000000000044
2023-01-04,0.028541573159758,0.028239332172929208,0.6044819736575839,0.000302240986828792,3,0.9500000000000001,0.04999999999999993
2023-01-05,0.024510377550620126,0.02420746175290895,0.6058315954223488,0.0003029157977111744,3,0.95,0.050000000000000044
2023-01-06,-0.005710585866413733,-0.005731075180773339,0.04097862871921254,2.048931435960627e-05,3,0.95,0.050000000000000044
2023-01-09,0.021170607174094525,0.021152730924345654,0.03575249949774262,1.787624974887131e-05,3,0.95,0.050000000000000044
2023-01-10,-0.04708251228786302,-0.04743009479775114,0.6951650197762451,0.0003475825098881226,3,0.95,0.050000000000000044
2023-01-11,0.03287906897735285,0.03256836658962476,0.6214047754561791,0.00031070238772808954,3,0.9499999999999997,0.050000000000000266
2023-01-12,0.03531856755287227,0.034663032646608145,1.3110698125282467,0.0006555349062641234,3,0.9500000000000001,0.04999999999999993
2023-01-13,0.018152681511114346,0.017807449423796425,0.6904641746358393,0.00034523208731791966,3,0.95,0.050000000000000044
2023-01-17,0.007338748864906754,0.006711809615311017,1.253878499191473,0.0006269392495957365,3,0.9500000000000001,0.04999999999999993
2023-01-18,-0.027492352841435527,-0.027791022459878724,0.5973392368863965,0.00029866961844319823,3,0.9499999999999998,0.050000000000000155
2023-01-19,0.0316077619744062,0.031579128867076534,0.057266214659332126,2.8633107329666065e-05,3,0.95,0.050000000000000044
2023-01-20,-0.001522341551302285,-0.0019490834920443854,0.8534838814842007,0.0004267419407421004,3,0.95,0.050000000000000044
2023-01-23,0.005687677367883421,0.005399979149151944,0.5753964374629542,0.0002876982187314771,3,0.9500000000000001,0.04999999999999993
2023-01-24,-0.004182749803527943,-0.004427198193235766,0.48889677941564574,0.0002444483897078229,3,0.95,0.050000000000000044
2023-01-25,-0.016276686703042893,-0.016289976048285942,0.026578690486095152,1.3289345243047576e-05,3,0.95,0.050000000000000044
2023-01-26,-0.031375162575628605,-0.03162461472284709,0.4989042944369664,0.00024945214721848317,3,0.95,0.050000000000000044
2023-01-27,-0.01062969644422258,-0.010887712598487146,0.5160323085291324,0.0002580161542645662,3,0.9499999999999998,0.050000000000000155
2023-01-30,0.04066348365420642,0.04041473587173618,0.4974955649404836,0.0002487477824702418,3,0.95,0.050000000000000044
2023-01-31,0.021002663519710783,0.020979944361793408,0.04543831583474628,2.271915791737314e-05,3,0.95,0.050000000000000044
2023-02-01,-0.0003462100420331541,-0.0003949279897505218,0.09743589543473546,4.871794771736773e-05,3,0.9500000000000001,0.04999999999999993
2023-02-02,-0.08332968333062292,-0.08339622624380412,0.13308582636240068,6.654291318120035e-05,3,0.9500000000000001,0.04999999999999993
2023-02-03,-0.03879082120047078,-0.0390013720756603,0.42110175037902503,0.00021055087518951252,3,0.9500000000000002,0.04999999999999982
2023-02-06,-0.03164537807220914,-0.031670754317593114,0.050752490767945385,2.5376245383972692e-05,3,0.9499999999999998,0.050000000000000155
2023-02-07,-0.022101053982678406,-0.022170013589227565,0.13791921309831898,6.895960654915949e-05,3,0.95,0.050000000000000044
2023-02-08,-0.0163029485380441,-0.016334799496066633,0.06370191604506453,3.1850958022532265e-05,3,0.95,0.050000000000000044
2023-02-09,-0.026044091671504,-0.02608151822768761,0.07485311236722117,3.7426556183610585e-05,3,0.95,0.050000000000000044
2023-02-10,-0.020598550225930802,-0.020872923568942433,0.5487466860232618,0.00027437334301163094,3,0.9499999999999998,0.050000000000000155
2023-02-13,0.024826745287355848,0.024813219908482884,0.02705075774593252,1.352537887296626e-05,3,0.95,0.050000000000000044
2023-02-14,0.05150750663450812,0.05144984821410519,0.11531684080586294,5.765842040293147e-05,3,0.95,0.050000000000000044
2023-02-15,0.00297466934341339,0.0029447925967640357,0.05975349329870827,2.9876746649354137e-05,3,0.95,0.050000000000000044
2023-02-16,0.027245429081657543,0.02721735947725132,0.056139208812451685,2.806960440622584e-05,3,0.95,0.050000000000000044
2023-02-17,-0.03427927259945602,-0.034304999863360504,0.05145452780896717,2.5727263904483586e-05,3,0.95,0.050000000000000044
2023-02-21,0.006315677754258895,0.006295393214030688,0.040569080456414636,2.028454022820732e-05,3,0.95,0.050000000000000044
2023-02-22,0.03203425370488685,0.03175782908980026,0.5528492301731754,0.0002764246150865877,3,0.95,0.050000000000000044
2023-02-23,-0.055837849570470464,-0.055849999999165366,0.024300857389803115,1.2150428694901557e-05,3,0.9499999999999998,0.050000000000000155
2023-02-24,-0.007524044099022467,-0.007529794935236488,0.01150167242804298,5.7508362140214904e-06,3,0.9499999999999997,0.050000000000000266
2023-02-27,-0.011680648706915406,-0.011693434683522816,0.025571953214818866,1.2785976607409432e-05,3,0.95,0.050000000000000044
2023-02-28,0.03569211958469143,0.03567977406912258,0.0246910311376915,1.234551556884575e-05,3,0.95,0.050000000000000044
2023-03-01,-0.012373877268549978,-0.01239829376871782,0.04883300033568605,2.4416500167843027e-05,3,0.9500000000000001,0.04999999999999993
2023-03-02,0.051414533855483904,0.05115405093973405,0.5209658314997128,0.0002604829157498564,3,0.95,0.050000000000000044
2023-03-03,-0.02201250276660108,-0.02232100438457695,0.6170032359517357,0.00030850161797586783,3,0.9500000000000002,0.04999999999999982
2023-03-06,-0.013650567472119238,-0.013658522290410357,0.015909636582234654,7.954818291117328e-06,3,0.9500000000000002,0.04999999999999982
2023-03-07,-0.021922172709716695,-0.02194242233299259,0.04049924655179149,2.0249623275895744e-05,3,0.95,0.050000000000000044
2023-03-08,-0.0239142432062936,-0.024181219107161495,0.5339518017357933,0.00026697590086789664,3,0.95,0.050000000000000044
2023-03-09,-0.019291349132915428,-0.01930872079213146,0.03474331843206552,1.7371659216032758e-05,3,0.95,0.050000000000000044
2023-03-10,0.0005510802496355686,0.0005476725267919611,0.006815445687215094,3.407722843607547e-06,3,0.95,0.050000000000000044
2023-03-13,0.004124115605809183,0.004092380688599596,0.06346983441917242,3.1734917209586214e-05,3,0.9499999999999998,0.050000000000000155
2023-03-14,-0.025041109477278688,-0.025060228597906416,0.03823824125545411,1.9119120627727053e-05,3,0.9499999999999998,0.050000000000000155
2023-03-15,0.020713930798013012,0.02040731333181341,0.6132349323992069,0.00030661746619960347,3,0.95,0.050000000000000044
2023-03-16,-0.019668219228433544,-0.019723168699942752,0.1098989430184148,5.49494715092074e-05,3,0.95,0.050000000000000044
2023-03-17,0.013154063008813959,0.012843175569552466,0.6217748785229849,0.00031088743926149245,3,0.95,0.050000000000000044
2023-03-20,-0.0030846739271827243,-0.003111931746976507,0.054515639587565834,2.7257819793782917e-05,3,0.9499999999999998,0.050000000000000155
2023-03-21,-0.025540829212529894,-0.025579063880333604,0.0764693356074228,3.8234667803711405e-05,3,0.9499999999999997,0.050000000000000266
2023-03-22,0.02103870680853385,0.021024546832416256,0.02831995223518688,1.415997611759344e-05,3,0.95,0.050000000000000044
2023-03-23,0.005587876080150101,0.005577468918695402,0.020814322909398858,1.040716145469943e-05,3,0.9499999999999998,0.050000000000000155
2023-03-24,0.0062203237194331015,0.006196961719496792,0.046723999872618244,2.3361999936309124e-05,3,0.9499999999999998,0.050000000000000155
2023-03-27,0.023897583056884216,0.023869197852586906,0.05677040859462104,2.838520429731052e-05,3,0.9499999999999997,0.050000000000000266
2023-03-28,0.0035314238940955638,0.0035282379516963437,0.006371884798440086,3.185942399220043e-06,3,0.9499999999999998,0.050000000000000155
2023-03-29,-0.017171523420673854,-0.017183084040888693,0.023121240429676393,1.1560620214838196e-05,3,0.9500000000000002,0.04999999999999982
2023-03-30,0.017128739827696558,0.017096399461895576,0.0646807316019618,3.23403658009809e-05,3,0.9499999999999997,0.050000000000000266
2023-03-31,0.017568835581998697,0.017268485269120767,0.600700625755856,0.000300350312877928,3,0.95,0.050000000000000044
2023-04-03,-0.02391880128955,-0.023970626560751235,0.10365054240247373,5.182527120123687e-05,3,0.95,0.050000000000000044
2023-04-04,-0.028484224073442387,-0.028500924825635376,0.033401504385979164,1.6700752192989582e-05,3,0.95,0.050000000000000044
2023-04-05,-0.002271593624536804,-0.0023075173205820655,0.07184739209052282,3.5923696045261414e-05,3,0.95,0.050000000000000044
2023-04-06,-0.021450117883573143,-0.021466952016865465,0.03366826658464683,1.6834133292323415e-05,3,0.95,0.050000000000000044
2023-04-10,0.0004525563269614794,0.00017554026919785012,0.5540321155272585,0.00027701605776362927,3,0.95,0.050000000000000044
2023-04-11,-0.018506557997108947,-0.01881722081225086,0.6213256302838263,0.00031066281514191313,3,0.95,0.050000000000000044
2023-04-12,0.01028039342318386,0.010272033696046451,0.01671945427481808,8.35972713740904e-06,3,0.9499999999999998,0.050000000000000155
2023-04-13,-0.0038668358674240665,-0.003898053818599939,0.06243590235174484,3.121795117587242e-05,3,0.9499999999999997,0.050000000000000266
2023-04-14,0.04683284442117126,0.046807046479659706,0.05159588302311102,2.579794151155551e-05,3,0.95,0.050000000000000044
2023-04-17,0.04508652465972713,0.04508040817663072,0.012232966192818773,6.116483096409387e-06,3,0.95,0.050000000000000044
2023-04-18,0.041585532551650345,0.04154693362809402,0.07719784711264516,3.8598923556322577e-05,3,0.95,0.050000000000000044
2023-04-19,-0.004797963467113274,-0.004815556038553873,0.035185142881199005,1.7592571440599504e-05,3,0.95,0.050000000000000044
2023-04-20,-0.009854929315208651,-0.009884202417779436,0.05854620514156894,2.9273102570784473e-05,3,0.95,0.050000000000000044
2023-04-21,-0.008862370877293467,-0.008894680708894891,0.06461966320284829,3.230983160142414e-05,3,0.9499999999999997,0.050000000000000266
2023-04-24,-0.03111909355920244,-0.031134503623483543,0.030820128562213778,1.541006428110689e-05,3,0.95,0.050000000000000044
2023-04-25,0.029223815408344157,0.029212935071325535,0.021760674037248517,1.0880337018624258e-05,3,0.9499999999999998,0.050000000000000155
2023-04-26,-0.011967576298768417,-0.012007936306813093,0.08072001608935059,4.03600080446753e-05,3,0.9499999999999998,0.050000000000000155
2023-04-27,0.03963486849647917,0.0396230514999797,0.023633992998932873,1.1816996499466436e-05,3,0.9500000000000002,0.04999999999999982
2023-04-28,0.0021638879561522014,0.0021283970838771107,0.07098174455018164,3.549087227509082e-05,3,0.95,0.050000000000000044
2023-05-01,-0.04495630976991914,-0.044969389870967574,0.026160202096869256,1.3080101048434628e-05,3,0.9500000000000002,0.04999999999999982
2023-05-02,-0.01439851254019235,-0.014657015907446556,0.5170067345084126,0.0002585033672542063,3,0.95,0.050000000000000044
2023-05-03,-0.009084786536218858,-0.00933984624033711,0.5101194082365029,0.00025505970411825147,3,0.95,0.050000000000000044
2023-05-04,0.00376339654942772,0.0037575965574807683,0.01159998389390332,5.799991946951661e-06,3,0.95,0.050000000000000044
2023-05-05,-0.0043242517154563264,-0.004346724056271806,0.04494468163096074,2.247234081548037e-05,3,0.95,0.050000000000000044
2023-05-08,-0.020055112925838947,-0.020094630150531253,0.07903444938460952,3.951722469230476e-05,3,0.9499999999999998,0.050000000000000155
2023-05-09,-0.013985104703476733,-0.013998390363489181,0.02657132002489565,1.3285660012447826e-05,3,0.95,0.050000000000000044
2023-05-10,0.01956488356666208,0.019532484761936045,0.06479760945206828,3.239880472603414e-05,3,0.95,0.050000000000000044
2023-05-11,-0.006795192080021734,-0.0068126367944784105,0.03488942891335209,1.7444714456676046e-05,3,0.9499999999999998,0.050000000000000155
2023-05-12,0.030602816377323334,0.030592537534978353,0.020557684689958777,1.027884234497939e-05,3,0.9499999999999998,0.050000000000000155
2023-05-15,-0.01055305168211701,-0.010572221441636293,0.03833951903856897,1.9169759519284484e-05,3,0.95,0.050000000000000044
2023-05-16,-0.013271011074253939,-0.01328408807305694,0.026153997606003343,1.3076998803001672e-05,3,0.95,0.050000000000000044
2023-05-17,-0.012238238891405033,-0.012283791266214433,0.09110474961879839,4.5552374809399195e-05,3,0.9500000000000002,0.04999999999999982
2023-05-18,-0.021582289741458434,-0.02185770396294825,0.5508284429796361,0.00027541422148981805,3,0.9500000000000001,0.04999999999999993
2023-05-19,0.019182498083050226,0.019159056035899034,0.04688409430238066,2.344204715119033e-05,3,0.95,0.050000000000000044
2023-05-22,-0.007743245274564087,-0.007753234237847904,0.019977926567633808,9.988963283816904e-06,3,0.95,0.050000000000000044
2023-05-23,0.028147970059520872,0.028135466075959428,0.025007967122886304,1.2503983561443152e-05,3,0.9500000000000001,0.04999999999999993
2023-05-24,0.06555686692314944,0.06554088990945128,0.03195402739629863,1.5977013698149314e-05,3,0.95,0.050000000000000044
2023-05-25,0.008268512307298444,0.00801620861473128,0.504607385134328,0.000252303692567164,3,0.95,0.050000000000000044
2023-05-26,0.002092001254323001,0.002084492552412851,0.015017403820300423,7.508701910150212e-06,3,0.9500000000000002,0.04999999999999982
2023-05-30,-0.0036074812233142482,-0.003626868294631496,0.03877414263449569,1.9387071317247846e-05,3,0.95,0.050000000000000044
2023-05-31,0.01479758446561406,0.014781056969038807,0.03305499315050872,1.6527496575254362e-05,3,0.9500000000000001,0.04999999999999993
2023-06-01,-0.011328382670476698,-0.01136038242356114,0.06399950616888161,3.1999753084440806e-05,3,0.95,0.050000000000000044
2023-06-02,0.005627745524796877,0.0056255875956518105,0.004315858290132979,2.1579291450664894e-06,3,0.95,0.050000000000000044
2023-06-05,0.02669404954669381,0.026452450523023054,0.4831980473415114,0.0002415990236707557,3,0.9500000000000001,0.04999999999999993
2023-06-06,0.0275640005913837,0.027542436236818936,0.0431287091295299,2.156435456476495e-05,3,0.95,0.050000000000000044
2023-06-07,0.00017366485446280219,0.0001635035012024084,0.020322706520787576,1.0161353260393788e-05,3,0.9499999999999998,0.050000000000000155
2023-06-08,0.0023816545558257053,0.0023653009177822893,0.03270727608683169,1.6353638043415845e-05,3,0.95,0.050000000000000044
2023-06-09,0.00027938920412190395,1.4372970239330193e-05,0.5300324677651476,0.00026501623388257376,3,0.95,0.050000000000000044
2023-06-12,-0.0026569268455798093,-0.0026797178108803345,0.045581930601050646,2.2790965300525325e-05,3,0.9500000000000001,0.04999999999999993
2023-06-13,-0.024838917455323652,-0.02508601047497266,0.4941860392980144,0.00024709301964900723,3,0.9500000000000001,0.04999999999999993
2023-06-14,0.005888947260121177,0.005878223707349109,0.021447105544134787,1.0723552772067393e-05,3,0.9499999999999998,0.050000000000000155
2023-06-15,-0.02821713486795607,-0.028238604515283802,0.0429392946554647,2.146964732773235e-05,3,0.9500000000000001,0.04999999999999993
2023-06-16,0.0014445983340307233,0.0012088130728690758,0.47157052232329477,0.0002357852611616474,3,0.95,0.050000000000000044
2023-06-20,-0.0015236752636499026,-0.0015668997279889578,0.08644892867811041,4.322446433905521e-05,3,0.9499999999999998,0.050000000000000155
2023-06-21,0.01585459637689443,0.015840918481227956,0.027355791332953405,1.3677895666476703e-05,3,0.9499999999999997,0.050000000000000266
2023-06-22,-0.0343646930831826,-0.03445760278530791,0.18581940425062235,9.290970212531118e-05,3,0.95,0.050000000000000044
2023-06-23,-0.005075482425930364,-0.005096856863483742,0.042748875106756734,2.137443755337837e-05,3,0.95,0.050000000000000044
2023-06-26,0.016354375635369733,0.01604018114212133,0.6283889864968069,0.00031419449324840345,3,0.95,0.050000000000000044
2023-06-27,0.03711489994962877,0.0368237897376536,0.5822204239503368,0.0002911102119751684,3,0.9500000000000001,0.04999999999999993
2023-06-28,0.0021841461282581997,0.002158560178077078,0.05117190036224334,2.558595018112167e-05,3,0.9500000000000002,0.04999999999999982
2023-06-29,0.036861417764741736,0.03660145140838698,0.5199327127095145,0.00025996635635475726,3,0.95,0.050000000000000044
2023-06-30,0.002142695477089779,0.0018773483539206034,0.5306942463383518,0.0002653471231691759,3,0.95,0.050000000000000044
2023-07-03,-0.001253354152234553,-0.0012769625757378812,0.04721684700665618,2.360842350332809e-05,3,0.9500000000000001,0.04999999999999993
2023-07-05,-0.022656162692344523,-0.022688062206142442,0.06379902759583655,3.189951379791828e-05,3,0.9500000000000001,0.04999999999999993
2023-07-06,0.021421961909459834,0.02116799098373494,0.507941851449794,0.000253970925724897,3,0.95,0.050000000000000044
2023-07-07,0.025253471047743916,0.025243154194653738,0.0206337061803534,1.03168530901767e-05,3,0.9499999999999998,0.050000000000000155
2023-07-10,0.0024741625166766553,0.0024641516161399628,0.020021801073384582,1.001090053669229e-05,3,0.95,0.050000000000000044
2023-07-11,0.0007798734043257156,0.000546308147870257,0.46713051291091734,0.00023356525645545868,3,0.95,0.050000000000000044
2023-07-12,0.049098557035977514,0.04907912442874014,0.03886521447474561,1.9432607237372808e-05,3,0.95,0.050000000000000044
2023-07-13,-0.008714221094435955,-0.008933613785781412,0.43878538269091416,0.0002193926913454571,3,0.95,0.050000000000000044
2023-07-14,0.0532037340425183,0.05295645422622642,0.49455963258375113,0.00024727981629187555,3,0.95,0.050000000000000044
2023-07-17,0.041399675059249894,0.041386981552491965,0.025387013515854012,1.2693506757927007e-05,3,0.9499999999999998,0.050000000000000155
2023-07-18,-0.038017471426443517,-0.03803839225242723,0.04184165196742415,2.0920825983712074e-05,3,0.95,0.050000000000000044
2023-07-19,-0.018159636927867026,-0.018199012564718044,0.07875127370203755,3.9375636851018774e-05,3,0.95,0.050000000000000044
2023-07-20,-0.006309300059539107,-0.006316621578849521,0.014643038620829552,7.321519310414776e-06,3,0.95,0.050000000000000044
2023-07-21,0.00700308096466026,0.006743352802787236,0.519456323746047,0.0002597281618730235,3,0.95,0.050000000000000044
2023-07-24,0.024760928805324586,0.024750646784184854,0.020564042279465566,1.0282021139732784e-05,3,0.95,0.050000000000000044
2023-07-25,-0.011787403921800535,-0.011799327256663624,0.023846669726177383,1.1923334863088692e-05,3,0.95,0.050000000000000044
2023-07-26,-0.01582829348822448,-0.015832944171909266,0.009301367369572211,4.650683684786106e-06,3,0.95,0.050000000000000044
2023-07-27,0.023655290275827797,0.023624813525477736,0.06095350070012026,3.0476750350060132e-05,3,0.95,0.050000000000000044
2023-07-28,0.00256723091815981,0.0025404727581702434,0.05351631997913367,2.6758159989566836e-05,3,0.9499999999999998,0.050000000000000155
2023-07-31,0.004164453587091088,0.00415651820542011,0.015870763341954558,7.93538167097728e-06,3,0.95,0.050000000000000044
2023-08-01,-0.015048905789633412,-0.015338437878636556,0.5790641780062881,0.00028953208900314405,3,0.9499999999999998,0.050000000000000155
2023-08-02,-0.0336571302356401,-0.03366548459557134,0.016708719862479682,8.35435993123984e-06,3,0.9499999999999998,0.050000000000000155
2023-08-03,0.2248589531187104,0.22484134471496242,0.03521680749598166,1.7608403747990832e-05,3,0.95,0.050000000000000044
2023-08-04,0.052770288923341964,0.05275407251665366,0.032432813376594594,1.62164066882973e-05,3,0.95,0.050000000000000044
2023-08-07,-0.004399638832674771,-0.00442160784289171,0.0439380204338779,2.196901021693895e-05,3,0.95,0.050000000000000044
2023-08-08,-0.09717212695644305,-0.09745687880725182,0.569503701617553,0.00028475185080877654,3,0.9500000000000001,0.04999999999999993
2023-08-09,0.08033403115156472,0.0803009863358976,0.0660896313342299,3.304481566711495e-05,3,0.9500000000000001,0.04999999999999993
2023-08-10,-0.08018674789171945,-0.08020455413333824,0.0356124832375688,1.78062416187844e-05,3,0.95,0.050000000000000044
2023-08-11,0.08827057327612635,0.08822095008984815,0.09924637255641283,4.962318627820642e-05,3,0.95,0.050000000000000044
2023-08-14,-0.029710268243056552,-0.02975138165856515,0.08222683101719902,4.111341550859951e-05,3,0.95,0.050000000000000044
2023-08-15,-0.07388918411798463,-0.0739287492909982,0.07913034602714697,3.9565173013573484e-05,3,0.9499999999999998,0.050000000000000155
2023-08-16,-0.03610222664338675,-0.03639490330596743,0.5853533251613668,0.0002926766625806834,3,0.9499999999999998,0.050000000000000155
2023-08-17,-0.008136485299525398,-0.008431035851036472,0.5891011030221496,0.0002945505515110748,3,0.9500000000000001,0.04999999999999993
2023-08-18,0.016256738470430653,0.01598992865423902,0.5336196323832649,0.00026680981619163247,3,0.95,0.050000000000000044
2023-08-21,-0.015206618498817851,-0.0152458567627278,0.0784765278198957,3.923826390994785e-05,3,0.95,0.050000000000000044
2023-08-22,0.05831961562394608,0.058020140808376,0.5989496311401608,0.00029947481557008037,3,0.9500000000000002,0.04999999999999982
2023-08-23,-0.07079391088294136,-0.0708121165490042,0.03641133212566933,1.8205666062834664e-05,3,0.95,0.050000000000000044
2023-08-24,-0.02922477060947689,-0.029254498347492296,0.05945547603081408,2.9727738015407042e-05,3,0.95,0.050000000000000044
2023-08-25,-0.003547381681400636,-0.003800791354264373,0.5068193457274737,0.00025340967286373685,3,0.9500000000000001,0.04999999999999993
2023-08-28,0.09481604491290646,0.09455057488573437,0.5309400543441805,0.0002654700271720902,3,0.95,0.050000000000000044
2023-08-29,0.019207780181229633,0.018835854944463395,0.7438504735324714,0.0003719252367662357,3,0.95,0.050000000000000044
2023-08-30,0.029446767305402494,0.02941155682568963,0.07042095942572901,3.521047971286451e-05,3,0.95,0.050000000000000044
2023-08-31,0.014558889484698308,0.014534319410322922,0.049140148750772605,2.4570074375386302e-05,3,0.95,0.050000000000000044
2023-09-01,0.002818844291742128,0.002804538231952867,0.028612119578521777,1.4306059789260889e-05,3,0.9500000000000001,0.04999999999999993
2023-09-05,-0.02389698072844939,-0.024236606698358223,0.6792519398176655,0.00033962596990883275,3,0.9499999999999997,0.050000000000000266
2023-09-06,-0.030086308122347458,-0.030111526727651574,0.05043721060822984,2.5218605304114918e-05,3,0.9500000000000001,0.04999999999999993
2023-09-07,-0.00639428204018032,-0.006399471063484471,0.010378046608300523,5.1890233041502616e-06,3,0.9499999999999997,0.050000000000000266
2023-09-08,-0.01351734895247731,-0.013571944089376948,0.10919027379927443,5.459513689963722e-05,3,0.95,0.050000000000000044
2023-09-11,-0.03280791094962958,-0.03285031563858645,0.08480937791375362,4.240468895687681e-05,3,0.95,0.050000000000000044
2023-09-12,-0.0851778788151011,-0.08520925873645077,0.06275984269934701,3.13799213496735e-05,3,0.95,0.050000000000000044
2023-09-13,0.034266654564908676,0.034215466980533515,0.10237516875032168,5.118758437516084e-05,3,0.9500000000000001,0.04999999999999993
2023-09-14,-0.005284187251531422,-0.0055326518296854275,0.4969291563080111,0.00024846457815400557,3,0.95,0.050000000000000044
2023-09-15,-0.0061485501052124655,-0.006172722817607503,0.04834542479007509,2.4172712395037545e-05,3,0.95,0.050000000000000044
2023-09-18,-0.009571976841313952,-0.009808383876438263,0.47281407024862054,0.00023640703512431028,3,0.95,0.050000000000000044
2023-09-19,0.000363781259238514,0.0002799967186486445,0.16756908117973887,8.378454058986944e-05,3,0.9499999999999998,0.050000000000000155
2023-09-20,-0.04410608545627643,-0.04436343825521963,0.5147055978864024,0.0002573527989432012,3,0.9500000000000001,0.04999999999999993
2023-09-21,0.015306831637790678,0.015050198943197443,0.5132653891864716,0.0002566326945932358,3,0.95,0.050000000000000044
2023-09-22,-0.01853467245865044,-0.0185630117376546,0.05667855800832139,2.8339279004160694e-05,3,0.95,0.050000000000000044
2023-09-25,-0.012945027943018333,-0.013026088272645524,0.1621206592543829,8.106032962719145e-05,3,0.95,0.050000000000000044
2023-09-26,-0.028580553780575703,-0.028657515004647263,0.15392244814311865,7.696122407155932e-05,3,0.9500000000000001,0.04999999999999993
2023-09-27,0.08525146669309852,0.08520488661322588,0.09316015974528222,4.658007987264111e-05,3,0.95,0.050000000000000044
2023-09-28,0.0011222842955169376,0.0009558600058251677,0.33284857938353973,0.00016642428969176987,3,0.95,0.050000000000000044
2023-09-29,-0.031288547238483566,-0.03132114197014594,0.06518946332474992,3.259473166237496e-05,3,0.95,0.050000000000000044
2023-10-02,-0.0642717424559659,-0.06454802296440772,0.5525610168836345,0.00027628050844181724,3,0.95,0.050000000000000044
2023-10-03,-0.03641596971516175,-0.03642369955688663,0.015459683449760175,7.729841724880089e-06,3,0.9500000000000001,0.04999999999999993
2023-10-04,0.005410714345066403,0.005160405686278405,0.5006173175759971,0.0002503086587879986,3,0.95,0.050000000000000044
2023-10-05,0.014546255064233371,0.014519360687540284,0.053788753386176585,2.6894376693088293e-05,3,0.95,0.050000000000000044
2023-10-06,-0.056768042418309,-0.05677965494529159,0.023225053965171827,1.1612526982585914e-05,3,0.9500000000000001,0.04999999999999993
2023-10-09,0.016394249178455708,0.01612581854459804,0.5368612677153368,0.0002684306338576684,3,0.9499999999999998,0.050000000000000155
2023-10-10,0.006490568389904736,0.006215726690548705,0.5496833987120613,0.00027484169935603067,3,0.95,0.050000000000000044
2023-10-11,-0.03850727083448105,-0.03852219400305783,0.02984633715355478,1.492316857677739e-05,3,0.9500000000000002,0.04999999999999982
2023-10-12,-0.024909723176911865,-0.02495843497224816,0.09742359067258988,4.871179533629494e-05,3,0.95,0.050000000000000044
2023-10-13,0.018373917613600438,0.018353254952790412,0.04132532162005176,2.066266081002588e-05,3,0.95,0.050000000000000044
2023-10-16,0.003308185354379322,0.0032866702289604225,0.04303025083779882,2.151512541889941e-05,3,0.95,0.050000000000000044
2023-10-17,-0.034801028620460445,-0.03482034676887479,0.038636296828695293,1.931814841434765e-05,3,0.95,0.050000000000000044
2023-10-18,-0.034243675155854594,-0.03427005714773358,0.052763983757968536,2.6381991878984268e-05,3,0.9500000000000001,0.04999999999999993
2023-10-19,-0.04878016984617632,-0.048793627646336074,0.02691560031950213,1.3457800159751066e-05,3,0.95,0.050000000000000044
2023-10-20,0.02695499353902941,0.026922743875850787,0.06449932635724714,3.224966317862357e-05,3,0.95,0.050000000000000044
2023-10-23,0.020566809102856645,0.020553458743170522,0.026700719372246606,1.3350359686123304e-05,3,0.95,0.050000000000000044
2023-10-24,-0.046692164493527644,-0.04669670273706307,0.009076487070847294,4.538243535423647e-06,3,0.95,0.050000000000000044
2023-10-25,-0.03234150212424259,-0.03234777601232296,0.01254777616073538,6.27388808036769e-06,3,0.95,0.050000000000000044
2023-10-26,0.005689873567412138,0.0056697388213749166,0.040269492074443414,2.013474603722171e-05,3,0.95,0.050000000000000044
2023-10-27,-0.014668644778172542,-0.014674533244365089,0.01177693238509514,5.88846619254757e-06,3,0.95,0.050000000000000044
2023-10-30,0.01589828001351891,0.01588996474341863,0.016630540200555155,8.315270100277577e-06,3,0.95,0.050000000000000044
2023-10-31,0.019625696909510423,0.019592718051327614,0.06595771636562031,3.2978858182810156e-05,3,0.95,0.050000000000000044
2023-11-01,0.08414704383481336,0.08411703923263217,0.06000920436239435,3.0004602181197176e-05,3,0.95,0.050000000000000044
2023-11-02,0.07273066079793428,0.07269457596487358,0.07216966612139056,3.608483306069528e-05,3,0.95,0.050000000000000044
2023-11-03,0.015459714686381862,0.015400625686622852,0.11817799951802027,5.908899975901014e-05,3,0.95,0.050000000000000044
2023-11-06,0.01792312607019403,0.017899237801089152,0.04777653820975658,2.388826910487829e-05,3,0.9500000000000002,0.04999999999999982
2023-11-07,0.0027009948825713484,0.0025992639708551303,0.2034618234324363,0.00010173091171621815,3,0.9500000000000002,0.04999999999999982
2023-11-08,-0.038057406453332346,-0.03809610310446678,0.07739330226886709,3.8696651134433545e-05,3,0.9500000000000001,0.04999999999999993
2023-11-09,-0.027262321730238386,-0.02728797289909974,0.051302337722709146,2.5651168861354572e-05,3,0.95,0.050000000000000044
2023-11-10,0.04624444957778185,0.04621251216078835,0.06387483398699495,3.1937416993497474e-05,3,0.95,0.050000000000000044
2023-11-13,0.1318714435571287,0.13182621502847708,0.0904570573032889,4.5228528651644455e-05,3,0.9499999999999998,0.050000000000000155
2023-11-14,0.03616422650362506,0.03585169172678069,0.6250695536887463,0.00031253477684437317,3,0.95,0.050000000000000044
2023-11-15,-0.026854852218756213,-0.026889085977090187,0.0684675166679442,3.4233758333972104e-05,3,0.95,0.050000000000000044
2023-11-16,0.00546414254183665,0.0054385586423779326,0.05116779891743489,2.5583899458717447e-05,3,0.9500000000000001,0.04999999999999993
2023-11-17,0.05582398183543357,0.05580947917901921,0.02900531282871366,1.450265641435683e-05,3,0.95,0.050000000000000044
2023-11-20,0.0844662974416942,0.08444702631257997,0.038542258228459636,1.9271129114229818e-05,3,0.95,0.050000000000000044
2023-11-21,0.008186723349526649,0.008148860664913682,0.0757253692259321,3.786268461296605e-05,3,0.9499999999999997,0.050000000000000266
2023-11-22,-0.01569043840001233,-0.015721753269370718,0.0626297387167784,3.1314869358389204e-05,3,0.9500000000000002,0.04999999999999982
2023-11-24,0.06056230091471572,0.06052817622810118,0.06824937322907931,3.412468661453966e-05,3,0.95,0.050000000000000044
2023-11-27,0.005609042020965637,0.0053428897617219554,0.5323045184873634,0.0002661522592436817,3,0.95,0.050000000000000044
2023-11-28,0.008340430370714517,0.008331303074161809,0.018254593105418188,9.127296552709094e-06,3,0.9499999999999997,0.050000000000000266
2023-11-29,-0.045123952170511454,-0.04513860762151137,0.029310901999829275,1.4655450999914638e-05,3,0.95,0.050000000000000044
2023-11-30,0.1399746549265861,0.13969501820091523,0.5592734513416986,0.0002796367256708493,3,0.9499999999999998,0.050000000000000155
2023-12-01,0.04639696549034526,0.04637503488754674,0.04386120559704998,2.193060279852499e-05,3,0.9499999999999998,0.050000000000000155
2023-12-04,-0.030263450655913043,-0.030522319749715466,0.517738187604843,0.0002588690938024215,3,0.95,0.050000000000000044
2023-12-05,0.021105746962416,0.02086585342755826,0.4797870697154759,0.00023989353485773796,3,0.95,0.050000000000000044
2023-12-06,0.016208351040002157,0.015973963535034375,0.468775009935563,0.0002343875049677815,3,0.95,0.050000000000000044
2023-12-07,0.06921636163936161,0.06918272501358594,0.06727325155135541,3.3636625775677703e-05,3,0.95,0.050000000000000044
2023-12-08,-0.025639893985451717,-0.025791780426942454,0.3037728829814735,0.00015188644149073674,3,0.95,0.050000000000000044
2023-12-11,-0.005867635694791646,-0.005962279298660822,0.18928720773835264,9.464360386917632e-05,3,0.95,0.050000000000000044
2023-12-12,0.11508184647811369,0.1150399796633722,0.0837336294829748,4.18668147414874e-05,3,0.9500000000000001,0.04999999999999993
2023-12-13,0.07408246651894826,0.07403067110108494,0.10359083572664965,5.179541786332483e-05,3,0.95,0.050000000000000044
2023-12-14,-0.009950278779920755,-0.009977164542426205,0.05377152501090027,2.6885762505450135e-05,3,0.95,0.050000000000000044
2023-12-15,0.048683293683494576,0.04866633956780007,0.033908231389016136,1.695411569450807e-05,3,0.95,0.050000000000000044
2023-12-18,0.04876797094424562,0.04874297626438512,0.049989359721007376,2.4994679860503687e-05,3,0.9499999999999997,0.050000000000000266
2023-12-19,-0.06788764381846997,-0.06789821835496694,0.021149072993935675,1.0574536496967837e-05,3,0.95,0.050000000000000044
2023-12-20,0.019712973763382376,0.019691026778535212,0.043893969694325324,2.1946984847162663e-05,3,0.9499999999999997,0.050000000000000266
2023-12-21,-0.017825553365111893,-0.01805609668607884,0.46108664193389726,0.00023054332096694862,3,0.9500000000000001,0.04999999999999993
2023-12-22,0.031994874457575054,0.031974531358489086,0.04068619817193944,2.034309908596972e-05,3,0.9500000000000001,0.04999999999999993
2023-12-26,-0.006313404089792704,-0.006327566162130304,0.02832414467519792,1.416207233759896e-05,3,0.95,0.050000000000000044
2023-12-27,-0.010310387792777027,-0.010350191830593207,0.0796080756323613,3.9804037816180655e-05,3,0.9500000000000001,0.04999999999999993
2023-12-28,-0.0652120643709409,-0.06523731283941868,0.050496936955559124,2.5248468477779562e-05,3,0.95,0.050000000000000044
2023-12-29,-0.04645659541889868,-0.04647019303401048,0.02719523022359574,1.359761511179787e-05,3,0.9500000000000001,0.04999999999999993
2024-01-02,-0.05469617047748365,-0.0547057963959794,0.019251836991495297,9.625918495747648e-06,3,0.9500000000000001,0.04999999999999993
2024-01-03,0.01960988837091175,0.019572828986649513,0.07411876852447807,3.705938426223904e-05,3,0.95,0.050000000000000044
2024-01-04,0.0779047584259153,0.07766364202199955,0.4822328078314966,0.0002411164039157483,3,0.95,0.050000000000000044
2024-01-05,-0.015794842830954458,-0.015825200061340795,0.06071446077267109,3.0357230386335546e-05,3,0.9500000000000001,0.04999999999999993
2024-01-08,0.01898183562463928,0.018781713390822928,0.40024446763270605,0.00020012223381635303,3,0.9500000000000001,0.04999999999999993
2024-01-09,-0.008521136582080863,-0.008527176578723879,0.012079993286032709,6.039996643016354e-06,3,0.9500000000000001,0.04999999999999993
2024-01-10,-0.06825433990475811,-0.06827133802334867,0.03399623718112621,1.6998118590563106e-05,3,0.9500000000000001,0.04999999999999993
2024-01-11,-0.055322091453585576,-0.05552568920740319,0.4071955076352203,0.00020359775381761014,3,0.9499999999999998,0.050000000000000155
2024-01-12,-0.012307219553261445,-0.012545389717538703,0.4763403285545166,0.0002381701642772583,3,0.95,0.050000000000000044
2024-01-16,-0.012634029102575745,-0.012893699725814731,0.5193412464779719,0.00025967062323898596,3,0.9499999999999997,0.050000000000000266
2024-01-17,-0.005689911457787224,-0.005739251305374119,0.09867969517379016,4.933984758689508e-05,3,0.9500000000000001,0.04999999999999993
2024-01-18,-0.011688490273893272,-0.011875533931732503,0.37408731567845954,0.00018704365783922978,3,0.9499999999999998,0.050000000000000155
2024-01-19,0.0683786178933561,0.06835440827474822,0.04841923721577082,2.420961860788541e-05,3,0.9500000000000001,0.04999999999999993
2024-01-22,-0.005219453510845554,-0.005417194737826966,0.3954824539628244,0.00019774122698141218,3,0.95,0.050000000000000044
2024-01-23,-0.06768879025007414,-0.06786617703452832,0.354773568908376,0.00017738678445418802,3,0.9499999999999998,0.050000000000000155
2024-01-24,-0.027260046024271303,-0.0274549182840078,0.38974451947299527,0.00019487225973649765,3,0.9500000000000001,0.04999999999999993
2024-01-25,-0.028658967804495495,-0.02867591663396196,0.03389765893292432,1.694882946646216e-05,3,0.9500000000000002,0.04999999999999982
2024-01-26,0.05126603928308636,0.05124119443060077,0.04968970497118594,2.484485248559297e-05,3,0.95,0.050000000000000044
2024-01-29,0.007357004812579737,0.007340765594330972,0.032478436497530155,1.6239218248765077e-05,3,0.9500000000000001,0.04999999999999993
2024-01-30,-0.027050139049290257,-0.027114022651640462,0.1277672047004096,6.38836023502048e-05,3,0.9499999999999998,0.050000000000000155
2024-01-31,0.016439587110938552,0.016362348359326408,0.1544775032242865,7.723875161214325e-05,3,0.95,0.050000000000000044
2024-02-01,0.06119897071750445,0.06118807434239722,0.021792750214466167,1.0896375107233083e-05,3,0.95,0.050000000000000044
2024-02-02,-0.008029871345301219,-0.008229307044020024,0.39887139743761,0.00019943569871880501,3,0.95,0.050000000000000044
2024-02-05,-0.00744233351414164,-0.007672642822137276,0.4606186159912734,0.00023030930799563672,3,0.9499999999999998,0.050000000000000155
2024-02-06,0.0322207588115543,0.03206071085327185,0.320095916564902,0.000160047958282451,3,0.9499999999999998,0.050000000000000155
2024-02-07,0.0069331937013895175,0.006746429653033696,0.3735280967116431,0.00018676404835582156,3,0.95,0.050000000000000044
2024-02-08,0.07801160907505932,0.07796368732056631,0.0958435089860103,4.7921754493005146e-05,3,0.9499999999999998,0.050000000000000155
2024-02-09,0.05064383838659125,0.050621761034787445,0.04415470360760254,2.2077351803801272e-05,3,0.95,0.050000000000000044
2024-02-12,-0.09146947634850895,-0.09169179762009518,0.4446425431724599,0.00022232127158622995,3,0.9500000000000001,0.04999999999999993
2024-02-13,0.06926313151014166,0.06924781642565025,0.03063016898279325,1.5315084491396625e-05,3,0.95,0.050000000000000044
2024-02-14,0.025966820014561222,0.02592815832851237,0.0773233720977057,3.8661686048852853e-05,3,0.95,0.050000000000000044
2024-02-15,-0.05169396043847213,-0.051708234393180605,0.028547909416951345,1.4273954708475672e-05,3,0.9500000000000001,0.04999999999999993
2024-02-16,-0.012294420966839643,-0.012334129355546912,0.07941677741453795,3.9708388707268975e-05,3,0.95,0.050000000000000044
2024-02-20,-0.03004707497484078,-0.030327344070116443,0.5605381905513249,0.00028026909527566245,3,0.95,0.050000000000000044
2024-02-21,0.12240264264135335,0.12238216626305147,0.04095275660376252,2.047637830188126e-05,3,0.9499999999999998,0.050000000000000155
2024-02-22,-0.1249664052398489,-0.12497320358368277,0.013596687667758789,6.7983438338793945e-06,3,0.9500000000000001,0.04999999999999993
2024-02-23,0.04913270807472814,0.049098864573161184,0.06768700313390452,3.384350156695226e-05,3,0.9500000000000001,0.04999999999999993
2024-02-26,-0.004379071013421524,-0.004387047272684528,0.01595251852600804,7.976259263004021e-06,3,0.95,0.050000000000000044
2024-02-27,-0.0676872992981509,-0.06800690113678966,0.6392036772775194,0.0003196018386387597,3,0.95,0.050000000000000044
2024-02-28,0.04094922889998631,0.040629335084550064,0.6397876308725019,0.00031989381543625093,3,0.9499999999999998,0.050000000000000155
2024-02-29,0.0014640977961880932,0.0014388889104051895,0.05041777156580751,2.5208885782903755e-05,3,0.95,0.050000000000000044
2024-03-01,0.06211340488453558,0.06209767937569054,0.03145101769009023,1.5725508845045116e-05,3,0.95,0.050000000000000044
2024-03-04,-0.008148546973525081,-0.008173728936435138,0.050363925820111566,2.5181962910055783e-05,3,0.95,0.050000000000000044
2024-03-05,0.006309549439451479,0.006276967565005566,0.06516374889182536,3.258187444591268e-05,3,0.95,0.050000000000000044
2024-03-06,-0.00521181610600447,-0.005246865316112688,0.07009842021643478,3.5049210108217394e-05,3,0.95,0.050000000000000044
2024-03-07,-0.010732444516573403,-0.010741079028869923,0.017269024593038335,8.634512296519168e-06,3,0.95,0.050000000000000044
2024-03-08,-0.024141774136088097,-0.024173919527670295,0.0642907831643954,3.21453915821977e-05,3,0.95,0.050000000000000044
2024-03-11,0.03249984269436438,0.03248479010589198,0.03010517694479975,1.5052588472399876e-05,3,0.95,0.050000000000000044
2024-03-12,0.008842988977967679,0.008839381753386475,0.007214449162407266,3.607224581203633e-06,3,0.95,0.050000000000000044
2024-03-13,-0.06134487439525301,-0.061355059330286184,0.020369870066344664,1.0184935033172333e-05,3,0.95,0.050000000000000044
2024-03-14,-0.016013604994799036,-0.016035334852020126,0.043459714442183495,2.1729857221091746e-05,3,0.95,0.050000000000000044
2024-03-15,-0.0023894328988558894,-0.002411350842411506,0.04383588711123304,2.191794355561652e-05,3,0.95,0.050000000000000044
2024-03-18,-0.0261887906617426,-0.026457499842205086,0.5374183609249663,0.0002687091804624832,3,0.95,0.050000000000000044
2024-03-19,0.018412252528179428,0.018123527956878493,0.5774491426018682,0.0002887245713009341,3,0.95,0.050000000000000044
2024-03-20,0.04556905064539997,0.04554046729981904,0.05716669116186637,2.8583345580933187e-05,3,0.95,0.050000000000000044
2024-03-21,-0.017852637767827292,-0.017881030333526983,0.05678513139937841,2.8392565699689205e-05,3,0.95,0.050000000000000044
2024-03-22,0.021172397983102675,0.021119351288415047,0.1060933893752582,5.30466946876291e-05,3,0.95,0.050000000000000044
2024-03-25,0.004218869546139591,0.003872497198217001,0.6927446958451806,0.0003463723479225903,3,0.9499999999999998,0.050000000000000155
2024-03-26,-0.0032292939718355056,-0.003244228809711188,0.029869675751364955,1.4934837875682477e-05,3,0.95,0.050000000000000044
2024-03-27,-0.015547495183781188,-0.01589660351436175,0.6982166611611218,0.0003491083305805609,3,0.95,0.050000000000000044
2024-03-28,-0.003338113144551037,-0.0036339675640631643,0.5917088390242542,0.0002958544195121271,3,0.95,0.050000000000000044
2024-04-01,-0.03483857922069441,-0.03514272946549986,0.6083004896108996,0.0003041502448054498,3,0.95,0.050000000000000044
2024-04-02,0.007298099109364866,0.0072708646755358505,0.05446886765803105,2.7234433829015525e-05,3,0.95,0.050000000000000044
2024-04-03,-0.025644371538606357,-0.025950596997571965,0.6124509179312184,0.0003062254589656092,3,0.9500000000000001,0.04999999999999993
2024-04-04,0.0007972683436159279,0.0007919898606470303,0.010556965937795176,5.2784829688975885e-06,3,0.95,0.050000000000000044
2024-04-05,-0.015585012754537322,-0.015832896638796726,0.4957677685188118,0.00024788388425940594,3,0.95,0.050000000000000044
2024-04-08,-0.01160584583350148,-0.011628179855869626,0.044668044736291296,2.233402236814565e-05,3,0.9499999999999998,0.050000000000000155
2024-04-09,-0.01626196386363674,-0.01627229505847665,0.020662389679822063,1.0331194839911032e-05,3,0.95,0.050000000000000044
2024-04-10,0.015907516951270968,0.015893865133385192,0.027303635771550233,1.3651817885775116e-05,3,0.95,0.050000000000000044
2024-04-11,-0.04783487672712544,-0.04809233657976719,0.5149197052835075,0.0002574598526417538,3,0.95,0.050000000000000044
2024-04-12,-0.05127774073650419,-0.05131031960893726,0.0651577448661409,3.257887243307045e-05,3,0.95,0.050000000000000044
2024-04-15,0.032980328003867736,0.03297049257802302,0.01967085168943014,9.835425844715071e-06,3,0.95,0.050000000000000044
2024-04-16,-0.0263444644679102,-0.026380723337612287,0.07251773940417353,3.6258869702086766e-05,3,0.9500000000000001,0.04999999999999993
2024-04-17,0.0013938532679032313,0.0013658108530111757,0.056084829784111084,2.8042414892055543e-05,3,0.95,0.050000000000000044
2024-04-18,-0.09568030599316694,-0.09594750899398173,0.534406001629574,0.00026720300081478697,3,0.95,0.050000000000000044
2024-04-19,-0.017538657868252594,-0.017798238719689725,0.5191617028742657,0.00025958085143713285,3,0.9499999999999998,0.050000000000000155
2024-04-22,0.04585900550782768,0.045617753927668675,0.48250316031800294,0.00024125158015900149,3,0.95,0.050000000000000044
2024-04-23,-0.012949324115125557,-0.013192082846064468,0.4855174618778224,0.0002427587309389112,3,0.95,0.050000000000000044
2024-04-24,0.02035330746590106,0.020084718594596127,0.5371777426098621,0.00026858887130493103,3,0.95,0.050000000000000044
2024-04-25,0.0716485876480007,0.07161785403847772,0.061467219045944876,3.073360952297244e-05,3,0.95,0.050000000000000044
2024-04-26,0.012966841872048286,0.012963042973642945,0.007597796810679791,3.7988984053398955e-06,3,0.95,0.050000000000000044
2024-04-29,-0.02404055741456035,-0.024265986519753126,0.45085821038555207,0.00022542910519277604,3,0.95,0.050000000000000044
2024-04-30,-0.02652052219864969,-0.026534832816856174,0.028621236412965795,1.4310618206482898e-05,3,0.9500000000000001,0.04999999999999993
2024-05-01,0.153328971564833,0.15331929619346074,0.01935074274451498,9.675371372257492e-06,3,0.9499999999999998,0.050000000000000155
2024-05-02,0.04167051271229205,0.041660795755703806,0.019433913176494566,9.716956588247284e-06,3,0.95,0.050000000000000044
2024-05-03,0.04056654240916745,0.04050085029020255,0.1313842379298007,6.569211896490034e-05,3,0.95,0.050000000000000044
2024-05-06,-0.03183443941348253,-0.031849746102051484,0.030613377137903436,1.530668856895172e-05,3,0.95,0.050000000000000044
2024-05-07,-0.025384392863729125,-0.025449528689285253,0.13027165111225347,6.513582555612673e-05,3,0.95,0.050000000000000044
2024-05-08,0.0009907343973960276,0.0009543054027656276,0.0728579892607999,3.6428994630399944e-05,3,0.95,0.050000000000000044
2024-05-09,-0.017836566387800276,-0.017861548780484723,0.04996478536889576,2.498239268444788e-05,3,0.9499999999999997,0.050000000000000266
2024-05-10,-0.013623035826072848,-0.013645907391091169,0.04574313003664238,2.2871565018321188e-05,3,0.9499999999999998,0.050000000000000155
2024-05-13,0.06171369672221144,0.061690902215322675,0.045589013777531995,2.2794506888766e-05,3,0.95,0.050000000000000044
2024-05-14,0.050989886253832495,0.050980163206322295,0.019446095020400844,9.723047510200423e-06,3,0.95,0.050000000000000044
2024-05-15,-0.019853015302257145,-0.019892757357979768,0.07948411144524925,3.974205572262463e-05,3,0.9499999999999998,0.050000000000000155
2024-05-16,-0.023764318302733956,-0.024093729079877706,0.6588215542875008,0.00032941077714375037,3,0.95,0.050000000000000044
2024-05-17,0.023687014546925764,0.023375418410607324,0.6231922726368788,0.0003115961363184394,3,0.9500000000000001,0.04999999999999993
2024-05-20,-0.017733451876342364,-0.018075658618123977,0.6844134835632277,0.0003422067417816139,3,0.9500000000000002,0.04999999999999982
2024-05-21,-0.00854617553918037,-0.008579501184219266,0.06665129007779352,3.3325645038896764e-05,3,0.9500000000000001,0.04999999999999993
2024-05-22,-0.03171037823236646,-0.03171817455209768,0.015592639462456592,7.796319731228296e-06,3,0.95,0.050000000000000044
2024-05-23,0.03272756186250123,0.03271425698801659,0.0266097489692923,1.3304874484646151e-05,3,0.9500000000000001,0.04999999999999993
2024-05-24,-0.021969776218601987,-0.022278916233873,0.6182800305420262,0.0003091400152710131,3,0.9500000000000001,0.04999999999999993
2024-05-28,0.02041897445254394,0.020109520948492193,0.6189070081034888,0.00030945350405174436,3,0.95,0.050000000000000044
2024-05-29,-0.011252096956579099,-0.011534203098190868,0.5642122832235411,0.00028210614161177055,3,0.95,0.050000000000000044
2024-05-30,-0.034574424051249456,-0.03460264517378214,0.0564422450653731,2.822112253268655e-05,3,0.95,0.050000000000000044
2024-05-31,0.00400463745306205,0.003973727418481747,0.06182006916060534,3.091003458030267e-05,3,0.95,0.050000000000000044
2024-06-03,0.0032297125009872092,0.003191943167866685,0.07553866624104846,3.776933312052423e-05,3,0.9500000000000001,0.04999999999999993
2024-06-04,0.020356627555185858,0.020348591434569605,0.016072241232506862,8.03612061625343e-06,3,0.9499999999999998,0.050000000000000155
2024-06-05,-0.021264606476185163,-0.02154977804776653,0.5703431431627304,0.0002851715715813652,3,0.9499999999999998,0.050000000000000155
2024-06-06,0.0074132158359348655,0.007171643169352241,0.4831453331652503,0.00024157266658262515,3,0.95,0.050000000000000044
2024-06-07,0.03547744598281651,0.035446407341667666,0.06207728229769191,3.103864114884596e-05,3,0.95,0.050000000000000044
2024-06-10,-0.1009282684019324,-0.10100851543079363,0.16049405772244218,8.024702886122109e-05,3,0.95,0.050000000000000044
2024-06-11,0.03987616684150646,0.03981529545236339,0.12174277828613217,6.0871389143066085e-05,3,0.95,0.050000000000000044
2024-06-12,0.0046363288954297255,0.004339725436247124,0.5932069183652015,0.00029660345918260074,3,0.95,0.050000000000000044
2024-06-13,-0.11569529726892817,-0.11572128176762222,0.05196899738809374,2.598449869404687e-05,3,0.95,0.050000000000000044
2024-06-14,-0.005300262065349604,-0.005342212260378837,0.08390039005846639,4.19501950292332e-05,3,0.95,0.050000000000000044
2024-06-17,-0.08622900484796599,-0.08627263564041293,0.08726158489388869,4.363079244694435e-05,3,0.9500000000000001,0.04999999999999993
2024-06-18,-0.035447099254173026,-0.03547990351758744,0.06560852682883106,3.280426341441553e-05,3,0.95,0.050000000000000044
2024-06-20,0.029498364517824865,0.029495760142523333,0.005208750603068468,2.6043753015342344e-06,3,0.95,0.050000000000000044
2024-06-21,-0.011509685402879766,-0.01152623917482649,0.03310754389344733,1.6553771946723668e-05,3,0.95,0.050000000000000044
2024-06-24,0.03142129852652319,0.03141458448394162,0.01342808516314814,6.7140425815740704e-06,3,0.95,0.050000000000000044
2024-06-25,-0.035975340691204574,-0.036022597731263165,0.0945140801171761,4.725704005858805e-05,3,0.95,0.050000000000000044
2024-06-26,0.051972753069069386,0.05166907987060473,0.6073463969293189,0.00030367319846465944,3,0.95,0.050000000000000044
2024-06-27,-0.047904477697719924,-0.04849673037423131,1.1845053530227632,0.0005922526765113816,3,0.95,0.050000000000000044
2024-06-28,-0.044836333063776795,-0.04488412373815679,0.09558134875999152,4.7790674379995763e-05,3,0.95,0.050000000000000044
2024-07-01,-0.015199968222857647,-0.015532338341043643,0.6647402363719913,0.0003323701181859957,3,0.95,0.050000000000000044
2024-07-02,-0.03978434673006518,-0.03983377425197524,0.09885504382011812,4.942752191005906e-05,3,0.9499999999999998,0.050000000000000155
2024-07-03,-0.004992048364330457,-0.00500773992217811,0.03138311569530566,1.5691557847652833e-05,3,0.9499999999999998,0.050000000000000155
2024-07-05,-0.0832447096057177,-0.08353503982306618,0.5806604346969502,0.0002903302173484751,3,0.95,0.050000000000000044
2024-07-08,-0.011819924833149312,-0.011842691720785602,0.045533775272579735,2.2766887636289868e-05,3,0.95,0.050000000000000044
2024-07-09,-0.019573475978238983,-0.019937858825722934,0.7287656949679013,0.0003643828474839507,3,0.95,0.050000000000000044
2024-07-10,0.005203023596840566,0.005199932024934075,0.0061831438129818506,3.091571906490925e-06,3,0.95,0.050000000000000044
2024-07-11,0.0961376952688249,0.09613069512528613,0.014000287077540391,7.0001435387701955e-06,3,0.95,0.050000000000000044
2024-07-12,0.09551011092638982,0.09548531325526571,0.049595342248204694,2.4797671124102347e-05,3,0.9500000000000001,0.04999999999999993
2024-07-15,0.010707224776549482,0.010457516761488707,0.49941603012154945,0.00024970801506077475,3,0.95,0.050000000000000044
2024-07-16,0.15431898975116107,0.15429248026321632,0.05301897588950302,2.6509487944751512e-05,3,0.95,0.050000000000000044
2024-07-17,-0.015011620821132637,-0.015119930400598385,0.21661915893149464,0.00010830957946574733,3,0.95,0.050000000000000044
2024-07-18,-0.004360517248171915,-0.004655934927326968,0.5908353583101067,0.00029541767915505334,3,0.95,0.050000000000000044
2024-07-19,0.05295292855426364,0.05259385228279844,0.7181525429304014,0.00035907627146520074,3,0.95,0.050000000000000044
2024-07-22,0.00705115433736609,0.006752120327139699,0.5980680204527824,0.0002990340102263912,3,0.95,0.050000000000000044
2024-07-23,-0.02197572358784658,-0.02226564275900618,0.5798383423192017,0.00028991917115960084,3,0.95,0.050000000000000044
2024-07-24,-0.07250210697993686,-0.0727994540840528,0.5946942082318936,0.00029734710411594676,3,0.9499999999999998,0.050000000000000155
2024-07-25,0.09217169942711374,0.09160515355816222,1.1330917379030452,0.0005665458689515226,3,0.95,0.050000000000000044
2024-07-26,-0.024071385585410374,-0.024085218490789942,0.0276658107591376,1.3832905379568799e-05,3,0.9500000000000001,0.04999999999999993
2024-07-29,-0.043876055354266176,-0.043895752641988806,0.0393945754452521,1.969728772262605e-05,3,0.95,0.050000000000000044
2024-07-30,0.056342324230542966,0.05604225354725577,0.6001413665744,0.0003000706832872,3,0.95,0.050000000000000044
2024-07-31,-0.015600168165606325,-0.015620990832812988,0.04164533441332524,2.082266720666262e-05,3,0.95,0.050000000000000044
2024-08-01,-0.06182481224016942,-0.06184573833234623,0.041852184353629196,2.0926092176814598e-05,3,0.95,0.050000000000000044
2024-08-02,-0.016564808864965405,-0.016862129966850988,0.5946422037711635,0.00029732110188558175,3,0.95,0.050000000000000044
2024-08-05,0.015101500639670305,0.014826101367272889,0.5507985447948318,0.0002753992723974159,3,0.95,0.050000000000000044
2024-08-06,-0.024789571135197253,-0.025064924633440573,0.5507069964866382,0.0002753534982433191,3,0.9500000000000001,0.04999999999999993
2024-08-07,0.07166423372581235,0.07163554721902797,0.057373013568746745,2.8686506784373374e-05,3,0.9500000000000001,0.04999999999999993
2024-08-08,0.0482015879333492,0.04818954895468217,0.02407795733405571,1.2038978667027856e-05,3,0.95,0.050000000000000044
2024-08-09,-0.014224500879152158,-0.014497110701236925,0.5452196441695345,0.0002726098220847673,3,0.95,0.050000000000000044
2024-08-12,0.03401237462683289,0.03373794923609587,0.5488507814740485,0.0002744253907370243,3,0.95,0.050000000000000044
2024-08-13,-0.035041348532476896,-0.03507505332607886,0.06740958720392554,3.370479360196277e-05,3,0.95,0.050000000000000044
2024-08-14,0.04145575577686832,0.041402712578869426,0.10608639599777542,5.304319799888771e-05,3,0.9499999999999997,0.050000000000000266
2024-08-15,-0.013793238285309138,-0.014101055298223098,0.6156340258279205,0.00030781701291396026,3,0.95,0.050000000000000044
2024-08-16,0.08597438817162689,0.08593797263460179,0.07283107405021505,3.6415537025107525e-05,3,0.95,0.050000000000000044
2024-08-19,-0.006769756141855835,-0.007086505106630988,0.6334979295503051,0.00031674896477515256,3,0.95,0.050000000000000044
2024-08-20,0.04490680417210477,0.044863454124871395,0.08670009446674604,4.335004723337302e-05,3,0.95,0.050000000000000044
2024-08-21,-0.028665360862035423,-0.028678868918711506,0.027016113352162696,1.3508056676081348e-05,3,0.9499999999999998,0.050000000000000155
2024-08-22,0.03024563801147182,0.03023195687114862,0.027362280646398673,1.3681140323199337e-05,3,0.95,0.050000000000000044
2024-08-23,0.017977937605842105,0.017647489969017053,0.6608952736501055,0.00033044763682505275,3,0.95,0.050000000000000044
2024-08-26,-0.024547161183610215,-0.024551269114741908,0.008215862263383444,4.107931131691722e-06,3,0.95,0.050000000000000044
2024-08-27,-0.04413931231671915,-0.04414743574452481,0.016246855611318778,8.123427805659389e-06,3,0.95,0.050000000000000044
2024-08-28,0.0028620362070754133,0.0028449141474433436,0.03424411926413912,1.712205963206956e-05,3,0.95,0.050000000000000044
2024-08-29,0.009064047388776073,0.009018616257784547,0.09086226198305175,4.543113099152587e-05,3,0.95,0.050000000000000044
2024-08-30,-0.022670069149903976,-0.02267845985045192,0.016781401095885162,8.390700547942582e-06,3,0.95,0.050000000000000044
2024-09-03,0.03321076222296069,0.03318665467818869,0.04821508954399467,2.4107544771997337e-05,3,0.95,0.050000000000000044
2024-09-04,-0.04500856823503897,-0.04502619098415507,0.03524549823219797,1.7622749116098985e-05,3,0.95,0.050000000000000044
2024-09-05,-0.03803296165761392,-0.038050832163416516,0.03574101160519971,1.7870505802599857e-05,3,0.95,0.050000000000000044
2024-09-06,0.1605426956276146,0.16053596013799196,0.013470979245307602,6.735489622653801e-06,3,0.95,0.050000000000000044
2024-09-09,0.06350739765723169,0.0634772027043266,0.0603899058102057,3.0194952905102853e-05,3,0.95,0.050000000000000044
2024-09-10,0.01849209625543772,0.018448982734277804,0.08622704231983142,4.311352115991571e-05,3,0.95,0.050000000000000044
2024-09-11,0.05824397764371383,0.05823567598322563,0.01660332097639655,8.301660488198275e-06,3,0.95,0.050000000000000044
2024-09-12,0.09488931514064955,0.09486211237025087,0.05440554079735055,2.7202770398675275e-05,3,0.95,0.050000000000000044
2024-09-13,-0.022003342960872415,-0.022019784006691176,0.03288209163752304,1.644104581876152e-05,3,0.9499999999999997,0.050000000000000266
2024-09-16,-0.054353526137851674,-0.0544544497139583,0.20184715221324517,0.0001009235761066226,3,0.95,0.050000000000000044
2024-09-17,0.0031792532353429534,0.003175544153451072,0.007418163783763115,3.709081891881558e-06,3,0.9500000000000001,0.04999999999999993
2024-09-18,-0.003574008473368321,-0.003592364481927307,0.03671201711797162,1.835600855898581e-05,3,0.95,0.050000000000000044
2024-09-19,-0.028794831740735084,-0.028799505573862547,0.009347666254927861,4.6738331274639306e-06,3,0.9500000000000001,0.04999999999999993
2024-09-20,-0.028215320290733932,-0.028228112582222638,0.025584582977409287,1.2792291488704644e-05,3,0.95,0.050000000000000044
2024-09-23,0.01400709062571665,0.013991590832149218,0.03099958713486553,1.5499793567432766e-05,3,0.9499999999999998,0.050000000000000155
2024-09-24,-0.03210572280701227,-0.03213255437502249,0.05366313602043976,2.683156801021988e-05,3,0.9500000000000001,0.04999999999999993
2024-09-25,-0.0272093233345369,-0.027229558857980212,0.040471046886624146,2.0235523443312073e-05,3,0.9499999999999998,0.050000000000000155
2024-09-26,0.007168912512546792,0.007147309084784172,0.04320685552523884,2.160342776261942e-05,3,0.95,0.050000000000000044
2024-09-27,0.04768347243842261,0.04766499065655883,0.03696356372755363,1.8481781863776818e-05,3,0.95,0.050000000000000044
2024-09-30,-0.04676872086369169,-0.046794100350766116,0.05075897414885694,2.537948707442847e-05,3,0.95,0.050000000000000044
2024-10-01,-0.018324897543656175,-0.018346914371827953,0.0440336563435518,2.2016828171775902e-05,3,0.9499999999999998,0.050000000000000155
2024-10-02,-0.024919076459736202,-0.024933153858534302,0.0281547975961971,1.407739879809855e-05,3,0.9500000000000002,0.04999999999999982
2024-10-03,0.06958108656839766,0.06955975058208543,0.04267197262447611,2.1335986312238058e-05,3,0.95,0.050000000000000044
2024-10-04,-0.03994581478522704,-0.039971723230842485,0.05181689123089109,2.5908445615445544e-05,3,0.95,0.050000000000000044
2024-10-07,0.009541025712114449,0.009526691017131104,0.028669389966687914,1.4334694983343957e-05,3,0.95,0.050000000000000044
2024-10-08,-0.042695662747572236,-0.042811686650677264,0.23204780621005638,0.00011602390310502819,3,0.95,0.050000000000000044
2024-10-09,-0.004385922758771063,-0.004425100819154769,0.07835612076741225,3.917806038370612e-05,3,0.95,0.050000000000000044
2024-10-10,0.05629848307458753,0.05627263880956403,0.05168853004700524,2.5844265023502623e-05,3,0.95,0.050000000000000044
2024-10-11,0.02065837367664371,0.02060696050528409,0.10282634271924093,5.141317135962047e-05,3,0.9500000000000001,0.04999999999999993
2024-10-14,0.025589490801231393,0.025572057745243557,0.034866111975674324,1.7433055987837163e-05,3,0.9499999999999998,0.050000000000000155
2024-10-15,0.09969343103206708,0.09966756306647813,0.05173593117790745,2.5867965588953726e-05,3,0.9499999999999998,0.050000000000000155
2024-10-16,-0.032105035373880875,-0.032129989382587404,0.049908017413064915,2.495400870653246e-05,3,0.95,0.050000000000000044
2024-10-17,-0.003973302800644457,-0.0040160502494411094,0.08549489759330525,4.274744879665263e-05,3,0.9500000000000001,0.04999999999999993
2024-10-18,-0.03332102471644253,-0.033340892134257866,0.039734835630679116,1.9867417815339558e-05,3,0.95,0.050000000000000044
2024-10-21,0.0077527788144256555,0.007720710144441823,0.06413733996766649,3.206866998383324e-05,3,0.95,0.050000000000000044
2024-10-22,-0.0409487450525965,-0.040982787118729026,0.06808413226505275,3.404206613252637e-05,3,0.9500000000000001,0.04999999999999993
2024-10-23,-0.02865578613580419,-0.02868270842053273,0.0538445694570828,2.6922284728541397e-05,3,0.95,0.050000000000000044
2024-10-24,0.04236360335194205,0.04234262182759469,0.04196304869471712,2.098152434735856e-05,3,0.95,0.050000000000000044
2024-10-25,0.0359036579142432,0.03589459498612042,0.01812585624555782,9.06292812277891e-06,3,0.9500000000000001,0.04999999999999993
2024-10-28,-0.008750808271396347,-0.00876795402138579,0.03429149997888767,1.7145749989443836e-05,3,0.95,0.050000000000000044
2024-10-29,-0.08384532537512598,-0.0838606839895665,0.030717228881050745,1.5358614440525374e-05,3,0.95,0.050000000000000044
2024-10-30,-0.025615337318896404,-0.025648078500992384,0.06548236419195749,3.274118209597875e-05,3,0.9499999999999997,0.050000000000000266
2024-10-31,0.0054911612733346635,0.00548332686909882,0.015668808471687223,7.834404235843612e-06,3,0.9499999999999998,0.050000000000000155
2024-11-01,0.037673402603087186,0.03765668947356202,0.03342625905032509,1.6713129525162545e-05,3,0.95,0.050000000000000044
2024-11-04,0.0114146628831807,0.01140057652355622,0.028172719248957867,1.4086359624478934e-05,3,0.95,0.050000000000000044
2024-11-05,-0.004098204580545477,-0.00411783541678856,0.039261672486163635,1.9630836243081817e-05,3,0.9500000000000002,0.04999999999999982
2024-11-06,-0.011890639439160341,-0.011911428732150427,0.041578585980172056,2.0789292990086027e-05,3,0.95,0.050000000000000044
2024-11-07,0.00958291921993837,0.009542463429771705,0.08091158033332888,4.045579016666444e-05,3,0.95,0.050000000000000044
2024-11-08,0.05044628277190182,0.05044466794438365,0.0032296550363407894,1.6148275181703947e-06,3,0.9500000000000001,0.04999999999999993
2024-11-11,-0.02612316619555975,-0.02613493612478631,0.02353985845312534,1.176992922656267e-05,3,0.9499999999999997,0.050000000000000266
2024-11-12,0.05711490874001751,0.057107649304451995,0.014518871131031286,7.259435565515643e-06,3,0.9499999999999998,0.050000000000000155
2024-11-13,-0.02404883305409381,-0.02407678853603118,0.055910963874738345,2.7955481937369172e-05,3,0.95,0.050000000000000044
2024-11-14,-0.06904511086482999,-0.06929234139916117,0.49446106866234585,0.0002472305343311729,3,0.9500000000000001,0.04999999999999993
2024-11-15,0.02897277358221973,0.02871056231541278,0.5244225336138966,0.00026221126680694827,3,0.95,0.050000000000000044
2024-11-18,0.032457544064215256,0.0321723504496859,0.5703872290587113,0.00028519361452935567,3,0.95,0.050000000000000044
2024-11-19,-0.06751549214773296,-0.06778659876637438,0.5422132372828383,0.00027110661864141914,3,0.95,0.050000000000000044
2024-11-20,-0.004369742429327158,-0.00463979361296299,0.5401023672716638,0.0002700511836358319,3,0.95,0.050000000000000044
2024-11-21,0.01627561197487499,0.016259605455002376,0.032013039745225624,1.6006519872612812e-05,3,0.95,0.050000000000000044
2024-11-22,-0.012654287416182325,-0.012937369830249705,0.5661648281347602,0.0002830824140673801,3,0.9499999999999998,0.050000000000000155
2024-11-25,-0.014158213060250899,-0.01445223490825347,0.5880436960051438,0.0002940218480025719,3,0.95,0.050000000000000044
2024-11-26,0.008049342295509965,0.007792193829216669,0.5142969325865923,0.00025714846629329614,3,0.95,0.050000000000000044
2024-11-27,0.005594180752934122,0.00529618101578363,0.5959994743009831,0.00029799973715049154,3,0.95,0.050000000000000044
2024-11-29,-0.03697078763081648,-0.03698526124912156,0.0289472366101568,1.44736183050784e-05,3,0.95,0.050000000000000044
2024-12-02,-0.03679206625478246,-0.037108127755950834,0.632123002336753,0.0003160615011683765,3,0.95,0.050000000000000044
2024-12-03,-0.00573907322913435,-0.006055659757173604,0.6331730560785076,0.0003165865280392538,3,0.9499999999999997,0.050000000000000266
2024-12-04,-0.011912742180590612,-0.012189113455080754,0.5527425489802817,0.0002763712744901409,3,0.9500000000000001,0.04999999999999993
2024-12-05,0.061852368552455184,0.061826697536872074,0.05134203116622388,2.567101558311194e-05,3,0.9500000000000001,0.04999999999999993
2024-12-06,-0.04075398783849486,-0.04078911496759733,0.07025425820494091,3.512712910247046e-05,3,0.95,0.050000000000000044
2024-12-09,-0.04325429411792679,-0.04352359513683298,0.5386020378123793,0.00026930101890618966,3,0.95,0.050000000000000044
2024-12-10,0.04393141588641026,0.04390033936844849,0.06215303592353938,3.107651796176969e-05,3,0.95,0.050000000000000044
2024-12-11,-0.030412873788711825,-0.030432797629741506,0.03984768205936029,1.9923841029680146e-05,3,0.9500000000000001,0.04999999999999993
2024-12-12,0.0032411152610121547,0.0032111118501529203,0.060006821718469106,3.0003410859234554e-05,3,0.95,0.050000000000000044
2024-12-13,0.0178312794949672,0.01781457934868236,0.033400292569680745,1.6700146284840374e-05,3,0.95,0.050000000000000044
2024-12-16,-0.019137254883173235,-0.019153946075367072,0.03338238438767588,1.669119219383794e-05,3,0.95,0.050000000000000044
2024-12-17,-0.060104473481799064,-0.06010965228091417,0.010357598230218257,5.178799115109129e-06,3,0.95,0.050000000000000044
2024-12-18,0.029492202283293537,0.029154272988888192,0.6758585888106885,0.00033792929440534423,3,0.9500000000000001,0.04999999999999993
2024-12-19,0.07142069707071234,0.07109698172271212,0.6474306960004484,0.0003237153480002242,3,0.95,0.050000000000000044
2024-12-20,-0.02616146842635389,-0.026183715448402804,0.04449404409782881,2.2247022048914407e-05,3,0.95,0.050000000000000044
2024-12-23,0.01746915853860985,0.01713560700380292,0.6671030696138552,0.0003335515348069276,3,0.95,0.050000000000000044
2024-12-24,0.021858371398476146,0.02155790586937843,0.6009310581954354,0.00030046552909771766,3,0.95,0.050000000000000044
2024-12-26,-0.061427658167035604,-0.06144065886829844,0.02600140252567834,1.300070126283917e-05,3,0.95,0.050000000000000044
2024-12-27,-0.025134323066096406,-0.025157597409059106,0.046548685925400846,2.3274342962700422e-05,3,0.9499999999999997,0.050000000000000266
2024-12-30,-0.01801276239813922,-0.01803913849955701,0.052752202835575634,2.6376101417787816e-05,3,0.95,0.050000000000000044
