date,gross_return,net_return,turnover,cost,n_names,invested,cash_weight
2014-01-02,0.0128621993235297,0.0123621993235297,1.0,0.0005,5,1.0,0.0
2014-01-03,-0.011999504521413913,-0.012399504521413912,0.8,0.0004,5,1.0,0.0
2014-01-06,0.10077037887237575,0.10057037887237574,0.4,0.0002,5,1.0,0.0
2014-01-07,0.06874568187135481,0.0685456818713548,0.4,0.0002,5,1.0,0.0
2014-01-08,-0.051379793535462404,-0.0515797935354624,0.4,0.0002,5,1.0,0.0
2014-01-09,0.025282670557723555,0.025282670557723555,0.0,0.0,5,1.0,0.0
2014-01-10,-0.00810860479368738,-0.00810860479368738,0.0,0.0,5,1.0,0.0
2014-01-13,0.05160703931724575,0.05160703931724575,0.0,0.0,5,1.0,0.0
2014-01-14,0.0197708403437024,0.0197708403437024,0.0,0.0,5,1.0,0.0
2014-01-15,0.008497495352595964,0.008497495352595964,0.0,0.0,5,1.0,0.0
2014-01-16,-0.005071581275906187,-0.005071581275906187,0.0,0.0,5,1.0,0.0
2014-01-17,0.011630919148972296,0.011630919148972296,0.0,0.0,5,1.0,0.0
2014-01-21,-0.0041705642345194905,-0.0041705642345194905,0.0,0.0,5,1.0,0.0
2014-01-22,0.006176329738495528,0.0059763297384955285,0.4,0.0002,5,1.0,0.0
2014-01-23,-0.04868139400946621,-0.04888139400946621,0.4,0.0002,5,1.0,0.0
2014-01-24,-0.02215536003855567,-0.02235536003855567,0.4,0.0002,5,1.0,0.0
2014-01-27,0.07193917512765546,0.07193917512765546,0.0,0.0,5,1.0,0.0
2014-01-28,0.06628186040987583,0.06628186040987583,0.0,0.0,5,1.0,0.0
2014-01-29,0.024691589296481607,0.024691589296481607,0.0,0.0,5,1.0,0.0
2014-01-30,-0.011807660222132133,-0.011807660222132133,0.0,0.0,5,1.0,0.0
2014-01-31,-0.03270843799250194,-0.03270843799250194,0.0,0.0,5,1.0,0.0
2014-02-03,0.027786555348200407,0.027586555348200408,0.4,0.0002,5,1.0,0.0
2014-02-04,-0.01587675702429496,-0.01587675702429496,0.0,0.0,5,1.0,0.0
2014-02-05,0.008749032852111528,0.008749032852111528,0.0,0.0,5,1.0,0.0
2014-02-06,0.04759341389515366,0.04759341389515366,0.0,0.0,5,1.0,0.0
2014-02-07,0.04475708774584302,0.04475708774584302,0.0,0.0,5,1.0,0.0
2014-02-10,0.004274624754817859,0.004274624754817859,0.0,0.0,5,1.0,0.0
2014-02-11,0.02903538430022068,0.02883538430022068,0.4,0.0002,5,1.0,0.0
2014-02-12,0.04336274330957167,0.04316274330957167,0.4,0.0002,5,1.0,0.0
2014-02-13,-0.01827907126264112,-0.01847907126264112,0.4,0.0002,5,1.0,0.0
2014-02-14,0.02458727155343863,0.02458727155343863,0.0,0.0,5,1.0,0.0
2014-02-18,-0.006511959693239854,-0.006511959693239854,0.0,0.0,5,1.0,0.0
2014-02-19,0.036850242027812424,0.036850242027812424,0.0,0.0,5,1.0,0.0
2014-02-20,0.010513279855965686,0.010513279855965686,0.0,0.0,5,1.0,0.0
2014-02-21,0.01606001722790389,0.01606001722790389,0.0,0.0,5,1.0,0.0
2014-02-24,0.022263002863857764,0.022263002863857764,0.0,0.0,5,1.0,0.0
2014-02-25,0.03967689675604289,0.03947689675604289,0.4,0.0002,5,1.0,0.0
2014-02-26,-0.001249599914545096,-0.001449599914545096,0.4,0.0002,5,1.0,0.0
2014-02-27,0.011944880784647349,0.011944880784647349,0.0,0.0,5,1.0,0.0
2014-02-28,0.06442444093285367,0.06442444093285367,0.0,0.0,5,1.0,0.0
2014-03-03,0.11189215180963787,0.11189215180963787,0.0,0.0,5,1.0,0.0
2014-03-04,0.05707181093932805,0.05707181093932805,0.0,0.0,5,1.0,0.0
2014-03-05,-0.018172750193198015,-0.018172750193198015,0.0,0.0,5,1.0,0.0
2014-03-06,0.04117949500086258,0.04117949500086258,0.0,0.0,5,1.0,0.0
2014-03-07,0.055040078175395135,0.055040078175395135,0.0,0.0,5,1.0,0.0
2014-03-10,-0.11880633487540238,-0.11880633487540238,0.0,0.0,5,1.0,0.0
2014-03-11,0.05098321751630244,0.05098321751630244,0.0,0.0,5,1.0,0.0
2014-03-12,-0.0005636157780891044,-0.0005636157780891044,0.0,0.0,5,1.0,0.0
2014-03-13,-0.0346510205073127,-0.0346510205073127,0.0,0.0,5,1.0,0.0
2014-03-14,0.004628291637506601,0.004628291637506601,0.0,0.0,5,1.0,0.0
2014-03-17,0.01377412584225668,0.01377412584225668,0.0,0.0,5,1.0,0.0
2014-03-18,0.01680560836828746,0.01680560836828746,0.0,0.0,5,1.0,0.0
2014-03-19,-0.009741553573283723,-0.009741553573283723,0.0,0.0,5,1.0,0.0
2014-03-20,-0.026121640601223153,-0.026121640601223153,0.0,0.0,5,1.0,0.0
2014-03-21,-0.07063250970471309,-0.07063250970471309,0.0,0.0,5,1.0,0.0
2014-03-24,0.0874553885356195,0.0872553885356195,0.4,0.0002,5,1.0,0.0
2014-03-25,-0.07138055050052372,-0.07138055050052372,0.0,0.0,5,1.0,0.0
2014-03-26,0.0061825433274186326,0.0061825433274186326,0.0,0.0,5,1.0,0.0
2014-03-27,-0.002665196822594474,-0.002665196822594474,0.0,0.0,5,1.0,0.0
2014-03-28,0.016327689352727905,0.016327689352727905,0.0,0.0,5,1.0,0.0
2014-03-31,0.06966571989326736,0.06946571989326736,0.4,0.0002,5,1.0,0.0
2014-04-01,0.010254131003735754,0.010054131003735754,0.4,0.0002,5,1.0,0.0
2014-04-02,-0.03691154081290804,-0.03711154081290804,0.4,0.0002,5,1.0,0.0
2014-04-03,-0.05573563455717154,-0.05573563455717154,0.0,0.0,5,1.0,0.0
2014-04-04,-0.03197764198482052,-0.03197764198482052,0.0,0.0,5,1.0,0.0
2014-04-07,0.03887288483086298,0.03887288483086298,0.0,0.0,5,1.0,0.0
2014-04-08,0.029614186488061023,0.029614186488061023,0.0,0.0,5,1.0,0.0
2014-04-09,-0.06097142119691719,-0.06097142119691719,0.0,0.0,5,1.0,0.0
2014-04-10,-0.048277382199993286,-0.048277382199993286,0.0,0.0,5,1.0,0.0
2014-04-11,-0.005278204891709962,-0.005278204891709962,0.0,0.0,5,1.0,0.0
2014-04-14,-0.02738594916417103,-0.02738594916417103,0.0,0.0,5,1.0,0.0
2014-04-15,0.0464221062347892,0.0462221062347892,0.4,0.0002,5,1.0,0.0
2014-04-16,0.024940395249364047,0.024940395249364047,0.0,0.0,5,1.0,0.0
2014-04-17,0.008067577397909288,0.008067577397909288,0.0,0.0,5,1.0,0.0
2014-04-21,0.039802672874017314,0.039802672874017314,0.0,0.0,5,1.0,0.0
2014-04-22,-0.017695005900168197,-0.017695005900168197,0.0,0.0,5,1.0,0.0
2014-04-23,-0.015721434348932764,-0.015721434348932764,0.0,0.0,5,1.0,0.0
2014-04-24,-0.057641250057753765,-0.057641250057753765,0.0,0.0,5,1.0,0.0
2014-04-25,-0.06191260438930377,-0.06211260438930377,0.4,0.0002,5,1.0,0.0
2014-04-28,0.03128902949337156,0.03128902949337156,0.0,0.0,5,1.0,0.0
2014-04-29,-0.009829979072441208,-0.010029979072441209,0.4,0.0002,5,1.0,0.0
2014-04-30,0.03442307079013198,0.03442307079013198,0.0,0.0,5,1.0,0.0
2014-05-01,-0.012899476574451941,-0.012899476574451941,0.0,0.0,5,1.0,0.0
2014-05-02,-5.508420346032189e-05,-0.00025508420346032187,0.4,0.0002,5,1.0,0.0
2014-05-05,-0.059222272021489906,-0.059222272021489906,0.0,0.0,5,1.0,0.0
2014-05-06,-0.034777572534820944,-0.03497757253482094,0.4,0.0002,5,1.0,0.0
2014-05-07,-0.04850277904613243,-0.048702779046132426,0.4,0.0002,5,1.0,0.0
2014-05-08,0.03064733778004625,0.03064733778004625,0.0,0.0,5,1.0,0.0
2014-05-09,0.04972966832360792,0.049529668323607924,0.4,0.0002,5,1.0,0.0
2014-05-12,0.015673740615549648,0.015673740615549648,0.0,0.0,5,1.0,0.0
2014-05-13,-0.015167499860843696,-0.015367499860843696,0.4,0.0002,5,1.0,0.0
2014-05-14,0.02441185147419436,0.02441185147419436,0.0,0.0,5,1.0,0.0
2014-05-15,0.0035743041961523673,0.0035743041961523673,0.0,0.0,5,1.0,0.0
2014-05-16,0.04361369886141984,0.04361369886141984,0.0,0.0,5,1.0,0.0
2014-05-19,-0.012801440096403808,-0.012801440096403808,0.0,0.0,5,1.0,0.0
2014-05-20,0.004498482958438,0.004498482958438,0.0,0.0,5,1.0,0.0
2014-05-21,-0.005026155040657732,-0.005026155040657732,0.0,0.0,5,1.0,0.0
2014-05-22,-0.012266801628320858,-0.012266801628320858,0.0,0.0,5,1.0,0.0
2014-05-23,0.02197821514152353,0.02197821514152353,0.0,0.0,5,1.0,0.0
2014-05-27,0.02634802273075368,0.02634802273075368,0.0,0.0,5,1.0,0.0
2014-05-28,-0.004997410127732316,-0.004997410127732316,0.0,0.0,5,1.0,0.0
2014-05-29,-0.020226161284994014,-0.020226161284994014,0.0,0.0,5,1.0,0.0
2014-05-30,-0.002351305288646732,-0.002351305288646732,0.0,0.0,5,1.0,0.0
2014-06-02,0.028394108414163413,0.028394108414163413,0.0,0.0,5,1.0,0.0
2014-06-03,-0.008111123284328569,-0.008111123284328569,0.0,0.0,5,1.0,0.0
2014-06-04,0.03774784032280552,0.03774784032280552,0.0,0.0,5,1.0,0.0
2014-06-05,0.003833969046754304,0.003833969046754304,0.0,0.0,5,1.0,0.0
2014-06-06,0.010798327285276186,0.010798327285276186,0.0,0.0,5,1.0,0.0
2014-06-09,0.002562027733864091,0.002562027733864091,0.0,0.0,5,1.0,0.0
2014-06-10,-0.008820963535461869,-0.008820963535461869,0.0,0.0,5,1.0,0.0
2014-06-11,-0.030208903091321786,-0.030208903091321786,0.0,0.0,5,1.0,0.0
2014-06-12,-0.027380854586706915,-0.027380854586706915,0.0,0.0,5,1.0,0.0
2014-06-13,0.02495520303118237,0.02495520303118237,0.0,0.0,5,1.0,0.0
2014-06-16,0.03133972275618888,0.03133972275618888,0.0,0.0,5,1.0,0.0
2014-06-17,0.06519146608780697,0.06519146608780697,0.0,0.0,5,1.0,0.0
2014-06-18,-0.011407422124102482,-0.011407422124102482,0.0,0.0,5,1.0,0.0
2014-06-19,0.015746702687442583,0.015746702687442583,0.0,0.0,5,1.0,0.0
2014-06-20,-0.005002402221732273,-0.005002402221732273,0.0,0.0,5,1.0,0.0
2014-06-23,-0.037075082027743365,-0.037075082027743365,0.0,0.0,5,1.0,0.0
2014-06-24,-0.002979181257558162,-0.002979181257558162,0.0,0.0,5,1.0,0.0
2014-06-25,0.029605954408060332,0.029605954408060332,0.0,0.0,5,1.0,0.0
2014-06-26,0.01574763016444083,0.01574763016444083,0.0,0.0,5,1.0,0.0
2014-06-27,-0.0017948668350963983,-0.0017948668350963983,0.0,0.0,5,1.0,0.0
2014-06-30,0.0017673399870455028,0.0017673399870455028,0.0,0.0,5,1.0,0.0
2014-07-01,-0.011113582079229366,-0.011113582079229366,0.0,0.0,5,1.0,0.0
2014-07-02,-0.007619949432573004,-0.007619949432573004,0.0,0.0,5,1.0,0.0
2014-07-03,-0.034492073767611056,-0.034492073767611056,0.0,0.0,5,1.0,0.0
2014-07-07,-0.045679659425128735,-0.045679659425128735,0.0,0.0,5,1.0,0.0
2014-07-08,0.024449726888655387,0.024449726888655387,0.0,0.0,5,1.0,0.0
2014-07-09,-0.0030477679064674803,-0.0030477679064674803,0.0,0.0,5,1.0,0.0
2014-07-10,0.012972274834111298,0.012972274834111298,0.0,0.0,5,1.0,0.0
2014-07-11,0.009567963998511609,0.009567963998511609,0.0,0.0,5,1.0,0.0
2014-07-14,0.012327407659056688,0.012327407659056688,0.0,0.0,5,1.0,0.0
2014-07-15,-0.012276583972183855,-0.012476583972183855,0.4,0.0002,5,1.0,0.0
2014-07-16,-0.029366912228519993,-0.029366912228519993,0.0,0.0,5,1.0,0.0
2014-07-17,0.03471715499826522,0.03471715499826522,0.0,0.0,5,1.0,0.0
2014-07-18,0.024794425680043173,0.024794425680043173,0.0,0.0,5,1.0,0.0
2014-07-21,-0.00093059799762647,-0.00113059799762647,0.4,0.0002,5,1.0,0.0
2014-07-22,0.0206204258772976,0.0206204258772976,0.0,0.0,5,1.0,0.0
2014-07-23,-0.011799149588977766,-0.011799149588977766,0.0,0.0,5,1.0,0.0
2014-07-24,-0.008247573686123966,-0.008447573686123967,0.4,0.0002,5,1.0,0.0
2014-07-25,-0.07236488989417049,-0.07236488989417049,0.0,0.0,5,1.0,0.0
2014-07-28,0.006285380593392387,0.006285380593392387,0.0,0.0,5,1.0,0.0
2014-07-29,0.03586659252492901,0.03586659252492901,0.0,0.0,5,1.0,0.0
2014-07-30,-0.03837287244037657,-0.03837287244037657,0.0,0.0,5,1.0,0.0
2014-07-31,0.0013866614463885491,0.001186661446388549,0.4,0.0002,5,1.0,0.0
2014-08-01,0.005131257282432267,0.005131257282432267,0.0,0.0,5,1.0,0.0
2014-08-04,0.003495230873397715,0.003495230873397715,0.0,0.0,5,1.0,0.0
2014-08-05,-0.001811481364302047,-0.001811481364302047,0.0,0.0,5,1.0,0.0
2014-08-06,0.03448888099544591,0.03448888099544591,0.0,0.0,5,1.0,0.0
2014-08-07,-0.006784397451051527,-0.006784397451051527,0.0,0.0,5,1.0,0.0
2014-08-08,0.010038091603099054,0.009838091603099054,0.4,0.0002,5,1.0,0.0
2014-08-11,-0.0029506974553563437,-0.003150697455356344,0.4,0.0002,5,1.0,0.0
2014-08-12,0.027480872015883496,0.027480872015883496,0.0,0.0,5,1.0,0.0
2014-08-13,-0.002807565934721201,-0.0030075659347212013,0.4,0.0002,5,1.0,0.0
2014-08-14,-0.006563636901749793,-0.006563636901749793,0.0,0.0,5,1.0,0.0
2014-08-15,0.015536729662680805,0.015536729662680805,0.0,0.0,5,1.0,0.0
2014-08-18,-0.0020818515934813327,-0.0022818515934813328,0.4,0.0002,5,1.0,0.0
2014-08-19,-0.0007563019640290269,-0.0007563019640290269,0.0,0.0,5,1.0,0.0
2014-08-20,-0.010807640053970457,-0.010807640053970457,0.0,0.0,5,1.0,0.0
2014-08-21,-0.0029586480669774318,-0.0029586480669774318,0.0,0.0,5,1.0,0.0
2014-08-22,0.001430823125312666,0.001430823125312666,0.0,0.0,5,1.0,0.0
2014-08-25,-0.0015932019669970365,-0.0015932019669970365,0.0,0.0,5,1.0,0.0
2014-08-26,-0.003382578652561441,-0.003382578652561441,0.0,0.0,5,1.0,0.0
2014-08-27,-0.006643557309644476,-0.006843557309644476,0.4,0.0002,5,1.0,0.0
2014-08-28,0.0004976141181246337,0.00029761411812463375,0.4,0.0002,5,1.0,0.0
2014-08-29,0.0013032388761617711,0.0013032388761617711,0.0,0.0,5,1.0,0.0
2014-09-02,0.0018646858290112698,0.0018646858290112698,0.0,0.0,5,1.0,0.0
2014-09-03,-0.016118498293131212,-0.016118498293131212,0.0,0.0,5,1.0,0.0
2014-09-04,0.005831031662153595,0.005831031662153595,0.0,0.0,5,1.0,0.0
2014-09-05,0.02711278761857554,0.02711278761857554,0.0,0.0,5,1.0,0.0
2014-09-08,-0.010297324742004442,-0.010297324742004442,0.0,0.0,5,1.0,0.0
2014-09-09,-0.0013132147417188593,-0.0015132147417188594,0.4,0.0002,5,1.0,0.0
2014-09-10,0.014784619800812273,0.014784619800812273,0.0,0.0,5,1.0,0.0
2014-09-11,0.0012154657771134224,0.0012154657771134224,0.0,0.0,5,1.0,0.0
2014-09-12,-0.03739826196235831,-0.03739826196235831,0.0,0.0,5,1.0,0.0
2014-09-15,0.00889527680470963,0.00889527680470963,0.0,0.0,5,1.0,0.0
2014-09-16,0.008349661397598875,0.008349661397598875,0.0,0.0,5,1.0,0.0
2014-09-17,-0.004423727760681695,-0.004623727760681695,0.4,0.0002,5,1.0,0.0
2014-09-18,0.005925527985008073,0.005725527985008074,0.4,0.0002,5,1.0,0.0
2014-09-19,-0.04581141236322011,-0.04601141236322011,0.4,0.0002,5,1.0,0.0
2014-09-22,0.020050760800968997,0.019850760800968998,0.4,0.0002,5,1.0,0.0
2014-09-23,0.01138379578310418,0.01138379578310418,0.0,0.0,5,1.0,0.0
2014-09-24,-0.029342053510392496,-0.029342053510392496,0.0,0.0,5,1.0,0.0
2014-09-25,0.0007298801863226732,0.0007298801863226732,0.0,0.0,5,1.0,0.0
2014-09-26,0.01102108252213283,0.01102108252213283,0.0,0.0,5,1.0,0.0
2014-09-29,-0.008653675945228102,-0.008853675945228102,0.4,0.0002,5,1.0,0.0
2014-09-30,-0.018748382753037807,-0.018748382753037807,0.0,0.0,5,1.0,0.0
2014-10-01,0.009519682863856117,0.009119682863856117,0.8,0.0004,5,1.0,0.0
2014-10-02,0.014007545438884496,0.013807545438884496,0.4,0.0002,5,1.0,0.0
2014-10-03,-0.014017934061316729,-0.01421793406131673,0.4,0.0002,5,1.0,0.0
2014-10-06,-0.03762601257066067,-0.03762601257066067,0.0,0.0,5,1.0,0.0
2014-10-07,-0.0700492493354602,-0.0702492493354602,0.4,0.0002,5,1.0,0.0
2014-10-08,-0.011742806694190498,-0.011942806694190499,0.4,0.0002,5,1.0,0.0
2014-10-09,-0.0319471881793866,-0.032347188179386595,0.8,0.0004,5,1.0,0.0
2014-10-10,-0.05831186258218707,-0.05831186258218707,0.0,0.0,5,1.0,0.0
2014-10-13,0.010043106997280083,0.009843106997280082,0.4,0.0002,5,1.0,0.0
2014-10-14,-0.039148920684389285,-0.039348920684389284,0.4,0.0002,5,1.0,0.0
2014-10-15,0.03686620528950351,0.03666620528950351,0.4,0.0002,5,1.0,0.0
2014-10-16,0.0056421573778348225,0.0056421573778348225,0.0,0.0,5,1.0,0.0
2014-10-17,0.010231713443779867,0.010231713443779867,0.0,0.0,5,1.0,0.0
2014-10-20,-0.005437673553305001,-0.005637673553305001,0.4,0.0002,5,1.0,0.0
2014-10-21,-0.003359833812867997,-0.003359833812867997,0.0,0.0,5,1.0,0.0
2014-10-22,0.012129455802784418,0.011929455802784417,0.4,0.0002,5,1.0,0.0
2014-10-23,-0.000832161792423225,-0.001032161792423225,0.4,0.0002,5,1.0,0.0
2014-10-24,-0.003245992831919486,-0.003445992831919486,0.4,0.0002,5,1.0,0.0
2014-10-27,0.021917958692657093,0.021717958692657094,0.4,0.0002,5,1.0,0.0
2014-10-28,0.0024720253580730045,0.0022720253580730044,0.4,0.0002,5,1.0,0.0
2014-10-29,0.003175518721233007,0.002975518721233007,0.4,0.0002,5,1.0,0.0
2014-10-30,0.03540757289364667,0.03520757289364667,0.4,0.0002,5,1.0,0.0
2014-10-31,0.021755100221122592,0.021555100221122593,0.4,0.0002,5,1.0,0.0
2014-11-03,0.03085191146004527,0.03085191146004527,0.0,0.0,5,1.0,0.0
2014-11-04,-0.03728795696214129,-0.037487956962141286,0.4,0.0002,5,1.0,0.0
2014-11-05,0.03268065047208364,0.03268065047208364,0.0,0.0,5,1.0,0.0
2014-11-06,0.004126646498459996,0.003926646498459996,0.4,0.0002,5,1.0,0.0
2014-11-07,0.015157968846333691,0.015157968846333691,0.0,0.0,5,1.0,0.0
2014-11-10,-0.010774604017757294,-0.010974604017757295,0.4,0.0002,5,1.0,0.0
2014-11-11,-0.03953417392143034,-0.03953417392143034,0.0,0.0,5,1.0,0.0
2014-11-12,-0.0003760363244013075,-0.0005760363244013075,0.4,0.0002,5,1.0,0.0
2014-11-13,-0.015826841503173508,-0.015826841503173508,0.0,0.0,5,1.0,0.0
2014-11-14,-0.006548599187474347,-0.006748599187474347,0.4,0.0002,5,1.0,0.0
2014-11-17,0.020732753658598103,0.0203327536585981,0.8,0.0004,5,1.0,0.0
2014-11-18,-0.016287630567498067,-0.016487630567498066,0.4,0.0002,5,1.0,0.0
2014-11-19,-0.011983778995922047,-0.012183778995922047,0.4,0.0002,5,1.0,0.0
2014-11-20,0.007479855004918257,0.007279855004918258,0.4,0.0002,5,1.0,0.0
2014-11-21,0.01850635954101967,0.01850635954101967,0.0,0.0,5,1.0,0.0
2014-11-24,0.00998827284177477,0.00998827284177477,0.0,0.0,5,1.0,0.0
2014-11-25,0.005988153116976159,0.005988153116976159,0.0,0.0,5,1.0,0.0
2014-11-26,-0.010368355441033006,-0.010568355441033007,0.4,0.0002,5,1.0,0.0
2014-11-28,-0.03988502947978292,-0.040085029479782916,0.4,0.0002,5,1.0,0.0
2014-12-01,0.010898118623146824,0.010698118623146824,0.4,0.0002,5,1.0,0.0
2014-12-02,0.010767861945427516,0.010367861945427517,0.8,0.0004,5,1.0,0.0
2014-12-03,0.02207161282873027,0.02187161282873027,0.4,0.0002,5,1.0,0.0
2014-12-04,0.017894683145587315,0.017894683145587315,0.0,0.0,5,1.0,0.0
2014-12-05,-0.031508643620030495,-0.031708643620030494,0.4,0.0002,5,1.0,0.0
2014-12-08,0.0002648126106287615,0.0002648126106287615,0.0,0.0,5,1.0,0.0
2014-12-09,-0.02359150066184741,-0.02379150066184741,0.4,0.0002,5,1.0,0.0
2014-12-10,0.0023685100252705434,0.0023685100252705434,0.0,0.0,5,1.0,0.0
2014-12-11,-0.004820544727914624,-0.004820544727914624,0.0,0.0,5,1.0,0.0
2014-12-12,-0.0023369545026410425,-0.0027369545026410427,0.8,0.0004,5,1.0,0.0
2014-12-15,-0.025015652374727915,-0.025015652374727915,0.0,0.0,5,1.0,0.0
2014-12-16,0.011379145888008013,0.011379145888008013,0.0,0.0,5,1.0,0.0
2014-12-17,0.029356337854438405,0.029356337854438405,0.0,0.0,5,1.0,0.0
2014-12-18,0.0011691376566101536,0.0011691376566101536,0.0,0.0,5,1.0,0.0
2014-12-19,0.007786345362570746,0.007786345362570746,0.0,0.0,5,1.0,0.0
2014-12-22,-0.015311406533909788,-0.015511406533909788,0.4,0.0002,5,1.0,0.0
2014-12-23,0.013298815342258364,0.013098815342258364,0.4,0.0002,5,1.0,0.0
2014-12-24,0.005766070212838903,0.005566070212838903,0.4,0.0002,5,1.0,0.0
2014-12-26,-0.014956721173305312,-0.015156721173305313,0.4,0.0002,5,1.0,0.0
2014-12-29,0.009110948213445182,0.008910948213445182,0.4,0.0002,5,1.0,0.0
2014-12-30,-0.0010312960591733586,-0.0010312960591733586,0.0,0.0,5,1.0,0.0
2014-12-31,0.022722105328159107,0.022722105328159107,0.0,0.0,5,1.0,0.0
2015-01-02,-0.007082052086253543,-0.007082052086253543,0.0,0.0,5,1.0,0.0
2015-01-05,-0.02634772510778982,-0.02634772510778982,0.0,0.0,5,1.0,0.0
2015-01-06,0.01805111865607356,0.017851118656073563,0.4,0.0002,5,1.0,0.0
2015-01-07,0.04253071290309309,0.04233071290309309,0.4,0.0002,5,1.0,0.0
2015-01-08,0.019120113263181707,0.018920113263181708,0.4,0.0002,5,1.0,0.0
2015-01-09,-0.027731036018200705,-0.027731036018200705,0.0,0.0,5,1.0,0.0
2015-01-12,-0.0018504430242347594,-0.0018504430242347594,0.0,0.0,5,1.0,0.0
2015-01-13,0.010815526877506488,0.010815526877506488,0.0,0.0,5,1.0,0.0
2015-01-14,-0.03189462645939405,-0.03189462645939405,0.0,0.0,5,1.0,0.0
2015-01-15,0.024483954525600066,0.024283954525600067,0.4,0.0002,5,1.0,0.0
2015-01-16,0.00798695960493161,0.00778695960493161,0.4,0.0002,5,1.0,0.0
2015-01-20,0.00180931921200218,0.00140931921200218,0.8,0.0004,5,1.0,0.0
2015-01-21,0.02393249452117674,0.02373249452117674,0.4,0.0002,5,1.0,0.0
2015-01-22,0.015714350968159516,0.015514350968159516,0.4,0.0002,5,1.0,0.0
2015-01-23,0.01108491277232786,0.01088491277232786,0.4,0.0002,5,1.0,0.0
2015-01-26,0.0011814587538073514,0.0011814587538073514,0.0,0.0,5,1.0,0.0
2015-01-27,-0.010286517683477058,-0.010486517683477059,0.4,0.0002,5,1.0,0.0
2015-01-28,0.02442643675188756,0.02442643675188756,0.0,0.0,5,1.0,0.0
2015-01-29,-0.03236304107929205,-0.032563041079292046,0.4,0.0002,5,1.0,0.0
2015-01-30,-0.00450436151114848,-0.004704361511148479,0.4,0.0002,5,1.0,0.0
2015-02-02,-0.016490120190994474,-0.016690120190994473,0.4,0.0002,5,1.0,0.0
2015-02-03,-0.0035456989630775924,-0.0037456989630775925,0.4,0.0002,5,1.0,0.0
2015-02-04,0.010745241662634708,0.010745241662634708,0.0,0.0,5,1.0,0.0
2015-02-05,-0.0109040885254323,-0.0111040885254323,0.4,0.0002,5,1.0,0.0
2015-02-06,-0.024799429187498737,-0.024999429187498735,0.4,0.0002,5,1.0,0.0
2015-02-09,0.011049229856890965,0.010649229856890966,0.8,0.0004,5,1.0,0.0
2015-02-10,-0.0031422159252944455,-0.0035422159252944457,0.8,0.0004,5,1.0,0.0
2015-02-11,0.009853565612431671,0.00965356561243167,0.4,0.0002,5,1.0,0.0
2015-02-12,0.000867867722889137,0.000867867722889137,0.0,0.0,5,1.0,0.0
2015-02-13,0.0017354790748273844,0.0017354790748273844,0.0,0.0,5,1.0,0.0
2015-02-17,0.003824725406317131,0.003624725406317131,0.4,0.0002,5,1.0,0.0
2015-02-18,0.010342231029613425,0.010142231029613424,0.4,0.0002,5,1.0,0.0
2015-02-19,0.01631116583315868,0.01611116583315868,0.4,0.0002,5,1.0,0.0
2015-02-20,0.03611974124413373,0.03571974124413373,0.8,0.0004,5,1.0,0.0
2015-02-23,0.0028331839710843414,0.0026331839710843413,0.4,0.0002,5,1.0,0.0
2015-02-24,0.004383172288665471,0.0041831722886654715,0.4,0.0002,5,1.0,0.0
2015-02-25,0.008698524473065428,0.008498524473065427,0.4,0.0002,5,1.0,0.0
2015-02-26,-0.01241827515981582,-0.01261827515981582,0.4,0.0002,5,1.0,0.0
2015-02-27,0.03237074764572973,0.03217074764572973,0.4,0.0002,5,1.0,0.0
2015-03-02,-0.007442708019144597,-0.007642708019144596,0.4,0.0002,5,1.0,0.0
2015-03-03,0.011310116878322063,0.011310116878322063,0.0,0.0,5,1.0,0.0
2015-03-04,0.026611870460989118,0.026611870460989118,0.0,0.0,5,1.0,0.0
2015-03-05,-0.005559290541786211,-0.005759290541786211,0.4,0.0002,5,1.0,0.0
2015-03-06,-0.0009424219976415179,-0.0009424219976415179,0.0,0.0,5,1.0,0.0
2015-03-09,0.0028546419739170275,0.0028546419739170275,0.0,0.0,5,1.0,0.0
2015-03-10,0.0031960568593923707,0.0031960568593923707,0.0,0.0,5,1.0,0.0
2015-03-11,0.01294101792017579,0.01294101792017579,0.0,0.0,5,1.0,0.0
2015-03-12,-0.00013049686561126273,-0.00013049686561126273,0.0,0.0,5,1.0,0.0
2015-03-13,0.02184425663471177,0.02184425663471177,0.0,0.0,5,1.0,0.0
2015-03-16,-0.0024865968985430696,-0.0024865968985430696,0.0,0.0,5,1.0,0.0
2015-03-17,-0.0016468435805752303,-0.0016468435805752303,0.0,0.0,5,1.0,0.0
2015-03-18,0.024945125955088424,0.024945125955088424,0.0,0.0,5,1.0,0.0
2015-03-19,-0.0030721807560312835,-0.0030721807560312835,0.0,0.0,5,1.0,0.0
2015-03-20,-0.010533945122553501,-0.010733945122553502,0.4,0.0002,5,1.0,0.0
2015-03-23,0.02759910059331092,0.02759910059331092,0.0,0.0,5,1.0,0.0
2015-03-24,-0.07436812382392693,-0.07436812382392693,0.0,0.0,5,1.0,0.0
2015-03-25,-0.00819609955368219,-0.00819609955368219,0.0,0.0,5,1.0,0.0
2015-03-26,0.033469781602868495,0.033469781602868495,0.0,0.0,5,1.0,0.0
2015-03-27,0.052593364246804164,0.052393364246804165,0.4,0.0002,5,1.0,0.0
2015-03-30,-0.030720252184414477,-0.030920252184414476,0.4,0.0002,5,1.0,0.0
2015-03-31,-0.004018111993368167,-0.0042181119933681665,0.4,0.0002,5,1.0,0.0
2015-04-01,-0.006864381225726812,-0.006864381225726812,0.0,0.0,5,1.0,0.0
2015-04-02,-0.001144839313525492,-0.001344839313525492,0.4,0.0002,5,1.0,0.0
2015-04-06,0.006300059701385585,0.006300059701385585,0.0,0.0,5,1.0,0.0
2015-04-07,0.019482209436148937,0.019482209436148937,0.0,0.0,5,1.0,0.0
2015-04-08,0.003569758179335314,0.003569758179335314,0.0,0.0,5,1.0,0.0
2015-04-09,0.004810557316703057,0.004810557316703057,0.0,0.0,5,1.0,0.0
2015-04-10,0.0014058820418460642,0.0014058820418460642,0.0,0.0,5,1.0,0.0
2015-04-13,-0.00598424904389343,-0.00598424904389343,0.0,0.0,5,1.0,0.0
2015-04-14,0.0060564575399332694,0.0060564575399332694,0.0,0.0,5,1.0,0.0
2015-04-15,0.0032612586334110913,0.0032612586334110913,0.0,0.0,5,1.0,0.0
2015-04-16,-0.01113459391305931,-0.011334593913059311,0.4,0.0002,5,1.0,0.0
2015-04-17,0.007656051701220879,0.007456051701220879,0.4,0.0002,5,1.0,0.0
2015-04-20,0.011823563891428048,0.011823563891428048,0.0,0.0,5,1.0,0.0
2015-04-21,0.001049063627714508,0.001049063627714508,0.0,0.0,5,1.0,0.0
2015-04-22,0.006085525544217329,0.006085525544217329,0.0,0.0,5,1.0,0.0
2015-04-23,-0.011408301152372681,-0.011608301152372682,0.4,0.0002,5,1.0,0.0
2015-04-24,-0.03924817721371832,-0.03924817721371832,0.0,0.0,5,1.0,0.0
2015-04-27,-0.004921364410980456,-0.004921364410980456,0.0,0.0,5,1.0,0.0
2015-04-28,-0.011068566669821945,-0.011068566669821945,0.0,0.0,5,1.0,0.0
2015-04-29,-0.024657674890322293,-0.02485767489032229,0.4,0.0002,5,1.0,0.0
2015-04-30,0.014438375818404368,0.014238375818404368,0.4,0.0002,5,1.0,0.0
2015-05-01,0.003207193886669745,0.003207193886669745,0.0,0.0,5,1.0,0.0
2015-05-04,0.013531506006503059,0.013331506006503058,0.4,0.0002,5,1.0,0.0
2015-05-05,0.013863317747726558,0.013663317747726557,0.4,0.0002,5,1.0,0.0
2015-05-06,0.013104471860895228,0.013104471860895228,0.0,0.0,5,1.0,0.0
2015-05-07,0.007205733096208556,0.007005733096208556,0.4,0.0002,5,1.0,0.0
2015-05-08,0.007679100501308601,0.007679100501308601,0.0,0.0,5,1.0,0.0
2015-05-11,0.01446873762159111,0.01426873762159111,0.4,0.0002,5,1.0,0.0
2015-05-12,-0.0084994838178857,-0.0084994838178857,0.0,0.0,5,1.0,0.0
2015-05-13,0.003860690766731212,0.003660690766731212,0.4,0.0002,5,1.0,0.0
2015-05-14,-0.007824994031000187,-0.007824994031000187,0.0,0.0,5,1.0,0.0
2015-05-15,0.019447397166519973,0.019247397166519974,0.4,0.0002,5,1.0,0.0
2015-05-18,0.008579210920228134,0.008579210920228134,0.0,0.0,5,1.0,0.0
2015-05-19,0.0031821153656990554,0.0031821153656990554,0.0,0.0,5,1.0,0.0
2015-05-20,-0.0022713590087060304,-0.0024713590087060305,0.4,0.0002,5,1.0,0.0
2015-05-21,0.003913241965377899,0.003913241965377899,0.0,0.0,5,1.0,0.0
2015-05-22,0.006374346063704062,0.006374346063704062,0.0,0.0,5,1.0,0.0
2015-05-26,0.018452365849528096,0.018252365849528097,0.4,0.0002,5,1.0,0.0
2015-05-27,-0.0013644582884817956,-0.0015644582884817957,0.4,0.0002,5,1.0,0.0
2015-05-28,0.012214534235373687,0.012014534235373686,0.4,0.0002,5,1.0,0.0
2015-05-29,-0.006775800339247495,-0.006775800339247495,0.0,0.0,5,1.0,0.0
2015-06-01,0.002835188921869092,0.002835188921869092,0.0,0.0,5,1.0,0.0
2015-06-02,0.011165529783763617,0.011165529783763617,0.0,0.0,5,1.0,0.0
2015-06-03,-0.011799407329502354,-0.011999407329502354,0.4,0.0002,5,1.0,0.0
2015-06-04,0.026941140560919452,0.026941140560919452,0.0,0.0,5,1.0,0.0
2015-06-05,0.009913523102389266,0.009913523102389266,0.0,0.0,5,1.0,0.0
2015-06-08,-0.028377588016993863,-0.028577588016993862,0.4,0.0002,5,1.0,0.0
2015-06-09,0.023506282131658687,0.02330628213165869,0.4,0.0002,5,1.0,0.0
2015-06-10,0.007486107141474774,0.007286107141474775,0.4,0.0002,5,1.0,0.0
2015-06-11,-0.007177513862875597,-0.007177513862875597,0.0,0.0,5,1.0,0.0
2015-06-12,0.00946397951688549,0.00926397951688549,0.4,0.0002,5,1.0,0.0
2015-06-15,0.01519375112603607,0.01499375112603607,0.4,0.0002,5,1.0,0.0
2015-06-16,0.00042232363529137723,0.00042232363529137723,0.0,0.0,5,1.0,0.0
2015-06-17,0.01698680765952405,0.01698680765952405,0.0,0.0,5,1.0,0.0
2015-06-18,0.009283735609084886,0.009083735609084886,0.4,0.0002,5,1.0,0.0
2015-06-19,0.02975949473107784,0.02975949473107784,0.0,0.0,5,1.0,0.0
2015-06-22,-0.018419159371144578,-0.018419159371144578,0.0,0.0,5,1.0,0.0
2015-06-23,-0.017284877901062746,-0.017484877901062745,0.4,0.0002,5,1.0,0.0
2015-06-24,-0.009190768734710253,-0.009390768734710253,0.4,0.0002,5,1.0,0.0
2015-06-25,-0.022139768385799518,-0.022139768385799518,0.0,0.0,5,1.0,0.0
2015-06-26,-0.014058278472772346,-0.014258278472772347,0.4,0.0002,5,1.0,0.0
2015-06-29,0.03359429315696172,0.03339429315696172,0.4,0.0002,5,1.0,0.0
2015-06-30,-0.001082469963501941,-0.001082469963501941,0.0,0.0,5,1.0,0.0
2015-07-01,-0.006882098802188796,-0.007082098802188796,0.4,0.0002,5,1.0,0.0
2015-07-02,-0.005680631342273857,-0.005880631342273857,0.4,0.0002,5,1.0,0.0
2015-07-06,-0.011549441728088737,-0.011749441728088738,0.4,0.0002,5,1.0,0.0
2015-07-07,-0.03321399049248746,-0.03341399049248746,0.4,0.0002,5,1.0,0.0
2015-07-08,0.019461443633253018,0.01926144363325302,0.4,0.0002,5,1.0,0.0
2015-07-09,0.012483739573629828,0.012283739573629828,0.4,0.0002,5,1.0,0.0
2015-07-10,0.014525054236038448,0.014525054236038448,0.0,0.0,5,1.0,0.0
2015-07-13,0.009116563623064011,0.009116563623064011,0.0,0.0,5,1.0,0.0
2015-07-14,-0.007331384013812748,-0.007331384013812748,0.0,0.0,5,1.0,0.0
2015-07-15,0.01995466904381509,0.01995466904381509,0.0,0.0,5,1.0,0.0
2015-07-16,-0.009169275061590088,-0.009169275061590088,0.0,0.0,5,1.0,0.0
2015-07-17,-0.018793806538777404,-0.018793806538777404,0.0,0.0,5,1.0,0.0
2015-07-20,-0.02001006156757161,-0.02021006156757161,0.4,0.0002,5,1.0,0.0
2015-07-21,0.015011500088712326,0.015011500088712326,0.0,0.0,5,1.0,0.0
2015-07-22,-0.006231806617633206,-0.006231806617633206,0.0,0.0,5,1.0,0.0
2015-07-23,-0.030280690349567242,-0.03048069034956724,0.4,0.0002,5,1.0,0.0
2015-07-24,-0.02455000519436637,-0.02455000519436637,0.0,0.0,5,1.0,0.0
2015-07-27,0.021535566108255577,0.02133556610825558,0.4,0.0002,5,1.0,0.0
2015-07-28,-0.01702511963469491,-0.01722511963469491,0.4,0.0002,5,1.0,0.0
2015-07-29,-0.021384256999619346,-0.021384256999619346,0.0,0.0,5,1.0,0.0
2015-07-30,-0.002123798679448653,-0.002123798679448653,0.0,0.0,5,1.0,0.0
2015-07-31,-0.048197530729102,-0.048197530729102,0.0,0.0,5,1.0,0.0
2015-08-03,-0.01068000301268195,-0.01068000301268195,0.0,0.0,5,1.0,0.0
2015-08-04,-0.005785986801944843,-0.005785986801944843,0.0,0.0,5,1.0,0.0
2015-08-05,-0.023981062897833524,-0.024181062897833523,0.4,0.0002,5,1.0,0.0
2015-08-06,-0.0077879524725630546,-0.007987952472563054,0.4,0.0002,5,1.0,0.0
2015-08-07,-0.014526811588228728,-0.014926811588228728,0.8,0.0004,5,1.0,0.0
2015-08-10,-0.02659149393215983,-0.026791493932159828,0.4,0.0002,5,1.0,0.0
2015-08-11,-0.020610287210677106,-0.020610287210677106,0.0,0.0,5,1.0,0.0
2015-08-12,-0.006344367621780901,-0.006544367621780901,0.4,0.0002,5,1.0,0.0
2015-08-13,-0.011078745913025023,-0.011078745913025023,0.0,0.0,5,1.0,0.0
2015-08-14,0.033979558095965645,0.033979558095965645,0.0,0.0,5,1.0,0.0
2015-08-17,-0.01729778285235104,-0.01729778285235104,0.0,0.0,5,1.0,0.0
2015-08-18,0.0009842348020744126,0.0009842348020744126,0.0,0.0,5,1.0,0.0
2015-08-19,-0.04276453071827082,-0.04296453071827082,0.4,0.0002,5,1.0,0.0
2015-08-20,-0.004056419500413667,-0.004256419500413666,0.4,0.0002,5,1.0,0.0
2015-08-21,-0.06659299845260767,-0.06679299845260768,0.4,0.0002,5,1.0,0.0
2015-08-24,0.0007381100498144101,0.0007381100498144101,0.0,0.0,5,1.0,0.0
2015-08-25,0.01893220897856105,0.01893220897856105,0.0,0.0,5,1.0,0.0
2015-08-26,0.03360910992266067,0.03340910992266067,0.4,0.0002,5,1.0,0.0
2015-08-27,-0.005736100571923931,-0.005936100571923931,0.4,0.0002,5,1.0,0.0
2015-08-28,-0.022405433800636823,-0.022805433800636824,0.8,0.0004,5,1.0,0.0
2015-08-31,-0.01744497004541847,-0.01744497004541847,0.0,0.0,5,1.0,0.0
2015-09-01,0.0402758780036597,0.0400758780036597,0.4,0.0002,5,1.0,0.0
2015-09-02,-0.027530775892702277,-0.027730775892702276,0.4,0.0002,5,1.0,0.0
2015-09-03,0.0029366959613356556,0.0029366959613356556,0.0,0.0,5,1.0,0.0
2015-09-04,0.03107306363915379,0.03107306363915379,0.0,0.0,5,1.0,0.0
2015-09-08,-0.03190459741252152,-0.03190459741252152,0.0,0.0,5,1.0,0.0
2015-09-09,0.0086671791892444,0.0086671791892444,0.0,0.0,5,1.0,0.0
2015-09-10,0.006922612295272779,0.006922612295272779,0.0,0.0,5,1.0,0.0
2015-09-11,-0.0058297828178774935,-0.006029782817877493,0.4,0.0002,5,1.0,0.0
2015-09-14,0.023498521070935863,0.02309852107093586,0.8,0.0004,5,1.0,0.0
2015-09-15,-0.0024590140722566822,-0.0026590140722566823,0.4,0.0002,5,1.0,0.0
2015-09-16,0.03196289863785622,0.03196289863785622,0.0,0.0,5,1.0,0.0
2015-09-17,0.001603905573169584,0.0014039055731695838,0.4,0.0002,5,1.0,0.0
2015-09-18,-0.026087623417546113,-0.026087623417546113,0.0,0.0,5,1.0,0.0
2015-09-21,-0.02175434422206304,-0.02175434422206304,0.0,0.0,5,1.0,0.0
2015-09-22,-0.016161465986191684,-0.016361465986191683,0.4,0.0002,5,1.0,0.0
2015-09-23,-0.025974352588056804,-0.026174352588056803,0.4,0.0002,5,1.0,0.0
2015-09-24,-0.04199951620119534,-0.04199951620119534,0.0,0.0,5,1.0,0.0
2015-09-25,-0.06328288753732521,-0.06328288753732521,0.0,0.0,5,1.0,0.0
2015-09-28,-0.021571498370716858,-0.021571498370716858,0.0,0.0,5,1.0,0.0
2015-09-29,0.015264221635271434,0.015264221635271434,0.0,0.0,5,1.0,0.0
2015-09-30,0.011516974549132409,0.011516974549132409,0.0,0.0,5,1.0,0.0
2015-10-01,0.034176057222704344,0.033976057222704345,0.4,0.0002,5,1.0,0.0
2015-10-02,0.013890414399995256,0.013890414399995256,0.0,0.0,5,1.0,0.0
2015-10-05,-0.04136525442041945,-0.04136525442041945,0.0,0.0,5,1.0,0.0
2015-10-06,0.01129149126896194,0.01129149126896194,0.0,0.0,5,1.0,0.0
2015-10-07,0.005835774039573114,0.005835774039573114,0.0,0.0,5,1.0,0.0
2015-10-08,0.01631456159884166,0.01631456159884166,0.0,0.0,5,1.0,0.0
2015-10-09,-0.019783081465651952,-0.019783081465651952,0.0,0.0,5,1.0,0.0
2015-10-12,-0.03039364585014022,-0.03039364585014022,0.0,0.0,5,1.0,0.0
2015-10-13,-0.004652954229675909,-0.004652954229675909,0.0,0.0,5,1.0,0.0
2015-10-14,0.05901721392412278,0.05881721392412278,0.4,0.0002,5,1.0,0.0
2015-10-15,0.0013287611482124765,0.0011287611482124764,0.4,0.0002,5,1.0,0.0
2015-10-16,0.002303190013623292,0.0021031900136232917,0.4,0.0002,5,1.0,0.0
2015-10-19,-0.024804931230759088,-0.025004931230759087,0.4,0.0002,5,1.0,0.0
2015-10-20,-0.01054250011305189,-0.010742500113051891,0.4,0.0002,5,1.0,0.0
2015-10-21,-0.01732188517153497,-0.01732188517153497,0.0,0.0,5,1.0,0.0
2015-10-22,-0.03009755727810838,-0.03029755727810838,0.4,0.0002,5,1.0,0.0
2015-10-23,0.0012016737912872609,0.0012016737912872609,0.0,0.0,5,1.0,0.0
2015-10-26,0.008449945783407986,0.008449945783407986,0.0,0.0,5,1.0,0.0
2015-10-27,0.03959323847662018,0.03919323847662018,0.8,0.0004,5,1.0,0.0
2015-10-28,-0.07457624959194457,-0.07457624959194457,0.0,0.0,5,1.0,0.0
2015-10-29,-0.004956736988782828,-0.005156736988782828,0.4,0.0002,5,1.0,0.0
2015-10-30,0.05547449159969009,0.05547449159969009,0.0,0.0,5,1.0,0.0
2015-11-02,0.013365073303048947,0.013165073303048946,0.4,0.0002,5,1.0,0.0
2015-11-03,-0.002219802464102605,-0.0024198024641026053,0.4,0.0002,5,1.0,0.0
2015-11-04,-0.0018825761644268857,-0.0018825761644268857,0.0,0.0,5,1.0,0.0
2015-11-05,-0.00243440584515675,-0.00263440584515675,0.4,0.0002,5,1.0,0.0
2015-11-06,0.004804705598101246,0.004804705598101246,0.0,0.0,5,1.0,0.0
2015-11-09,0.02305335183405168,0.02305335183405168,0.0,0.0,5,1.0,0.0
2015-11-10,-0.025296881932738942,-0.025296881932738942,0.0,0.0,5,1.0,0.0
2015-11-11,-0.048401307278924464,-0.048401307278924464,0.0,0.0,5,1.0,0.0
2015-11-12,-0.0006443182617903226,-0.0008443182617903225,0.4,0.0002,5,1.0,0.0
2015-11-13,0.00569534211745324,0.00569534211745324,0.0,0.0,5,1.0,0.0
2015-11-16,0.021475954446997906,0.021275954446997907,0.4,0.0002,5,1.0,0.0
2015-11-17,0.007441719214097689,0.007441719214097689,0.0,0.0,5,1.0,0.0
2015-11-18,-0.008963324551771335,-0.009163324551771336,0.4,0.0002,5,1.0,0.0
2015-11-19,0.02363803961679676,0.02363803961679676,0.0,0.0,5,1.0,0.0
2015-11-20,0.028685905733867312,0.028685905733867312,0.0,0.0,5,1.0,0.0
2015-11-23,0.0053046232662816726,0.0053046232662816726,0.0,0.0,5,1.0,0.0
2015-11-24,0.004996560860167155,0.004996560860167155,0.0,0.0,5,1.0,0.0
2015-11-25,0.013059281586192874,0.012859281586192874,0.4,0.0002,5,1.0,0.0
2015-11-27,-0.030309578257166316,-0.030509578257166315,0.4,0.0002,5,1.0,0.0
2015-11-30,0.01298815244426943,0.01258815244426943,0.8,0.0004,5,1.0,0.0
2015-12-01,-0.00922075146000221,-0.00922075146000221,0.0,0.0,5,1.0,0.0
2015-12-02,-0.0332191416869837,-0.0336191416869837,0.8,0.0004,5,1.0,0.0
2015-12-03,0.024287683408393955,0.024087683408393956,0.4,0.0002,5,1.0,0.0
2015-12-04,-0.04293322974658158,-0.043133229746581576,0.4,0.0002,5,1.0,0.0
2015-12-07,0.021453312689106087,0.021253312689106088,0.4,0.0002,5,1.0,0.0
2015-12-08,-0.03661693229345446,-0.03661693229345446,0.0,0.0,5,1.0,0.0
2015-12-09,0.009101822524734729,0.008901822524734728,0.4,0.0002,5,1.0,0.0
2015-12-10,-0.037040836881241004,-0.037240836881241,0.4,0.0002,5,1.0,0.0
2015-12-11,-0.01021385603328311,-0.01021385603328311,0.0,0.0,5,1.0,0.0
2015-12-14,0.021705238224174427,0.021705238224174427,0.0,0.0,5,1.0,0.0
2015-12-15,0.03309110929079977,0.03289110929079977,0.4,0.0002,5,1.0,0.0
2015-12-16,-0.015045061980601692,-0.015245061980601693,0.4,0.0002,5,1.0,0.0
2015-12-17,-0.029858600141383085,-0.030058600141383084,0.4,0.0002,5,1.0,0.0
2015-12-18,-0.014119016519335316,-0.014119016519335316,0.0,0.0,5,1.0,0.0
2015-12-21,-0.007286765797828477,-0.007486765797828476,0.4,0.0002,5,1.0,0.0
2015-12-22,0.036922092978107425,0.036922092978107425,0.0,0.0,5,1.0,0.0
2015-12-23,-0.010275467557030349,-0.01047546755703035,0.4,0.0002,5,1.0,0.0
2015-12-24,0.004229265069379284,0.004229265069379284,0.0,0.0,5,1.0,0.0
2015-12-28,0.021228622625236372,0.021228622625236372,0.0,0.0,5,1.0,0.0
2015-12-29,-0.015783386342386675,-0.015983386342386673,0.4,0.0002,5,1.0,0.0
2015-12-30,-0.010156172063614322,-0.010356172063614322,0.4,0.0002,5,1.0,0.0
2015-12-31,-0.020231647350808887,-0.020231647350808887,0.0,0.0,5,1.0,0.0
2016-01-04,0.009907439086040795,0.009707439086040794,0.4,0.0002,5,1.0,0.0
2016-01-05,0.0048274795918218805,0.0048274795918218805,0.0,0.0,5,1.0,0.0
2016-01-06,-0.039990469242788484,-0.04019046924278848,0.4,0.0002,5,1.0,0.0
2016-01-07,-0.02297021072938925,-0.023370210729389253,0.8,0.0004,5,1.0,0.0
2016-01-08,-0.03568687173527803,-0.03588687173527803,0.4,0.0002,5,1.0,0.0
2016-01-11,-0.0010292216004875953,-0.0010292216004875953,0.0,0.0,5,1.0,0.0
2016-01-12,-0.0663344127104806,-0.0663344127104806,0.0,0.0,5,1.0,0.0
2016-01-13,0.03020877768506527,0.03020877768506527,0.0,0.0,5,1.0,0.0
2016-01-14,-0.13308796811511653,-0.13328796811511653,0.4,0.0002,5,1.0,0.0
2016-01-15,-0.0036068082033125816,-0.0038068082033125817,0.4,0.0002,5,1.0,0.0
2016-01-19,0.005269915309582365,0.005269915309582365,0.0,0.0,5,1.0,0.0
2016-01-20,-0.03773235369854464,-0.03793235369854464,0.4,0.0002,5,1.0,0.0
2016-01-21,0.027480043782662694,0.027280043782662695,0.4,0.0002,5,1.0,0.0
2016-01-22,-0.012281451093413187,-0.012281451093413187,0.0,0.0,5,1.0,0.0
2016-01-25,0.006830097765322152,0.006830097765322152,0.0,0.0,5,1.0,0.0
2016-01-26,-0.04274437617596346,-0.04274437617596346,0.0,0.0,5,1.0,0.0
2016-01-27,-0.02075782299645943,-0.02075782299645943,0.0,0.0,5,1.0,0.0
2016-01-28,0.024829208104129166,0.024629208104129167,0.4,0.0002,5,1.0,0.0
2016-01-29,0.0030249652401493467,0.0028249652401493466,0.4,0.0002,5,1.0,0.0
2016-02-01,-0.034479455701322693,-0.03467945570132269,0.4,0.0002,5,1.0,0.0
2016-02-02,-0.01895902471839348,-0.01895902471839348,0.0,0.0,5,1.0,0.0
2016-02-03,0.020849169643039556,0.020849169643039556,0.0,0.0,5,1.0,0.0
2016-02-04,-0.062393324771642056,-0.062393324771642056,0.0,0.0,5,1.0,0.0
2016-02-05,-0.06857606897611171,-0.06877606897611171,0.4,0.0002,5,1.0,0.0
2016-02-08,0.006242263799155932,0.006042263799155932,0.4,0.0002,5,1.0,0.0
2016-02-09,-0.008769191938858854,-0.008969191938858855,0.4,0.0002,5,1.0,0.0
2016-02-10,0.0036593732451069678,0.0036593732451069678,0.0,0.0,5,1.0,0.0
2016-02-11,0.002012871904748835,0.002012871904748835,0.0,0.0,5,1.0,0.0
2016-02-12,0.035980260324637414,0.035780260324637415,0.4,0.0002,5,1.0,0.0
2016-02-16,0.04183959341668157,0.04183959341668157,0.0,0.0,5,1.0,0.0
2016-02-17,-0.004339054322037272,-0.004539054322037272,0.4,0.0002,5,1.0,0.0
2016-02-18,0.028173115217680757,0.027773115217680756,0.8,0.0004,5,1.0,0.0
2016-02-19,0.03534419992634015,0.03514419992634015,0.4,0.0002,5,1.0,0.0
2016-02-22,-0.029044199700337073,-0.02924419970033707,0.4,0.0002,5,1.0,0.0
2016-02-23,0.0368546816563228,0.0368546816563228,0.0,0.0,5,1.0,0.0
2016-02-24,0.005545400899160868,0.005545400899160868,0.0,0.0,5,1.0,0.0
2016-02-25,0.0016337638977567122,0.001433763897756712,0.4,0.0002,5,1.0,0.0
2016-02-26,0.006915191098600992,0.006915191098600992,0.0,0.0,5,1.0,0.0
2016-02-29,0.026518207673981366,0.025918207673981366,1.2000000000000002,0.0006000000000000001,5,1.0,0.0
2016-03-01,0.004011666907986377,0.0036116669079863765,0.8,0.0004,5,1.0,0.0
2016-03-02,-0.004052562438808005,-0.004252562438808004,0.4,0.0002,5,1.0,0.0
2016-03-03,-0.009548468466872895,-0.009748468466872896,0.4,0.0002,5,1.0,0.0
2016-03-04,0.009569073048842892,0.009569073048842892,0.0,0.0,5,1.0,0.0
2016-03-07,-0.004168546564512865,-0.004568546564512865,0.8,0.0004,5,1.0,0.0
2016-03-08,0.003416490400806272,0.003216490400806272,0.4,0.0002,5,1.0,0.0
2016-03-09,-0.005943382143461507,-0.006343382143461507,0.8,0.0004,5,1.0,0.0
2016-03-10,-0.004365830263022019,-0.0047658302630220195,0.8,0.0004,5,1.0,0.0
2016-03-11,0.0017876355101123838,0.0015876355101123838,0.4,0.0002,5,1.0,0.0
2016-03-14,-0.015031779242166345,-0.015231779242166345,0.4,0.0002,5,1.0,0.0
2016-03-15,0.03433000935843565,0.03413000935843565,0.4,0.0002,5,1.0,0.0
2016-03-16,0.026833791721846235,0.026633791721846236,0.4,0.0002,5,1.0,0.0
2016-03-17,0.008087663273913637,0.007887663273913636,0.4,0.0002,5,1.0,0.0
2016-03-18,-0.006136024062678769,-0.006136024062678769,0.0,0.0,5,1.0,0.0
2016-03-21,-0.004395558626281937,-0.0045955586262819365,0.4,0.0002,5,1.0,0.0
2016-03-22,-0.03914092908131085,-0.03934092908131085,0.4,0.0002,5,1.0,0.0
2016-03-23,-0.008772165385244925,-0.008972165385244925,0.4,0.0002,5,1.0,0.0
2016-03-24,0.004299619441220703,0.004099619441220704,0.4,0.0002,5,1.0,0.0
2016-03-28,0.0281244486047608,0.0281244486047608,0.0,0.0,5,1.0,0.0
2016-03-29,-0.010277246210141967,-0.010477246210141967,0.4,0.0002,5,1.0,0.0
2016-03-30,-0.012191710995730378,-0.012391710995730379,0.4,0.0002,5,1.0,0.0
2016-03-31,0.007644165342269262,0.007644165342269262,0.0,0.0,5,1.0,0.0
2016-04-01,-0.03805248844661562,-0.03825248844661562,0.4,0.0002,5,1.0,0.0
2016-04-04,0.00893197130745611,0.00893197130745611,0.0,0.0,5,1.0,0.0
2016-04-05,0.010355546673687387,0.010155546673687387,0.4,0.0002,5,1.0,0.0
2016-04-06,0.002568846483348252,0.002368846483348252,0.4,0.0002,5,1.0,0.0
2016-04-07,0.009601789094124302,0.009601789094124302,0.0,0.0,5,1.0,0.0
2016-04-08,0.02602104840049555,0.02602104840049555,0.0,0.0,5,1.0,0.0
2016-04-11,0.005759630295623342,0.005759630295623342,0.0,0.0,5,1.0,0.0
2016-04-12,-0.002493805293188968,-0.002493805293188968,0.0,0.0,5,1.0,0.0
2016-04-13,-0.0024100605631984795,-0.0024100605631984795,0.0,0.0,5,1.0,0.0
2016-04-14,0.003828855372774332,0.003828855372774332,0.0,0.0,5,1.0,0.0
2016-04-15,0.00846908292923354,0.00846908292923354,0.0,0.0,5,1.0,0.0
2016-04-18,0.019652685481681288,0.019652685481681288,0.0,0.0,5,1.0,0.0
2016-04-19,-0.008671381701632308,-0.008671381701632308,0.0,0.0,5,1.0,0.0
2016-04-20,-0.009452524146028242,-0.009452524146028242,0.0,0.0,5,1.0,0.0
2016-04-21,-0.01706102091902444,-0.01706102091902444,0.0,0.0,5,1.0,0.0
2016-04-22,0.0033390543408137185,0.0031390543408137185,0.4,0.0002,5,1.0,0.0
2016-04-25,-0.004572044327514746,-0.004772044327514746,0.4,0.0002,5,1.0,0.0
2016-04-26,0.009860851091382752,0.009860851091382752,0.0,0.0,5,1.0,0.0
2016-04-27,-0.0031355351971092075,-0.0031355351971092075,0.0,0.0,5,1.0,0.0
2016-04-28,-0.015173262499363776,-0.015173262499363776,0.0,0.0,5,1.0,0.0
2016-04-29,0.022044728924581803,0.021844728924581804,0.4,0.0002,5,1.0,0.0
2016-05-02,0.009415328890611675,0.009415328890611675,0.0,0.0,5,1.0,0.0
2016-05-03,-0.004131207344337097,-0.004331207344337096,0.4,0.0002,5,1.0,0.0
2016-05-04,0.011182514333247464,0.010982514333247463,0.4,0.0002,5,1.0,0.0
2016-05-05,-0.005655610843693971,-0.00585561084369397,0.4,0.0002,5,1.0,0.0
2016-05-06,-0.05049453037969556,-0.05089453037969556,0.8,0.0004,5,1.0,0.0
2016-05-09,0.053603258294059146,0.05340325829405915,0.4,0.0002,5,1.0,0.0
2016-05-10,0.014223268353501363,0.014023268353501362,0.4,0.0002,5,1.0,0.0
2016-05-11,-0.011358595739028511,-0.011358595739028511,0.0,0.0,5,1.0,0.0
2016-05-12,-0.023689190819937214,-0.023889190819937213,0.4,0.0002,5,1.0,0.0
2016-05-13,0.005862011202438168,0.0056620112024381684,0.4,0.0002,5,1.0,0.0
2016-05-16,0.02880537930266227,0.02880537930266227,0.0,0.0,5,1.0,0.0
2016-05-17,-0.06808184940135306,-0.06828184940135307,0.4,0.0002,5,1.0,0.0
2016-05-18,-0.0013896253437333693,-0.0013896253437333693,0.0,0.0,5,1.0,0.0
2016-05-19,-0.0006076758966394591,-0.0006076758966394591,0.0,0.0,5,1.0,0.0
2016-05-20,0.0014355289095018715,0.0012355289095018714,0.4,0.0002,5,1.0,0.0
2016-05-23,-0.05547051083555904,-0.05567051083555904,0.4,0.0002,5,1.0,0.0
2016-05-24,0.033028040156433576,0.03282804015643358,0.4,0.0002,5,1.0,0.0
2016-05-25,-0.0027142130047922213,-0.0027142130047922213,0.0,0.0,5,1.0,0.0
2016-05-26,-0.038503731962511646,-0.038703731962511645,0.4,0.0002,5,1.0,0.0
2016-05-27,0.010533130318837026,0.010333130318837026,0.4,0.0002,5,1.0,0.0
2016-05-31,0.00024678355028833203,0.00024678355028833203,0.0,0.0,5,1.0,0.0
2016-06-01,0.020649877745799294,0.020649877745799294,0.0,0.0,5,1.0,0.0
2016-06-02,0.11094591222649379,0.11094591222649379,0.0,0.0,5,1.0,0.0
2016-06-03,0.0043383185925874425,0.004138318592587443,0.4,0.0002,5,1.0,0.0
2016-06-06,-0.016133680030472462,-0.01633368003047246,0.4,0.0002,5,1.0,0.0
2016-06-07,0.08402601278655145,0.08382601278655144,0.4,0.0002,5,1.0,0.0
2016-06-08,-0.002675823741683892,-0.0028758237416838923,0.4,0.0002,5,1.0,0.0
2016-06-09,-0.04090143891847915,-0.04090143891847915,0.0,0.0,5,1.0,0.0
2016-06-10,0.0014215831590795192,0.0012215831590795191,0.4,0.0002,5,1.0,0.0
2016-06-13,-0.023530020918674264,-0.023530020918674264,0.0,0.0,5,1.0,0.0
2016-06-14,0.05408900520952322,0.05408900520952322,0.0,0.0,5,1.0,0.0
2016-06-15,-0.03424072488998771,-0.03424072488998771,0.0,0.0,5,1.0,0.0
2016-06-16,0.0036255551957562475,0.0036255551957562475,0.0,0.0,5,1.0,0.0
2016-06-17,0.00248491119161025,0.00228491119161025,0.4,0.0002,5,1.0,0.0
2016-06-20,-0.03183324459419507,-0.03203324459419507,0.4,0.0002,5,1.0,0.0
2016-06-21,0.028456878358773707,0.028456878358773707,0.0,0.0,5,1.0,0.0
2016-06-22,-0.001553384681796577,-0.001553384681796577,0.0,0.0,5,1.0,0.0
2016-06-23,0.03765594371659271,0.037455943716592714,0.4,0.0002,5,1.0,0.0
2016-06-24,-0.004022486281511207,-0.004222486281511207,0.4,0.0002,5,1.0,0.0
2016-06-27,-0.005852890306137203,-0.006052890306137202,0.4,0.0002,5,1.0,0.0
2016-06-28,0.03592437903346673,0.03592437903346673,0.0,0.0,5,1.0,0.0
2016-06-29,0.008676963452073094,0.008676963452073094,0.0,0.0,5,1.0,0.0
2016-06-30,0.05670034482449494,0.05670034482449494,0.0,0.0,5,1.0,0.0
2016-07-01,0.024078300948623132,0.023878300948623133,0.4,0.0002,5,1.0,0.0
2016-07-05,0.03467109187671409,0.03447109187671409,0.4,0.0002,5,1.0,0.0
2016-07-06,-0.037699813077323424,-0.03789981307732342,0.4,0.0002,5,1.0,0.0
2016-07-07,0.04855321640811683,0.04835321640811683,0.4,0.0002,5,1.0,0.0
2016-07-08,0.0162582289295115,0.015858228929511498,0.8,0.0004,5,1.0,0.0
2016-07-11,-0.02985328616407379,-0.030053286164073788,0.4,0.0002,5,1.0,0.0
2016-07-12,0.03757248954462304,0.03737248954462304,0.4,0.0002,5,1.0,0.0
2016-07-13,0.01020854461826435,0.010008544618264349,0.4,0.0002,5,1.0,0.0
2016-07-14,-0.00311220257407645,-0.00311220257407645,0.0,0.0,5,1.0,0.0
2016-07-15,0.018383868907949144,0.017983868907949143,0.8,0.0004,5,1.0,0.0
2016-07-18,-0.018761938160785443,-0.01896193816078544,0.4,0.0002,5,1.0,0.0
2016-07-19,-0.06430762594253339,-0.06430762594253339,0.0,0.0,5,1.0,0.0
2016-07-20,0.03756392327142047,0.03756392327142047,0.0,0.0,5,1.0,0.0
2016-07-21,0.011263222243212433,0.011263222243212433,0.0,0.0,5,1.0,0.0
2016-07-22,-0.04289357947023314,-0.04309357947023314,0.4,0.0002,5,1.0,0.0
2016-07-25,0.04081319028260797,0.04061319028260797,0.4,0.0002,5,1.0,0.0
2016-07-26,0.04048864513634967,0.04048864513634967,0.0,0.0,5,1.0,0.0
2016-07-27,0.009115592737254154,0.008915592737254154,0.4,0.0002,5,1.0,0.0
2016-07-28,0.02409019259204417,0.02409019259204417,0.0,0.0,5,1.0,0.0
2016-07-29,0.01476493410921629,0.01476493410921629,0.0,0.0,5,1.0,0.0
2016-08-01,0.020034043958600423,0.020034043958600423,0.0,0.0,5,1.0,0.0
2016-08-02,-0.006069330883788649,-0.006269330883788649,0.4,0.0002,5,1.0,0.0
2016-08-03,0.025235785924962693,0.025035785924962695,0.4,0.0002,5,1.0,0.0
2016-08-04,-0.0300355301598491,-0.0300355301598491,0.0,0.0,5,1.0,0.0
2016-08-05,0.015326092166072369,0.015126092166072368,0.4,0.0002,5,1.0,0.0
2016-08-08,0.015220055787366429,0.01482005578736643,0.8,0.0004,5,1.0,0.0
2016-08-09,-0.003547200135037153,-0.003747200135037153,0.4,0.0002,5,1.0,0.0
2016-08-10,-0.00874139554359048,-0.008941395543590481,0.4,0.0002,5,1.0,0.0
2016-08-11,-0.022858512927562934,-0.023058512927562932,0.4,0.0002,5,1.0,0.0
2016-08-12,0.010173500964818151,0.00997350096481815,0.4,0.0002,5,1.0,0.0
2016-08-15,-0.01832465626544413,-0.01852465626544413,0.4,0.0002,5,1.0,0.0
2016-08-16,-0.023680371201907916,-0.023880371201907915,0.4,0.0002,5,1.0,0.0
2016-08-17,0.0012103756293211356,0.0010103756293211356,0.4,0.0002,5,1.0,0.0
2016-08-18,-0.018517895419995246,-0.018717895419995245,0.4,0.0002,5,1.0,0.0
2016-08-19,-0.031714889394918025,-0.031914889394918024,0.4,0.0002,5,1.0,0.0
2016-08-22,-0.008719762474388482,-0.008719762474388482,0.0,0.0,5,1.0,0.0
2016-08-23,-0.05692545774187397,-0.05692545774187397,0.0,0.0,5,1.0,0.0
2016-08-24,0.01712654085342562,0.01712654085342562,0.0,0.0,5,1.0,0.0
2016-08-25,0.016823526582596983,0.016823526582596983,0.0,0.0,5,1.0,0.0
2016-08-26,0.016944243730185084,0.016944243730185084,0.0,0.0,5,1.0,0.0
2016-08-29,-0.02234052491520353,-0.02234052491520353,0.0,0.0,5,1.0,0.0
2016-08-30,-0.008263504466959094,-0.008463504466959095,0.4,0.0002,5,1.0,0.0
2016-08-31,0.011321477679308066,0.011321477679308066,0.0,0.0,5,1.0,0.0
2016-09-01,0.031005482326184945,0.031005482326184945,0.0,0.0,5,1.0,0.0
2016-09-02,0.04965704606811177,0.04945704606811177,0.4,0.0002,5,1.0,0.0
2016-09-06,-0.014671830231432615,-0.014871830231432615,0.4,0.0002,5,1.0,0.0
2016-09-07,-0.017414793959313956,-0.017414793959313956,0.0,0.0,5,1.0,0.0
2016-09-08,-0.07784578233981138,-0.07804578233981138,0.4,0.0002,5,1.0,0.0
2016-09-09,0.002559249146694387,0.002359249146694387,0.4,0.0002,5,1.0,0.0
2016-09-12,-0.060748212115270456,-0.060748212115270456,0.0,0.0,5,1.0,0.0
2016-09-13,0.009339363260464273,0.009139363260464273,0.4,0.0002,5,1.0,0.0
2016-09-14,0.01373882405087179,0.013538824050871789,0.4,0.0002,5,1.0,0.0
2016-09-15,-0.011832165217706737,-0.011832165217706737,0.0,0.0,5,1.0,0.0
2016-09-16,-0.0008297231247061279,-0.001029723124706128,0.4,0.0002,5,1.0,0.0
2016-09-19,0.017598187516700614,0.017198187516700613,0.8,0.0004,5,1.0,0.0
2016-09-20,0.03640111894382232,0.03640111894382232,0.0,0.0,5,1.0,0.0
2016-09-21,-0.005274651850728817,-0.005274651850728817,0.0,0.0,5,1.0,0.0
2016-09-22,-0.017267797446035994,-0.017467797446035993,0.4,0.0002,5,1.0,0.0
2016-09-23,-0.019599766002232923,-0.019799766002232922,0.4,0.0002,5,1.0,0.0
2016-09-26,0.00710666211237483,0.00710666211237483,0.0,0.0,5,1.0,0.0
2016-09-27,0.021561190411300914,0.021561190411300914,0.0,0.0,5,1.0,0.0
2016-09-28,-0.015770635080375486,-0.015970635080375484,0.4,0.0002,5,1.0,0.0
2016-09-29,0.0004930925320927983,0.0002930925320927983,0.4,0.0002,5,1.0,0.0
2016-09-30,0.006323562353696311,0.006323562353696311,0.0,0.0,5,1.0,0.0
2016-10-03,-0.006671896522997043,-0.006671896522997043,0.0,0.0,5,1.0,0.0
2016-10-04,-0.014865885372933407,-0.015065885372933407,0.4,0.0002,5,1.0,0.0
2016-10-05,0.011022031603036497,0.010822031603036497,0.4,0.0002,5,1.0,0.0
2016-10-06,0.004885621266345822,0.004685621266345822,0.4,0.0002,5,1.0,0.0
2016-10-07,0.0356526194661857,0.0354526194661857,0.4,0.0002,5,1.0,0.0
2016-10-10,-0.019923193856143828,-0.019923193856143828,0.0,0.0,5,1.0,0.0
2016-10-11,0.0006387667581531087,0.0006387667581531087,0.0,0.0,5,1.0,0.0
2016-10-12,0.000547095465794456,0.000547095465794456,0.0,0.0,5,1.0,0.0
2016-10-13,-0.009395351640957571,-0.009395351640957571,0.0,0.0,5,1.0,0.0
2016-10-14,0.005215243926554104,0.005215243926554104,0.0,0.0,5,1.0,0.0
2016-10-17,0.02644562642514279,0.02644562642514279,0.0,0.0,5,1.0,0.0
2016-10-18,0.03339303385249464,0.03319303385249464,0.4,0.0002,5,1.0,0.0
2016-10-19,0.017228962158572926,0.017028962158572927,0.4,0.0002,5,1.0,0.0
2016-10-20,0.005085231967623692,0.004685231967623692,0.8,0.0004,5,1.0,0.0
2016-10-21,-0.004451704349555928,-0.004651704349555928,0.4,0.0002,5,1.0,0.0
2016-10-24,0.0005752734312863602,0.0005752734312863602,0.0,0.0,5,1.0,0.0
2016-10-25,-0.019706409764752887,-0.019706409764752887,0.0,0.0,5,1.0,0.0
2016-10-26,-0.031226208146678647,-0.031426208146678646,0.4,0.0002,5,1.0,0.0
2016-10-27,0.0006473478163194319,0.0006473478163194319,0.0,0.0,5,1.0,0.0
2016-10-28,0.0068919355535135285,0.0068919355535135285,0.0,0.0,5,1.0,0.0
2016-10-31,-0.0060024874500965485,-0.0060024874500965485,0.0,0.0,5,1.0,0.0
2016-11-01,-0.04723942633511091,-0.04723942633511091,0.0,0.0,5,1.0,0.0
2016-11-02,-0.020900794444913967,-0.021100794444913966,0.4,0.0002,5,1.0,0.0
2016-11-03,0.039399173604475,0.039399173604475,0.0,0.0,5,1.0,0.0
2016-11-04,0.0023658658809950998,0.0023658658809950998,0.0,0.0,5,1.0,0.0
2016-11-07,-0.004351977512560956,-0.004551977512560956,0.4,0.0002,5,1.0,0.0
2016-11-08,0.004822274273033944,0.004622274273033944,0.4,0.0002,5,1.0,0.0
2016-11-09,-0.05503959262311149,-0.05503959262311149,0.0,0.0,5,1.0,0.0
2016-11-10,-0.020992442059251173,-0.020992442059251173,0.0,0.0,5,1.0,0.0
2016-11-11,-0.0192158527982633,-0.0192158527982633,0.0,0.0,5,1.0,0.0
2016-11-14,0.03992574911364129,0.03992574911364129,0.0,0.0,5,1.0,0.0
2016-11-15,-0.001719764948032254,-0.001719764948032254,0.0,0.0,5,1.0,0.0
2016-11-16,-0.001931943409803627,-0.002131943409803627,0.4,0.0002,5,1.0,0.0
2016-11-17,-0.0010167751862117267,-0.0010167751862117267,0.0,0.0,5,1.0,0.0
2016-11-18,0.04004023807501795,0.03984023807501795,0.4,0.0002,5,1.0,0.0
2016-11-21,0.08955423220268961,0.08955423220268961,0.0,0.0,5,1.0,0.0
2016-11-22,-0.020851415583448607,-0.020851415583448607,0.0,0.0,5,1.0,0.0
2016-11-23,0.016026356616159834,0.016026356616159834,0.0,0.0,5,1.0,0.0
2016-11-25,-0.0041776308821116935,-0.004377630882111693,0.4,0.0002,5,1.0,0.0
2016-11-28,-0.004260984089886022,-0.004460984089886022,0.4,0.0002,5,1.0,0.0
2016-11-29,-0.006798552763930866,-0.0069985527639308655,0.4,0.0002,5,1.0,0.0
2016-11-30,-0.07954951542795081,-0.07974951542795082,0.4,0.0002,5,1.0,0.0
2016-12-01,0.011561480154249782,0.011361480154249782,0.4,0.0002,5,1.0,0.0
2016-12-02,0.02603441761937002,0.025834417619370022,0.4,0.0002,5,1.0,0.0
2016-12-05,0.03661043011643113,0.03641043011643113,0.4,0.0002,5,1.0,0.0
2016-12-06,0.044502370307207266,0.044502370307207266,0.0,0.0,5,1.0,0.0
2016-12-07,-0.0075609534302623314,-0.007760953430262331,0.4,0.0002,5,1.0,0.0
2016-12-08,-0.06159785217460488,-0.06159785217460488,0.0,0.0,5,1.0,0.0
2016-12-09,0.0430561939738153,0.0430561939738153,0.0,0.0,5,1.0,0.0
2016-12-12,-0.043806906114365086,-0.044006906114365085,0.4,0.0002,5,1.0,0.0
2016-12-13,-0.021665606036517127,-0.021665606036517127,0.0,0.0,5,1.0,0.0
2016-12-14,0.023687101427803503,0.023487101427803504,0.4,0.0002,5,1.0,0.0
2016-12-15,-0.024205167376526608,-0.024205167376526608,0.0,0.0,5,1.0,0.0
2016-12-16,-0.020616506706839635,-0.020616506706839635,0.0,0.0,5,1.0,0.0
2016-12-19,0.009100801745265688,0.009100801745265688,0.0,0.0,5,1.0,0.0
2016-12-20,-0.0024403143459657884,-0.0024403143459657884,0.0,0.0,5,1.0,0.0
2016-12-21,-0.03646626695591562,-0.03646626695591562,0.0,0.0,5,1.0,0.0
2016-12-22,-0.011803608103781026,-0.011803608103781026,0.0,0.0,5,1.0,0.0
2016-12-23,0.0016899460670052992,0.0014899460670052991,0.4,0.0002,5,1.0,0.0
2016-12-27,0.01126812778897004,0.011068127788970039,0.4,0.0002,5,1.0,0.0
2016-12-28,-0.019125430568772563,-0.01932543056877256,0.4,0.0002,5,1.0,0.0
2016-12-29,-0.02022536530878878,-0.02022536530878878,0.0,0.0,5,1.0,0.0
2016-12-30,0.007773370114484446,0.0075733701144844465,0.4,0.0002,5,1.0,0.0
2017-01-03,0.007130958500596307,0.007130958500596307,0.0,0.0,5,1.0,0.0
2017-01-04,-0.006695618923458935,-0.006895618923458934,0.4,0.0002,5,1.0,0.0
2017-01-05,-0.014616201640915705,-0.014616201640915705,0.0,0.0,5,1.0,0.0
2017-01-06,-0.008976526879049906,-0.008976526879049906,0.0,0.0,5,1.0,0.0
2017-01-09,0.044820869877599305,0.044820869877599305,0.0,0.0,5,1.0,0.0
2017-01-10,0.08904775028739699,0.08884775028739698,0.4,0.0002,5,1.0,0.0
2017-01-11,0.005379828511419337,0.0051798285114193375,0.4,0.0002,5,1.0,0.0
2017-01-12,0.041905953337009444,0.041705953337009445,0.4,0.0002,5,1.0,0.0
2017-01-13,-0.007609653234560245,-0.007809653234560244,0.4,0.0002,5,1.0,0.0
2017-01-17,-0.007183922386237751,-0.007183922386237751,0.0,0.0,5,1.0,0.0
2017-01-18,-0.0179357186952144,-0.0181357186952144,0.4,0.0002,5,1.0,0.0
2017-01-19,-0.010338183726145632,-0.010538183726145633,0.4,0.0002,5,1.0,0.0
2017-01-20,0.0113676063042764,0.0111676063042764,0.4,0.0002,5,1.0,0.0
2017-01-23,0.04202779298074826,0.04182779298074826,0.4,0.0002,5,1.0,0.0
2017-01-24,-0.00978644484261879,-0.009986444842618791,0.4,0.0002,5,1.0,0.0
2017-01-25,-0.0103729081321426,-0.010572908132142601,0.4,0.0002,5,1.0,0.0
2017-01-26,0.0016693550185409305,0.0014693550185409304,0.4,0.0002,5,1.0,0.0
2017-01-27,-0.02838389258613001,-0.02838389258613001,0.0,0.0,5,1.0,0.0
2017-01-30,-0.0016142399233260553,-0.0016142399233260553,0.0,0.0,5,1.0,0.0
2017-01-31,0.043108201673652806,0.04270820167365281,0.8,0.0004,5,1.0,0.0
2017-02-01,0.013164308880196686,0.013164308880196686,0.0,0.0,5,1.0,0.0
2017-02-02,-0.0028850926098036083,-0.0030850926098036084,0.4,0.0002,5,1.0,0.0
2017-02-03,0.017476589793933697,0.0172765897939337,0.4,0.0002,5,1.0,0.0
2017-02-06,-0.011407093494814148,-0.011407093494814148,0.0,0.0,5,1.0,0.0
2017-02-07,0.00807115671259031,0.007871156712590309,0.4,0.0002,5,1.0,0.0
2017-02-08,-0.003380849868064817,-0.003580849868064817,0.4,0.0002,5,1.0,0.0
2017-02-09,0.01072027198599257,0.01052027198599257,0.4,0.0002,5,1.0,0.0
2017-02-10,0.018994642215353144,0.018994642215353144,0.0,0.0,5,1.0,0.0
2017-02-13,-0.02118475276995986,-0.02138475276995986,0.4,0.0002,5,1.0,0.0
2017-02-14,-0.017656578587031405,-0.017656578587031405,0.0,0.0,5,1.0,0.0
2017-02-15,-0.015154047031944607,-0.015354047031944608,0.4,0.0002,5,1.0,0.0
2017-02-16,0.0014926201634344102,0.00129262016343441,0.4,0.0002,5,1.0,0.0
2017-02-17,0.006042512646548048,0.006042512646548048,0.0,0.0,5,1.0,0.0
2017-02-21,0.0018564773506104981,0.0018564773506104981,0.0,0.0,5,1.0,0.0
2017-02-22,-0.018480797461652432,-0.01868079746165243,0.4,0.0002,5,1.0,0.0
2017-02-23,-0.017616770448362608,-0.017616770448362608,0.0,0.0,5,1.0,0.0
2017-02-24,0.009965637431877483,0.009965637431877483,0.0,0.0,5,1.0,0.0
2017-02-27,-0.02609500722458973,-0.02609500722458973,0.0,0.0,5,1.0,0.0
2017-02-28,0.05087937556731088,0.050679375567310884,0.4,0.0002,5,1.0,0.0
2017-03-01,-0.04946269280899433,-0.04946269280899433,0.0,0.0,5,1.0,0.0
2017-03-02,0.011808383213524176,0.011608383213524176,0.4,0.0002,5,1.0,0.0
2017-03-03,-0.008338800545214875,-0.008738800545214875,0.8,0.0004,5,1.0,0.0
2017-03-06,-0.024906621234112938,-0.024906621234112938,0.0,0.0,5,1.0,0.0
2017-03-07,-0.007032011587467269,-0.007032011587467269,0.0,0.0,5,1.0,0.0
2017-03-08,-0.0011168507060045803,-0.0013168507060045804,0.4,0.0002,5,1.0,0.0
2017-03-09,0.007297996404444441,0.007297996404444441,0.0,0.0,5,1.0,0.0
2017-03-10,0.011334402431428805,0.011334402431428805,0.0,0.0,5,1.0,0.0
2017-03-13,-0.026436266672929268,-0.026636266672929267,0.4,0.0002,5,1.0,0.0
2017-03-14,0.031618296362415796,0.031618296362415796,0.0,0.0,5,1.0,0.0
2017-03-15,-0.024250456172256542,-0.024250456172256542,0.0,0.0,5,1.0,0.0
2017-03-16,-0.00815619430293868,-0.00815619430293868,0.0,0.0,5,1.0,0.0
2017-03-17,0.0066727031667832126,0.0066727031667832126,0.0,0.0,5,1.0,0.0
2017-03-20,-0.046272685499208335,-0.046272685499208335,0.0,0.0,5,1.0,0.0
2017-03-21,0.023208981724718216,0.023208981724718216,0.0,0.0,5,1.0,0.0
2017-03-22,-0.004198646963323883,-0.004198646963323883,0.0,0.0,5,1.0,0.0
2017-03-23,0.012466727451514049,0.012466727451514049,0.0,0.0,5,1.0,0.0
2017-03-24,-0.0002714660746196084,-0.0002714660746196084,0.0,0.0,5,1.0,0.0
2017-03-27,-0.006456904073119541,-0.006456904073119541,0.0,0.0,5,1.0,0.0
2017-03-28,-0.0059256754627932786,-0.0059256754627932786,0.0,0.0,5,1.0,0.0
2017-03-29,0.005559235098641979,0.005559235098641979,0.0,0.0,5,1.0,0.0
2017-03-30,0.023597691201741048,0.02339769120174105,0.4,0.0002,5,1.0,0.0
2017-03-31,-0.0011862182569838866,-0.0011862182569838866,0.0,0.0,5,1.0,0.0
2017-04-03,0.010342288250895006,0.010342288250895006,0.0,0.0,5,1.0,0.0
2017-04-04,-0.0278752824952681,-0.028075282495268097,0.4,0.0002,5,1.0,0.0
2017-04-05,-0.025689305557521382,-0.02588930555752138,0.4,0.0002,5,1.0,0.0
2017-04-06,0.0040338021275330375,0.0040338021275330375,0.0,0.0,5,1.0,0.0
2017-04-07,0.0003240094760145855,0.0003240094760145855,0.0,0.0,5,1.0,0.0
2017-04-10,0.030320571170641353,0.030320571170641353,0.0,0.0,5,1.0,0.0
2017-04-11,-0.021707473751729767,-0.021707473751729767,0.0,0.0,5,1.0,0.0
2017-04-12,0.039227963088315,0.039027963088315,0.4,0.0002,5,1.0,0.0
2017-04-13,0.009841546834071903,0.009641546834071903,0.4,0.0002,5,1.0,0.0
2017-04-17,0.00653442592952076,0.00633442592952076,0.4,0.0002,5,1.0,0.0
2017-04-18,-0.009944080892477048,-0.009944080892477048,0.0,0.0,5,1.0,0.0
2017-04-19,0.0024960067263553043,0.0024960067263553043,0.0,0.0,5,1.0,0.0
2017-04-20,-0.004288286929792862,-0.004288286929792862,0.0,0.0,5,1.0,0.0
2017-04-21,0.025029332403615736,0.025029332403615736,0.0,0.0,5,1.0,0.0
2017-04-24,0.008404726695907062,0.008404726695907062,0.0,0.0,5,1.0,0.0
2017-04-25,-0.006436156553164096,-0.006636156553164096,0.4,0.0002,5,1.0,0.0
2017-04-26,0.012207980386807638,0.012207980386807638,0.0,0.0,5,1.0,0.0
2017-04-27,-0.003762471418751124,-0.003762471418751124,0.0,0.0,5,1.0,0.0
2017-04-28,0.013719055545834169,0.013719055545834169,0.0,0.0,5,1.0,0.0
2017-05-01,-0.056816093665660455,-0.056816093665660455,0.0,0.0,5,1.0,0.0
2017-05-02,-0.013032251321353173,-0.013032251321353173,0.0,0.0,5,1.0,0.0
2017-05-03,-0.023251692243314137,-0.023451692243314136,0.4,0.0002,5,1.0,0.0
2017-05-04,0.06341498860353559,0.06321498860353558,0.4,0.0002,5,1.0,0.0
2017-05-05,0.0003496839270147765,0.0001496839270147765,0.4,0.0002,5,1.0,0.0
2017-05-08,0.027409797196541286,0.027409797196541286,0.0,0.0,5,1.0,0.0
2017-05-09,0.01087425253359495,0.01087425253359495,0.0,0.0,5,1.0,0.0
2017-05-10,-0.00524129716217674,-0.00524129716217674,0.0,0.0,5,1.0,0.0
2017-05-11,0.009210203943178109,0.009010203943178108,0.4,0.0002,5,1.0,0.0
2017-05-12,-0.008661477475997994,-0.008861477475997994,0.4,0.0002,5,1.0,0.0
2017-05-15,-0.005413246642865399,-0.005613246642865399,0.4,0.0002,5,1.0,0.0
2017-05-16,-0.04803385684629502,-0.04803385684629502,0.0,0.0,5,1.0,0.0
2017-05-17,-0.06000082626839079,-0.06000082626839079,0.0,0.0,5,1.0,0.0
2017-05-18,0.014452435447485715,0.014452435447485715,0.0,0.0,5,1.0,0.0
2017-05-19,0.007052041175748601,0.007052041175748601,0.0,0.0,5,1.0,0.0
2017-05-22,0.005560372619623877,0.005560372619623877,0.0,0.0,5,1.0,0.0
2017-05-23,0.02904617836360661,0.02904617836360661,0.0,0.0,5,1.0,0.0
2017-05-24,-0.0020673306038727635,-0.0020673306038727635,0.0,0.0,5,1.0,0.0
2017-05-25,0.02361990229390527,0.02361990229390527,0.0,0.0,5,1.0,0.0
2017-05-26,-0.01690127905245773,-0.01690127905245773,0.0,0.0,5,1.0,0.0
2017-05-30,0.017123698953121047,0.017123698953121047,0.0,0.0,5,1.0,0.0
2017-05-31,0.010505979179473315,0.010505979179473315,0.0,0.0,5,1.0,0.0
2017-06-01,0.010793922995367855,0.010793922995367855,0.0,0.0,5,1.0,0.0
2017-06-02,-0.01734360442281333,-0.01734360442281333,0.0,0.0,5,1.0,0.0
2017-06-05,0.010169251432965586,0.010169251432965586,0.0,0.0,5,1.0,0.0
2017-06-06,-0.017088530236521616,-0.017288530236521615,0.4,0.0002,5,1.0,0.0
2017-06-07,0.0033990606109096442,0.0033990606109096442,0.0,0.0,5,1.0,0.0
2017-06-08,-0.0526578243451463,-0.0528578243451463,0.4,0.0002,5,1.0,0.0
2017-06-09,-0.0057354090749355945,-0.005935409074935594,0.4,0.0002,5,1.0,0.0
2017-06-12,0.0056520135797965,0.0056520135797965,0.0,0.0,5,1.0,0.0
2017-06-13,-0.020852216704692308,-0.020852216704692308,0.0,0.0,5,1.0,0.0
2017-06-14,-0.0007498558195503384,-0.0007498558195503384,0.0,0.0,5,1.0,0.0
2017-06-15,0.005668032050383421,0.005668032050383421,0.0,0.0,5,1.0,0.0
2017-06-16,0.021270610204761044,0.021270610204761044,0.0,0.0,5,1.0,0.0
2017-06-19,-0.027462827753333686,-0.027462827753333686,0.0,0.0,5,1.0,0.0
2017-06-20,0.02342942071154135,0.02322942071154135,0.4,0.0002,5,1.0,0.0
2017-06-21,0.011397259284869832,0.010997259284869833,0.8,0.0004,5,1.0,0.0
2017-06-22,0.011241093016067617,0.011241093016067617,0.0,0.0,5,1.0,0.0
2017-06-23,-0.021068092996835073,-0.02126809299683507,0.4,0.0002,5,1.0,0.0
2017-06-26,-0.029403575205175784,-0.029403575205175784,0.0,0.0,5,1.0,0.0
2017-06-27,0.03532213171687523,0.03532213171687523,0.0,0.0,5,1.0,0.0
2017-06-28,-0.023565981747307063,-0.023765981747307062,0.4,0.0002,5,1.0,0.0
2017-06-29,0.0026470154896141894,0.0022470154896141892,0.8,0.0004,5,1.0,0.0
2017-06-30,-0.006546979797889452,-0.006546979797889452,0.0,0.0,5,1.0,0.0
2017-07-03,0.015359376374468714,0.015359376374468714,0.0,0.0,5,1.0,0.0
2017-07-05,-0.023510425046058096,-0.023510425046058096,0.0,0.0,5,1.0,0.0
2017-07-06,0.04079239984145118,0.04079239984145118,0.0,0.0,5,1.0,0.0
2017-07-07,0.00793725213656662,0.00793725213656662,0.0,0.0,5,1.0,0.0
2017-07-10,0.01184750069793339,0.01184750069793339,0.0,0.0,5,1.0,0.0
2017-07-11,0.03514577851611152,0.03514577851611152,0.0,0.0,5,1.0,0.0
2017-07-12,0.011644902856425166,0.011444902856425165,0.4,0.0002,5,1.0,0.0
2017-07-13,0.018587562734194908,0.018587562734194908,0.0,0.0,5,1.0,0.0
2017-07-14,-0.0035821521985569538,-0.0035821521985569538,0.0,0.0,5,1.0,0.0
2017-07-17,0.021342195564070576,0.021342195564070576,0.0,0.0,5,1.0,0.0
2017-07-18,-0.0023255306718696026,-0.0023255306718696026,0.0,0.0,5,1.0,0.0
2017-07-19,-0.010329021666216631,-0.010329021666216631,0.0,0.0,5,1.0,0.0
2017-07-20,-0.000814035619251397,-0.000814035619251397,0.0,0.0,5,1.0,0.0
2017-07-21,0.026788727522896384,0.026588727522896385,0.4,0.0002,5,1.0,0.0
2017-07-24,-0.018114699444983562,-0.018114699444983562,0.0,0.0,5,1.0,0.0
2017-07-25,0.023340481302917746,0.023140481302917747,0.4,0.0002,5,1.0,0.0
2017-07-26,-0.027068195791937665,-0.027268195791937663,0.4,0.0002,5,1.0,0.0
2017-07-27,0.0018075872451745363,0.0016075872451745362,0.4,0.0002,5,1.0,0.0
2017-07-28,-0.016237034707438557,-0.016437034707438555,0.4,0.0002,5,1.0,0.0
2017-07-31,0.02166286005805953,0.021262860058059527,0.8,0.0004,5,1.0,0.0
2017-08-01,-0.034134322927625416,-0.034334322927625414,0.4,0.0002,5,1.0,0.0
2017-08-02,-0.005801691943687336,-0.006001691943687336,0.4,0.0002,5,1.0,0.0
2017-08-03,-0.065237350680229,-0.065437350680229,0.4,0.0002,5,1.0,0.0
2017-08-04,0.039198332440196326,0.03899833244019633,0.4,0.0002,5,1.0,0.0
2017-08-07,0.014372216209989585,0.014372216209989585,0.0,0.0,5,1.0,0.0
2017-08-08,-0.009440450613586185,-0.009640450613586185,0.4,0.0002,5,1.0,0.0
2017-08-09,-0.06345710473479071,-0.06345710473479071,0.0,0.0,5,1.0,0.0
2017-08-10,0.006888629826599925,0.006688629826599925,0.4,0.0002,5,1.0,0.0
2017-08-11,0.024075458171406258,0.024075458171406258,0.0,0.0,5,1.0,0.0
2017-08-14,-0.016768607796229174,-0.016768607796229174,0.0,0.0,5,1.0,0.0
2017-08-15,-0.010066194801172035,-0.010066194801172035,0.0,0.0,5,1.0,0.0
2017-08-16,-0.013857523021563912,-0.013857523021563912,0.0,0.0,5,1.0,0.0
2017-08-17,-0.0020791272339890417,-0.0020791272339890417,0.0,0.0,5,1.0,0.0
2017-08-18,-0.0010031796133914681,-0.0010031796133914681,0.0,0.0,5,1.0,0.0
2017-08-21,0.02194022291196145,0.02194022291196145,0.0,0.0,5,1.0,0.0
2017-08-22,0.006400535447690814,0.006400535447690814,0.0,0.0,5,1.0,0.0
2017-08-23,0.01634100609563842,0.01614100609563842,0.4,0.0002,5,1.0,0.0
2017-08-24,-0.013290553576159936,-0.013490553576159936,0.4,0.0002,5,1.0,0.0
2017-08-25,0.030877308804123364,0.030877308804123364,0.0,0.0,5,1.0,0.0
2017-08-28,0.0008155704277296838,0.0008155704277296838,0.0,0.0,5,1.0,0.0
2017-08-29,0.010058187403790721,0.00985818740379072,0.4,0.0002,5,1.0,0.0
2017-08-30,0.01515467107565762,0.01515467107565762,0.0,0.0,5,1.0,0.0
2017-08-31,-0.00019726953234247037,-0.00019726953234247037,0.0,0.0,5,1.0,0.0
2017-09-01,-0.03278861371823387,-0.03278861371823387,0.0,0.0,5,1.0,0.0
2017-09-05,0.0021754146192955346,0.0019754146192955345,0.4,0.0002,5,1.0,0.0
2017-09-06,-0.0011907006428834915,-0.0013907006428834916,0.4,0.0002,5,1.0,0.0
2017-09-07,0.0025839096352385364,0.0023839096352385363,0.4,0.0002,5,1.0,0.0
2017-09-08,0.002325390281834383,0.002125390281834383,0.4,0.0002,5,1.0,0.0
2017-09-11,-0.008928591751707706,-0.009128591751707707,0.4,0.0002,5,1.0,0.0
2017-09-12,0.025468156377571383,0.025268156377571384,0.4,0.0002,5,1.0,0.0
2017-09-13,-0.022557551256966017,-0.022557551256966017,0.0,0.0,5,1.0,0.0
2017-09-14,0.012472949523030642,0.012472949523030642,0.0,0.0,5,1.0,0.0
2017-09-15,0.0377671183464241,0.0375671183464241,0.4,0.0002,5,1.0,0.0
2017-09-18,0.022716215243999496,0.022516215243999497,0.4,0.0002,5,1.0,0.0
2017-09-19,-0.010820436213675878,-0.010820436213675878,0.0,0.0,5,1.0,0.0
2017-09-20,-0.011207101833354938,-0.011407101833354938,0.4,0.0002,5,1.0,0.0
2017-09-21,-0.00810125591973514,-0.00810125591973514,0.0,0.0,5,1.0,0.0
2017-09-22,-0.007342857452219633,-0.0075428574522196324,0.4,0.0002,5,1.0,0.0
2017-09-25,-0.00032945078589636796,-0.0005294507858963679,0.4,0.0002,5,1.0,0.0
2017-09-26,0.0106345015756669,0.0104345015756669,0.4,0.0002,5,1.0,0.0
2017-09-27,0.005485789034938815,0.005285789034938816,0.4,0.0002,5,1.0,0.0
2017-09-28,-0.006787665255465702,-0.006987665255465702,0.4,0.0002,5,1.0,0.0
2017-09-29,-0.017450397798964224,-0.017650397798964223,0.4,0.0002,5,1.0,0.0
2017-10-02,-0.0016719819608721062,-0.0018719819608721063,0.4,0.0002,5,1.0,0.0
2017-10-03,0.023456118952397655,0.023256118952397657,0.4,0.0002,5,1.0,0.0
2017-10-04,-0.021212786491805045,-0.021212786491805045,0.0,0.0,5,1.0,0.0
2017-10-05,-0.02174245663654,-0.02174245663654,0.0,0.0,5,1.0,0.0
2017-10-06,0.02715465258590559,0.02695465258590559,0.4,0.0002,5,1.0,0.0
2017-10-09,-0.007315331396296233,-0.007315331396296233,0.0,0.0,5,1.0,0.0
2017-10-10,-0.0042805314505928605,-0.00448053145059286,0.4,0.0002,5,1.0,0.0
2017-10-11,-0.017088954536466573,-0.017088954536466573,0.0,0.0,5,1.0,0.0
2017-10-12,-0.013841727292255608,-0.014041727292255609,0.4,0.0002,5,1.0,0.0
2017-10-13,0.013193635144726025,0.012993635144726024,0.4,0.0002,5,1.0,0.0
2017-10-16,-0.010367477464210918,-0.010567477464210918,0.4,0.0002,5,1.0,0.0
2017-10-17,-0.010793030060857611,-0.010993030060857611,0.4,0.0002,5,1.0,0.0
2017-10-18,-0.006789730280161056,-0.006989730280161055,0.4,0.0002,5,1.0,0.0
2017-10-19,-0.003497554675168324,-0.003697554675168324,0.4,0.0002,5,1.0,0.0
2017-10-20,-0.011462035532790528,-0.011462035532790528,0.0,0.0,5,1.0,0.0
2017-10-23,0.0012763464621390773,0.0010763464621390772,0.4,0.0002,5,1.0,0.0
2017-10-24,0.010858994284851509,0.010658994284851508,0.4,0.0002,5,1.0,0.0
2017-10-25,-0.008225501097199061,-0.008425501097199061,0.4,0.0002,5,1.0,0.0
2017-10-26,0.04342458813584274,0.04342458813584274,0.0,0.0,5,1.0,0.0
2017-10-27,0.004393918385592555,0.004193918385592556,0.4,0.0002,5,1.0,0.0
2017-10-30,0.022092273692652098,0.0218922736926521,0.4,0.0002,5,1.0,0.0
2017-10-31,-0.019618613942669238,-0.019818613942669237,0.4,0.0002,5,1.0,0.0
2017-11-01,0.047658923703943167,0.047658923703943167,0.0,0.0,5,1.0,0.0
2017-11-02,0.02945032416073153,0.02945032416073153,0.0,0.0,5,1.0,0.0
2017-11-03,-0.023809520701898658,-0.024009520701898657,0.4,0.0002,5,1.0,0.0
2017-11-06,-0.01442085105434474,-0.01442085105434474,0.0,0.0,5,1.0,0.0
2017-11-07,-0.022908406214420408,-0.023108406214420407,0.4,0.0002,5,1.0,0.0
2017-11-08,0.02115525108308929,0.02115525108308929,0.0,0.0,5,1.0,0.0
2017-11-09,0.047361316886372976,0.047361316886372976,0.0,0.0,5,1.0,0.0
2017-11-10,-0.034136152237187606,-0.034136152237187606,0.0,0.0,5,1.0,0.0
2017-11-13,-0.03533258583187742,-0.03533258583187742,0.0,0.0,5,1.0,0.0
2017-11-14,0.015009411503296,0.014809411503296,0.4,0.0002,5,1.0,0.0
2017-11-15,0.1048879123683177,0.1048879123683177,0.0,0.0,5,1.0,0.0
2017-11-16,-0.016007797172663783,-0.016207797172663782,0.4,0.0002,5,1.0,0.0
2017-11-17,0.030285334677842224,0.030285334677842224,0.0,0.0,5,1.0,0.0
2017-11-20,-0.004140194913549467,-0.004140194913549467,0.0,0.0,5,1.0,0.0
2017-11-21,0.017504333337709645,0.017304333337709647,0.4,0.0002,5,1.0,0.0
2017-11-22,-0.008474644797088371,-0.008474644797088371,0.0,0.0,5,1.0,0.0
2017-11-24,-0.010306586789485506,-0.010506586789485507,0.4,0.0002,5,1.0,0.0
2017-11-27,0.011526032144192656,0.011526032144192656,0.0,0.0,5,1.0,0.0
2017-11-28,-0.019128160134995412,-0.019128160134995412,0.0,0.0,5,1.0,0.0
2017-11-29,0.026084677027671657,0.02588467702767166,0.4,0.0002,5,1.0,0.0
2017-11-30,-0.010109448736331506,-0.010309448736331507,0.4,0.0002,5,1.0,0.0
2017-12-01,-0.051042473462900695,-0.051242473462900694,0.4,0.0002,5,1.0,0.0
2017-12-04,-0.02472732339142159,-0.024927323391421587,0.4,0.0002,5,1.0,0.0
2017-12-05,0.15311154984018716,0.15291154984018715,0.4,0.0002,5,1.0,0.0
2017-12-06,0.01205430698889167,0.01185430698889167,0.4,0.0002,5,1.0,0.0
2017-12-07,0.00024610371454156785,0.00024610371454156785,0.0,0.0,5,1.0,0.0
2017-12-08,-0.036235502657718736,-0.036435502657718735,0.4,0.0002,5,1.0,0.0
2017-12-11,-0.0031316762953606195,-0.0035316762953606197,0.8,0.0004,5,1.0,0.0
2017-12-12,0.03139411047869065,0.031194110478690654,0.4,0.0002,5,1.0,0.0
2017-12-13,-0.02012278654457074,-0.02012278654457074,0.0,0.0,5,1.0,0.0
2017-12-14,0.028094784808688947,0.027894784808688948,0.4,0.0002,5,1.0,0.0
2017-12-15,-0.005940936498064708,-0.006140936498064708,0.4,0.0002,5,1.0,0.0
2017-12-18,-0.0034130855862148923,-0.0036130855862148924,0.4,0.0002,5,1.0,0.0
2017-12-19,0.023110877203137783,0.022910877203137784,0.4,0.0002,5,1.0,0.0
2017-12-20,0.0020783771984469457,0.0018783771984469456,0.4,0.0002,5,1.0,0.0
2017-12-21,0.013142314320236914,0.012942314320236913,0.4,0.0002,5,1.0,0.0
2017-12-22,0.01128227122860952,0.01108227122860952,0.4,0.0002,5,1.0,0.0
2017-12-26,0.0014114795463882942,0.001211479546388294,0.4,0.0002,5,1.0,0.0
2017-12-27,0.013201005770676354,0.013001005770676354,0.4,0.0002,5,1.0,0.0
2017-12-28,-0.023975666720633226,-0.023975666720633226,0.0,0.0,5,1.0,0.0
2017-12-29,0.02263097842447084,0.02263097842447084,0.0,0.0,5,1.0,0.0
2018-01-02,0.02160381490072636,0.02160381490072636,0.0,0.0,5,1.0,0.0
2018-01-03,-0.004461921222396149,-0.004461921222396149,0.0,0.0,5,1.0,0.0
2018-01-04,-0.002554837346369254,-0.002754837346369254,0.4,0.0002,5,1.0,0.0
2018-01-05,-0.05524415770989517,-0.05544415770989517,0.4,0.0002,5,1.0,0.0
2018-01-08,0.0802930800527102,0.0800930800527102,0.4,0.0002,5,1.0,0.0
2018-01-09,0.014130312878416842,0.013930312878416841,0.4,0.0002,5,1.0,0.0
2018-01-10,0.030367837100935005,0.030167837100935006,0.4,0.0002,5,1.0,0.0
2018-01-11,0.05025402247528654,0.05025402247528654,0.0,0.0,5,1.0,0.0
2018-01-12,-0.03631661936401978,-0.03631661936401978,0.0,0.0,5,1.0,0.0
2018-01-16,0.02420090473497658,0.02420090473497658,0.0,0.0,5,1.0,0.0
2018-01-17,0.032517799610715444,0.032317799610715445,0.4,0.0002,5,1.0,0.0
2018-01-18,0.02217035581005109,0.02217035581005109,0.0,0.0,5,1.0,0.0
2018-01-19,0.03238301450970375,0.032183014509703754,0.4,0.0002,5,1.0,0.0
2018-01-22,0.011881597865055648,0.011881597865055648,0.0,0.0,5,1.0,0.0
2018-01-23,-0.018710490783779423,-0.018710490783779423,0.0,0.0,5,1.0,0.0
2018-01-24,0.008827068515418368,0.008827068515418368,0.0,0.0,5,1.0,0.0
2018-01-25,-0.008285248252570687,-0.008485248252570687,0.4,0.0002,5,1.0,0.0
2018-01-26,0.01960956915176415,0.01940956915176415,0.4,0.0002,5,1.0,0.0
2018-01-29,-0.0021908422046126065,-0.0023908422046126066,0.4,0.0002,5,1.0,0.0
2018-01-30,0.017140213529534678,0.017140213529534678,0.0,0.0,5,1.0,0.0
2018-01-31,0.02788817900464671,0.02788817900464671,0.0,0.0,5,1.0,0.0
2018-02-01,-0.014330645293919388,-0.014330645293919388,0.0,0.0,5,1.0,0.0
2018-02-02,-0.03315064617618002,-0.03315064617618002,0.0,0.0,5,1.0,0.0
2018-02-05,0.028742418615994005,0.028742418615994005,0.0,0.0,5,1.0,0.0
2018-02-06,-0.007784266590297207,-0.007984266590297207,0.4,0.0002,5,1.0,0.0
2018-02-07,-0.06670133234061883,-0.06690133234061883,0.4,0.0002,5,1.0,0.0
2018-02-08,-0.014435736859681782,-0.014635736859681782,0.4,0.0002,5,1.0,0.0
2018-02-09,0.040481801280857925,0.040481801280857925,0.0,0.0,5,1.0,0.0
2018-02-12,-0.006371707006670402,-0.006571707006670402,0.4,0.0002,5,1.0,0.0
2018-02-13,0.04098604872549152,0.04098604872549152,0.0,0.0,5,1.0,0.0
2018-02-14,0.004877381992774854,0.004877381992774854,0.0,0.0,5,1.0,0.0
2018-02-15,0.019838990947319647,0.019838990947319647,0.0,0.0,5,1.0,0.0
2018-02-16,-0.024831093342275224,-0.024831093342275224,0.0,0.0,5,1.0,0.0
2018-02-20,0.015016528086989835,0.014816528086989834,0.4,0.0002,5,1.0,0.0
2018-02-21,0.009809198321525936,0.009409198321525937,0.8,0.0004,5,1.0,0.0
2018-02-22,0.0018950565045837931,0.0018950565045837931,0.0,0.0,5,1.0,0.0
2018-02-23,-0.00029373951186111285,-0.0004937395118611128,0.4,0.0002,5,1.0,0.0
2018-02-26,-0.026188040158954554,-0.026188040158954554,0.0,0.0,5,1.0,0.0
2018-02-27,-0.015893159621817435,-0.015893159621817435,0.0,0.0,5,1.0,0.0
2018-02-28,-0.008214692073398734,-0.008414692073398735,0.4,0.0002,5,1.0,0.0
2018-03-01,0.04136734910434646,0.04116734910434646,0.4,0.0002,5,1.0,0.0
2018-03-02,0.02657340624061191,0.02637340624061191,0.4,0.0002,5,1.0,0.0
2018-03-05,-0.015256979456497356,-0.015256979456497356,0.0,0.0,5,1.0,0.0
2018-03-06,0.009566006363626482,0.009366006363626481,0.4,0.0002,5,1.0,0.0
2018-03-07,0.02671510978233081,0.02671510978233081,0.0,0.0,5,1.0,0.0
2018-03-08,0.043005376329576864,0.043005376329576864,0.0,0.0,5,1.0,0.0
2018-03-09,-0.014404644747582362,-0.014404644747582362,0.0,0.0,5,1.0,0.0
2018-03-12,-0.03183595610353518,-0.03183595610353518,0.0,0.0,5,1.0,0.0
2018-03-13,-0.027969059915255046,-0.028169059915255045,0.4,0.0002,5,1.0,0.0
2018-03-14,-0.02568473089848533,-0.02588473089848533,0.4,0.0002,5,1.0,0.0
2018-03-15,-0.005870825607232354,-0.005870825607232354,0.0,0.0,5,1.0,0.0
2018-03-16,0.01576553100260192,0.01576553100260192,0.0,0.0,5,1.0,0.0
2018-03-19,0.019888310794694823,0.019688310794694824,0.4,0.0002,5,1.0,0.0
2018-03-20,0.008798145796026648,0.008598145796026647,0.4,0.0002,5,1.0,0.0
2018-03-21,-0.03213668779849277,-0.03213668779849277,0.0,0.0,5,1.0,0.0
2018-03-22,-0.003205458821491837,-0.003405458821491837,0.4,0.0002,5,1.0,0.0
2018-03-23,0.019309529971775687,0.019309529971775687,0.0,0.0,5,1.0,0.0
2018-03-26,-0.042860899929636605,-0.043060899929636604,0.4,0.0002,5,1.0,0.0
2018-03-27,0.0029124181761125416,0.0027124181761125415,0.4,0.0002,5,1.0,0.0
2018-03-28,0.033947951610747484,0.033947951610747484,0.0,0.0,5,1.0,0.0
2018-03-29,-0.04701054118212804,-0.04701054118212804,0.0,0.0,5,1.0,0.0
2018-04-02,-0.009927530474548885,-0.009927530474548885,0.0,0.0,5,1.0,0.0
2018-04-03,0.019899946613287645,0.019899946613287645,0.0,0.0,5,1.0,0.0
2018-04-04,-0.026139199317896458,-0.026139199317896458,0.0,0.0,5,1.0,0.0
2018-04-05,-0.04950353499795635,-0.04970353499795635,0.4,0.0002,5,1.0,0.0
2018-04-06,0.04840304158111168,0.04840304158111168,0.0,0.0,5,1.0,0.0
2018-04-09,0.040256202867829986,0.040256202867829986,0.0,0.0,5,1.0,0.0
2018-04-10,0.017667312740187225,0.017667312740187225,0.0,0.0,5,1.0,0.0
2018-04-11,0.027900591184429318,0.027900591184429318,0.0,0.0,5,1.0,0.0
2018-04-12,-0.00974034803275201,-0.009940348032752011,0.4,0.0002,5,1.0,0.0
2018-04-13,-0.028558551193069964,-0.028758551193069963,0.4,0.0002,5,1.0,0.0
2018-04-16,0.017400459576570083,0.017400459576570083,0.0,0.0,5,1.0,0.0
2018-04-17,-0.004132248606393986,-0.004332248606393986,0.4,0.0002,5,1.0,0.0
2018-04-18,-0.004412250278659855,-0.004412250278659855,0.0,0.0,5,1.0,0.0
2018-04-19,0.009235681546647601,0.009235681546647601,0.0,0.0,5,1.0,0.0
2018-04-20,-0.006472268737718757,-0.006672268737718757,0.4,0.0002,5,1.0,0.0
2018-04-23,-0.03822923814441263,-0.03822923814441263,0.0,0.0,5,1.0,0.0
2018-04-24,0.011602697101776457,0.011402697101776457,0.4,0.0002,5,1.0,0.0
2018-04-25,0.026943879631030686,0.026943879631030686,0.0,0.0,5,1.0,0.0
2018-04-26,-0.0012147575798473922,-0.0012147575798473922,0.0,0.0,5,1.0,0.0
2018-04-27,-0.028968960705006055,-0.028968960705006055,0.0,0.0,5,1.0,0.0
2018-04-30,0.009051510391765438,0.009051510391765438,0.0,0.0,5,1.0,0.0
2018-05-01,0.06211552264050107,0.06211552264050107,0.0,0.0,5,1.0,0.0
2018-05-02,-0.0002055903899499602,-0.0004055903899499602,0.4,0.0002,5,1.0,0.0
2018-05-03,-0.026654229913557037,-0.026854229913557036,0.4,0.0002,5,1.0,0.0
2018-05-04,0.016013014383523764,0.015813014383523765,0.4,0.0002,5,1.0,0.0
2018-05-07,-0.0020183151227648457,-0.0020183151227648457,0.0,0.0,5,1.0,0.0
2018-05-08,0.02228403346257997,0.02228403346257997,0.0,0.0,5,1.0,0.0
2018-05-09,-0.019390265090505943,-0.019590265090505942,0.4,0.0002,5,1.0,0.0
2018-05-10,0.04477533816042354,0.04477533816042354,0.0,0.0,5,1.0,0.0
2018-05-11,0.04442091059878082,0.04422091059878082,0.4,0.0002,5,1.0,0.0
2018-05-14,0.007358765524239709,0.007358765524239709,0.0,0.0,5,1.0,0.0
2018-05-15,0.00815373183859669,0.00815373183859669,0.0,0.0,5,1.0,0.0
2018-05-16,-0.00887305379165888,-0.00887305379165888,0.0,0.0,5,1.0,0.0
2018-05-17,0.018574071554745022,0.018574071554745022,0.0,0.0,5,1.0,0.0
2018-05-18,-0.01206575471683851,-0.01226575471683851,0.4,0.0002,5,1.0,0.0
2018-05-21,0.008725902548118803,0.008525902548118802,0.4,0.0002,5,1.0,0.0
2018-05-22,0.006633459877669058,0.006633459877669058,0.0,0.0,5,1.0,0.0
2018-05-23,0.012525444369902949,0.012525444369902949,0.0,0.0,5,1.0,0.0
2018-05-24,0.006870048380491831,0.006870048380491831,0.0,0.0,5,1.0,0.0
2018-05-25,-0.0017498367983820973,-0.0017498367983820973,0.0,0.0,5,1.0,0.0
2018-05-29,0.010169973545889156,0.010169973545889156,0.0,0.0,5,1.0,0.0
2018-05-30,0.27668164900025255,0.27668164900025255,0.0,0.0,5,1.0,0.0
2018-05-31,0.011165885187199853,0.011165885187199853,0.0,0.0,5,1.0,0.0
2018-06-01,-0.020322500390650557,-0.020322500390650557,0.0,0.0,5,1.0,0.0
2018-06-04,0.022008900556170996,0.022008900556170996,0.0,0.0,5,1.0,0.0
2018-06-05,-0.0030092894704830883,-0.0032092894704830884,0.4,0.0002,5,1.0,0.0
2018-06-06,0.014577830330768229,0.014577830330768229,0.0,0.0,5,1.0,0.0
2018-06-07,-0.00816806880364409,-0.00816806880364409,0.0,0.0,5,1.0,0.0
2018-06-08,-0.00817769017341321,-0.00817769017341321,0.0,0.0,5,1.0,0.0
2018-06-11,0.009563147750910163,0.009563147750910163,0.0,0.0,5,1.0,0.0
2018-06-12,0.09710711942168034,0.09710711942168034,0.0,0.0,5,1.0,0.0
2018-06-13,0.03383288938451716,0.03363288938451716,0.4,0.0002,5,1.0,0.0
2018-06-14,-0.034556874287531805,-0.034756874287531804,0.4,0.0002,5,1.0,0.0
2018-06-15,0.06714050047321204,0.06694050047321204,0.4,0.0002,5,1.0,0.0
2018-06-18,0.009079863662553889,0.008879863662553888,0.4,0.0002,5,1.0,0.0
2018-06-19,-0.0006766117120633013,-0.0006766117120633013,0.0,0.0,5,1.0,0.0
2018-06-20,-0.005201951567656503,-0.005201951567656503,0.0,0.0,5,1.0,0.0
2018-06-21,0.00695740392618769,0.00695740392618769,0.0,0.0,5,1.0,0.0
2018-06-22,-0.008881101118226844,-0.008881101118226844,0.0,0.0,5,1.0,0.0
2018-06-25,0.022093319887807404,0.022093319887807404,0.0,0.0,5,1.0,0.0
2018-06-26,-0.0432854317712653,-0.0432854317712653,0.0,0.0,5,1.0,0.0
2018-06-27,0.005210436802428363,0.005210436802428363,0.0,0.0,5,1.0,0.0
2018-06-28,0.006899580363596814,0.006899580363596814,0.0,0.0,5,1.0,0.0
2018-06-29,0.04122771076974943,0.04122771076974943,0.0,0.0,5,1.0,0.0
2018-07-02,0.01136216217442574,0.01136216217442574,0.0,0.0,5,1.0,0.0
2018-07-03,0.012350818001319099,0.012350818001319099,0.0,0.0,5,1.0,0.0
2018-07-05,0.01618435704823087,0.01618435704823087,0.0,0.0,5,1.0,0.0
2018-07-06,0.02066507766186243,0.02066507766186243,0.0,0.0,5,1.0,0.0
2018-07-09,-0.021179326699660272,-0.02137932669966027,0.4,0.0002,5,1.0,0.0
2018-07-10,-0.00780914112946507,-0.00780914112946507,0.0,0.0,5,1.0,0.0
2018-07-11,-0.0003768751722851736,-0.0003768751722851736,0.0,0.0,5,1.0,0.0
2018-07-12,0.009159297654876398,0.009159297654876398,0.0,0.0,5,1.0,0.0
2018-07-13,-0.019339725239302073,-0.019339725239302073,0.0,0.0,5,1.0,0.0
2018-07-16,0.01556942161073338,0.01536942161073338,0.4,0.0002,5,1.0,0.0
2018-07-17,0.0069131146022763275,0.0069131146022763275,0.0,0.0,5,1.0,0.0
2018-07-18,0.009154029756007676,0.009154029756007676,0.0,0.0,5,1.0,0.0
2018-07-19,0.0029959475901535342,0.0029959475901535342,0.0,0.0,5,1.0,0.0
2018-07-20,-0.002703163791376806,-0.002703163791376806,0.0,0.0,5,1.0,0.0
2018-07-23,-0.022481977639456988,-0.022481977639456988,0.0,0.0,5,1.0,0.0
2018-07-24,0.011834531831695985,0.011834531831695985,0.0,0.0,5,1.0,0.0
2018-07-25,0.007840756118838966,0.007840756118838966,0.0,0.0,5,1.0,0.0
2018-07-26,-0.04973736466697454,-0.04973736466697454,0.0,0.0,5,1.0,0.0
2018-07-27,-0.03330253422338969,-0.03350253422338969,0.4,0.0002,5,1.0,0.0
2018-07-30,-0.06320957493925035,-0.06340957493925035,0.4,0.0002,5,1.0,0.0
2018-07-31,0.015734843211360316,0.015734843211360316,0.0,0.0,5,1.0,0.0
2018-08-01,0.032906784106738,0.032906784106738,0.0,0.0,5,1.0,0.0
2018-08-02,-0.03192719058194105,-0.03192719058194105,0.0,0.0,5,1.0,0.0
2018-08-03,0.006922615320701375,0.006922615320701375,0.0,0.0,5,1.0,0.0
2018-08-06,0.022031762760894358,0.022031762760894358,0.0,0.0,5,1.0,0.0
2018-08-07,0.0038314305041169832,0.0038314305041169832,0.0,0.0,5,1.0,0.0
2018-08-08,0.01640045076651788,0.01640045076651788,0.0,0.0,5,1.0,0.0
2018-08-09,0.004744428106104115,0.004744428106104115,0.0,0.0,5,1.0,0.0
2018-08-10,-0.016685001414551315,-0.016685001414551315,0.0,0.0,5,1.0,0.0
2018-08-13,-0.012324652765954958,-0.012324652765954958,0.0,0.0,5,1.0,0.0
2018-08-14,-0.03635288918346944,-0.03635288918346944,0.0,0.0,5,1.0,0.0
2018-08-15,0.013140883267128079,0.013140883267128079,0.0,0.0,5,1.0,0.0
2018-08-16,-0.0007988569028795295,-0.0007988569028795295,0.0,0.0,5,1.0,0.0
2018-08-17,-0.007046385538534384,-0.007046385538534384,0.0,0.0,5,1.0,0.0
2018-08-20,0.018339892596730634,0.018339892596730634,0.0,0.0,5,1.0,0.0
2018-08-21,0.0243271850289192,0.0243271850289192,0.0,0.0,5,1.0,0.0
2018-08-22,-0.0007640917315329789,-0.0007640917315329789,0.0,0.0,5,1.0,0.0
2018-08-23,0.005369405910799619,0.005369405910799619,0.0,0.0,5,1.0,0.0
2018-08-24,-0.0035562363013988303,-0.0035562363013988303,0.0,0.0,5,1.0,0.0
2018-08-27,0.010762640201158247,0.010562640201158246,0.4,0.0002,5,1.0,0.0
2018-08-28,0.007730158527235819,0.007730158527235819,0.0,0.0,5,1.0,0.0
2018-08-29,-0.021875210298431647,-0.021875210298431647,0.0,0.0,5,1.0,0.0
2018-08-30,0.012205385163675753,0.012205385163675753,0.0,0.0,5,1.0,0.0
2018-08-31,0.006610471678592278,0.006610471678592278,0.0,0.0,5,1.0,0.0
2018-09-04,-0.03296238028265146,-0.03296238028265146,0.0,0.0,5,1.0,0.0
2018-09-05,0.03520411007444903,0.03520411007444903,0.0,0.0,5,1.0,0.0
2018-09-06,0.014486451826751857,0.014486451826751857,0.0,0.0,5,1.0,0.0
2018-09-07,0.010559087889966222,0.010559087889966222,0.0,0.0,5,1.0,0.0
2018-09-10,0.004887271370763836,0.004887271370763836,0.0,0.0,5,1.0,0.0
2018-09-11,-0.011382535425395092,-0.011382535425395092,0.0,0.0,5,1.0,0.0
2018-09-12,-0.019657112572132804,-0.019657112572132804,0.0,0.0,5,1.0,0.0
2018-09-13,0.011881100555665604,0.011681100555665604,0.4,0.0002,5,1.0,0.0
2018-09-14,-0.01480517439487712,-0.01480517439487712,0.0,0.0,5,1.0,0.0
2018-09-17,-0.01256251096350667,-0.01276251096350667,0.4,0.0002,5,1.0,0.0
2018-09-18,-0.0021723353672127733,-0.0023723353672127734,0.4,0.0002,5,1.0,0.0
2018-09-19,0.0186794152228063,0.0186794152228063,0.0,0.0,5,1.0,0.0
2018-09-20,-0.025541272618705473,-0.025541272618705473,0.0,0.0,5,1.0,0.0
2018-09-21,0.024281510282140407,0.024281510282140407,0.0,0.0,5,1.0,0.0
2018-09-24,-0.00027131688718693477,-0.00027131688718693477,0.0,0.0,5,1.0,0.0
2018-09-25,-0.03900142405819754,-0.03900142405819754,0.0,0.0,5,1.0,0.0
2018-09-26,-0.008782013264949297,-0.008782013264949297,0.0,0.0,5,1.0,0.0
2018-09-27,-0.009370709860415237,-0.009370709860415237,0.0,0.0,5,1.0,0.0
2018-09-28,-0.007916445459652154,-0.007916445459652154,0.0,0.0,5,1.0,0.0
2018-10-01,-0.01187766581721392,-0.01187766581721392,0.0,0.0,5,1.0,0.0
2018-10-02,-0.006152290603966471,-0.006152290603966471,0.0,0.0,5,1.0,0.0
2018-10-03,-0.05364293057509906,-0.05364293057509906,0.0,0.0,5,1.0,0.0
2018-10-04,-0.011799019306166182,-0.011799019306166182,0.0,0.0,5,1.0,0.0
2018-10-05,-0.03243215468327987,-0.03263215468327987,0.4,0.0002,5,1.0,0.0
2018-10-08,-0.016418757722361812,-0.016418757722361812,0.0,0.0,5,1.0,0.0
2018-10-09,-0.05582060018879729,-0.05582060018879729,0.0,0.0,5,1.0,0.0
2018-10-10,-0.006038880752275433,-0.006038880752275433,0.0,0.0,5,1.0,0.0
2018-10-11,0.039275837618843665,0.039275837618843665,0.0,0.0,5,1.0,0.0
2018-10-12,-0.025564335322658695,-0.025564335322658695,0.0,0.0,5,1.0,0.0
2018-10-15,0.06194000053372193,0.06174000053372193,0.4,0.0002,5,1.0,0.0
2018-10-16,-0.024330000034139522,-0.02453000003413952,0.4,0.0002,5,1.0,0.0
2018-10-17,-0.03283242540044154,-0.03283242540044154,0.0,0.0,5,1.0,0.0
2018-10-18,-0.042214907869445,-0.042214907869445,0.0,0.0,5,1.0,0.0
2018-10-19,-0.019236963363076856,-0.019236963363076856,0.0,0.0,5,1.0,0.0
2018-10-22,0.024064760633115714,0.024064760633115714,0.0,0.0,5,1.0,0.0
2018-10-23,-0.10218330559518385,-0.10218330559518385,0.0,0.0,5,1.0,0.0
2018-10-24,0.057455565324413545,0.057455565324413545,0.0,0.0,5,1.0,0.0
2018-10-25,-0.0017271485916517948,-0.0017271485916517948,0.0,0.0,5,1.0,0.0
2018-10-26,-0.02317162948767091,-0.02317162948767091,0.0,0.0,5,1.0,0.0
2018-10-29,0.016864670040816886,0.016664670040816888,0.4,0.0002,5,1.0,0.0
2018-10-30,0.031077674871073137,0.031077674871073137,0.0,0.0,5,1.0,0.0
2018-10-31,0.07334045101935126,0.07334045101935126,0.0,0.0,5,1.0,0.0
2018-11-01,0.009886954766645292,0.009686954766645292,0.4,0.0002,5,1.0,0.0
2018-11-02,-0.012305649425515907,-0.012505649425515908,0.4,0.0002,5,1.0,0.0
2018-11-05,0.006132530536170399,0.006132530536170399,0.0,0.0,5,1.0,0.0
2018-11-06,0.022049391948105068,0.022049391948105068,0.0,0.0,5,1.0,0.0
2018-11-07,-0.08312841609873789,-0.08312841609873789,0.0,0.0,5,1.0,0.0
2018-11-08,-0.031924944007717795,-0.031924944007717795,0.0,0.0,5,1.0,0.0
2018-11-09,-0.05489518413170538,-0.05509518413170538,0.4,0.0002,5,1.0,0.0
2018-11-12,-0.03251472624242745,-0.032714726242427446,0.4,0.0002,5,1.0,0.0
2018-11-13,-0.022941557820366377,-0.022941557820366377,0.0,0.0,5,1.0,0.0
2018-11-14,0.01707282494507345,0.01687282494507345,0.4,0.0002,5,1.0,0.0
2018-11-15,-0.013775372511979446,-0.013975372511979446,0.4,0.0002,5,1.0,0.0
2018-11-16,-0.06407843813811394,-0.06427843813811394,0.4,0.0002,5,1.0,0.0
2018-11-19,-0.01865057120160687,-0.01865057120160687,0.0,0.0,5,1.0,0.0
2018-11-20,0.0304352401094036,0.0304352401094036,0.0,0.0,5,1.0,0.0
2018-11-21,0.002607390812375333,0.002607390812375333,0.0,0.0,5,1.0,0.0
2018-11-23,0.02690151986394105,0.02690151986394105,0.0,0.0,5,1.0,0.0
2018-11-26,-0.015369499882424597,-0.015569499882424597,0.4,0.0002,5,1.0,0.0
2018-11-27,0.04671029165526721,0.04631029165526721,0.8,0.0004,5,1.0,0.0
2018-11-28,-0.0027795738590981065,-0.0029795738590981066,0.4,0.0002,5,1.0,0.0
2018-11-29,0.006672248313097585,0.006672248313097585,0.0,0.0,5,1.0,0.0
2018-11-30,0.027416465702818506,0.027416465702818506,0.0,0.0,5,1.0,0.0
2018-12-03,-0.043160490668785606,-0.043360490668785605,0.4,0.0002,5,1.0,0.0
2018-12-04,0.026294679521568325,0.026094679521568326,0.4,0.0002,5,1.0,0.0
2018-12-06,-0.0521566216220265,-0.0523566216220265,0.4,0.0002,5,1.0,0.0
2018-12-07,0.003717147234953023,0.0035171472349530227,0.4,0.0002,5,1.0,0.0
2018-12-10,0.01084969518797343,0.01064969518797343,0.4,0.0002,5,1.0,0.0
2018-12-11,0.052756983036478744,0.052556983036478745,0.4,0.0002,5,1.0,0.0
2018-12-12,-0.016157947158018573,-0.01635794715801857,0.4,0.0002,5,1.0,0.0
2018-12-13,-0.0196176033098916,-0.0196176033098916,0.0,0.0,5,1.0,0.0
2018-12-14,-0.06032064165520153,-0.06052064165520153,0.4,0.0002,5,1.0,0.0
2018-12-17,-0.004054497975664929,-0.004054497975664929,0.0,0.0,5,1.0,0.0
2018-12-18,-0.0060031550503912845,-0.0060031550503912845,0.0,0.0,5,1.0,0.0
2018-12-19,-0.04768516904604185,-0.04768516904604185,0.0,0.0,5,1.0,0.0
2018-12-20,-0.07603883066802386,-0.07623883066802387,0.4,0.0002,5,1.0,0.0
2018-12-21,-0.019550545615588246,-0.019550545615588246,0.0,0.0,5,1.0,0.0
2018-12-24,0.09873316405170929,0.09853316405170928,0.4,0.0002,5,1.0,0.0
2018-12-26,0.019566617281612953,0.019566617281612953,0.0,0.0,5,1.0,0.0
2018-12-27,-0.011131456234968074,-0.011331456234968075,0.4,0.0002,5,1.0,0.0
2018-12-28,0.027713662263320858,0.02751366226332086,0.4,0.0002,5,1.0,0.0
2018-12-31,-0.005222194141251224,-0.005222194141251224,0.0,0.0,5,1.0,0.0
2019-01-02,-0.05511258040120776,-0.05511258040120776,0.0,0.0,5,1.0,0.0
2019-01-03,0.08332228082375209,0.08332228082375209,0.0,0.0,5,1.0,0.0
2019-01-04,0.06167128067149875,0.06167128067149875,0.0,0.0,5,1.0,0.0
2019-01-07,0.03136419404268338,0.03136419404268338,0.0,0.0,5,1.0,0.0
2019-01-08,-0.009290888619238994,-0.009290888619238994,0.0,0.0,5,1.0,0.0
2019-01-09,-0.027620465658548785,-0.027620465658548785,0.0,0.0,5,1.0,0.0
2019-01-10,-0.0031501021416396433,-0.0031501021416396433,0.0,0.0,5,1.0,0.0
2019-01-11,-0.007054282907208687,-0.007054282907208687,0.0,0.0,5,1.0,0.0
2019-01-14,0.03612022395732169,0.03612022395732169,0.0,0.0,5,1.0,0.0
2019-01-15,-0.010003453826658992,-0.010203453826658992,0.4,0.0002,5,1.0,0.0
2019-01-16,0.020068574957094708,0.01986857495709471,0.4,0.0002,5,1.0,0.0
2019-01-17,0.023590611272403805,0.023390611272403806,0.4,0.0002,5,1.0,0.0
2019-01-18,-0.022315864835088114,-0.022315864835088114,0.0,0.0,5,1.0,0.0
2019-01-22,0.007196986582739151,0.007196986582739151,0.0,0.0,5,1.0,0.0
2019-01-23,0.011015284384757119,0.011015284384757119,0.0,0.0,5,1.0,0.0
2019-01-24,0.018811018434397385,0.018611018434397386,0.4,0.0002,5,1.0,0.0
2019-01-25,0.00158373710161901,0.00138373710161901,0.4,0.0002,5,1.0,0.0
2019-01-28,-0.009733624050650369,-0.009733624050650369,0.0,0.0,5,1.0,0.0
2019-01-29,0.024216470313730778,0.024216470313730778,0.0,0.0,5,1.0,0.0
2019-01-30,0.03131377671017215,0.03131377671017215,0.0,0.0,5,1.0,0.0
2019-01-31,0.004219050402195679,0.004019050402195679,0.4,0.0002,5,1.0,0.0
2019-02-01,0.014036106140610929,0.014036106140610929,0.0,0.0,5,1.0,0.0
2019-02-04,0.013346351014325198,0.013346351014325198,0.0,0.0,5,1.0,0.0
2019-02-05,-0.030505344031367204,-0.030505344031367204,0.0,0.0,5,1.0,0.0
2019-02-06,-0.020230285919145042,-0.02043028591914504,0.4,0.0002,5,1.0,0.0
2019-02-07,0.016352400953256453,0.016352400953256453,0.0,0.0,5,1.0,0.0
2019-02-08,0.01449805755919882,0.01449805755919882,0.0,0.0,5,1.0,0.0
2019-02-11,0.014992308433602908,0.014992308433602908,0.0,0.0,5,1.0,0.0
2019-02-12,-0.02394719872595508,-0.02394719872595508,0.0,0.0,5,1.0,0.0
2019-02-13,0.002640769521415321,0.002640769521415321,0.0,0.0,5,1.0,0.0
2019-02-14,0.013074306875938337,0.013074306875938337,0.0,0.0,5,1.0,0.0
2019-02-15,0.0008432162999318044,0.0006432162999318044,0.4,0.0002,5,1.0,0.0
2019-02-19,-0.010480274603228378,-0.010480274603228378,0.0,0.0,5,1.0,0.0
2019-02-20,-0.010731187187137302,-0.010931187187137302,0.4,0.0002,5,1.0,0.0
2019-02-21,0.022792233345131523,0.02239223334513152,0.8,0.0004,5,1.0,0.0
2019-02-22,0.018141702160361952,0.017941702160361953,0.4,0.0002,5,1.0,0.0
2019-02-25,-0.022651068049448653,-0.022651068049448653,0.0,0.0,5,1.0,0.0
2019-02-26,0.024273883338740608,0.02407388333874061,0.4,0.0002,5,1.0,0.0
2019-02-27,-0.005585774345546701,-0.005585774345546701,0.0,0.0,5,1.0,0.0
2019-02-28,0.012512557290004712,0.012512557290004712,0.0,0.0,5,1.0,0.0
2019-03-01,-0.025184557434842273,-0.025584557434842274,0.8,0.0004,5,1.0,0.0
2019-03-04,0.025790795461150727,0.025590795461150728,0.4,0.0002,5,1.0,0.0
2019-03-05,-0.009246819330063348,-0.009246819330063348,0.0,0.0,5,1.0,0.0
2019-03-06,0.012618489943856682,0.012618489943856682,0.0,0.0,5,1.0,0.0
2019-03-07,0.02416959838765167,0.023969598387651673,0.4,0.0002,5,1.0,0.0
2019-03-08,0.03228944351568313,0.03208944351568313,0.4,0.0002,5,1.0,0.0
2019-03-11,0.02105341449225038,0.02105341449225038,0.0,0.0,5,1.0,0.0
2019-03-12,0.0029143026207645536,0.0029143026207645536,0.0,0.0,5,1.0,0.0
2019-03-13,0.058039012513114746,0.058039012513114746,0.0,0.0,5,1.0,0.0
2019-03-14,0.001417624052249166,0.001417624052249166,0.0,0.0,5,1.0,0.0
2019-03-15,0.022947277667575518,0.02274727766757552,0.4,0.0002,5,1.0,0.0
2019-03-18,0.040984417283950636,0.040984417283950636,0.0,0.0,5,1.0,0.0
2019-03-19,-0.005262677819671469,-0.005462677819671469,0.4,0.0002,5,1.0,0.0
2019-03-20,0.0524158812357443,0.0524158812357443,0.0,0.0,5,1.0,0.0
2019-03-21,-0.022509515583322925,-0.022509515583322925,0.0,0.0,5,1.0,0.0
2019-03-22,0.0418235293201235,0.0418235293201235,0.0,0.0,5,1.0,0.0
2019-03-25,-0.03404899609657799,-0.03404899609657799,0.0,0.0,5,1.0,0.0
2019-03-26,-0.016910055170385352,-0.01711005517038535,0.4,0.0002,5,1.0,0.0
2019-03-27,-0.011948751519211,-0.012148751519211,0.4,0.0002,5,1.0,0.0
2019-03-28,0.021603260489855728,0.021203260489855727,0.8,0.0004,5,1.0,0.0
2019-03-29,-0.009871166355983618,-0.010071166355983619,0.4,0.0002,5,1.0,0.0
2019-04-01,0.016083234269137138,0.01588323426913714,0.4,0.0002,5,1.0,0.0
2019-04-02,0.007302449229077568,0.007102449229077568,0.4,0.0002,5,1.0,0.0
2019-04-03,-0.016203789486776143,-0.016203789486776143,0.0,0.0,5,1.0,0.0
2019-04-04,0.00800625063557774,0.007606250635577739,0.8,0.0004,5,1.0,0.0
2019-04-05,0.005076201800085678,0.004876201800085678,0.4,0.0002,5,1.0,0.0
2019-04-08,-0.017773333906392175,-0.017973333906392174,0.4,0.0002,5,1.0,0.0
2019-04-09,0.01934426904751594,0.01914426904751594,0.4,0.0002,5,1.0,0.0
2019-04-10,-0.020711952524085378,-0.020911952524085377,0.4,0.0002,5,1.0,0.0
2019-04-11,-0.012501141162216655,-0.012701141162216656,0.4,0.0002,5,1.0,0.0
2019-04-12,0.020597800528830625,0.020197800528830624,0.8,0.0004,5,1.0,0.0
2019-04-15,0.004937118053023701,0.004937118053023701,0.0,0.0,5,1.0,0.0
2019-04-16,-0.024556389274050728,-0.024756389274050727,0.4,0.0002,5,1.0,0.0
2019-04-17,-0.01270594941006038,-0.012905949410060381,0.4,0.0002,5,1.0,0.0
2019-04-18,0.03536699512736359,0.03536699512736359,0.0,0.0,5,1.0,0.0
2019-04-22,0.026481029101616455,0.026281029101616456,0.4,0.0002,5,1.0,0.0
2019-04-23,-0.0043438233307168785,-0.0043438233307168785,0.0,0.0,5,1.0,0.0
2019-04-24,0.025894450389989433,0.025894450389989433,0.0,0.0,5,1.0,0.0
2019-04-25,0.016942906074540458,0.016942906074540458,0.0,0.0,5,1.0,0.0
2019-04-26,0.016629565544054904,0.016429565544054905,0.4,0.0002,5,1.0,0.0
2019-04-29,0.0009928855263546367,0.0007928855263546368,0.4,0.0002,5,1.0,0.0
2019-04-30,-0.026207104226392164,-0.026207104226392164,0.0,0.0,5,1.0,0.0
2019-05-01,0.0230515531437838,0.0230515531437838,0.0,0.0,5,1.0,0.0
2019-05-02,0.016440004364889016,0.016240004364889017,0.4,0.0002,5,1.0,0.0
2019-05-03,0.012183663855548657,0.011983663855548657,0.4,0.0002,5,1.0,0.0
2019-05-06,-0.017398539750283583,-0.017398539750283583,0.0,0.0,5,1.0,0.0
2019-05-07,0.011615709720527835,0.011415709720527835,0.4,0.0002,5,1.0,0.0
2019-05-08,-0.025941308007604434,-0.026141308007604433,0.4,0.0002,5,1.0,0.0
2019-05-09,0.008712249472165402,0.008712249472165402,0.0,0.0,5,1.0,0.0
2019-05-10,-0.03726765571332507,-0.03746765571332507,0.4,0.0002,5,1.0,0.0
2019-05-13,0.03526168935531522,0.03526168935531522,0.0,0.0,5,1.0,0.0
2019-05-14,0.04223528553920408,0.04203528553920408,0.4,0.0002,5,1.0,0.0
2019-05-15,0.025150818804560826,0.024950818804560827,0.4,0.0002,5,1.0,0.0
2019-05-16,-0.030773892085308827,-0.030973892085308825,0.4,0.0002,5,1.0,0.0
2019-05-17,-0.01901852289727848,-0.01901852289727848,0.0,0.0,5,1.0,0.0
2019-05-20,0.02400288168855263,0.02400288168855263,0.0,0.0,5,1.0,0.0
2019-05-21,0.0033428698565875392,0.0033428698565875392,0.0,0.0,5,1.0,0.0
2019-05-22,-0.029482857885588288,-0.029682857885588287,0.4,0.0002,5,1.0,0.0
2019-05-23,0.019240720523354196,0.019040720523354197,0.4,0.0002,5,1.0,0.0
2019-05-24,0.020591932555888672,0.020391932555888673,0.4,0.0002,5,1.0,0.0
2019-05-28,-0.014458341592635418,-0.014658341592635418,0.4,0.0002,5,1.0,0.0
2019-05-29,0.00803748750482609,0.00783748750482609,0.4,0.0002,5,1.0,0.0
2019-05-30,-0.019167935357812027,-0.019367935357812026,0.4,0.0002,5,1.0,0.0
2019-05-31,-0.0185661249306742,-0.0185661249306742,0.0,0.0,5,1.0,0.0
2019-06-03,0.03445410220863132,0.03405410220863132,0.8,0.0004,5,1.0,0.0
2019-06-04,0.004416993000076784,0.004416993000076784,0.0,0.0,5,1.0,0.0
2019-06-05,0.012033510170102544,0.011833510170102543,0.4,0.0002,5,1.0,0.0
2019-06-06,0.042046763234172245,0.041846763234172246,0.4,0.0002,5,1.0,0.0
2019-06-07,0.00284961920565825,0.00284961920565825,0.0,0.0,5,1.0,0.0
2019-06-10,0.0015543587549998951,0.0015543587549998951,0.0,0.0,5,1.0,0.0
2019-06-11,0.004362162578951145,0.004362162578951145,0.0,0.0,5,1.0,0.0
2019-06-12,0.014311356748675076,0.014311356748675076,0.0,0.0,5,1.0,0.0
2019-06-13,-0.020523610219031863,-0.020723610219031862,0.4,0.0002,5,1.0,0.0
2019-06-14,0.01292100647486558,0.012721006474865579,0.4,0.0002,5,1.0,0.0
2019-06-17,0.019743943111667737,0.01954394311166774,0.4,0.0002,5,1.0,0.0
2019-06-18,0.02170041205081512,0.021500412050815123,0.4,0.0002,5,1.0,0.0
2019-06-19,-0.00018606954013773431,-0.0003860695401377343,0.4,0.0002,5,1.0,0.0
2019-06-20,-0.025725927531291083,-0.025725927531291083,0.0,0.0,5,1.0,0.0
2019-06-21,-0.01717835229764131,-0.017378352297641307,0.4,0.0002,5,1.0,0.0
2019-06-24,-0.03300594782571693,-0.03320594782571693,0.4,0.0002,5,1.0,0.0
2019-06-25,-0.007013139180459628,-0.007013139180459628,0.0,0.0,5,1.0,0.0
2019-06-26,0.04501933969662599,0.04481933969662599,0.4,0.0002,5,1.0,0.0
2019-06-27,0.0019196455124216097,0.0019196455124216097,0.0,0.0,5,1.0,0.0
2019-06-28,0.003323092204117018,0.003323092204117018,0.0,0.0,5,1.0,0.0
2019-07-01,0.02233771161573235,0.02233771161573235,0.0,0.0,5,1.0,0.0
2019-07-02,0.0036600835024679593,0.0034600835024679592,0.4,0.0002,5,1.0,0.0
2019-07-03,0.02314683198956662,0.02294683198956662,0.4,0.0002,5,1.0,0.0
2019-07-05,0.019570316105047825,0.019370316105047827,0.4,0.0002,5,1.0,0.0
2019-07-08,0.001651188416781557,0.001651188416781557,0.0,0.0,5,1.0,0.0
2019-07-09,-0.011784524150964804,-0.011784524150964804,0.0,0.0,5,1.0,0.0
2019-07-10,-0.0021731312694175386,-0.0021731312694175386,0.0,0.0,5,1.0,0.0
2019-07-11,-0.001454819914110561,-0.0016548199141105612,0.4,0.0002,5,1.0,0.0
2019-07-12,0.0028182560759072886,0.0026182560759072885,0.4,0.0002,5,1.0,0.0
2019-07-15,0.0002481682571321194,4.8168257132119406e-05,0.4,0.0002,5,1.0,0.0
2019-07-16,0.00804028407912416,0.00804028407912416,0.0,0.0,5,1.0,0.0
2019-07-17,0.007409878796467418,0.007409878796467418,0.0,0.0,5,1.0,0.0
2019-07-18,-0.004953823013422887,-0.004953823013422887,0.0,0.0,5,1.0,0.0
2019-07-19,0.02138839973098381,0.02138839973098381,0.0,0.0,5,1.0,0.0
2019-07-22,-0.028546378138613427,-0.028546378138613427,0.0,0.0,5,1.0,0.0
2019-07-23,0.004927778236169367,0.004727778236169367,0.4,0.0002,5,1.0,0.0
2019-07-24,0.002066127598893575,0.002066127598893575,0.0,0.0,5,1.0,0.0
2019-07-25,0.042213653077863095,0.042213653077863095,0.0,0.0,5,1.0,0.0
2019-07-26,-0.028677852894864377,-0.028677852894864377,0.0,0.0,5,1.0,0.0
2019-07-29,0.008606578201723414,0.008406578201723414,0.4,0.0002,5,1.0,0.0
2019-07-30,0.05505811632792315,0.05505811632792315,0.0,0.0,5,1.0,0.0
2019-07-31,0.023162875139616897,0.023162875139616897,0.0,0.0,5,1.0,0.0
2019-08-01,-0.0008770321000186603,-0.0012770321000186602,0.8,0.0004,5,1.0,0.0
2019-08-02,-0.05575266567773571,-0.05575266567773571,0.0,0.0,5,1.0,0.0
2019-08-05,0.01172461805952716,0.01152461805952716,0.4,0.0002,5,1.0,0.0
2019-08-06,0.0262238845649756,0.0260238845649756,0.4,0.0002,5,1.0,0.0
2019-08-07,0.03855517158939721,0.03835517158939721,0.4,0.0002,5,1.0,0.0
2019-08-08,-0.002094488876478651,-0.0022944888764786513,0.4,0.0002,5,1.0,0.0
2019-08-09,-0.036721451900179766,-0.036721451900179766,0.0,0.0,5,1.0,0.0
2019-08-12,0.039543767777808325,0.039543767777808325,0.0,0.0,5,1.0,0.0
2019-08-13,-0.04725095410255675,-0.04745095410255675,0.4,0.0002,5,1.0,0.0
2019-08-14,-0.026021232790836707,-0.026221232790836706,0.4,0.0002,5,1.0,0.0
2019-08-15,0.035765318810873505,0.035565318810873506,0.4,0.0002,5,1.0,0.0
2019-08-16,0.004281754387740342,0.004081754387740342,0.4,0.0002,5,1.0,0.0
2019-08-19,-0.013199558415917514,-0.013399558415917515,0.4,0.0002,5,1.0,0.0
2019-08-20,0.017245865354815294,0.017045865354815296,0.4,0.0002,5,1.0,0.0
2019-08-21,-0.02468667263448881,-0.02468667263448881,0.0,0.0,5,1.0,0.0
2019-08-22,-0.019629011962829804,-0.019629011962829804,0.0,0.0,5,1.0,0.0
2019-08-23,0.018398175538385075,0.018398175538385075,0.0,0.0,5,1.0,0.0
2019-08-26,-0.014385016120603097,-0.014385016120603097,0.0,0.0,5,1.0,0.0
2019-08-27,0.017807604203827987,0.017607604203827988,0.4,0.0002,5,1.0,0.0
2019-08-28,0.002196281087167695,0.002196281087167695,0.0,0.0,5,1.0,0.0
2019-08-29,-0.005826955989867621,-0.006026955989867621,0.4,0.0002,5,1.0,0.0
2019-08-30,-0.03357628297886392,-0.03397628297886392,0.8,0.0004,5,1.0,0.0
2019-09-03,0.03274351338656137,0.03234351338656137,0.8,0.0004,5,1.0,0.0
2019-09-04,-0.0189610768008887,-0.0193610768008887,0.8,0.0004,5,1.0,0.0
2019-09-05,-0.0028580100587057844,-0.0028580100587057844,0.0,0.0,5,1.0,0.0
2019-09-06,-0.036345891389144416,-0.036545891389144415,0.4,0.0002,5,1.0,0.0
2019-09-09,-0.020436182298491867,-0.020636182298491866,0.4,0.0002,5,1.0,0.0
2019-09-10,0.039314022008563626,0.03911402200856363,0.4,0.0002,5,1.0,0.0
2019-09-11,-0.0010736773429416177,-0.0012736773429416178,0.4,0.0002,5,1.0,0.0
2019-09-12,-0.008403788084726284,-0.008603788084726284,0.4,0.0002,5,1.0,0.0
2019-09-13,0.017962594950995833,0.017762594950995834,0.4,0.0002,5,1.0,0.0
2019-09-16,0.030262753101045006,0.030062753101045007,0.4,0.0002,5,1.0,0.0
2019-09-17,-0.008691864394191407,-0.008891864394191408,0.4,0.0002,5,1.0,0.0
2019-09-18,0.007284053465770657,0.006884053465770657,0.8,0.0004,5,1.0,0.0
2019-09-19,0.007770707244355091,0.007370707244355091,0.8,0.0004,5,1.0,0.0
2019-09-20,-0.013881449892134867,-0.014281449892134866,0.8,0.0004,5,1.0,0.0
2019-09-23,-0.036103362427292715,-0.036303362427292714,0.4,0.0002,5,1.0,0.0
2019-09-24,0.008850007284323747,0.008650007284323746,0.4,0.0002,5,1.0,0.0
2019-09-25,-0.025088510621724017,-0.025288510621724016,0.4,0.0002,5,1.0,0.0
2019-09-26,-0.05819086016148406,-0.05839086016148406,0.4,0.0002,5,1.0,0.0
2019-09-27,-0.024029315136770493,-0.024229315136770492,0.4,0.0002,5,1.0,0.0
2019-09-30,-0.030055839797726806,-0.030055839797726806,0.0,0.0,5,1.0,0.0
2019-10-01,0.015491470122351175,0.015091470122351175,0.8,0.0004,5,1.0,0.0
2019-10-02,0.007220764317345285,0.007020764317345285,0.4,0.0002,5,1.0,0.0
2019-10-03,0.007472860124750148,0.006872860124750148,1.2000000000000002,0.0006000000000000001,5,1.0,0.0
2019-10-04,0.007740656709456541,0.007740656709456541,0.0,0.0,5,1.0,0.0
2019-10-07,-0.015037695162211697,-0.015037695162211697,0.0,0.0,5,1.0,0.0
2019-10-08,0.015821469737050366,0.015621469737050366,0.4,0.0002,5,1.0,0.0
2019-10-09,0.005075328875180274,0.005075328875180274,0.0,0.0,5,1.0,0.0
2019-10-10,0.020214601710411475,0.020014601710411476,0.4,0.0002,5,1.0,0.0
2019-10-11,0.009878486781294259,0.009878486781294259,0.0,0.0,5,1.0,0.0
2019-10-14,0.05061429949050482,0.05061429949050482,0.0,0.0,5,1.0,0.0
2019-10-15,0.0051899622169723,0.0049899622169723,0.4,0.0002,5,1.0,0.0
2019-10-16,0.029576188965467855,0.029576188965467855,0.0,0.0,5,1.0,0.0
2019-10-17,-0.03004729651442242,-0.03004729651442242,0.0,0.0,5,1.0,0.0
2019-10-18,0.0353256260754459,0.0351256260754459,0.4,0.0002,5,1.0,0.0
2019-10-21,-0.03409757757155501,-0.03469757757155501,1.2000000000000002,0.0006000000000000001,5,1.0,0.0
2019-10-22,0.02294433410638952,0.02274433410638952,0.4,0.0002,5,1.0,0.0
2019-10-23,0.0016080738080452184,0.0012080738080452185,0.8,0.0004,5,1.0,0.0
2019-10-24,0.024500419807540655,0.024300419807540656,0.4,0.0002,5,1.0,0.0
2019-10-25,0.011128240071394213,0.010928240071394212,0.4,0.0002,5,1.0,0.0
2019-10-28,0.03222307525273991,0.03222307525273991,0.0,0.0,5,1.0,0.0
2019-10-29,-0.05980424213636009,-0.06000424213636009,0.4,0.0002,5,1.0,0.0
2019-10-30,0.025375650065663023,0.024975650065663022,0.8,0.0004,5,1.0,0.0
2019-10-31,0.013097856243059262,0.012897856243059261,0.4,0.0002,5,1.0,0.0
2019-11-01,-0.009059022138875017,-0.009259022138875018,0.4,0.0002,5,1.0,0.0
2019-11-04,0.004355745434679581,0.004155745434679581,0.4,0.0002,5,1.0,0.0
2019-11-05,-0.004886310440993637,-0.004886310440993637,0.0,0.0,5,1.0,0.0
2019-11-06,-0.057643424116982006,-0.057643424116982006,0.0,0.0,5,1.0,0.0
2019-11-07,0.02423025027645933,0.02423025027645933,0.0,0.0,5,1.0,0.0
2019-11-08,-7.105314025323195e-06,-7.105314025323195e-06,0.0,0.0,5,1.0,0.0
2019-11-11,0.0167728112142993,0.0165728112142993,0.4,0.0002,5,1.0,0.0
2019-11-12,0.023167223499410916,0.023167223499410916,0.0,0.0,5,1.0,0.0
2019-11-13,0.012003451999182357,0.012003451999182357,0.0,0.0,5,1.0,0.0
2019-11-14,0.023371631792655202,0.023371631792655202,0.0,0.0,5,1.0,0.0
2019-11-15,-0.0029831788843988965,-0.0031831788843988966,0.4,0.0002,5,1.0,0.0
2019-11-18,0.030378020315194564,0.029978020315194562,0.8,0.0004,5,1.0,0.0
2019-11-19,0.0020530936244630878,0.0016530936244630878,0.8,0.0004,5,1.0,0.0
2019-11-20,0.006608300460447247,0.006408300460447248,0.4,0.0002,5,1.0,0.0
2019-11-21,0.002251641490019907,0.002251641490019907,0.0,0.0,5,1.0,0.0
2019-11-22,0.04624247881680332,0.046042478816803324,0.4,0.0002,5,1.0,0.0
2019-11-25,0.011659772439884631,0.011659772439884631,0.0,0.0,5,1.0,0.0
2019-11-26,0.024826155692078047,0.024626155692078048,0.4,0.0002,5,1.0,0.0
2019-11-27,0.0003229633995855512,0.0003229633995855512,0.0,0.0,5,1.0,0.0
2019-11-29,-0.02737422162412671,-0.027574221624126708,0.4,0.0002,5,1.0,0.0
2019-12-02,0.0665010446038834,0.06630104460388339,0.4,0.0002,5,1.0,0.0
2019-12-03,0.0031214304096996333,0.002921430409699633,0.4,0.0002,5,1.0,0.0
2019-12-04,-0.037132245761569135,-0.037132245761569135,0.0,0.0,5,1.0,0.0
2019-12-05,0.015814648910871653,0.015614648910871652,0.4,0.0002,5,1.0,0.0
2019-12-06,-0.0012270727311469941,-0.0014270727311469942,0.4,0.0002,5,1.0,0.0
2019-12-09,0.025649217515643332,0.02524921751564333,0.8,0.0004,5,1.0,0.0
2019-12-10,-0.002370601707746013,-0.002370601707746013,0.0,0.0,5,1.0,0.0
2019-12-11,-0.013249088545317743,-0.013249088545317743,0.0,0.0,5,1.0,0.0
2019-12-12,-0.01657835263482082,-0.01657835263482082,0.0,0.0,5,1.0,0.0
2019-12-13,0.16315391238112747,0.16315391238112747,0.0,0.0,5,1.0,0.0
2019-12-16,0.0006308176222781016,0.00043081762227810167,0.4,0.0002,5,1.0,0.0
2019-12-17,0.02073400097411855,0.02053400097411855,0.4,0.0002,5,1.0,0.0
2019-12-18,0.02498547426150455,0.024785474261504552,0.4,0.0002,5,1.0,0.0
2019-12-19,-0.012244612649224253,-0.012444612649224253,0.4,0.0002,5,1.0,0.0
2019-12-20,0.009832887020559046,0.009632887020559045,0.4,0.0002,5,1.0,0.0
2019-12-23,0.03054872998631337,0.03054872998631337,0.0,0.0,5,1.0,0.0
2019-12-24,0.017467478443465457,0.017467478443465457,0.0,0.0,5,1.0,0.0
2019-12-26,-0.026698247579025794,-0.026898247579025793,0.4,0.0002,5,1.0,0.0
2019-12-27,-0.017456138261718854,-0.017456138261718854,0.0,0.0,5,1.0,0.0
2019-12-30,0.011377494357091011,0.011177494357091011,0.4,0.0002,5,1.0,0.0
2019-12-31,0.029468264133712084,0.029468264133712084,0.0,0.0,5,1.0,0.0
2020-01-02,-0.015506740323408263,-0.015706740323408262,0.4,0.0002,5,1.0,0.0
2020-01-03,0.004098767569932483,0.0038987675699324827,0.4,0.0002,5,1.0,0.0
2020-01-06,-0.009233487094468718,-0.009433487094468718,0.4,0.0002,5,1.0,0.0
2020-01-07,0.0022968885966970333,0.0022968885966970333,0.0,0.0,5,1.0,0.0
2020-01-08,-0.012764974762083582,-0.012764974762083582,0.0,0.0,5,1.0,0.0
2020-01-09,-0.014428403727579432,-0.014628403727579432,0.4,0.0002,5,1.0,0.0
2020-01-10,-0.0024168814829398817,-0.002616881482939882,0.4,0.0002,5,1.0,0.0
2020-01-13,0.008767042804935277,0.008767042804935277,0.0,0.0,5,1.0,0.0
2020-01-14,0.003930249515005891,0.003930249515005891,0.0,0.0,5,1.0,0.0
2020-01-15,0.006864349288124739,0.006864349288124739,0.0,0.0,5,1.0,0.0
2020-01-16,0.014855483180501741,0.014855483180501741,0.0,0.0,5,1.0,0.0
2020-01-17,-0.07284907738682805,-0.07304907738682806,0.4,0.0002,5,1.0,0.0
2020-01-21,0.03680022045142384,0.03680022045142384,0.0,0.0,5,1.0,0.0
2020-01-22,-0.02999454078461044,-0.02999454078461044,0.0,0.0,5,1.0,0.0
2020-01-23,-0.009127379867693276,-0.009127379867693276,0.0,0.0,5,1.0,0.0
2020-01-24,-0.029208642232048138,-0.029408642232048136,0.4,0.0002,5,1.0,0.0
2020-01-27,0.04511511441126693,0.04511511441126693,0.0,0.0,5,1.0,0.0
2020-01-28,0.0007413947152850261,0.0007413947152850261,0.0,0.0,5,1.0,0.0
2020-01-29,-0.019203217684068588,-0.019203217684068588,0.0,0.0,5,1.0,0.0
2020-01-30,-0.01931267078031551,-0.01951267078031551,0.4,0.0002,5,1.0,0.0
2020-01-31,0.04248168257911496,0.04228168257911496,0.4,0.0002,5,1.0,0.0
2020-02-03,0.03067010043073326,0.03067010043073326,0.0,0.0,5,1.0,0.0
2020-02-04,-0.01156275261459039,-0.01156275261459039,0.0,0.0,5,1.0,0.0
2020-02-05,-0.01963167933814003,-0.01963167933814003,0.0,0.0,5,1.0,0.0
2020-02-06,-0.00906667083448316,-0.00906667083448316,0.0,0.0,5,1.0,0.0
2020-02-07,0.034361256321899125,0.034161256321899126,0.4,0.0002,5,1.0,0.0
2020-02-10,0.0003609988624146069,0.0003609988624146069,0.0,0.0,5,1.0,0.0
2020-02-11,0.006476677025202094,0.006476677025202094,0.0,0.0,5,1.0,0.0
2020-02-12,-0.020581794699902047,-0.020581794699902047,0.0,0.0,5,1.0,0.0
2020-02-13,0.00535446346240538,0.00535446346240538,0.0,0.0,5,1.0,0.0
2020-02-14,-0.02260169931276457,-0.02280169931276457,0.4,0.0002,5,1.0,0.0
2020-02-18,0.12223670240704985,0.12203670240704985,0.4,0.0002,5,1.0,0.0
2020-02-19,-0.007663549325656005,-0.007863549325656005,0.4,0.0002,5,1.0,0.0
2020-02-20,-0.02548589878089744,-0.02568589878089744,0.4,0.0002,5,1.0,0.0
2020-02-21,-0.05360216123415365,-0.05360216123415365,0.0,0.0,5,1.0,0.0
2020-02-24,-0.05532660212752474,-0.05552660212752474,0.4,0.0002,5,1.0,0.0
2020-02-25,-0.006966323920754091,-0.007166323920754091,0.4,0.0002,5,1.0,0.0
2020-02-26,-0.04520893334254044,-0.04540893334254044,0.4,0.0002,5,1.0,0.0
2020-02-27,-0.004658562666130495,-0.004858562666130495,0.4,0.0002,5,1.0,0.0
2020-02-28,0.08296901744715615,0.08276901744715615,0.4,0.0002,5,1.0,0.0
2020-03-02,-0.0049765613205532185,-0.005176561320553218,0.4,0.0002,5,1.0,0.0
2020-03-03,0.034640966877239034,0.034640966877239034,0.0,0.0,5,1.0,0.0
2020-03-04,-0.004151387883279443,-0.004151387883279443,0.0,0.0,5,1.0,0.0
2020-03-05,-0.03606927267662472,-0.03606927267662472,0.0,0.0,5,1.0,0.0
2020-03-06,-0.12907976005219965,-0.12907976005219965,0.0,0.0,5,1.0,0.0
2020-03-09,0.010305450448524045,0.010305450448524045,0.0,0.0,5,1.0,0.0
2020-03-10,-0.09343536708860688,-0.09343536708860688,0.0,0.0,5,1.0,0.0
2020-03-11,-0.17620216302470149,-0.17620216302470149,0.0,0.0,5,1.0,0.0
2020-03-12,0.004818354053695108,0.004818354053695108,0.0,0.0,5,1.0,0.0
2020-03-13,-0.13567362451773038,-0.13567362451773038,0.0,0.0,5,1.0,0.0
2020-03-16,0.07151432697843395,0.07151432697843395,0.0,0.0,5,1.0,0.0
2020-03-17,-0.1523737513679828,-0.15257375136798282,0.4,0.0002,5,1.0,0.0
2020-03-18,0.09306064510976879,0.09306064510976879,0.0,0.0,5,1.0,0.0
2020-03-19,0.043535210774440856,0.043535210774440856,0.0,0.0,5,1.0,0.0
2020-03-20,0.07724741341383835,0.07724741341383835,0.0,0.0,5,1.0,0.0
2020-03-23,0.15407918388443292,0.15407918388443292,0.0,0.0,5,1.0,0.0
2020-03-24,0.011991347098537577,0.011991347098537577,0.0,0.0,5,1.0,0.0
2020-03-25,0.04087910957121393,0.04087910957121393,0.0,0.0,5,1.0,0.0
2020-03-26,-0.06314389908336569,-0.0633438990833657,0.4,0.0002,5,1.0,0.0
2020-03-27,-0.027500212215713395,-0.027500212215713395,0.0,0.0,5,1.0,0.0
2020-03-30,-0.0011072987851987962,-0.0011072987851987962,0.0,0.0,5,1.0,0.0
2020-03-31,-0.06072559395973092,-0.06072559395973092,0.0,0.0,5,1.0,0.0
2020-04-01,-0.02055054076787606,-0.02055054076787606,0.0,0.0,5,1.0,0.0
2020-04-02,-0.009523573798258654,-0.009523573798258654,0.0,0.0,5,1.0,0.0
2020-04-03,0.10653592028213671,0.10653592028213671,0.0,0.0,5,1.0,0.0
2020-04-06,0.001958424805649117,0.001958424805649117,0.0,0.0,5,1.0,0.0
2020-04-07,0.06777997434996022,0.06777997434996022,0.0,0.0,5,1.0,0.0
2020-04-08,0.01602846717129478,0.015828467171294783,0.4,0.0002,5,1.0,0.0
2020-04-09,0.05981407810890794,0.05981407810890794,0.0,0.0,5,1.0,0.0
2020-04-13,0.07690035777550716,0.07690035777550716,0.0,0.0,5,1.0,0.0
2020-04-14,0.004934663658778149,0.004934663658778149,0.0,0.0,5,1.0,0.0
2020-04-15,0.004433989319058541,0.004433989319058541,0.0,0.0,5,1.0,0.0
2020-04-16,0.020407231262391544,0.020207231262391545,0.4,0.0002,5,1.0,0.0
2020-04-17,0.06439659304116994,0.06419659304116994,0.4,0.0002,5,1.0,0.0
2020-04-20,-0.045942141104054396,-0.046142141104054395,0.4,0.0002,5,1.0,0.0
2020-04-21,0.03677498826325498,0.03677498826325498,0.0,0.0,5,1.0,0.0
2020-04-22,0.052519255404041856,0.052519255404041856,0.0,0.0,5,1.0,0.0
2020-04-23,0.004286735038861702,0.004286735038861702,0.0,0.0,5,1.0,0.0
2020-04-24,0.06896999384763096,0.06896999384763096,0.0,0.0,5,1.0,0.0
2020-04-27,0.005266216397078251,0.0050662163970782515,0.4,0.0002,5,1.0,0.0
2020-04-28,0.03594057851454966,0.03594057851454966,0.0,0.0,5,1.0,0.0
2020-04-29,-0.021407102025248557,-0.021407102025248557,0.0,0.0,5,1.0,0.0
2020-04-30,-0.023202006370734864,-0.023402006370734862,0.4,0.0002,5,1.0,0.0
2020-05-01,0.030834464489482415,0.030634464489482417,0.4,0.0002,5,1.0,0.0
2020-05-04,-0.013636284511869514,-0.013836284511869515,0.4,0.0002,5,1.0,0.0
2020-05-05,0.014897213593589864,0.014897213593589864,0.0,0.0,5,1.0,0.0
2020-05-06,0.024214075372089326,0.024014075372089327,0.4,0.0002,5,1.0,0.0
2020-05-07,0.0092144244162355,0.0092144244162355,0.0,0.0,5,1.0,0.0
2020-05-08,0.11560316800496566,0.11560316800496566,0.0,0.0,5,1.0,0.0
2020-05-11,0.12248835413850466,0.12248835413850466,0.0,0.0,5,1.0,0.0
2020-05-12,-0.01692509495925916,-0.01712509495925916,0.4,0.0002,5,1.0,0.0
2020-05-13,-0.004345960827468676,-0.004545960827468676,0.4,0.0002,5,1.0,0.0
2020-05-14,0.00538410594658676,0.00518410594658676,0.4,0.0002,5,1.0,0.0
2020-05-15,0.0821770636330449,0.0821770636330449,0.0,0.0,5,1.0,0.0
2020-05-18,-0.019583403861642812,-0.019583403861642812,0.0,0.0,5,1.0,0.0
2020-05-19,0.008801302653593156,0.008601302653593155,0.4,0.0002,5,1.0,0.0
2020-05-20,0.01883584190786727,0.01883584190786727,0.0,0.0,5,1.0,0.0
2020-05-21,-0.02919319837953278,-0.02919319837953278,0.0,0.0,5,1.0,0.0
2020-05-22,-0.01684631523798368,-0.01684631523798368,0.0,0.0,5,1.0,0.0
2020-05-26,0.06968541575974621,0.06968541575974621,0.0,0.0,5,1.0,0.0
2020-05-27,-0.03153967069492441,-0.03153967069492441,0.0,0.0,5,1.0,0.0
2020-05-28,0.026312925296386604,0.026312925296386604,0.0,0.0,5,1.0,0.0
2020-05-29,0.07226300102365127,0.07206300102365126,0.4,0.0002,5,1.0,0.0
2020-06-01,-0.028228789441090286,-0.028228789441090286,0.0,0.0,5,1.0,0.0
2020-06-02,-0.0341093077060624,-0.0343093077060624,0.4,0.0002,5,1.0,0.0
2020-06-03,-0.04293987637666594,-0.04293987637666594,0.0,0.0,5,1.0,0.0
2020-06-04,0.004205563554293778,0.004205563554293778,0.0,0.0,5,1.0,0.0
2020-06-05,0.02493913996623729,0.024739139966237292,0.4,0.0002,5,1.0,0.0
2020-06-08,-0.005188387014473506,-0.005188387014473506,0.0,0.0,5,1.0,0.0
2020-06-09,0.046780774053035976,0.04658077405303598,0.4,0.0002,5,1.0,0.0
2020-06-10,-0.012235108959488317,-0.012635108959488316,0.8,0.0004,5,1.0,0.0
2020-06-11,0.02745638499883574,0.02705638499883574,0.8,0.0004,5,1.0,0.0
2020-06-12,0.13427054049983,0.13427054049983,0.0,0.0,5,1.0,0.0
2020-06-15,-0.006995982248138688,-0.007195982248138688,0.4,0.0002,5,1.0,0.0
2020-06-16,0.01733095472996156,0.01713095472996156,0.4,0.0002,5,1.0,0.0
2020-06-17,0.0676167091853805,0.0672167091853805,0.8,0.0004,5,1.0,0.0
2020-06-18,0.04350004238416443,0.04350004238416443,0.0,0.0,5,1.0,0.0
2020-06-19,0.044412047023476654,0.044412047023476654,0.0,0.0,5,1.0,0.0
2020-06-22,0.018891977055241836,0.018891977055241836,0.0,0.0,5,1.0,0.0
2020-06-23,0.02387628617043105,0.023676286170431052,0.4,0.0002,5,1.0,0.0
2020-06-24,-0.021681205412592573,-0.021881205412592572,0.4,0.0002,5,1.0,0.0
2020-06-25,-0.058548073983448155,-0.058748073983448154,0.4,0.0002,5,1.0,0.0
2020-06-26,0.04770971230977353,0.04770971230977353,0.0,0.0,5,1.0,0.0
2020-06-29,0.04134490517885923,0.04114490517885923,0.4,0.0002,5,1.0,0.0
2020-06-30,-0.026873168814748355,-0.027073168814748354,0.4,0.0002,5,1.0,0.0
2020-07-01,0.010439994083725646,0.010239994083725645,0.4,0.0002,5,1.0,0.0
2020-07-02,-0.038370423813817126,-0.038570423813817124,0.4,0.0002,5,1.0,0.0
2020-07-06,0.02979265099438276,0.02979265099438276,0.0,0.0,5,1.0,0.0
2020-07-07,0.11911077414031399,0.11911077414031399,0.0,0.0,5,1.0,0.0
2020-07-08,0.003218877584324864,0.003218877584324864,0.0,0.0,5,1.0,0.0
2020-07-09,-0.02654240333982401,-0.02654240333982401,0.0,0.0,5,1.0,0.0
2020-07-10,0.027813544794713787,0.027613544794713788,0.4,0.0002,5,1.0,0.0
2020-07-13,0.026453460394712237,0.026253460394712238,0.4,0.0002,5,1.0,0.0
2020-07-14,0.040591965925030934,0.040591965925030934,0.0,0.0,5,1.0,0.0
2020-07-15,0.027169576473317174,0.027169576473317174,0.0,0.0,5,1.0,0.0
2020-07-16,0.05549431064393817,0.05549431064393817,0.0,0.0,5,1.0,0.0
2020-07-17,-0.02836501228504152,-0.02856501228504152,0.4,0.0002,5,1.0,0.0
2020-07-20,0.007236913631290819,0.007236913631290819,0.0,0.0,5,1.0,0.0
2020-07-21,-0.009095561445059788,-0.009095561445059788,0.0,0.0,5,1.0,0.0
2020-07-22,-0.06361591133354505,-0.06361591133354505,0.0,0.0,5,1.0,0.0
2020-07-23,-0.046393113048291086,-0.046393113048291086,0.0,0.0,5,1.0,0.0
2020-07-24,0.05276561816694785,0.05256561816694785,0.4,0.0002,5,1.0,0.0
2020-07-27,-0.0020168132553559422,-0.0020168132553559422,0.0,0.0,5,1.0,0.0
2020-07-28,-0.01932914789455871,-0.01932914789455871,0.0,0.0,5,1.0,0.0
2020-07-29,-0.015858899843357113,-0.015858899843357113,0.0,0.0,5,1.0,0.0
2020-07-30,-0.0415673401161802,-0.0415673401161802,0.0,0.0,5,1.0,0.0
2020-07-31,0.10124995624621387,0.10124995624621387,0.0,0.0,5,1.0,0.0
2020-08-03,-0.004281554771111874,-0.004281554771111874,0.0,0.0,5,1.0,0.0
2020-08-04,-0.006017630424603746,-0.006417630424603746,0.8,0.0004,5,1.0,0.0
2020-08-05,0.012517576016127484,0.012117576016127484,0.8,0.0004,5,1.0,0.0
2020-08-06,-0.036107177906408924,-0.03630717790640892,0.4,0.0002,5,1.0,0.0
2020-08-07,0.04377846892046971,0.04377846892046971,0.0,0.0,5,1.0,0.0
2020-08-10,-0.08458581508272003,-0.08458581508272003,0.0,0.0,5,1.0,0.0
2020-08-11,-0.00032846646258033376,-0.0005284664625803337,0.4,0.0002,5,1.0,0.0
2020-08-12,0.032019500951908406,0.032019500951908406,0.0,0.0,5,1.0,0.0
2020-08-13,0.0180986697285795,0.0180986697285795,0.0,0.0,5,1.0,0.0
2020-08-14,0.02743981467913881,0.02743981467913881,0.0,0.0,5,1.0,0.0
2020-08-17,-0.026080201146694917,-0.026080201146694917,0.0,0.0,5,1.0,0.0
2020-08-18,0.0014734436624769262,0.0012734436624769262,0.4,0.0002,5,1.0,0.0
2020-08-19,0.00227578342766761,0.00227578342766761,0.0,0.0,5,1.0,0.0
2020-08-20,-0.015855501680857986,-0.015855501680857986,0.0,0.0,5,1.0,0.0
2020-08-21,-0.04772989593263534,-0.04772989593263534,0.0,0.0,5,1.0,0.0
2020-08-24,-0.0023529861736745214,-0.0023529861736745214,0.0,0.0,5,1.0,0.0
2020-08-25,0.0067354344306607816,0.0067354344306607816,0.0,0.0,5,1.0,0.0
2020-08-26,-0.01766932753610797,-0.01766932753610797,0.0,0.0,5,1.0,0.0
2020-08-27,-0.003955573087770658,-0.003955573087770658,0.0,0.0,5,1.0,0.0
2020-08-28,0.04555874405217318,0.04535874405217318,0.4,0.0002,5,1.0,0.0
2020-08-31,-0.007050742613650841,-0.007050742613650841,0.0,0.0,5,1.0,0.0
2020-09-01,-0.03208769780774008,-0.03208769780774008,0.0,0.0,5,1.0,0.0
2020-09-02,-0.05503359832666875,-0.05503359832666875,0.0,0.0,5,1.0,0.0
2020-09-03,-0.03711477084945135,-0.03731477084945135,0.4,0.0002,5,1.0,0.0
2020-09-04,-0.0338476654087194,-0.0338476654087194,0.0,0.0,5,1.0,0.0
2020-09-08,0.04563788441126784,0.045437884411267844,0.4,0.0002,5,1.0,0.0
2020-09-09,0.014369900702879934,0.014169900702879934,0.4,0.0002,5,1.0,0.0
2020-09-10,0.008616256076327723,0.008416256076327722,0.4,0.0002,5,1.0,0.0
2020-09-11,0.111707023605612,0.11150702360561199,0.4,0.0002,5,1.0,0.0
2020-09-14,0.04267896818005705,0.04247896818005705,0.4,0.0002,5,1.0,0.0
2020-09-15,0.01982246759442201,0.019622467594422013,0.4,0.0002,5,1.0,0.0
2020-09-16,0.006451719408683741,0.0062517194086837416,0.4,0.0002,5,1.0,0.0
2020-09-17,0.01856660583908971,0.018366605839089712,0.4,0.0002,5,1.0,0.0
2020-09-18,0.009122253314583894,0.009122253314583894,0.0,0.0,5,1.0,0.0
2020-09-21,0.007434374680775214,0.007234374680775214,0.4,0.0002,5,1.0,0.0
2020-09-22,-0.05750000559629687,-0.05750000559629687,0.0,0.0,5,1.0,0.0
2020-09-23,0.0005658278093646053,0.0003658278093646053,0.4,0.0002,5,1.0,0.0
2020-09-24,0.05309312115538232,0.05309312115538232,0.0,0.0,5,1.0,0.0
2020-09-25,0.008848404755918728,0.008848404755918728,0.0,0.0,5,1.0,0.0
2020-09-28,0.02208636906030013,0.02208636906030013,0.0,0.0,5,1.0,0.0
2020-09-29,0.007949803134398525,0.007749803134398526,0.4,0.0002,5,1.0,0.0
2020-09-30,0.024405317977168408,0.024405317977168408,0.0,0.0,5,1.0,0.0
2020-10-01,-0.017844364095872825,-0.017844364095872825,0.0,0.0,5,1.0,0.0
2020-10-02,0.02222466258530793,0.02202466258530793,0.4,0.0002,5,1.0,0.0
2020-10-05,-0.02974220887638508,-0.02994220887638508,0.4,0.0002,5,1.0,0.0
2020-10-06,0.03158262633575877,0.03138262633575877,0.4,0.0002,5,1.0,0.0
2020-10-07,-0.014472714764615181,-0.014472714764615181,0.0,0.0,5,1.0,0.0
2020-10-08,0.016609014679795364,0.016609014679795364,0.0,0.0,5,1.0,0.0
2020-10-09,0.000492434824378018,0.000492434824378018,0.0,0.0,5,1.0,0.0
2020-10-12,0.03785776037587261,0.03785776037587261,0.0,0.0,5,1.0,0.0
2020-10-13,0.03303523328747109,0.03303523328747109,0.0,0.0,5,1.0,0.0
2020-10-14,-0.004671844170919616,-0.0048718441709196154,0.4,0.0002,5,1.0,0.0
2020-10-15,-0.014729168529344427,-0.014729168529344427,0.0,0.0,5,1.0,0.0
2020-10-16,-0.028689928009366095,-0.028689928009366095,0.0,0.0,5,1.0,0.0
2020-10-19,-0.0033633966595722374,-0.0033633966595722374,0.0,0.0,5,1.0,0.0
2020-10-20,-0.07691435450582436,-0.07691435450582436,0.0,0.0,5,1.0,0.0
2020-10-21,0.022312735561518762,0.022112735561518763,0.4,0.0002,5,1.0,0.0
2020-10-22,-0.01604385518891738,-0.01624385518891738,0.4,0.0002,5,1.0,0.0
2020-10-23,-0.01917810872565677,-0.01937810872565677,0.4,0.0002,5,1.0,0.0
2020-10-26,0.051545427512854985,0.05134542751285499,0.4,0.0002,5,1.0,0.0
2020-10-27,-0.03365238235698971,-0.03365238235698971,0.0,0.0,5,1.0,0.0
2020-10-28,0.03840783186819985,0.03840783186819985,0.0,0.0,5,1.0,0.0
2020-10-29,-0.05600160010894935,-0.05600160010894935,0.0,0.0,5,1.0,0.0
2020-10-30,0.02808556559816944,0.027885565598169442,0.4,0.0002,5,1.0,0.0
2020-11-02,0.04027725618893319,0.040077256188933194,0.4,0.0002,5,1.0,0.0
2020-11-03,0.050230484557195476,0.050230484557195476,0.0,0.0,5,1.0,0.0
2020-11-04,0.06675913245604034,0.06675913245604034,0.0,0.0,5,1.0,0.0
2020-11-05,-0.014735724076916746,-0.015135724076916745,0.8,0.0004,5,1.0,0.0
2020-11-06,-0.043843199741168924,-0.04404319974116892,0.4,0.0002,5,1.0,0.0
2020-11-09,-0.05929649953407351,-0.05949649953407351,0.4,0.0002,5,1.0,0.0
2020-11-10,0.08278813191220218,0.08258813191220217,0.4,0.0002,5,1.0,0.0
2020-11-11,0.05459456300734815,0.05439456300734815,0.4,0.0002,5,1.0,0.0
2020-11-12,-0.005377115895072058,-0.005577115895072058,0.4,0.0002,5,1.0,0.0
2020-11-13,0.0036867825521299073,0.0036867825521299073,0.0,0.0,5,1.0,0.0
2020-11-16,0.012451869700770057,0.012451869700770057,0.0,0.0,5,1.0,0.0
2020-11-17,-0.005580981787091677,-0.005580981787091677,0.0,0.0,5,1.0,0.0
2020-11-18,0.013450906361601891,0.01325090636160189,0.4,0.0002,5,1.0,0.0
2020-11-19,0.025974416644822054,0.025774416644822055,0.4,0.0002,5,1.0,0.0
2020-11-20,0.034851335079196945,0.034651335079196946,0.4,0.0002,5,1.0,0.0
2020-11-23,0.0024414891820146774,0.0022414891820146774,0.4,0.0002,5,1.0,0.0
2020-11-24,0.03897460586059141,0.03897460586059141,0.0,0.0,5,1.0,0.0
2020-11-25,0.06520407994149538,0.06520407994149538,0.0,0.0,5,1.0,0.0
2020-11-27,0.0005640257941482464,0.0005640257941482464,0.0,0.0,5,1.0,0.0
2020-11-30,-0.07095674797494671,-0.07095674797494671,0.0,0.0,5,1.0,0.0
2020-12-01,0.01562793864376675,0.01562793864376675,0.0,0.0,5,1.0,0.0
2020-12-02,0.01098059980344306,0.01098059980344306,0.0,0.0,5,1.0,0.0
2020-12-03,-0.016502287468059464,-0.016502287468059464,0.0,0.0,5,1.0,0.0
2020-12-04,0.013555852354054033,0.013555852354054033,0.0,0.0,5,1.0,0.0
2020-12-07,0.032251874195584736,0.03205187419558474,0.4,0.0002,5,1.0,0.0
2020-12-08,-0.052208548279649984,-0.052208548279649984,0.0,0.0,5,1.0,0.0
2020-12-09,0.02454072885815466,0.02454072885815466,0.0,0.0,5,1.0,0.0
2020-12-10,-0.00415114932440297,-0.004351149324402969,0.4,0.0002,5,1.0,0.0
2020-12-11,-0.00038851746374615216,-0.0005885174637461521,0.4,0.0002,5,1.0,0.0
2020-12-14,0.02967371460997537,0.02947371460997537,0.4,0.0002,5,1.0,0.0
2020-12-15,0.013616772391103751,0.013616772391103751,0.0,0.0,5,1.0,0.0
2020-12-16,0.042303797763781945,0.042303797763781945,0.0,0.0,5,1.0,0.0
2020-12-17,0.0007676525395529095,0.0007676525395529095,0.0,0.0,5,1.0,0.0
2020-12-18,0.035725326707537544,0.035725326707537544,0.0,0.0,5,1.0,0.0
2020-12-21,0.0024558953813410365,0.0024558953813410365,0.0,0.0,5,1.0,0.0
2020-12-22,0.023037745209973173,0.023037745209973173,0.0,0.0,5,1.0,0.0
2020-12-23,-0.004733115525319943,-0.004733115525319943,0.0,0.0,5,1.0,0.0
2020-12-24,-0.06483017362154808,-0.06483017362154808,0.0,0.0,5,1.0,0.0
2020-12-28,0.01332108067434139,0.01312108067434139,0.4,0.0002,5,1.0,0.0
2020-12-29,0.03434139116930784,0.03434139116930784,0.0,0.0,5,1.0,0.0
2020-12-30,-0.03469932816169097,-0.034899328161690966,0.4,0.0002,5,1.0,0.0
2020-12-31,0.01254192698540293,0.012341926985402929,0.4,0.0002,5,1.0,0.0
2021-01-04,0.026437811666465437,0.026237811666465438,0.4,0.0002,5,1.0,0.0
2021-01-05,0.012896785550521738,0.012896785550521738,0.0,0.0,5,1.0,0.0
2021-01-06,0.044806235190303,0.044806235190303,0.0,0.0,5,1.0,0.0
2021-01-07,0.019584176164734977,0.019584176164734977,0.0,0.0,5,1.0,0.0
2021-01-08,0.009034545779822212,0.009034545779822212,0.0,0.0,5,1.0,0.0
2021-01-11,0.04984765799653355,0.04984765799653355,0.0,0.0,5,1.0,0.0
2021-01-12,0.00432519458064109,0.00432519458064109,0.0,0.0,5,1.0,0.0
2021-01-13,0.04076284102128057,0.04076284102128057,0.0,0.0,5,1.0,0.0
2021-01-14,-0.019966063692371284,-0.019966063692371284,0.0,0.0,5,1.0,0.0
2021-01-15,0.022824697039531536,0.022624697039531537,0.4,0.0002,5,1.0,0.0
2021-01-19,-0.03320298543853331,-0.03320298543853331,0.0,0.0,5,1.0,0.0
2021-01-20,-0.0017210654139263584,-0.0017210654139263584,0.0,0.0,5,1.0,0.0
2021-01-21,0.03633439745465293,0.03633439745465293,0.0,0.0,5,1.0,0.0
2021-01-22,-0.014835207160075116,-0.014835207160075116,0.0,0.0,5,1.0,0.0
2021-01-25,0.005733186390678301,0.005733186390678301,0.0,0.0,5,1.0,0.0
2021-01-26,-0.058413979909676256,-0.058413979909676256,0.0,0.0,5,1.0,0.0
2021-01-27,-0.06885492260162865,-0.06905492260162865,0.4,0.0002,5,1.0,0.0
2021-01-28,0.09889168852154163,0.09869168852154163,0.4,0.0002,5,1.0,0.0
2021-01-29,0.07310813343710772,0.07310813343710772,0.0,0.0,5,1.0,0.0
2021-02-01,0.006276225438384864,0.006276225438384864,0.0,0.0,5,1.0,0.0
2021-02-02,0.04611191770723781,0.04611191770723781,0.0,0.0,5,1.0,0.0
2021-02-03,0.014080918241212336,0.014080918241212336,0.0,0.0,5,1.0,0.0
2021-02-04,0.022834715788733286,0.022834715788733286,0.0,0.0,5,1.0,0.0
2021-02-05,0.03454786719534595,0.03454786719534595,0.0,0.0,5,1.0,0.0
2021-02-08,0.012286257745053455,0.012286257745053455,0.0,0.0,5,1.0,0.0
2021-02-09,-0.032057483819634004,-0.032057483819634004,0.0,0.0,5,1.0,0.0
2021-02-10,0.021301619687699235,0.021301619687699235,0.0,0.0,5,1.0,0.0
2021-02-11,-0.003746781256625687,-0.003746781256625687,0.0,0.0,5,1.0,0.0
2021-02-12,-0.043397043066769864,-0.04359704306676986,0.4,0.0002,5,1.0,0.0
2021-02-16,-0.03140029411144225,-0.03140029411144225,0.0,0.0,5,1.0,0.0
2021-02-17,-0.062152553192644275,-0.062152553192644275,0.0,0.0,5,1.0,0.0
2021-02-18,0.0407703055017119,0.0407703055017119,0.0,0.0,5,1.0,0.0
2021-02-19,-0.037957108688572445,-0.037957108688572445,0.0,0.0,5,1.0,0.0
2021-02-22,-0.037599724867911036,-0.037599724867911036,0.0,0.0,5,1.0,0.0
2021-02-23,0.24244080762409775,0.24244080762409775,0.0,0.0,5,1.0,0.0
2021-02-24,-0.030314295094543645,-0.030314295094543645,0.0,0.0,5,1.0,0.0
2021-02-25,0.02263804741340212,0.02263804741340212,0.0,0.0,5,1.0,0.0
2021-02-26,0.09859770159261655,0.09859770159261655,0.0,0.0,5,1.0,0.0
2021-03-01,-0.06401680604731748,-0.06421680604731748,0.4,0.0002,5,1.0,0.0
2021-03-02,-0.05958392438207221,-0.05978392438207221,0.4,0.0002,5,1.0,0.0
2021-03-03,-0.060680786987864346,-0.060880786987864345,0.4,0.0002,5,1.0,0.0
2021-03-04,0.03340159011079742,0.03340159011079742,0.0,0.0,5,1.0,0.0
2021-03-05,0.016930156271008356,0.016930156271008356,0.0,0.0,5,1.0,0.0
2021-03-08,0.14328181929875014,0.14308181929875013,0.4,0.0002,5,1.0,0.0
2021-03-09,0.022699331768099195,0.022699331768099195,0.0,0.0,5,1.0,0.0
2021-03-10,0.01792353209597366,0.01792353209597366,0.0,0.0,5,1.0,0.0
2021-03-11,0.012246341612781686,0.012046341612781685,0.4,0.0002,5,1.0,0.0
2021-03-12,-0.03886038545357749,-0.03886038545357749,0.0,0.0,5,1.0,0.0
2021-03-15,-0.03660316100411801,-0.03660316100411801,0.0,0.0,5,1.0,0.0
2021-03-16,0.006474441440687672,0.0062744414406876725,0.4,0.0002,5,1.0,0.0
2021-03-17,-0.06011364947847704,-0.06051364947847704,0.8,0.0004,5,1.0,0.0
2021-03-18,0.036444701742511534,0.036444701742511534,0.0,0.0,5,1.0,0.0
2021-03-19,-0.009997046835704283,-0.009997046835704283,0.0,0.0,5,1.0,0.0
2021-03-22,-0.050539731923738215,-0.050739731923738214,0.4,0.0002,5,1.0,0.0
2021-03-23,-0.10315077946983024,-0.10335077946983025,0.4,0.0002,5,1.0,0.0
2021-03-24,0.005396693883921012,0.005196693883921012,0.4,0.0002,5,1.0,0.0
2021-03-25,-0.009434464881939842,-0.009634464881939843,0.4,0.0002,5,1.0,0.0
2021-03-26,0.012804028817396307,0.012804028817396307,0.0,0.0,5,1.0,0.0
2021-03-29,0.049968498486603924,0.049968498486603924,0.0,0.0,5,1.0,0.0
2021-03-30,0.04933548768972012,0.04913548768972012,0.4,0.0002,5,1.0,0.0
2021-03-31,0.01823708121375056,0.018037081213750562,0.4,0.0002,5,1.0,0.0
2021-04-01,-0.014069407392742183,-0.014069407392742183,0.0,0.0,5,1.0,0.0
2021-04-05,0.00774839950684243,0.00754839950684243,0.4,0.0002,5,1.0,0.0
2021-04-06,-0.0260024642726421,-0.0260024642726421,0.0,0.0,5,1.0,0.0
2021-04-07,0.028070003936590874,0.027870003936590875,0.4,0.0002,5,1.0,0.0
2021-04-08,-0.02609086218153116,-0.02609086218153116,0.0,0.0,5,1.0,0.0
2021-04-09,-0.034427399911314875,-0.034427399911314875,0.0,0.0,5,1.0,0.0
2021-04-12,0.000215532108100879,1.5532108100878983e-05,0.4,0.0002,5,1.0,0.0
2021-04-13,0.06384846404538654,0.06384846404538654,0.0,0.0,5,1.0,0.0
2021-04-14,-0.0331635196648163,-0.0333635196648163,0.4,0.0002,5,1.0,0.0
2021-04-15,0.017139878160663202,0.017139878160663202,0.0,0.0,5,1.0,0.0
2021-04-16,0.04763052921362927,0.04763052921362927,0.0,0.0,5,1.0,0.0
2021-04-19,-0.0780028718656611,-0.0780028718656611,0.0,0.0,5,1.0,0.0
2021-04-20,0.020115661224118852,0.019915661224118853,0.4,0.0002,5,1.0,0.0
2021-04-21,-0.004700027940577532,-0.004700027940577532,0.0,0.0,5,1.0,0.0
2021-04-22,0.031352571566083044,0.031352571566083044,0.0,0.0,5,1.0,0.0
2021-04-23,0.061052392661204644,0.060852392661204645,0.4,0.0002,5,1.0,0.0
2021-04-26,-0.008464068336711294,-0.008864068336711294,0.8,0.0004,5,1.0,0.0
2021-04-27,0.0275482764757981,0.0273482764757981,0.4,0.0002,5,1.0,0.0
2021-04-28,-0.03442938746867141,-0.03442938746867141,0.0,0.0,5,1.0,0.0
2021-04-29,0.002175169563135149,0.001975169563135149,0.4,0.0002,5,1.0,0.0
2021-04-30,-0.05516100348085742,-0.05516100348085742,0.0,0.0,5,1.0,0.0
2021-05-03,-0.0443754593457179,-0.0443754593457179,0.0,0.0,5,1.0,0.0
2021-05-04,-0.013371077001621946,-0.013371077001621946,0.0,0.0,5,1.0,0.0
2021-05-05,-0.024404297713342498,-0.024404297713342498,0.0,0.0,5,1.0,0.0
2021-05-06,-0.0036391057908284246,-0.0036391057908284246,0.0,0.0,5,1.0,0.0
2021-05-07,-0.07678532702781118,-0.07678532702781118,0.0,0.0,5,1.0,0.0
2021-05-10,0.0003877333280338799,0.0003877333280338799,0.0,0.0,5,1.0,0.0
2021-05-11,-0.06575040134696439,-0.0659504013469644,0.4,0.0002,5,1.0,0.0
2021-05-12,0.008483062756039654,0.008283062756039654,0.4,0.0002,5,1.0,0.0
2021-05-13,0.05452480255296413,0.05432480255296413,0.4,0.0002,5,1.0,0.0
2021-05-14,0.05408894518070864,0.05408894518070864,0.0,0.0,5,1.0,0.0
2021-05-17,-0.0074961936222030625,-0.007696193622203062,0.4,0.0002,5,1.0,0.0
2021-05-18,-0.014017630164436424,-0.014217630164436425,0.4,0.0002,5,1.0,0.0
2021-05-19,0.032669034528469434,0.032469034528469436,0.4,0.0002,5,1.0,0.0
2021-05-20,0.010304567813012788,0.010104567813012787,0.4,0.0002,5,1.0,0.0
2021-05-21,0.027707943136114112,0.027707943136114112,0.0,0.0,5,1.0,0.0
2021-05-24,0.0444089508892685,0.0444089508892685,0.0,0.0,5,1.0,0.0
2021-05-25,0.06488180796250198,0.06468180796250197,0.4,0.0002,5,1.0,0.0
2021-05-26,0.024036646828303334,0.023836646828303335,0.4,0.0002,5,1.0,0.0
2021-05-27,-0.020456535775987186,-0.020656535775987184,0.4,0.0002,5,1.0,0.0
2021-05-28,0.058703372955516024,0.058703372955516024,0.0,0.0,5,1.0,0.0
2021-06-01,0.04223607923300318,0.04223607923300318,0.0,0.0,5,1.0,0.0
2021-06-02,-0.028751040024015878,-0.028751040024015878,0.0,0.0,5,1.0,0.0
2021-06-03,0.026325741878058827,0.026325741878058827,0.0,0.0,5,1.0,0.0
2021-06-04,0.06285259150582206,0.06265259150582206,0.4,0.0002,5,1.0,0.0
2021-06-07,0.0395765533449974,0.0393765533449974,0.4,0.0002,5,1.0,0.0
2021-06-08,0.011917753632043882,0.011717753632043882,0.4,0.0002,5,1.0,0.0
2021-06-09,-0.05740465837911585,-0.057804658379115845,0.8,0.0004,5,1.0,0.0
2021-06-10,0.04518289711745425,0.04478289711745425,0.8,0.0004,5,1.0,0.0
2021-06-11,0.018138698209434277,0.01793869820943428,0.4,0.0002,5,1.0,0.0
2021-06-14,0.0010527497100847102,0.0008527497100847102,0.4,0.0002,5,1.0,0.0
2021-06-15,-0.007998412442612126,-0.008198412442612126,0.4,0.0002,5,1.0,0.0
2021-06-16,0.00731197679656519,0.00731197679656519,0.0,0.0,5,1.0,0.0
2021-06-17,-0.01332691786012723,-0.013526917860127231,0.4,0.0002,5,1.0,0.0
2021-06-18,0.00226135774572569,0.0020613577457256897,0.4,0.0002,5,1.0,0.0
2021-06-21,0.09650797671563045,0.09630797671563045,0.4,0.0002,5,1.0,0.0
2021-06-22,0.016099942962198056,0.016099942962198056,0.0,0.0,5,1.0,0.0
2021-06-23,0.00157585658719337,0.00157585658719337,0.0,0.0,5,1.0,0.0
2021-06-24,-0.017056641915747604,-0.017456641915747605,0.8,0.0004,5,1.0,0.0
2021-06-25,0.02852056770509837,0.02832056770509837,0.4,0.0002,5,1.0,0.0
2021-06-28,-0.006294066321678193,-0.0064940663216781925,0.4,0.0002,5,1.0,0.0
2021-06-29,0.004832092713033198,0.0046320927130331984,0.4,0.0002,5,1.0,0.0
2021-06-30,-0.03450591327889503,-0.03450591327889503,0.0,0.0,5,1.0,0.0
2021-07-01,-0.02107186276460247,-0.021271862764602467,0.4,0.0002,5,1.0,0.0
2021-07-02,-0.020083581261660367,-0.020283581261660365,0.4,0.0002,5,1.0,0.0
2021-07-06,-0.04082238827847591,-0.04082238827847591,0.0,0.0,5,1.0,0.0
2021-07-07,0.023041606725303594,0.022841606725303595,0.4,0.0002,5,1.0,0.0
2021-07-08,-0.0021843330957692867,-0.0021843330957692867,0.0,0.0,5,1.0,0.0
2021-07-09,-0.015378054494674422,-0.015378054494674422,0.0,0.0,5,1.0,0.0
2021-07-12,-0.036205527561271156,-0.036405527561271155,0.4,0.0002,5,1.0,0.0
2021-07-13,-0.08340226333070645,-0.08360226333070646,0.4,0.0002,5,1.0,0.0
2021-07-14,-0.008615574563823959,-0.008615574563823959,0.0,0.0,5,1.0,0.0
2021-07-15,-0.028210088907228294,-0.028210088907228294,0.0,0.0,5,1.0,0.0
2021-07-16,-0.02946348302206401,-0.029663483022064008,0.4,0.0002,5,1.0,0.0
2021-07-19,0.09061677613462656,0.09061677613462656,0.0,0.0,5,1.0,0.0
2021-07-20,0.04565356325199943,0.04545356325199943,0.4,0.0002,5,1.0,0.0
2021-07-21,-0.035638007260866814,-0.035638007260866814,0.0,0.0,5,1.0,0.0
2021-07-22,-0.0075555328929342025,-0.0075555328929342025,0.0,0.0,5,1.0,0.0
2021-07-23,0.0328048558863308,0.0328048558863308,0.0,0.0,5,1.0,0.0
2021-07-26,-0.04310652857989155,-0.04310652857989155,0.0,0.0,5,1.0,0.0
2021-07-27,0.0007266880769960962,0.0007266880769960962,0.0,0.0,5,1.0,0.0
2021-07-28,-0.007875833134654852,-0.007875833134654852,0.0,0.0,5,1.0,0.0
2021-07-29,-0.015144494552695445,-0.015344494552695445,0.4,0.0002,5,1.0,0.0
2021-07-30,-0.019330557596309507,-0.019330557596309507,0.0,0.0,5,1.0,0.0
2021-08-02,-0.015787921023193176,-0.015787921023193176,0.0,0.0,5,1.0,0.0
2021-08-03,-0.051107938084461305,-0.051107938084461305,0.0,0.0,5,1.0,0.0
2021-08-04,0.06605697959954676,0.06605697959954676,0.0,0.0,5,1.0,0.0
2021-08-05,0.0048196323546541246,0.0048196323546541246,0.0,0.0,5,1.0,0.0
2021-08-06,0.0004987011311869075,0.0004987011311869075,0.0,0.0,5,1.0,0.0
2021-08-09,0.005572760832534287,0.005572760832534287,0.0,0.0,5,1.0,0.0
2021-08-10,-0.0034746145357024815,-0.0034746145357024815,0.0,0.0,5,1.0,0.0
2021-08-11,0.015077714431998169,0.015077714431998169,0.0,0.0,5,1.0,0.0
2021-08-12,-0.008153137398431176,-0.008353137398431177,0.4,0.0002,5,1.0,0.0
2021-08-13,0.010552860653461461,0.010552860653461461,0.0,0.0,5,1.0,0.0
2021-08-16,-0.006625913341616464,-0.006625913341616464,0.0,0.0,5,1.0,0.0
2021-08-17,-0.026811712855424674,-0.026811712855424674,0.0,0.0,5,1.0,0.0
2021-08-18,-0.03865508038860157,-0.03865508038860157,0.0,0.0,5,1.0,0.0
2021-08-19,0.01815076071571322,0.01815076071571322,0.0,0.0,5,1.0,0.0
2021-08-20,0.05473118865422784,0.05473118865422784,0.0,0.0,5,1.0,0.0
2021-08-23,0.12848025075847813,0.12828025075847813,0.4,0.0002,5,1.0,0.0
2021-08-24,-0.017827214077524522,-0.01802721407752452,0.4,0.0002,5,1.0,0.0
2021-08-25,-0.018026718598511175,-0.018226718598511174,0.4,0.0002,5,1.0,0.0
2021-08-26,0.07238358808232852,0.07238358808232852,0.0,0.0,5,1.0,0.0
2021-08-27,-0.0076031953340230515,-0.007803195334023051,0.4,0.0002,5,1.0,0.0
2021-08-30,0.02264560439117793,0.02264560439117793,0.0,0.0,5,1.0,0.0
2021-08-31,-0.022823706086470733,-0.022823706086470733,0.0,0.0,5,1.0,0.0
2021-09-01,0.04021623527719385,0.04001623527719385,0.4,0.0002,5,1.0,0.0
2021-09-02,-0.0015308324951473391,-0.0017308324951473392,0.4,0.0002,5,1.0,0.0
2021-09-03,0.0005071304689948657,0.0003071304689948657,0.4,0.0002,5,1.0,0.0
2021-09-07,-0.016876368773845244,-0.016876368773845244,0.0,0.0,5,1.0,0.0
2021-09-08,0.027336255375115397,0.027336255375115397,0.0,0.0,5,1.0,0.0
2021-09-09,-0.013489695036163997,-0.013489695036163997,0.0,0.0,5,1.0,0.0
2021-09-10,0.022514422097098686,0.022314422097098687,0.4,0.0002,5,1.0,0.0
2021-09-13,-0.002641471845787358,-0.002841471845787358,0.4,0.0002,5,1.0,0.0
2021-09-14,0.03366915490597726,0.03346915490597726,0.4,0.0002,5,1.0,0.0
2021-09-15,0.0019273507445897848,0.0017273507445897847,0.4,0.0002,5,1.0,0.0
2021-09-16,-0.01714100503513474,-0.01734100503513474,0.4,0.0002,5,1.0,0.0
2021-09-17,-0.04897362791954601,-0.049173627919546006,0.4,0.0002,5,1.0,0.0
2021-09-20,-0.009630024153801387,-0.009630024153801387,0.0,0.0,5,1.0,0.0
2021-09-21,0.03114640849757353,0.030946408497573533,0.4,0.0002,5,1.0,0.0
2021-09-22,0.018032603084876662,0.017832603084876664,0.4,0.0002,5,1.0,0.0
2021-09-23,-0.009824125563314266,-0.010024125563314267,0.4,0.0002,5,1.0,0.0
2021-09-24,0.010712795495753637,0.010712795495753637,0.0,0.0,5,1.0,0.0
2021-09-27,-0.0378247800500426,-0.0378247800500426,0.0,0.0,5,1.0,0.0
2021-09-28,0.0007417567322958608,0.0007417567322958608,0.0,0.0,5,1.0,0.0
2021-09-29,0.026592101692487137,0.026392101692487138,0.4,0.0002,5,1.0,0.0
2021-09-30,0.014428077146657304,0.014228077146657303,0.4,0.0002,5,1.0,0.0
2021-10-01,-0.018106344615624062,-0.018106344615624062,0.0,0.0,5,1.0,0.0
2021-10-04,0.012859812792214754,0.012859812792214754,0.0,0.0,5,1.0,0.0
2021-10-05,-0.01240925501797967,-0.012609255017979671,0.4,0.0002,5,1.0,0.0
2021-10-06,0.03355714531001075,0.03335714531001075,0.4,0.0002,5,1.0,0.0
2021-10-07,-0.021843261738424748,-0.022043261738424746,0.4,0.0002,5,1.0,0.0
2021-10-08,0.020524729099544906,0.020324729099544907,0.4,0.0002,5,1.0,0.0
2021-10-11,-0.007176968566968922,-0.007376968566968922,0.4,0.0002,5,1.0,0.0
2021-10-12,0.00942389263690564,0.00922389263690564,0.4,0.0002,5,1.0,0.0
2021-10-13,0.020633483854652065,0.020633483854652065,0.0,0.0,5,1.0,0.0
2021-10-14,0.0037143752328067546,0.0037143752328067546,0.0,0.0,5,1.0,0.0
2021-10-15,-0.002950535191349757,-0.002950535191349757,0.0,0.0,5,1.0,0.0
2021-10-18,0.0014265360412341042,0.0014265360412341042,0.0,0.0,5,1.0,0.0
2021-10-19,0.012455870101487077,0.012455870101487077,0.0,0.0,5,1.0,0.0
2021-10-20,-0.02856931964018245,-0.02856931964018245,0.0,0.0,5,1.0,0.0
2021-10-21,-0.01940739378883054,-0.01940739378883054,0.0,0.0,5,1.0,0.0
2021-10-22,0.01761117903328313,0.01761117903328313,0.0,0.0,5,1.0,0.0
2021-10-25,0.010204953175715438,0.010204953175715438,0.0,0.0,5,1.0,0.0
2021-10-26,-0.0327459400429986,-0.0327459400429986,0.0,0.0,5,1.0,0.0
2021-10-27,0.020121445221986622,0.020121445221986622,0.0,0.0,5,1.0,0.0
2021-10-28,-0.013716135870313284,-0.013716135870313284,0.0,0.0,5,1.0,0.0
2021-10-29,0.062299193505215206,0.062299193505215206,0.0,0.0,5,1.0,0.0
2021-11-01,0.013708425916670102,0.013708425916670102,0.0,0.0,5,1.0,0.0
2021-11-02,0.013758598849052905,0.013758598849052905,0.0,0.0,5,1.0,0.0
2021-11-03,-0.006473798741122217,-0.006473798741122217,0.0,0.0,5,1.0,0.0
2021-11-04,0.020784378266916106,0.020784378266916106,0.0,0.0,5,1.0,0.0
2021-11-05,0.04945860056332543,0.04945860056332543,0.0,0.0,5,1.0,0.0
2021-11-08,-0.02067398108455603,-0.02067398108455603,0.0,0.0,5,1.0,0.0
2021-11-09,-0.04303688176537408,-0.04303688176537408,0.0,0.0,5,1.0,0.0
2021-11-10,0.010455538083582662,0.010455538083582662,0.0,0.0,5,1.0,0.0
2021-11-11,-0.009580806989973191,-0.009580806989973191,0.0,0.0,5,1.0,0.0
2021-11-12,0.017560666606068476,0.017360666606068477,0.4,0.0002,5,1.0,0.0
2021-11-15,0.04066164742002281,0.04046164742002281,0.4,0.0002,5,1.0,0.0
2021-11-16,-0.018002079849458542,-0.018002079849458542,0.0,0.0,5,1.0,0.0
2021-11-17,-0.003791326657474438,-0.003791326657474438,0.0,0.0,5,1.0,0.0
2021-11-18,0.012126965080208343,0.012126965080208343,0.0,0.0,5,1.0,0.0
2021-11-19,-0.028981002159881936,-0.029181002159881935,0.4,0.0002,5,1.0,0.0
2021-11-22,-0.02452526191031057,-0.02472526191031057,0.4,0.0002,5,1.0,0.0
2021-11-23,0.007502595955633119,0.007502595955633119,0.0,0.0,5,1.0,0.0
2021-11-24,-0.0555315819461099,-0.0555315819461099,0.0,0.0,5,1.0,0.0
2021-11-26,-0.0011540471219647188,-0.0013540471219647189,0.4,0.0002,5,1.0,0.0
2021-11-29,-0.06294758249409373,-0.06294758249409373,0.0,0.0,5,1.0,0.0
2021-11-30,-0.08505939504681975,-0.08505939504681975,0.0,0.0,5,1.0,0.0
2021-12-01,0.021119248098311783,0.020919248098311784,0.4,0.0002,5,1.0,0.0
2021-12-02,-0.02935070541597946,-0.02955070541597946,0.4,0.0002,5,1.0,0.0
2021-12-03,0.0018377403198733158,0.0016377403198733157,0.4,0.0002,5,1.0,0.0
2021-12-06,0.05484852678760659,0.05484852678760659,0.0,0.0,5,1.0,0.0
2021-12-07,0.009397566884368748,0.009197566884368747,0.4,0.0002,5,1.0,0.0
2021-12-08,-0.041846973318720566,-0.042046973318720565,0.4,0.0002,5,1.0,0.0
2021-12-09,-0.016889736810686017,-0.016889736810686017,0.0,0.0,5,1.0,0.0
2021-12-10,-0.0760040203016323,-0.0760040203016323,0.0,0.0,5,1.0,0.0
2021-12-13,0.022251175351829147,0.02205117535182915,0.4,0.0002,5,1.0,0.0
2021-12-14,0.009375226568540729,0.009375226568540729,0.0,0.0,5,1.0,0.0
2021-12-15,-0.02243052325223758,-0.02243052325223758,0.0,0.0,5,1.0,0.0
2021-12-16,0.011245375978465783,0.010845375978465783,0.8,0.0004,5,1.0,0.0
2021-12-17,0.01797078475587044,0.01777078475587044,0.4,0.0002,5,1.0,0.0
2021-12-20,0.002994100174237936,0.002994100174237936,0.0,0.0,5,1.0,0.0
2021-12-21,-0.017661148591885147,-0.017661148591885147,0.0,0.0,5,1.0,0.0
2021-12-22,0.028192875925893236,0.028192875925893236,0.0,0.0,5,1.0,0.0
2021-12-23,0.00439968761807792,0.00439968761807792,0.0,0.0,5,1.0,0.0
2021-12-27,-0.04120212331570348,-0.04120212331570348,0.0,0.0,5,1.0,0.0
2021-12-28,0.016129511095314488,0.016129511095314488,0.0,0.0,5,1.0,0.0
2021-12-29,0.008008721229095682,0.007808721229095682,0.4,0.0002,5,1.0,0.0
2021-12-30,-0.027571684185195046,-0.027971684185195047,0.8,0.0004,5,1.0,0.0
2021-12-31,0.019180720547256593,0.018980720547256594,0.4,0.0002,5,1.0,0.0
2022-01-03,-0.011463623667073096,-0.011663623667073096,0.4,0.0002,5,1.0,0.0
2022-01-04,-0.08222680906939814,-0.08222680906939814,0.0,0.0,5,1.0,0.0
2022-01-05,0.023219626273644958,0.023219626273644958,0.0,0.0,5,1.0,0.0
2022-01-06,0.018576771759829525,0.018576771759829525,0.0,0.0,5,1.0,0.0
2022-01-07,-0.017395748252454112,-0.017395748252454112,0.0,0.0,5,1.0,0.0
2022-01-10,0.03459248629774399,0.03439248629774399,0.4,0.0002,5,1.0,0.0
2022-01-11,0.008334703344389039,0.008134703344389038,0.4,0.0002,5,1.0,0.0
2022-01-12,-0.03556697951307226,-0.035766979513072256,0.4,0.0002,5,1.0,0.0
2022-01-13,0.009084259574809184,0.009084259574809184,0.0,0.0,5,1.0,0.0
2022-01-14,-0.033052349518186724,-0.033052349518186724,0.0,0.0,5,1.0,0.0
2022-01-18,-0.013648449635195695,-0.013648449635195695,0.0,0.0,5,1.0,0.0
2022-01-19,-0.023505715910784056,-0.023505715910784056,0.0,0.0,5,1.0,0.0
2022-01-20,-0.018009304405386152,-0.018009304405386152,0.0,0.0,5,1.0,0.0
2022-01-21,0.022283901347278465,0.022083901347278466,0.4,0.0002,5,1.0,0.0
2022-01-24,0.01837701046659484,0.01837701046659484,0.0,0.0,5,1.0,0.0
2022-01-25,0.013682755242350988,0.013482755242350987,0.4,0.0002,5,1.0,0.0
2022-01-26,-0.030007192266609244,-0.030207192266609242,0.4,0.0002,5,1.0,0.0
2022-01-27,0.01636045619949624,0.016160456199496243,0.4,0.0002,5,1.0,0.0
2022-01-28,0.0358630360395827,0.0356630360395827,0.4,0.0002,5,1.0,0.0
2022-01-31,0.02117705673625086,0.02097705673625086,0.4,0.0002,5,1.0,0.0
2022-02-01,-0.019552026350916685,-0.019752026350916684,0.4,0.0002,5,1.0,0.0
2022-02-02,-0.015582793011438258,-0.015782793011438256,0.4,0.0002,5,1.0,0.0
2022-02-03,0.017518262143179444,0.017118262143179443,0.8,0.0004,5,1.0,0.0
2022-02-04,0.003801729218464535,0.003801729218464535,0.0,0.0,5,1.0,0.0
2022-02-07,0.0069730739378039315,0.0069730739378039315,0.0,0.0,5,1.0,0.0
2022-02-08,0.06139678672507665,0.06139678672507665,0.0,0.0,5,1.0,0.0
2022-02-09,-0.02738445759760899,-0.02758445759760899,0.4,0.0002,5,1.0,0.0
2022-02-10,0.0004447366069373331,0.00024473660693733314,0.4,0.0002,5,1.0,0.0
2022-02-11,0.00030940908641234784,0.00030940908641234784,0.0,0.0,5,1.0,0.0
2022-02-14,0.005178742478783719,0.005178742478783719,0.0,0.0,5,1.0,0.0
2022-02-15,0.024286308706315964,0.024086308706315965,0.4,0.0002,5,1.0,0.0
2022-02-16,-0.02613731824765022,-0.026337318247650218,0.4,0.0002,5,1.0,0.0
2022-02-17,-0.012643442303062117,-0.012843442303062117,0.4,0.0002,5,1.0,0.0
2022-02-18,-0.0435020989312164,-0.0435020989312164,0.0,0.0,5,1.0,0.0
2022-02-22,-0.024313805783503128,-0.024513805783503127,0.4,0.0002,5,1.0,0.0
2022-02-23,0.041038022060779,0.041038022060779,0.0,0.0,5,1.0,0.0
2022-02-24,0.052949371150015814,0.052749371150015816,0.4,0.0002,5,1.0,0.0
2022-02-25,4.816588568976564e-05,4.816588568976564e-05,0.0,0.0,5,1.0,0.0
2022-02-28,-0.019321354719319662,-0.01952135471931966,0.4,0.0002,5,1.0,0.0
2022-03-01,0.02728878143199953,0.02728878143199953,0.0,0.0,5,1.0,0.0
2022-03-02,-0.02001689280386214,-0.02021689280386214,0.4,0.0002,5,1.0,0.0
2022-03-03,-0.015040243242080732,-0.015040243242080732,0.0,0.0,5,1.0,0.0
2022-03-04,-0.004111958536289716,-0.004311958536289716,0.4,0.0002,5,1.0,0.0
2022-03-07,0.0265374209715473,0.0263374209715473,0.4,0.0002,5,1.0,0.0
2022-03-08,0.01528674749364414,0.01528674749364414,0.0,0.0,5,1.0,0.0
2022-03-09,0.021350065392162068,0.021350065392162068,0.0,0.0,5,1.0,0.0
2022-03-10,-0.010069758560405729,-0.010269758560405729,0.4,0.0002,5,1.0,0.0
2022-03-11,-0.05326485880976966,-0.05326485880976966,0.0,0.0,5,1.0,0.0
2022-03-14,0.019035446574640024,0.019035446574640024,0.0,0.0,5,1.0,0.0
2022-03-15,0.054552507297023774,0.054552507297023774,0.0,0.0,5,1.0,0.0
2022-03-16,0.055088736134403064,0.055088736134403064,0.0,0.0,5,1.0,0.0
2022-03-17,0.005704805379433431,0.005704805379433431,0.0,0.0,5,1.0,0.0
2022-03-18,0.027508756342061694,0.027508756342061694,0.0,0.0,5,1.0,0.0
2022-03-21,0.002584182281720349,0.002584182281720349,0.0,0.0,5,1.0,0.0
2022-03-22,-0.003708589540467688,-0.003708589540467688,0.0,0.0,5,1.0,0.0
2022-03-23,0.005304113215965245,0.005104113215965245,0.4,0.0002,5,1.0,0.0
2022-03-24,0.01838127986451315,0.01818127986451315,0.4,0.0002,5,1.0,0.0
2022-03-25,-0.007695521175203714,-0.007895521175203713,0.4,0.0002,5,1.0,0.0
2022-03-28,0.01619523840146595,0.01619523840146595,0.0,0.0,5,1.0,0.0
2022-03-29,-0.01246166358793446,-0.01246166358793446,0.0,0.0,5,1.0,0.0
2022-03-30,-0.011653593462495327,-0.011653593462495327,0.0,0.0,5,1.0,0.0
2022-03-31,0.006066562313782509,0.006066562313782509,0.0,0.0,5,1.0,0.0
2022-04-01,0.016329503405458932,0.016329503405458932,0.0,0.0,5,1.0,0.0
2022-04-04,-0.016609089314422044,-0.016809089314422043,0.4,0.0002,5,1.0,0.0
2022-04-05,-0.015243200637752018,-0.015443200637752019,0.4,0.0002,5,1.0,0.0
2022-04-06,0.015571100432583402,0.015571100432583402,0.0,0.0,5,1.0,0.0
2022-04-07,0.03444541991020427,0.03424541991020427,0.4,0.0002,5,1.0,0.0
2022-04-08,-0.028300426117620073,-0.028500426117620072,0.4,0.0002,5,1.0,0.0
2022-04-11,0.015809389181220167,0.015609389181220167,0.4,0.0002,5,1.0,0.0
2022-04-12,0.05197925093134455,0.05177925093134455,0.4,0.0002,5,1.0,0.0
2022-04-13,-0.0024197353905766722,-0.0026197353905766723,0.4,0.0002,5,1.0,0.0
2022-04-14,0.026396658218401117,0.026396658218401117,0.0,0.0,5,1.0,0.0
2022-04-18,-0.003811872311118348,-0.004011872311118348,0.4,0.0002,5,1.0,0.0
2022-04-19,0.03345744862342843,0.03345744862342843,0.0,0.0,5,1.0,0.0
2022-04-20,-0.04392631976867792,-0.04412631976867792,0.4,0.0002,5,1.0,0.0
2022-04-21,-0.059556870814142515,-0.059556870814142515,0.0,0.0,5,1.0,0.0
2022-04-22,-0.013132438730634322,-0.013332438730634322,0.4,0.0002,5,1.0,0.0
2022-04-25,-0.023546627796424868,-0.023746627796424866,0.4,0.0002,5,1.0,0.0
2022-04-26,0.028726885983041052,0.028526885983041053,0.4,0.0002,5,1.0,0.0
2022-04-27,0.026324254582542107,0.026124254582542108,0.4,0.0002,5,1.0,0.0
2022-04-28,-0.020746600352083533,-0.020746600352083533,0.0,0.0,5,1.0,0.0
2022-04-29,0.007953457883617543,0.007953457883617543,0.0,0.0,5,1.0,0.0
2022-05-02,0.06132267149790352,0.06112267149790352,0.4,0.0002,5,1.0,0.0
2022-05-03,0.02317382184720431,0.02317382184720431,0.0,0.0,5,1.0,0.0
2022-05-04,-0.03912664861289299,-0.03912664861289299,0.0,0.0,5,1.0,0.0
2022-05-05,-0.023329481658105777,-0.023329481658105777,0.0,0.0,5,1.0,0.0
2022-05-06,-0.11101389967830044,-0.11101389967830044,0.0,0.0,5,1.0,0.0
2022-05-09,0.010281882318152993,0.010281882318152993,0.0,0.0,5,1.0,0.0
2022-05-10,0.01717516845276017,0.016975168452760172,0.4,0.0002,5,1.0,0.0
2022-05-11,0.0046921757564189395,0.004292175756418939,0.8,0.0004,5,1.0,0.0
2022-05-12,0.0318800400218773,0.0314800400218773,0.8,0.0004,5,1.0,0.0
2022-05-13,0.04860516929683008,0.04860516929683008,0.0,0.0,5,1.0,0.0
2022-05-16,0.025246938314432924,0.025246938314432924,0.0,0.0,5,1.0,0.0
2022-05-17,-0.0579916179163021,-0.0579916179163021,0.0,0.0,5,1.0,0.0
2022-05-18,-0.0017759071378182778,-0.0017759071378182778,0.0,0.0,5,1.0,0.0
2022-05-19,-0.0037664599988857187,-0.0037664599988857187,0.0,0.0,5,1.0,0.0
2022-05-20,0.05539363872333998,0.05539363872333998,0.0,0.0,5,1.0,0.0
2022-05-23,-0.014497040979579023,-0.014497040979579023,0.0,0.0,5,1.0,0.0
2022-05-24,0.03048018315223637,0.03048018315223637,0.0,0.0,5,1.0,0.0
2022-05-25,0.028917906834510013,0.028917906834510013,0.0,0.0,5,1.0,0.0
2022-05-26,0.051011472632219466,0.05081147263221947,0.4,0.0002,5,1.0,0.0
2022-05-27,-0.017664549220532223,-0.01786454922053222,0.4,0.0002,5,1.0,0.0
2022-05-31,0.04021401963042928,0.04021401963042928,0.0,0.0,5,1.0,0.0
2022-06-01,0.008355391618359211,0.00815539161835921,0.4,0.0002,5,1.0,0.0
2022-06-02,0.004243860372193975,0.004243860372193975,0.0,0.0,5,1.0,0.0
2022-06-03,0.004133306422699179,0.004133306422699179,0.0,0.0,5,1.0,0.0
2022-06-06,0.024981677916762514,0.024781677916762515,0.4,0.0002,5,1.0,0.0
2022-06-07,-0.01865449212345878,-0.01865449212345878,0.0,0.0,5,1.0,0.0
2022-06-08,-0.03960895169386114,-0.03960895169386114,0.0,0.0,5,1.0,0.0
2022-06-09,-0.022944977015685496,-0.022944977015685496,0.0,0.0,5,1.0,0.0
2022-06-10,-0.05386851178936068,-0.05406851178936068,0.4,0.0002,5,1.0,0.0
2022-06-13,-0.01607409226893657,-0.016274092268936568,0.4,0.0002,5,1.0,0.0
2022-06-14,-0.012381882148308068,-0.012581882148308068,0.4,0.0002,5,1.0,0.0
2022-06-15,-0.059697228588571745,-0.059897228588571744,0.4,0.0002,5,1.0,0.0
2022-06-16,-0.059323937877173896,-0.059323937877173896,0.0,0.0,5,1.0,0.0
2022-06-17,0.0304043561209006,0.0302043561209006,0.4,0.0002,5,1.0,0.0
2022-06-21,-0.048955408924992644,-0.04915540892499264,0.4,0.0002,5,1.0,0.0
2022-06-22,-0.0593777219522353,-0.0593777219522353,0.0,0.0,5,1.0,0.0
2022-06-23,0.028552154355312935,0.028552154355312935,0.0,0.0,5,1.0,0.0
2022-06-24,0.05275393503768573,0.05275393503768573,0.0,0.0,5,1.0,0.0
2022-06-27,0.014205121987543957,0.014005121987543957,0.4,0.0002,5,1.0,0.0
2022-06-28,-0.045344244610820435,-0.045544244610820434,0.4,0.0002,5,1.0,0.0
2022-06-29,-0.03392759914704795,-0.03392759914704795,0.0,0.0,5,1.0,0.0
2022-06-30,0.0062910461823029624,0.006091046182302963,0.4,0.0002,5,1.0,0.0
2022-07-01,-0.05587124811951894,-0.05607124811951894,0.4,0.0002,5,1.0,0.0
2022-07-05,-0.02086135681472654,-0.02106135681472654,0.4,0.0002,5,1.0,0.0
2022-07-06,0.0632121726503628,0.0630121726503628,0.4,0.0002,5,1.0,0.0
2022-07-07,-0.013304885991630865,-0.013504885991630865,0.4,0.0002,5,1.0,0.0
2022-07-08,-0.013018701699725188,-0.013218701699725189,0.4,0.0002,5,1.0,0.0
2022-07-11,-0.03454711749351362,-0.03474711749351362,0.4,0.0002,5,1.0,0.0
2022-07-12,0.016249953223335646,0.016249953223335646,0.0,0.0,5,1.0,0.0
2022-07-13,-0.024858533873658443,-0.024858533873658443,0.0,0.0,5,1.0,0.0
2022-07-14,0.02684390463637101,0.02684390463637101,0.0,0.0,5,1.0,0.0
2022-07-15,0.04954300985240008,0.04954300985240008,0.0,0.0,5,1.0,0.0
2022-07-18,0.030992954573975374,0.030792954573975375,0.4,0.0002,5,1.0,0.0
2022-07-19,0.001270443183170487,0.001270443183170487,0.0,0.0,5,1.0,0.0
2022-07-20,-0.02413881033141914,-0.024338810331419138,0.4,0.0002,5,1.0,0.0
2022-07-21,-0.026501768419969075,-0.026501768419969075,0.0,0.0,5,1.0,0.0
2022-07-22,0.024173998227647098,0.0239739982276471,0.4,0.0002,5,1.0,0.0
2022-07-25,-0.01123334253107331,-0.011433342531073311,0.4,0.0002,5,1.0,0.0
2022-07-26,0.024514640286619628,0.02431464028661963,0.4,0.0002,5,1.0,0.0
2022-07-27,-0.005254079620406027,-0.005254079620406027,0.0,0.0,5,1.0,0.0
2022-07-28,0.045150610722977526,0.045150610722977526,0.0,0.0,5,1.0,0.0
2022-07-29,0.0032902917410199805,0.0032902917410199805,0.0,0.0,5,1.0,0.0
2022-08-01,-0.006423569590186838,-0.006423569590186838,0.0,0.0,5,1.0,0.0
2022-08-02,-0.042449394527691614,-0.042449394527691614,0.0,0.0,5,1.0,0.0
2022-08-03,-0.0401210052089988,-0.0401210052089988,0.0,0.0,5,1.0,0.0
2022-08-04,0.022174452199036132,0.022174452199036132,0.0,0.0,5,1.0,0.0
2022-08-05,0.012994363565830103,0.012794363565830103,0.4,0.0002,5,1.0,0.0
2022-08-08,0.01154133822567136,0.01134133822567136,0.4,0.0002,5,1.0,0.0
2022-08-09,0.012206492287827286,0.012206492287827286,0.0,0.0,5,1.0,0.0
2022-08-10,0.03948418144234294,0.03928418144234294,0.4,0.0002,5,1.0,0.0
2022-08-11,-0.0027466545995524783,-0.0027466545995524783,0.0,0.0,5,1.0,0.0
2022-08-12,-0.026729971711526267,-0.026929971711526265,0.4,0.0002,5,1.0,0.0
2022-08-15,0.015094451267237276,0.015094451267237276,0.0,0.0,5,1.0,0.0
2022-08-16,-0.0033307902609468923,-0.0035307902609468924,0.4,0.0002,5,1.0,0.0
2022-08-17,0.046228816029545296,0.046228816029545296,0.0,0.0,5,1.0,0.0
2022-08-18,0.009970157757992816,0.009970157757992816,0.0,0.0,5,1.0,0.0
2022-08-19,0.005688914979092986,0.005688914979092986,0.0,0.0,5,1.0,0.0
2022-08-22,0.015080561151254647,0.014880561151254646,0.4,0.0002,5,1.0,0.0
2022-08-23,0.023279806522650888,0.023279806522650888,0.0,0.0,5,1.0,0.0
2022-08-24,-0.008282151420205741,-0.008282151420205741,0.0,0.0,5,1.0,0.0
2022-08-25,-0.003810696520809875,-0.004010696520809875,0.4,0.0002,5,1.0,0.0
2022-08-26,0.01339842393404065,0.01319842393404065,0.4,0.0002,5,1.0,0.0
2022-08-29,-0.050926860908777453,-0.05112686090877745,0.4,0.0002,5,1.0,0.0
2022-08-30,-0.008505048990191335,-0.008505048990191335,0.0,0.0,5,1.0,0.0
2022-08-31,-0.042805739413480676,-0.042805739413480676,0.0,0.0,5,1.0,0.0
2022-09-01,0.009495577127582557,0.009495577127582557,0.0,0.0,5,1.0,0.0
2022-09-02,-0.05542446943428554,-0.05562446943428554,0.4,0.0002,5,1.0,0.0
2022-09-06,-0.010147571565970882,-0.010347571565970883,0.4,0.0002,5,1.0,0.0
2022-09-07,0.010928325531813932,0.010728325531813932,0.4,0.0002,5,1.0,0.0
2022-09-08,0.037433567100556835,0.037233567100556836,0.4,0.0002,5,1.0,0.0
2022-09-09,0.027748715600789533,0.027548715600789534,0.4,0.0002,5,1.0,0.0
2022-09-12,-0.02350609594963394,-0.02350609594963394,0.0,0.0,5,1.0,0.0
2022-09-13,0.03006307647056268,0.03006307647056268,0.0,0.0,5,1.0,0.0
2022-09-14,-0.033521352967949204,-0.0337213529679492,0.4,0.0002,5,1.0,0.0
2022-09-15,-0.08678193608684273,-0.08678193608684273,0.0,0.0,5,1.0,0.0
2022-09-16,0.008944293390100678,0.008744293390100678,0.4,0.0002,5,1.0,0.0
2022-09-19,-0.004426639371206265,-0.004426639371206265,0.0,0.0,5,1.0,0.0
2022-09-20,-0.031010396170580573,-0.031210396170580572,0.4,0.0002,5,1.0,0.0
2022-09-21,-0.022847061436908622,-0.022847061436908622,0.0,0.0,5,1.0,0.0
2022-09-22,-0.06957871683127007,-0.06957871683127007,0.0,0.0,5,1.0,0.0
2022-09-23,-0.043855705768056336,-0.044055705768056334,0.4,0.0002,5,1.0,0.0
2022-09-26,0.017051144108740156,0.016851144108740158,0.4,0.0002,5,1.0,0.0
2022-09-27,0.04429137600455526,0.04409137600455526,0.4,0.0002,5,1.0,0.0
2022-09-28,-0.008468352067058338,-0.008468352067058338,0.0,0.0,5,1.0,0.0
2022-09-29,0.00020848596892182386,0.00020848596892182386,0.0,0.0,5,1.0,0.0
2022-09-30,0.03572786075825478,0.03552786075825478,0.4,0.0002,5,1.0,0.0
2022-10-03,0.043896839822795505,0.04369683982279551,0.4,0.0002,5,1.0,0.0
2022-10-04,0.0025919518097917704,0.0025919518097917704,0.0,0.0,5,1.0,0.0
2022-10-05,-0.006277489194356,-0.0064774891943559995,0.4,0.0002,5,1.0,0.0
2022-10-06,-0.023399214399387348,-0.02379921439938735,0.8,0.0004,5,1.0,0.0
2022-10-07,0.003799398115999942,0.003599398115999942,0.4,0.0002,5,1.0,0.0
2022-10-10,-0.00331854356371597,-0.00351854356371597,0.4,0.0002,5,1.0,0.0
2022-10-11,-0.025126828641137466,-0.025326828641137465,0.4,0.0002,5,1.0,0.0
2022-10-12,0.02685444847858629,0.02685444847858629,0.0,0.0,5,1.0,0.0
2022-10-13,-0.03752700785898566,-0.03772700785898566,0.4,0.0002,5,1.0,0.0
2022-10-14,0.032385737530995856,0.03218573753099586,0.4,0.0002,5,1.0,0.0
2022-10-17,0.009503312597515134,0.009103312597515135,0.8,0.0004,5,1.0,0.0
2022-10-18,-0.004109763717945358,-0.004309763717945358,0.4,0.0002,5,1.0,0.0
2022-10-19,-0.008694878783987359,-0.008694878783987359,0.0,0.0,5,1.0,0.0
2022-10-20,0.023275970537501613,0.023075970537501614,0.4,0.0002,5,1.0,0.0
2022-10-21,-0.003139855360368826,-0.003339855360368826,0.4,0.0002,5,1.0,0.0
2022-10-24,0.017978213238767537,0.017778213238767538,0.4,0.0002,5,1.0,0.0
2022-10-25,0.017173625056020516,0.016973625056020517,0.4,0.0002,5,1.0,0.0
2022-10-26,0.012383135552081505,0.012183135552081505,0.4,0.0002,5,1.0,0.0
2022-10-27,0.003791611458313127,0.003591611458313127,0.4,0.0002,5,1.0,0.0
2022-10-28,-0.007925367654080074,-0.007925367654080074,0.0,0.0,5,1.0,0.0
2022-10-31,0.002291236992664537,0.002291236992664537,0.0,0.0,5,1.0,0.0
2022-11-01,-0.018147646832087274,-0.018347646832087273,0.4,0.0002,5,1.0,0.0
2022-11-02,0.0057720051813415114,0.005572005181341512,0.4,0.0002,5,1.0,0.0
2022-11-03,0.011476119781884741,0.011076119781884742,0.8,0.0004,5,1.0,0.0
2022-11-04,0.004386639281476092,0.004386639281476092,0.0,0.0,5,1.0,0.0
2022-11-07,-0.030303131819878138,-0.030503131819878137,0.4,0.0002,5,1.0,0.0
2022-11-08,-0.03984484205661605,-0.04024484205661605,0.8,0.0004,5,1.0,0.0
2022-11-09,0.022429145216733514,0.022029145216733513,0.8,0.0004,5,1.0,0.0
2022-11-10,0.03019273560949212,0.02999273560949212,0.4,0.0002,5,1.0,0.0
2022-11-11,-0.017607312006391363,-0.017607312006391363,0.0,0.0,5,1.0,0.0
2022-11-14,0.012964404242930973,0.012964404242930973,0.0,0.0,5,1.0,0.0
2022-11-15,-0.0288464258776155,-0.0290464258776155,0.4,0.0002,5,1.0,0.0
2022-11-16,-0.011351260990393807,-0.011351260990393807,0.0,0.0,5,1.0,0.0
2022-11-17,-0.0011946252491348511,-0.0013946252491348512,0.4,0.0002,5,1.0,0.0
2022-11-18,-0.010414269787495689,-0.01061426978749569,0.4,0.0002,5,1.0,0.0
2022-11-21,0.015017559354322143,0.014817559354322142,0.4,0.0002,5,1.0,0.0
2022-11-22,-0.005142249825643686,-0.005342249825643686,0.4,0.0002,5,1.0,0.0
2022-11-23,0.014367991922085288,0.014367991922085288,0.0,0.0,5,1.0,0.0
2022-11-25,-0.017982190096953857,-0.018182190096953856,0.4,0.0002,5,1.0,0.0
2022-11-28,0.020800267188643275,0.020800267188643275,0.0,0.0,5,1.0,0.0
2022-11-29,0.013754337481035717,0.013754337481035717,0.0,0.0,5,1.0,0.0
2022-11-30,-0.01498568409746095,-0.01498568409746095,0.0,0.0,5,1.0,0.0
2022-12-01,-0.0036644670582082874,-0.0036644670582082874,0.0,0.0,5,1.0,0.0
2022-12-02,-0.04059583321703944,-0.04079583321703944,0.4,0.0002,5,1.0,0.0
2022-12-05,-0.0435232299146475,-0.0439232299146475,0.8,0.0004,5,1.0,0.0
2022-12-06,0.005664319788254591,0.005264319788254591,0.8,0.0004,5,1.0,0.0
2022-12-07,-0.008465079635249851,-0.008665079635249852,0.4,0.0002,5,1.0,0.0
2022-12-08,-0.025415774845348668,-0.02581577484534867,0.8,0.0004,5,1.0,0.0
2022-12-09,0.048399213693134865,0.04819921369313487,0.4,0.0002,5,1.0,0.0
2022-12-12,0.01955248120270201,0.019352481202702013,0.4,0.0002,5,1.0,0.0
2022-12-13,-0.008860341344097456,-0.009260341344097455,0.8,0.0004,5,1.0,0.0
2022-12-14,-0.010653995576201992,-0.010653995576201992,0.0,0.0,5,1.0,0.0
2022-12-15,-0.0025194974490294173,-0.0027194974490294174,0.4,0.0002,5,1.0,0.0
2022-12-16,-0.0038476036249824397,-0.0038476036249824397,0.0,0.0,5,1.0,0.0
2022-12-19,0.028751105858202022,0.02835110585820202,0.8,0.0004,5,1.0,0.0
2022-12-20,0.03027273567071638,0.03007273567071638,0.4,0.0002,5,1.0,0.0
2022-12-21,-0.01999214804278151,-0.02039214804278151,0.8,0.0004,5,1.0,0.0
2022-12-22,0.012845158808403492,0.012645158808403492,0.4,0.0002,5,1.0,0.0
2022-12-23,-0.006154060258655549,-0.006154060258655549,0.0,0.0,5,1.0,0.0
2022-12-27,-0.007351336755416528,-0.007551336755416528,0.4,0.0002,5,1.0,0.0
2022-12-28,0.015223101857510635,0.015023101857510634,0.4,0.0002,5,1.0,0.0
2022-12-29,0.0040770274898596975,0.0038770274898596974,0.4,0.0002,5,1.0,0.0
2022-12-30,-0.01929380911179468,-0.01949380911179468,0.4,0.0002,5,1.0,0.0
2023-01-03,-0.0015840490632730304,-0.0015840490632730304,0.0,0.0,5,1.0,0.0
2023-01-04,0.018943078384306204,0.018943078384306204,0.0,0.0,5,1.0,0.0
2023-01-05,0.02980315786736505,0.029603157867365053,0.4,0.0002,5,1.0,0.0
2023-01-06,0.006277820618250241,0.006277820618250241,0.0,0.0,5,1.0,0.0
2023-01-09,0.0016064874134780434,0.0016064874134780434,0.0,0.0,5,1.0,0.0
2023-01-10,-0.01758263879663511,-0.01798263879663511,0.8,0.0004,5,1.0,0.0
2023-01-11,0.03057739223634919,0.03037739223634919,0.4,0.0002,5,1.0,0.0
2023-01-12,0.02672454735599197,0.02632454735599197,0.8,0.0004,5,1.0,0.0
2023-01-13,0.022146270908633664,0.021946270908633665,0.4,0.0002,5,1.0,0.0
2023-01-17,-0.026866015416747754,-0.027066015416747753,0.4,0.0002,5,1.0,0.0
2023-01-18,-0.029015843847407075,-0.029415843847407076,0.8,0.0004,5,1.0,0.0
2023-01-19,0.03287498746787377,0.03267498746787377,0.4,0.0002,5,1.0,0.0
2023-01-20,-0.000477350884041661,-0.000677350884041661,0.4,0.0002,5,1.0,0.0
2023-01-23,-0.009255032442490173,-0.009255032442490173,0.0,0.0,5,1.0,0.0
2023-01-24,-0.022931020203272805,-0.023131020203272804,0.4,0.0002,5,1.0,0.0
2023-01-25,-0.023461804014446353,-0.023461804014446353,0.0,0.0,5,1.0,0.0
2023-01-26,-0.03769675571546121,-0.03769675571546121,0.0,0.0,5,1.0,0.0
2023-01-27,-0.002866495825588601,-0.003066495825588601,0.4,0.0002,5,1.0,0.0
2023-01-30,0.02788168596421596,0.02788168596421596,0.0,0.0,5,1.0,0.0
2023-01-31,0.008265835931141163,0.008265835931141163,0.0,0.0,5,1.0,0.0
2023-02-01,0.0016259212354496448,0.0014259212354496447,0.4,0.0002,5,1.0,0.0
2023-02-02,-0.0688694436963804,-0.0690694436963804,0.4,0.0002,5,1.0,0.0
2023-02-03,-0.040233664324145615,-0.040233664324145615,0.0,0.0,5,1.0,0.0
2023-02-06,-0.010953924439182328,-0.011153924439182328,0.4,0.0002,5,1.0,0.0
2023-02-07,-0.009862453892571144,-0.009862453892571144,0.0,0.0,5,1.0,0.0
2023-02-08,-0.007577396595552233,-0.007777396595552232,0.4,0.0002,5,1.0,0.0
2023-02-09,-0.02285033720044778,-0.02285033720044778,0.0,0.0,5,1.0,0.0
2023-02-10,0.0011253139328228027,0.0011253139328228027,0.0,0.0,5,1.0,0.0
2023-02-13,0.01978536686397898,0.01978536686397898,0.0,0.0,5,1.0,0.0
2023-02-14,0.04153625944502773,0.04153625944502773,0.0,0.0,5,1.0,0.0
2023-02-15,-0.004060427614725892,-0.0042604276147258915,0.4,0.0002,5,1.0,0.0
2023-02-16,0.014559437981365763,0.014359437981365762,0.4,0.0002,5,1.0,0.0
2023-02-17,-0.02915143652409562,-0.02935143652409562,0.4,0.0002,5,1.0,0.0
2023-02-21,0.024761425208702947,0.024761425208702947,0.0,0.0,5,1.0,0.0
2023-02-22,0.002427224670505888,0.002227224670505888,0.4,0.0002,5,1.0,0.0
2023-02-23,-0.037297659266056396,-0.037497659266056395,0.4,0.0002,5,1.0,0.0
2023-02-24,-0.02594350879486256,-0.02614350879486256,0.4,0.0002,5,1.0,0.0
2023-02-27,-0.014087421724472214,-0.014287421724472215,0.4,0.0002,5,1.0,0.0
2023-02-28,0.06251405426247611,0.06251405426247611,0.0,0.0,5,1.0,0.0
2023-03-01,0.041881402421940425,0.041681402421940426,0.4,0.0002,5,1.0,0.0
2023-03-02,0.061676091125476236,0.06147609112547624,0.4,0.0002,5,1.0,0.0
2023-03-03,-0.00024866378842944726,-0.00044866378842944724,0.4,0.0002,5,1.0,0.0
2023-03-06,-0.018761851316671695,-0.018961851316671694,0.4,0.0002,5,1.0,0.0
2023-03-07,-0.009436305487513952,-0.009436305487513952,0.0,0.0,5,1.0,0.0
2023-03-08,-0.040016900093043616,-0.040016900093043616,0.0,0.0,5,1.0,0.0
2023-03-09,-0.03319036107430298,-0.03339036107430298,0.4,0.0002,5,1.0,0.0
2023-03-10,-0.02278376071669648,-0.02278376071669648,0.0,0.0,5,1.0,0.0
2023-03-13,0.006912181463072576,0.006512181463072576,0.8,0.0004,5,1.0,0.0
2023-03-14,-0.028992928840282487,-0.029192928840282486,0.4,0.0002,5,1.0,0.0
2023-03-15,0.024814658428320785,0.024614658428320786,0.4,0.0002,5,1.0,0.0
2023-03-16,-0.032430942661710184,-0.032430942661710184,0.0,0.0,5,1.0,0.0
2023-03-17,0.011142007390331953,0.010742007390331954,0.8,0.0004,5,1.0,0.0
2023-03-20,0.012549000916223307,0.012349000916223306,0.4,0.0002,5,1.0,0.0
2023-03-21,-0.019447933534501364,-0.019847933534501365,0.8,0.0004,5,1.0,0.0
2023-03-22,0.02045947466064604,0.02025947466064604,0.4,0.0002,5,1.0,0.0
2023-03-23,-0.0006988109830424983,-0.0008988109830424983,0.4,0.0002,5,1.0,0.0
2023-03-24,0.016995011179301044,0.016995011179301044,0.0,0.0,5,1.0,0.0
2023-03-27,0.02794894046705734,0.02794894046705734,0.0,0.0,5,1.0,0.0
2023-03-28,0.011998577336624794,0.011998577336624794,0.0,0.0,5,1.0,0.0
2023-03-29,-0.0033132701044814574,-0.0033132701044814574,0.0,0.0,5,1.0,0.0
2023-03-30,0.00791736735992108,0.00791736735992108,0.0,0.0,5,1.0,0.0
2023-03-31,0.01216458962623399,0.01196458962623399,0.4,0.0002,5,1.0,0.0
2023-04-03,-0.033833804490495244,-0.033833804490495244,0.0,0.0,5,1.0,0.0
2023-04-04,-0.029780492134964545,-0.029780492134964545,0.0,0.0,5,1.0,0.0
2023-04-05,0.005037927426943089,0.005037927426943089,0.0,0.0,5,1.0,0.0
2023-04-06,-0.005933513976917058,-0.005933513976917058,0.0,0.0,5,1.0,0.0
2023-04-10,0.003376200159628717,0.003376200159628717,0.0,0.0,5,1.0,0.0
2023-04-11,-0.003790523205869099,-0.003790523205869099,0.0,0.0,5,1.0,0.0
2023-04-12,0.011970353320037309,0.011970353320037309,0.0,0.0,5,1.0,0.0
2023-04-13,0.005958792724177142,0.005958792724177142,0.0,0.0,5,1.0,0.0
2023-04-14,0.032704298571089654,0.032704298571089654,0.0,0.0,5,1.0,0.0
2023-04-17,0.03963985518117215,0.03943985518117215,0.4,0.0002,5,1.0,0.0
2023-04-18,0.02007331393344658,0.02007331393344658,0.0,0.0,5,1.0,0.0
2023-04-19,0.0004906649501194688,0.0004906649501194688,0.0,0.0,5,1.0,0.0
2023-04-20,-0.005240763462557152,-0.005440763462557152,0.4,0.0002,5,1.0,0.0
2023-04-21,-0.021415578860813446,-0.021615578860813445,0.4,0.0002,5,1.0,0.0
2023-04-24,-0.03237753493092526,-0.03237753493092526,0.0,0.0,5,1.0,0.0
2023-04-25,0.025094246266081654,0.025094246266081654,0.0,0.0,5,1.0,0.0
2023-04-26,-0.013770549211397445,-0.013770549211397445,0.0,0.0,5,1.0,0.0
2023-04-27,0.030676342601317998,0.030676342601317998,0.0,0.0,5,1.0,0.0
2023-04-28,-0.00016644799115024273,-0.00016644799115024273,0.0,0.0,5,1.0,0.0
2023-05-01,-0.04116407509197513,-0.04116407509197513,0.0,0.0,5,1.0,0.0
2023-05-02,-0.0026511801794153016,-0.0028511801794153017,0.4,0.0002,5,1.0,0.0
2023-05-03,0.0027265359718513515,0.0027265359718513515,0.0,0.0,5,1.0,0.0
2023-05-04,0.008428703239631276,0.008228703239631275,0.4,0.0002,5,1.0,0.0
2023-05-05,0.014314534071220764,0.014114534071220763,0.4,0.0002,5,1.0,0.0
2023-05-08,-0.019554656139064732,-0.019554656139064732,0.0,0.0,5,1.0,0.0
2023-05-09,-0.018707730770041574,-0.018907730770041573,0.4,0.0002,5,1.0,0.0
2023-05-10,0.003879759240895609,0.003679759240895609,0.4,0.0002,5,1.0,0.0
2023-05-11,-0.01956915175455012,-0.01976915175455012,0.4,0.0002,5,1.0,0.0
2023-05-12,0.03872889672091362,0.03852889672091362,0.4,0.0002,5,1.0,0.0
2023-05-15,-0.007576687550895401,-0.0077766875508954005,0.4,0.0002,5,1.0,0.0
2023-05-16,-0.017595398801902067,-0.017795398801902066,0.4,0.0002,5,1.0,0.0
2023-05-17,0.009950135433927977,0.009750135433927977,0.4,0.0002,5,1.0,0.0
2023-05-18,-0.018091961613391286,-0.018091961613391286,0.0,0.0,5,1.0,0.0
2023-05-19,0.018581883985307534,0.018581883985307534,0.0,0.0,5,1.0,0.0
2023-05-22,-0.01281788074614696,-0.013017880746146961,0.4,0.0002,5,1.0,0.0
2023-05-23,0.007454056354234509,0.007454056354234509,0.0,0.0,5,1.0,0.0
2023-05-24,0.05064693145431239,0.05064693145431239,0.0,0.0,5,1.0,0.0
2023-05-25,0.010734307595720693,0.010734307595720693,0.0,0.0,5,1.0,0.0
2023-05-26,-0.0015159713737125766,-0.0017159713737125767,0.4,0.0002,5,1.0,0.0
2023-05-30,-0.010356880791022394,-0.010356880791022394,0.0,0.0,5,1.0,0.0
2023-05-31,0.032486369486327486,0.032486369486327486,0.0,0.0,5,1.0,0.0
2023-06-01,0.018942583656348176,0.018942583656348176,0.0,0.0,5,1.0,0.0
2023-06-02,0.0036640709844312667,0.0034640709844312666,0.4,0.0002,5,1.0,0.0
2023-06-05,0.02405408191521956,0.02405408191521956,0.0,0.0,5,1.0,0.0
2023-06-06,0.016171657673667086,0.016171657673667086,0.0,0.0,5,1.0,0.0
2023-06-07,0.011305545226291036,0.011305545226291036,0.0,0.0,5,1.0,0.0
2023-06-08,-0.0010717701076847562,-0.0012717701076847563,0.4,0.0002,5,1.0,0.0
2023-06-09,7.086724219484931e-05,-0.0003291327578051507,0.8,0.0004,5,1.0,0.0
2023-06-12,-0.014414809330195056,-0.014414809330195056,0.0,0.0,5,1.0,0.0
2023-06-13,0.004841381010195756,0.0046413810101957565,0.4,0.0002,5,1.0,0.0
2023-06-14,0.011232894734424037,0.011032894734424037,0.4,0.0002,5,1.0,0.0
2023-06-15,-0.02483637271078432,-0.02483637271078432,0.0,0.0,5,1.0,0.0
2023-06-16,-0.0006172007587859304,-0.0006172007587859304,0.0,0.0,5,1.0,0.0
2023-06-20,0.006095749395696793,0.006095749395696793,0.0,0.0,5,1.0,0.0
2023-06-21,0.005167224193970867,0.004967224193970867,0.4,0.0002,5,1.0,0.0
2023-06-22,-0.02576678608037735,-0.02576678608037735,0.0,0.0,5,1.0,0.0
2023-06-23,0.02516742283700626,0.024967422837006262,0.4,0.0002,5,1.0,0.0
2023-06-26,-0.008755499049767601,-0.008755499049767601,0.0,0.0,5,1.0,0.0
2023-06-27,0.02155768905691322,0.021157689056913218,0.8,0.0004,5,1.0,0.0
2023-06-28,0.011241420252633971,0.01104142025263397,0.4,0.0002,5,1.0,0.0
2023-06-29,0.02388180959734645,0.02348180959734645,0.8,0.0004,5,1.0,0.0
2023-06-30,0.00716235436563506,0.00716235436563506,0.0,0.0,5,1.0,0.0
2023-07-03,-0.008392846412594659,-0.008792846412594658,0.8,0.0004,5,1.0,0.0
2023-07-05,-0.03105284637680357,-0.03125284637680357,0.4,0.0002,5,1.0,0.0
2023-07-06,0.01784523311306108,0.01784523311306108,0.0,0.0,5,1.0,0.0
2023-07-07,0.013186922471268115,0.012986922471268115,0.4,0.0002,5,1.0,0.0
2023-07-10,0.007924073330996317,0.007724073330996318,0.4,0.0002,5,1.0,0.0
2023-07-11,0.016503548612388987,0.016303548612388988,0.4,0.0002,5,1.0,0.0
2023-07-12,0.03472960708598909,0.034529607085989095,0.4,0.0002,5,1.0,0.0
2023-07-13,-0.016418263087137144,-0.016418263087137144,0.0,0.0,5,1.0,0.0
2023-07-14,0.05275915089364194,0.052559150893641944,0.4,0.0002,5,1.0,0.0
2023-07-17,0.035583290708394076,0.035583290708394076,0.0,0.0,5,1.0,0.0
2023-07-18,-0.03311207419112472,-0.03311207419112472,0.0,0.0,5,1.0,0.0
2023-07-19,-0.022751502414127094,-0.022751502414127094,0.0,0.0,5,1.0,0.0
2023-07-20,-0.014694254546033483,-0.014894254546033483,0.4,0.0002,5,1.0,0.0
2023-07-21,-0.015410757339938776,-0.015610757339938776,0.4,0.0002,5,1.0,0.0
2023-07-24,0.007558153305495762,0.0073581533054957625,0.4,0.0002,5,1.0,0.0
2023-07-25,-0.02744082167721518,-0.02764082167721518,0.4,0.0002,5,1.0,0.0
2023-07-26,-0.05582898399822003,-0.05582898399822003,0.0,0.0,5,1.0,0.0
2023-07-27,0.030479968371784884,0.030279968371784885,0.4,0.0002,5,1.0,0.0
2023-07-28,0.018844958074913754,0.018644958074913755,0.4,0.0002,5,1.0,0.0
2023-07-31,0.01585087298005088,0.01585087298005088,0.0,0.0,5,1.0,0.0
2023-08-01,0.027293082823505004,0.027093082823505005,0.4,0.0002,5,1.0,0.0
2023-08-02,-0.02642949022021193,-0.026629490220211927,0.4,0.0002,5,1.0,0.0
2023-08-03,0.12988990422886001,0.12988990422886001,0.0,0.0,5,1.0,0.0
2023-08-04,0.032248612603820705,0.032048612603820706,0.4,0.0002,5,1.0,0.0
2023-08-07,0.0177706289618619,0.0175706289618619,0.4,0.0002,5,1.0,0.0
2023-08-08,-0.08008749667506454,-0.08008749667506454,0.0,0.0,5,1.0,0.0
2023-08-09,0.04593843988502962,0.04593843988502962,0.0,0.0,5,1.0,0.0
2023-08-10,-0.01849031559074836,-0.01869031559074836,0.4,0.0002,5,1.0,0.0
2023-08-11,0.048985131659629165,0.048785131659629166,0.4,0.0002,5,1.0,0.0
2023-08-14,-0.04264163058656438,-0.04264163058656438,0.0,0.0,5,1.0,0.0
2023-08-15,-0.05732895431542768,-0.05752895431542768,0.4,0.0002,5,1.0,0.0
2023-08-16,-0.033592146799476065,-0.033592146799476065,0.0,0.0,5,1.0,0.0
2023-08-17,-0.0072047607179768,-0.0072047607179768,0.0,0.0,5,1.0,0.0
2023-08-18,0.04337378815885471,0.04337378815885471,0.0,0.0,5,1.0,0.0
2023-08-21,-0.0022895234836615153,-0.0022895234836615153,0.0,0.0,5,1.0,0.0
2023-08-22,0.05112152596845351,0.05112152596845351,0.0,0.0,5,1.0,0.0
2023-08-23,-0.0633710195680884,-0.0635710195680884,0.4,0.0002,5,1.0,0.0
2023-08-24,-0.018832600531380694,-0.019032600531380693,0.4,0.0002,5,1.0,0.0
2023-08-25,0.017455581831974265,0.017255581831974266,0.4,0.0002,5,1.0,0.0
2023-08-28,0.07263722567683932,0.07263722567683932,0.0,0.0,5,1.0,0.0
2023-08-29,0.02086663435243943,0.02066663435243943,0.4,0.0002,5,1.0,0.0
2023-08-30,0.007412609453042698,0.007412609453042698,0.0,0.0,5,1.0,0.0
2023-08-31,0.016328182400698665,0.016128182400698667,0.4,0.0002,5,1.0,0.0
2023-09-01,0.0035770499275486825,0.0033770499275486824,0.4,0.0002,5,1.0,0.0
2023-09-05,-0.006857097049494753,-0.0072570970494947535,0.8,0.0004,5,1.0,0.0
2023-09-06,-0.041070138415730525,-0.041070138415730525,0.0,0.0,5,1.0,0.0
2023-09-07,-0.01084354719979259,-0.01124354719979259,0.8,0.0004,5,1.0,0.0
2023-09-08,-0.015225599889916364,-0.015425599889916364,0.4,0.0002,5,1.0,0.0
2023-09-11,-0.01920877326171251,-0.01920877326171251,0.0,0.0,5,1.0,0.0
2023-09-12,-0.054514593028229814,-0.05471459302822981,0.4,0.0002,5,1.0,0.0
2023-09-13,0.04441221098528852,0.04421221098528852,0.4,0.0002,5,1.0,0.0
2023-09-14,-0.019253769592994317,-0.01965376959299432,0.8,0.0004,5,1.0,0.0
2023-09-15,0.0018303908836287738,0.0016303908836287737,0.4,0.0002,5,1.0,0.0
2023-09-18,-0.008727843613665898,-0.008927843613665899,0.4,0.0002,5,1.0,0.0
2023-09-19,-0.016891877010484807,-0.017091877010484806,0.4,0.0002,5,1.0,0.0
2023-09-20,-0.0385783288206859,-0.0387783288206859,0.4,0.0002,5,1.0,0.0
2023-09-21,0.003568083836811687,0.0031680838368116867,0.8,0.0004,5,1.0,0.0
2023-09-22,-0.0051659245689312586,-0.0051659245689312586,0.0,0.0,5,1.0,0.0
2023-09-25,-0.016326853796478847,-0.016726853796478848,0.8,0.0004,5,1.0,0.0
2023-09-26,0.002824107923259181,0.002624107923259181,0.4,0.0002,5,1.0,0.0
2023-09-27,0.054017282902889756,0.05381728290288976,0.4,0.0002,5,1.0,0.0
2023-09-28,-0.005976780443866625,-0.006176780443866625,0.4,0.0002,5,1.0,0.0
2023-09-29,-0.021488108255439165,-0.021688108255439164,0.4,0.0002,5,1.0,0.0
2023-10-02,-0.05300549740714633,-0.05320549740714633,0.4,0.0002,5,1.0,0.0
2023-10-03,-0.011738975117061966,-0.011938975117061967,0.4,0.0002,5,1.0,0.0
2023-10-04,-0.001331674081072399,-0.001531674081072399,0.4,0.0002,5,1.0,0.0
2023-10-05,0.0227499293150053,0.022549929315005303,0.4,0.0002,5,1.0,0.0
2023-10-06,-0.019274941631614185,-0.019474941631614184,0.4,0.0002,5,1.0,0.0
2023-10-09,0.014391610111192277,0.014391610111192277,0.0,0.0,5,1.0,0.0
2023-10-10,0.003710878448737543,0.003510878448737543,0.4,0.0002,5,1.0,0.0
2023-10-11,-0.041770731435119626,-0.041970731435119625,0.4,0.0002,5,1.0,0.0
2023-10-12,-0.0405876212431318,-0.040787621243131796,0.4,0.0002,5,1.0,0.0
2023-10-13,0.02117872333956377,0.02117872333956377,0.0,0.0,5,1.0,0.0
2023-10-16,0.006785232694443422,0.006585232694443422,0.4,0.0002,5,1.0,0.0
2023-10-17,-0.04644256565547407,-0.04644256565547407,0.0,0.0,5,1.0,0.0
2023-10-18,-0.03397914033948719,-0.03397914033948719,0.0,0.0,5,1.0,0.0
2023-10-19,-0.03651600159977757,-0.03651600159977757,0.0,0.0,5,1.0,0.0
2023-10-20,0.0167086568545195,0.0167086568545195,0.0,0.0,5,1.0,0.0
2023-10-23,0.025888745515327827,0.025888745515327827,0.0,0.0,5,1.0,0.0
2023-10-24,-0.0361552526928125,-0.0361552526928125,0.0,0.0,5,1.0,0.0
2023-10-25,-0.0292150508316513,-0.029415050831651298,0.4,0.0002,5,1.0,0.0
2023-10-26,0.0038025344284987827,0.0038025344284987827,0.0,0.0,5,1.0,0.0
2023-10-27,-0.019331638619266987,-0.019531638619266985,0.4,0.0002,5,1.0,0.0
2023-10-30,0.020230606852493848,0.02003060685249385,0.4,0.0002,5,1.0,0.0
2023-10-31,0.01722279931341204,0.01722279931341204,0.0,0.0,5,1.0,0.0
2023-11-01,0.057803595679102385,0.057803595679102385,0.0,0.0,5,1.0,0.0
2023-11-02,0.05142355118089954,0.051223551180899544,0.4,0.0002,5,1.0,0.0
2023-11-03,0.01768247553892446,0.01728247553892446,0.8,0.0004,5,1.0,0.0
2023-11-06,0.015774445797874372,0.015574445797874372,0.4,0.0002,5,1.0,0.0
2023-11-07,-0.008339306146570547,-0.008539306146570547,0.4,0.0002,5,1.0,0.0
2023-11-08,-0.03150866504374663,-0.03190866504374663,0.8,0.0004,5,1.0,0.0
2023-11-09,-0.01559798120051048,-0.01579798120051048,0.4,0.0002,5,1.0,0.0
2023-11-10,0.05156444596994714,0.05136444596994714,0.4,0.0002,5,1.0,0.0
2023-11-13,0.1075016966136452,0.10730169661364519,0.4,0.0002,5,1.0,0.0
2023-11-14,0.01814033271066038,0.01814033271066038,0.0,0.0,5,1.0,0.0
2023-11-15,-0.023512464735675143,-0.023512464735675143,0.0,0.0,5,1.0,0.0
2023-11-16,0.009009518780208281,0.009009518780208281,0.0,0.0,5,1.0,0.0
2023-11-17,0.050332147832682986,0.050332147832682986,0.0,0.0,5,1.0,0.0
2023-11-20,0.03465084122777798,0.03465084122777798,0.0,0.0,5,1.0,0.0
2023-11-21,0.008099886266404212,0.008099886266404212,0.0,0.0,5,1.0,0.0
2023-11-22,-0.015764595296764106,-0.015764595296764106,0.0,0.0,5,1.0,0.0
2023-11-24,0.04489934860951224,0.04469934860951224,0.4,0.0002,5,1.0,0.0
2023-11-27,-0.008530656198934828,-0.008730656198934829,0.4,0.0002,5,1.0,0.0
2023-11-28,0.0077255576111747055,0.007525557611174706,0.4,0.0002,5,1.0,0.0
2023-11-29,-0.010342218657411697,-0.010542218657411697,0.4,0.0002,5,1.0,0.0
2023-11-30,0.09895568585018362,0.09895568585018362,0.0,0.0,5,1.0,0.0
2023-12-01,0.05271852027708763,0.05271852027708763,0.0,0.0,5,1.0,0.0
2023-12-04,-0.02193401515384401,-0.02213401515384401,0.4,0.0002,5,1.0,0.0
2023-12-05,-0.009285854160429777,-0.009285854160429777,0.0,0.0,5,1.0,0.0
2023-12-06,0.021048868857665638,0.02084886885766564,0.4,0.0002,5,1.0,0.0
2023-12-07,0.04154432076022119,0.04154432076022119,0.0,0.0,5,1.0,0.0
2023-12-08,-0.013433614633840607,-0.013433614633840607,0.0,0.0,5,1.0,0.0
2023-12-11,0.007277794198803656,0.007277794198803656,0.0,0.0,5,1.0,0.0
2023-12-12,0.07438637008934078,0.07438637008934078,0.0,0.0,5,1.0,0.0
2023-12-13,0.04426903779368399,0.04426903779368399,0.0,0.0,5,1.0,0.0
2023-12-14,0.018306907286654628,0.018306907286654628,0.0,0.0,5,1.0,0.0
2023-12-15,0.023963830305130742,0.023963830305130742,0.0,0.0,5,1.0,0.0
2023-12-18,0.03470444877507282,0.03450444877507282,0.4,0.0002,5,1.0,0.0
2023-12-19,-0.05435128338986373,-0.05435128338986373,0.0,0.0,5,1.0,0.0
2023-12-20,0.017678061928652268,0.017678061928652268,0.0,0.0,5,1.0,0.0
2023-12-21,-0.004156128104485422,-0.0045561281044854225,0.8,0.0004,5,1.0,0.0
2023-12-22,0.021156450888406876,0.021156450888406876,0.0,0.0,5,1.0,0.0
2023-12-26,0.0035009738076125178,0.0035009738076125178,0.0,0.0,5,1.0,0.0
2023-12-27,-0.015201759288974406,-0.015201759288974406,0.0,0.0,5,1.0,0.0
2023-12-28,-0.04912056307157225,-0.04912056307157225,0.0,0.0,5,1.0,0.0
2023-12-29,-0.037681537577805096,-0.037881537577805095,0.4,0.0002,5,1.0,0.0
2024-01-02,-0.05599855054855853,-0.05619855054855853,0.4,0.0002,5,1.0,0.0
2024-01-03,-0.0033185385672253927,-0.003518538567225393,0.4,0.0002,5,1.0,0.0
2024-01-04,0.06287899271131554,0.06267899271131554,0.4,0.0002,5,1.0,0.0
2024-01-05,-0.0016370771742596733,-0.0018370771742596734,0.4,0.0002,5,1.0,0.0
2024-01-08,0.001104052566093982,0.000704052566093982,0.8,0.0004,5,1.0,0.0
2024-01-09,-0.022217808444054278,-0.022417808444054277,0.4,0.0002,5,1.0,0.0
2024-01-10,-0.05274570406464176,-0.05294570406464176,0.4,0.0002,5,1.0,0.0
2024-01-11,-0.04132286386193822,-0.041522863861938215,0.4,0.0002,5,1.0,0.0
2024-01-12,-0.03509914535372456,-0.03509914535372456,0.0,0.0,5,1.0,0.0
2024-01-16,-0.022472859657953936,-0.022472859657953936,0.0,0.0,5,1.0,0.0
2024-01-17,0.008693660423177674,0.008493660423177674,0.4,0.0002,5,1.0,0.0
2024-01-18,0.016309733881359634,0.016109733881359636,0.4,0.0002,5,1.0,0.0
2024-01-19,0.04481823610604661,0.044618236106046615,0.4,0.0002,5,1.0,0.0
2024-01-22,-0.009156919203152914,-0.009556919203152913,0.8,0.0004,5,1.0,0.0
2024-01-23,-0.039439687414851175,-0.03983968741485117,0.8,0.0004,5,1.0,0.0
2024-01-24,-0.019621282163300034,-0.019621282163300034,0.0,0.0,5,1.0,0.0
2024-01-25,-0.009666064507988258,-0.009866064507988258,0.4,0.0002,5,1.0,0.0
2024-01-26,0.04809008557431138,0.04809008557431138,0.0,0.0,5,1.0,0.0
2024-01-29,-0.01587548536995953,-0.01587548536995953,0.0,0.0,5,1.0,0.0
2024-01-30,-0.042413626928957164,-0.04261362692895716,0.4,0.0002,5,1.0,0.0
2024-01-31,-0.0030312547084747387,-0.0032312547084747388,0.4,0.0002,5,1.0,0.0
2024-02-01,0.03411575328644478,0.033915753286444784,0.4,0.0002,5,1.0,0.0
2024-02-02,0.02369661490714503,0.02369661490714503,0.0,0.0,5,1.0,0.0
2024-02-05,0.021892273557115895,0.021892273557115895,0.0,0.0,5,1.0,0.0
2024-02-06,0.018350846177917247,0.01815084617791725,0.4,0.0002,5,1.0,0.0
2024-02-07,0.04437492127749807,0.04417492127749807,0.4,0.0002,5,1.0,0.0
2024-02-08,0.028719048849586162,0.028719048849586162,0.0,0.0,5,1.0,0.0
2024-02-09,0.04338824223601306,0.04318824223601306,0.4,0.0002,5,1.0,0.0
2024-02-12,-0.06657781909126503,-0.06677781909126504,0.4,0.0002,5,1.0,0.0
2024-02-13,0.07106760611385905,0.07106760611385905,0.0,0.0,5,1.0,0.0
2024-02-14,0.05413965733176844,0.05413965733176844,0.0,0.0,5,1.0,0.0
2024-02-15,-0.09209314536733136,-0.09209314536733136,0.0,0.0,5,1.0,0.0
2024-02-16,-0.012428931070263438,-0.012628931070263439,0.4,0.0002,5,1.0,0.0
2024-02-20,-0.03666037003347147,-0.03686037003347147,0.4,0.0002,5,1.0,0.0
2024-02-21,0.10017125202896056,0.10017125202896056,0.0,0.0,5,1.0,0.0
2024-02-22,-0.014313621943898642,-0.014313621943898642,0.0,0.0,5,1.0,0.0
2024-02-23,0.03447052843351521,0.03447052843351521,0.0,0.0,5,1.0,0.0
2024-02-26,0.038584936806602896,0.038584936806602896,0.0,0.0,5,1.0,0.0
2024-02-27,-0.05994786405967117,-0.05994786405967117,0.0,0.0,5,1.0,0.0
2024-02-28,0.025110493229378195,0.025110493229378195,0.0,0.0,5,1.0,0.0
2024-02-29,0.022419270353448664,0.022419270353448664,0.0,0.0,5,1.0,0.0
2024-03-01,0.03371598138642571,0.03371598138642571,0.0,0.0,5,1.0,0.0
2024-03-04,-0.021029182287073712,-0.02122918228707371,0.4,0.0002,5,1.0,0.0
2024-03-05,0.009544228246500364,0.009544228246500364,0.0,0.0,5,1.0,0.0
2024-03-06,-0.002732338721243233,-0.002732338721243233,0.0,0.0,5,1.0,0.0
2024-03-07,0.019859870002825943,0.019659870002825944,0.4,0.0002,5,1.0,0.0
2024-03-08,-0.038515627961914704,-0.038515627961914704,0.0,0.0,5,1.0,0.0
2024-03-11,0.01613802218277061,0.01613802218277061,0.0,0.0,5,1.0,0.0
2024-03-12,0.017151355388355015,0.016951355388355016,0.4,0.0002,5,1.0,0.0
2024-03-13,-0.07453887956382785,-0.07473887956382785,0.4,0.0002,5,1.0,0.0
2024-03-14,0.0003893594945653333,0.00018935949456533327,0.4,0.0002,5,1.0,0.0
2024-03-15,0.013665137439784635,0.013665137439784635,0.0,0.0,5,1.0,0.0
2024-03-18,-0.030894584925068955,-0.030894584925068955,0.0,0.0,5,1.0,0.0
2024-03-19,0.03195738534266106,0.03195738534266106,0.0,0.0,5,1.0,0.0
2024-03-20,0.04172935942912694,0.04172935942912694,0.0,0.0,5,1.0,0.0
2024-03-21,-0.014623906055192926,-0.014623906055192926,0.0,0.0,5,1.0,0.0
2024-03-22,0.015374107591059817,0.015374107591059817,0.0,0.0,5,1.0,0.0
2024-03-25,0.003879342461810165,0.003879342461810165,0.0,0.0,5,1.0,0.0
2024-03-26,-0.0127233650952568,-0.0127233650952568,0.0,0.0,5,1.0,0.0
2024-03-27,-0.005562199014637815,-0.005562199014637815,0.0,0.0,5,1.0,0.0
2024-03-28,-0.004427059984720505,-0.004427059984720505,0.0,0.0,5,1.0,0.0
2024-04-01,-0.03764720325779543,-0.03784720325779543,0.4,0.0002,5,1.0,0.0
2024-04-02,0.003683617146139384,0.003683617146139384,0.0,0.0,5,1.0,0.0
2024-04-03,-0.023298858705394367,-0.023498858705394365,0.4,0.0002,5,1.0,0.0
2024-04-04,0.005298541134943125,0.005098541134943125,0.4,0.0002,5,1.0,0.0
2024-04-05,-0.016610717355340764,-0.016610717355340764,0.0,0.0,5,1.0,0.0
2024-04-08,-0.009817219660931565,-0.010017219660931566,0.4,0.0002,5,1.0,0.0
2024-04-09,-0.00042466147293116364,-0.00042466147293116364,0.0,0.0,5,1.0,0.0
2024-04-10,0.014323593511736643,0.014323593511736643,0.0,0.0,5,1.0,0.0
2024-04-11,-0.04866698374945989,-0.04866698374945989,0.0,0.0,5,1.0,0.0
2024-04-12,-0.01886643602134554,-0.01886643602134554,0.0,0.0,5,1.0,0.0
2024-04-15,0.030325991614980397,0.030125991614980398,0.4,0.0002,5,1.0,0.0
2024-04-16,-0.007667402162507565,-0.007867402162507565,0.4,0.0002,5,1.0,0.0
2024-04-17,-0.02253271296755808,-0.02253271296755808,0.0,0.0,5,1.0,0.0
2024-04-18,-0.05824485189456896,-0.05844485189456896,0.4,0.0002,5,1.0,0.0
2024-04-19,0.013194301804108034,0.013194301804108034,0.0,0.0,5,1.0,0.0
2024-04-22,0.03690514154775095,0.03690514154775095,0.0,0.0,5,1.0,0.0
2024-04-23,-0.007132704586040496,-0.007132704586040496,0.0,0.0,5,1.0,0.0
2024-04-24,0.020543311357273566,0.020543311357273566,0.0,0.0,5,1.0,0.0
2024-04-25,0.05264665826831961,0.05264665826831961,0.0,0.0,5,1.0,0.0
2024-04-26,-0.0007866198418849937,-0.0007866198418849937,0.0,0.0,5,1.0,0.0
2024-04-29,-0.05539042025153369,-0.05539042025153369,0.0,0.0,5,1.0,0.0
2024-04-30,-0.01785110037652382,-0.01805110037652382,0.4,0.0002,5,1.0,0.0
2024-05-01,0.1207240886620605,0.1207240886620605,0.0,0.0,5,1.0,0.0
2024-05-02,0.046477612026076545,0.046277612026076546,0.4,0.0002,5,1.0,0.0
2024-05-03,0.04099802563280517,0.04079802563280517,0.4,0.0002,5,1.0,0.0
2024-05-06,-0.0323174258065821,-0.032717425806582094,0.8,0.0004,5,1.0,0.0
2024-05-07,-0.01529188615338906,-0.01549188615338906,0.4,0.0002,5,1.0,0.0
2024-05-08,0.005842025858929078,0.005642025858929078,0.4,0.0002,5,1.0,0.0
2024-05-09,-0.03038575028406174,-0.030585750284061738,0.4,0.0002,5,1.0,0.0
2024-05-10,0.0014183590487212312,0.0014183590487212312,0.0,0.0,5,1.0,0.0
2024-05-13,0.05683437339601603,0.05683437339601603,0.0,0.0,5,1.0,0.0
2024-05-14,0.06792681702909072,0.06772681702909071,0.4,0.0002,5,1.0,0.0
2024-05-15,-0.01941717518931501,-0.01961717518931501,0.4,0.0002,5,1.0,0.0
2024-05-16,-0.007127816579668013,-0.007127816579668013,0.0,0.0,5,1.0,0.0
2024-05-17,0.03057359237986948,0.03057359237986948,0.0,0.0,5,1.0,0.0
2024-05-20,-0.012265690801034191,-0.012265690801034191,0.0,0.0,5,1.0,0.0
2024-05-21,-0.005056186905930947,-0.005256186905930947,0.4,0.0002,5,1.0,0.0
2024-05-22,-0.03774422402438837,-0.03794422402438837,0.4,0.0002,5,1.0,0.0
2024-05-23,0.04092568480471814,0.040725684804718144,0.4,0.0002,5,1.0,0.0
2024-05-24,0.0067575172051756996,0.0067575172051756996,0.0,0.0,5,1.0,0.0
2024-05-28,0.003471262017495544,0.003271262017495544,0.4,0.0002,5,1.0,0.0
2024-05-29,-0.0187591060888461,-0.0189591060888461,0.4,0.0002,5,1.0,0.0
2024-05-30,-0.03490589893746838,-0.03490589893746838,0.0,0.0,5,1.0,0.0
2024-05-31,0.027754138713306252,0.02735413871330625,0.8,0.0004,5,1.0,0.0
2024-06-03,-0.0126324293426759,-0.0130324293426759,0.8,0.0004,5,1.0,0.0
2024-06-04,0.029241646151250425,0.029041646151250426,0.4,0.0002,5,1.0,0.0
2024-06-05,0.11105222621054543,0.11105222621054543,0.0,0.0,5,1.0,0.0
2024-06-06,-0.006676015186931417,-0.006676015186931417,0.0,0.0,5,1.0,0.0
2024-06-07,0.030324395301353713,0.030324395301353713,0.0,0.0,5,1.0,0.0
2024-06-10,-0.06356431785282277,-0.06376431785282277,0.4,0.0002,5,1.0,0.0
2024-06-11,0.02735441942696175,0.02735441942696175,0.0,0.0,5,1.0,0.0
2024-06-12,0.015438918705467746,0.015238918705467746,0.4,0.0002,5,1.0,0.0
2024-06-13,-0.09547820630984409,-0.0956782063098441,0.4,0.0002,5,1.0,0.0
2024-06-14,0.0009048425141530364,0.0007048425141530365,0.4,0.0002,5,1.0,0.0
2024-06-17,-0.03103172710935203,-0.03103172710935203,0.0,0.0,5,1.0,0.0
2024-06-18,-0.034276304052239984,-0.034276304052239984,0.0,0.0,5,1.0,0.0
2024-06-20,0.016889583836265976,0.016889583836265976,0.0,0.0,5,1.0,0.0
2024-06-21,-0.025583100391675332,-0.025583100391675332,0.0,0.0,5,1.0,0.0
2024-06-24,0.028902584967702177,0.028902584967702177,0.0,0.0,5,1.0,0.0
2024-06-25,-0.03705032478238349,-0.03705032478238349,0.0,0.0,5,1.0,0.0
2024-06-26,0.034322552963233874,0.034322552963233874,0.0,0.0,5,1.0,0.0
2024-06-27,-0.04490541755909805,-0.04510541755909805,0.4,0.0002,5,1.0,0.0
2024-06-28,-0.02317095078275013,-0.02337095078275013,0.4,0.0002,5,1.0,0.0
2024-07-01,-0.006446013202329293,-0.006646013202329292,0.4,0.0002,5,1.0,0.0
2024-07-02,-0.004766815229261678,-0.004766815229261678,0.0,0.0,5,1.0,0.0
2024-07-03,-0.009954098086493078,-0.009954098086493078,0.0,0.0,5,1.0,0.0
2024-07-05,-0.037538979955589885,-0.037738979955589884,0.4,0.0002,5,1.0,0.0
2024-07-08,-0.0012948354125956966,-0.0016948354125956965,0.8,0.0004,5,1.0,0.0
2024-07-09,0.009030256034530205,0.009030256034530205,0.0,0.0,5,1.0,0.0
2024-07-10,0.007580084700025069,0.007180084700025069,0.8,0.0004,5,1.0,0.0
2024-07-11,0.03237888324044808,0.03237888324044808,0.0,0.0,5,1.0,0.0
2024-07-12,0.050905267582364654,0.050905267582364654,0.0,0.0,5,1.0,0.0
2024-07-15,0.008947605635709267,0.008747605635709267,0.4,0.0002,5,1.0,0.0
2024-07-16,0.031390705525490795,0.031190705525490796,0.4,0.0002,5,1.0,0.0
2024-07-17,-0.008411142320944975,-0.008611142320944976,0.4,0.0002,5,1.0,0.0
2024-07-18,-0.014201218890599823,-0.014401218890599823,0.4,0.0002,5,1.0,0.0
2024-07-19,0.04090891319303505,0.04090891319303505,0.0,0.0,5,1.0,0.0
2024-07-22,0.010964759266426417,0.010564759266426417,0.8,0.0004,5,1.0,0.0
2024-07-23,0.09494766202470634,0.09454766202470634,0.8,0.0004,5,1.0,0.0
2024-07-24,-0.06194239069444536,-0.06194239069444536,0.0,0.0,5,1.0,0.0
2024-07-25,0.0802609616943383,0.0800609616943383,0.4,0.0002,5,1.0,0.0
2024-07-26,-0.02780891602401312,-0.02780891602401312,0.0,0.0,5,1.0,0.0
2024-07-29,-0.031735550097749976,-0.031935550097749975,0.4,0.0002,5,1.0,0.0
2024-07-30,0.05083532809438238,0.05083532809438238,0.0,0.0,5,1.0,0.0
2024-07-31,-0.026599382399900832,-0.02679938239990083,0.4,0.0002,5,1.0,0.0
2024-08-01,-0.05951306243956481,-0.05951306243956481,0.0,0.0,5,1.0,0.0
2024-08-02,-0.02555095303912058,-0.02595095303912058,0.8,0.0004,5,1.0,0.0
2024-08-05,0.00647839292973822,0.00627839292973822,0.4,0.0002,5,1.0,0.0
2024-08-06,-0.061300500756949906,-0.061300500756949906,0.0,0.0,5,1.0,0.0
2024-08-07,0.0693048614642712,0.0691048614642712,0.4,0.0002,5,1.0,0.0
2024-08-08,0.03978675385188635,0.03958675385188635,0.4,0.0002,5,1.0,0.0
2024-08-09,-0.017576982530572452,-0.017976982530572453,0.8,0.0004,5,1.0,0.0
2024-08-12,0.04211254582653075,0.04171254582653075,0.8,0.0004,5,1.0,0.0
2024-08-13,-0.03167906675406323,-0.031879066754063226,0.4,0.0002,5,1.0,0.0
2024-08-14,0.12853756632673938,0.12853756632673938,0.0,0.0,5,1.0,0.0
2024-08-15,-0.001656362039881465,-0.0018563620398814652,0.4,0.0002,5,1.0,0.0
2024-08-16,0.06898681909215502,0.06898681909215502,0.0,0.0,5,1.0,0.0
2024-08-19,-0.028000326982030834,-0.028200326982030833,0.4,0.0002,5,1.0,0.0
2024-08-20,0.04347385241020781,0.043273852410207814,0.4,0.0002,5,1.0,0.0
2024-08-21,-0.025110925361707892,-0.025110925361707892,0.0,0.0,5,1.0,0.0
2024-08-22,0.011880942860103704,0.011680942860103703,0.4,0.0002,5,1.0,0.0
2024-08-23,-0.0021229241324182144,-0.0023229241324182145,0.4,0.0002,5,1.0,0.0
2024-08-26,-0.018897817381634006,-0.018897817381634006,0.0,0.0,5,1.0,0.0
2024-08-27,-0.03925558175371326,-0.03925558175371326,0.0,0.0,5,1.0,0.0
2024-08-28,0.0015905103444770587,0.0015905103444770587,0.0,0.0,5,1.0,0.0
2024-08-29,0.006964944515069127,0.006964944515069127,0.0,0.0,5,1.0,0.0
2024-08-30,-0.04052101986449133,-0.04052101986449133,0.0,0.0,5,1.0,0.0
2024-09-03,0.0283900262675816,0.0283900262675816,0.0,0.0,5,1.0,0.0
2024-09-04,-0.03889209293730751,-0.03889209293730751,0.0,0.0,5,1.0,0.0
2024-09-05,-0.018053227296705533,-0.018253227296705532,0.4,0.0002,5,1.0,0.0
2024-09-06,0.10887769703695524,0.10867769703695523,0.4,0.0002,5,1.0,0.0
2024-09-09,0.03793433448210495,0.037734334482104955,0.4,0.0002,5,1.0,0.0
2024-09-10,0.016445028954545894,0.016245028954545895,0.4,0.0002,5,1.0,0.0
2024-09-11,0.06072119117615956,0.06072119117615956,0.0,0.0,5,1.0,0.0
2024-09-12,0.0629806700479795,0.0629806700479795,0.0,0.0,5,1.0,0.0
2024-09-13,-0.013663405972479371,-0.013663405972479371,0.0,0.0,5,1.0,0.0
2024-09-16,-0.030019410894258178,-0.030019410894258178,0.0,0.0,5,1.0,0.0
2024-09-17,0.0018815222197747798,0.0018815222197747798,0.0,0.0,5,1.0,0.0
2024-09-18,0.011156114402169437,0.011156114402169437,0.0,0.0,5,1.0,0.0
2024-09-19,-0.01247579161144963,-0.01247579161144963,0.0,0.0,5,1.0,0.0
2024-09-20,0.0018756276652098086,0.0016756276652098085,0.4,0.0002,5,1.0,0.0
2024-09-23,0.01544787046013996,0.01524787046013996,0.4,0.0002,5,1.0,0.0
2024-09-24,-0.017399736823499358,-0.017599736823499357,0.4,0.0002,5,1.0,0.0
2024-09-25,-0.024975569847620574,-0.025175569847620573,0.4,0.0002,5,1.0,0.0
2024-09-26,0.004513324467986557,0.004313324467986557,0.4,0.0002,5,1.0,0.0
2024-09-27,0.03344085376555008,0.03344085376555008,0.0,0.0,5,1.0,0.0
2024-09-30,-0.029889018290885278,-0.029889018290885278,0.0,0.0,5,1.0,0.0
2024-10-01,-0.008393137091214743,-0.008593137091214743,0.4,0.0002,5,1.0,0.0
2024-10-02,-0.0168536571156203,-0.017053657115620298,0.4,0.0002,5,1.0,0.0
2024-10-03,0.03678105951161053,0.03658105951161053,0.4,0.0002,5,1.0,0.0
2024-10-04,-0.0581801931691222,-0.0583801931691222,0.4,0.0002,5,1.0,0.0
2024-10-07,0.02919798445154627,0.02899798445154627,0.4,0.0002,5,1.0,0.0
2024-10-08,-0.022267257068135198,-0.022267257068135198,0.0,0.0,5,1.0,0.0
2024-10-09,-0.014360547310608719,-0.014360547310608719,0.0,0.0,5,1.0,0.0
2024-10-10,0.04648969980401981,0.04628969980401981,0.4,0.0002,5,1.0,0.0
2024-10-11,0.02068533744543382,0.02068533744543382,0.0,0.0,5,1.0,0.0
2024-10-14,0.017368819992991447,0.017368819992991447,0.0,0.0,5,1.0,0.0
2024-10-15,0.06054967847683637,0.06034967847683637,0.4,0.0002,5,1.0,0.0
2024-10-16,-0.019368966528428476,-0.019368966528428476,0.0,0.0,5,1.0,0.0
2024-10-17,0.019647806228706634,0.019647806228706634,0.0,0.0,5,1.0,0.0
2024-10-18,-0.029931510558649913,-0.029931510558649913,0.0,0.0,5,1.0,0.0
2024-10-21,-0.0017180060883297942,-0.0017180060883297942,0.0,0.0,5,1.0,0.0
2024-10-22,-0.025496402316855397,-0.025496402316855397,0.0,0.0,5,1.0,0.0
2024-10-23,-0.008043213984348973,-0.008043213984348973,0.0,0.0,5,1.0,0.0
2024-10-24,0.030113016564437614,0.030113016564437614,0.0,0.0,5,1.0,0.0
2024-10-25,0.022116014426100894,0.022116014426100894,0.0,0.0,5,1.0,0.0
2024-10-28,0.00271003727580057,0.00271003727580057,0.0,0.0,5,1.0,0.0
2024-10-29,-0.04754882034325861,-0.04754882034325861,0.0,0.0,5,1.0,0.0
2024-10-30,0.014029750529274933,0.014029750529274933,0.0,0.0,5,1.0,0.0
2024-10-31,0.007143366270833675,0.007143366270833675,0.0,0.0,5,1.0,0.0
2024-11-01,0.036156968235077525,0.036156968235077525,0.0,0.0,5,1.0,0.0
2024-11-04,0.019069242929879104,0.019069242929879104,0.0,0.0,5,1.0,0.0
2024-11-05,0.04091094440868251,0.04091094440868251,0.0,0.0,5,1.0,0.0
2024-11-06,-0.0004425644482759063,-0.0004425644482759063,0.0,0.0,5,1.0,0.0
2024-11-07,0.015723990293406456,0.015723990293406456,0.0,0.0,5,1.0,0.0
2024-11-08,0.04599531725746604,0.04599531725746604,0.0,0.0,5,1.0,0.0
2024-11-11,-0.03469044248388646,-0.03489044248388646,0.4,0.0002,5,1.0,0.0
2024-11-12,0.04980001667360785,0.04980001667360785,0.0,0.0,5,1.0,0.0
2024-11-13,-0.023125864728798608,-0.023325864728798607,0.4,0.0002,5,1.0,0.0
2024-11-14,-0.0775479192671427,-0.07774791926714271,0.4,0.0002,5,1.0,0.0
2024-11-15,0.04376753820521691,0.04376753820521691,0.0,0.0,5,1.0,0.0
2024-11-18,0.011146045047723296,0.011146045047723296,0.0,0.0,5,1.0,0.0
2024-11-19,-0.045882897646087974,-0.045882897646087974,0.0,0.0,5,1.0,0.0
2024-11-20,0.0067266625019809295,0.00652666250198093,0.4,0.0002,5,1.0,0.0
2024-11-21,0.040729477092588784,0.040729477092588784,0.0,0.0,5,1.0,0.0
2024-11-22,-0.005165263828128453,-0.005365263828128452,0.4,0.0002,5,1.0,0.0
2024-11-25,-0.028165269477372835,-0.028165269477372835,0.0,0.0,5,1.0,0.0
2024-11-26,8.05838212681665e-05,-0.00011941617873183352,0.4,0.0002,5,1.0,0.0
2024-11-27,0.014190557651578553,0.013990557651578552,0.4,0.0002,5,1.0,0.0
2024-11-29,-0.04426024401584023,-0.04446024401584023,0.4,0.0002,5,1.0,0.0
2024-12-02,-0.03293061658451604,-0.03293061658451604,0.0,0.0,5,1.0,0.0
2024-12-03,-0.005761731051090879,-0.0059617310510908786,0.4,0.0002,5,1.0,0.0
2024-12-04,-0.017196139378770226,-0.017396139378770225,0.4,0.0002,5,1.0,0.0
2024-12-05,0.043118421534762905,0.043118421534762905,0.0,0.0,5,1.0,0.0
2024-12-06,-0.03982500326952723,-0.03982500326952723,0.0,0.0,5,1.0,0.0
2024-12-09,-0.0494373666108108,-0.0496373666108108,0.4,0.0002,5,1.0,0.0
2024-12-10,0.042484417380985254,0.042484417380985254,0.0,0.0,5,1.0,0.0
2024-12-11,-0.028600963698195002,-0.028600963698195002,0.0,0.0,5,1.0,0.0
2024-12-12,0.005433301239502319,0.005233301239502319,0.4,0.0002,5,1.0,0.0
2024-12-13,0.023455983116326178,0.02325598311632618,0.4,0.0002,5,1.0,0.0
2024-12-16,-0.01577801886379284,-0.01577801886379284,0.0,0.0,5,1.0,0.0
2024-12-17,-0.08148173976880954,-0.08168173976880955,0.4,0.0002,5,1.0,0.0
2024-12-18,0.015368252519981905,0.015368252519981905,0.0,0.0,5,1.0,0.0
2024-12-19,0.03469643225217749,0.03469643225217749,0.0,0.0,5,1.0,0.0
2024-12-20,-0.00946369034290051,-0.00946369034290051,0.0,0.0,5,1.0,0.0
2024-12-23,0.029712785937564767,0.029712785937564767,0.0,0.0,5,1.0,0.0
2024-12-24,-0.001194757779287835,-0.001194757779287835,0.0,0.0,5,1.0,0.0
2024-12-26,-0.051770027821290254,-0.051770027821290254,0.0,0.0,5,1.0,0.0
2024-12-27,-0.026607215372175384,-0.026807215372175383,0.4,0.0002,5,1.0,0.0
2024-12-30,-0.020258317094031364,-0.020258317094031364,0.0,0.0,5,1.0,0.0
2024-12-31,0.021586648245480424,0.021586648245480424,0.0,0.0,5,1.0,0.0
2025-01-02,0.07152274803688866,0.07152274803688866,0.0,0.0,5,1.0,0.0
2025-01-03,0.049823679888569866,0.04962367988856987,0.4,0.0002,5,1.0,0.0
2025-01-06,-0.051694373914802125,-0.051694373914802125,0.0,0.0,5,1.0,0.0
2025-01-07,-0.01878147270545518,-0.01878147270545518,0.0,0.0,5,1.0,0.0
2025-01-08,-0.01888079380881349,-0.01888079380881349,0.0,0.0,5,1.0,0.0
2025-01-10,-0.012513622874987716,-0.012513622874987716,0.0,0.0,5,1.0,0.0
2025-01-13,0.09547457973059806,0.09527457973059805,0.4,0.0002,5,1.0,0.0
2025-01-14,0.09909159077905656,0.09909159077905656,0.0,0.0,5,1.0,0.0
2025-01-15,0.0019227776907266845,0.0019227776907266845,0.0,0.0,5,1.0,0.0
2025-01-16,0.008681891913677986,0.008481891913677986,0.4,0.0002,5,1.0,0.0
2025-01-17,0.1721145216890641,0.1721145216890641,0.0,0.0,5,1.0,0.0
2025-01-21,-0.004138369750135662,-0.004138369750135662,0.0,0.0,5,1.0,0.0
2025-01-22,-0.004572733493008688,-0.004772733493008688,0.4,0.0002,5,1.0,0.0
2025-01-23,-0.016193083919961902,-0.016193083919961902,0.0,0.0,5,1.0,0.0
2025-01-24,-0.0924298925396014,-0.0924298925396014,0.0,0.0,5,1.0,0.0
2025-01-27,0.03050475040392398,0.03050475040392398,0.0,0.0,5,1.0,0.0
2025-01-28,-0.014163503931816758,-0.014163503931816758,0.0,0.0,5,1.0,0.0
2025-01-29,0.011398389427507304,0.011198389427507303,0.4,0.0002,5,1.0,0.0
2025-01-30,0.044524824945139596,0.044524824945139596,0.0,0.0,5,1.0,0.0
2025-01-31,0.019879345589127184,0.019679345589127185,0.4,0.0002,5,1.0,0.0
2025-02-03,0.03090859011889902,0.03090859011889902,0.0,0.0,5,1.0,0.0
2025-02-04,0.01096925765066199,0.01096925765066199,0.0,0.0,5,1.0,0.0
2025-02-05,0.007013869281731311,0.007013869281731311,0.0,0.0,5,1.0,0.0
2025-02-06,0.006628724558370848,0.006428724558370848,0.4,0.0002,5,1.0,0.0
2025-02-07,0.035118112670969266,0.03491811267096927,0.4,0.0002,5,1.0,0.0
2025-02-10,-0.07110594174368029,-0.0713059417436803,0.4,0.0002,5,1.0,0.0
2025-02-11,0.010311487866853432,0.010311487866853432,0.0,0.0,5,1.0,0.0
2025-02-12,0.06634482555710669,0.06634482555710669,0.0,0.0,5,1.0,0.0
2025-02-13,0.007596427434875767,0.007596427434875767,0.0,0.0,5,1.0,0.0
2025-02-14,-0.04587299736258188,-0.04587299736258188,0.0,0.0,5,1.0,0.0
2025-02-18,-0.011170996257735388,-0.011370996257735388,0.4,0.0002,5,1.0,0.0
2025-02-19,-0.015079791036647628,-0.015279791036647629,0.4,0.0002,5,1.0,0.0
2025-02-20,-0.07017354499009472,-0.07037354499009472,0.4,0.0002,5,1.0,0.0
2025-02-21,-0.0588123302882871,-0.0590123302882871,0.4,0.0002,5,1.0,0.0
2025-02-24,-0.08948459388114724,-0.08968459388114725,0.4,0.0002,5,1.0,0.0
2025-02-25,0.013990927710323689,0.013790927710323688,0.4,0.0002,5,1.0,0.0
2025-02-26,-0.06898785714681396,-0.06918785714681397,0.4,0.0002,5,1.0,0.0
2025-02-27,0.03428648815563964,0.03428648815563964,0.0,0.0,5,1.0,0.0
2025-02-28,-0.06083577020909064,-0.06103577020909064,0.4,0.0002,5,1.0,0.0
2025-03-03,0.035277852712341434,0.035077852712341435,0.4,0.0002,5,1.0,0.0
2025-03-04,0.014264225410083696,0.014264225410083696,0.0,0.0,5,1.0,0.0
2025-03-05,-0.04891845355003581,-0.04911845355003581,0.4,0.0002,5,1.0,0.0
2025-03-06,0.03134191778131404,0.03114191778131404,0.4,0.0002,5,1.0,0.0
2025-03-07,-0.10796474949188238,-0.10816474949188239,0.4,0.0002,5,1.0,0.0
2025-03-10,0.045530402822270596,0.045530402822270596,0.0,0.0,5,1.0,0.0
2025-03-11,0.020766160663487885,0.020766160663487885,0.0,0.0,5,1.0,0.0
2025-03-12,-0.050261686197694624,-0.050261686197694624,0.0,0.0,5,1.0,0.0
2025-03-13,0.12440804681005693,0.12440804681005693,0.0,0.0,5,1.0,0.0
2025-03-14,0.011429416913717662,0.011429416913717662,0.0,0.0,5,1.0,0.0
2025-03-17,-0.06049664207911887,-0.060696642079118866,0.4,0.0002,5,1.0,0.0
2025-03-18,0.021028325274103032,0.021028325274103032,0.0,0.0,5,1.0,0.0
2025-03-19,-0.042677406831649244,-0.042677406831649244,0.0,0.0,5,1.0,0.0
2025-03-20,0.006477958801737781,0.006277958801737781,0.4,0.0002,5,1.0,0.0
2025-03-21,0.07763253222597144,0.07763253222597144,0.0,0.0,5,1.0,0.0
2025-03-24,-0.0007281262208270753,-0.0007281262208270753,0.0,0.0,5,1.0,0.0
2025-03-25,-0.04287307117280864,-0.04287307117280864,0.0,0.0,5,1.0,0.0
2025-03-26,-0.08124478707493737,-0.08124478707493737,0.0,0.0,5,1.0,0.0
2025-03-27,-0.037896408777074654,-0.03809640877707465,0.4,0.0002,5,1.0,0.0
2025-03-28,-0.018189082812907213,-0.01838908281290721,0.4,0.0002,5,1.0,0.0
2025-03-31,-0.015496541476362233,-0.015496541476362233,0.0,0.0,5,1.0,0.0
2025-04-01,0.045718097895198366,0.04551809789519837,0.4,0.0002,5,1.0,0.0
2025-04-02,-0.043973220547633196,-0.043973220547633196,0.0,0.0,5,1.0,0.0
2025-04-03,-0.09164357233352433,-0.09184357233352433,0.4,0.0002,5,1.0,0.0
2025-04-04,0.029374021839688576,0.029374021839688576,0.0,0.0,5,1.0,0.0
2025-04-07,-0.07444860980683307,-0.07444860980683307,0.0,0.0,5,1.0,0.0
2025-04-08,0.16701872349991817,0.16701872349991817,0.0,0.0,5,1.0,0.0
2025-04-09,-0.012174060925712672,-0.012174060925712672,0.0,0.0,5,1.0,0.0
2025-04-10,0.02188646215254391,0.02188646215254391,0.0,0.0,5,1.0,0.0
2025-04-11,-0.01852592596790883,-0.01852592596790883,0.0,0.0,5,1.0,0.0
2025-04-14,0.005174120134113648,0.005174120134113648,0.0,0.0,5,1.0,0.0
2025-04-15,-0.08579388040545236,-0.08599388040545236,0.4,0.0002,5,1.0,0.0
2025-04-16,0.041949260373344816,0.041949260373344816,0.0,0.0,5,1.0,0.0
2025-04-17,-0.03995476789352852,-0.040154767893528516,0.4,0.0002,5,1.0,0.0
2025-04-21,0.03209588361349012,0.03209588361349012,0.0,0.0,5,1.0,0.0
2025-04-22,0.06221725741549444,0.06221725741549444,0.0,0.0,5,1.0,0.0
2025-04-23,0.027580442841010244,0.027580442841010244,0.0,0.0,5,1.0,0.0
2025-04-24,-0.008592836252203397,-0.008592836252203397,0.0,0.0,5,1.0,0.0
2025-04-25,0.04498889226129164,0.04498889226129164,0.0,0.0,5,1.0,0.0
2025-04-28,-0.02758250189464273,-0.02778250189464273,0.4,0.0002,5,1.0,0.0
2025-04-29,0.1970932627133803,0.1970932627133803,0.0,0.0,5,1.0,0.0
2025-04-30,0.0655482055211741,0.0653482055211741,0.4,0.0002,5,1.0,0.0
2025-05-01,0.04717960146973736,0.04697960146973736,0.4,0.0002,5,1.0,0.0
2025-05-02,0.07735385953208714,0.07735385953208714,0.0,0.0,5,1.0,0.0
2025-05-05,0.12032155580263552,0.12032155580263552,0.0,0.0,5,1.0,0.0
2025-05-06,0.026797386004679367,0.026797386004679367,0.0,0.0,5,1.0,0.0
2025-05-07,0.054924511255281,0.054924511255281,0.0,0.0,5,1.0,0.0
2025-05-08,0.12385551048423311,0.12385551048423311,0.0,0.0,5,1.0,0.0
2025-05-09,0.10977323749522588,0.10977323749522588,0.0,0.0,5,1.0,0.0
2025-05-12,-0.1064345666275605,-0.1064345666275605,0.0,0.0,5,1.0,0.0
2025-05-13,0.03574709381195727,0.035547093811957274,0.4,0.0002,5,1.0,0.0
2025-05-14,0.0284893861466678,0.0284893861466678,0.0,0.0,5,1.0,0.0
2025-05-15,0.01362500821642685,0.013425008216426849,0.4,0.0002,5,1.0,0.0
2025-05-16,-0.02987834509568952,-0.02987834509568952,0.0,0.0,5,1.0,0.0
2025-05-19,0.058646619816777525,0.058446619816777526,0.4,0.0002,5,1.0,0.0
2025-05-20,-0.04067784415549276,-0.04067784415549276,0.0,0.0,5,1.0,0.0
2025-05-21,0.07622174193917756,0.07622174193917756,0.0,0.0,5,1.0,0.0
2025-05-22,0.05314497731184626,0.05294497731184626,0.4,0.0002,5,1.0,0.0
2025-05-23,-0.013731532322125428,-0.013931532322125429,0.4,0.0002,5,1.0,0.0
2025-05-27,0.011796841223936273,0.011596841223936272,0.4,0.0002,5,1.0,0.0
2025-05-28,0.05993689095951384,0.059736890959513844,0.4,0.0002,5,1.0,0.0
2025-05-29,-0.028580254680941525,-0.028780254680941524,0.4,0.0002,5,1.0,0.0
2025-05-30,-0.030663630325858192,-0.03086363032585819,0.4,0.0002,5,1.0,0.0
2025-06-02,-0.008481672249126866,-0.008481672249126866,0.0,0.0,5,1.0,0.0
2025-06-03,0.006211158954510609,0.006011158954510609,0.4,0.0002,5,1.0,0.0
2025-06-04,-0.020827216802316785,-0.020827216802316785,0.0,0.0,5,1.0,0.0
2025-06-05,0.051341597734693184,0.051341597734693184,0.0,0.0,5,1.0,0.0
2025-06-06,0.018968840954433363,0.018968840954433363,0.0,0.0,5,1.0,0.0
2025-06-09,-0.025082168799886784,-0.025082168799886784,0.0,0.0,5,1.0,0.0
2025-06-10,0.028105592870886632,0.028105592870886632,0.0,0.0,5,1.0,0.0
2025-06-11,-0.011897487651350902,-0.011897487651350902,0.0,0.0,5,1.0,0.0
2025-06-12,-0.03401527564654898,-0.03401527564654898,0.0,0.0,5,1.0,0.0
2025-06-13,0.6000919446490575,0.6000919446490575,0.0,0.0,5,1.0,0.0
2025-06-16,0.0324432747732214,0.0324432747732214,0.0,0.0,5,1.0,0.0
2025-06-17,-0.02787894116202539,-0.02787894116202539,0.0,0.0,5,1.0,0.0
2025-06-18,-0.080360520132663,-0.080360520132663,0.0,0.0,5,1.0,0.0
2025-06-20,-0.05234809340384459,-0.05234809340384459,0.0,0.0,5,1.0,0.0
2025-06-23,0.027328482898648136,0.027328482898648136,0.0,0.0,5,1.0,0.0
2025-06-24,-0.0395061601605734,-0.0397061601605734,0.4,0.0002,5,1.0,0.0
2025-06-25,0.004880282303135708,0.004480282303135708,0.8,0.0004,5,1.0,0.0
2025-06-26,-0.038907702021256575,-0.039107702021256574,0.4,0.0002,5,1.0,0.0
2025-06-27,0.028497097434331153,0.028497097434331153,0.0,0.0,5,1.0,0.0
2025-06-30,-0.07416698202832693,-0.07416698202832693,0.0,0.0,5,1.0,0.0
2025-07-01,-0.003379723736447547,-0.003579723736447547,0.4,0.0002,5,1.0,0.0
2025-07-02,0.2605740974325386,0.2605740974325386,0.0,0.0,5,1.0,0.0
2025-07-03,-0.005234455795639413,-0.005434455795639412,0.4,0.0002,5,1.0,0.0
2025-07-07,-0.006222161870981991,-0.006222161870981991,0.0,0.0,5,1.0,0.0
2025-07-08,-0.011618139211637412,-0.011618139211637412,0.0,0.0,5,1.0,0.0
2025-07-09,-0.009646774598977536,-0.009646774598977536,0.0,0.0,5,1.0,0.0
2025-07-10,-0.032351782868472206,-0.032551782868472205,0.4,0.0002,5,1.0,0.0
2025-07-11,0.06265576428768449,0.06245576428768449,0.4,0.0002,5,1.0,0.0
2025-07-14,-0.013143956682200943,-0.013143956682200943,0.0,0.0,5,1.0,0.0
2025-07-15,0.0873446598357262,0.0871446598357262,0.4,0.0002,5,1.0,0.0
2025-07-16,0.02185953832707335,0.02185953832707335,0.0,0.0,5,1.0,0.0
2025-07-17,0.014587516786759493,0.014587516786759493,0.0,0.0,5,1.0,0.0
2025-07-18,-0.051325154066623836,-0.051525154066623835,0.4,0.0002,5,1.0,0.0
2025-07-21,-0.026928593305823024,-0.026928593305823024,0.0,0.0,5,1.0,0.0
2025-07-22,0.06116090104509092,0.06116090104509092,0.0,0.0,5,1.0,0.0
2025-07-23,0.02439039796161,0.024190397961610002,0.4,0.0002,5,1.0,0.0
2025-07-24,-0.0034880806318436045,-0.0036880806318436046,0.4,0.0002,5,1.0,0.0
2025-07-25,-0.025868885899880678,-0.025868885899880678,0.0,0.0,5,1.0,0.0
2025-07-28,-0.032649316713565524,-0.032649316713565524,0.0,0.0,5,1.0,0.0
2025-07-29,0.0317781338206002,0.0317781338206002,0.0,0.0,5,1.0,0.0
2025-07-30,-0.0124187112575423,-0.0124187112575423,0.0,0.0,5,1.0,0.0
2025-07-31,-0.03203152983484103,-0.03203152983484103,0.0,0.0,5,1.0,0.0
2025-08-01,0.05709956089887139,0.05689956089887139,0.4,0.0002,5,1.0,0.0
2025-08-04,0.03653267342101825,0.03653267342101825,0.0,0.0,5,1.0,0.0
2025-08-05,-0.027627145082442284,-0.027627145082442284,0.0,0.0,5,1.0,0.0
2025-08-06,-0.007109456451335983,-0.007109456451335983,0.0,0.0,5,1.0,0.0
2025-08-07,0.007981587940801504,0.007981587940801504,0.0,0.0,5,1.0,0.0
2025-08-08,0.00760884086953213,0.00760884086953213,0.0,0.0,5,1.0,0.0
2025-08-11,0.01373068449007533,0.013530684490075329,0.4,0.0002,5,1.0,0.0
2025-08-12,-0.0017034139022153554,-0.0017034139022153554,0.0,0.0,5,1.0,0.0
2025-08-13,-0.020985490006518018,-0.021185490006518017,0.4,0.0002,5,1.0,0.0
2025-08-14,-0.012318254377579363,-0.012518254377579363,0.4,0.0002,5,1.0,0.0
2025-08-15,0.00022110974629110415,0.00022110974629110415,0.0,0.0,5,1.0,0.0
2025-08-18,-0.0685458437770286,-0.06874584377702861,0.4,0.0002,5,1.0,0.0
2025-08-19,-0.0024565483761352265,-0.0024565483761352265,0.0,0.0,5,1.0,0.0
2025-08-20,-0.0002506822056880689,-0.0002506822056880689,0.0,0.0,5,1.0,0.0
2025-08-21,0.05317360596535613,0.05317360596535613,0.0,0.0,5,1.0,0.0
2025-08-22,0.007160677160774688,0.006960677160774688,0.4,0.0002,5,1.0,0.0
2025-08-25,0.04544414886993793,0.04544414886993793,0.0,0.0,5,1.0,0.0
2025-08-26,-0.00421381271646335,-0.00421381271646335,0.0,0.0,5,1.0,0.0
2025-08-27,0.05757244741930538,0.05757244741930538,0.0,0.0,5,1.0,0.0
2025-08-28,-0.03838675036681034,-0.03838675036681034,0.0,0.0,5,1.0,0.0
2025-08-29,-0.00809557046921514,-0.00809557046921514,0.0,0.0,5,1.0,0.0
2025-09-02,-0.0011495553870849648,-0.0011495553870849648,0.0,0.0,5,1.0,0.0
2025-09-03,-0.04457608538661309,-0.04457608538661309,0.0,0.0,5,1.0,0.0
2025-09-04,0.011727175630809206,0.011727175630809206,0.0,0.0,5,1.0,0.0
2025-09-05,0.010778168164866365,0.010778168164866365,0.0,0.0,5,1.0,0.0
2025-09-08,0.02824516864402167,0.02804516864402167,0.4,0.0002,5,1.0,0.0
2025-09-09,-0.013596908136864006,-0.013596908136864006,0.0,0.0,5,1.0,0.0
2025-09-10,0.04948432080283319,0.04928432080283319,0.4,0.0002,5,1.0,0.0
2025-09-11,0.11086317721004937,0.11086317721004937,0.0,0.0,5,1.0,0.0
2025-09-12,0.030134826694242167,0.02993482669424217,0.4,0.0002,5,1.0,0.0
2025-09-15,-0.017045779340884918,-0.017245779340884917,0.4,0.0002,5,1.0,0.0
2025-09-16,0.0428530338801982,0.0428530338801982,0.0,0.0,5,1.0,0.0
2025-09-17,0.039642007539876345,0.039442007539876346,0.4,0.0002,5,1.0,0.0
2025-09-18,0.09738806954771552,0.09718806954771551,0.4,0.0002,5,1.0,0.0
2025-09-19,0.015492155693559308,0.015492155693559308,0.0,0.0,5,1.0,0.0
2025-09-22,0.02017551297423186,0.02017551297423186,0.0,0.0,5,1.0,0.0
2025-09-23,-0.028101875651549448,-0.028101875651549448,0.0,0.0,5,1.0,0.0
2025-09-24,-0.004086794245043102,-0.004086794245043102,0.0,0.0,5,1.0,0.0
2025-09-25,-0.04323565923769495,-0.04323565923769495,0.0,0.0,5,1.0,0.0
2025-09-26,0.03066402594782192,0.03046402594782192,0.4,0.0002,5,1.0,0.0
2025-09-29,0.014735733789948567,0.014735733789948567,0.0,0.0,5,1.0,0.0
2025-09-30,0.026567170482814276,0.026567170482814276,0.0,0.0,5,1.0,0.0
2025-10-01,0.07733725146911258,0.07733725146911258,0.0,0.0,5,1.0,0.0
2025-10-02,0.05512609021091314,0.05512609021091314,0.0,0.0,5,1.0,0.0
2025-10-03,0.04907915547539326,0.04887915547539326,0.4,0.0002,5,1.0,0.0
2025-10-06,0.03472686275035034,0.03472686275035034,0.0,0.0,5,1.0,0.0
2025-10-07,0.01649645988523658,0.01609645988523658,0.8,0.0004,5,1.0,0.0
2025-10-08,0.03259026088908414,0.032390260889084144,0.4,0.0002,5,1.0,0.0
2025-10-09,-0.030419254243672422,-0.030819254243672423,0.8,0.0004,5,1.0,0.0
2025-10-10,0.14161725483687887,0.14141725483687886,0.4,0.0002,5,1.0,0.0
2025-10-13,0.017237955370881,0.017237955370881,0.0,0.0,5,1.0,0.0
2025-10-14,0.004357956527334351,0.0041579565273343515,0.4,0.0002,5,1.0,0.0
2025-10-15,-0.059202693073252016,-0.059402693073252015,0.4,0.0002,5,1.0,0.0
2025-10-16,-0.01593610503710501,-0.01593610503710501,0.0,0.0,5,1.0,0.0
2025-10-17,-0.022231110153066294,-0.022231110153066294,0.0,0.0,5,1.0,0.0
2025-10-20,-0.07061966590259257,-0.07061966590259257,0.0,0.0,5,1.0,0.0
2025-10-21,-0.07410720118571364,-0.07410720118571364,0.0,0.0,5,1.0,0.0
2025-10-22,0.051760037631809294,0.051760037631809294,0.0,0.0,5,1.0,0.0
2025-10-23,0.06430576245445781,0.0641057624544578,0.4,0.0002,5,1.0,0.0
2025-10-24,0.02294331081141181,0.02294331081141181,0.0,0.0,5,1.0,0.0
2025-10-27,-0.008071563185661735,-0.008271563185661735,0.4,0.0002,5,1.0,0.0
2025-10-28,0.02650173416202122,0.02630173416202122,0.4,0.0002,5,1.0,0.0
2025-10-29,-0.011500018146601645,-0.011500018146601645,0.0,0.0,5,1.0,0.0
2025-10-30,0.03905121405561118,0.03905121405561118,0.0,0.0,5,1.0,0.0
2025-10-31,-0.05343184453824257,-0.05363184453824257,0.4,0.0002,5,1.0,0.0
2025-11-03,-0.06615822145976248,-0.06635822145976249,0.4,0.0002,5,1.0,0.0
2025-11-04,0.0690095327771858,0.0690095327771858,0.0,0.0,5,1.0,0.0
2025-11-05,-0.06297597809533606,-0.06297597809533606,0.0,0.0,5,1.0,0.0
2025-11-06,-0.023145167335108453,-0.023145167335108453,0.0,0.0,5,1.0,0.0
2025-11-07,0.05020443529900758,0.05020443529900758,0.0,0.0,5,1.0,0.0
2025-11-10,-0.01383289213001013,-0.01383289213001013,0.0,0.0,5,1.0,0.0
2025-11-11,-0.01699066924959986,-0.01699066924959986,0.0,0.0,5,1.0,0.0
2025-11-12,-0.1110218648493307,-0.1110218648493307,0.0,0.0,5,1.0,0.0
2025-11-13,-0.0074769104245655076,-0.0074769104245655076,0.0,0.0,5,1.0,0.0
2025-11-14,-0.020933585186995132,-0.02113358518699513,0.4,0.0002,5,1.0,0.0
2025-11-17,0.01547968541289586,0.01527968541289586,0.4,0.0002,5,1.0,0.0
2025-11-18,-0.03219994909206465,-0.03239994909206465,0.4,0.0002,5,1.0,0.0
2025-11-19,-0.07981764304334407,-0.08001764304334408,0.4,0.0002,5,1.0,0.0
2025-11-20,0.015287752997665608,0.015087752997665608,0.4,0.0002,5,1.0,0.0
2025-11-21,0.0858452764994828,0.0858452764994828,0.0,0.0,5,1.0,0.0
2025-11-24,-0.021886559349844674,-0.022086559349844673,0.4,0.0002,5,1.0,0.0
2025-11-25,0.012766930511972129,0.012566930511972128,0.4,0.0002,5,1.0,0.0
2025-11-26,0.018879703562390306,0.018879703562390306,0.0,0.0,5,1.0,0.0
2025-11-28,-0.03987332037587415,-0.03987332037587415,0.0,0.0,5,1.0,0.0
2025-12-01,-0.012133823889707495,-0.012133823889707495,0.0,0.0,5,1.0,0.0
2025-12-02,0.03657015704462883,0.03657015704462883,0.0,0.0,5,1.0,0.0
2025-12-03,0.13703201528595987,0.13703201528595987,0.0,0.0,5,1.0,0.0
2025-12-04,-0.026965575514047525,-0.026965575514047525,0.0,0.0,5,1.0,0.0
2025-12-05,0.0022733576057838885,0.0022733576057838885,0.0,0.0,5,1.0,0.0
2025-12-08,0.003407477605479325,0.003407477605479325,0.0,0.0,5,1.0,0.0
2025-12-09,-0.056202736715825256,-0.056202736715825256,0.0,0.0,5,1.0,0.0
2025-12-10,0.00551157955789423,0.00531157955789423,0.4,0.0002,5,1.0,0.0
2025-12-11,-0.0363086843495662,-0.0363086843495662,0.0,0.0,5,1.0,0.0
2025-12-12,-0.03445642238281062,-0.034656422382810616,0.4,0.0002,5,1.0,0.0
2025-12-15,-0.012127863770160154,-0.012127863770160154,0.0,0.0,5,1.0,0.0
2025-12-16,-0.07163421222186442,-0.07163421222186442,0.0,0.0,5,1.0,0.0
2025-12-17,0.04441606733726221,0.04441606733726221,0.0,0.0,5,1.0,0.0
2025-12-18,0.0693503000202833,0.0693503000202833,0.0,0.0,5,1.0,0.0
2025-12-19,0.018809386565039634,0.018609386565039635,0.4,0.0002,5,1.0,0.0
2025-12-22,0.01854157813647115,0.01834157813647115,0.4,0.0002,5,1.0,0.0
2025-12-23,-0.005665315684505235,-0.005665315684505235,0.0,0.0,5,1.0,0.0
2025-12-24,-0.050872031677452474,-0.05107203167745247,0.4,0.0002,5,1.0,0.0
2025-12-26,-0.00031609641748575525,-0.0005160964174857552,0.4,0.0002,5,1.0,0.0
2025-12-29,-0.01671678374147101,-0.01671678374147101,0.0,0.0,5,1.0,0.0
2025-12-30,-0.018738174094310358,-0.018738174094310358,0.0,0.0,5,1.0,0.0
2025-12-31,0.06662497414258309,0.06642497414258308,0.4,0.0002,5,1.0,0.0
2026-01-02,0.09292166157354706,0.09292166157354706,0.0,0.0,5,1.0,0.0
2026-01-05,0.07406653307789951,0.0738665330778995,0.4,0.0002,5,1.0,0.0
2026-01-06,0.1006539688553662,0.1004539688553662,0.4,0.0002,5,1.0,0.0
2026-01-07,-0.020876181843256177,-0.021076181843256176,0.4,0.0002,5,1.0,0.0
2026-01-08,0.06838692745563664,0.06818692745563663,0.4,0.0002,5,1.0,0.0
2026-01-09,-0.007024995985843184,-0.007224995985843184,0.4,0.0002,5,1.0,0.0
2026-01-12,-0.0464126703577147,-0.0464126703577147,0.0,0.0,5,1.0,0.0
2026-01-13,-0.0012699248896251621,-0.0012699248896251621,0.0,0.0,5,1.0,0.0
2026-01-14,-0.030649041002652,-0.030849041002651997,0.4,0.0002,5,1.0,0.0
2026-01-15,0.012175658597652884,0.012175658597652884,0.0,0.0,5,1.0,0.0
2026-01-16,-0.035542619368723,-0.035542619368723,0.0,0.0,5,1.0,0.0
2026-01-20,-0.01893573304886429,-0.019335733048864292,0.8,0.0004,5,1.0,0.0
2026-01-21,0.09140840291454132,0.09120840291454131,0.4,0.0002,5,1.0,0.0
2026-01-22,-0.026834397047515092,-0.02703439704751509,0.4,0.0002,5,1.0,0.0
2026-01-23,-0.041367973116096704,-0.0415679731160967,0.4,0.0002,5,1.0,0.0
2026-01-26,0.06995869993015949,0.06975869993015948,0.4,0.0002,5,1.0,0.0
2026-01-27,0.007926117839324419,0.007726117839324419,0.4,0.0002,5,1.0,0.0
2026-01-28,-0.048030132045088415,-0.048030132045088415,0.0,0.0,5,1.0,0.0
2026-01-29,-0.021758773353990752,-0.02195877335399075,0.4,0.0002,5,1.0,0.0
2026-01-30,0.04610322263748357,0.04590322263748357,0.4,0.0002,5,1.0,0.0
2026-02-02,0.014257467046214911,0.014257467046214911,0.0,0.0,5,1.0,0.0
2026-02-03,-0.03051284033374313,-0.03071284033374313,0.4,0.0002,5,1.0,0.0
2026-02-04,-0.048173682860397145,-0.04857368286039714,0.8,0.0004,5,1.0,0.0
2026-02-05,0.06954122223286792,0.06934122223286791,0.4,0.0002,5,1.0,0.0
2026-02-06,0.038528026555172484,0.038328026555172486,0.4,0.0002,5,1.0,0.0
2026-02-09,-0.035337637758449426,-0.035537637758449425,0.4,0.0002,5,1.0,0.0
2026-02-10,0.0074110259725388,0.007211025972538801,0.4,0.0002,5,1.0,0.0
2026-02-11,-0.02239560404662349,-0.022595604046623488,0.4,0.0002,5,1.0,0.0
2026-02-12,0.016826746502942157,0.016626746502942158,0.4,0.0002,5,1.0,0.0
2026-02-13,0.00988692379496059,0.00948692379496059,0.8,0.0004,5,1.0,0.0
2026-02-17,0.04366266164793342,0.04366266164793342,0.0,0.0,5,1.0,0.0
2026-02-18,0.03118279335175065,0.03098279335175065,0.4,0.0002,5,1.0,0.0
2026-02-19,-0.04669513494658344,-0.04669513494658344,0.0,0.0,5,1.0,0.0
2026-02-20,-0.004273792850627547,-0.004273792850627547,0.0,0.0,5,1.0,0.0
2026-02-23,0.0028070579917331764,0.0028070579917331764,0.0,0.0,5,1.0,0.0
2026-02-24,0.02054357596879499,0.02034357596879499,0.4,0.0002,5,1.0,0.0
2026-02-25,0.015844189806783725,0.015644189806783726,0.4,0.0002,5,1.0,0.0
2026-02-26,-0.04711572740465136,-0.047315727404651356,0.4,0.0002,5,1.0,0.0
2026-02-27,0.027697450609614416,0.027697450609614416,0.0,0.0,5,1.0,0.0
2026-03-02,-0.06946175274273214,-0.06946175274273214,0.0,0.0,5,1.0,0.0
2026-03-03,0.0706672874955795,0.0706672874955795,0.0,0.0,5,1.0,0.0
2026-03-04,-0.052487860723354055,-0.05268786072335405,0.4,0.0002,5,1.0,0.0
2026-03-05,-0.09066420418949181,-0.09086420418949182,0.4,0.0002,5,1.0,0.0
2026-03-06,0.11215684592266313,0.11215684592266313,0.0,0.0,5,1.0,0.0
2026-03-09,0.01600320762180381,0.01600320762180381,0.0,0.0,5,1.0,0.0
2026-03-10,0.013584104506476182,0.013584104506476182,0.0,0.0,5,1.0,0.0
2026-03-11,-0.03317682967019811,-0.03317682967019811,0.0,0.0,5,1.0,0.0
2026-03-12,0.016563000225014092,0.016363000225014093,0.4,0.0002,5,1.0,0.0
2026-03-13,0.017865778465638887,0.01766577846563889,0.4,0.0002,5,1.0,0.0
2026-03-16,0.042747640460404225,0.042747640460404225,0.0,0.0,5,1.0,0.0
2026-03-17,0.0447652338796548,0.0447652338796548,0.0,0.0,5,1.0,0.0
2026-03-18,0.05081689859381902,0.05081689859381902,0.0,0.0,5,1.0,0.0
2026-03-19,-0.06545087320191538,-0.06545087320191538,0.0,0.0,5,1.0,0.0
2026-03-20,-0.021939811357983775,-0.021939811357983775,0.0,0.0,5,1.0,0.0
2026-03-23,0.006249613520612842,0.0060496135206128425,0.4,0.0002,5,1.0,0.0
2026-03-24,-0.01276295667616554,-0.01296295667616554,0.4,0.0002,5,1.0,0.0
2026-03-25,-0.072051736834148,-0.072051736834148,0.0,0.0,5,1.0,0.0
2026-03-26,0.011404811537494442,0.011404811537494442,0.0,0.0,5,1.0,0.0
2026-03-27,-0.08375008360425551,-0.08375008360425551,0.0,0.0,5,1.0,0.0
2026-03-30,0.09630648566164877,0.09630648566164877,0.0,0.0,5,1.0,0.0
2026-03-31,0.1161400485215482,0.1159400485215482,0.4,0.0002,5,1.0,0.0
2026-04-01,0.039987251032576436,0.039987251032576436,0.0,0.0,5,1.0,0.0
2026-04-02,-0.01216628059239713,-0.01216628059239713,0.0,0.0,5,1.0,0.0
2026-04-06,0.008488616258725658,0.008288616258725658,0.4,0.0002,5,1.0,0.0
2026-04-07,0.08017776290751141,0.07997776290751141,0.4,0.0002,5,1.0,0.0
2026-04-08,0.03185565011397176,0.03165565011397176,0.4,0.0002,5,1.0,0.0
2026-04-09,0.030428203756302577,0.030228203756302578,0.4,0.0002,5,1.0,0.0
2026-04-10,0.05261601128942906,0.05261601128942906,0.0,0.0,5,1.0,0.0
2026-04-13,0.03084403679502894,0.03064403679502894,0.4,0.0002,5,1.0,0.0
2026-04-14,-0.020332828532179617,-0.020532828532179616,0.4,0.0002,5,1.0,0.0
2026-04-15,0.04654466682043952,0.04634466682043952,0.4,0.0002,5,1.0,0.0
2026-04-16,-0.007566279120420051,-0.007766279120420051,0.4,0.0002,5,1.0,0.0
2026-04-17,0.0004598924675347279,0.0002598924675347279,0.4,0.0002,5,1.0,0.0
2026-04-20,-0.023550716315347334,-0.023550716315347334,0.0,0.0,5,1.0,0.0
2026-04-21,0.037809196726353786,0.03760919672635379,0.4,0.0002,5,1.0,0.0
2026-04-22,-0.04396043283768951,-0.04396043283768951,0.0,0.0,5,1.0,0.0
2026-04-23,0.03534375437635337,0.03534375437635337,0.0,0.0,5,1.0,0.0
2026-04-24,0.0035262004925608707,0.0035262004925608707,0.0,0.0,5,1.0,0.0
2026-04-27,-0.04365761074254329,-0.04365761074254329,0.0,0.0,5,1.0,0.0
2026-04-28,0.045837499851225226,0.045837499851225226,0.0,0.0,5,1.0,0.0
2026-04-29,0.05023685642165576,0.05023685642165576,0.0,0.0,5,1.0,0.0
2026-04-30,0.04929724924182935,0.04929724924182935,0.0,0.0,5,1.0,0.0
2026-05-01,0.0024538448803169913,0.0024538448803169913,0.0,0.0,5,1.0,0.0
2026-05-04,0.028527581601676705,0.028527581601676705,0.0,0.0,5,1.0,0.0
2026-05-05,0.004297358044181699,0.004297358044181699,0.0,0.0,5,1.0,0.0
2026-05-06,-0.03869278762982552,-0.03869278762982552,0.0,0.0,5,1.0,0.0
2026-05-07,0.04819076290128033,0.047990762901280334,0.4,0.0002,5,1.0,0.0
2026-05-08,0.11131441364444829,0.11131441364444829,0.0,0.0,5,1.0,0.0
2026-05-11,-0.028043148300890164,-0.028043148300890164,0.0,0.0,5,1.0,0.0
2026-05-12,0.05074375967467299,0.05074375967467299,0.0,0.0,5,1.0,0.0
2026-05-13,-0.01125374069947449,-0.01125374069947449,0.0,0.0,5,1.0,0.0
2026-05-14,-0.0402883773479654,-0.0402883773479654,0.0,0.0,5,1.0,0.0
2026-05-15,-0.05877003853142822,-0.05877003853142822,0.0,0.0,5,1.0,0.0
2026-05-18,0.008407825910239164,0.008407825910239164,0.0,0.0,5,1.0,0.0
2026-05-19,0.010500255373890946,0.010500255373890946,0.0,0.0,5,1.0,0.0
2026-05-20,0.07496313171888941,0.07496313171888941,0.0,0.0,5,1.0,0.0
2026-05-21,-0.0012942216426589104,-0.0012942216426589104,0.0,0.0,5,1.0,0.0
2026-05-22,0.02095042416361188,0.02095042416361188,0.0,0.0,5,1.0,0.0
2026-05-26,0.003923625157459743,0.003923625157459743,0.0,0.0,5,1.0,0.0
2026-05-27,-0.013694780637903015,-0.013694780637903015,0.0,0.0,5,1.0,0.0
2026-05-28,-0.011838404815899617,-0.011838404815899617,0.0,0.0,5,1.0,0.0
2026-05-29,0.027597774037655957,0.027597774037655957,0.0,0.0,5,1.0,0.0
2026-06-01,0.06877915057354837,0.06877915057354837,0.0,0.0,5,1.0,0.0
2026-06-02,-0.05326645755692101,-0.05326645755692101,0.0,0.0,5,1.0,0.0
2026-06-03,0.018789599115464607,0.018789599115464607,0.0,0.0,5,1.0,0.0
2026-06-04,-0.13654280069949076,-0.13654280069949076,0.0,0.0,5,1.0,0.0
2026-06-05,0.03575732291060796,0.03575732291060796,0.0,0.0,5,1.0,0.0
2026-06-08,-0.04896413969277264,-0.04916413969277264,0.4,0.0002,5,1.0,0.0
