date,gross_return,net_return,turnover,cost,n_names,invested,cash_weight
2014-01-02,-0.006789524733268715,-0.007039524733268715,0.5,0.00025,1,0.5,0.5
2014-01-03,-0.012291052114060952,-0.012291052114060952,0.0,0.0,1,0.5,0.5
2014-01-06,0.004536290322580627,0.004536290322580627,0.0,0.0,1,0.5,0.5
2014-01-07,0.03296703296703296,0.03296703296703296,0.0,0.0,1,0.5,0.5
2014-01-08,-0.13516483516483518,-0.13566483516483518,1.0,0.0005,1,0.5,0.5
2014-01-09,0.02608695652173909,0.02558695652173909,1.0,0.0005,1,0.5,0.5
2014-01-10,-0.002739726027397249,-0.003239726027397249,1.0,0.0005,1,0.5,0.5
2014-01-13,-0.005509641873278237,-0.005509641873278237,0.0,0.0,1,0.5,0.5
2014-01-14,0.029247910863509752,0.029247910863509752,0.0,0.0,1,0.5,0.5
2014-01-15,-0.032894736842105254,-0.032894736842105254,0.0,0.0,1,0.5,0.5
2014-01-16,-0.009859154929577452,-0.009859154929577452,0.0,0.0,1,0.5,0.5
2014-01-17,0.002873563218390829,0.002873563218390829,0.0,0.0,1,0.5,0.5
2014-01-21,-0.022857142857142854,-0.022857142857142854,0.0,0.0,1,0.5,0.5
2014-01-22,-0.03892215568862273,-0.03892215568862273,0.0,0.0,1,0.5,0.5
2014-01-23,-0.04464285714285715,-0.04464285714285715,0.0,0.0,1,0.5,0.5
2014-01-24,0.013225255972696193,0.012725255972696192,1.0,0.0005,1,0.5,0.5
2014-01-27,0.06774729842061511,0.06774729842061511,0.0,0.0,1,0.5,0.5
2014-01-28,0.02342606149341142,0.02342606149341142,0.0,0.0,1,0.5,0.5
2014-01-29,0.034965034965035,0.034965034965035,0.0,0.0,1,0.5,0.5
2014-01-30,0.0013071895424836555,0.0013071895424836555,0.0,0.0,1,0.5,0.5
2014-01-31,-0.008800521512385917,-0.008800521512385917,0.0,0.0,1,0.5,0.5
2014-02-03,0.07570422535211274,0.07520422535211274,1.0,0.0005,1,0.5,0.5
2014-02-04,-0.030581039755351702,-0.030581039755351702,0.0,0.0,1,0.5,0.5
2014-02-05,0.01791530944625408,0.01791530944625408,0.0,0.0,1,0.5,0.5
2014-02-06,-0.012578616352201255,-0.012578616352201255,0.0,0.0,1,0.5,0.5
2014-02-07,0.07258064516129026,0.07258064516129026,0.0,0.0,1,0.5,0.5
2014-02-10,-0.005633802816901401,-0.005633802816901401,0.0,0.0,1,0.5,0.5
2014-02-11,0.03276353276353283,0.03276353276353283,0.0,0.0,1,0.5,0.5
2014-02-12,0.0267379679144385,0.0267379679144385,0.0,0.0,1,0.5,0.5
2014-02-13,-0.020304568527918787,-0.020304568527918787,0.0,0.0,1,0.5,0.5
2014-02-14,0.011904761904761973,0.011904761904761973,0.0,0.0,1,0.5,0.5
2014-02-18,-0.03617571059431529,-0.03617571059431529,0.0,0.0,1,0.5,0.5
2014-02-19,0.01532033426183843,0.01532033426183843,0.0,0.0,1,0.5,0.5
2014-02-20,-0.009459459459459474,-0.009459459459459474,0.0,0.0,1,0.5,0.5
2014-02-21,0.008264462809917328,0.008264462809917328,0.0,0.0,1,0.5,0.5
2014-02-24,0.028455284552845517,0.028455284552845517,0.0,0.0,1,0.5,0.5
2014-02-25,0.06538461538461537,0.06538461538461537,0.0,0.0,1,0.5,0.5
2014-02-26,-0.004535147392290273,-0.004535147392290273,0.0,0.0,1,0.5,0.5
2014-02-27,0.034324942791762014,0.034324942791762014,0.0,0.0,1,0.5,0.5
2014-02-28,0.1231263383297645,0.1231263383297645,0.0,0.0,1,0.5,0.5
2014-03-03,0.07474226804123707,0.07474226804123707,0.0,0.0,1,0.5,0.5
2014-03-04,0.004484304932735439,0.004484304932735439,0.0,0.0,1,0.5,0.5
2014-03-05,-0.028888888888888853,-0.028888888888888853,0.0,0.0,1,0.5,0.5
2014-03-06,0.1501572327044024,0.1501572327044024,0.0,0.0,1,0.5,0.5
2014-03-07,0.1233373639661427,0.1233373639661427,0.0,0.0,1,0.5,0.5
2014-03-10,-0.2075654704170708,-0.2075654704170708,0.0,0.0,1,0.5,0.5
2014-03-11,0.0638474295190713,0.0638474295190713,0.0,0.0,1,0.5,0.5
2014-03-12,0.08823529411764708,0.08823529411764708,0.0,0.0,1,0.5,0.5
2014-03-13,-0.080625,-0.080625,0.0,0.0,1,0.5,0.5
2014-03-14,-0.01490312965722801,-0.01490312965722801,0.0,0.0,1,0.5,0.5
2014-03-17,-0.042242703533026116,-0.042242703533026116,0.0,0.0,1,0.5,0.5
2014-03-18,0.02097315436241609,0.02097315436241609,0.0,0.0,1,0.5,0.5
2014-03-19,-0.01932367149758457,-0.01932367149758457,0.0,0.0,1,0.5,0.5
2014-03-20,-0.002512562814070307,-0.002512562814070307,0.0,0.0,1,0.5,0.5
2014-03-21,-0.02104377104377103,-0.02104377104377103,0.0,0.0,1,0.5,0.5
2014-03-24,0.24516695957820733,0.24516695957820733,0.0,0.0,1,0.5,0.5
2014-03-25,-0.11969339622641512,-0.11969339622641512,0.0,0.0,1,0.5,0.5
2014-03-26,0.03410852713178292,0.03410852713178292,0.0,0.0,1,0.5,0.5
2014-03-27,0.0007256894049347817,0.0007256894049347817,0.0,0.0,1,0.5,0.5
2014-03-28,0.01449275362318836,0.01449275362318836,0.0,0.0,1,0.5,0.5
2014-03-31,0.030985915492957816,0.030985915492957816,0.0,0.0,1,0.5,0.5
2014-04-01,-0.003978779840848767,-0.003978779840848767,0.0,0.0,1,0.5,0.5
2014-04-02,0.010026737967914423,0.010026737967914423,0.0,0.0,1,0.5,0.5
2014-04-03,-0.033420707732634336,-0.033420707732634336,0.0,0.0,1,0.5,0.5
2014-04-04,-0.026685393258426948,-0.026685393258426948,0.0,0.0,1,0.5,0.5
2014-04-07,0.034866468842729925,0.034866468842729925,0.0,0.0,1,0.5,0.5
2014-04-08,-0.004160887656033285,-0.004160887656033285,0.0,0.0,1,0.5,0.5
2014-04-09,-0.0076923076923077205,-0.0076923076923077205,0.0,0.0,1,0.5,0.5
2014-04-10,0.017755681818181768,0.017755681818181768,0.0,0.0,1,0.5,0.5
2014-04-11,0.002057613168724326,0.002057613168724326,0.0,0.0,1,0.5,0.5
2014-04-14,-0.022540983606557374,-0.022540983606557374,0.0,0.0,1,0.5,0.5
2014-04-15,0.006437768240343367,0.006437768240343367,0.0,0.0,1,0.5,0.5
2014-04-16,0.016949152542372947,0.016949152542372947,0.0,0.0,1,0.5,0.5
2014-04-17,-0.021174863387978193,-0.021174863387978193,0.0,0.0,1,0.5,0.5
2014-04-21,-0.02211126961483595,-0.02211126961483595,0.0,0.0,1,0.5,0.5
2014-04-22,-0.02164179104477615,-0.02164179104477615,0.0,0.0,1,0.5,0.5
2014-04-23,-0.031201248049922026,-0.031201248049922026,0.0,0.0,1,0.5,0.5
2014-04-24,-0.0532445923460898,-0.0532445923460898,0.0,0.0,1,0.5,0.5
2014-04-25,-0.06610800744878959,-0.06610800744878959,0.0,0.0,1,0.5,0.5
2014-04-28,0.016094420600858306,0.016094420600858306,0.0,0.0,1,0.5,0.5
2014-04-29,-0.016632016632016577,-0.016632016632016577,0.0,0.0,1,0.5,0.5
2014-04-30,0.004301075268817178,0.004301075268817178,0.0,0.0,1,0.5,0.5
2014-05-01,-0.020255863539445695,-0.020255863539445695,0.0,0.0,1,0.5,0.5
2014-05-02,-0.048888888888888926,-0.048888888888888926,0.0,0.0,1,0.5,0.5
2014-05-05,-0.0320197044334975,-0.0320197044334975,0.0,0.0,1,0.5,0.5
2014-05-06,0.019736842105263164,0.019736842105263164,0.0,0.0,1,0.5,0.5
2014-05-07,-0.03924050632911391,-0.03924050632911391,0.0,0.0,1,0.5,0.5
2014-05-08,0.01098901098901095,0.01098901098901095,0.0,0.0,1,0.5,0.5
2014-05-09,0.024193548387096753,0.024193548387096753,0.0,0.0,1,0.5,0.5
2014-05-12,0.024358974358974383,0.024358974358974383,0.0,0.0,1,0.5,0.5
2014-05-13,-0.0330073349633252,-0.0330073349633252,0.0,0.0,1,0.5,0.5
2014-05-14,0.027486910994764413,0.027486910994764413,0.0,0.0,1,0.5,0.5
2014-05-15,0.032258064516129004,0.032258064516129004,0.0,0.0,1,0.5,0.5
2014-05-16,0.023310023310023298,0.023310023310023298,0.0,0.0,1,0.5,0.5
2014-05-19,-0.010022271714922037,-0.010022271714922037,0.0,0.0,1,0.5,0.5
2014-05-20,0.003409090909090806,0.003409090909090806,0.0,0.0,1,0.5,0.5
2014-05-21,-0.01467268623024831,-0.01467268623024831,0.0,0.0,1,0.5,0.5
2014-05-22,-0.0244186046511628,-0.0244186046511628,0.0,0.0,1,0.5,0.5
2014-05-23,-0.011002444987775029,-0.011002444987775029,0.0,0.0,1,0.5,0.5
2014-05-27,0.04500000000000004,0.04500000000000004,0.0,0.0,1,0.5,0.5
2014-05-28,0.0,0.0,0.0,0.0,1,0.5,0.5
2014-05-29,-0.0011467889908257645,-0.0011467889908257645,0.0,0.0,1,0.5,0.5
2014-05-30,0.0034482758620689724,0.0034482758620689724,0.0,0.0,1,0.5,0.5
2014-06-02,0.003424657534246589,0.003424657534246589,0.0,0.0,1,0.5,0.5
2014-06-03,-0.006802721088435437,-0.006802721088435437,0.0,0.0,1,0.5,0.5
2014-06-04,0.010344827586207028,0.010344827586207028,0.0,0.0,1,0.5,0.5
2014-06-05,-0.005630630630630684,-0.005630630630630684,0.0,0.0,1,0.5,0.5
2014-06-06,-0.009111617312072884,-0.009111617312072884,0.0,0.0,1,0.5,0.5
2014-06-09,-0.013921113689095044,-0.013921113689095044,0.0,0.0,1,0.5,0.5
2014-06-10,-0.013126491646778093,-0.013126491646778093,0.0,0.0,1,0.5,0.5
2014-06-11,0.003676470588235281,0.003676470588235281,0.0,0.0,1,0.5,0.5
2014-06-12,0.0048661800486617945,0.0048661800486617945,0.0,0.0,1,0.5,0.5
2014-06-13,-0.006024096385542244,-0.006024096385542244,0.0,0.0,1,0.5,0.5
2014-06-16,0.023170731707317094,0.023170731707317094,0.0,0.0,1,0.5,0.5
2014-06-17,0.08857808857808858,0.08857808857808858,0.0,0.0,1,0.5,0.5
2014-06-18,-0.03465346534653463,-0.03465346534653463,0.0,0.0,1,0.5,0.5
2014-06-19,0.010638297872340385,0.010638297872340385,0.0,0.0,1,0.5,0.5
2014-06-20,0.0,0.0,0.0,0.0,1,0.5,0.5
2014-06-23,-0.03697916666666662,-0.03697916666666662,0.0,0.0,1,0.5,0.5
2014-06-24,0.009561304836895435,0.009561304836895435,0.0,0.0,1,0.5,0.5
2014-06-25,0.023178807947019875,0.023178807947019875,0.0,0.0,1,0.5,0.5
2014-06-26,-0.0010548523206750926,-0.0010548523206750926,0.0,0.0,1,0.5,0.5
2014-06-27,-0.005285412262156508,-0.005285412262156508,0.0,0.0,1,0.5,0.5
2014-06-30,0.004273504273504258,0.004273504273504258,0.0,0.0,1,0.5,0.5
2014-07-01,-0.018008474576271194,-0.018008474576271194,0.0,0.0,1,0.5,0.5
2014-07-02,-0.0032967032967033405,-0.0032967032967033405,0.0,0.0,1,0.5,0.5
2014-07-03,-0.004424778761061843,-0.004424778761061843,0.0,0.0,1,0.5,0.5
2014-07-07,-0.016741071428571452,-0.016741071428571452,0.0,0.0,1,0.5,0.5
2014-07-08,0.0,0.0,0.0,0.0,1,0.5,0.5
2014-07-09,-0.009237875288683584,-0.009237875288683584,0.0,0.0,1,0.5,0.5
2014-07-10,-0.0023529411764705577,-0.0023529411764705577,0.0,0.0,1,0.5,0.5
2014-07-11,-0.005910165484633634,-0.005910165484633634,0.0,0.0,1,0.5,0.5
2014-07-14,0.0801435406698564,0.0801435406698564,0.0,0.0,1,0.5,0.5
2014-07-15,-0.008247422680412397,-0.008247422680412397,0.0,0.0,1,0.5,0.5
2014-07-16,-0.01991614255765195,-0.01991614255765195,0.0,0.0,1,0.5,0.5
2014-07-17,0.04912663755458513,0.04912663755458513,0.0,0.0,1,0.5,0.5
2014-07-18,0.0656063618290259,0.0656063618290259,0.0,0.0,1,0.5,0.5
2014-07-21,-0.019332161687170557,-0.019332161687170557,0.0,0.0,1,0.5,0.5
2014-07-22,0.014625228519195677,0.014625228519195677,0.0,0.0,1,0.5,0.5
2014-07-23,-0.02131438721136769,-0.02131438721136769,0.0,0.0,1,0.5,0.5
2014-07-24,0.002782931354359919,0.002782931354359919,0.0,0.0,1,0.5,0.5
2014-07-25,0.009225092250922495,0.009225092250922495,0.0,0.0,1,0.5,0.5
2014-07-28,0.02264492753623193,0.02264492753623193,0.0,0.0,1,0.5,0.5
2014-07-29,-0.0060658578856152,-0.0060658578856152,0.0,0.0,1,0.5,0.5
2014-07-30,-0.02456140350877195,-0.02456140350877195,0.0,0.0,1,0.5,0.5
2014-07-31,-0.0036900369003690092,-0.0036900369003690092,0.0,0.0,1,0.5,0.5
2014-08-01,0.0027881040892193676,0.0027881040892193676,0.0,0.0,1,0.5,0.5
2014-08-04,-0.012939001848428888,-0.012939001848428888,0.0,0.0,1,0.5,0.5
2014-08-05,0.004743833017077814,0.004743833017077814,0.0,0.0,1,0.5,0.5
2014-08-06,0.021616541353383423,0.021616541353383423,0.0,0.0,1,0.5,0.5
2014-08-07,0.009009009009009028,0.009009009009009028,0.0,0.0,1,0.5,0.5
2014-08-08,0.015044247787610598,0.015044247787610598,0.0,0.0,1,0.5,0.5
2014-08-11,-0.014604810996563578,-0.014604810996563578,0.0,0.0,1,0.5,0.5
2014-08-12,0.018495575221238902,0.018495575221238902,0.0,0.0,1,0.5,0.5
2014-08-13,0.020993343573988743,0.020993343573988743,0.0,0.0,1,0.5,0.5
2014-08-14,-0.015151515151515194,-0.015151515151515194,0.0,0.0,1,0.5,0.5
2014-08-15,0.0016891891891892552,0.0016891891891892552,0.0,0.0,1,0.5,0.5
2014-08-18,-0.006734006734006759,-0.006734006734006759,0.0,0.0,1,0.5,0.5
2014-08-19,0.0004266211604095904,0.0004266211604095904,0.0,0.0,1,0.5,0.5
2014-08-20,-0.0046888320545609985,-0.0046888320545609985,0.0,0.0,1,0.5,0.5
2014-08-21,0.0068846815834767705,0.0068846815834767705,0.0,0.0,1,0.5,0.5
2014-08-22,0.01018675721561968,0.01018675721561968,0.0,0.0,1,0.5,0.5
2014-08-25,-0.021630615640598982,-0.021630615640598982,0.0,0.0,1,0.5,0.5
2014-08-26,0.0008695652173912327,0.0008695652173912327,0.0,0.0,1,0.5,0.5
2014-08-27,-0.018229166666666685,-0.018229166666666685,0.0,0.0,1,0.5,0.5
2014-08-28,0.002702702702702675,0.002702702702702675,0.0,0.0,1,0.5,0.5
2014-08-29,-0.014336917562724039,-0.014336917562724039,0.0,0.0,1,0.5,0.5
2014-09-02,-0.016605166051660514,-0.016605166051660514,0.0,0.0,1,0.5,0.5
2014-09-03,0.000954198473282375,0.000954198473282375,0.0,0.0,1,0.5,0.5
2014-09-04,0.017142857142857126,0.017142857142857126,0.0,0.0,1,0.5,0.5
2014-09-05,0.0036832412523020164,0.0036832412523020164,0.0,0.0,1,0.5,0.5
2014-09-08,-0.01828153564899454,-0.01828153564899454,0.0,0.0,1,0.5,0.5
2014-09-09,-0.01992409867172673,-0.01992409867172673,0.0,0.0,1,0.5,0.5
2014-09-10,0.007905138339920903,0.007905138339920903,0.0,0.0,1,0.5,0.5
2014-09-11,-0.0038910505836575737,-0.0038910505836575737,0.0,0.0,1,0.5,0.5
2014-09-12,-0.03137254901960779,-0.03137254901960779,0.0,0.0,1,0.5,0.5
2014-09-15,-0.011506276150627659,-0.011506276150627659,0.0,0.0,1,0.5,0.5
2014-09-16,-0.005353319057815831,-0.005353319057815831,0.0,0.0,1,0.5,0.5
2014-09-17,-0.03354978354978361,-0.03354978354978361,0.0,0.0,1,0.5,0.5
2014-09-18,0.0139211136890951,0.0139211136890951,0.0,0.0,1,0.5,0.5
2014-09-19,-0.028216704288939076,-0.028216704288939076,0.0,0.0,1,0.5,0.5
2014-09-22,0.04784688995215314,0.04784688995215314,0.0,0.0,1,0.5,0.5
2014-09-23,-0.013100436681222738,-0.013100436681222738,0.0,0.0,1,0.5,0.5
2014-09-24,-0.0179372197309417,-0.0179372197309417,0.0,0.0,1,0.5,0.5
2014-09-25,0.005813953488372103,0.005813953488372103,0.0,0.0,1,0.5,0.5
2014-09-26,0.01379310344827589,0.01379310344827589,0.0,0.0,1,0.5,0.5
2014-09-29,0.01342281879194629,0.01342281879194629,0.0,0.0,1,0.5,0.5
2014-09-30,-0.019607843137254888,-0.019607843137254888,0.0,0.0,1,0.5,0.5
2014-10-01,0.01814058956916098,0.01814058956916098,0.0,0.0,1,0.5,0.5
2014-10-02,-0.001094091903720007,-0.001094091903720007,0.0,0.0,1,0.5,0.5
2014-10-03,-0.0164473684210526,-0.0164473684210526,0.0,0.0,1,0.5,0.5
2014-10-06,-0.012471655328798237,-0.012471655328798237,0.0,0.0,1,0.5,0.5
2014-10-07,0.029069767441860517,0.029069767441860517,0.0,0.0,1,0.5,0.5
2014-10-08,-0.01538461538461533,-0.01538461538461533,0.0,0.0,1,0.5,0.5
2014-10-09,0.003401360544217691,0.003401360544217691,0.0,0.0,1,0.5,0.5
2014-10-10,-0.02364864864864863,-0.02364864864864863,0.0,0.0,1,0.5,0.5
2014-10-13,0.013002364066193817,0.013002364066193817,0.0,0.0,1,0.5,0.5
2014-10-14,0.003456221198156695,0.003456221198156695,0.0,0.0,1,0.5,0.5
2014-10-15,0.003432494279176246,0.003432494279176246,0.0,0.0,1,0.5,0.5
2014-10-16,-0.002272727272727315,-0.002272727272727315,0.0,0.0,1,0.5,0.5
2014-10-17,0.007990867579908745,0.007990867579908745,0.0,0.0,1,0.5,0.5
2014-10-20,-0.004494382022471932,-0.004494382022471932,0.0,0.0,1,0.5,0.5
2014-10-21,-0.013605442176870763,-0.013605442176870763,0.0,0.0,1,0.5,0.5
2014-10-22,0.0011655011655011815,0.0011655011655011815,0.0,0.0,1,0.5,0.5
2014-10-23,0.0046511627906976605,0.0046511627906976605,0.0,0.0,1,0.5,0.5
2014-10-24,-0.004608294930875556,-0.004608294930875556,0.0,0.0,1,0.5,0.5
2014-10-27,0.013953488372092981,0.013953488372092981,0.0,0.0,1,0.5,0.5
2014-10-28,0.00226244343891413,0.00226244343891413,0.0,0.0,1,0.5,0.5
2014-10-29,0.005630630630630629,0.005630630630630629,0.0,0.0,1,0.5,0.5
2014-10-30,0.024498886414253906,0.024498886414253906,0.0,0.0,1,0.5,0.5
2014-10-31,0.04564755838641188,0.04564755838641188,0.0,0.0,1,0.5,0.5
2014-11-03,0.020428015564202373,0.020428015564202373,0.0,0.0,1,0.5,0.5
2014-11-04,-0.036448598130841114,-0.036448598130841114,0.0,0.0,1,0.5,0.5
2014-11-05,0.016129032258064502,0.016129032258064502,0.0,0.0,1,0.5,0.5
2014-11-06,0.017578125,0.017578125,0.0,0.0,1,0.5,0.5
2014-11-07,-0.0018867924528301327,-0.0018867924528301327,0.0,0.0,1,0.5,0.5
2014-11-10,-0.018939393939393978,-0.018939393939393978,0.0,0.0,1,0.5,0.5
2014-11-11,-0.08267716535433067,-0.08267716535433067,0.0,0.0,1,0.5,0.5
2014-11-12,-0.0212264150943397,-0.0212264150943397,0.0,0.0,1,0.5,0.5
2014-11-13,-0.04187192118226596,-0.04187192118226596,0.0,0.0,1,0.5,0.5
2014-11-14,0.0,0.0,0.0,0.0,1,0.5,0.5
2014-11-17,0.043010752688172005,0.043010752688172005,0.0,0.0,1,0.5,0.5
2014-11-18,-0.00990099009900991,-0.00990099009900991,0.0,0.0,1,0.5,0.5
2014-11-19,-0.0025252525252525415,-0.0025252525252525415,0.0,0.0,1,0.5,0.5
2014-11-20,-0.0012690355329949,-0.0012690355329949,0.0,0.0,1,0.5,0.5
2014-11-21,0.0025445292620864812,0.0025445292620864812,0.0,0.0,1,0.5,0.5
2014-11-24,0.006329113924050556,0.006329113924050556,0.0,0.0,1,0.5,0.5
2014-11-25,-0.0050000000000000044,-0.0050000000000000044,0.0,0.0,1,0.5,0.5
2014-11-26,-0.01767676767676768,-0.01767676767676768,0.0,0.0,1,0.5,0.5
2014-11-28,-0.03664921465968585,-0.03664921465968585,0.0,0.0,1,0.5,0.5
2014-12-01,0.008474576271186418,0.008474576271186418,0.0,0.0,1,0.5,0.5
2014-12-02,-0.013888888888888895,-0.013888888888888895,0.0,0.0,1,0.5,0.5
2014-12-03,0.02857142857142858,0.02857142857142858,0.0,0.0,1,0.5,0.5
2014-12-04,-0.013513513513513542,-0.013513513513513542,0.0,0.0,1,0.5,0.5
2014-12-05,-0.01710893854748602,-0.01760893854748602,1.0,0.0005,1,0.5,0.5
2014-12-08,0.0025565540749922233,0.0025565540749922233,0.0,0.0,1,0.5,0.5
2014-12-09,-0.013719512195121908,-0.014219512195121908,1.0,0.0005,1,0.5,0.5
2014-12-10,-0.011131974248927035,-0.011631974248927035,1.0,0.0005,1,0.5,0.5
2014-12-11,-0.012153635116598116,-0.012153635116598116,0.0,0.0,1,0.5,0.5
2014-12-12,0.020301428410752442,0.020301428410752442,0.0,0.0,1,0.5,0.5
2014-12-15,-0.016320795503674934,-0.016320795503674934,0.0,0.0,1,0.5,0.5
2014-12-16,-0.019664804469273656,-0.019664804469273656,0.0,0.0,1,0.5,0.5
2014-12-17,0.03358339148639211,0.03358339148639211,0.0,0.0,1,0.5,0.5
2014-12-18,0.007383793798703131,0.007383793798703131,0.0,0.0,1,0.5,0.5
2014-12-19,0.01723057644110282,0.016730576441102818,1.0,0.0005,1,0.5,0.5
2014-12-22,-0.006359781950333154,-0.006359781950333154,0.0,0.0,1,0.5,0.5
2014-12-23,0.008895705521472341,0.008895705521472341,0.0,0.0,1,0.5,0.5
2014-12-24,0.004068716094032587,0.004068716094032587,0.0,0.0,1,0.5,0.5
2014-12-26,-0.0007473841554559435,-0.0007473841554559435,0.0,0.0,1,0.5,0.5
2014-12-29,0.007185628742515049,0.007185628742515049,0.0,0.0,1,0.5,0.5
2014-12-30,-0.010330578512396715,-0.010330578512396715,0.0,0.0,1,0.5,0.5
2014-12-31,0.03044002411091018,0.03044002411091018,0.0,0.0,1,0.5,0.5
2015-01-02,-0.019673295454545547,-0.019673295454545547,0.0,0.0,1,0.5,0.5
2015-01-05,-0.02188377938784558,-0.02188377938784558,0.0,0.0,1,0.5,0.5
2015-01-06,0.01530848925313133,0.01530848925313133,0.0,0.0,1,0.5,0.5
2015-01-07,0.007801950487621889,0.007801950487621889,0.0,0.0,1,0.5,0.5
2015-01-08,-0.0042842369626237,-0.0042842369626237,0.0,0.0,1,0.5,0.5
2015-01-09,-0.008106062217683896,-0.008606062217683896,1.0,0.0005,1,0.5,0.5
2015-01-12,-0.008386507345852445,-0.008386507345852445,0.0,0.0,1,0.5,0.5
2015-01-13,0.023743152423524427,0.023743152423524427,0.0,0.0,1,0.5,0.5
2015-01-14,-0.0509998407813263,-0.0509998407813263,0.0,0.0,1,0.5,0.5
2015-01-15,0.023915525558993345,0.023915525558993345,0.0,0.0,1,0.5,0.5
2015-01-16,-0.01857313129772975,-0.01857313129772975,0.0,0.0,1,0.5,0.5
2015-01-20,-0.014663992615137456,-0.014663992615137456,0.0,0.0,1,0.5,0.5
2015-01-21,0.01922240934923236,0.01922240934923236,0.0,0.0,1,0.5,0.5
2015-01-22,0.0001566232974999915,0.0001566232974999915,0.0,0.0,1,0.5,0.5
2015-01-23,0.00969563306273602,0.00969563306273602,0.0,0.0,1,0.5,0.5
2015-01-26,-0.002147993108385038,-0.002147993108385038,0.0,0.0,1,0.5,0.5
2015-01-27,-0.013044516085814917,-0.013044516085814917,0.0,0.0,1,0.5,0.5
2015-01-28,0.019194347919171295,0.019194347919171295,0.0,0.0,1,0.5,0.5
2015-01-29,-0.028184019912602443,-0.028184019912602443,0.0,0.0,1,0.5,0.5
2015-01-30,-0.006511353839583012,-0.006511353839583012,0.0,0.0,1,0.5,0.5
2015-02-02,-0.022791928614072865,-0.022791928614072865,0.0,0.0,1,0.5,0.5
2015-02-03,-0.0054844424666188885,-0.0054844424666188885,0.0,0.0,1,0.5,0.5
2015-02-04,0.008202496988862773,0.008202496988862773,0.0,0.0,1,0.5,0.5
2015-02-05,-0.01051374303869096,-0.01051374303869096,0.0,0.0,1,0.5,0.5
2015-02-06,-0.009810655103055066,-0.009810655103055066,0.0,0.0,1,0.5,0.5
2015-02-09,0.02102080378044857,0.02102080378044857,0.0,0.0,1,0.5,0.5
2015-02-10,-0.0008523827569180131,-0.0008523827569180131,0.0,0.0,1,0.5,0.5
2015-02-11,0.010985914020098964,0.010985914020098964,0.0,0.0,1,0.5,0.5
2015-02-12,0.005179677083663736,0.005179677083663736,0.0,0.0,1,0.5,0.5
2015-02-13,-0.0019844947108835775,-0.0019844947108835775,0.0,0.0,1,0.5,0.5
2015-02-17,0.008578668125423294,0.008578668125423294,0.0,0.0,1,0.5,0.5
2015-02-18,0.0031013835019393365,0.0031013835019393365,0.0,0.0,1,0.5,0.5
2015-02-19,0.004650966405547519,0.004650966405547519,0.0,0.0,1,0.5,0.5
2015-02-20,0.007554669228527988,0.007554669228527988,0.0,0.0,1,0.5,0.5
2015-02-23,-0.004908957623453614,-0.004908957623453614,0.0,0.0,1,0.5,0.5
2015-02-24,0.013326602379858832,0.013326602379858832,0.0,0.0,1,0.5,0.5
2015-02-25,-0.0004154067743257772,-0.0004154067743257772,0.0,0.0,1,0.5,0.5
2015-02-26,-0.00467685410678198,-0.00467685410678198,0.0,0.0,1,0.5,0.5
2015-02-27,0.01091065730880092,0.01091065730880092,0.0,0.0,1,0.5,0.5
2015-03-02,0.007854047503406902,0.007854047503406902,0.0,0.0,1,0.5,0.5
2015-03-03,0.0056606261275523595,0.0056606261275523595,0.0,0.0,1,0.5,0.5
2015-03-04,0.06086932171862858,0.06086932171862858,0.0,0.0,1,0.5,0.5
2015-03-05,0.004054294065024222,0.004054294065024222,0.0,0.0,1,0.5,0.5
2015-03-06,0.0061869873946373,0.0061869873946373,0.0,0.0,1,0.5,0.5
2015-03-09,0.011262379314465276,0.011262379314465276,0.0,0.0,1,0.5,0.5
2015-03-10,0.0046959826701572505,0.0046959826701572505,0.0,0.0,1,0.5,0.5
2015-03-11,0.005794478792168767,0.005794478792168767,0.0,0.0,1,0.5,0.5
2015-03-12,0.001421366662672563,0.001421366662672563,0.0,0.0,1,0.5,0.5
2015-03-13,0.015050738463117441,0.015050738463117441,0.0,0.0,1,0.5,0.5
2015-03-16,-0.006678102308096068,-0.006678102308096068,0.0,0.0,1,0.5,0.5
2015-03-17,-0.005866061773006637,-0.005866061773006637,0.0,0.0,1,0.5,0.5
2015-03-18,0.024655574593922425,0.024655574593922425,0.0,0.0,1,0.5,0.5
2015-03-19,-0.006487395470959334,-0.006487395470959334,0.0,0.0,1,0.5,0.5
2015-03-20,-0.019116491765934218,-0.019116491765934218,0.0,0.0,1,0.5,0.5
2015-03-23,0.004958771954670982,0.004958771954670982,0.0,0.0,1,0.5,0.5
2015-03-24,-0.0443968660411484,-0.0443968660411484,0.0,0.0,1,0.5,0.5
2015-03-25,0.005705493861925204,0.005705493861925204,0.0,0.0,1,0.5,0.5
2015-03-26,0.012222364789061357,0.012222364789061357,0.0,0.0,1,0.5,0.5
2015-03-27,0.04142995237345892,0.04142995237345892,0.0,0.0,1,0.5,0.5
2015-03-30,-0.01259186433439513,-0.01259186433439513,0.0,0.0,1,0.5,0.5
2015-03-31,-0.0010762404146149596,-0.0010762404146149596,0.0,0.0,1,0.5,0.5
2015-04-01,-0.008381150852330765,-0.008381150852330765,0.0,0.0,1,0.5,0.5
2015-04-02,0.00649835922728248,0.00649835922728248,0.0,0.0,1,0.5,0.5
2015-04-06,0.001957976775188941,0.001957976775188941,0.0,0.0,1,0.5,0.5
2015-04-07,0.021452208110392945,0.021452208110392945,0.0,0.0,1,0.5,0.5
2015-04-08,-0.0032625395985398375,-0.0032625395985398375,0.0,0.0,1,0.5,0.5
2015-04-09,0.00596720520255245,0.00596720520255245,0.0,0.0,1,0.5,0.5
2015-04-10,0.00902319325287182,0.00902319325287182,0.0,0.0,1,0.5,0.5
2015-04-13,0.005753377502551449,0.005753377502551449,0.0,0.0,1,0.5,0.5
2015-04-14,0.008647330818387977,0.008647330818387977,0.0,0.0,1,0.5,0.5
2015-04-15,0.005968790167875659,0.005968790167875659,0.0,0.0,1,0.5,0.5
2015-04-16,-0.005300995591305535,-0.005300995591305535,0.0,0.0,1,0.5,0.5
2015-04-17,-0.0031696902056745913,-0.0031696902056745913,0.0,0.0,1,0.5,0.5
2015-04-20,0.013670404799693059,0.013670404799693059,0.0,0.0,1,0.5,0.5
2015-04-21,0.00450966171765077,0.00450966171765077,0.0,0.0,1,0.5,0.5
2015-04-22,0.013150969985826766,0.013150969985826766,0.0,0.0,1,0.5,0.5
2015-04-23,-0.013634932917153009,-0.013634932917153009,0.0,0.0,1,0.5,0.5
2015-04-24,-0.015191513515626975,-0.015191513515626975,0.0,0.0,1,0.5,0.5
2015-04-27,0.0024976987104434745,0.0024976987104434745,0.0,0.0,1,0.5,0.5
2015-04-28,-0.0007907249280357243,-0.0007907249280357243,0.0,0.0,1,0.5,0.5
2015-04-29,0.0023381694997931524,0.0023381694997931524,0.0,0.0,1,0.5,0.5
2015-04-30,0.021585934073209634,0.021585934073209634,0.0,0.0,1,0.5,0.5
2015-05-01,-0.007053557851868009,-0.007053557851868009,0.0,0.0,1,0.5,0.5
2015-05-04,-0.014308638763116666,-0.014308638763116666,0.0,0.0,1,0.5,0.5
2015-05-05,0.024650393460526554,0.024650393460526554,0.0,0.0,1,0.5,0.5
2015-05-06,0.04583900229741078,0.04583900229741078,0.0,0.0,1,0.5,0.5
2015-05-07,0.03706849793891476,0.03706849793891476,0.0,0.0,1,0.5,0.5
2015-05-08,0.005283512601713336,0.005283512601713336,0.0,0.0,1,0.5,0.5
2015-05-11,0.002296561514703477,0.002296561514703477,0.0,0.0,1,0.5,0.5
2015-05-12,-0.017658186713708723,-0.017658186713708723,0.0,0.0,1,0.5,0.5
2015-05-13,-0.009168217761713948,-0.009168217761713948,0.0,0.0,1,0.5,0.5
2015-05-14,-0.009466109222227292,-0.009466109222227292,0.0,0.0,1,0.5,0.5
2015-05-15,0.006411007600412355,0.006411007600412355,0.0,0.0,1,0.5,0.5
2015-05-18,0.04517257824283116,0.04517257824283116,0.0,0.0,1,0.5,0.5
2015-05-19,-0.014132436005028892,-0.014132436005028892,0.0,0.0,1,0.5,0.5
2015-05-20,0.021815398106763806,0.021815398106763806,0.0,0.0,1,0.5,0.5
2015-05-21,0.015727852017649036,0.015727852017649036,0.0,0.0,1,0.5,0.5
2015-05-22,0.014883881163768264,0.014883881163768264,0.0,0.0,1,0.5,0.5
2015-05-26,0.0163318731435087,0.0163318731435087,0.0,0.0,1,0.5,0.5
2015-05-27,0.007459593164166223,0.007459593164166223,0.0,0.0,1,0.5,0.5
2015-05-28,0.004493126475522358,0.004493126475522358,0.0,0.0,1,0.5,0.5
2015-05-29,-0.008417025188419025,-0.008417025188419025,0.0,0.0,1,0.5,0.5
2015-06-01,-0.006571343507272176,-0.006571343507272176,0.0,0.0,1,0.5,0.5
2015-06-02,-0.009815876766394727,-0.009815876766394727,0.0,0.0,1,0.5,0.5
2015-06-03,0.0005682332271770285,0.0005682332271770285,0.0,0.0,1,0.5,0.5
2015-06-04,0.012568875311354089,0.012568875311354089,0.0,0.0,1,0.5,0.5
2015-06-05,-0.0026893934623324345,-0.0026893934623324345,0.0,0.0,1,0.5,0.5
2015-06-08,-0.005248862563811851,-0.005248862563811851,0.0,0.0,1,0.5,0.5
2015-06-09,-0.011654256164768562,-0.011654256164768562,0.0,0.0,1,0.5,0.5
2015-06-10,0.010697997873401865,0.010697997873401865,0.0,0.0,1,0.5,0.5
2015-06-11,-0.014421653720456618,-0.014421653720456618,0.0,0.0,1,0.5,0.5
2015-06-12,-0.004175500041404434,-0.004175500041404434,0.0,0.0,1,0.5,0.5
2015-06-15,-0.024149452675249206,-0.024149452675249206,0.0,0.0,1,0.5,0.5
2015-06-16,0.001259910253263219,0.001259910253263219,0.0,0.0,1,0.5,0.5
2015-06-17,0.002659538766281111,0.002659538766281111,0.0,0.0,1,0.5,0.5
2015-06-18,-0.005349420138987149,-0.005349420138987149,0.0,0.0,1,0.5,0.5
2015-06-19,0.022364147394381195,0.022364147394381195,0.0,0.0,1,0.5,0.5
2015-06-22,-0.009676627520897152,-0.009676627520897152,0.0,0.0,1,0.5,0.5
2015-06-23,-0.012076147816349414,-0.012076147816349414,0.0,0.0,1,0.5,0.5
2015-06-24,-0.0034390992945755317,-0.0034390992945755317,0.0,0.0,1,0.5,0.5
2015-06-25,-0.0096489720813287,-0.0096489720813287,0.0,0.0,1,0.5,0.5
2015-06-26,-0.01931562249454688,-0.01931562249454688,0.0,0.0,1,0.5,0.5
2015-06-29,0.02856781160533639,0.02856781160533639,0.0,0.0,1,0.5,0.5
2015-06-30,-0.015739031805948767,-0.015739031805948767,0.0,0.0,1,0.5,0.5
2015-07-01,0.0004292326593103857,0.0004292326593103857,0.0,0.0,1,0.5,0.5
2015-07-02,3.0673379165180314e-05,3.0673379165180314e-05,0.0,0.0,1,0.5,0.5
2015-07-06,-0.011089294015287354,-0.011089294015287354,0.0,0.0,1,0.5,0.5
2015-07-07,-0.015570206361493755,-0.015570206361493755,0.0,0.0,1,0.5,0.5
2015-07-08,0.012287191416787357,0.012287191416787357,0.0,0.0,1,0.5,0.5
2015-07-09,0.0018936110629558245,0.0018936110629558245,0.0,0.0,1,0.5,0.5
2015-07-10,0.015311801275242232,0.015311801275242232,0.0,0.0,1,0.5,0.5
2015-07-13,0.0069248561198052005,0.0069248561198052005,0.0,0.0,1,0.5,0.5
2015-07-14,0.004934746040511695,0.004934746040511695,0.0,0.0,1,0.5,0.5
2015-07-15,-0.003635193224669875,-0.003635193224669875,0.0,0.0,1,0.5,0.5
2015-07-16,-0.007203152216526287,-0.007203152216526287,0.0,0.0,1,0.5,0.5
2015-07-17,0.003471418005722149,0.003471418005722149,0.0,0.0,1,0.5,0.5
2015-07-20,-0.014213851713240522,-0.014213851713240522,0.0,0.0,1,0.5,0.5
2015-07-21,0.004264315507880756,0.004264315507880756,0.0,0.0,1,0.5,0.5
2015-07-22,0.004753029577934331,0.004753029577934331,0.0,0.0,1,0.5,0.5
2015-07-23,-0.014155428878265652,-0.014155428878265652,0.0,0.0,1,0.5,0.5
2015-07-24,0.0018248839721776156,0.0018248839721776156,0.0,0.0,1,0.5,0.5
2015-07-27,0.0026021043756014883,0.0026021043756014883,0.0,0.0,1,0.5,0.5
2015-07-28,-0.004054263881241471,-0.004054263881241471,0.0,0.0,1,0.5,0.5
2015-07-29,0.0004713572489373208,0.0004713572489373208,0.0,0.0,1,0.5,0.5
2015-07-30,0.020921304960806242,0.020921304960806242,0.0,0.0,1,0.5,0.5
2015-07-31,-0.0037087854260879904,-0.0037087854260879904,0.0,0.0,1,0.5,0.5
2015-08-03,-0.0003948285551172437,-0.0003948285551172437,0.0,0.0,1,0.5,0.5
2015-08-04,0.0062016127320717596,0.0062016127320717596,0.0,0.0,1,0.5,0.5
2015-08-05,-0.02906725289759532,-0.02906725289759532,0.0,0.0,1,0.5,0.5
2015-08-06,-0.0063444128226018415,-0.0063444128226018415,0.0,0.0,1,0.5,0.5
2015-08-07,-0.05040681274155895,-0.05040681274155895,0.0,0.0,1,0.5,0.5
2015-08-10,-0.01199457422081951,-0.01199457422081951,0.0,0.0,1,0.5,0.5
2015-08-11,-0.0037897991436872114,-0.0037897991436872114,0.0,0.0,1,0.5,0.5
2015-08-12,-0.010937211584896134,-0.010937211584896134,0.0,0.0,1,0.5,0.5
2015-08-13,-0.015503071645736444,-0.015503071645736444,0.0,0.0,1,0.5,0.5
2015-08-14,0.015138568693622512,0.015138568693622512,0.0,0.0,1,0.5,0.5
2015-08-17,-0.007897363569591587,-0.007897363569591587,0.0,0.0,1,0.5,0.5
2015-08-18,-0.01003012759045191,-0.01003012759045191,0.0,0.0,1,0.5,0.5
2015-08-19,-0.022675299090037238,-0.022675299090037238,0.0,0.0,1,0.5,0.5
2015-08-20,0.01047395885417135,0.01047395885417135,0.0,0.0,1,0.5,0.5
2015-08-21,-0.01526781281930839,-0.01526781281930839,0.0,0.0,1,0.5,0.5
2015-08-24,0.021081709131656745,0.021081709131656745,0.0,0.0,1,0.5,0.5
2015-08-25,0.0183897459851613,0.0183897459851613,0.0,0.0,1,0.5,0.5
2015-08-26,0.014228365064477666,0.014228365064477666,0.0,0.0,1,0.5,0.5
2015-08-27,0.015409591940615308,0.015409591940615308,0.0,0.0,1,0.5,0.5
2015-08-28,-0.016003626967586504,-0.016003626967586504,0.0,0.0,1,0.5,0.5
2015-08-31,-0.015818691126871176,-0.015818691126871176,0.0,0.0,1,0.5,0.5
2015-09-01,0.011407621999466766,0.011407621999466766,0.0,0.0,1,0.5,0.5
2015-09-02,-0.014112374898943347,-0.014112374898943347,0.0,0.0,1,0.5,0.5
2015-09-03,0.0048409930992540096,0.0048409930992540096,0.0,0.0,1,0.5,0.5
2015-09-04,0.03394663605717119,0.03394663605717119,0.0,0.0,1,0.5,0.5
2015-09-08,-0.02820426692385719,-0.02820426692385719,0.0,0.0,1,0.5,0.5
2015-09-09,0.006371455877668075,0.005871455877668075,1.0,0.0005,1,0.5,0.5
2015-09-10,0.001048547761350438,0.001048547761350438,0.0,0.0,1,0.5,0.5
2015-09-11,0.005807261692999943,0.005807261692999943,0.0,0.0,1,0.5,0.5
2015-09-14,0.018669838642945802,0.018669838642945802,0.0,0.0,1,0.5,0.5
2015-09-15,-0.009422674244690399,-0.009422674244690399,0.0,0.0,1,0.5,0.5
2015-09-16,0.02886178861788613,0.02886178861788613,0.0,0.0,1,0.5,0.5
2015-09-17,0.0004803996925442089,0.0004803996925442089,0.0,0.0,1,0.5,0.5
2015-09-18,-0.0055672873872145145,-0.0055672873872145145,0.0,0.0,1,0.5,0.5
2015-09-21,-0.0014560279557367384,-0.0014560279557367384,0.0,0.0,1,0.5,0.5
2015-09-22,-0.0015576323987538387,-0.0015576323987538387,0.0,0.0,1,0.5,0.5
2015-09-23,-0.023974609375000067,-0.023974609375000067,0.0,0.0,1,0.5,0.5
2015-09-24,-0.012206380141552953,-0.012206380141552953,0.0,0.0,1,0.5,0.5
2015-09-25,-0.021150592216582054,-0.021650592216582054,1.0,0.0005,1,0.5,0.5
2015-09-28,-0.006183745583038913,-0.006183745583038913,0.0,0.0,1,0.5,0.5
2015-09-29,0.0017889087656529634,0.0017889087656529634,0.0,0.0,1,0.5,0.5
2015-09-30,0.010695187165775444,0.010695187165775444,0.0,0.0,1,0.5,0.5
2015-10-01,0.015706806282722474,0.015706806282722474,0.0,0.0,1,0.5,0.5
2015-10-02,-0.0008460236886632666,-0.0008460236886632666,0.0,0.0,1,0.5,0.5
2015-10-05,-0.010169491525423735,-0.010169491525423735,0.0,0.0,1,0.5,0.5
2015-10-06,0.011245674740484435,0.011245674740484435,0.0,0.0,1,0.5,0.5
2015-10-07,-0.005076142131979711,-0.005076142131979711,0.0,0.0,1,0.5,0.5
2015-10-08,0.011538461538461608,0.011538461538461608,0.0,0.0,1,0.5,0.5
2015-10-09,-0.003886165251703877,-0.004386165251703877,1.0,0.0005,1,0.5,0.5
2015-10-12,-0.02162629757785467,-0.02212629757785467,1.0,0.0005,1,0.5,0.5
2015-10-13,0.006329113924050556,0.006329113924050556,0.0,0.0,1,0.5,0.5
2015-10-14,0.04229466059119058,0.04179466059119058,1.0,0.0005,1,0.5,0.5
2015-10-15,0.001508133146612134,0.001508133146612134,0.0,0.0,1,0.5,0.5
2015-10-16,0.00993448609171943,0.00993448609171943,0.0,0.0,1,0.5,0.5
2015-10-19,-0.0028433024431339105,-0.0028433024431339105,0.0,0.0,1,0.5,0.5
2015-10-20,-0.004660029654734166,-0.004660029654734166,0.0,0.0,1,0.5,0.5
2015-10-21,-0.03089587342313449,-0.03089587342313449,0.0,0.0,1,0.5,0.5
2015-10-22,0.028486782133090194,0.028486782133090194,0.0,0.0,1,0.5,0.5
2015-10-23,0.0012953367875647714,0.0007953367875647714,1.0,0.0005,1,0.5,0.5
2015-10-26,0.004737295434969924,0.004737295434969924,0.0,0.0,1,0.5,0.5
2015-10-27,0.02363752257516205,0.02313752257516205,1.0,0.0005,1,0.5,0.5
2015-10-28,-0.015650741350906106,-0.016150741350906106,1.0,0.0005,1,0.5,0.5
2015-10-29,0.011904761904761862,0.011904761904761862,0.0,0.0,1,0.5,0.5
2015-10-30,0.010797342192691128,0.010797342192691128,0.0,0.0,1,0.5,0.5
2015-11-02,0.003252032520325243,0.003252032520325243,0.0,0.0,1,0.5,0.5
2015-11-03,0.001615508885298822,0.001615508885298822,0.0,0.0,1,0.5,0.5
2015-11-04,-0.005636070853462183,-0.005636070853462183,0.0,0.0,1,0.5,0.5
2015-11-05,0.006921824104234475,0.006921824104234475,0.0,0.0,1,0.5,0.5
2015-11-06,-0.010040160642570295,-0.010040160642570295,0.0,0.0,1,0.5,0.5
2015-11-09,0.01885245901639343,0.01885245901639343,0.0,0.0,1,0.5,0.5
2015-11-10,-0.04660347551342808,-0.04660347551342808,0.0,0.0,1,0.5,0.5
2015-11-11,-0.028310104529616742,-0.028310104529616742,0.0,0.0,1,0.5,0.5
2015-11-12,-0.0013850415512465242,-0.0013850415512465242,0.0,0.0,1,0.5,0.5
2015-11-13,0.007407407407407418,0.007407407407407418,0.0,0.0,1,0.5,0.5
2015-11-16,0.014598540145985384,0.014598540145985384,0.0,0.0,1,0.5,0.5
2015-11-17,0.014184397163120588,0.014184397163120588,0.0,0.0,1,0.5,0.5
2015-11-18,-0.018965517241379293,-0.018965517241379293,0.0,0.0,1,0.5,0.5
2015-11-19,-0.011648745519713233,-0.011648745519713233,0.0,0.0,1,0.5,0.5
2015-11-20,0.00917431192660545,0.00917431192660545,0.0,0.0,1,0.5,0.5
2015-11-23,-0.004504504504504514,-0.004504504504504514,0.0,0.0,1,0.5,0.5
2015-11-24,-0.0009090909090909149,-0.0009090909090909149,0.0,0.0,1,0.5,0.5
2015-11-25,-0.0018214936247723523,-0.0018214936247723523,0.0,0.0,1,0.5,0.5
2015-11-27,-0.04620490129339688,-0.04670490129339688,1.0,0.0005,1,0.5,0.5
2015-11-30,0.02240765047815485,0.02240765047815485,0.0,0.0,1,0.5,0.5
2015-12-01,-0.010416666666666685,-0.010916666666666686,1.0,0.0005,1,0.5,0.5
2015-12-02,-0.024822695035460918,-0.024822695035460918,0.0,0.0,1,0.5,0.5
2015-12-03,0.003731343283582045,0.003731343283582045,0.0,0.0,1,0.5,0.5
2015-12-04,-0.022222222222222254,-0.022222222222222254,0.0,0.0,1,0.5,0.5
2015-12-07,-0.00193798449612409,-0.00193798449612409,0.0,0.0,1,0.5,0.5
2015-12-08,-0.032101167315175094,-0.032101167315175094,0.0,0.0,1,0.5,0.5
2015-12-09,0.021829521829521803,0.021829521829521803,0.0,0.0,1,0.5,0.5
2015-12-10,-0.02290836653386452,-0.02290836653386452,0.0,0.0,1,0.5,0.5
2015-12-11,0.009394572025052228,0.009394572025052228,0.0,0.0,1,0.5,0.5
2015-12-14,0.0010245901639344135,0.0010245901639344135,0.0,0.0,1,0.5,0.5
2015-12-15,0.020449897750511314,0.020449897750511314,0.0,0.0,1,0.5,0.5
2015-12-16,-0.0058939096267190405,-0.0058939096267190405,0.0,0.0,1,0.5,0.5
2015-12-17,-0.003976143141153077,-0.003976143141153077,0.0,0.0,1,0.5,0.5
2015-12-18,-0.001002004008016033,-0.001002004008016033,0.0,0.0,1,0.5,0.5
2015-12-21,0.0010040160642570406,0.0010040160642570406,0.0,0.0,1,0.5,0.5
2015-12-22,0.05210420841683361,0.05210420841683361,0.0,0.0,1,0.5,0.5
2015-12-23,-0.019963702359346636,-0.019963702359346636,0.0,0.0,1,0.5,0.5
2015-12-24,0.016540642722117194,0.016540642722117194,0.0,0.0,1,0.5,0.5
2015-12-28,0.022415370539798696,0.022415370539798696,0.0,0.0,1,0.5,0.5
2015-12-29,-0.005253940455341499,-0.005253940455341499,0.0,0.0,1,0.5,0.5
2015-12-30,-0.0008849557522124241,-0.0008849557522124241,0.0,0.0,1,0.5,0.5
2015-12-31,-0.01329787234042551,-0.01329787234042551,0.0,0.0,1,0.5,0.5
2016-01-04,-0.020491803278688547,-0.020491803278688547,0.0,0.0,1,0.5,0.5
2016-01-05,0.0023741690408357607,0.0023741690408357607,0.0,0.0,1,0.5,0.5
2016-01-06,-0.018187360292623467,-0.018687360292623467,1.0,0.0005,1,0.5,0.5
2016-01-07,-0.021826233656684957,-0.021826233656684957,0.0,0.0,1,0.5,0.5
2016-01-08,-0.027673649393605282,-0.027673649393605282,0.0,0.0,1,0.5,0.5
2016-01-11,0.0014005602240896309,0.0014005602240896309,0.0,0.0,1,0.5,0.5
2016-01-12,-0.03177374301675984,-0.03177374301675984,0.0,0.0,1,0.5,0.5
2016-01-13,0.04039274173502361,0.04039274173502361,0.0,0.0,1,0.5,0.5
2016-01-14,-0.0279017857142857,-0.0284017857142857,1.0,0.0005,1,0.5,0.5
2016-01-15,-0.008918740365558175,-0.009418740365558176,1.0,0.0005,1,0.5,0.5
2016-01-19,-0.001905829596412556,-0.001905829596412556,0.0,0.0,1,0.5,0.5
2016-01-20,-0.032072923700202594,-0.032072923700202594,0.0,0.0,1,0.5,0.5
2016-01-21,0.005847953216374213,0.005347953216374213,1.0,0.0005,1,0.5,0.5
2016-01-22,-0.020332187857961093,-0.020832187857961093,1.0,0.0005,1,0.5,0.5
2016-01-25,0.017910447761194104,0.017910447761194104,0.0,0.0,1,0.5,0.5
2016-01-26,-0.023919308357348734,-0.023919308357348734,0.0,0.0,1,0.5,0.5
2016-01-27,0.014830508474576343,0.014830508474576343,0.0,0.0,1,0.5,0.5
2016-01-28,-0.0061267980820458035,-0.006626798082045804,1.0,0.0005,1,0.5,0.5
2016-01-29,0.021043771043771087,0.020543771043771086,1.0,0.0005,1,0.5,0.5
2016-02-01,-0.006462035541195454,-0.006462035541195454,0.0,0.0,1,0.5,0.5
2016-02-02,-0.0077741407528642,-0.0077741407528642,0.0,0.0,1,0.5,0.5
2016-02-03,0.00831255195344971,0.00831255195344971,0.0,0.0,1,0.5,0.5
2016-02-04,-0.06148420729837473,-0.06198420729837473,1.0,0.0005,1,0.5,0.5
2016-02-05,-0.06055646481178395,-0.06105646481178395,1.0,0.0005,1,0.5,0.5
2016-02-08,0.020484171322160072,0.020484171322160072,0.0,0.0,1,0.5,0.5
2016-02-09,0.004919499105545566,0.004919499105545566,0.0,0.0,1,0.5,0.5
2016-02-10,0.019486271036315395,0.019486271036315395,0.0,0.0,1,0.5,0.5
2016-02-11,0.026427962489343537,0.026427962489343537,0.0,0.0,1,0.5,0.5
2016-02-12,0.009209100758396538,0.008709100758396537,1.0,0.0005,1,0.5,0.5
2016-02-16,0.013297872340425565,0.013297872340425565,0.0,0.0,1,0.5,0.5
2016-02-17,-0.002590673575129543,-0.002590673575129543,0.0,0.0,1,0.5,0.5
2016-02-18,-0.0015624999999999667,-0.0015624999999999667,0.0,0.0,1,0.5,0.5
2016-02-19,0.00940438871473348,0.00940438871473348,0.0,0.0,1,0.5,0.5
2016-02-22,-0.011282051282051342,-0.011282051282051342,0.0,0.0,1,0.5,0.5
2016-02-23,0.036054421768707545,0.035554421768707545,1.0,0.0005,1,0.5,0.5
2016-02-24,0.0,0.0,0.0,0.0,1,0.5,0.5
2016-02-25,-0.013959390862944121,-0.013959390862944121,0.0,0.0,1,0.5,0.5
2016-02-26,0.025456919060052208,0.025456919060052208,0.0,0.0,1,0.5,0.5
2016-02-29,0.013664596273291862,0.013664596273291862,0.0,0.0,1,0.5,0.5
2016-03-01,0.0030229746070133956,0.0030229746070133956,0.0,0.0,1,0.5,0.5
2016-03-02,-0.007812500000000056,-0.007812500000000056,0.0,0.0,1,0.5,0.5
2016-03-03,-0.0012210012210012167,-0.0012210012210012167,0.0,0.0,1,0.5,0.5
2016-03-04,0.004283965728274164,0.004283965728274164,0.0,0.0,1,0.5,0.5
2016-03-07,-0.002427184466019472,-0.002427184466019472,0.0,0.0,1,0.5,0.5
2016-03-08,-0.013161687001633227,-0.013661687001633227,1.0,0.0005,1,0.5,0.5
2016-03-09,-0.021525215252152563,-0.022025215252152563,1.0,0.0005,1,0.5,0.5
2016-03-10,-0.0006426735218509338,-0.0006426735218509338,0.0,0.0,1,0.5,0.5
2016-03-11,0.0231964741359314,0.0226964741359314,1.0,0.0005,1,0.5,0.5
2016-03-14,0.006182147165259333,0.0056821471652593325,1.0,0.0005,1,0.5,0.5
2016-03-15,0.0449806374739351,0.0449806374739351,0.0,0.0,1,0.5,0.5
2016-03-16,-0.005967021954996821,-0.005967021954996821,0.0,0.0,1,0.5,0.5
2016-03-17,0.004379494744606305,0.004379494744606305,0.0,0.0,1,0.5,0.5
2016-03-18,-0.0037016726076227746,-0.0037016726076227746,0.0,0.0,1,0.5,0.5
2016-03-21,0.004915374480591872,0.0044153744805918715,1.0,0.0005,1,0.5,0.5
2016-03-22,-0.029666818804199024,-0.030166818804199025,1.0,0.0005,1,0.5,0.5
2016-03-23,0.018098010674429954,0.018098010674429954,0.0,0.0,1,0.5,0.5
2016-03-24,-0.0010301554598239338,-0.0010301554598239338,0.0,0.0,1,0.5,0.5
2016-03-28,0.03838213213213215,0.03838213213213215,0.0,0.0,1,0.5,0.5
2016-03-29,-0.008584626111207971,-0.008584626111207971,0.0,0.0,1,0.5,0.5
2016-03-30,-0.008734592533475194,-0.008734592533475194,0.0,0.0,1,0.5,0.5
2016-03-31,-0.0003610108303249704,-0.0003610108303249704,0.0,0.0,1,0.5,0.5
2016-04-01,-0.028359826589595294,-0.028359826589595294,0.0,0.0,1,0.5,0.5
2016-04-04,0.010484488701646866,0.010484488701646866,0.0,0.0,1,0.5,0.5
2016-04-05,-0.0023914470599268323,-0.0023914470599268323,0.0,0.0,1,0.5,0.5
2016-04-06,0.009281944967960754,0.009281944967960754,0.0,0.0,1,0.5,0.5
2016-04-07,0.004394486076417792,0.004394486076417792,0.0,0.0,1,0.5,0.5
2016-04-08,0.04218635363169476,0.04218635363169476,0.0,0.0,1,0.5,0.5
2016-04-11,0.004947564276048699,0.004947564276048699,0.0,0.0,1,0.5,0.5
2016-04-12,-0.019261368394606848,-0.019261368394606848,0.0,0.0,1,0.5,0.5
2016-04-13,-0.02321226374009233,-0.02321226374009233,0.0,0.0,1,0.5,0.5
2016-04-14,0.009682133723054376,0.009682133723054376,0.0,0.0,1,0.5,0.5
2016-04-15,-0.014426523297491056,-0.014426523297491056,0.0,0.0,1,0.5,0.5
2016-04-18,0.022928584609706704,0.022928584609706704,0.0,0.0,1,0.5,0.5
2016-04-19,-0.021261579179532475,-0.021261579179532475,0.0,0.0,1,0.5,0.5
2016-04-20,0.006403759329217773,0.006403759329217773,0.0,0.0,1,0.5,0.5
2016-04-21,-0.021606622998544434,-0.021606622998544434,0.0,0.0,1,0.5,0.5
2016-04-22,-0.01388228582295331,-0.01388228582295331,0.0,0.0,1,0.5,0.5
2016-04-25,-0.0035696821515892596,-0.0035696821515892596,0.0,0.0,1,0.5,0.5
2016-04-26,-0.002200220022002153,-0.002700220022002153,1.0,0.0005,1,0.5,0.5
2016-04-27,0.022452504317789335,0.021952504317789334,1.0,0.0005,1,0.5,0.5
2016-04-28,0.016391184573002704,0.016391184573002704,0.0,0.0,1,0.5,0.5
2016-04-29,-0.019116208766782217,-0.019116208766782217,0.0,0.0,1,0.5,0.5
2016-05-02,-0.013173708052140132,-0.013173708052140132,0.0,0.0,1,0.5,0.5
2016-05-03,-0.022550322825674096,-0.022550322825674096,0.0,0.0,1,0.5,0.5
2016-05-04,0.033061549169732474,0.033061549169732474,0.0,0.0,1,0.5,0.5
2016-05-05,0.014969222160044704,0.014969222160044704,0.0,0.0,1,0.5,0.5
2016-05-06,-0.06316218418907904,-0.06316218418907904,0.0,0.0,1,0.5,0.5
2016-05-09,0.016635572139303445,0.016635572139303445,0.0,0.0,1,0.5,0.5
2016-05-10,0.02417494232119577,0.02417494232119577,0.0,0.0,1,0.5,0.5
2016-05-11,-0.02899244091474501,-0.02899244091474501,0.0,0.0,1,0.5,0.5
2016-05-12,0.011884205180294538,0.011884205180294538,0.0,0.0,1,0.5,0.5
2016-05-13,-0.00034725667228896473,-0.00034725667228896473,0.0,0.0,1,0.5,0.5
2016-05-16,-0.015984908657664776,-0.015984908657664776,0.0,0.0,1,0.5,0.5
2016-05-17,-0.0449230769230769,-0.0449230769230769,0.0,0.0,1,0.5,0.5
2016-05-18,0.004113139508676977,0.004113139508676977,0.0,0.0,1,0.5,0.5
2016-05-19,0.004079579747401363,0.004079579747401363,0.0,0.0,1,0.5,0.5
2016-05-20,-0.007317073170731714,-0.007317073170731714,0.0,0.0,1,0.5,0.5
2016-05-23,-0.0258775877587758,-0.0258775877587758,0.0,0.0,1,0.5,0.5
2016-05-24,0.016077361177028848,0.016077361177028848,0.0,0.0,1,0.5,0.5
2016-05-25,-0.004971460136254879,-0.00547146013625488,1.0,0.0005,1,0.5,0.5
2016-05-26,-0.025664868885995895,-0.025664868885995895,0.0,0.0,1,0.5,0.5
2016-05-27,0.003381689864732418,0.003381689864732418,0.0,0.0,1,0.5,0.5
2016-05-31,0.003525724732306057,0.003025724732306057,1.0,0.0005,1,0.5,0.5
2016-06-01,0.004668049792531104,0.004668049792531104,0.0,0.0,1,0.5,0.5
2016-06-02,0.07399794450154162,0.07399794450154162,0.0,0.0,1,0.5,0.5
2016-06-03,-0.012375185893350349,-0.01287518589335035,1.0,0.0005,1,0.5,0.5
2016-06-06,-0.009966234614965708,-0.009966234614965708,0.0,0.0,1,0.5,0.5
2016-06-07,0.024338741942653952,0.024338741942653952,0.0,0.0,1,0.5,0.5
2016-06-08,0.011575562700964603,0.011075562700964603,1.0,0.0005,1,0.5,0.5
2016-06-09,-0.012256442489000652,-0.012256442489000652,0.0,0.0,1,0.5,0.5
2016-06-10,0.005210877707213846,0.004710877707213845,1.0,0.0005,1,0.5,0.5
2016-06-13,-0.013094278807413373,-0.013094278807413373,0.0,0.0,1,0.5,0.5
2016-06-14,0.026065370293752554,0.026065370293752554,0.0,0.0,1,0.5,0.5
2016-06-15,-0.018206842312229632,-0.018206842312229632,0.0,0.0,1,0.5,0.5
2016-06-16,-0.007223310479921696,-0.007223310479921696,0.0,0.0,1,0.5,0.5
2016-06-17,0.020000000000000018,0.020000000000000018,0.0,0.0,1,0.5,0.5
2016-06-20,-0.012183468705207812,-0.012183468705207812,0.0,0.0,1,0.5,0.5
2016-06-21,0.0012242899118510842,0.0012242899118510842,0.0,0.0,1,0.5,0.5
2016-06-22,-0.0024018889431688395,-0.0024018889431688395,0.0,0.0,1,0.5,0.5
2016-06-23,0.026998281927513634,0.026998281927513634,0.0,0.0,1,0.5,0.5
2016-06-24,-0.023325312427229627,-0.023325312427229627,0.0,0.0,1,0.5,0.5
2016-06-27,0.005210877707213846,0.005210877707213846,0.0,0.0,1,0.5,0.5
2016-06-28,0.021031426269137787,0.021031426269137787,0.0,0.0,1,0.5,0.5
2016-06-29,0.0175533560160841,0.0175533560160841,0.0,0.0,1,0.5,0.5
2016-06-30,0.04489765426565073,0.04489765426565073,0.0,0.0,1,0.5,0.5
2016-07-01,0.00472991499862907,0.00472991499862907,0.0,0.0,1,0.5,0.5
2016-07-05,0.012732581828059253,0.012732581828059253,0.0,0.0,1,0.5,0.5
2016-07-06,-0.015330110588702761,-0.015330110588702761,0.0,0.0,1,0.5,0.5
2016-07-07,0.03771006968165058,0.03771006968165058,0.0,0.0,1,0.5,0.5
2016-07-08,0.015023504002032784,0.015023504002032784,0.0,0.0,1,0.5,0.5
2016-07-11,-0.03160653715695344,-0.03160653715695344,0.0,0.0,1,0.5,0.5
2016-07-12,0.0486504279131007,0.0486504279131007,0.0,0.0,1,0.5,0.5
2016-07-13,0.0008999280057595538,0.0008999280057595538,0.0,0.0,1,0.5,0.5
2016-07-14,-0.005030542579949671,-0.005030542579949671,0.0,0.0,1,0.5,0.5
2016-07-15,0.0017846339987900306,0.0017846339987900306,0.0,0.0,1,0.5,0.5
2016-07-18,-0.0047320513593345215,-0.0047320513593345215,0.0,0.0,1,0.5,0.5
2016-07-19,-0.047711781888996996,-0.047711781888996996,0.0,0.0,1,0.5,0.5
2016-07-20,0.02687701829924649,0.02687701829924649,0.0,0.0,1,0.5,0.5
2016-07-21,-0.009449019983400364,-0.009449019983400364,0.0,0.0,1,0.5,0.5
2016-07-22,-0.02118175310730791,-0.02118175310730791,0.0,0.0,1,0.5,0.5
2016-07-25,0.024123403098668117,0.024123403098668117,0.0,0.0,1,0.5,0.5
2016-07-26,0.02813431868274341,0.02813431868274341,0.0,0.0,1,0.5,0.5
2016-07-27,0.0002761752792439509,0.0002761752792439509,0.0,0.0,1,0.5,0.5
2016-07-28,0.024198000368030326,0.024198000368030326,0.0,0.0,1,0.5,0.5
2016-07-29,0.015562836414696912,0.015562836414696912,0.0,0.0,1,0.5,0.5
2016-08-01,0.00448252383113934,0.00448252383113934,0.0,0.0,1,0.5,0.5
2016-08-02,0.004442694859970842,0.004442694859970842,0.0,0.0,1,0.5,0.5
2016-08-03,0.0027313266443701467,0.0027313266443701467,0.0,0.0,1,0.5,0.5
2016-08-04,-0.012834017075063764,-0.012834017075063764,0.0,0.0,1,0.5,0.5
2016-08-05,0.009246088193456625,0.009246088193456625,0.0,0.0,1,0.5,0.5
2016-08-08,0.0071787709497207475,0.0071787709497207475,0.0,0.0,1,0.5,0.5
2016-08-09,-0.004626314919865593,-0.004626314919865593,0.0,0.0,1,0.5,0.5
2016-08-10,0.0021957863138585276,0.0021957863138585276,0.0,0.0,1,0.5,0.5
2016-08-11,-0.006281824219614818,-0.006281824219614818,0.0,0.0,1,0.5,0.5
2016-08-12,-0.016843226276554102,-0.016843226276554102,0.0,0.0,1,0.5,0.5
2016-08-15,-0.013167053364269043,-0.013167053364269043,0.0,0.0,1,0.5,0.5
2016-08-16,-0.01700822113666156,-0.01700822113666156,0.0,0.0,1,0.5,0.5
2016-08-17,-0.0033610854147393954,-0.0033610854147393954,0.0,0.0,1,0.5,0.5
2016-08-18,0.020594965675057142,0.02009496567505714,1.0,0.0005,1,0.5,0.5
2016-08-19,-0.01620370370370372,-0.01670370370370372,1.0,0.0005,1,0.5,0.5
2016-08-22,-0.00922266139657446,-0.00922266139657446,0.0,0.0,1,0.5,0.5
2016-08-23,-0.04320028258565872,-0.04320028258565872,0.0,0.0,1,0.5,0.5
2016-08-24,0.014112279616455337,0.014112279616455337,0.0,0.0,1,0.5,0.5
2016-08-25,-0.011130330149657863,-0.011130330149657863,0.0,0.0,1,0.5,0.5
2016-08-26,0.004191985231905226,0.004191985231905226,0.0,0.0,1,0.5,0.5
2016-08-29,-0.035354691075514866,-0.035354691075514866,0.0,0.0,1,0.5,0.5
2016-08-30,-0.013748666174177082,-0.013748666174177082,0.0,0.0,1,0.5,0.5
2016-08-31,-0.009579675894665796,-0.009579675894665796,0.0,0.0,1,0.5,0.5
2016-09-01,0.024610618707512244,0.024610618707512244,0.0,0.0,1,0.5,0.5
2016-09-02,0.038382678586074026,0.038382678586074026,0.0,0.0,1,0.5,0.5
2016-09-06,0.001142508949653509,0.001142508949653509,0.0,0.0,1,0.5,0.5
2016-09-07,0.000759936165362074,0.000759936165362074,0.0,0.0,1,0.5,0.5
2016-09-08,-0.03964640716291068,-0.03964640716291068,0.0,0.0,1,0.5,0.5
2016-09-09,-0.001236195813416885,-0.001236195813416885,0.0,0.0,1,0.5,0.5
2016-09-12,-0.019125908790482427,-0.019125908790482427,0.0,0.0,1,0.5,0.5
2016-09-13,0.0,0.0,0.0,0.0,1,0.5,0.5
2016-09-14,-0.006356842195687662,-0.006356842195687662,0.0,0.0,1,0.5,0.5
2016-09-15,-0.014139041155485976,-0.014139041155485976,0.0,0.0,1,0.5,0.5
2016-09-16,0.011461318051575908,0.011461318051575908,0.0,0.0,1,0.5,0.5
2016-09-19,0.0003978990927900883,-0.00010210090720991173,1.0,0.0005,1,0.5,0.5
2016-09-20,0.027393447837150142,0.027393447837150142,0.0,0.0,1,0.5,0.5
2016-09-21,-0.01055408970976257,-0.01055408970976257,0.0,0.0,1,0.5,0.5
2016-09-22,-0.01690412013862147,-0.01690412013862147,0.0,0.0,1,0.5,0.5
2016-09-23,-0.010059536029562777,-0.010559536029562777,1.0,0.0005,1,0.5,0.5
2016-09-26,-0.0016760946993505388,-0.0016760946993505388,0.0,0.0,1,0.5,0.5
2016-09-27,0.020496110994324135,0.020496110994324135,0.0,0.0,1,0.5,0.5
2016-09-28,-0.019689014539579996,-0.019689014539579996,0.0,0.0,1,0.5,0.5
2016-09-29,0.0033634643682993737,0.0033634643682993737,0.0,0.0,1,0.5,0.5
2016-09-30,-0.005889399081653035,-0.0063893990816530355,1.0,0.0005,1,0.5,0.5
2016-10-03,0.002020202020201922,0.002020202020201922,0.0,0.0,1,0.5,0.5
2016-10-04,-0.01506456241032994,-0.01556456241032994,1.0,0.0005,1,0.5,0.5
2016-10-05,0.01637785291631444,0.01637785291631444,0.0,0.0,1,0.5,0.5
2016-10-06,-0.003376304481276793,-0.003376304481276793,0.0,0.0,1,0.5,0.5
2016-10-07,0.035331685208075836,0.035331685208075836,0.0,0.0,1,0.5,0.5
2016-10-10,0.004618048874350578,0.004618048874350578,0.0,0.0,1,0.5,0.5
2016-10-11,-0.006196377502383277,-0.006196377502383277,0.0,0.0,1,0.5,0.5
2016-10-12,0.023648648648648685,0.023648648648648685,0.0,0.0,1,0.5,0.5
2016-10-13,-0.006820276497695843,-0.006820276497695843,0.0,0.0,1,0.5,0.5
2016-10-14,0.0,0.0,0.0,0.0,1,0.5,0.5
2016-10-17,0.031209119790693296,0.031209119790693296,0.0,0.0,1,0.5,0.5
2016-10-18,-0.0028144239226033374,-0.0028144239226033374,0.0,0.0,1,0.5,0.5
2016-10-19,0.000707588890854427,0.000707588890854427,0.0,0.0,1,0.5,0.5
2016-10-20,0.008655714538067572,0.008655714538067572,0.0,0.0,1,0.5,0.5
2016-10-21,-0.00036049026676276963,-0.0008604902667627696,1.0,0.0005,1,0.5,0.5
2016-10-24,-0.010822510822510789,-0.010822510822510789,0.0,0.0,1,0.5,0.5
2016-10-25,-0.00516224188790565,-0.00516224188790565,0.0,0.0,1,0.5,0.5
2016-10-26,-0.04023845007451565,-0.04023845007451565,0.0,0.0,1,0.5,0.5
2016-10-27,0.00648298217179899,0.00648298217179899,0.0,0.0,1,0.5,0.5
2016-10-28,0.011199999999999988,0.011199999999999988,0.0,0.0,1,0.5,0.5
2016-10-31,-0.010172143974960857,-0.010172143974960857,0.0,0.0,1,0.5,0.5
2016-11-01,-0.06469648562300317,-0.06469648562300317,0.0,0.0,1,0.5,0.5
2016-11-02,-0.061467889908256856,-0.061467889908256856,0.0,0.0,1,0.5,0.5
2016-11-03,0.07426778242677823,0.07426778242677823,0.0,0.0,1,0.5,0.5
2016-11-04,-0.028688524590163966,-0.028688524590163966,0.0,0.0,1,0.5,0.5
2016-11-07,-0.01497584541062802,-0.01497584541062802,0.0,0.0,1,0.5,0.5
2016-11-08,0.009960159362549903,0.009960159362549903,0.0,0.0,1,0.5,0.5
2016-11-09,-0.0166015625,-0.0166015625,0.0,0.0,1,0.5,0.5
2016-11-10,-0.018181818181818243,-0.018181818181818243,0.0,0.0,1,0.5,0.5
2016-11-11,-0.014675052410901446,-0.014675052410901446,0.0,0.0,1,0.5,0.5
2016-11-14,0.016198704103671746,0.016198704103671746,0.0,0.0,1,0.5,0.5
2016-11-15,0.0020920502092049986,0.0020920502092049986,0.0,0.0,1,0.5,0.5
2016-11-16,0.022916666666666696,0.022916666666666696,0.0,0.0,1,0.5,0.5
2016-11-17,0.014056224899598457,0.013556224899598457,1.0,0.0005,1,0.5,0.5
2016-11-18,0.04048582995951411,0.03998582995951411,1.0,0.0005,1,0.5,0.5
2016-11-21,0.0,-0.0005,1.0,0.0005,1,0.5,0.5
2016-11-22,-0.013636363636363669,-0.013636363636363669,0.0,0.0,1,0.5,0.5
2016-11-23,0.014018691588785104,0.014018691588785104,0.0,0.0,1,0.5,0.5
2016-11-25,0.016601396219989684,0.016101396219989683,1.0,0.0005,1,0.5,0.5
2016-11-28,0.006015161502966437,0.006015161502966437,0.0,0.0,1,0.5,0.5
2016-11-29,-0.0019540791402051783,-0.0019540791402051783,0.0,0.0,1,0.5,0.5
2016-11-30,-0.027954879843060276,-0.027954879843060276,0.0,0.0,1,0.5,0.5
2016-12-01,0.017759242772128703,0.017259242772128702,1.0,0.0005,1,0.5,0.5
2016-12-02,-0.006545197240403311,-0.007045197240403311,1.0,0.0005,1,0.5,0.5
2016-12-05,0.008065961641871344,0.008065961641871344,0.0,0.0,1,0.5,0.5
2016-12-06,-0.007273464240677374,-0.007773464240677375,1.0,0.0005,1,0.5,0.5
2016-12-07,-0.02307938394040493,-0.02307938394040493,0.0,0.0,1,0.5,0.5
2016-12-08,-0.03382684107134298,-0.03382684107134298,0.0,0.0,1,0.5,0.5
2016-12-09,-0.012068965517241348,-0.012568965517241348,1.0,0.0005,1,0.5,0.5
2016-12-12,-0.05874558303886929,-0.05874558303886929,0.0,0.0,1,0.5,0.5
2016-12-13,-0.012818496382510258,-0.013318496382510259,1.0,0.0005,1,0.5,0.5
2016-12-14,0.03453947368421062,0.03403947368421062,1.0,0.0005,1,0.5,0.5
2016-12-15,0.005641025641025643,0.005641025641025643,0.0,0.0,1,0.5,0.5
2016-12-16,-0.0304259634888438,-0.0304259634888438,0.0,0.0,1,0.5,0.5
2016-12-19,0.02356808558056611,0.02306808558056611,1.0,0.0005,1,0.5,0.5
2016-12-20,-0.010428860274555696,-0.010428860274555696,0.0,0.0,1,0.5,0.5
2016-12-21,-0.008776219976089572,-0.008776219976089572,0.0,0.0,1,0.5,0.5
2016-12-22,-0.004369710714088204,-0.004369710714088204,0.0,0.0,1,0.5,0.5
2016-12-23,0.011690195859606067,0.011690195859606067,0.0,0.0,1,0.5,0.5
2016-12-27,-0.0035714285714285587,-0.0035714285714285587,0.0,0.0,1,0.5,0.5
2016-12-28,-0.012933164918446927,-0.012933164918446927,0.0,0.0,1,0.5,0.5
2016-12-29,-0.00713158191453378,-0.00713158191453378,0.0,0.0,1,0.5,0.5
2016-12-30,0.003746068058335772,0.003746068058335772,0.0,0.0,1,0.5,0.5
2017-01-03,0.011154632152588606,0.011154632152588606,0.0,0.0,1,0.5,0.5
2017-01-04,0.02254428341384862,0.02254428341384862,0.0,0.0,1,0.5,0.5
2017-01-05,-0.012300090324637414,-0.012300090324637414,0.0,0.0,1,0.5,0.5
2017-01-06,-0.0059374659548970254,-0.0059374659548970254,0.0,0.0,1,0.5,0.5
2017-01-09,0.03922271223814766,0.03922271223814766,0.0,0.0,1,0.5,0.5
2017-01-10,0.03501507948678628,0.03501507948678628,0.0,0.0,1,0.5,0.5
2017-01-11,0.001457029570534507,0.001457029570534507,0.0,0.0,1,0.5,0.5
2017-01-12,0.01331332761741455,0.01331332761741455,0.0,0.0,1,0.5,0.5
2017-01-13,-0.021876304922748613,-0.021876304922748613,0.0,0.0,1,0.5,0.5
2017-01-17,0.002110625909752528,0.002110625909752528,0.0,0.0,1,0.5,0.5
2017-01-18,-0.02221600447677674,-0.02271600447677674,1.0,0.0005,1,0.5,0.5
2017-01-19,-0.0013888888888889395,-0.0018888888888889395,1.0,0.0005,1,0.5,0.5
2017-01-20,-0.016304347826086973,-0.016804347826086974,1.0,0.0005,1,0.5,0.5
2017-01-23,0.026740665993945423,0.026240665993945422,1.0,0.0005,1,0.5,0.5
2017-01-24,0.006185111552904687,0.005685111552904687,1.0,0.0005,1,0.5,0.5
2017-01-25,-0.014488326423739872,-0.014488326423739872,0.0,0.0,1,0.5,0.5
2017-01-26,-0.005482899644959793,-0.005482899644959793,0.0,0.0,1,0.5,0.5
2017-01-27,-0.0028116213683224145,-0.0033116213683224145,1.0,0.0005,1,0.5,0.5
2017-01-30,0.005140539520845144,0.004640539520845144,1.0,0.0005,1,0.5,0.5
2017-01-31,0.08148505303760856,0.08098505303760856,1.0,0.0005,1,0.5,0.5
2017-02-01,0.009121061359867233,0.009121061359867233,0.0,0.0,1,0.5,0.5
2017-02-02,-0.0016286644951139517,-0.0016286644951139517,0.0,0.0,1,0.5,0.5
2017-02-03,0.05678104575163401,0.05678104575163401,0.0,0.0,1,0.5,0.5
2017-02-06,-0.012472487160675061,-0.012472487160675061,0.0,0.0,1,0.5,0.5
2017-02-07,0.01015801354401813,0.01015801354401813,0.0,0.0,1,0.5,0.5
2017-02-08,-0.00516224188790565,-0.00516224188790565,0.0,0.0,1,0.5,0.5
2017-02-09,0.005961251862891204,0.005961251862891204,0.0,0.0,1,0.5,0.5
2017-02-10,0.018292682926829285,0.017792682926829284,1.0,0.0005,1,0.5,0.5
2017-02-13,-0.01294117647058829,-0.01294117647058829,0.0,0.0,1,0.5,0.5
2017-02-14,0.0012077294685991502,0.0012077294685991502,0.0,0.0,1,0.5,0.5
2017-02-15,-0.034337349397590367,-0.034337349397590367,0.0,0.0,1,0.5,0.5
2017-02-16,0.001293661060802087,0.001293661060802087,0.0,0.0,1,0.5,0.5
2017-02-17,-0.016129032258064502,-0.016129032258064502,0.0,0.0,1,0.5,0.5
2017-02-21,0.01200000000000001,0.01200000000000001,0.0,0.0,1,0.5,0.5
2017-02-22,0.01888020833333337,0.01888020833333337,0.0,0.0,1,0.5,0.5
2017-02-23,-0.032622333751568366,-0.032622333751568366,0.0,0.0,1,0.5,0.5
2017-02-24,-0.03691275167785235,-0.03691275167785235,0.0,0.0,1,0.5,0.5
2017-02-27,-7.246376811598232e-05,-7.246376811598232e-05,0.0,0.0,1,0.5,0.5
2017-02-28,0.02978692564139729,0.02978692564139729,0.0,0.0,1,0.5,0.5
2017-03-01,-0.028043775649794767,-0.028043775649794767,0.0,0.0,1,0.5,0.5
2017-03-02,0.0007246376811593791,0.0007246376811593791,0.0,0.0,1,0.5,0.5
2017-03-03,-0.0014471780028944004,-0.0014471780028944004,0.0,0.0,1,0.5,0.5
2017-03-06,-0.0261248185776487,-0.0261248185776487,0.0,0.0,1,0.5,0.5
2017-03-07,-0.012251148545176116,-0.012251148545176116,0.0,0.0,1,0.5,0.5
2017-03-08,0.0023547880690738543,0.0023547880690738543,0.0,0.0,1,0.5,0.5
2017-03-09,0.0010937499999998934,0.0010937499999998934,0.0,0.0,1,0.5,0.5
2017-03-10,0.000467726847521055,0.000467726847521055,0.0,0.0,1,0.5,0.5
2017-03-13,-0.005451713395638658,-0.005451713395638658,0.0,0.0,1,0.5,0.5
2017-03-14,0.026535433070866143,0.026535433070866143,0.0,0.0,1,0.5,0.5
2017-03-15,-0.010991475998205491,-0.010991475998205491,0.0,0.0,1,0.5,0.5
2017-03-16,-0.003822629969418956,-0.003822629969418956,0.0,0.0,1,0.5,0.5
2017-03-17,-0.024653312788906034,-0.024653312788906034,0.0,0.0,1,0.5,0.5
2017-03-20,-0.0008103727714748876,-0.0008103727714748876,0.0,0.0,1,0.5,0.5
2017-03-21,0.01574675324675323,0.01574675324675323,0.0,0.0,1,0.5,0.5
2017-03-22,0.02093169656909033,0.02093169656909033,0.0,0.0,1,0.5,0.5
2017-03-23,0.012084592145015116,0.012084592145015116,0.0,0.0,1,0.5,0.5
2017-03-24,-0.008849557522123908,-0.008849557522123908,0.0,0.0,1,0.5,0.5
2017-03-27,-0.008408408408408397,-0.008408408408408397,0.0,0.0,1,0.5,0.5
2017-03-28,0.00015271838729380427,0.00015271838729380427,0.0,0.0,1,0.5,0.5
2017-03-29,0.0007633587786259888,0.0007633587786259888,0.0,0.0,1,0.5,0.5
2017-03-30,0.009146341463414642,0.009146341463414642,0.0,0.0,1,0.5,0.5
2017-03-31,-0.0014970059880239361,-0.0014970059880239361,0.0,0.0,1,0.5,0.5
2017-04-03,0.029279279279279202,0.029279279279279202,0.0,0.0,1,0.5,0.5
2017-04-04,0.012056737588652444,0.012056737588652444,0.0,0.0,1,0.5,0.5
2017-04-05,0.005540166204986208,0.005540166204986208,0.0,0.0,1,0.5,0.5
2017-04-06,-0.0020547945205479645,-0.0020547945205479645,0.0,0.0,1,0.5,0.5
2017-04-07,0.0027510316368638543,0.0027510316368638543,0.0,0.0,1,0.5,0.5
2017-04-10,-0.00547195622435015,-0.00547195622435015,0.0,0.0,1,0.5,0.5
2017-04-11,0.0,0.0,0.0,0.0,1,0.5,0.5
2017-04-12,-0.01763322884012536,-0.01813322884012536,1.0,0.0005,1,0.5,0.5
2017-04-13,0.019496344435418256,0.019496344435418256,0.0,0.0,1,0.5,0.5
2017-04-17,0.006254886630179812,0.006254886630179812,0.0,0.0,1,0.5,0.5
2017-04-18,0.003831417624521105,0.003331417624521105,1.0,0.0005,1,0.5,0.5
2017-04-19,0.010514018691588745,0.010014018691588744,1.0,0.0005,1,0.5,0.5
2017-04-20,-0.004195270785659788,-0.004195270785659788,0.0,0.0,1,0.5,0.5
2017-04-21,0.0050000000000000044,0.0050000000000000044,0.0,0.0,1,0.5,0.5
2017-04-24,-0.009174311926605505,-0.009674311926605506,1.0,0.0005,1,0.5,0.5
2017-04-25,-0.019534412955465597,-0.020034412955465597,1.0,0.0005,1,0.5,0.5
2017-04-26,0.019907309879924173,0.019907309879924173,0.0,0.0,1,0.5,0.5
2017-04-27,0.000303889789303069,0.000303889789303069,0.0,0.0,1,0.5,0.5
2017-04-28,0.007491395019234681,0.007491395019234681,0.0,0.0,1,0.5,0.5
2017-05-01,-0.028226610811889152,-0.028226610811889152,0.0,0.0,1,0.5,0.5
2017-05-02,-0.00877378435517967,-0.00877378435517967,0.0,0.0,1,0.5,0.5
2017-05-03,0.0036582741553691234,0.0036582741553691234,0.0,0.0,1,0.5,0.5
2017-05-04,0.097735526596881,0.097735526596881,0.0,0.0,1,0.5,0.5
2017-05-05,0.012776983559685484,0.012776983559685484,0.0,0.0,1,0.5,0.5
2017-05-08,0.041122146715455665,0.041122146715455665,0.0,0.0,1,0.5,0.5
2017-05-09,0.02302366768636288,0.02302366768636288,0.0,0.0,1,0.5,0.5
2017-05-10,-0.005694936124365058,-0.005694936124365058,0.0,0.0,1,0.5,0.5
2017-05-11,0.00949711972598477,0.00949711972598477,0.0,0.0,1,0.5,0.5
2017-05-12,-0.011000763941940384,-0.011000763941940384,0.0,0.0,1,0.5,0.5
2017-05-15,0.007498828308076799,0.007498828308076799,0.0,0.0,1,0.5,0.5
2017-05-16,-0.02762813606279818,-0.02762813606279818,0.0,0.0,1,0.5,0.5
2017-05-17,0.021179537308569474,0.021179537308569474,0.0,0.0,1,0.5,0.5
2017-05-18,-0.003438574554548268,-0.003438574554548268,0.0,0.0,1,0.5,0.5
2017-05-19,0.06059175322631405,0.06059175322631405,0.0,0.0,1,0.5,0.5
2017-05-22,-0.014668725435148744,-0.014668725435148744,0.0,0.0,1,0.5,0.5
2017-05-23,-0.003759942154736129,-0.003759942154736129,0.0,0.0,1,0.5,0.5
2017-05-24,-0.0054640827626402655,-0.0054640827626402655,0.0,0.0,1,0.5,0.5
2017-05-25,0.026738361814967693,0.026738361814967693,0.0,0.0,1,0.5,0.5
2017-05-26,-0.010054021608643493,-0.010554021608643493,1.0,0.0005,1,0.5,0.5
2017-05-30,-0.004682179341657267,-0.005182179341657267,1.0,0.0005,1,0.5,0.5
2017-05-31,-0.008715501141315585,-0.009215501141315585,1.0,0.0005,1,0.5,0.5
2017-06-01,-0.006758183738120371,-0.006758183738120371,0.0,0.0,1,0.5,0.5
2017-06-02,-0.008991650610147783,-0.008991650610147783,0.0,0.0,1,0.5,0.5
2017-06-05,0.024416830172225845,0.024416830172225845,0.0,0.0,1,0.5,0.5
2017-06-06,0.02369569736021615,0.02369569736021615,0.0,0.0,1,0.5,0.5
2017-06-07,-0.021829728120658864,-0.021829728120658864,0.0,0.0,1,0.5,0.5
2017-06-08,-0.057629204265791656,-0.058129204265791656,1.0,0.0005,1,0.5,0.5
2017-06-09,-0.0007726781023025264,-0.0007726781023025264,0.0,0.0,1,0.5,0.5
2017-06-12,-0.005881442501160794,-0.005881442501160794,0.0,0.0,1,0.5,0.5
2017-06-13,-0.022709475332811258,-0.022709475332811258,0.0,0.0,1,0.5,0.5
2017-06-14,0.010500410172272323,0.010500410172272323,0.0,0.0,1,0.5,0.5
2017-06-15,0.005222561465531128,0.005222561465531128,0.0,0.0,1,0.5,0.5
2017-06-16,0.0025445292620864812,0.0025445292620864812,0.0,0.0,1,0.5,0.5
2017-06-19,-0.01677215189873421,-0.01677215189873421,0.0,0.0,1,0.5,0.5
2017-06-20,0.016535690897184097,0.016535690897184097,0.0,0.0,1,0.5,0.5
2017-06-21,0.0038034865293185005,0.0038034865293185005,0.0,0.0,1,0.5,0.5
2017-06-22,0.018008807801195403,0.018008807801195403,0.0,0.0,1,0.5,0.5
2017-06-23,-0.03248823440109305,-0.03248823440109305,0.0,0.0,1,0.5,0.5
2017-06-26,-0.025572333170969352,-0.025572333170969352,0.0,0.0,1,0.5,0.5
2017-06-27,0.021902806297056876,0.021902806297056876,0.0,0.0,1,0.5,0.5
2017-06-28,-0.008196721311475419,-0.008196721311475419,0.0,0.0,1,0.5,0.5
2017-06-29,0.01491666666666669,0.01491666666666669,0.0,0.0,1,0.5,0.5
2017-06-30,-0.0032367697038355736,-0.0032367697038355736,0.0,0.0,1,0.5,0.5
2017-07-03,-0.006271379703534807,-0.006271379703534807,0.0,0.0,1,0.5,0.5
2017-07-05,0.007010887495875973,0.007010887495875973,0.0,0.0,1,0.5,0.5
2017-07-06,0.04742150642589882,0.04742150642589882,0.0,0.0,1,0.5,0.5
2017-07-07,0.009955423476968872,0.009955423476968872,0.0,0.0,1,0.5,0.5
2017-07-10,0.010198135198135283,0.010198135198135283,0.0,0.0,1,0.5,0.5
2017-07-11,0.018560822387207243,0.018560822387207243,0.0,0.0,1,0.5,0.5
2017-07-12,0.037169603524229156,0.037169603524229156,0.0,0.0,1,0.5,0.5
2017-07-13,0.03946694003075346,0.03946694003075346,0.0,0.0,1,0.5,0.5
2017-07-14,-0.00011876484560569,-0.00011876484560569,0.0,0.0,1,0.5,0.5
2017-07-17,0.03563791874554523,0.03563791874554523,0.0,0.0,1,0.5,0.5
2017-07-18,0.01308494122865378,0.01308494122865378,0.0,0.0,1,0.5,0.5
2017-07-19,-0.020207477847417388,-0.020207477847417388,0.0,0.0,1,0.5,0.5
2017-07-20,0.006475225225225256,0.006475225225225256,0.0,0.0,1,0.5,0.5
2017-07-21,0.03157309616453585,0.03157309616453585,0.0,0.0,1,0.5,0.5
2017-07-24,0.006117327198577827,0.006117327198577827,0.0,0.0,1,0.5,0.5
2017-07-25,0.010123966942148788,0.010123966942148788,0.0,0.0,1,0.5,0.5
2017-07-26,-0.00475901174564608,-0.00475901174564608,0.0,0.0,1,0.5,0.5
2017-07-27,-0.006031486403598407,-0.006031486403598407,0.0,0.0,1,0.5,0.5
2017-07-28,0.004397764900662238,0.004397764900662238,0.0,0.0,1,0.5,0.5
2017-07-31,0.010872910042055595,0.010872910042055595,0.0,0.0,1,0.5,0.5
2017-08-01,-0.030669611484790693,-0.030669611484790693,0.0,0.0,1,0.5,0.5
2017-08-02,0.024010695187165698,0.024010695187165698,0.0,0.0,1,0.5,0.5
2017-08-03,-0.17037452801306258,-0.17037452801306258,0.0,0.0,1,0.5,0.5
2017-08-04,0.03939628482972135,0.03939628482972135,0.0,0.0,1,0.5,0.5
2017-08-07,0.010833692064858735,0.010833692064858735,0.0,0.0,1,0.5,0.5
2017-08-08,-0.02619382022471911,-0.02619382022471911,0.0,0.0,1,0.5,0.5
2017-08-09,-0.02904994812509265,-0.02904994812509265,0.0,0.0,1,0.5,0.5
2017-08-10,0.018017309205350163,0.018017309205350163,0.0,0.0,1,0.5,0.5
2017-08-11,0.02339003645200488,0.02339003645200488,0.0,0.0,1,0.5,0.5
2017-08-14,-0.0053685432385374154,-0.0053685432385374154,0.0,0.0,1,0.5,0.5
2017-08-15,-0.0175271340569082,-0.0175271340569082,0.0,0.0,1,0.5,0.5
2017-08-16,-0.009727922176622605,-0.009727922176622605,0.0,0.0,1,0.5,0.5
2017-08-17,-0.0031778018911797212,-0.0031778018911797212,0.0,0.0,1,0.5,0.5
2017-08-18,-0.027301092043681696,-0.027301092043681696,0.0,0.0,1,0.5,0.5
2017-08-21,0.0034653465346534684,0.0034653465346534684,0.0,0.0,1,0.5,0.5
2017-08-22,0.020403146509341163,0.020403146509341163,0.0,0.0,1,0.5,0.5
2017-08-23,-0.00881750905369233,-0.00881750905369233,0.0,0.0,1,0.5,0.5
2017-08-24,-0.0007212694342042525,-0.0007212694342042525,0.0,0.0,1,0.5,0.5
2017-08-25,-0.008426966292134797,-0.008426966292134797,0.0,0.0,1,0.5,0.5
2017-08-28,0.011755102040816312,0.011755102040816312,0.0,0.0,1,0.5,0.5
2017-08-29,-0.00949114691338332,-0.00949114691338332,0.0,0.0,1,0.5,0.5
2017-08-30,-0.019349593495934958,-0.019349593495934958,0.0,0.0,1,0.5,0.5
2017-08-31,-0.0011840324763193744,-0.0011840324763193744,0.0,0.0,1,0.5,0.5
2017-09-01,-0.024499830451000293,-0.024499830451000293,0.0,0.0,1,0.5,0.5
2017-09-05,0.01756106257799961,0.01756106257799961,0.0,0.0,1,0.5,0.5
2017-09-06,-0.016362383740957664,-0.016362383740957664,0.0,0.0,1,0.5,0.5
2017-09-07,0.005341880341880323,0.005341880341880323,0.0,0.0,1,0.5,0.5
2017-09-08,0.01189217758985206,0.01189217758985206,0.0,0.0,1,0.5,0.5
2017-09-11,-0.0010325245224573898,-0.0010325245224573898,0.0,0.0,1,0.5,0.5
2017-09-12,0.014657699603379815,0.014657699603379815,0.0,0.0,1,0.5,0.5
2017-09-13,-0.020271402244932124,-0.020271402244932124,0.0,0.0,1,0.5,0.5
2017-09-14,-0.02199074074074081,-0.02249074074074081,1.0,0.0005,1,0.5,0.5
2017-09-15,0.003951344231812204,0.003451344231812204,1.0,0.0005,1,0.5,0.5
2017-09-18,0.04082774049216997,0.04032774049216997,1.0,0.0005,1,0.5,0.5
2017-09-19,-0.003986965689093402,-0.004486965689093403,1.0,0.0005,1,0.5,0.5
2017-09-20,-0.015400410677618048,-0.01590041067761805,1.0,0.0005,1,0.5,0.5
2017-09-21,-0.02171610169491528,-0.02171610169491528,0.0,0.0,1,0.5,0.5
2017-09-22,-0.02602436323366558,-0.02602436323366558,0.0,0.0,1,0.5,0.5
2017-09-25,-0.005257009345794317,-0.005257009345794317,0.0,0.0,1,0.5,0.5
2017-09-26,0.0017709563164108877,0.0017709563164108877,0.0,0.0,1,0.5,0.5
2017-09-27,0.0005882352941176672,0.0005882352941176672,0.0,0.0,1,0.5,0.5
2017-09-28,0.003525264394829697,0.003525264394829697,0.0,0.0,1,0.5,0.5
2017-09-29,-0.009656652360514995,-0.010156652360514995,1.0,0.0005,1,0.5,0.5
2017-10-02,-0.011305616338439128,-0.011305616338439128,0.0,0.0,1,0.5,0.5
2017-10-03,0.004850746268656669,0.004850746268656669,0.0,0.0,1,0.5,0.5
2017-10-04,-0.042498152254249744,-0.042498152254249744,0.0,0.0,1,0.5,0.5
2017-10-05,-0.029079159935379684,-0.029079159935379684,0.0,0.0,1,0.5,0.5
2017-10-06,0.03216123499142365,0.03216123499142365,0.0,0.0,1,0.5,0.5
2017-10-09,-0.014101531023368252,-0.014101531023368252,0.0,0.0,1,0.5,0.5
2017-10-10,-0.012023217247097873,-0.012023217247097873,0.0,0.0,1,0.5,0.5
2017-10-11,-0.007646559048428203,-0.007646559048428203,0.0,0.0,1,0.5,0.5
2017-10-12,0.005608283002588421,0.005608283002588421,0.0,0.0,1,0.5,0.5
2017-10-13,-0.023037542662116106,-0.023037542662116106,0.0,0.0,1,0.5,0.5
2017-10-16,-0.0004472271914132131,-0.0004472271914132131,0.0,0.0,1,0.5,0.5
2017-10-17,-0.012981199641897923,-0.012981199641897923,0.0,0.0,1,0.5,0.5
2017-10-18,-0.0041360294117647745,-0.0041360294117647745,0.0,0.0,1,0.5,0.5
2017-10-19,0.009731232622798958,0.009731232622798958,0.0,0.0,1,0.5,0.5
2017-10-20,-0.011363636363636354,-0.011363636363636354,0.0,0.0,1,0.5,0.5
2017-10-23,0.008837209302325566,0.008837209302325566,0.0,0.0,1,0.5,0.5
2017-10-24,0.013711151736745975,0.013711151736745975,0.0,0.0,1,0.5,0.5
2017-10-25,-0.010231316725978656,-0.010231316725978656,0.0,0.0,1,0.5,0.5
2017-10-26,0.030881017257039067,0.030881017257039067,0.0,0.0,1,0.5,0.5
2017-10-27,-0.016680923866552566,-0.016680923866552566,0.0,0.0,1,0.5,0.5
2017-10-30,-0.0256637168141593,-0.0256637168141593,0.0,0.0,1,0.5,0.5
2017-10-31,-0.021455223880597063,-0.021455223880597063,0.0,0.0,1,0.5,0.5
2017-11-01,0.034113060428849984,0.034113060428849984,0.0,0.0,1,0.5,0.5
2017-11-02,0.010948905109488982,0.010948905109488982,0.0,0.0,1,0.5,0.5
2017-11-03,-0.027678571428571386,-0.027678571428571386,0.0,0.0,1,0.5,0.5
2017-11-06,0.0,0.0,0.0,0.0,1,0.5,0.5
2017-11-07,-0.021266540642722098,-0.021266540642722098,0.0,0.0,1,0.5,0.5
2017-11-08,0.015301085883514198,0.015301085883514198,0.0,0.0,1,0.5,0.5
2017-11-09,0.0938697318007663,0.0938697318007663,0.0,0.0,1,0.5,0.5
2017-11-10,-0.09677419354838712,-0.09677419354838712,0.0,0.0,1,0.5,0.5
2017-11-13,0.026999999999999913,0.026999999999999913,0.0,0.0,1,0.5,0.5
2017-11-14,0.0,-0.0005,1.0,0.0005,1,0.5,0.5
2017-11-15,0.02695417789757415,0.02695417789757415,0.0,0.0,1,0.5,0.5
2017-11-16,0.01662404092071612,0.01662404092071612,0.0,0.0,1,0.5,0.5
2017-11-17,0.013613861386138626,0.013613861386138626,0.0,0.0,1,0.5,0.5
2017-11-20,-0.0328767123287671,-0.0333767123287671,1.0,0.0005,1,0.5,0.5
2017-11-21,-0.0274756725815683,-0.0279756725815683,1.0,0.0005,1,0.5,0.5
2017-11-22,-0.002840909090909116,-0.003340909090909116,1.0,0.0005,1,0.5,0.5
2017-11-24,-0.0020870602265951055,-0.0025870602265951055,1.0,0.0005,1,0.5,0.5
2017-11-27,0.029640718562874313,0.029640718562874313,0.0,0.0,1,0.5,0.5
2017-11-28,-0.010174418604651125,-0.010674418604651126,1.0,0.0005,1,0.5,0.5
2017-11-29,0.008902077151335175,0.008902077151335175,0.0,0.0,1,0.5,0.5
2017-11-30,-0.0008422234699606013,-0.0013422234699606013,1.0,0.0005,1,0.5,0.5
2017-12-01,-0.043869516310461265,-0.043869516310461265,0.0,0.0,1,0.5,0.5
2017-12-04,-0.0015527950310559313,-0.0020527950310559313,1.0,0.0005,1,0.5,0.5
2017-12-05,-0.004672897196261683,-0.004672897196261683,0.0,0.0,1,0.5,0.5
2017-12-06,0.012578616352201255,0.012578616352201255,0.0,0.0,1,0.5,0.5
2017-12-07,-0.005602498163115366,-0.006102498163115366,1.0,0.0005,1,0.5,0.5
2017-12-08,-0.01736949656325465,-0.01736949656325465,0.0,0.0,1,0.5,0.5
2017-12-11,-0.016743648960739044,-0.016743648960739044,0.0,0.0,1,0.5,0.5
2017-12-12,0.016527279968140185,0.016527279968140185,0.0,0.0,1,0.5,0.5
2017-12-13,0.01183431952662728,0.011334319526627279,1.0,0.0005,1,0.5,0.5
2017-12-14,0.003319016009371345,0.002819016009371345,1.0,0.0005,1,0.5,0.5
2017-12-15,-0.015449438202247201,-0.0159494382022472,1.0,0.0005,1,0.5,0.5
2017-12-18,-0.01884057971014491,-0.01884057971014491,0.0,0.0,1,0.5,0.5
2017-12-19,0.0075301204819276935,0.0075301204819276935,0.0,0.0,1,0.5,0.5
2017-12-20,-0.005934718100890302,-0.005934718100890302,0.0,0.0,1,0.5,0.5
2017-12-21,0.048048048048048075,0.048048048048048075,0.0,0.0,1,0.5,0.5
2017-12-22,-0.0027397260273973045,-0.0027397260273973045,0.0,0.0,1,0.5,0.5
2017-12-26,0.008264462809917328,0.008264462809917328,0.0,0.0,1,0.5,0.5
2017-12-27,0.01084010840108407,0.01084010840108407,0.0,0.0,1,0.5,0.5
2017-12-28,-0.015915119363395236,-0.015915119363395236,0.0,0.0,1,0.5,0.5
2017-12-29,0.010958904109588996,0.010958904109588996,0.0,0.0,1,0.5,0.5
2018-01-02,0.009383378016085797,0.009383378016085797,0.0,0.0,1,0.5,0.5
2018-01-03,0.0026315789473684292,0.0026315789473684292,0.0,0.0,1,0.5,0.5
2018-01-04,-0.010471204188481742,-0.010471204188481742,0.0,0.0,1,0.5,0.5
2018-01-05,-0.0031163578779218604,-0.0036163578779218604,1.0,0.0005,1,0.5,0.5
2018-01-08,0.023942153186930937,0.023442153186930936,1.0,0.0005,1,0.5,0.5
2018-01-09,0.0029646289102434054,0.0029646289102434054,0.0,0.0,1,0.5,0.5
2018-01-10,0.002235772357723542,0.002235772357723542,0.0,0.0,1,0.5,0.5
2018-01-11,0.04127883447996761,0.04127883447996761,0.0,0.0,1,0.5,0.5
2018-01-12,-0.04037383177570092,-0.04037383177570092,0.0,0.0,1,0.5,0.5
2018-01-16,0.03187271248474988,0.03187271248474988,0.0,0.0,1,0.5,0.5
2018-01-17,0.033642358788110505,0.033642358788110505,0.0,0.0,1,0.5,0.5
2018-01-18,0.05784901943225573,0.05784901943225573,0.0,0.0,1,0.5,0.5
2018-01-19,0.018901998555261312,0.018901998555261312,0.0,0.0,1,0.5,0.5
2018-01-22,-0.013225058004640411,-0.013225058004640411,0.0,0.0,1,0.5,0.5
2018-01-23,0.0015093740069908046,0.0015093740069908046,0.0,0.0,1,0.5,0.5
2018-01-24,-0.004554094725170321,-0.004554094725170321,0.0,0.0,1,0.5,0.5
2018-01-25,-0.013228359044041238,-0.013228359044041238,0.0,0.0,1,0.5,0.5
2018-01-26,0.018226600985221664,0.018226600985221664,0.0,0.0,1,0.5,0.5
2018-01-29,0.053905259822560225,0.053905259822560225,0.0,0.0,1,0.5,0.5
2018-01-30,0.03063997139792629,0.03063997139792629,0.0,0.0,1,0.5,0.5
2018-01-31,0.002088667295512714,0.002088667295512714,0.0,0.0,1,0.5,0.5
2018-02-01,-0.0035225442834138088,-0.0035225442834138088,0.0,0.0,1,0.5,0.5
2018-02-02,-0.016622744780052767,-0.016622744780052767,0.0,0.0,1,0.5,0.5
2018-02-05,0.012511358076466084,0.012511358076466084,0.0,0.0,1,0.5,0.5
2018-02-06,-0.0022502557108762256,-0.0022502557108762256,0.0,0.0,1,0.5,0.5
2018-02-07,-0.049523939995890165,-0.049523939995890165,0.0,0.0,1,0.5,0.5
2018-02-08,-0.01710636356724704,-0.01710636356724704,0.0,0.0,1,0.5,0.5
2018-02-09,0.03503109501692514,0.03503109501692514,0.0,0.0,1,0.5,0.5
2018-02-12,-0.008975207827558285,-0.008975207827558285,0.0,0.0,1,0.5,0.5
2018-02-13,-0.012622668364671519,-0.012622668364671519,0.0,0.0,1,0.5,0.5
2018-02-14,0.012411620043037197,0.012411620043037197,0.0,0.0,1,0.5,0.5
2018-02-15,0.006599175103112143,0.006599175103112143,0.0,0.0,1,0.5,0.5
2018-02-16,0.0031085781955443315,0.0031085781955443315,0.0,0.0,1,0.5,0.5
2018-02-20,0.0006252298639206622,0.0006252298639206622,0.0,0.0,1,0.5,0.5
2018-02-21,-0.008338230972671223,-0.008338230972671223,0.0,0.0,1,0.5,0.5
2018-02-22,0.006275681733283522,0.006275681733283522,0.0,0.0,1,0.5,0.5
2018-02-23,0.006419242972035777,0.006419242972035777,0.0,0.0,1,0.5,0.5
2018-02-26,-0.02138121949442706,-0.02138121949442706,0.0,0.0,1,0.5,0.5
2018-02-27,-0.020395738203957403,-0.020395738203957403,0.0,0.0,1,0.5,0.5
2018-02-28,-0.006307521421770879,-0.006307521421770879,0.0,0.0,1,0.5,0.5
2018-03-01,0.025833668139815136,0.025833668139815136,0.0,0.0,1,0.5,0.5
2018-03-02,0.009397921760391226,0.009397921760391226,0.0,0.0,1,0.5,0.5
2018-03-05,0.0005999700014999165,0.0005999700014999165,0.0,0.0,1,0.5,0.5
2018-03-06,0.001348314606741674,0.001348314606741674,0.0,0.0,1,0.5,0.5
2018-03-07,-0.011504556999850646,-0.011504556999850646,0.0,0.0,1,0.5,0.5
2018-03-08,0.030471020033644325,0.030471020033644325,0.0,0.0,1,0.5,0.5
2018-03-09,0.014954954954955024,0.014954954954955024,0.0,0.0,1,0.5,0.5
2018-03-12,-0.05442617214835549,-0.05442617214835549,0.0,0.0,1,0.5,0.5
2018-03-13,-0.030723624798774996,-0.030723624798774996,0.0,0.0,1,0.5,0.5
2018-03-14,-0.026606425702811243,-0.026606425702811243,0.0,0.0,1,0.5,0.5
2018-03-15,0.002872039589961184,0.002872039589961184,0.0,0.0,1,0.5,0.5
2018-03-16,0.03242245848343728,0.03242245848343728,0.0,0.0,1,0.5,0.5
2018-03-19,-0.01654426932915254,-0.01654426932915254,0.0,0.0,1,0.5,0.5
2018-03-20,-0.005333674688513423,-0.005333674688513423,0.0,0.0,1,0.5,0.5
2018-03-21,-0.026869662727508015,-0.026869662727508015,0.0,0.0,1,0.5,0.5
2018-03-22,0.02447584320875107,0.02447584320875107,0.0,0.0,1,0.5,0.5
2018-03-23,-0.003563048579125705,-0.003563048579125705,0.0,0.0,1,0.5,0.5
2018-03-26,-0.04245076586433261,-0.04245076586433261,0.0,0.0,1,0.5,0.5
2018-03-27,0.022620755619320865,0.022620755619320865,0.0,0.0,1,0.5,0.5
2018-03-28,0.03436127379209375,0.03436127379209375,0.0,0.0,1,0.5,0.5
2018-03-29,-0.0365185375460228,-0.0365185375460228,0.0,0.0,1,0.5,0.5
2018-04-02,-0.003879549233327173,-0.003879549233327173,0.0,0.0,1,0.5,0.5
2018-04-03,0.022388754421895363,0.022388754421895363,0.0,0.0,1,0.5,0.5
2018-04-04,-0.028201015771184168,-0.028201015771184168,0.0,0.0,1,0.5,0.5
2018-04-05,-0.02053824362606238,-0.02053824362606238,0.0,0.0,1,0.5,0.5
2018-04-06,0.038109305760709034,0.038109305760709034,0.0,0.0,1,0.5,0.5
2018-04-09,0.03408363070729248,0.03408363070729248,0.0,0.0,1,0.5,0.5
2018-04-10,-0.021543601164981996,-0.021543601164981996,0.0,0.0,1,0.5,0.5
2018-04-11,0.038850595291379464,0.038850595291379464,0.0,0.0,1,0.5,0.5
2018-04-12,-0.02093197109394468,-0.02093197109394468,0.0,0.0,1,0.5,0.5
2018-04-13,-0.004006410256410242,-0.004506410256410243,1.0,0.0005,1,0.5,0.5
2018-04-16,0.01938610662358642,0.01938610662358642,0.0,0.0,1,0.5,0.5
2018-04-17,-0.0264385692068429,-0.0264385692068429,0.0,0.0,1,0.5,0.5
2018-04-18,-0.005567558584011978,-0.006067558584011978,1.0,0.0005,1,0.5,0.5
2018-04-19,-0.0003361344537815003,-0.0003361344537815003,0.0,0.0,1,0.5,0.5
2018-04-20,-0.006390850992263664,-0.006390850992263664,0.0,0.0,1,0.5,0.5
2018-04-23,-0.0035273368606702493,-0.00402733686067025,1.0,0.0005,1,0.5,0.5
2018-04-24,0.04085257548845467,0.04085257548845467,0.0,0.0,1,0.5,0.5
2018-04-25,0.022167487684729092,0.022167487684729092,0.0,0.0,1,0.5,0.5
2018-04-26,-0.0031476571928124586,-0.0036476571928124586,1.0,0.0005,1,0.5,0.5
2018-04-27,0.0,0.0,0.0,0.0,1,0.5,0.5
2018-04-30,-8.837044892184842e-05,-0.0005883704489218484,1.0,0.0005,1,0.5,0.5
2018-05-01,-0.0009280537387307275,-0.0009280537387307275,0.0,0.0,1,0.5,0.5
2018-05-02,-0.006578947368421073,-0.0070789473684210735,1.0,0.0005,1,0.5,0.5
2018-05-03,0.024089935760171377,0.023589935760171377,1.0,0.0005,1,0.5,0.5
2018-05-04,0.0018726591760299671,0.0018726591760299671,0.0,0.0,1,0.5,0.5
2018-05-07,-0.0050033921302578555,-0.0050033921302578555,0.0,0.0,1,0.5,0.5
2018-05-08,0.03082706766917287,0.03032706766917287,1.0,0.0005,1,0.5,0.5
2018-05-09,-0.005665722379603388,-0.005665722379603388,0.0,0.0,1,0.5,0.5
2018-05-10,0.012177650429799458,0.012177650429799458,0.0,0.0,1,0.5,0.5
2018-05-11,0.0174825174825175,0.0174825174825175,0.0,0.0,1,0.5,0.5
2018-05-14,-0.008108108108108136,-0.008108108108108136,0.0,0.0,1,0.5,0.5
2018-05-15,-0.013049450549450503,-0.013049450549450503,0.0,0.0,1,0.5,0.5
2018-05-16,0.0035260930888575404,0.0035260930888575404,0.0,0.0,1,0.5,0.5
2018-05-17,0.0056022408963585235,0.0056022408963585235,0.0,0.0,1,0.5,0.5
2018-05-18,-0.0041551246537396835,-0.0041551246537396835,0.0,0.0,1,0.5,0.5
2018-05-21,0.004879849093742283,0.004379849093742283,1.0,0.0005,1,0.5,0.5
2018-05-22,-0.0073505523066926814,-0.0073505523066926814,0.0,0.0,1,0.5,0.5
2018-05-23,0.009126466753585305,0.008626466753585305,1.0,0.0005,1,0.5,0.5
2018-05-24,0.06786171574903976,0.06786171574903976,0.0,0.0,1,0.5,0.5
2018-05-25,0.005636978579481422,0.005636978579481422,0.0,0.0,1,0.5,0.5
2018-05-29,-0.02118171683389075,-0.02118171683389075,0.0,0.0,1,0.5,0.5
2018-05-30,-0.005238649592549494,-0.005238649592549494,0.0,0.0,1,0.5,0.5
2018-05-31,-0.0011764705882353343,-0.0011764705882353343,0.0,0.0,1,0.5,0.5
2018-06-01,-0.0371462264150943,-0.0371462264150943,0.0,0.0,1,0.5,0.5
2018-06-04,-0.004458598726114649,-0.004458598726114649,0.0,0.0,1,0.5,0.5
2018-06-05,-0.0006426735218508783,-0.0006426735218508783,0.0,0.0,1,0.5,0.5
2018-06-06,0.09202059202059198,0.09202059202059198,0.0,0.0,1,0.5,0.5
2018-06-07,-0.0010869565217391242,-0.0010869565217391242,0.0,0.0,1,0.5,0.5
2018-06-08,-0.001089324618736398,-0.001089324618736398,0.0,0.0,1,0.5,0.5
2018-06-11,0.006004366812227158,0.006004366812227158,0.0,0.0,1,0.5,0.5
2018-06-12,0.019956850053937436,0.019956850053937436,0.0,0.0,1,0.5,0.5
2018-06-13,0.012448132780082943,0.012448132780082943,0.0,0.0,1,0.5,0.5
2018-06-14,-0.00455465587044529,-0.00455465587044529,0.0,0.0,1,0.5,0.5
2018-06-15,0.0025536261491317935,0.0025536261491317935,0.0,0.0,1,0.5,0.5
2018-06-18,0.012703252032520318,0.012703252032520318,0.0,0.0,1,0.5,0.5
2018-06-19,0.010406342913775957,0.010406342913775957,0.0,0.0,1,0.5,0.5
2018-06-20,0.008737864077669855,0.008737864077669855,0.0,0.0,1,0.5,0.5
2018-06-21,-0.010019083969465603,-0.010019083969465603,0.0,0.0,1,0.5,0.5
2018-06-22,-0.02093476144109052,-0.02093476144109052,0.0,0.0,1,0.5,0.5
2018-06-25,0.008130081300812941,0.008130081300812941,0.0,0.0,1,0.5,0.5
2018-06-26,-0.02799999999999997,-0.02799999999999997,0.0,0.0,1,0.5,0.5
2018-06-27,0.016949152542372836,0.016949152542372836,0.0,0.0,1,0.5,0.5
2018-06-28,0.0051229508196721785,0.0051229508196721785,0.0,0.0,1,0.5,0.5
2018-06-29,0.02913940434051987,0.02863940434051987,1.0,0.0005,1,0.5,0.5
2018-07-02,-0.0014527517821548153,-0.0014527517821548153,0.0,0.0,1,0.5,0.5
2018-07-03,0.006573374445159708,0.006573374445159708,0.0,0.0,1,0.5,0.5
2018-07-05,0.0007859268920772378,0.0007859268920772378,0.0,0.0,1,0.5,0.5
2018-07-06,0.001385735274475719,0.001385735274475719,0.0,0.0,1,0.5,0.5
2018-07-09,-0.012886683760114537,-0.012886683760114537,0.0,0.0,1,0.5,0.5
2018-07-10,-0.0012646546125713587,-0.0012646546125713587,0.0,0.0,1,0.5,0.5
2018-07-11,-0.006253640818284556,-0.006253640818284556,0.0,0.0,1,0.5,0.5
2018-07-12,0.014869178985356335,0.014869178985356335,0.0,0.0,1,0.5,0.5
2018-07-13,-0.014709351305813023,-0.014709351305813023,0.0,0.0,1,0.5,0.5
2018-07-16,-0.0012499132004721303,-0.0012499132004721303,0.0,0.0,1,0.5,0.5
2018-07-17,-0.0005221023320571283,-0.0005221023320571283,0.0,0.0,1,0.5,0.5
2018-07-18,0.0029965156794425907,0.0029965156794425907,0.0,0.0,1,0.5,0.5
2018-07-19,-0.0028920753671377586,-0.0028920753671377586,0.0,0.0,1,0.5,0.5
2018-07-20,-0.004615920571329091,-0.004615920571329091,0.0,0.0,1,0.5,0.5
2018-07-23,-0.014750351617440205,-0.014750351617440205,0.0,0.0,1,0.5,0.5
2018-07-24,-0.0002354987138147302,-0.0002354987138147302,0.0,0.0,1,0.5,0.5
2018-07-25,0.004367841090329172,0.004367841090329172,0.0,0.0,1,0.5,0.5
2018-07-26,-0.0041144130223867426,-0.0041144130223867426,0.0,0.0,1,0.5,0.5
2018-07-27,-0.02882246376811598,-0.02882246376811598,0.0,0.0,1,0.5,0.5
2018-07-30,-0.005882579107232111,-0.005882579107232111,0.0,0.0,1,0.5,0.5
2018-07-31,-0.008734388981830876,-0.008734388981830876,0.0,0.0,1,0.5,0.5
2018-08-01,-0.002375861249703015,-0.002375861249703015,0.0,0.0,1,0.5,0.5
2018-08-02,-0.0008156282326728936,-0.0008156282326728936,0.0,0.0,1,0.5,0.5
2018-08-03,-0.00751205515482406,-0.00751205515482406,0.0,0.0,1,0.5,0.5
2018-08-06,-0.003337918757080449,-0.003337918757080449,0.0,0.0,1,0.5,0.5
2018-08-07,-0.0018329192293592422,-0.0018329192293592422,0.0,0.0,1,0.5,0.5
2018-08-08,-0.01739503699766981,-0.01739503699766981,0.0,0.0,1,0.5,0.5
2018-08-09,-0.00734858110969927,-0.00734858110969927,0.0,0.0,1,0.5,0.5
2018-08-10,-0.013368869019472984,-0.013368869019472984,0.0,0.0,1,0.5,0.5
2018-08-13,0.02312177023983042,0.02312177023983042,0.0,0.0,1,0.5,0.5
2018-08-14,-0.006543397500844317,-0.006543397500844317,0.0,0.0,1,0.5,0.5
2018-08-15,0.00956027033963558,0.00956027033963558,0.0,0.0,1,0.5,0.5
2018-08-16,-0.0009024134312696774,-0.0009024134312696774,0.0,0.0,1,0.5,0.5
2018-08-17,-0.00761079808258347,-0.00761079808258347,0.0,0.0,1,0.5,0.5
2018-08-20,0.023911187019641345,0.023911187019641345,0.0,0.0,1,0.5,0.5
2018-08-21,0.016075794621026818,0.016075794621026818,0.0,0.0,1,0.5,0.5
2018-08-22,-0.00805400923842231,-0.00805400923842231,0.0,0.0,1,0.5,0.5
2018-08-23,-0.011576581999117208,-0.011576581999117208,0.0,0.0,1,0.5,0.5
2018-08-24,0.002895990798554071,0.002895990798554071,0.0,0.0,1,0.5,0.5
2018-08-27,-0.004186236471308946,-0.004186236471308946,0.0,0.0,1,0.5,0.5
2018-08-28,-0.004427512355848429,-0.004427512355848429,0.0,0.0,1,0.5,0.5
2018-08-29,-0.004487845418657821,-0.004487845418657821,0.0,0.0,1,0.5,0.5
2018-08-30,0.0015094972535536488,0.0015094972535536488,0.0,0.0,1,0.5,0.5
2018-08-31,-0.01927176957485055,-0.01927176957485055,0.0,0.0,1,0.5,0.5
2018-09-04,0.0023479281707899924,0.0023479281707899924,0.0,0.0,1,0.5,0.5
2018-09-05,-0.023888864846150493,-0.023888864846150493,0.0,0.0,1,0.5,0.5
2018-09-06,0.00674907967095395,0.00674907967095395,0.0,0.0,1,0.5,0.5
2018-09-07,0.020000000000000018,0.020000000000000018,0.0,0.0,1,0.5,0.5
2018-09-10,0.0021343566747153986,0.0021343566747153986,0.0,0.0,1,0.5,0.5
2018-09-11,0.005925035421407432,0.005925035421407432,0.0,0.0,1,0.5,0.5
2018-09-12,0.0034157932702507665,0.0034157932702507665,0.0,0.0,1,0.5,0.5
2018-09-13,-0.02341115981119357,-0.02341115981119357,0.0,0.0,1,0.5,0.5
2018-09-14,0.004996241765043985,0.004996241765043985,0.0,0.0,1,0.5,0.5
2018-09-17,-0.04625049249222957,-0.04625049249222957,0.0,0.0,1,0.5,0.5
2018-09-18,0.0204052098408104,0.0204052098408104,0.0,0.0,1,0.5,0.5
2018-09-19,0.002178346310715562,0.002178346310715562,0.0,0.0,1,0.5,0.5
2018-09-20,-0.012275034610059965,-0.012275034610059965,0.0,0.0,1,0.5,0.5
2018-09-21,0.03727883432680479,0.03727883432680479,0.0,0.0,1,0.5,0.5
2018-09-24,-0.010808312054239655,-0.010808312054239655,0.0,0.0,1,0.5,0.5
2018-09-25,-0.01626693065742696,-0.01626693065742696,0.0,0.0,1,0.5,0.5
2018-09-26,-0.006325581395348834,-0.006325581395348834,0.0,0.0,1,0.5,0.5
2018-09-27,0.004357452421330343,0.004357452421330343,0.0,0.0,1,0.5,0.5
2018-09-28,-0.0043665063279316185,-0.0043665063279316185,0.0,0.0,1,0.5,0.5
2018-10-01,-0.0051352115330254855,-0.0051352115330254855,0.0,0.0,1,0.5,0.5
2018-10-02,0.012995049504950451,0.012995049504950451,0.0,0.0,1,0.5,0.5
2018-10-03,-0.02062262225109024,-0.02062262225109024,0.0,0.0,1,0.5,0.5
2018-10-04,-0.006194047907089273,-0.006194047907089273,0.0,0.0,1,0.5,0.5
2018-10-05,-0.03358208955223879,-0.03408208955223879,1.0,0.0005,1,0.5,0.5
2018-10-08,0.0003636363636363438,0.0003636363636363438,0.0,0.0,1,0.5,0.5
2018-10-09,-0.045569867291178734,-0.046069867291178734,1.0,0.0005,1,0.5,0.5
2018-10-10,-0.02866652351299126,-0.02866652351299126,0.0,0.0,1,0.5,0.5
2018-10-11,0.034168564920273425,0.034168564920273425,0.0,0.0,1,0.5,0.5
2018-10-12,0.0015255530129671957,0.0010255530129671957,1.0,0.0005,1,0.5,0.5
2018-10-15,0.027376425855513253,0.027376425855513253,0.0,0.0,1,0.5,0.5
2018-10-16,-0.013698630136986245,-0.013698630136986245,0.0,0.0,1,0.5,0.5
2018-10-17,-0.005189028910303928,-0.005189028910303928,0.0,0.0,1,0.5,0.5
2018-10-18,-0.011235955056179747,-0.011235955056179747,0.0,0.0,1,0.5,0.5
2018-10-19,-0.0026819923371647625,-0.0026819923371647625,0.0,0.0,1,0.5,0.5
2018-10-22,-0.0007704160246532754,-0.0007704160246532754,0.0,0.0,1,0.5,0.5
2018-10-23,-0.03780864197530864,-0.03780864197530864,0.0,0.0,1,0.5,0.5
2018-10-24,0.024624373956594336,0.024624373956594336,0.0,0.0,1,0.5,0.5
2018-10-25,0.0035799522673031214,0.0035799522673031214,0.0,0.0,1,0.5,0.5
2018-10-26,-0.01619273301737756,-0.01619273301737756,0.0,0.0,1,0.5,0.5
2018-10-29,0.008571428571428563,0.008571428571428563,0.0,0.0,1,0.5,0.5
2018-10-30,0.010433386837881198,0.010433386837881198,0.0,0.0,1,0.5,0.5
2018-10-31,0.05896226415094341,0.05896226415094341,0.0,0.0,1,0.5,0.5
2018-11-01,0.009493670886075889,0.009493670886075889,0.0,0.0,1,0.5,0.5
2018-11-02,-0.01214634146341459,-0.01264634146341459,1.0,0.0005,1,0.5,0.5
2018-11-05,0.02089791020897902,0.02089791020897902,0.0,0.0,1,0.5,0.5
2018-11-06,0.00470294653997505,0.00470294653997505,0.0,0.0,1,0.5,0.5
2018-11-07,-0.044570695065132615,-0.044570695065132615,0.0,0.0,1,0.5,0.5
2018-11-08,-0.01852915079075107,-0.01852915079075107,0.0,0.0,1,0.5,0.5
2018-11-09,0.005474551466204125,0.005474551466204125,0.0,0.0,1,0.5,0.5
2018-11-12,-0.10798348614015335,-0.10798348614015335,0.0,0.0,1,0.5,0.5
2018-11-13,-0.008582370238665094,-0.008582370238665094,0.0,0.0,1,0.5,0.5
2018-11-14,-0.03830364597829111,-0.03830364597829111,0.0,0.0,1,0.5,0.5
2018-11-15,-0.010436289654133124,-0.010436289654133124,0.0,0.0,1,0.5,0.5
2018-11-16,-0.036324457441896274,-0.036324457441896274,0.0,0.0,1,0.5,0.5
2018-11-19,-0.026970954356846488,-0.026970954356846488,0.0,0.0,1,0.5,0.5
2018-11-20,0.01749999999999996,0.01749999999999996,0.0,0.0,1,0.5,0.5
2018-11-21,-0.019535553860496657,-0.019535553860496657,0.0,0.0,1,0.5,0.5
2018-11-23,0.03766096313282774,0.03766096313282774,0.0,0.0,1,0.5,0.5
2018-11-26,-0.04330708661417326,-0.04330708661417326,0.0,0.0,1,0.5,0.5
2018-11-27,0.0158943965517242,0.0158943965517242,0.0,0.0,1,0.5,0.5
2018-11-28,-0.0043951261966928,-0.0043951261966928,0.0,0.0,1,0.5,0.5
2018-11-29,0.007726753885327953,0.007726753885327953,0.0,0.0,1,0.5,0.5
2018-11-30,0.01962809917355368,0.01912809917355368,1.0,0.0005,1,0.5,0.5
2018-12-03,-0.05168986083499005,-0.05168986083499005,0.0,0.0,1,0.5,0.5
2018-12-04,0.00369549150036963,0.00369549150036963,0.0,0.0,1,0.5,0.5
2018-12-06,-0.018341892883345534,-0.018341892883345534,0.0,0.0,1,0.5,0.5
2018-12-07,0.020182787509520184,0.020182787509520184,0.0,0.0,1,0.5,0.5
2018-12-10,-0.0014641288433382416,-0.0014641288433382416,0.0,0.0,1,0.5,0.5
2018-12-11,0.05763582966226144,0.05763582966226144,0.0,0.0,1,0.5,0.5
2018-12-12,-0.012837393021724763,-0.012837393021724763,0.0,0.0,1,0.5,0.5
2018-12-13,-0.016216216216216217,-0.016216216216216217,0.0,0.0,1,0.5,0.5
2018-12-14,-0.012569832402234637,-0.012569832402234637,0.0,0.0,1,0.5,0.5
2018-12-17,-0.008237822349570212,-0.008237822349570212,0.0,0.0,1,0.5,0.5
2018-12-18,-0.01019664967225059,-0.01019664967225059,0.0,0.0,1,0.5,0.5
2018-12-19,-0.021561338289962817,-0.021561338289962817,0.0,0.0,1,0.5,0.5
2018-12-20,-0.06449106449106445,-0.06449106449106445,0.0,0.0,1,0.5,0.5
2018-12-21,-0.020963425512934897,-0.020963425512934897,0.0,0.0,1,0.5,0.5
2018-12-24,0.056797020484171346,0.056797020484171346,0.0,0.0,1,0.5,0.5
2018-12-26,0.011652418315961977,0.011152418315961976,1.0,0.0005,1,0.5,0.5
2018-12-27,-0.0077821011673151474,-0.0077821011673151474,0.0,0.0,1,0.5,0.5
2018-12-28,0.019065333643338733,0.019065333643338733,0.0,0.0,1,0.5,0.5
2018-12-31,-0.013045912653975367,-0.013045912653975367,0.0,0.0,1,0.5,0.5
2019-01-02,-0.03288490284005979,-0.03288490284005979,0.0,0.0,1,0.5,0.5
2019-01-03,0.044923076923076954,0.044923076923076954,0.0,0.0,1,0.5,0.5
2019-01-04,0.04760022586109547,0.04760022586109547,0.0,0.0,1,0.5,0.5
2019-01-07,0.003196535368117037,0.003196535368117037,0.0,0.0,1,0.5,0.5
2019-01-08,-0.0060963114754098435,-0.0060963114754098435,0.0,0.0,1,0.5,0.5
2019-01-09,-0.0010890986412197545,-0.0010890986412197545,0.0,0.0,1,0.5,0.5
2019-01-10,0.003274428274428254,0.003274428274428254,0.0,0.0,1,0.5,0.5
2019-01-11,0.004802230713621847,0.004802230713621847,0.0,0.0,1,0.5,0.5
2019-01-14,0.013758183306055605,0.013758183306055605,0.0,0.0,1,0.5,0.5
2019-01-15,-0.002389248382279774,-0.002389248382279774,0.0,0.0,1,0.5,0.5
2019-01-16,0.010703210963288967,0.010703210963288967,0.0,0.0,1,0.5,0.5
2019-01-17,0.015718342963470744,0.015718342963470744,0.0,0.0,1,0.5,0.5
2019-01-18,-0.02753513102924421,-0.02753513102924421,0.0,0.0,1,0.5,0.5
2019-01-22,0.004421221864951863,0.004421221864951863,0.0,0.0,1,0.5,0.5
2019-01-23,0.005727091633466075,0.005727091633466075,0.0,0.0,1,0.5,0.5
2019-01-24,0.01294928606597745,0.01294928606597745,0.0,0.0,1,0.5,0.5
2019-01-25,-0.009694759070838999,-0.009694759070838999,0.0,0.0,1,0.5,0.5
2019-01-28,-0.013997650743931112,-0.013997650743931112,0.0,0.0,1,0.5,0.5
2019-01-29,0.02275931520644514,0.02275931520644514,0.0,0.0,1,0.5,0.5
2019-01-30,0.03612020805239835,0.03612020805239835,0.0,0.0,1,0.5,0.5
2019-01-31,0.007006827164929952,0.007006827164929952,0.0,0.0,1,0.5,0.5
2019-02-01,0.0022147413182140863,0.0022147413182140863,0.0,0.0,1,0.5,0.5
2019-02-04,0.002249073910742694,0.002249073910742694,0.0,0.0,1,0.5,0.5
2019-02-05,-0.0024146105891649783,-0.0024146105891649783,0.0,0.0,1,0.5,0.5
2019-02-06,-0.014205046761955165,-0.014205046761955165,0.0,0.0,1,0.5,0.5
2019-02-07,-0.023504273504273476,-0.024004273504273477,1.0,0.0005,1,0.5,0.5
2019-02-08,0.004225474821397457,0.003725474821397457,1.0,0.0005,1,0.5,0.5
2019-02-11,-0.001987041036717041,-0.001987041036717041,0.0,0.0,1,0.5,0.5
2019-02-12,-0.0010917030567685337,-0.0015917030567685338,1.0,0.0005,1,0.5,0.5
2019-02-13,0.001641137855579844,0.001641137855579844,0.0,0.0,1,0.5,0.5
2019-02-14,0.008724100327153761,0.008724100327153761,0.0,0.0,1,0.5,0.5
2019-02-15,-0.039657020364415874,-0.039657020364415874,0.0,0.0,1,0.5,0.5
2019-02-19,0.01105937136204882,0.01105937136204882,0.0,0.0,1,0.5,0.5
2019-02-20,-0.0170842824601366,-0.0170842824601366,0.0,0.0,1,0.5,0.5
2019-02-21,0.03125,0.03125,0.0,0.0,1,0.5,0.5
2019-02-22,0.01220865704772478,0.01220865704772478,0.0,0.0,1,0.5,0.5
2019-02-25,-0.0027085590465872333,-0.0027085590465872333,0.0,0.0,1,0.5,0.5
2019-02-26,-0.03213507625272333,-0.03213507625272333,0.0,0.0,1,0.5,0.5
2019-02-27,-0.036670547147846344,-0.036670547147846344,0.0,0.0,1,0.5,0.5
2019-02-28,-0.0012562814070351536,-0.0012562814070351536,0.0,0.0,1,0.5,0.5
2019-03-01,0.010075566750629705,0.010075566750629705,0.0,0.0,1,0.5,0.5
2019-03-04,0.022222222222222254,0.022222222222222254,0.0,0.0,1,0.5,0.5
2019-03-05,0.023640661938534202,0.023640661938534202,0.0,0.0,1,0.5,0.5
2019-03-06,0.010158013544018019,0.010158013544018019,0.0,0.0,1,0.5,0.5
2019-03-07,0.03263274336283195,0.03263274336283195,0.0,0.0,1,0.5,0.5
2019-03-08,0.010384215991692591,0.010384215991692591,0.0,0.0,1,0.5,0.5
2019-03-11,0.016785350966429302,0.016785350966429302,0.0,0.0,1,0.5,0.5
2019-03-12,0.012795275590551158,0.012795275590551158,0.0,0.0,1,0.5,0.5
2019-03-13,0.013915547024952013,0.013915547024952013,0.0,0.0,1,0.5,0.5
2019-03-14,0.008870214752567662,0.008870214752567662,0.0,0.0,1,0.5,0.5
2019-03-15,0.026146788990825676,0.026146788990825676,0.0,0.0,1,0.5,0.5
2019-03-18,0.06451612903225801,0.06451612903225801,0.0,0.0,1,0.5,0.5
2019-03-19,-0.03629343629343629,-0.03629343629343629,0.0,0.0,1,0.5,0.5
2019-03-20,0.051207327227310584,0.051207327227310584,0.0,0.0,1,0.5,0.5
2019-03-21,-0.009063444108761365,-0.009063444108761365,0.0,0.0,1,0.5,0.5
2019-03-22,0.1284615384615384,0.1284615384615384,0.0,0.0,1,0.5,0.5
2019-03-25,-0.061199510403916746,-0.061199510403916746,0.0,0.0,1,0.5,0.5
2019-03-26,0.0,-0.0005,1.0,0.0005,1,0.5,0.5
2019-03-27,0.0,0.0,0.0,0.0,1,0.5,0.5
2019-03-28,0.0017630465444288257,0.0012630465444288257,1.0,0.0005,1,0.5,0.5
2019-03-29,-0.025298664792691494,-0.025298664792691494,0.0,0.0,1,0.5,0.5
2019-04-01,0.0017222141367099209,0.0012222141367099208,1.0,0.0005,1,0.5,0.5
2019-04-02,-0.0032942898975109602,-0.0037942898975109603,1.0,0.0005,1,0.5,0.5
2019-04-03,0.004789977892409647,0.004789977892409647,0.0,0.0,1,0.5,0.5
2019-04-04,0.02919708029197088,0.02919708029197088,0.0,0.0,1,0.5,0.5
2019-04-05,0.0027586206896551557,0.0027586206896551557,0.0,0.0,1,0.5,0.5
2019-04-08,-0.01268861454046638,-0.01268861454046638,0.0,0.0,1,0.5,0.5
2019-04-09,0.006685432793807178,0.006685432793807178,0.0,0.0,1,0.5,0.5
2019-04-10,-0.017708333333333326,-0.017708333333333326,0.0,0.0,1,0.5,0.5
2019-04-11,-0.015478761699064036,-0.015478761699064036,0.0,0.0,1,0.5,0.5
2019-04-12,0.031575037147102525,0.031575037147102525,0.0,0.0,1,0.5,0.5
2019-04-15,0.04088050314465408,0.04088050314465408,0.0,0.0,1,0.5,0.5
2019-04-16,-0.01873385012919898,-0.01873385012919898,0.0,0.0,1,0.5,0.5
2019-04-17,0.003691275167785224,0.003691275167785224,0.0,0.0,1,0.5,0.5
2019-04-18,0.003664223850766146,0.003664223850766146,0.0,0.0,1,0.5,0.5
2019-04-22,0.027116402116402094,0.027116402116402094,0.0,0.0,1,0.5,0.5
2019-04-23,0.0031367628607277265,0.0031367628607277265,0.0,0.0,1,0.5,0.5
2019-04-24,0.020885286783042467,0.020885286783042467,0.0,0.0,1,0.5,0.5
2019-04-25,0.028126870137642035,0.028126870137642035,0.0,0.0,1,0.5,0.5
2019-04-26,0.008781869688385346,0.008781869688385346,0.0,0.0,1,0.5,0.5
2019-04-29,-0.006403118040089084,-0.006403118040089084,0.0,0.0,1,0.5,0.5
2019-04-30,-0.0014100394811055184,-0.0014100394811055184,0.0,0.0,1,0.5,0.5
2019-05-01,-0.005090497737556543,-0.005090497737556543,0.0,0.0,1,0.5,0.5
2019-05-02,0.01285714285714279,0.01285714285714279,0.0,0.0,1,0.5,0.5
2019-05-03,0.03342618384401108,0.03342618384401108,0.0,0.0,1,0.5,0.5
2019-05-06,0.010182767624020927,0.010182767624020927,0.0,0.0,1,0.5,0.5
2019-05-07,0.0025588536335722223,0.0025588536335722223,0.0,0.0,1,0.5,0.5
2019-05-08,0.004327902240325865,0.004327902240325865,0.0,0.0,1,0.5,0.5
2019-05-09,0.03129732458354373,0.03129732458354373,0.0,0.0,1,0.5,0.5
2019-05-10,0.014726840855106893,0.014726840855106893,0.0,0.0,1,0.5,0.5
2019-05-13,0.0016151361329025393,0.0016151361329025393,0.0,0.0,1,0.5,0.5
2019-05-14,0.02897884084636615,0.02897884084636615,0.0,0.0,1,0.5,0.5
2019-05-15,0.008695652173912993,0.008695652173912993,0.0,0.0,1,0.5,0.5
2019-05-16,-0.006837606837606869,-0.006837606837606869,0.0,0.0,1,0.5,0.5
2019-05-17,-0.008232235701906399,-0.008232235701906399,0.0,0.0,1,0.5,0.5
2019-05-20,0.01982378854625555,0.01982378854625555,0.0,0.0,1,0.5,0.5
2019-05-21,0.03156779661016951,0.03156779661016951,0.0,0.0,1,0.5,0.5
2019-05-22,-0.030290952570745322,-0.030290952570745322,0.0,0.0,1,0.5,0.5
2019-05-23,0.02460755197284681,0.02460755197284681,0.0,0.0,1,0.5,0.5
2019-05-24,0.009502628386575007,0.009502628386575007,0.0,0.0,1,0.5,0.5
2019-05-28,-0.0057539682539682335,-0.0057539682539682335,0.0,0.0,1,0.5,0.5
2019-05-29,-0.009835407466880719,-0.009835407466880719,0.0,0.0,1,0.5,0.5
2019-05-30,-0.02989352989352989,-0.02989352989352989,0.0,0.0,1,0.5,0.5
2019-05-31,0.004137630662020886,0.004137630662020886,0.0,0.0,1,0.5,0.5
2019-06-03,0.0015118790496759793,0.0015118790496759793,0.0,0.0,1,0.5,0.5
2019-06-04,-0.04478897502153312,-0.04478897502153312,0.0,0.0,1,0.5,0.5
2019-06-05,0.010406811731314969,0.010406811731314969,0.0,0.0,1,0.5,0.5
2019-06-06,0.01042632066728455,0.01042632066728455,0.0,0.0,1,0.5,0.5
2019-06-07,-0.013163867453472589,-0.013163867453472589,0.0,0.0,1,0.5,0.5
2019-06-10,-0.013986013986013957,-0.013986013986013957,0.0,0.0,1,0.5,0.5
2019-06-11,0.03045563549160668,0.03045563549160668,0.0,0.0,1,0.5,0.5
2019-06-12,0.018761301989150048,0.018761301989150048,0.0,0.0,1,0.5,0.5
2019-06-13,-0.0026143790849673665,-0.0026143790849673665,0.0,0.0,1,0.5,0.5
2019-06-14,0.007446342531756578,0.007446342531756578,0.0,0.0,1,0.5,0.5
2019-06-17,0.02330599913681486,0.02330599913681486,0.0,0.0,1,0.5,0.5
2019-06-18,0.010927835051546375,0.010927835051546375,0.0,0.0,1,0.5,0.5
2019-06-19,0.010694108151735215,0.010694108151735215,0.0,0.0,1,0.5,0.5
2019-06-20,-0.02252074278941124,-0.02252074278941124,0.0,0.0,1,0.5,0.5
2019-06-21,-0.01448076127430703,-0.01448076127430703,0.0,0.0,1,0.5,0.5
2019-06-24,0.010864933958244616,0.010864933958244616,0.0,0.0,1,0.5,0.5
2019-06-25,-0.032318598832360323,-0.032318598832360323,0.0,0.0,1,0.5,0.5
2019-06-26,0.06598305840392338,0.06598305840392338,0.0,0.0,1,0.5,0.5
2019-06-27,0.007089405277668326,0.007089405277668326,0.0,0.0,1,0.5,0.5
2019-06-28,0.013980582524271812,0.013980582524271812,0.0,0.0,1,0.5,0.5
2019-07-01,0.017944843218738238,0.017944843218738238,0.0,0.0,1,0.5,0.5
2019-07-02,-0.001641137855579955,-0.001641137855579955,0.0,0.0,1,0.5,0.5
2019-07-03,-0.005305525064032202,-0.005305525064032202,0.0,0.0,1,0.5,0.5
2019-07-05,0.006656804733727761,0.006656804733727761,0.0,0.0,1,0.5,0.5
2019-07-08,-0.013138686131386856,-0.013138686131386856,0.0,0.0,1,0.5,0.5
2019-07-09,-0.01180659670164913,-0.01180659670164913,0.0,0.0,1,0.5,0.5
2019-07-10,-0.005566218809980816,-0.005566218809980816,0.0,0.0,1,0.5,0.5
2019-07-11,0.005434782608695565,0.005434782608695565,0.0,0.0,1,0.5,0.5
2019-07-12,-0.000768049155145889,-0.000768049155145889,0.0,0.0,1,0.5,0.5
2019-07-15,-0.008269230769230751,-0.008269230769230751,0.0,0.0,1,0.5,0.5
2019-07-16,-0.01075479077043412,-0.01075479077043412,0.0,0.0,1,0.5,0.5
2019-07-17,0.005595523581135131,0.005595523581135131,0.0,0.0,1,0.5,0.5
2019-07-18,-0.008893280632411071,-0.008893280632411071,0.0,0.0,1,0.5,0.5
2019-07-19,0.029376257545271622,0.029376257545271622,0.0,0.0,1,0.5,0.5
2019-07-22,-0.0034207525655644,-0.0034207525655644,0.0,0.0,1,0.5,0.5
2019-07-23,-0.005357826253348574,-0.005357826253348574,0.0,0.0,1,0.5,0.5
2019-07-24,0.003868471953578312,0.003868471953578312,0.0,0.0,1,0.5,0.5
2019-07-25,0.03147792706333974,0.03147792706333974,0.0,0.0,1,0.5,0.5
2019-07-26,-0.020946189960274475,-0.020946189960274475,0.0,0.0,1,0.5,0.5
2019-07-29,-0.0045231813041839986,-0.0045231813041839986,0.0,0.0,1,0.5,0.5
2019-07-30,-0.015024724229745157,-0.015024724229745157,0.0,0.0,1,0.5,0.5
2019-07-31,0.008627450980392193,0.008627450980392193,0.0,0.0,1,0.5,0.5
2019-08-01,-0.004818812644564352,-0.004818812644564352,0.0,0.0,1,0.5,0.5
2019-08-02,-0.027053328143246402,-0.027053328143246402,0.0,0.0,1,0.5,0.5
2019-08-05,0.007818930041152194,0.007818930041152194,0.0,0.0,1,0.5,0.5
2019-08-06,0.004457050243111826,0.004457050243111826,0.0,0.0,1,0.5,0.5
2019-08-07,0.012048192771084376,0.012048192771084376,0.0,0.0,1,0.5,0.5
2019-08-08,-0.0007843137254902044,-0.0007843137254902044,0.0,0.0,1,0.5,0.5
2019-08-09,-0.0009819324430479504,-0.0009819324430479504,0.0,0.0,1,0.5,0.5
2019-08-12,0.04388036206218027,0.04388036206218027,0.0,0.0,1,0.5,0.5
2019-08-13,-0.01863241678726485,-0.01863241678726485,0.0,0.0,1,0.5,0.5
2019-08-14,-0.07065013152950017,-0.07065013152950017,0.0,0.0,1,0.5,0.5
2019-08-15,0.03894967177242881,0.03894967177242881,0.0,0.0,1,0.5,0.5
2019-08-16,0.004669102720259888,0.004669102720259888,0.0,0.0,1,0.5,0.5
2019-08-19,0.001005631536605045,0.001005631536605045,0.0,0.0,1,0.5,0.5
2019-08-20,0.022079486150140548,0.022079486150140548,0.0,0.0,1,0.5,0.5
2019-08-21,-0.014994232987312617,-0.014994232987312617,0.0,0.0,1,0.5,0.5
2019-08-22,-0.007530717399920728,-0.007530717399920728,0.0,0.0,1,0.5,0.5
2019-08-23,0.006036217303822866,0.006036217303822866,0.0,0.0,1,0.5,0.5
2019-08-26,-0.028628230616302153,-0.028628230616302153,0.0,0.0,1,0.5,0.5
2019-08-27,0.02910164487557987,0.02910164487557987,0.0,0.0,1,0.5,0.5
2019-08-28,0.004384216819450004,0.004384216819450004,0.0,0.0,1,0.5,0.5
2019-08-29,0.0027657052548399896,0.0027657052548399896,0.0,0.0,1,0.5,0.5
2019-08-30,-0.022986247544204308,-0.022986247544204308,0.0,0.0,1,0.5,0.5
2019-09-03,0.013385502471169652,0.013385502471169652,0.0,0.0,1,0.5,0.5
2019-09-04,-0.01083032490974728,-0.01083032490974728,0.0,0.0,1,0.5,0.5
2019-09-05,0.00799507995079951,0.00799507995079951,0.0,0.0,1,0.5,0.5
2019-09-06,-0.011501210653753036,-0.011501210653753036,0.0,0.0,1,0.5,0.5
2019-09-09,-0.010924369747899176,-0.011424369747899177,1.0,0.0005,1,0.5,0.5
2019-09-10,0.030927835051546393,0.030927835051546393,0.0,0.0,1,0.5,0.5
2019-09-11,0.008935663224781565,0.008435663224781564,1.0,0.0005,1,0.5,0.5
2019-09-12,0.023605150214592308,0.023605150214592308,0.0,0.0,1,0.5,0.5
2019-09-13,0.04321907600596131,0.04321907600596131,0.0,0.0,1,0.5,0.5
2019-09-16,0.03890799656061905,0.03840799656061905,1.0,0.0005,1,0.5,0.5
2019-09-17,0.00259274032708412,0.00259274032708412,0.0,0.0,1,0.5,0.5
2019-09-18,0.03809523809523818,0.03809523809523818,0.0,0.0,1,0.5,0.5
2019-09-19,0.006452802359881993,0.006452802359881993,0.0,0.0,1,0.5,0.5
2019-09-20,-0.004368401892974105,-0.004368401892974105,0.0,0.0,1,0.5,0.5
2019-09-23,-0.04058024237972824,-0.04058024237972824,0.0,0.0,1,0.5,0.5
2019-09-24,0.0007993605115906854,0.0007993605115906854,0.0,0.0,1,0.5,0.5
2019-09-25,-0.03741021548284118,-0.03741021548284118,0.0,0.0,1,0.5,0.5
2019-09-26,-0.02005607073538923,-0.02005607073538923,0.0,0.0,1,0.5,0.5
2019-09-27,-0.0005616715344866074,-0.0005616715344866074,0.0,0.0,1,0.5,0.5
2019-09-30,-0.08720355731225293,-0.08770355731225293,1.0,0.0005,1,0.5,0.5
2019-10-01,0.04637941352483543,0.04637941352483543,0.0,0.0,1,0.5,0.5
2019-10-02,0.0016429353778750766,0.0016429353778750766,0.0,0.0,1,0.5,0.5
2019-10-03,0.003820960698689979,0.003820960698689979,0.0,0.0,1,0.5,0.5
2019-10-04,-0.006229685807150609,-0.006229685807150609,0.0,0.0,1,0.5,0.5
2019-10-07,0.0019199122325836981,0.0019199122325836981,0.0,0.0,1,0.5,0.5
2019-10-08,-0.01338797814207654,-0.01338797814207654,0.0,0.0,1,0.5,0.5
2019-10-09,-0.005614823133071267,-0.005614823133071267,0.0,0.0,1,0.5,0.5
2019-10-10,0.014906303236797314,0.014906303236797314,0.0,0.0,1,0.5,0.5
2019-10-11,0.0028949545078575945,0.0028949545078575945,0.0,0.0,1,0.5,0.5
2019-10-14,0.06551535087719296,0.06551535087719296,0.0,0.0,1,0.5,0.5
2019-10-15,0.02423654871546288,0.02423654871546288,0.0,0.0,1,0.5,0.5
2019-10-16,0.020573277854831318,0.020573277854831318,0.0,0.0,1,0.5,0.5
2019-10-17,-0.03285968028419184,-0.03285968028419184,0.0,0.0,1,0.5,0.5
2019-10-18,0.023288973384030465,0.023288973384030465,0.0,0.0,1,0.5,0.5
2019-10-21,-0.00908265213442322,-0.00908265213442322,0.0,0.0,1,0.5,0.5
2019-10-22,0.031452358926919555,0.031452358926919555,0.0,0.0,1,0.5,0.5
2019-10-23,0.006744995648389929,0.006744995648389929,0.0,0.0,1,0.5,0.5
2019-10-24,0.0027908973808502546,0.0027908973808502546,0.0,0.0,1,0.5,0.5
2019-10-25,-0.009607173356105947,-0.009607173356105947,0.0,0.0,1,0.5,0.5
2019-10-28,-0.004913522012578608,-0.005413522012578609,1.0,0.0005,1,0.5,0.5
2019-10-29,-0.12763001190948786,-0.12763001190948786,0.0,0.0,1,0.5,0.5
2019-10-30,0.017857142857142794,0.017857142857142794,0.0,0.0,1,0.5,0.5
2019-10-31,-0.015440041173443164,-0.015440041173443164,0.0,0.0,1,0.5,0.5
2019-11-01,-0.023234200743494415,-0.023234200743494415,0.0,0.0,1,0.5,0.5
2019-11-04,0.01768309663046508,0.01768309663046508,0.0,0.0,1,0.5,0.5
2019-11-05,-0.010489510489510523,-0.010489510489510523,0.0,0.0,1,0.5,0.5
2019-11-06,-0.005494505494505475,-0.005494505494505475,0.0,0.0,1,0.5,0.5
2019-11-07,0.012222222222222245,0.012222222222222245,0.0,0.0,1,0.5,0.5
2019-11-08,0.00813449023861168,0.00813449023861168,0.0,0.0,1,0.5,0.5
2019-11-11,0.010138740661686296,0.010138740661686296,0.0,0.0,1,0.5,0.5
2019-11-12,-0.00509937238493724,-0.00509937238493724,0.0,0.0,1,0.5,0.5
2019-11-13,0.01206225680933859,0.011562256809338589,1.0,0.0005,1,0.5,0.5
2019-11-14,0.02583586626139811,0.02583586626139811,0.0,0.0,1,0.5,0.5
2019-11-15,-0.003793352601156097,-0.003793352601156097,0.0,0.0,1,0.5,0.5
2019-11-18,0.053876956680014576,0.053876956680014576,0.0,0.0,1,0.5,0.5
2019-11-19,0.037463029904699297,0.037463029904699297,0.0,0.0,1,0.5,0.5
2019-11-20,0.02155304188321605,0.02155304188321605,0.0,0.0,1,0.5,0.5
2019-11-21,-0.007327080890973059,-0.007327080890973059,0.0,0.0,1,0.5,0.5
2019-11-22,0.04878048780487809,0.04878048780487809,0.0,0.0,1,0.5,0.5
2019-11-25,0.0,0.0,0.0,0.0,1,0.5,0.5
2019-11-26,0.024525745257452658,0.024525745257452658,0.0,0.0,1,0.5,0.5
2019-11-27,0.008524928958925315,0.008524928958925315,0.0,0.0,1,0.5,0.5
2019-11-29,0.0031750063500126657,0.0031750063500126657,0.0,0.0,1,0.5,0.5
2019-12-02,0.07559313478041396,0.07559313478041396,0.0,0.0,1,0.5,0.5
2019-12-03,0.01995176496382378,0.01995176496382378,0.0,0.0,1,0.5,0.5
2019-12-04,-0.04417035631456884,-0.04417035631456884,0.0,0.0,1,0.5,0.5
2019-12-05,0.0253237742830712,0.0253237742830712,0.0,0.0,1,0.5,0.5
2019-12-06,-0.0033017829627998707,-0.0033017829627998707,0.0,0.0,1,0.5,0.5
2019-12-09,0.04010635940615992,0.04010635940615992,0.0,0.0,1,0.5,0.5
2019-12-10,-0.006974358974358996,-0.006974358974358996,0.0,0.0,1,0.5,0.5
2019-12-11,0.005200748907842723,0.005200748907842723,0.0,0.0,1,0.5,0.5
2019-12-12,-0.01832406835495165,-0.01832406835495165,0.0,0.0,1,0.5,0.5
2019-12-13,0.3527463133148109,0.3527463133148109,0.0,0.0,1,0.5,0.5
2019-12-16,0.007330827067669188,0.007330827067669188,0.0,0.0,1,0.5,0.5
2019-12-17,0.05310608867481781,0.05310608867481781,0.0,0.0,1,0.5,0.5
2019-12-18,0.031986156079044314,0.031986156079044314,0.0,0.0,1,0.5,0.5
2019-12-19,0.028174186778593957,0.028174186778593957,0.0,0.0,1,0.5,0.5
2019-12-20,-0.009585775305453514,-0.009585775305453514,0.0,0.0,1,0.5,0.5
2019-12-23,0.021470528661130306,0.021470528661130306,0.0,0.0,1,0.5,0.5
2019-12-24,0.015828316177898594,0.015828316177898594,0.0,0.0,1,0.5,0.5
2019-12-26,-0.020048945783132488,-0.020048945783132488,0.0,0.0,1,0.5,0.5
2019-12-27,0.009070405961953298,0.009070405961953298,0.0,0.0,1,0.5,0.5
2019-12-30,-0.0022633150341904718,-0.0022633150341904718,0.0,0.0,1,0.5,0.5
2019-12-31,-0.009916795665634637,-0.009916795665634637,0.0,0.0,1,0.5,0.5
2020-01-02,-0.03267199684137795,-0.03267199684137795,0.0,0.0,1,0.5,0.5
2020-01-03,-0.0011088816136867186,-0.0011088816136867186,0.0,0.0,1,0.5,0.5
2020-01-06,-0.011801439458086371,-0.011801439458086371,0.0,0.0,1,0.5,0.5
2020-01-07,-0.012195121951219523,-0.012195121951219523,0.0,0.0,1,0.5,0.5
2020-01-08,-0.007190635451505001,-0.007690635451505001,1.0,0.0005,1,0.5,0.5
2020-01-09,0.008826226501604806,0.008326226501604805,1.0,0.0005,1,0.5,0.5
2020-01-10,-0.002703311556656929,-0.002703311556656929,0.0,0.0,1,0.5,0.5
2020-01-13,0.012400906002264955,0.012400906002264955,0.0,0.0,1,0.5,0.5
2020-01-14,0.001105094485578495,0.001105094485578495,0.0,0.0,1,0.5,0.5
2020-01-15,0.009868783768883005,0.009868783768883005,0.0,0.0,1,0.5,0.5
2020-01-16,-0.011570069204152267,-0.011570069204152267,0.0,0.0,1,0.5,0.5
2020-01-17,-0.008910781492140807,-0.008910781492140807,0.0,0.0,1,0.5,0.5
2020-01-21,-0.006874788684774036,-0.006874788684774036,0.0,0.0,1,0.5,0.5
2020-01-22,0.0014284081819220251,0.0014284081819220251,0.0,0.0,1,0.5,0.5
2020-01-23,-0.014585232452142216,-0.014585232452142216,0.0,0.0,1,0.5,0.5
2020-01-24,0.01038732394366193,0.01038732394366193,0.0,0.0,1,0.5,0.5
2020-01-27,0.003621938599517094,0.003621938599517094,0.0,0.0,1,0.5,0.5
2020-01-28,0.013812785388127913,0.013812785388127913,0.0,0.0,1,0.5,0.5
2020-01-29,-0.008998000444345622,-0.008998000444345622,0.0,0.0,1,0.5,0.5
2020-01-30,-0.008936651583710487,-0.008936651583710487,0.0,0.0,1,0.5,0.5
2020-01-31,0.04060124395300624,0.04060124395300624,0.0,0.0,1,0.5,0.5
2020-02-03,0.012996697560455961,0.012996697560455961,0.0,0.0,1,0.5,0.5
2020-02-04,-0.009189076939050966,-0.009189076939050966,0.0,0.0,1,0.5,0.5
2020-02-05,-0.018722233975037028,-0.018722233975037028,0.0,0.0,1,0.5,0.5
2020-02-06,-0.006318681318681352,-0.006318681318681352,0.0,0.0,1,0.5,0.5
2020-02-07,0.013912075681691727,0.013912075681691727,0.0,0.0,1,0.5,0.5
2020-02-10,0.002436383324309732,0.002436383324309732,0.0,0.0,1,0.5,0.5
2020-02-11,-0.011368534482758597,-0.011368534482758597,0.0,0.0,1,0.5,0.5
2020-02-12,-0.011136839783879138,-0.011136839783879138,0.0,0.0,1,0.5,0.5
2020-02-13,0.01014999436111419,0.01014999436111419,0.0,0.0,1,0.5,0.5
2020-02-14,0.008897977230020948,0.008897977230020948,0.0,0.0,1,0.5,0.5
2020-02-18,0.0003801042571677238,0.0003801042571677238,0.0,0.0,1,0.5,0.5
2020-02-19,0.002387411828540409,0.002387411828540409,0.0,0.0,1,0.5,0.5
2020-02-20,-0.007884220758181293,-0.007884220758181293,0.0,0.0,1,0.5,0.5
2020-02-21,-0.01437506858334242,-0.01437506858334242,0.0,0.0,1,0.5,0.5
2020-02-24,-0.021184047000338935,-0.021184047000338935,0.0,0.0,1,0.5,0.5
2020-02-25,-0.005545068428504107,-0.005545068428504107,0.0,0.0,1,0.5,0.5
2020-02-26,-0.012884753042233354,-0.012884753042233354,0.0,0.0,1,0.5,0.5
2020-02-27,-0.022409992652461408,-0.022409992652461408,0.0,0.0,1,0.5,0.5
2020-02-28,0.06967948717948724,0.06967948717948724,0.0,0.0,1,0.5,0.5
2020-03-02,-0.018678969280972235,-0.018678969280972235,0.0,0.0,1,0.5,0.5
2020-03-03,0.02700175336060784,0.02700175336060784,0.0,0.0,1,0.5,0.5
2020-03-04,-0.010092048353110838,-0.010092048353110838,0.0,0.0,1,0.5,0.5
2020-03-05,-0.02631578947368418,-0.02631578947368418,0.0,0.0,1,0.5,0.5
2020-03-06,-0.04545997610513741,-0.04545997610513741,0.0,0.0,1,0.5,0.5
2020-03-09,0.00933105532921541,0.00933105532921541,0.0,0.0,1,0.5,0.5
2020-03-10,-0.024900012901561075,-0.024900012901561075,0.0,0.0,1,0.5,0.5
2020-03-11,-0.06021724372029874,-0.06021724372029874,0.0,0.0,1,0.5,0.5
2020-03-12,-0.027323247916023474,-0.027323247916023474,0.0,0.0,1,0.5,0.5
2020-03-13,-0.14941214892227306,-0.14941214892227306,0.0,0.0,1,0.5,0.5
2020-03-16,0.02561714019562178,0.02561714019562178,0.0,0.0,1,0.5,0.5
2020-03-17,-0.04364200265839607,-0.04364200265839607,0.0,0.0,1,0.5,0.5
2020-03-18,0.0639563106796116,0.0639563106796116,0.0,0.0,1,0.5,0.5
2020-03-19,0.08532386485904886,0.08532386485904886,0.0,0.0,1,0.5,0.5
2020-03-20,0.08740808823529411,0.08740808823529411,0.0,0.0,1,0.5,0.5
2020-03-23,0.022140510092317323,0.022140510092317323,0.0,0.0,1,0.5,0.5
2020-03-24,-0.031765058435720694,-0.031765058435720694,0.0,0.0,1,0.5,0.5
2020-03-25,0.008319999999999994,0.008319999999999994,0.0,0.0,1,0.5,0.5
2020-03-26,-0.002124645892351229,-0.002124645892351229,0.0,0.0,1,0.5,0.5
2020-03-27,-0.0449660186502292,-0.0449660186502292,0.0,0.0,1,0.5,0.5
2020-03-30,0.01085446335533169,0.01085446335533169,0.0,0.0,1,0.5,0.5
2020-03-31,-0.025837157912629583,-0.025837157912629583,0.0,0.0,1,0.5,0.5
2020-04-01,-0.0011650833482703127,-0.0011650833482703127,0.0,0.0,1,0.5,0.5
2020-04-02,-0.005749191519942465,-0.005749191519942465,0.0,0.0,1,0.5,0.5
2020-04-03,-0.013358778625954248,-0.013358778625954248,0.0,0.0,1,0.5,0.5
2020-04-06,-0.034360410830999055,-0.034360410830999055,0.0,0.0,1,0.5,0.5
2020-04-07,0.08351714457589743,0.08351714457589743,0.0,0.0,1,0.5,0.5
2020-04-08,-0.0176116838487973,-0.0176116838487973,0.0,0.0,1,0.5,0.5
2020-04-09,0.03463935886019587,0.03463935886019587,0.0,0.0,1,0.5,0.5
2020-04-13,0.0488840772818121,0.0488840772818121,0.0,0.0,1,0.5,0.5
2020-04-14,-0.011227431345774475,-0.011227431345774475,0.0,0.0,1,0.5,0.5
2020-04-15,-0.002405711625019402,-0.002405711625019402,0.0,0.0,1,0.5,0.5
2020-04-16,0.040860885839051786,0.040860885839051786,0.0,0.0,1,0.5,0.5
2020-04-17,0.023633635366768657,0.023133635366768657,1.0,0.0005,1,0.5,0.5
2020-04-20,-0.022998418858703407,-0.023498418858703407,1.0,0.0005,1,0.5,0.5
2020-04-21,0.026442669880970215,0.026442669880970215,0.0,0.0,1,0.5,0.5
2020-04-22,0.009373211219232958,0.009373211219232958,0.0,0.0,1,0.5,0.5
2020-04-23,0.03659221800814727,0.03659221800814727,0.0,0.0,1,0.5,0.5
2020-04-24,0.12172774869109948,0.12172774869109948,0.0,0.0,1,0.5,0.5
2020-04-27,0.007105263157894726,0.007105263157894726,0.0,0.0,1,0.5,0.5
2020-04-28,0.012143227815256896,0.012143227815256896,0.0,0.0,1,0.5,0.5
2020-04-29,-0.01854291214915388,-0.01854291214915388,0.0,0.0,1,0.5,0.5
2020-04-30,-0.025781332210880803,-0.025781332210880803,0.0,0.0,1,0.5,0.5
2020-05-01,0.008820592477532418,0.008820592477532418,0.0,0.0,1,0.5,0.5
2020-05-04,-0.00757740950719582,-0.00757740950719582,0.0,0.0,1,0.5,0.5
2020-05-05,-0.0023148148148148806,-0.0028148148148148806,1.0,0.0005,1,0.5,0.5
2020-05-06,0.005813953488372103,0.005813953488372103,0.0,0.0,1,0.5,0.5
2020-05-07,-0.0011494252873562871,-0.0011494252873562871,0.0,0.0,1,0.5,0.5
2020-05-08,0.15403096636412172,0.15353096636412172,1.0,0.0005,1,0.5,0.5
2020-05-11,0.31265306122448977,0.31265306122448977,0.0,0.0,1,0.5,0.5
2020-05-12,0.010673028628829795,0.010673028628829795,0.0,0.0,1,0.5,0.5
2020-05-13,-0.02913695598721422,-0.02913695598721422,0.0,0.0,1,0.5,0.5
2020-05-14,0.06958224543080949,0.06958224543080949,0.0,0.0,1,0.5,0.5
2020-05-15,0.15276186110474443,0.15276186110474443,0.0,0.0,1,0.5,0.5
2020-05-18,-0.026860955056179803,-0.026860955056179803,0.0,0.0,1,0.5,0.5
2020-05-19,-0.010111317254174357,-0.010111317254174357,0.0,0.0,1,0.5,0.5
2020-05-20,-0.025942056428706728,-0.025942056428706728,0.0,0.0,1,0.5,0.5
2020-05-21,-0.039544637507489544,-0.039544637507489544,0.0,0.0,1,0.5,0.5
2020-05-22,0.0223378876599436,0.0223378876599436,0.0,0.0,1,0.5,0.5
2020-05-26,-0.028077641685696486,-0.028077641685696486,0.0,0.0,1,0.5,0.5
2020-05-27,-0.006873419113603896,-0.006873419113603896,0.0,0.0,1,0.5,0.5
2020-05-28,0.01338090990187324,0.01338090990187324,0.0,0.0,1,0.5,0.5
2020-05-29,0.07363162467419637,0.07363162467419637,0.0,0.0,1,0.5,0.5
2020-06-01,-0.030102234002271855,-0.030102234002271855,0.0,0.0,1,0.5,0.5
2020-06-02,-0.010224274406332445,-0.010724274406332446,1.0,0.0005,1,0.5,0.5
2020-06-03,-0.08040540540540542,-0.08090540540540542,1.0,0.0005,1,0.5,0.5
2020-06-04,0.019468313641245905,0.018968313641245904,1.0,0.0005,1,0.5,0.5
2020-06-05,0.02707581227436817,0.02657581227436817,1.0,0.0005,1,0.5,0.5
2020-06-08,-0.016267123287671215,-0.016267123287671215,0.0,0.0,1,0.5,0.5
2020-06-09,-0.010559547136947511,-0.011059547136947512,1.0,0.0005,1,0.5,0.5
2020-06-10,-0.005894128113879016,-0.005894128113879016,0.0,0.0,1,0.5,0.5
2020-06-11,0.01282916948008106,0.01282916948008106,0.0,0.0,1,0.5,0.5
2020-06-12,0.06034671933289448,0.06034671933289448,0.0,0.0,1,0.5,0.5
2020-06-15,0.010573722341883696,0.010573722341883696,0.0,0.0,1,0.5,0.5
2020-06-16,0.031255992329817794,0.031255992329817794,0.0,0.0,1,0.5,0.5
2020-06-17,0.03483125789568675,0.03483125789568675,0.0,0.0,1,0.5,0.5
2020-06-18,0.046229120971823856,0.046229120971823856,0.0,0.0,1,0.5,0.5
2020-06-19,0.009266409266409315,0.009266409266409315,0.0,0.0,1,0.5,0.5
2020-06-22,0.028127369219105303,0.028127369219105303,0.0,0.0,1,0.5,0.5
2020-06-23,0.05627332759115711,0.05627332759115711,0.0,0.0,1,0.5,0.5
2020-06-24,0.03896774193548391,0.03896774193548391,0.0,0.0,1,0.5,0.5
2020-06-25,-0.03680871438831701,-0.03680871438831701,0.0,0.0,1,0.5,0.5
2020-06-26,0.04018607055175083,0.04018607055175083,0.0,0.0,1,0.5,0.5
2020-06-29,-0.0015548379380457278,-0.0015548379380457278,0.0,0.0,1,0.5,0.5
2020-06-30,-0.021895620875824806,-0.021895620875824806,0.0,0.0,1,0.5,0.5
2020-07-01,0.012170639899623525,0.012170639899623525,0.0,0.0,1,0.5,0.5
2020-07-02,-0.013473787359137679,-0.013473787359137679,0.0,0.0,1,0.5,0.5
2020-07-06,0.15810674723061435,0.15810674723061435,0.0,0.0,1,0.5,0.5
2020-07-07,-0.029934965570007688,-0.029934965570007688,0.0,0.0,1,0.5,0.5
2020-07-08,-0.010172939979654128,-0.010172939979654128,0.0,0.0,1,0.5,0.5
2020-07-09,-0.010072689511941846,-0.010072689511941846,0.0,0.0,1,0.5,0.5
2020-07-10,0.05277660025434505,0.05277660025434505,0.0,0.0,1,0.5,0.5
2020-07-13,0.027080138036809864,0.027080138036809864,0.0,0.0,1,0.5,0.5
2020-07-14,0.005365099572610776,0.005365099572610776,0.0,0.0,1,0.5,0.5
2020-07-15,0.04111560953666216,0.04111560953666216,0.0,0.0,1,0.5,0.5
2020-07-16,0.08396375426053704,0.08396375426053704,0.0,0.0,1,0.5,0.5
2020-07-17,-0.008043277101573154,-0.008043277101573154,0.0,0.0,1,0.5,0.5
2020-07-20,0.008898213123055831,0.008898213123055831,0.0,0.0,1,0.5,0.5
2020-07-21,0.02047053806240673,0.02047053806240673,0.0,0.0,1,0.5,0.5
2020-07-22,-0.023420962785933697,-0.023420962785933697,0.0,0.0,1,0.5,0.5
2020-07-23,-0.020273658571530906,-0.020273658571530906,0.0,0.0,1,0.5,0.5
2020-07-24,0.021167774210408385,0.021167774210408385,0.0,0.0,1,0.5,0.5
2020-07-27,0.0322349570200573,0.0322349570200573,0.0,0.0,1,0.5,0.5
2020-07-28,-0.010901749663526195,-0.010901749663526195,0.0,0.0,1,0.5,0.5
2020-07-29,0.004334067143643372,0.004334067143643372,0.0,0.0,1,0.5,0.5
2020-07-30,-0.01200381939708095,-0.01200381939708095,0.0,0.0,1,0.5,0.5
2020-07-31,0.04461914744933615,0.04461914744933615,0.0,0.0,1,0.5,0.5
2020-08-03,0.004170141784820669,0.004170141784820669,0.0,0.0,1,0.5,0.5
2020-08-04,0.05191830502004202,0.05191830502004202,0.0,0.0,1,0.5,0.5
2020-08-05,-0.017263242838203963,-0.017263242838203963,0.0,0.0,1,0.5,0.5
2020-08-06,0.008328358208955167,0.008328358208955167,0.0,0.0,1,0.5,0.5
2020-08-07,0.024135298608256472,0.024135298608256472,0.0,0.0,1,0.5,0.5
2020-08-10,-0.08131197131813345,-0.08131197131813345,0.0,0.0,1,0.5,0.5
2020-08-11,-0.0838239229328338,-0.0838239229328338,0.0,0.0,1,0.5,0.5
2020-08-12,0.035605208165889746,0.035605208165889746,0.0,0.0,1,0.5,0.5
2020-08-13,0.049632352941176405,0.049632352941176405,0.0,0.0,1,0.5,0.5
2020-08-14,0.030782881714558785,0.030782881714558785,0.0,0.0,1,0.5,0.5
2020-08-17,-0.029897768919179613,-0.029897768919179613,0.0,0.0,1,0.5,0.5
2020-08-18,0.002837994939478894,0.002837994939478894,0.0,0.0,1,0.5,0.5
2020-08-19,-0.013361893104855194,-0.013361893104855194,0.0,0.0,1,0.5,0.5
2020-08-20,-0.01924823586948926,-0.01924823586948926,0.0,0.0,1,0.5,0.5
2020-08-21,-0.06670542072373203,-0.06670542072373203,0.0,0.0,1,0.5,0.5
2020-08-24,-0.025784001341606577,-0.025784001341606577,0.0,0.0,1,0.5,0.5
2020-08-25,0.0066749182212005875,0.0066749182212005875,0.0,0.0,1,0.5,0.5
2020-08-26,-0.031713488047461214,-0.031713488047461214,0.0,0.0,1,0.5,0.5
2020-08-27,0.001816488122962312,0.001816488122962312,0.0,0.0,1,0.5,0.5
2020-08-28,0.012066085019491357,0.012066085019491357,0.0,0.0,1,0.5,0.5
2020-08-31,-0.023835417799528746,-0.023835417799528746,0.0,0.0,1,0.5,0.5
2020-09-01,-0.010373049105443455,-0.010373049105443455,0.0,0.0,1,0.5,0.5
2020-09-02,0.00038872691933911074,0.00038872691933911074,0.0,0.0,1,0.5,0.5
2020-09-03,-0.048795882695669035,-0.048795882695669035,0.0,0.0,1,0.5,0.5
2020-09-04,-0.04099860109760034,-0.04099860109760034,0.0,0.0,1,0.5,0.5
2020-09-08,0.032411206189192354,0.032411206189192354,0.0,0.0,1,0.5,0.5
2020-09-09,0.011118450022016724,0.011118450022016724,0.0,0.0,1,0.5,0.5
2020-09-10,0.013945724746930899,0.013945724746930899,0.0,0.0,1,0.5,0.5
2020-09-11,0.054216867469879526,0.054216867469879526,0.0,0.0,1,0.5,0.5
2020-09-14,0.02145557655954633,0.02145557655954633,0.0,0.0,1,0.5,0.5
2020-09-15,0.044362878375928894,0.044362878375928894,0.0,0.0,1,0.5,0.5
2020-09-16,-0.019229168400899,-0.019229168400899,0.0,0.0,1,0.5,0.5
2020-09-17,-0.030949701324560652,-0.030949701324560652,0.0,0.0,1,0.5,0.5
2020-09-18,0.008259505352528618,0.008259505352528618,0.0,0.0,1,0.5,0.5
2020-09-21,0.006718111665910076,0.006718111665910076,0.0,0.0,1,0.5,0.5
2020-09-22,-0.04505957179969544,-0.04505957179969544,0.0,0.0,1,0.5,0.5
2020-09-23,0.0042827606576745225,0.0042827606576745225,0.0,0.0,1,0.5,0.5
2020-09-24,0.05427567356501373,0.05427567356501373,0.0,0.0,1,0.5,0.5
2020-09-25,-0.010479041916167664,-0.010479041916167664,0.0,0.0,1,0.5,0.5
2020-09-28,-0.014525993883792054,-0.014525993883792054,0.0,0.0,1,0.5,0.5
2020-09-29,0.0018527095877720612,0.0018527095877720612,0.0,0.0,1,0.5,0.5
2020-09-30,-0.015920627595754466,-0.015920627595754466,0.0,0.0,1,0.5,0.5
2020-10-01,-0.006196377502383277,-0.006196377502383277,0.0,0.0,1,0.5,0.5
2020-10-02,0.0317084942084942,0.0317084942084942,0.0,0.0,1,0.5,0.5
2020-10-05,-0.012526096033402934,-0.012526096033402934,0.0,0.0,1,0.5,0.5
2020-10-06,0.012056605530211373,0.012056605530211373,0.0,0.0,1,0.5,0.5
2020-10-07,0.004636363636363661,0.004636363636363661,0.0,0.0,1,0.5,0.5
2020-10-08,0.000900738605656648,0.000900738605656648,0.0,0.0,1,0.5,0.5
2020-10-09,-0.004495594317568796,-0.004495594317568796,0.0,0.0,1,0.5,0.5
2020-10-12,0.03202685538014882,0.03202685538014882,0.0,0.0,1,0.5,0.5
2020-10-13,-0.023533424283765314,-0.023533424283765314,0.0,0.0,1,0.5,0.5
2020-10-14,-0.001521116678597001,-0.001521116678597001,0.0,0.0,1,0.5,0.5
2020-10-15,-0.019655358104469556,-0.019655358104469556,0.0,0.0,1,0.5,0.5
2020-10-16,-0.023309043348281044,-0.023309043348281044,0.0,0.0,1,0.5,0.5
2020-10-19,-0.0180793728564429,-0.0180793728564429,0.0,0.0,1,0.5,0.5
2020-10-20,-0.0366002440016267,-0.0366002440016267,0.0,0.0,1,0.5,0.5
2020-10-21,0.013328214129003979,0.013328214129003979,0.0,0.0,1,0.5,0.5
2020-10-22,-0.00245752751362327,-0.00245752751362327,0.0,0.0,1,0.5,0.5
2020-10-23,-0.030870825727477735,-0.030870825727477735,0.0,0.0,1,0.5,0.5
2020-10-26,0.012645914396887226,0.012645914396887226,0.0,0.0,1,0.5,0.5
2020-10-27,-0.04609889496595604,-0.04609889496595604,0.0,0.0,1,0.5,0.5
2020-10-28,0.03873109553670229,0.03873109553670229,0.0,0.0,1,0.5,0.5
2020-10-29,-0.039484194910418824,-0.039484194910418824,0.0,0.0,1,0.5,0.5
2020-10-30,0.010469582455705728,0.010469582455705728,0.0,0.0,1,0.5,0.5
2020-11-02,0.007524271844660202,0.007524271844660202,0.0,0.0,1,0.5,0.5
2020-11-03,0.02170014347202298,0.02170014347202298,0.0,0.0,1,0.5,0.5
2020-11-04,0.033459378938925144,0.033459378938925144,0.0,0.0,1,0.5,0.5
2020-11-05,-0.01745247556653423,-0.01745247556653423,0.0,0.0,1,0.5,0.5
2020-11-06,0.002503894947696428,0.002503894947696428,0.0,0.0,1,0.5,0.5
2020-11-09,-0.06405713652973094,-0.06405713652973094,0.0,0.0,1,0.5,0.5
2020-11-10,0.03981457962915935,0.03981457962915935,0.0,0.0,1,0.5,0.5
2020-11-11,0.034466533349017725,0.034466533349017725,0.0,0.0,1,0.5,0.5
2020-11-12,0.03152855727963022,0.03152855727963022,0.0,0.0,1,0.5,0.5
2020-11-13,-0.030797101449275333,-0.030797101449275333,0.0,0.0,1,0.5,0.5
2020-11-16,0.012355212355212308,0.012355212355212308,0.0,0.0,1,0.5,0.5
2020-11-17,-0.016040477984713142,-0.016040477984713142,0.0,0.0,1,0.5,0.5
2020-11-18,-0.019519519519519468,-0.019519519519519468,0.0,0.0,1,0.5,0.5
2020-11-19,0.0008680555555554692,0.0008680555555554692,0.0,0.0,1,0.5,0.5
2020-11-20,0.04292316580011557,0.04292316580011557,0.0,0.0,1,0.5,0.5
2020-11-23,0.007182379229623281,0.007182379229623281,0.0,0.0,1,0.5,0.5
2020-11-24,0.03813070387076467,0.03813070387076467,0.0,0.0,1,0.5,0.5
2020-11-25,0.11252436647173492,0.11252436647173492,0.0,0.0,1,0.5,0.5
2020-11-27,0.05493674914472113,0.05493674914472113,0.0,0.0,1,0.5,0.5
2020-11-30,-0.05745519713261649,-0.05745519713261649,0.0,0.0,1,0.5,0.5
2020-12-01,0.008139629059690678,0.008139629059690678,0.0,0.0,1,0.5,0.5
2020-12-02,0.014663691424928293,0.014663691424928293,0.0,0.0,1,0.5,0.5
2020-12-03,-0.0254685777287762,-0.0259685777287762,1.0,0.0005,1,0.5,0.5
2020-12-04,0.0240473977695167,0.0240473977695167,0.0,0.0,1,0.5,0.5
2020-12-07,-0.012183235867446407,-0.012683235867446407,1.0,0.0005,1,0.5,0.5
2020-12-08,-0.0203962703962704,-0.0203962703962704,0.0,0.0,1,0.5,0.5
2020-12-09,0.013746875710065942,0.013246875710065942,1.0,0.0005,1,0.5,0.5
2020-12-10,-0.03582485625829279,-0.03582485625829279,0.0,0.0,1,0.5,0.5
2020-12-11,-0.01191043353978083,-0.01191043353978083,0.0,0.0,1,0.5,0.5
2020-12-14,0.030746705710102518,0.030746705710102518,0.0,0.0,1,0.5,0.5
2020-12-15,-0.021153541435588674,-0.021653541435588675,1.0,0.0005,1,0.5,0.5
2020-12-16,0.04496194573130374,0.04496194573130374,0.0,0.0,1,0.5,0.5
2020-12-17,-0.026185958254269448,-0.026185958254269448,0.0,0.0,1,0.5,0.5
2020-12-18,-0.0031637965558670156,-0.0031637965558670156,0.0,0.0,1,0.5,0.5
2020-12-21,-0.03502337578591003,-0.03502337578591003,0.0,0.0,1,0.5,0.5
2020-12-22,-0.005989911727616648,-0.0064899117276166485,1.0,0.0005,1,0.5,0.5
2020-12-23,-0.013188683258881062,-0.013188683258881062,0.0,0.0,1,0.5,0.5
2020-12-24,-0.018680358313305667,-0.018680358313305667,0.0,0.0,1,0.5,0.5
2020-12-28,0.02360417612346799,0.02360417612346799,0.0,0.0,1,0.5,0.5
2020-12-29,-0.005446079654111591,-0.005946079654111591,1.0,0.0005,1,0.5,0.5
2020-12-30,-0.031313046402151934,-0.031313046402151934,0.0,0.0,1,0.5,0.5
2020-12-31,0.006591337099811634,0.006591337099811634,0.0,0.0,1,0.5,0.5
2021-01-04,0.014427332271198412,0.014427332271198412,0.0,0.0,1,0.5,0.5
2021-01-05,0.03226083964211979,0.03226083964211979,0.0,0.0,1,0.5,0.5
2021-01-06,0.017940843704541853,0.017940843704541853,0.0,0.0,1,0.5,0.5
2021-01-07,-0.02467233577781247,-0.02467233577781247,0.0,0.0,1,0.5,0.5
2021-01-08,-0.02205490131713922,-0.02205490131713922,0.0,0.0,1,0.5,0.5
2021-01-11,0.03288118131868134,0.03288118131868134,0.0,0.0,1,0.5,0.5
2021-01-12,0.008337361043982527,0.008337361043982527,0.0,0.0,1,0.5,0.5
2021-01-13,0.014935425085175535,0.014935425085175535,0.0,0.0,1,0.5,0.5
2021-01-14,-0.00980920141560232,-0.00980920141560232,0.0,0.0,1,0.5,0.5
2021-01-15,0.0022365220120850182,0.0022365220120850182,0.0,0.0,1,0.5,0.5
2021-01-19,-0.011523437500000011,-0.011523437500000011,0.0,0.0,1,0.5,0.5
2021-01-20,-0.010595761695321837,-0.010595761695321837,0.0,0.0,1,0.5,0.5
2021-01-21,0.01870915032679743,0.01870915032679743,0.0,0.0,1,0.5,0.5
2021-01-22,0.01764057331863289,0.01764057331863289,0.0,0.0,1,0.5,0.5
2021-01-25,-0.016354784725391813,-0.016354784725391813,0.0,0.0,1,0.5,0.5
2021-01-26,0.01580685750235933,0.01580685750235933,0.0,0.0,1,0.5,0.5
2021-01-27,0.010786705290440568,0.010786705290440568,0.0,0.0,1,0.5,0.5
2021-01-28,0.32434146705469746,0.32434146705469746,0.0,0.0,1,0.5,0.5
2021-01-29,0.10717841948040197,0.10717841948040197,0.0,0.0,1,0.5,0.5
2021-02-01,-0.007249347745061474,-0.007249347745061474,0.0,0.0,1,0.5,0.5
2021-02-02,0.03744185166975522,0.03744185166975522,0.0,0.0,1,0.5,0.5
2021-02-03,-0.00578797368143269,-0.00578797368143269,0.0,0.0,1,0.5,0.5
2021-02-04,0.01648156058664385,0.01648156058664385,0.0,0.0,1,0.5,0.5
2021-02-05,0.05126128609828384,0.05126128609828384,0.0,0.0,1,0.5,0.5
2021-02-08,-0.006345137998937267,-0.006345137998937267,0.0,0.0,1,0.5,0.5
2021-02-09,-0.027717098806470997,-0.027717098806470997,0.0,0.0,1,0.5,0.5
2021-02-10,-0.00808031341821741,-0.008580313418217411,1.0,0.0005,1,0.5,0.5
2021-02-11,-0.006250976715111767,-0.006750976715111767,1.0,0.0005,1,0.5,0.5
2021-02-12,-0.03315398006013609,-0.03315398006013609,0.0,0.0,1,0.5,0.5
2021-02-16,-0.016123586020597658,-0.016623586020597658,1.0,0.0005,1,0.5,0.5
2021-02-17,-0.025209351011863224,-0.025209351011863224,0.0,0.0,1,0.5,0.5
2021-02-18,0.005603527466470637,0.005603527466470637,0.0,0.0,1,0.5,0.5
2021-02-19,-0.05900028789405498,-0.05950028789405498,1.0,0.0005,1,0.5,0.5
2021-02-22,-0.015489344909234426,-0.015989344909234426,1.0,0.0005,1,0.5,0.5
2021-02-23,0.519702899839886,0.5192028998398861,1.0,0.0005,1,0.5,0.5
2021-02-24,0.09281633009115886,0.09281633009115886,0.0,0.0,1,0.5,0.5
2021-02-25,-0.0321524482213148,-0.0321524482213148,0.0,0.0,1,0.5,0.5
2021-02-26,0.09170434440731279,0.09170434440731279,0.0,0.0,1,0.5,0.5
2021-03-01,-0.009219269102990035,-0.009219269102990035,0.0,0.0,1,0.5,0.5
2021-03-02,0.025385005923168058,0.025385005923168058,0.0,0.0,1,0.5,0.5
2021-03-03,0.03288774359800295,0.03288774359800295,0.0,0.0,1,0.5,0.5
2021-03-04,0.020370538277873496,0.020370538277873496,0.0,0.0,1,0.5,0.5
2021-03-05,0.20604036590678088,0.20604036590678088,0.0,0.0,1,0.5,0.5
2021-03-08,0.03810096915183381,0.03760096915183381,1.0,0.0005,1,0.5,0.5
2021-03-09,0.007651559741024161,0.007651559741024161,0.0,0.0,1,0.5,0.5
2021-03-10,0.043855072463768074,0.043855072463768074,0.0,0.0,1,0.5,0.5
2021-03-11,0.040345360550018694,0.040345360550018694,0.0,0.0,1,0.5,0.5
2021-03-12,0.0362233071953445,0.0362233071953445,0.0,0.0,1,0.5,0.5
2021-03-15,0.010967534259174072,0.010967534259174072,0.0,0.0,1,0.5,0.5
2021-03-16,0.007267245646402465,0.007267245646402465,0.0,0.0,1,0.5,0.5
2021-03-17,-0.018185043910228016,-0.018185043910228016,0.0,0.0,1,0.5,0.5
2021-03-18,0.02529227653502719,0.02529227653502719,0.0,0.0,1,0.5,0.5
2021-03-19,-0.0047289504036909236,-0.005228950403690924,1.0,0.0005,1,0.5,0.5
2021-03-22,-0.03659359190556488,-0.03709359190556488,1.0,0.0005,1,0.5,0.5
2021-03-23,-0.04090749113355174,-0.041407491133551744,1.0,0.0005,1,0.5,0.5
2021-03-24,0.02806526119219621,0.02806526119219621,0.0,0.0,1,0.5,0.5
2021-03-25,-0.007488353868257247,-0.007988353868257247,1.0,0.0005,1,0.5,0.5
2021-03-26,0.0008287292817680258,0.0008287292817680258,0.0,0.0,1,0.5,0.5
2021-03-29,0.03629343629343629,0.03629343629343629,0.0,0.0,1,0.5,0.5
2021-03-30,-0.011930474133497904,-0.011930474133497904,0.0,0.0,1,0.5,0.5
2021-03-31,0.004288273100832352,0.004288273100832352,0.0,0.0,1,0.5,0.5
2021-04-01,-0.011752538548326419,-0.011752538548326419,0.0,0.0,1,0.5,0.5
2021-04-05,-0.006547275178124423,-0.006547275178124423,0.0,0.0,1,0.5,0.5
2021-04-06,-0.017701897018970236,-0.017701897018970236,0.0,0.0,1,0.5,0.5
2021-04-07,-0.02165557853097183,-0.02165557853097183,0.0,0.0,1,0.5,0.5
2021-04-08,-0.03494655233172789,-0.03494655233172789,0.0,0.0,1,0.5,0.5
2021-04-09,-0.05452134377368023,-0.05452134377368023,0.0,0.0,1,0.5,0.5
2021-04-12,-0.00035437870325755183,-0.00035437870325755183,0.0,0.0,1,0.5,0.5
2021-04-13,0.09057251475261019,0.09057251475261019,0.0,0.0,1,0.5,0.5
2021-04-14,-0.030300482790094452,-0.030300482790094452,0.0,0.0,1,0.5,0.5
2021-04-15,-0.005599590897468698,-0.005599590897468698,0.0,0.0,1,0.5,0.5
2021-04-16,0.0313017170045512,0.0313017170045512,0.0,0.0,1,0.5,0.5
2021-04-19,-0.017764582775655235,-0.017764582775655235,0.0,0.0,1,0.5,0.5
2021-04-20,-7.569449701005926e-05,-7.569449701005926e-05,0.0,0.0,1,0.5,0.5
2021-04-21,-0.023153405506346703,-0.023153405506346703,0.0,0.0,1,0.5,0.5
2021-04-22,3.9690939881431575e-05,3.9690939881431575e-05,0.0,0.0,1,0.5,0.5
2021-04-23,0.05871146977113373,0.05871146977113373,0.0,0.0,1,0.5,0.5
2021-04-26,0.02616437383089054,0.02616437383089054,0.0,0.0,1,0.5,0.5
2021-04-27,0.0022725738586504285,0.0022725738586504285,0.0,0.0,1,0.5,0.5
2021-04-28,-0.006697278530630624,-0.006697278530630624,0.0,0.0,1,0.5,0.5
2021-04-29,-0.0073671305650781505,-0.0073671305650781505,0.0,0.0,1,0.5,0.5
2021-04-30,-0.0328125720079267,-0.0328125720079267,0.0,0.0,1,0.5,0.5
2021-05-03,-0.004537607891491935,-0.004537607891491935,0.0,0.0,1,0.5,0.5
2021-05-04,-0.0038823353740481403,-0.0038823353740481403,0.0,0.0,1,0.5,0.5
2021-05-05,0.004790569350388796,0.004790569350388796,0.0,0.0,1,0.5,0.5
2021-05-06,0.0003229653184934067,0.0003229653184934067,0.0,0.0,1,0.5,0.5
2021-05-07,-0.05552659019812306,-0.05552659019812306,0.0,0.0,1,0.5,0.5
2021-05-10,0.012917190336545148,0.012917190336545148,0.0,0.0,1,0.5,0.5
2021-05-11,-0.007255649332970238,-0.007255649332970238,0.0,0.0,1,0.5,0.5
2021-05-12,0.068071939663508,0.068071939663508,0.0,0.0,1,0.5,0.5
2021-05-13,-0.013920972644376917,-0.013920972644376917,0.0,0.0,1,0.5,0.5
2021-05-14,0.06465732866433216,0.06465732866433216,0.0,0.0,1,0.5,0.5
2021-05-17,0.00018826135105209918,0.00018826135105209918,0.0,0.0,1,0.5,0.5
2021-05-18,-0.03275621582128546,-0.03275621582128546,0.0,0.0,1,0.5,0.5
2021-05-19,0.004916129643669387,0.004916129643669387,0.0,0.0,1,0.5,0.5
2021-05-20,0.01846420946437377,0.01846420946437377,0.0,0.0,1,0.5,0.5
2021-05-21,0.00910695296060815,0.00910695296060815,0.0,0.0,1,0.5,0.5
2021-05-24,0.08172970090218201,0.08172970090218201,0.0,0.0,1,0.5,0.5
2021-05-25,0.07909011039382718,0.07909011039382718,0.0,0.0,1,0.5,0.5
2021-05-26,0.023845646437994694,0.023845646437994694,0.0,0.0,1,0.5,0.5
2021-05-27,-0.06321223950135363,-0.06321223950135363,0.0,0.0,1,0.5,0.5
2021-05-28,0.060855855855855845,0.060855855855855845,0.0,0.0,1,0.5,0.5
2021-06-01,0.06670146976146496,0.06670146976146496,0.0,0.0,1,0.5,0.5
2021-06-02,-0.042623299319727914,-0.042623299319727914,0.0,0.0,1,0.5,0.5
2021-06-03,-0.019017739561546176,-0.019017739561546176,0.0,0.0,1,0.5,0.5
2021-06-04,0.06371396360122394,0.06371396360122394,0.0,0.0,1,0.5,0.5
2021-06-07,0.03569898002914207,0.03569898002914207,0.0,0.0,1,0.5,0.5
2021-06-08,0.004266666666666641,0.004266666666666641,0.0,0.0,1,0.5,0.5
2021-06-09,-0.1357945531464833,-0.1357945531464833,0.0,0.0,1,0.5,0.5
2021-06-10,0.029384539993103087,0.029384539993103087,0.0,0.0,1,0.5,0.5
2021-06-11,-0.00835690408845463,-0.00835690408845463,0.0,0.0,1,0.5,0.5
2021-06-14,-0.015123779637377932,-0.015123779637377932,0.0,0.0,1,0.5,0.5
2021-06-15,0.0010516853932583947,0.0010516853932583947,0.0,0.0,1,0.5,0.5
2021-06-16,0.0013993039359908588,0.0013993039359908588,0.0,0.0,1,0.5,0.5
2021-06-17,-0.02185230240795738,-0.02185230240795738,0.0,0.0,1,0.5,0.5
2021-06-18,-0.031447011505004174,-0.031447011505004174,0.0,0.0,1,0.5,0.5
2021-06-21,0.0499770427005769,0.0499770427005769,0.0,0.0,1,0.5,0.5
2021-06-22,-0.0024047186932849574,-0.0024047186932849574,0.0,0.0,1,0.5,0.5
2021-06-23,-0.01602078964165221,-0.01602078964165221,0.0,0.0,1,0.5,0.5
2021-06-24,-0.006603489204566881,-0.006603489204566881,0.0,0.0,1,0.5,0.5
2021-06-25,0.00892567348263551,0.00892567348263551,0.0,0.0,1,0.5,0.5
2021-06-28,-0.00555222088835533,-0.00555222088835533,0.0,0.0,1,0.5,0.5
2021-06-29,0.007729514415781513,0.007729514415781513,0.0,0.0,1,0.5,0.5
2021-06-30,-0.022835528159148133,-0.022835528159148133,0.0,0.0,1,0.5,0.5
2021-07-01,-0.0037385006850655933,-0.0037385006850655933,0.0,0.0,1,0.5,0.5
2021-07-02,-0.008065788435749788,-0.008065788435749788,0.0,0.0,1,0.5,0.5
2021-07-06,-0.022299057927440358,-0.022299057927440358,0.0,0.0,1,0.5,0.5
2021-07-07,0.0018881779083185224,0.0018881779083185224,0.0,0.0,1,0.5,0.5
2021-07-08,-0.00039711568606953795,-0.00039711568606953795,0.0,0.0,1,0.5,0.5
2021-07-09,-0.005177066120024332,-0.005177066120024332,0.0,0.0,1,0.5,0.5
2021-07-12,-0.02427502536354409,-0.02427502536354409,0.0,0.0,1,0.5,0.5
2021-07-13,-0.034544040875263804,-0.034544040875263804,0.0,0.0,1,0.5,0.5
2021-07-14,-0.0023863500775563873,-0.0023863500775563873,0.0,0.0,1,0.5,0.5
2021-07-15,0.00665387843184273,0.00665387843184273,0.0,0.0,1,0.5,0.5
2021-07-16,0.013168480832938978,0.013168480832938978,0.0,0.0,1,0.5,0.5
2021-07-19,0.05097641389804719,0.05097641389804719,0.0,0.0,1,0.5,0.5
2021-07-20,-0.014039125431530464,-0.014039125431530464,0.0,0.0,1,0.5,0.5
2021-07-21,-0.018739370977116643,-0.018739370977116643,0.0,0.0,1,0.5,0.5
2021-07-22,0.004227053140096637,0.004227053140096637,0.0,0.0,1,0.5,0.5
2021-07-23,0.009924595253936519,0.009924595253936519,0.0,0.0,1,0.5,0.5
2021-07-26,-0.014678699575948695,-0.014678699575948695,0.0,0.0,1,0.5,0.5
2021-07-27,-0.02638064299316678,-0.02638064299316678,0.0,0.0,1,0.5,0.5
2021-07-28,-0.012594607379375566,-0.012594607379375566,0.0,0.0,1,0.5,0.5
2021-07-29,-0.01134295766104576,-0.01134295766104576,0.0,0.0,1,0.5,0.5
2021-07-30,-0.010762164846077504,-0.010762164846077504,0.0,0.0,1,0.5,0.5
2021-08-02,-0.015540557684012801,-0.015540557684012801,0.0,0.0,1,0.5,0.5
2021-08-03,-0.019482559966481627,-0.019482559966481627,0.0,0.0,1,0.5,0.5
2021-08-04,0.022615803814713842,0.022615803814713842,0.0,0.0,1,0.5,0.5
2021-08-05,-0.005435349322210681,-0.005435349322210681,0.0,0.0,1,0.5,0.5
2021-08-06,0.030822549613894523,0.030822549613894523,0.0,0.0,1,0.5,0.5
2021-08-09,-0.006442083312645841,-0.006442083312645841,0.0,0.0,1,0.5,0.5
2021-08-10,-0.0008550662676357068,-0.0008550662676357068,0.0,0.0,1,0.5,0.5
2021-08-11,0.011235671998992336,0.011235671998992336,0.0,0.0,1,0.5,0.5
2021-08-12,0.0005297262670312941,0.0005297262670312941,0.0,0.0,1,0.5,0.5
2021-08-13,0.004344080728525657,0.004344080728525657,0.0,0.0,1,0.5,0.5
2021-08-16,-0.0011590171534538452,-0.0011590171534538452,0.0,0.0,1,0.5,0.5
2021-08-17,-0.019871355899041265,-0.019871355899041265,0.0,0.0,1,0.5,0.5
2021-08-18,-0.013218551817232471,-0.013218551817232471,0.0,0.0,1,0.5,0.5
2021-08-19,0.02092871157619358,0.02092871157619358,0.0,0.0,1,0.5,0.5
2021-08-20,0.017539234149403615,0.017539234149403615,0.0,0.0,1,0.5,0.5
2021-08-23,0.1376692057639125,0.1376692057639125,0.0,0.0,1,0.5,0.5
2021-08-24,-0.025289127292094704,-0.025289127292094704,0.0,0.0,1,0.5,0.5
2021-08-25,0.013944263017650727,0.013944263017650727,0.0,0.0,1,0.5,0.5
2021-08-26,-0.0006627034402104659,-0.0006627034402104659,0.0,0.0,1,0.5,0.5
2021-08-27,0.010373362999394953,0.010373362999394953,0.0,0.0,1,0.5,0.5
2021-08-30,0.021606118546845132,0.021606118546845132,0.0,0.0,1,0.5,0.5
2021-08-31,-0.012078445747800648,-0.012078445747800648,0.0,0.0,1,0.5,0.5
2021-09-01,0.0012959693475076417,0.0012959693475076417,0.0,0.0,1,0.5,0.5
2021-09-02,-0.025215436493068566,-0.025215436493068566,0.0,0.0,1,0.5,0.5
2021-09-03,-0.009252683080808122,-0.009252683080808122,0.0,0.0,1,0.5,0.5
2021-09-07,-0.0005025125628140281,-0.0005025125628140281,0.0,0.0,1,0.5,0.5
2021-09-08,0.0009557344064385909,0.0009557344064385909,0.0,0.0,1,0.5,0.5
2021-09-09,-0.022020283160959997,-0.022020283160959997,0.0,0.0,1,0.5,0.5
2021-09-10,0.03411621360447048,0.03411621360447048,0.0,0.0,1,0.5,0.5
2021-09-13,-0.010226155358898703,-0.010226155358898703,0.0,0.0,1,0.5,0.5
2021-09-14,0.01325035133507324,0.01325035133507324,0.0,0.0,1,0.5,0.5
2021-09-15,0.004527674555055761,0.004527674555055761,0.0,0.0,1,0.5,0.5
2021-09-16,-0.0034016242513519868,-0.0034016242513519868,0.0,0.0,1,0.5,0.5
2021-09-17,-0.03114632528004374,-0.03114632528004374,0.0,0.0,1,0.5,0.5
2021-09-20,-0.005858480749219519,-0.005858480749219519,0.0,0.0,1,0.5,0.5
2021-09-21,0.00050540147829925,0.00050540147829925,0.0,0.0,1,0.5,0.5
2021-09-22,0.002892605448616914,0.002892605448616914,0.0,0.0,1,0.5,0.5
2021-09-23,-0.015896256013386345,-0.015896256013386345,0.0,0.0,1,0.5,0.5
2021-09-24,0.01166558651976668,0.01166558651976668,0.0,0.0,1,0.5,0.5
2021-09-27,-0.028710154105974217,-0.028710154105974217,0.0,0.0,1,0.5,0.5
2021-09-28,-0.007502799552071671,-0.007502799552071671,0.0,0.0,1,0.5,0.5
2021-09-29,-0.0012846748522055695,-0.0012846748522055695,0.0,0.0,1,0.5,0.5
2021-09-30,0.004103312284861049,0.004103312284861049,0.0,0.0,1,0.5,0.5
2021-10-01,-0.01568046668324774,-0.01568046668324774,0.0,0.0,1,0.5,0.5
2021-10-04,0.0023926237161531194,0.0023926237161531194,0.0,0.0,1,0.5,0.5
2021-10-05,-0.0032291787664072147,-0.0032291787664072147,0.0,0.0,1,0.5,0.5
2021-10-06,0.003074800664063404,0.003074800664063404,0.0,0.0,1,0.5,0.5
2021-10-07,0.0016267720195212165,0.0016267720195212165,0.0,0.0,1,0.5,0.5
2021-10-08,0.015693768820940424,0.015693768820940424,0.0,0.0,1,0.5,0.5
2021-10-11,-0.006400898371701269,-0.006400898371701269,0.0,0.0,1,0.5,0.5
2021-10-12,0.023433056535092756,0.023433056535092756,0.0,0.0,1,0.5,0.5
2021-10-13,-0.0006193632511137803,-0.0006193632511137803,0.0,0.0,1,0.5,0.5
2021-10-14,0.008358820498329478,0.007858820498329477,1.0,0.0005,1,0.5,0.5
2021-10-15,0.028105547540125952,0.028105547540125952,0.0,0.0,1,0.5,0.5
2021-10-18,-0.02591130717436735,-0.02591130717436735,0.0,0.0,1,0.5,0.5
2021-10-19,-0.006071053815020211,-0.006571053815020211,1.0,0.0005,1,0.5,0.5
2021-10-20,-0.02005840950193072,-0.02055840950193072,1.0,0.0005,1,0.5,0.5
2021-10-21,-0.033639708222473974,-0.033639708222473974,0.0,0.0,1,0.5,0.5
2021-10-22,0.0031437098505942007,0.0031437098505942007,0.0,0.0,1,0.5,0.5
2021-10-25,-0.010590634126933895,-0.010590634126933895,0.0,0.0,1,0.5,0.5
2021-10-26,-0.01789137232622484,-0.01789137232622484,0.0,0.0,1,0.5,0.5
2021-10-27,0.006761547084127795,0.006761547084127795,0.0,0.0,1,0.5,0.5
2021-10-28,0.0019874561034517457,0.0019874561034517457,0.0,0.0,1,0.5,0.5
2021-10-29,0.024030449396943765,0.024030449396943765,0.0,0.0,1,0.5,0.5
2021-11-01,0.023200240761452995,0.023200240761452995,0.0,0.0,1,0.5,0.5
2021-11-02,0.025779435689848307,0.025779435689848307,0.0,0.0,1,0.5,0.5
2021-11-03,-0.009070572482936523,-0.009070572482936523,0.0,0.0,1,0.5,0.5
2021-11-04,0.020598776005720798,0.020598776005720798,0.0,0.0,1,0.5,0.5
2021-11-05,0.040288220801571795,0.040288220801571795,0.0,0.0,1,0.5,0.5
2021-11-08,-0.056924674441636014,-0.056924674441636014,0.0,0.0,1,0.5,0.5
2021-11-09,-0.017938044530493746,-0.018438044530493747,1.0,0.0005,1,0.5,0.5
2021-11-10,0.012882302146715707,0.012882302146715707,0.0,0.0,1,0.5,0.5
2021-11-11,-0.005432654659357883,-0.005432654659357883,0.0,0.0,1,0.5,0.5
2021-11-12,0.01741712023750619,0.01741712023750619,0.0,0.0,1,0.5,0.5
2021-11-15,-0.004685856364157914,-0.004685856364157914,0.0,0.0,1,0.5,0.5
2021-11-16,0.006805676223573642,0.006805676223573642,0.0,0.0,1,0.5,0.5
2021-11-17,0.00028571428571433355,0.00028571428571433355,0.0,0.0,1,0.5,0.5
2021-11-18,0.04445079002474783,0.04445079002474783,0.0,0.0,1,0.5,0.5
2021-11-19,0.04097902097902095,0.04097902097902095,0.0,0.0,1,0.5,0.5
2021-11-22,-0.06796955791106513,-0.06796955791106513,0.0,0.0,1,0.5,0.5
2021-11-23,-0.004955586722767635,-0.004955586722767635,0.0,0.0,1,0.5,0.5
2021-11-24,-0.02847294362073849,-0.02847294362073849,0.0,0.0,1,0.5,0.5
2021-11-26,0.00572801922691768,0.00572801922691768,0.0,0.0,1,0.5,0.5
2021-11-29,-0.014345966496376428,-0.014345966496376428,0.0,0.0,1,0.5,0.5
2021-11-30,-0.0417201802132387,-0.0417201802132387,0.0,0.0,1,0.5,0.5
2021-12-01,0.004782028469750843,0.004782028469750843,0.0,0.0,1,0.5,0.5
2021-12-02,-0.025258867591980594,-0.025258867591980594,0.0,0.0,1,0.5,0.5
2021-12-03,-0.015279485811077353,-0.015279485811077353,0.0,0.0,1,0.5,0.5
2021-12-06,0.03198898994734323,0.03198898994734323,0.0,0.0,1,0.5,0.5
2021-12-07,-0.011697748183474743,-0.011697748183474743,0.0,0.0,1,0.5,0.5
2021-12-08,-0.051516826756962175,-0.051516826756962175,0.0,0.0,1,0.5,0.5
2021-12-09,0.010426296866974938,0.010426296866974938,0.0,0.0,1,0.5,0.5
2021-12-10,-0.06958140470919705,-0.06958140470919705,0.0,0.0,1,0.5,0.5
2021-12-13,0.03947983635300989,0.03947983635300989,0.0,0.0,1,0.5,0.5
2021-12-14,0.003060505931423041,0.003060505931423041,0.0,0.0,1,0.5,0.5
2021-12-15,-0.013459674814256473,-0.013459674814256473,0.0,0.0,1,0.5,0.5
2021-12-16,0.09550045288312903,0.09500045288312903,1.0,0.0005,1,0.5,0.5
2021-12-17,0.009958086263387567,0.009958086263387567,0.0,0.0,1,0.5,0.5
2021-12-20,0.010100019061928811,0.010100019061928811,0.0,0.0,1,0.5,0.5
2021-12-21,-0.026732575328764774,-0.026732575328764774,0.0,0.0,1,0.5,0.5
2021-12-22,-0.002789712029725999,-0.002789712029725999,0.0,0.0,1,0.5,0.5
2021-12-23,0.0031556699887318462,0.0031556699887318462,0.0,0.0,1,0.5,0.5
2021-12-27,-0.017071826409839952,-0.017071826409839952,0.0,0.0,1,0.5,0.5
2021-12-28,0.00414776993542576,0.00414776993542576,0.0,0.0,1,0.5,0.5
2021-12-29,0.017711609951386875,0.017711609951386875,0.0,0.0,1,0.5,0.5
2021-12-30,-0.03006294519050412,-0.03006294519050412,0.0,0.0,1,0.5,0.5
2021-12-31,-0.012500612174935144,-0.012500612174935144,0.0,0.0,1,0.5,0.5
2022-01-03,-0.019420096943516596,-0.019420096943516596,0.0,0.0,1,0.5,0.5
2022-01-04,-0.0537457049163193,-0.0537457049163193,0.0,0.0,1,0.5,0.5
2022-01-05,-0.006375021042692941,-0.006375021042692941,0.0,0.0,1,0.5,0.5
2022-01-06,0.011798939837639577,0.011798939837639577,0.0,0.0,1,0.5,0.5
2022-01-07,-0.004566590375756963,-0.004566590375756963,0.0,0.0,1,0.5,0.5
2022-01-10,0.00021928702478679618,0.00021928702478679618,0.0,0.0,1,0.5,0.5
2022-01-11,-0.0015343362534430693,-0.0015343362534430693,0.0,0.0,1,0.5,0.5
2022-01-12,-0.045336284418125705,-0.045336284418125705,0.0,0.0,1,0.5,0.5
2022-01-13,-0.002176103163409271,-0.002176103163409271,0.0,0.0,1,0.5,0.5
2022-01-14,-0.042052859513498186,-0.042052859513498186,0.0,0.0,1,0.5,0.5
2022-01-18,-0.013800874983428302,-0.013800874983428302,0.0,0.0,1,0.5,0.5
2022-01-19,-0.006821363000127256,-0.006821363000127256,0.0,0.0,1,0.5,0.5
2022-01-20,-0.002769049308428806,-0.002769049308428806,0.0,0.0,1,0.5,0.5
2022-01-21,-0.03700426241660487,-0.03700426241660487,0.0,0.0,1,0.5,0.5
2022-01-24,-0.018632483764121965,-0.018632483764121965,0.0,0.0,1,0.5,0.5
2022-01-25,0.005985032764098452,0.005485032764098452,1.0,0.0005,1,0.5,0.5
2022-01-26,-0.020548071203880303,-0.020548071203880303,0.0,0.0,1,0.5,0.5
2022-01-27,0.002797690226948646,0.002797690226948646,0.0,0.0,1,0.5,0.5
2022-01-28,0.032523814974499854,0.032523814974499854,0.0,0.0,1,0.5,0.5
2022-01-31,0.007973943624128954,0.007973943624128954,0.0,0.0,1,0.5,0.5
2022-02-01,0.0028503590864745743,0.0028503590864745743,0.0,0.0,1,0.5,0.5
2022-02-02,-0.015833547602907783,-0.015833547602907783,0.0,0.0,1,0.5,0.5
2022-02-03,0.017525119942065737,0.017525119942065737,0.0,0.0,1,0.5,0.5
2022-02-04,0.009628610729023435,0.009128610729023434,1.0,0.0005,1,0.5,0.5
2022-02-07,0.0010692057489505302,0.0005692057489505302,1.0,0.0005,1,0.5,0.5
2022-02-08,0.02005730659025784,0.01955730659025784,1.0,0.0005,1,0.5,0.5
2022-02-09,-0.013085399449035806,-0.013085399449035806,0.0,0.0,1,0.5,0.5
2022-02-10,0.024752475247524774,0.024752475247524774,0.0,0.0,1,0.5,0.5
2022-02-11,0.01987870619946086,0.01987870619946086,0.0,0.0,1,0.5,0.5
2022-02-14,0.015878159429682404,0.015878159429682404,0.0,0.0,1,0.5,0.5
2022-02-15,0.01633165829145733,0.01633165829145733,0.0,0.0,1,0.5,0.5
2022-02-16,-0.007299270072992747,-0.007299270072992747,0.0,0.0,1,0.5,0.5
2022-02-17,-0.030864197530864224,-0.030864197530864224,0.0,0.0,1,0.5,0.5
2022-02-18,-0.011184210526315796,-0.011184210526315796,0.0,0.0,1,0.5,0.5
2022-02-22,0.06527590847913867,0.06527590847913867,0.0,0.0,1,0.5,0.5
2022-02-23,0.014880952380952328,0.014880952380952328,0.0,0.0,1,0.5,0.5
2022-02-24,-0.005780346820809246,-0.005780346820809246,0.0,0.0,1,0.5,0.5
2022-02-25,-0.0040935672514619825,-0.0040935672514619825,0.0,0.0,1,0.5,0.5
2022-02-28,-0.011202830188679347,-0.011202830188679347,0.0,0.0,1,0.5,0.5
2022-03-01,-0.008443908323281013,-0.008443908323281013,0.0,0.0,1,0.5,0.5
2022-03-02,-0.006134969325153339,-0.006134969325153339,0.0,0.0,1,0.5,0.5
2022-03-03,0.024223602484471973,0.024223602484471973,0.0,0.0,1,0.5,0.5
2022-03-04,0.0082938388625593,0.0082938388625593,0.0,0.0,1,0.5,0.5
2022-03-07,-0.0075757575757576245,-0.0075757575757576245,0.0,0.0,1,0.5,0.5
2022-03-08,-0.020118343195266286,-0.020118343195266286,0.0,0.0,1,0.5,0.5
2022-03-09,0.002466091245376112,0.002466091245376112,0.0,0.0,1,0.5,0.5
2022-03-10,-0.006748466257668784,-0.006748466257668784,0.0,0.0,1,0.5,0.5
2022-03-11,-0.04166666666666663,-0.04166666666666663,0.0,0.0,1,0.5,0.5
2022-03-14,-0.011533242876526462,-0.011533242876526462,0.0,0.0,1,0.5,0.5
2022-03-15,-0.0013888888888889395,-0.0013888888888889395,0.0,0.0,1,0.5,0.5
2022-03-16,0.024373259052924867,0.024373259052924867,0.0,0.0,1,0.5,0.5
2022-03-17,-0.00863213811420982,-0.00863213811420982,0.0,0.0,1,0.5,0.5
2022-03-18,0.029729729729729648,0.029729729729729648,0.0,0.0,1,0.5,0.5
2022-03-21,-0.0025510204081632404,-0.0025510204081632404,0.0,0.0,1,0.5,0.5
2022-03-22,0.004487179487179471,0.004487179487179471,0.0,0.0,1,0.5,0.5
2022-03-23,0.006353240152477735,0.006353240152477735,0.0,0.0,1,0.5,0.5
2022-03-24,0.053952321204516984,0.053952321204516984,0.0,0.0,1,0.5,0.5
2022-03-25,-0.00906002265005662,-0.00906002265005662,0.0,0.0,1,0.5,0.5
2022-03-28,0.016147635524798143,0.016147635524798143,0.0,0.0,1,0.5,0.5
2022-03-29,-0.004469273743016755,-0.004469273743016755,0.0,0.0,1,0.5,0.5
2022-03-30,-0.0005636978579481311,-0.0005636978579481311,0.0,0.0,1,0.5,0.5
2022-03-31,0.0005643340857787171,0.0005643340857787171,0.0,0.0,1,0.5,0.5
2022-04-01,-0.012965050732807126,-0.012965050732807126,0.0,0.0,1,0.5,0.5
2022-04-04,0.02372685185185186,0.02372685185185186,0.0,0.0,1,0.5,0.5
2022-04-05,-0.03535911602209946,-0.03535911602209946,0.0,0.0,1,0.5,0.5
2022-04-06,0.011296076099881036,0.011296076099881036,0.0,0.0,1,0.5,0.5
2022-04-07,0.0046511627906976605,0.0046511627906976605,0.0,0.0,1,0.5,0.5
2022-04-08,-0.02649769585253453,-0.02649769585253453,0.0,0.0,1,0.5,0.5
2022-04-11,0.007299270072992692,0.007299270072992692,0.0,0.0,1,0.5,0.5
2022-04-12,0.055755395683453224,0.055755395683453224,0.0,0.0,1,0.5,0.5
2022-04-13,-0.008629989212513511,-0.008629989212513511,0.0,0.0,1,0.5,0.5
2022-04-14,0.03293084522502754,0.03293084522502754,0.0,0.0,1,0.5,0.5
2022-04-18,-0.027291452111225578,-0.027291452111225578,0.0,0.0,1,0.5,0.5
2022-04-19,0.004901960784313708,0.004901960784313708,0.0,0.0,1,0.5,0.5
2022-04-20,-0.03236245954692557,-0.03236245954692557,0.0,0.0,1,0.5,0.5
2022-04-21,-0.02710495963091125,-0.02710495963091125,0.0,0.0,1,0.5,0.5
2022-04-22,-0.012195121951219468,-0.012195121951219468,0.0,0.0,1,0.5,0.5
2022-04-25,-0.005624999999999991,-0.005624999999999991,0.0,0.0,1,0.5,0.5
2022-04-26,0.012642225031605503,0.012642225031605503,0.0,0.0,1,0.5,0.5
2022-04-27,0.014180024660912505,0.014180024660912505,0.0,0.0,1,0.5,0.5
2022-04-28,-0.008992805755395683,-0.008992805755395683,0.0,0.0,1,0.5,0.5
2022-04-29,-0.010378510378510397,-0.010378510378510397,0.0,0.0,1,0.5,0.5
2022-05-02,0.04488778054862852,0.04488778054862852,0.0,0.0,1,0.5,0.5
2022-05-03,-0.014874141876430214,-0.014874141876430214,0.0,0.0,1,0.5,0.5
2022-05-04,-0.030070754716981174,-0.030070754716981174,0.0,0.0,1,0.5,0.5
2022-05-05,-0.032622333751568366,-0.032622333751568366,0.0,0.0,1,0.5,0.5
2022-05-06,-0.04765100671140937,-0.04765100671140937,0.0,0.0,1,0.5,0.5
2022-05-09,0.014836795252225587,0.014836795252225587,0.0,0.0,1,0.5,0.5
2022-05-10,0.008645533141210304,0.008645533141210304,0.0,0.0,1,0.5,0.5
2022-05-11,-0.011331444759206721,-0.011331444759206721,0.0,0.0,1,0.5,0.5
2022-05-12,0.03913043478260869,0.03913043478260869,0.0,0.0,1,0.5,0.5
2022-05-13,0.04502688172043001,0.04502688172043001,0.0,0.0,1,0.5,0.5
2022-05-16,0.0030826140567201676,0.0030826140567201676,0.0,0.0,1,0.5,0.5
2022-05-17,-0.017156862745098034,-0.017156862745098034,0.0,0.0,1,0.5,0.5
2022-05-18,0.013324873096446699,0.013324873096446699,0.0,0.0,1,0.5,0.5
2022-05-19,0.005562422744128548,0.005562422744128548,0.0,0.0,1,0.5,0.5
2022-05-20,0.02689486552567233,0.02689486552567233,0.0,0.0,1,0.5,0.5
2022-05-23,-0.012180974477958184,-0.012180974477958184,0.0,0.0,1,0.5,0.5
2022-05-24,0.02378121284185497,0.02378121284185497,0.0,0.0,1,0.5,0.5
2022-05-25,0.010215664018161208,0.010215664018161208,0.0,0.0,1,0.5,0.5
2022-05-26,0.026696329254727535,0.026696329254727535,0.0,0.0,1,0.5,0.5
2022-05-27,0.0031678986272438703,0.0031678986272438703,0.0,0.0,1,0.5,0.5
2022-05-31,0.0666316894018888,0.0666316894018888,0.0,0.0,1,0.5,0.5
2022-06-01,0.003240740740740655,0.003240740740740655,0.0,0.0,1,0.5,0.5
2022-06-02,0.030358785648574083,0.030358785648574083,0.0,0.0,1,0.5,0.5
2022-06-03,-0.009973980919340819,-0.009973980919340819,0.0,0.0,1,0.5,0.5
2022-06-06,0.019026548672566368,0.019026548672566368,0.0,0.0,1,0.5,0.5
2022-06-07,-0.014282757193127715,-0.014782757193127716,1.0,0.0005,1,0.5,0.5
2022-06-08,-0.03164556962025317,-0.03214556962025317,1.0,0.0005,1,0.5,0.5
2022-06-09,-0.005855855855855796,-0.005855855855855796,0.0,0.0,1,0.5,0.5
2022-06-10,-0.021422060164083878,-0.021422060164083878,0.0,0.0,1,0.5,0.5
2022-06-13,-0.019523809523809554,-0.019523809523809554,0.0,0.0,1,0.5,0.5
2022-06-14,-0.0069375619425173785,-0.0069375619425173785,0.0,0.0,1,0.5,0.5
2022-06-15,-0.01356783919597987,-0.01356783919597987,0.0,0.0,1,0.5,0.5
2022-06-16,-0.03305785123966948,-0.03305785123966948,0.0,0.0,1,0.5,0.5
2022-06-17,0.017699115044247815,0.017699115044247815,0.0,0.0,1,0.5,0.5
2022-06-21,-0.018870642466148113,-0.019370642466148114,1.0,0.0005,1,0.5,0.5
2022-06-22,-0.06557377049180324,-0.06607377049180324,1.0,0.0005,1,0.5,0.5
2022-06-23,0.024886141834743136,0.024386141834743136,1.0,0.0005,1,0.5,0.5
2022-06-24,0.027579795475673907,0.027579795475673907,0.0,0.0,1,0.5,0.5
2022-06-27,0.012334801762114544,0.012334801762114544,0.0,0.0,1,0.5,0.5
2022-06-28,-0.02020636285468619,-0.02020636285468619,0.0,0.0,1,0.5,0.5
2022-06-29,-0.042264038231780154,-0.042264038231780154,0.0,0.0,1,0.5,0.5
2022-06-30,0.0025839793281653423,0.0020839793281653422,1.0,0.0005,1,0.5,0.5
2022-07-01,-0.04498714652956298,-0.04498714652956298,0.0,0.0,1,0.5,0.5
2022-07-05,-0.006842285323298003,-0.007342285323298003,1.0,0.0005,1,0.5,0.5
2022-07-06,0.05133541449878598,0.05133541449878598,0.0,0.0,1,0.5,0.5
2022-07-07,-0.012425290972003789,-0.012425290972003789,0.0,0.0,1,0.5,0.5
2022-07-08,0.005967741935483883,0.005967741935483883,0.0,0.0,1,0.5,0.5
2022-07-11,-0.016642547033285104,-0.017142547033285105,1.0,0.0005,1,0.5,0.5
2022-07-12,0.03799739073711683,0.03749739073711683,1.0,0.0005,1,0.5,0.5
2022-07-13,-0.017732646256441387,-0.017732646256441387,0.0,0.0,1,0.5,0.5
2022-07-14,0.013670647391577528,0.013670647391577528,0.0,0.0,1,0.5,0.5
2022-07-15,0.046715328467153316,0.046215328467153316,1.0,0.0005,1,0.5,0.5
2022-07-18,-0.010115606936416222,-0.010615606936416222,1.0,0.0005,1,0.5,0.5
2022-07-19,-0.034414945919370665,-0.034414945919370665,0.0,0.0,1,0.5,0.5
2022-07-20,-0.0021119324181625987,-0.0021119324181625987,0.0,0.0,1,0.5,0.5
2022-07-21,-0.015376458112407176,-0.015376458112407176,0.0,0.0,1,0.5,0.5
2022-07-22,-0.044857768052516456,-0.044857768052516456,0.0,0.0,1,0.5,0.5
2022-07-25,0.0078125,0.0078125,0.0,0.0,1,0.5,0.5
2022-07-26,-0.012426035502958566,-0.012426035502958566,0.0,0.0,1,0.5,0.5
2022-07-27,-0.03276699029126212,-0.03276699029126212,0.0,0.0,1,0.5,0.5
2022-07-28,0.04675324675324677,0.04675324675324677,0.0,0.0,1,0.5,0.5
2022-07-29,-0.0005938242280285055,-0.0005938242280285055,0.0,0.0,1,0.5,0.5
2022-08-01,0.010701545778834753,0.010701545778834753,0.0,0.0,1,0.5,0.5
2022-08-02,-0.002328288707799775,-0.002328288707799775,0.0,0.0,1,0.5,0.5
2022-08-03,0.023391812865497075,0.023391812865497075,0.0,0.0,1,0.5,0.5
2022-08-04,-0.01173184357541901,-0.01173184357541901,0.0,0.0,1,0.5,0.5
2022-08-05,-0.010869565217391297,-0.010869565217391297,0.0,0.0,1,0.5,0.5
2022-08-08,-0.0052631578947368585,-0.0052631578947368585,0.0,0.0,1,0.5,0.5
2022-08-09,0.005910165484633523,0.005910165484633523,0.0,0.0,1,0.5,0.5
2022-08-10,-0.0105140186915888,-0.0105140186915888,0.0,0.0,1,0.5,0.5
2022-08-11,-0.004773269689737458,-0.004773269689737458,0.0,0.0,1,0.5,0.5
2022-08-12,0.00060240963855418,0.00060240963855418,0.0,0.0,1,0.5,0.5
2022-08-15,-0.013838748495788145,-0.013838748495788145,0.0,0.0,1,0.5,0.5
2022-08-16,0.0,0.0,0.0,0.0,1,0.5,0.5
2022-08-17,0.020420792079207883,0.020420792079207883,0.0,0.0,1,0.5,0.5
2022-08-18,0.003567181926278251,0.003567181926278251,0.0,0.0,1,0.5,0.5
2022-08-19,-0.006493506493506496,-0.006493506493506496,0.0,0.0,1,0.5,0.5
2022-08-22,-0.011904761904761918,-0.012404761904761918,1.0,0.0005,1,0.5,0.5
2022-08-23,0.010182334833057194,0.010182334833057194,0.0,0.0,1,0.5,0.5
2022-08-24,-0.007890461824089201,-0.007890461824089201,0.0,0.0,1,0.5,0.5
2022-08-25,-0.0018863475595378154,-0.0018863475595378154,0.0,0.0,1,0.5,0.5
2022-08-26,-0.0024852071005917464,-0.0024852071005917464,0.0,0.0,1,0.5,0.5
2022-08-29,0.006832797427652748,0.006332797427652748,1.0,0.0005,1,0.5,0.5
2022-08-30,-0.026962727993655844,-0.026962727993655844,0.0,0.0,1,0.5,0.5
2022-08-31,-0.025565800502933778,-0.025565800502933778,0.0,0.0,1,0.5,0.5
2022-09-01,-0.006625441696113121,-0.006625441696113121,0.0,0.0,1,0.5,0.5
2022-09-02,-0.010982658959537539,-0.01148265895953754,1.0,0.0005,1,0.5,0.5
2022-09-06,0.0057351407716371705,0.00523514077163717,1.0,0.0005,1,0.5,0.5
2022-09-07,-0.0024875621890546595,-0.0029875621890546595,1.0,0.0005,1,0.5,0.5
2022-09-08,0.015625,0.015625,0.0,0.0,1,0.5,0.5
2022-09-09,0.01333333333333342,0.01333333333333342,0.0,0.0,1,0.5,0.5
2022-09-12,-0.010035419126328216,-0.010035419126328216,0.0,0.0,1,0.5,0.5
2022-09-13,0.011279771888628054,0.010779771888628054,1.0,0.0005,1,0.5,0.5
2022-09-14,-0.017667844522968212,-0.018167844522968213,1.0,0.0005,1,0.5,0.5
2022-09-15,-0.009649266573793336,-0.010149266573793336,1.0,0.0005,1,0.5,0.5
2022-09-16,-0.009421349488197173,-0.009421349488197173,0.0,0.0,1,0.5,0.5
2022-09-19,-0.006524317912218247,-0.0070243179122182475,1.0,0.0005,1,0.5,0.5
2022-09-20,-0.01322115384615391,-0.01322115384615391,0.0,0.0,1,0.5,0.5
2022-09-21,-0.008370782592497739,-0.008870782592497739,1.0,0.0005,1,0.5,0.5
2022-09-22,-0.049295774647887314,-0.049795774647887314,1.0,0.0005,1,0.5,0.5
2022-09-23,-0.03693181818181823,-0.03693181818181823,0.0,0.0,1,0.5,0.5
2022-09-26,0.029907975460122693,0.029907975460122693,0.0,0.0,1,0.5,0.5
2022-09-27,0.006737939089030642,0.006237939089030642,1.0,0.0005,1,0.5,0.5
2022-09-28,-0.007534246575342407,-0.008034246575342407,1.0,0.0005,1,0.5,0.5
2022-09-29,-0.001390820584144692,-0.001390820584144692,0.0,0.0,1,0.5,0.5
2022-09-30,0.010381007424532074,0.009881007424532073,1.0,0.0005,1,0.5,0.5
2022-10-03,0.014481707317073211,0.014481707317073211,0.0,0.0,1,0.5,0.5
2022-10-04,-0.03722751322751322,-0.03722751322751322,0.0,0.0,1,0.5,0.5
2022-10-05,-0.018142695356738348,-0.018642695356738348,1.0,0.0005,1,0.5,0.5
2022-10-06,-0.017843218200999933,-0.018343218200999933,1.0,0.0005,1,0.5,0.5
2022-10-07,0.010165686262213258,0.009665686262213258,1.0,0.0005,1,0.5,0.5
2022-10-10,-0.002064409578860449,-0.002564409578860449,1.0,0.0005,1,0.5,0.5
2022-10-11,0.0,-0.0005,1.0,0.0005,1,0.5,0.5
2022-10-12,0.009416104450808094,0.009416104450808094,0.0,0.0,1,0.5,0.5
2022-10-13,-0.036503739697965776,-0.036503739697965776,0.0,0.0,1,0.5,0.5
2022-10-14,0.006459446333171415,0.005959446333171414,1.0,0.0005,1,0.5,0.5
2022-10-17,0.005250287686996535,0.005250287686996535,0.0,0.0,1,0.5,0.5
2022-10-18,0.004777553083923136,0.004277553083923136,1.0,0.0005,1,0.5,0.5
2022-10-19,-0.0010790661173238902,-0.0015790661173238902,1.0,0.0005,1,0.5,0.5
2022-10-20,0.016540503342508783,0.016540503342508783,0.0,0.0,1,0.5,0.5
2022-10-21,0.004401199029357206,0.004401199029357206,0.0,0.0,1,0.5,0.5
2022-10-24,-0.009159482758620718,-0.009659482758620719,1.0,0.0005,1,0.5,0.5
2022-10-25,0.0,-0.0005,1.0,0.0005,1,0.5,0.5
2022-10-26,0.0,0.0,0.0,0.0,1,0.5,0.5
2022-10-27,0.0,0.0,0.0,0.0,1,0.5,0.5
2022-10-28,0.0,0.0,0.0,0.0,1,0.5,0.5
2022-10-31,-0.03655172413793101,-0.03655172413793101,0.0,0.0,1,0.5,0.5
2022-11-01,0.019250253292806496,0.018750253292806496,1.0,0.0005,1,0.5,0.5
2022-11-02,-0.0014634146341463428,-0.0014634146341463428,0.0,0.0,1,0.5,0.5
2022-11-03,0.003913894324853229,0.003913894324853229,0.0,0.0,1,0.5,0.5
2022-11-04,-0.0009708737864077555,-0.0009708737864077555,0.0,0.0,1,0.5,0.5
2022-11-07,0.0021076523994811858,0.0021076523994811858,0.0,0.0,1,0.5,0.5
2022-11-08,-0.005004843396835601,-0.005004843396835601,0.0,0.0,1,0.5,0.5
2022-11-09,0.007990867579908634,0.007990867579908634,0.0,0.0,1,0.5,0.5
2022-11-10,0.006420545746388506,0.006420545746388506,0.0,0.0,1,0.5,0.5
2022-11-11,-0.0044374009508716394,-0.0044374009508716394,0.0,0.0,1,0.5,0.5
2022-11-14,0.0,0.0,0.0,0.0,1,0.5,0.5
2022-11-15,-0.004956827630316574,-0.004956827630316574,0.0,0.0,1,0.5,0.5
2022-11-16,-0.0077792264232942054,-0.008279226423294206,1.0,0.0005,1,0.5,0.5
2022-11-17,-0.0014731356321159295,-0.0019731356321159295,1.0,0.0005,1,0.5,0.5
2022-11-18,-0.011649144689950042,-0.011649144689950042,0.0,0.0,1,0.5,0.5
2022-11-21,0.02285062713797037,0.02285062713797037,0.0,0.0,1,0.5,0.5
2022-11-22,-0.01134034108256643,-0.01134034108256643,0.0,0.0,1,0.5,0.5
2022-11-23,0.03655352480417762,0.03605352480417762,1.0,0.0005,1,0.5,0.5
2022-11-25,0.0036496350364962904,0.0036496350364962904,0.0,0.0,1,0.5,0.5
2022-11-28,0.019323671497584516,0.019323671497584516,0.0,0.0,1,0.5,0.5
2022-11-29,-0.012209302325581317,-0.012209302325581317,0.0,0.0,1,0.5,0.5
2022-11-30,-0.006079027355623101,-0.006579027355623102,1.0,0.0005,1,0.5,0.5
2022-12-01,-0.006483516483516527,-0.006483516483516527,0.0,0.0,1,0.5,0.5
2022-12-02,-0.00645735916276996,-0.00645735916276996,0.0,0.0,1,0.5,0.5
2022-12-05,-0.012519738326189911,-0.012519738326189911,0.0,0.0,1,0.5,0.5
2022-12-06,0.00011568718186028004,0.00011568718186028004,0.0,0.0,1,0.5,0.5
2022-12-07,0.008558871154290992,0.008558871154290992,0.0,0.0,1,0.5,0.5
2022-12-08,-0.01796679554241526,-0.01796679554241526,0.0,0.0,1,0.5,0.5
2022-12-09,0.02111347015805609,0.02111347015805609,0.0,0.0,1,0.5,0.5
2022-12-12,0.013467632412856423,0.013467632412856423,0.0,0.0,1,0.5,0.5
2022-12-13,0.0038571743442803452,0.0038571743442803452,0.0,0.0,1,0.5,0.5
2022-12-14,-0.0026246719160105125,-0.0026246719160105125,0.0,0.0,1,0.5,0.5
2022-12-15,0.0,-0.0005,1.0,0.0005,1,0.5,0.5
2022-12-16,-0.012590920491597657,-0.013090920491597657,1.0,0.0005,1,0.5,0.5
2022-12-19,-0.00032142917561872597,-0.000821429175618726,1.0,0.0005,1,0.5,0.5
2022-12-20,0.028931750741839846,0.028431750741839845,1.0,0.0005,1,0.5,0.5
2022-12-21,-0.0418419822346891,-0.0418419822346891,0.0,0.0,1,0.5,0.5
2022-12-22,0.012979683972911937,0.012479683972911937,1.0,0.0005,1,0.5,0.5
2022-12-23,0.004258425599221294,0.003758425599221294,1.0,0.0005,1,0.5,0.5
2022-12-27,0.01414027149321262,0.013640271493212619,1.0,0.0005,1,0.5,0.5
2022-12-28,-0.002200220022002153,-0.002200220022002153,0.0,0.0,1,0.5,0.5
2022-12-29,0.007734806629834168,0.007734806629834168,0.0,0.0,1,0.5,0.5
2022-12-30,-0.026115342763873728,-0.026115342763873728,0.0,0.0,1,0.5,0.5
2023-01-03,0.0,0.0,0.0,0.0,1,0.5,0.5
2023-01-04,0.036739380022962065,0.036739380022962065,0.0,0.0,1,0.5,0.5
2023-01-05,0.005347593582887722,0.005347593582887722,0.0,0.0,1,0.5,0.5
2023-01-06,0.015873015873015928,0.015873015873015928,0.0,0.0,1,0.5,0.5
2023-01-09,-0.0015384615384614886,-0.0015384615384614886,0.0,0.0,1,0.5,0.5
2023-01-10,-0.06477272727272732,-0.06527272727272732,1.0,0.0005,1,0.5,0.5
2023-01-11,0.024804177545691863,0.024804177545691863,0.0,0.0,1,0.5,0.5
2023-01-12,0.018489984591679387,0.017989984591679387,1.0,0.0005,1,0.5,0.5
2023-01-13,-0.021874999999999978,-0.022374999999999978,1.0,0.0005,1,0.5,0.5
2023-01-17,0.01349171432761409,0.01299171432761409,1.0,0.0005,1,0.5,0.5
2023-01-18,-0.014136798514922222,-0.014136798514922222,0.0,0.0,1,0.5,0.5
2023-01-19,0.02042615723732555,0.02042615723732555,0.0,0.0,1,0.5,0.5
2023-01-20,-0.0029502852485737696,-0.0034502852485737696,1.0,0.0005,1,0.5,0.5
2023-01-23,0.0017380468288843431,0.0017380468288843431,0.0,0.0,1,0.5,0.5
2023-01-24,-0.002254901960784317,-0.002254901960784317,0.0,0.0,1,0.5,0.5
2023-01-25,-0.006532729302081319,-0.006532729302081319,0.0,0.0,1,0.5,0.5
2023-01-26,-0.018527142096860016,-0.018527142096860016,0.0,0.0,1,0.5,0.5
2023-01-27,-0.014283246977547459,-0.014283246977547459,0.0,0.0,1,0.5,0.5
2023-01-30,0.012480887529779827,0.012480887529779827,0.0,0.0,1,0.5,0.5
2023-01-31,0.0014223764093668212,0.0014223764093668212,0.0,0.0,1,0.5,0.5
2023-02-01,-0.00492960182654717,-0.00492960182654717,0.0,0.0,1,0.5,0.5
2023-02-02,-0.011232618265669791,-0.011232618265669791,0.0,0.0,1,0.5,0.5
2023-02-03,-0.005915150648700795,-0.005915150648700795,0.0,0.0,1,0.5,0.5
2023-02-06,-0.00267650462962965,-0.00267650462962965,0.0,0.0,1,0.5,0.5
2023-02-07,-0.027418181818181786,-0.027418181818181786,0.0,0.0,1,0.5,0.5
2023-02-08,-0.002423822714681445,-0.002423822714681445,0.0,0.0,1,0.5,0.5
2023-02-09,-0.002280986623366621,-0.002280986623366621,0.0,0.0,1,0.5,0.5
2023-02-10,-0.004116824607736547,-0.004116824607736547,0.0,0.0,1,0.5,0.5
2023-02-13,0.02514097744360899,0.02514097744360899,0.0,0.0,1,0.5,0.5
2023-02-14,0.026211782252050675,0.026211782252050675,0.0,0.0,1,0.5,0.5
2023-02-15,0.022638701906044112,0.022638701906044112,0.0,0.0,1,0.5,0.5
2023-02-16,0.01415062364425157,0.01415062364425157,0.0,0.0,1,0.5,0.5
2023-02-17,-0.02411088038498299,-0.02411088038498299,0.0,0.0,1,0.5,0.5
2023-02-21,0.005333148635545015,0.005333148635545015,0.0,0.0,1,0.5,0.5
2023-02-22,0.026110197368421018,0.026110197368421018,0.0,0.0,1,0.5,0.5
2023-02-23,-0.05028005731405494,-0.05028005731405494,0.0,0.0,1,0.5,0.5
2023-02-24,-0.008291093410572048,-0.008291093410572048,0.0,0.0,1,0.5,0.5
2023-02-27,-0.0011228922759737858,-0.0011228922759737858,0.0,0.0,1,0.5,0.5
2023-02-28,0.01509169403343047,0.01509169403343047,0.0,0.0,1,0.5,0.5
2023-03-01,-0.011461728571940222,-0.011461728571940222,0.0,0.0,1,0.5,0.5
2023-03-02,-0.0008981267641776092,-0.0008981267641776092,0.0,0.0,1,0.5,0.5
2023-03-03,-0.0025156077855306713,-0.0025156077855306713,0.0,0.0,1,0.5,0.5
2023-03-06,-0.007824899420514564,-0.007824899420514564,0.0,0.0,1,0.5,0.5
2023-03-07,-0.01123026735160676,-0.01123026735160676,0.0,0.0,1,0.5,0.5
2023-03-08,-0.010164940544687362,-0.010164940544687362,0.0,0.0,1,0.5,0.5
2023-03-09,-0.02693813625685204,-0.02693813625685204,0.0,0.0,1,0.5,0.5
2023-03-10,-0.0017174308889256196,-0.0017174308889256196,0.0,0.0,1,0.5,0.5
2023-03-13,0.007827748017108949,0.007827748017108949,0.0,0.0,1,0.5,0.5
2023-03-14,-0.011795731458009662,-0.011795731458009662,0.0,0.0,1,0.5,0.5
2023-03-15,0.005174062201226071,0.00467406220122607,1.0,0.0005,1,0.5,0.5
2023-03-16,0.009618513095819181,0.00911851309581918,1.0,0.0005,1,0.5,0.5
2023-03-17,0.010614101592115177,0.010614101592115177,0.0,0.0,1,0.5,0.5
2023-03-20,-0.020103153205954793,-0.020103153205954793,0.0,0.0,1,0.5,0.5
2023-03-21,-0.029677576941866124,-0.029677576941866124,0.0,0.0,1,0.5,0.5
2023-03-22,0.0019475460919241572,0.0019475460919241572,0.0,0.0,1,0.5,0.5
2023-03-23,0.005841524400758691,0.005841524400758691,0.0,0.0,1,0.5,0.5
2023-03-24,0.007798184684876697,0.007798184684876697,0.0,0.0,1,0.5,0.5
2023-03-27,0.005181890655813315,0.005181890655813315,0.0,0.0,1,0.5,0.5
2023-03-28,-0.005211794019933602,-0.005211794019933602,0.0,0.0,1,0.5,0.5
2023-03-29,-0.007511855302362647,-0.007511855302362647,0.0,0.0,1,0.5,0.5
2023-03-30,0.01608367772996455,0.01608367772996455,0.0,0.0,1,0.5,0.5
2023-03-31,0.013642367704119529,0.013642367704119529,0.0,0.0,1,0.5,0.5
2023-04-03,-0.022565320665083155,-0.023065320665083155,1.0,0.0005,1,0.5,0.5
2023-04-04,-0.012437810945273575,-0.012437810945273575,0.0,0.0,1,0.5,0.5
2023-04-05,-0.0331632653061224,-0.0331632653061224,0.0,0.0,1,0.5,0.5
2023-04-06,-0.004543985782373361,-0.005043985782373361,1.0,0.0005,1,0.5,0.5
2023-04-10,-0.022928300656258893,-0.022928300656258893,0.0,0.0,1,0.5,0.5
2023-04-11,-0.02688172043010756,-0.02738172043010756,1.0,0.0005,1,0.5,0.5
2023-04-12,0.008522727272727293,0.008522727272727293,0.0,0.0,1,0.5,0.5
2023-04-13,-0.012569832402234637,-0.012569832402234637,0.0,0.0,1,0.5,0.5
2023-04-14,0.03494724550648487,0.03444724550648487,1.0,0.0005,1,0.5,0.5
2023-04-17,0.06386669265250433,0.06386669265250433,0.0,0.0,1,0.5,0.5
2023-04-18,0.006688096225632489,0.006688096225632489,0.0,0.0,1,0.5,0.5
2023-04-19,-0.00968655138306218,-0.00968655138306218,0.0,0.0,1,0.5,0.5
2023-04-20,0.027790337727383374,0.027790337727383374,0.0,0.0,1,0.5,0.5
2023-04-21,0.003937526771887079,0.003937526771887079,0.0,0.0,1,0.5,0.5
2023-04-24,-0.02896341463414631,-0.029463414634146312,1.0,0.0005,1,0.5,0.5
2023-04-25,0.003236245954692518,0.003236245954692518,0.0,0.0,1,0.5,0.5
2023-04-26,-0.006430868167202564,-0.006430868167202564,0.0,0.0,1,0.5,0.5
2023-04-27,0.03420195439739415,0.03420195439739415,0.0,0.0,1,0.5,0.5
2023-04-28,0.013719512195122019,0.013719512195122019,0.0,0.0,1,0.5,0.5
2023-05-01,-0.03264094955489616,-0.03264094955489616,0.0,0.0,1,0.5,0.5
2023-05-02,-0.026984126984127,-0.026984126984127,0.0,0.0,1,0.5,0.5
2023-05-03,-0.006711409395973145,-0.006711409395973145,0.0,0.0,1,0.5,0.5
2023-05-04,0.011904761904761862,0.011904761904761862,0.0,0.0,1,0.5,0.5
2023-05-05,-0.016611295681063065,-0.016611295681063065,0.0,0.0,1,0.5,0.5
2023-05-08,-0.014925373134328401,-0.015425373134328402,1.0,0.0005,1,0.5,0.5
2023-05-09,-0.012514600367094952,-0.012514600367094952,0.0,0.0,1,0.5,0.5
2023-05-10,-0.00689714187917162,-0.00689714187917162,0.0,0.0,1,0.5,0.5
2023-05-11,0.008329862557267864,0.008329862557267864,0.0,0.0,1,0.5,0.5
2023-05-12,-0.004489280349583513,-0.004489280349583513,0.0,0.0,1,0.5,0.5
2023-05-15,0.003298425712218722,0.003298425712218722,0.0,0.0,1,0.5,0.5
2023-05-16,-0.024477678342259723,-0.024477678342259723,0.0,0.0,1,0.5,0.5
2023-05-17,-0.002536883771140641,-0.002536883771140641,0.0,0.0,1,0.5,0.5
2023-05-18,0.00021700604000141066,0.00021700604000141066,0.0,0.0,1,0.5,0.5
2023-05-19,0.016051480423701192,0.016051480423701192,0.0,0.0,1,0.5,0.5
2023-05-22,-0.005832078181372324,-0.005832078181372324,0.0,0.0,1,0.5,0.5
2023-05-23,0.01793308760986667,0.01793308760986667,0.0,0.0,1,0.5,0.5
2023-05-24,-0.0182872587929383,-0.0182872587929383,0.0,0.0,1,0.5,0.5
2023-05-25,0.00584182676941658,0.00584182676941658,0.0,0.0,1,0.5,0.5
2023-05-26,-0.008529907329401898,-0.008529907329401898,0.0,0.0,1,0.5,0.5
2023-05-30,-0.002874794657524382,-0.002874794657524382,0.0,0.0,1,0.5,0.5
2023-05-31,-0.016827700154448455,-0.016827700154448455,0.0,0.0,1,0.5,0.5
2023-06-01,-0.016911983348201043,-0.016911983348201043,0.0,0.0,1,0.5,0.5
2023-06-02,0.01267600215434328,0.01267600215434328,0.0,0.0,1,0.5,0.5
2023-06-05,0.013694518440700909,0.013694518440700909,0.0,0.0,1,0.5,0.5
2023-06-06,0.004838768579045416,0.004838768579045416,0.0,0.0,1,0.5,0.5
2023-06-07,-0.0131655092592593,-0.0131655092592593,0.0,0.0,1,0.5,0.5
2023-06-08,-0.006816493313521577,-0.006816493313521577,0.0,0.0,1,0.5,0.5
2023-06-09,0.00039543554400645053,0.00039543554400645053,0.0,0.0,1,0.5,0.5
2023-06-12,0.005042522766613988,0.005042522766613988,0.0,0.0,1,0.5,0.5
2023-06-13,-0.021812830638551606,-0.021812830638551606,0.0,0.0,1,0.5,0.5
2023-06-14,-0.0022983132717852572,-0.0022983132717852572,0.0,0.0,1,0.5,0.5
2023-06-15,-0.022384847180370204,-0.022384847180370204,0.0,0.0,1,0.5,0.5
2023-06-16,0.0028268261706747566,0.0028268261706747566,0.0,0.0,1,0.5,0.5
2023-06-20,-0.00932904224548825,-0.00932904224548825,0.0,0.0,1,0.5,0.5
2023-06-21,0.0052098468180498125,0.0052098468180498125,0.0,0.0,1,0.5,0.5
2023-06-22,-0.02296211251435132,-0.02346211251435132,1.0,0.0005,1,0.5,0.5
2023-06-23,0.0010182356752753696,0.0010182356752753696,0.0,0.0,1,0.5,0.5
2023-06-26,0.0223325635103927,0.0223325635103927,0.0,0.0,1,0.5,0.5
2023-06-27,0.02159879736481407,0.02159879736481407,0.0,0.0,1,0.5,0.5
2023-06-28,-2.1191828430966453e-05,-2.1191828430966453e-05,0.0,0.0,1,0.5,0.5
2023-06-29,0.0282287119060739,0.0282287119060739,0.0,0.0,1,0.5,0.5
2023-06-30,-0.00010030090270812808,-0.00010030090270812808,0.0,0.0,1,0.5,0.5
2023-07-03,0.011637239165328994,0.011637239165328994,0.0,0.0,1,0.5,0.5
2023-07-05,-0.008764705882352952,-0.008764705882352952,0.0,0.0,1,0.5,0.5
2023-07-06,0.01891988983355286,0.01891988983355286,0.0,0.0,1,0.5,0.5
2023-07-07,0.019076189377331576,0.019076189377331576,0.0,0.0,1,0.5,0.5
2023-07-10,0.0018893787278183583,0.0018893787278183583,0.0,0.0,1,0.5,0.5
2023-07-11,0.010500092267946126,0.010500092267946126,0.0,0.0,1,0.5,0.5
2023-07-12,0.031466888374783064,0.031466888374783064,0.0,0.0,1,0.5,0.5
2023-07-13,0.002261520149634433,0.002261520149634433,0.0,0.0,1,0.5,0.5
2023-07-14,0.011290540998036391,0.011290540998036391,0.0,0.0,1,0.5,0.5
2023-07-17,0.02706505545439497,0.02706505545439497,0.0,0.0,1,0.5,0.5
2023-07-18,-0.023131281407035187,-0.023131281407035187,0.0,0.0,1,0.5,0.5
2023-07-19,-0.001185497414956993,-0.001185497414956993,0.0,0.0,1,0.5,0.5
2023-07-20,0.0003300874731804182,0.0003300874731804182,0.0,0.0,1,0.5,0.5
2023-07-21,0.010258947715652278,0.010258947715652278,0.0,0.0,1,0.5,0.5
2023-07-24,0.019361929081682105,0.019361929081682105,0.0,0.0,1,0.5,0.5
2023-07-25,-0.006208184222809998,-0.006208184222809998,0.0,0.0,1,0.5,0.5
2023-07-26,0.015723468616082648,0.015723468616082648,0.0,0.0,1,0.5,0.5
2023-07-27,0.010936640801613051,0.010936640801613051,0.0,0.0,1,0.5,0.5
2023-07-28,-0.006322869955156962,-0.006322869955156962,0.0,0.0,1,0.5,0.5
2023-07-31,0.011036424743391726,0.011036424743391726,0.0,0.0,1,0.5,0.5
2023-08-01,-0.02658786586088402,-0.02658786586088402,0.0,0.0,1,0.5,0.5
2023-08-02,0.0025030505929101166,0.0025030505929101166,0.0,0.0,1,0.5,0.5
2023-08-03,0.026275645216524923,0.026275645216524923,0.0,0.0,1,0.5,0.5
2023-08-04,0.022479221509065672,0.022479221509065672,0.0,0.0,1,0.5,0.5
2023-08-07,-0.008335927991168723,-0.008335927991168723,0.0,0.0,1,0.5,0.5
2023-08-08,-0.0012305168170631542,-0.0017305168170631542,1.0,0.0005,1,0.5,0.5
2023-08-09,0.09375,0.09375,0.0,0.0,1,0.5,0.5
2023-08-10,-0.070983379501385,-0.070983379501385,0.0,0.0,1,0.5,0.5
2023-08-11,0.09887005649717506,0.09887005649717506,0.0,0.0,1,0.5,0.5
2023-08-14,-0.009723150003711156,-0.010223150003711157,1.0,0.0005,1,0.5,0.5
2023-08-15,-0.019850881840890178,-0.019850881840890178,0.0,0.0,1,0.5,0.5
2023-08-16,-0.019055689118354202,-0.019055689118354202,0.0,0.0,1,0.5,0.5
2023-08-17,-0.0010448250430221684,-0.0010448250430221684,0.0,0.0,1,0.5,0.5
2023-08-18,0.018661465818107126,0.018661465818107126,0.0,0.0,1,0.5,0.5
2023-08-21,0.010786098796706778,0.010786098796706778,0.0,0.0,1,0.5,0.5
2023-08-22,0.03781626564376761,0.03781626564376761,0.0,0.0,1,0.5,0.5
2023-08-23,-0.027214437520262202,-0.027214437520262202,0.0,0.0,1,0.5,0.5
2023-08-24,-0.01626666666666665,-0.01626666666666665,0.0,0.0,1,0.5,0.5
2023-08-25,0.002362576783745407,0.002362576783745407,0.0,0.0,1,0.5,0.5
2023-08-28,0.012678319485812883,0.012678319485812883,0.0,0.0,1,0.5,0.5
2023-08-29,0.002542588354945363,0.002042588354945363,1.0,0.0005,1,0.5,0.5
2023-08-30,0.013362197670946485,0.012862197670946485,1.0,0.0005,1,0.5,0.5
2023-08-31,0.0015553960277578938,0.0010553960277578938,1.0,0.0005,1,0.5,0.5
2023-09-01,-0.003331443152821134,-0.003831443152821134,1.0,0.0005,1,0.5,0.5
2023-09-05,-0.011149564720993266,-0.011149564720993266,0.0,0.0,1,0.5,0.5
2023-09-06,-0.005220883534136522,-0.005720883534136523,1.0,0.0005,1,0.5,0.5
2023-09-07,-0.02110389610389607,-0.02110389610389607,0.0,0.0,1,0.5,0.5
2023-09-08,-0.006355932203389869,-0.006355932203389869,0.0,0.0,1,0.5,0.5
2023-09-11,-0.012446351931330535,-0.012446351931330535,0.0,0.0,1,0.5,0.5
2023-09-12,-0.09859154929577468,-0.09859154929577468,0.0,0.0,1,0.5,0.5
2023-09-13,0.03481359649122817,0.03481359649122817,0.0,0.0,1,0.5,0.5
2023-09-14,0.004356740133264925,0.004356740133264925,0.0,0.0,1,0.5,0.5
2023-09-15,0.002032520325203291,0.002032520325203291,0.0,0.0,1,0.5,0.5
2023-09-18,-0.012145748987854255,-0.012145748987854255,0.0,0.0,1,0.5,0.5
2023-09-19,0.010373443983402453,0.010373443983402453,0.0,0.0,1,0.5,0.5
2023-09-20,-0.026930894308943076,-0.026930894308943076,0.0,0.0,1,0.5,0.5
2023-09-21,0.014500537056927998,0.014500537056927998,0.0,0.0,1,0.5,0.5
2023-09-22,-0.009916492693110623,-0.009916492693110623,0.0,0.0,1,0.5,0.5
2023-09-25,0.019169329073482344,0.019169329073482344,0.0,0.0,1,0.5,0.5
2023-09-26,-0.0644409937888199,-0.0649409937888199,1.0,0.0005,1,0.5,0.5
2023-09-27,0.059714795008912636,0.059714795008912636,0.0,0.0,1,0.5,0.5
2023-09-28,-0.0022686025408347743,-0.0027686025408347743,1.0,0.0005,1,0.5,0.5
2023-09-29,0.013673655423883324,0.013673655423883324,0.0,0.0,1,0.5,0.5
2023-10-02,-0.042147293700088684,-0.042147293700088684,0.0,0.0,1,0.5,0.5
2023-10-03,-0.0683139534883721,-0.0683139534883721,0.0,0.0,1,0.5,0.5
2023-10-04,0.011784511784511786,0.011784511784511786,0.0,0.0,1,0.5,0.5
2023-10-05,-0.002192982456140302,-0.002192982456140302,0.0,0.0,1,0.5,0.5
2023-10-06,-0.0823237885462555,-0.0823237885462555,0.0,0.0,1,0.5,0.5
2023-10-09,-0.008239947264337522,-0.008239947264337522,0.0,0.0,1,0.5,0.5
2023-10-10,0.022117962466487895,0.022117962466487895,0.0,0.0,1,0.5,0.5
2023-10-11,0.010269576379974388,0.010269576379974388,0.0,0.0,1,0.5,0.5
2023-10-12,-0.01365915214351493,-0.01415915214351493,1.0,0.0005,1,0.5,0.5
2023-10-13,0.011377980364656426,0.011377980364656426,0.0,0.0,1,0.5,0.5
2023-10-16,-0.003921568627451022,-0.004421568627451022,1.0,0.0005,1,0.5,0.5
2023-10-17,-0.029428819947810936,-0.029928819947810936,1.0,0.0005,1,0.5,0.5
2023-10-18,-0.006622516556291369,-0.0071225165562913695,1.0,0.0005,1,0.5,0.5
2023-10-19,-0.03624161073825505,-0.03624161073825505,0.0,0.0,1,0.5,0.5
2023-10-20,0.010943031863533847,0.010443031863533847,1.0,0.0005,1,0.5,0.5
2023-10-23,0.01882845188284521,0.01832845188284521,1.0,0.0005,1,0.5,0.5
2023-10-24,-0.021505376344086058,-0.021505376344086058,0.0,0.0,1,0.5,0.5
2023-10-25,-0.0175561797752809,-0.0175561797752809,0.0,0.0,1,0.5,0.5
2023-10-26,0.012372634643377012,0.012372634643377012,0.0,0.0,1,0.5,0.5
2023-10-27,0.0028409090909090606,0.0028409090909090606,0.0,0.0,1,0.5,0.5
2023-10-30,0.024717514124293793,0.024717514124293793,0.0,0.0,1,0.5,0.5
2023-10-31,0.019515477792732216,0.019515477792732216,0.0,0.0,1,0.5,0.5
2023-11-01,0.055051813471502675,0.055051813471502675,0.0,0.0,1,0.5,0.5
2023-11-02,0.052508751458576475,0.052508751458576475,0.0,0.0,1,0.5,0.5
2023-11-03,0.011615628299894376,0.011615628299894376,0.0,0.0,1,0.5,0.5
2023-11-06,0.01031991744066052,0.01031991744066052,0.0,0.0,1,0.5,0.5
2023-11-07,-0.002633889376646159,-0.003133889376646159,1.0,0.0005,1,0.5,0.5
2023-11-08,-0.05222124154162988,-0.05222124154162988,0.0,0.0,1,0.5,0.5
2023-11-09,-0.02053219448094612,-0.02053219448094612,0.0,0.0,1,0.5,0.5
2023-11-10,0.08729311265349704,0.08679311265349704,1.0,0.0005,1,0.5,0.5
2023-11-13,0.05818181818181811,0.05818181818181811,0.0,0.0,1,0.5,0.5
2023-11-14,0.017508143322475633,0.017508143322475633,0.0,0.0,1,0.5,0.5
2023-11-15,-0.022425690021231404,-0.022925690021231404,1.0,0.0005,1,0.5,0.5
2023-11-16,-0.003117692907248615,-0.003617692907248615,1.0,0.0005,1,0.5,0.5
2023-11-17,0.06705882352941184,0.06705882352941184,0.0,0.0,1,0.5,0.5
2023-11-20,-0.03907330567081607,-0.03907330567081607,0.0,0.0,1,0.5,0.5
2023-11-21,-0.004501125281320295,-0.004501125281320295,0.0,0.0,1,0.5,0.5
2023-11-22,0.000956937799043045,0.000456937799043045,1.0,0.0005,1,0.5,0.5
2023-11-24,-0.007640878701050624,-0.007640878701050624,0.0,0.0,1,0.5,0.5
2023-11-27,0.007291666666666585,0.006791666666666585,1.0,0.0005,1,0.5,0.5
2023-11-28,0.009924709103353857,0.009924709103353857,0.0,0.0,1,0.5,0.5
2023-11-29,-0.05536912751677853,-0.05536912751677853,0.0,0.0,1,0.5,0.5
2023-11-30,0.12075471698113205,0.12075471698113205,0.0,0.0,1,0.5,0.5
2023-12-01,0.006990881458966536,0.006990881458966536,0.0,0.0,1,0.5,0.5
2023-12-04,-0.01648681055155876,-0.01648681055155876,0.0,0.0,1,0.5,0.5
2023-12-05,0.033787972721636694,0.033787972721636694,0.0,0.0,1,0.5,0.5
2023-12-06,0.012775842044134733,0.012775842044134733,0.0,0.0,1,0.5,0.5
2023-12-07,0.05945639864099661,0.05945639864099661,0.0,0.0,1,0.5,0.5
2023-12-08,-0.005340288127173354,-0.005840288127173354,1.0,0.0005,1,0.5,0.5
2023-12-11,-0.0041426060758222305,-0.0041426060758222305,0.0,0.0,1,0.5,0.5
2023-12-12,0.07050632911392396,0.07050632911392396,0.0,0.0,1,0.5,0.5
2023-12-13,0.03630897317298798,0.03580897317298798,1.0,0.0005,1,0.5,0.5
2023-12-14,0.007704464638482733,0.007204464638482733,1.0,0.0005,1,0.5,0.5
2023-12-15,0.017836593785960808,0.017336593785960808,1.0,0.0005,1,0.5,0.5
2023-12-18,0.011333333333333417,0.011333333333333417,0.0,0.0,1,0.5,0.5
2023-12-19,-0.051933941764450264,-0.051933941764450264,0.0,0.0,1,0.5,0.5
2023-12-20,0.0029097963142579175,0.0029097963142579175,0.0,0.0,1,0.5,0.5
2023-12-21,-0.02980587527916162,-0.03030587527916162,1.0,0.0005,1,0.5,0.5
2023-12-22,-0.010778224333211572,-0.010778224333211572,0.0,0.0,1,0.5,0.5
2023-12-26,0.00774831964152356,0.00774831964152356,0.0,0.0,1,0.5,0.5
2023-12-27,-0.013765541740674958,-0.014265541740674959,1.0,0.0005,1,0.5,0.5
2023-12-28,-0.058904109589041076,-0.058904109589041076,0.0,0.0,1,0.5,0.5
2023-12-29,-0.016304347826086918,-0.016304347826086918,0.0,0.0,1,0.5,0.5
2024-01-02,-0.0329052969502408,-0.0329052969502408,0.0,0.0,1,0.5,0.5
2024-01-03,0.03064146620847652,0.03064146620847652,0.0,0.0,1,0.5,0.5
2024-01-04,0.043712898003237965,0.043712898003237965,0.0,0.0,1,0.5,0.5
2024-01-05,0.0007444168734491718,0.0007444168734491718,0.0,0.0,1,0.5,0.5
2024-01-08,0.039395441030723455,0.039395441030723455,0.0,0.0,1,0.5,0.5
2024-01-09,-0.0039044556729443958,-0.0039044556729443958,0.0,0.0,1,0.5,0.5
2024-01-10,-0.07546296296296301,-0.07546296296296301,0.0,0.0,1,0.5,0.5
2024-01-11,-0.025354416575790628,-0.025354416575790628,0.0,0.0,1,0.5,0.5
2024-01-12,-0.003446295232624963,-0.003446295232624963,0.0,0.0,1,0.5,0.5
2024-01-16,-0.01243493348756508,-0.01243493348756508,0.0,0.0,1,0.5,0.5
2024-01-17,-0.007117437722419906,-0.007117437722419906,0.0,0.0,1,0.5,0.5
2024-01-18,-0.02436823104693142,-0.02436823104693142,0.0,0.0,1,0.5,0.5
2024-01-19,0.04079696394686905,0.04079696394686905,0.0,0.0,1,0.5,0.5
2024-01-22,0.03011695906432743,0.03011695906432743,0.0,0.0,1,0.5,0.5
2024-01-23,-0.04247104247104244,-0.04247104247104244,0.0,0.0,1,0.5,0.5
2024-01-24,-0.007534659433393598,-0.007534659433393598,0.0,0.0,1,0.5,0.5
2024-01-25,-0.04130966952264381,-0.04130966952264381,0.0,0.0,1,0.5,0.5
2024-01-26,0.03252168112074716,0.03252168112074716,0.0,0.0,1,0.5,0.5
2024-01-29,0.02270591919824616,0.02270591919824616,0.0,0.0,1,0.5,0.5
2024-01-30,-0.0287597363690833,-0.0287597363690833,0.0,0.0,1,0.5,0.5
2024-01-31,0.0251112523839796,0.0251112523839796,0.0,0.0,1,0.5,0.5
2024-02-01,0.06991525423728806,0.06991525423728806,0.0,0.0,1,0.5,0.5
2024-02-02,0.024163568773234223,0.024163568773234223,0.0,0.0,1,0.5,0.5
2024-02-05,-0.005305137284210781,-0.005805137284210782,1.0,0.0005,1,0.5,0.5
2024-02-06,0.0404319344172972,0.0404319344172972,0.0,0.0,1,0.5,0.5
2024-02-07,0.01029982929092721,0.01029982929092721,0.0,0.0,1,0.5,0.5
2024-02-08,0.030174695606140833,0.029674695606140833,1.0,0.0005,1,0.5,0.5
2024-02-09,0.024463305042436323,0.024463305042436323,0.0,0.0,1,0.5,0.5
2024-02-12,-0.05330794859590676,-0.05330794859590676,0.0,0.0,1,0.5,0.5
2024-02-13,0.05620671283963774,0.05620671283963774,0.0,0.0,1,0.5,0.5
2024-02-14,0.03663793103448276,0.03663793103448276,0.0,0.0,1,0.5,0.5
2024-02-15,-0.02387327086122265,-0.02387327086122265,0.0,0.0,1,0.5,0.5
2024-02-16,-0.035379568884723545,-0.035379568884723545,0.0,0.0,1,0.5,0.5
2024-02-20,-0.0009809595746559374,-0.0014809595746559374,1.0,0.0005,1,0.5,0.5
2024-02-21,0.030224075039082865,0.029724075039082865,1.0,0.0005,1,0.5,0.5
2024-02-22,-0.15233415233415237,-0.15233415233415237,0.0,0.0,1,0.5,0.5
2024-02-23,0.04649034501693061,0.04599034501693061,1.0,0.0005,1,0.5,0.5
2024-02-26,-0.014083563593736914,-0.014083563593736914,0.0,0.0,1,0.5,0.5
2024-02-27,-0.032434132304033914,-0.032434132304033914,0.0,0.0,1,0.5,0.5
2024-02-28,0.06747159090909094,0.06697159090909094,1.0,0.0005,1,0.5,0.5
2024-02-29,-0.017834793491864842,-0.017834793491864842,0.0,0.0,1,0.5,0.5
2024-03-01,0.09324336263639177,0.09274336263639177,1.0,0.0005,1,0.5,0.5
2024-03-04,0.0076744792151460794,0.0076744792151460794,0.0,0.0,1,0.5,0.5
2024-03-05,0.005427408412483015,0.004927408412483014,1.0,0.0005,1,0.5,0.5
2024-03-06,0.015586378589846128,0.015086378589846128,1.0,0.0005,1,0.5,0.5
2024-03-07,-0.008514692695040349,-0.008514692695040349,0.0,0.0,1,0.5,0.5
2024-03-08,-0.02622345418022648,-0.02622345418022648,0.0,0.0,1,0.5,0.5
2024-03-11,0.03831626890818529,0.03831626890818529,0.0,0.0,1,0.5,0.5
2024-03-12,0.01077815993121245,0.01077815993121245,0.0,0.0,1,0.5,0.5
2024-03-13,-0.0243925021252957,-0.0243925021252957,0.0,0.0,1,0.5,0.5
2024-03-14,-0.027112404987125138,-0.027112404987125138,0.0,0.0,1,0.5,0.5
2024-03-15,-0.031880654547495835,-0.031880654547495835,0.0,0.0,1,0.5,0.5
2024-03-18,-0.04482451932685777,-0.04482451932685777,0.0,0.0,1,0.5,0.5
2024-03-19,0.031985294117647056,0.031485294117647056,1.0,0.0005,1,0.5,0.5
2024-03-20,0.04190882015014441,0.04140882015014441,1.0,0.0005,1,0.5,0.5
2024-03-21,-0.008042895442359255,-0.008542895442359255,1.0,0.0005,1,0.5,0.5
2024-03-22,0.036006538232210006,0.035506538232210005,1.0,0.0005,1,0.5,0.5
2024-03-25,-0.00850123227111882,-0.00850123227111882,0.0,0.0,1,0.5,0.5
2024-03-26,-0.0008633640957602662,-0.0008633640957602662,0.0,0.0,1,0.5,0.5
2024-03-27,-0.013287565053703931,-0.013787565053703932,1.0,0.0005,1,0.5,0.5
2024-03-28,-0.006370151291093196,-0.006370151291093196,0.0,0.0,1,0.5,0.5
2024-04-01,-0.022583246917847632,-0.022583246917847632,0.0,0.0,1,0.5,0.5
2024-04-02,0.0028022299016744467,0.0023022299016744467,1.0,0.0005,1,0.5,0.5
2024-04-03,-0.028348612109455773,-0.028348612109455773,0.0,0.0,1,0.5,0.5
2024-04-04,-0.005203603377905819,-0.005203603377905819,0.0,0.0,1,0.5,0.5
2024-04-05,-0.010295141452712042,-0.010295141452712042,0.0,0.0,1,0.5,0.5
2024-04-08,-0.01308562197092078,-0.01308562197092078,0.0,0.0,1,0.5,0.5
2024-04-09,0.0023999115239990987,0.0023999115239990987,0.0,0.0,1,0.5,0.5
2024-04-10,0.01581658485041937,0.01581658485041937,0.0,0.0,1,0.5,0.5
2024-04-11,-0.020692855923523323,-0.020692855923523323,0.0,0.0,1,0.5,0.5
2024-04-12,-0.008759140335451665,-0.008759140335451665,0.0,0.0,1,0.5,0.5
2024-04-15,0.052987822146700614,0.052987822146700614,0.0,0.0,1,0.5,0.5
2024-04-16,-0.008306872887432148,-0.008306872887432148,0.0,0.0,1,0.5,0.5
2024-04-17,-0.016456961919839974,-0.016456961919839974,0.0,0.0,1,0.5,0.5
2024-04-18,0.0014757554462403455,0.0009757554462403455,1.0,0.0005,1,0.5,0.5
2024-04-19,0.0005605381165919576,0.0005605381165919576,0.0,0.0,1,0.5,0.5
2024-04-22,0.0292553191489362,0.0292553191489362,0.0,0.0,1,0.5,0.5
2024-04-23,-0.0017852419994710544,-0.0017852419994710544,0.0,0.0,1,0.5,0.5
2024-04-24,0.02165041339834639,0.02115041339834639,1.0,0.0005,1,0.5,0.5
2024-04-25,0.043935483870967684,0.043435483870967684,1.0,0.0005,1,0.5,0.5
2024-04-26,-0.0032617720317874577,-0.0032617720317874577,0.0,0.0,1,0.5,0.5
2024-04-29,-0.00501432664756446,-0.00501432664756446,0.0,0.0,1,0.5,0.5
2024-04-30,0.025144717800289373,0.025144717800289373,0.0,0.0,1,0.5,0.5
2024-05-01,0.16884831783212773,0.16884831783212773,0.0,0.0,1,0.5,0.5
2024-05-02,0.022188841201716714,0.022188841201716714,0.0,0.0,1,0.5,0.5
2024-05-03,0.005342319388509931,0.005342319388509931,0.0,0.0,1,0.5,0.5
2024-05-06,-0.025656664227047266,-0.025656664227047266,0.0,0.0,1,0.5,0.5
2024-05-07,-0.009600548602777315,-0.009600548602777315,0.0,0.0,1,0.5,0.5
2024-05-08,0.026175493794791116,0.026175493794791116,0.0,0.0,1,0.5,0.5
2024-05-09,-0.0007502813555083643,-0.0012502813555083643,1.0,0.0005,1,0.5,0.5
2024-05-10,-0.00985597996242954,-0.00985597996242954,0.0,0.0,1,0.5,0.5
2024-05-13,0.025301497266084105,0.025301497266084105,0.0,0.0,1,0.5,0.5
2024-05-14,0.07903376825516506,0.07903376825516506,0.0,0.0,1,0.5,0.5
2024-05-15,-0.02517955395018695,-0.02517955395018695,0.0,0.0,1,0.5,0.5
2024-05-16,-0.009127598407784154,-0.009127598407784154,0.0,0.0,1,0.5,0.5
2024-05-17,0.009038281769138123,0.009038281769138123,0.0,0.0,1,0.5,0.5
2024-05-20,-0.016129032258064557,-0.016629032258064558,1.0,0.0005,1,0.5,0.5
2024-05-21,0.0029992175954098865,0.0024992175954098865,1.0,0.0005,1,0.5,0.5
2024-05-22,-0.025103698582785994,-0.025103698582785994,0.0,0.0,1,0.5,0.5
2024-05-23,-0.0034573742152670395,-0.0034573742152670395,0.0,0.0,1,0.5,0.5
2024-05-24,-0.020888685295464948,-0.020888685295464948,0.0,0.0,1,0.5,0.5
2024-05-28,0.0021990630079358198,0.0021990630079358198,0.0,0.0,1,0.5,0.5
2024-05-29,-0.012660637791527818,-0.012660637791527818,0.0,0.0,1,0.5,0.5
2024-05-30,-0.011768727414786684,-0.011768727414786684,0.0,0.0,1,0.5,0.5
2024-05-31,-0.00510102020404074,-0.00510102020404074,0.0,0.0,1,0.5,0.5
2024-06-03,0.01081244947453508,0.01081244947453508,0.0,0.0,1,0.5,0.5
2024-06-04,0.009594460929772564,0.009594460929772564,0.0,0.0,1,0.5,0.5
2024-06-05,0.00790954968944102,0.00790954968944102,0.0,0.0,1,0.5,0.5
2024-06-06,0.009028374892519397,0.009028374892519397,0.0,0.0,1,0.5,0.5
2024-06-07,0.006991366366366325,0.006991366366366325,0.0,0.0,1,0.5,0.5
2024-06-10,-0.01818602498843125,-0.01818602498843125,0.0,0.0,1,0.5,0.5
2024-06-11,0.03337495197848628,0.03337495197848628,0.0,0.0,1,0.5,0.5
2024-06-12,-0.019492212118483843,-0.019492212118483843,0.0,0.0,1,0.5,0.5
2024-06-13,-0.017238148772718787,-0.017238148772718787,0.0,0.0,1,0.5,0.5
2024-06-14,0.00391831712959867,0.0034183171295986696,1.0,0.0005,1,0.5,0.5
2024-06-17,-0.012549261573981896,-0.012549261573981896,0.0,0.0,1,0.5,0.5
2024-06-18,-0.0013712800201439168,-0.0013712800201439168,0.0,0.0,1,0.5,0.5
2024-06-20,0.006264501160092806,0.006264501160092806,0.0,0.0,1,0.5,0.5
2024-06-21,-0.03761053000485254,-0.03761053000485254,0.0,0.0,1,0.5,0.5
2024-06-24,0.04503516379404582,0.04503516379404582,0.0,0.0,1,0.5,0.5
2024-06-25,-0.007699486700886604,-0.008199486700886605,1.0,0.0005,1,0.5,0.5
2024-06-26,0.023210745474127603,0.022710745474127603,1.0,0.0005,1,0.5,0.5
2024-06-27,-0.04848564311000392,-0.04848564311000392,0.0,0.0,1,0.5,0.5
2024-06-28,-0.0661928651059086,-0.0666928651059086,1.0,0.0005,1,0.5,0.5
2024-07-01,0.02770639254738194,0.02770639254738194,0.0,0.0,1,0.5,0.5
2024-07-02,-0.015674935321868755,-0.015674935321868755,0.0,0.0,1,0.5,0.5
2024-07-03,-0.02081696779261588,-0.02081696779261588,0.0,0.0,1,0.5,0.5
2024-07-05,-0.0976229508196721,-0.0976229508196721,0.0,0.0,1,0.5,0.5
2024-07-08,-0.03147280505194544,-0.03147280505194544,0.0,0.0,1,0.5,0.5
2024-07-09,-0.03282608695652178,-0.03282608695652178,0.0,0.0,1,0.5,0.5
2024-07-10,-0.014425314099581144,-0.014425314099581144,0.0,0.0,1,0.5,0.5
2024-07-11,0.09307618591279343,0.09307618591279343,0.0,0.0,1,0.5,0.5
2024-07-12,0.03474045647343971,0.03474045647343971,0.0,0.0,1,0.5,0.5
2024-07-15,0.014636449480642133,0.014636449480642133,0.0,0.0,1,0.5,0.5
2024-07-16,0.1577981651376147,0.1577981651376147,0.0,0.0,1,0.5,0.5
2024-07-17,-0.032008368200836856,-0.032008368200836856,0.0,0.0,1,0.5,0.5
2024-07-18,-0.06332886306064672,-0.06332886306064672,0.0,0.0,1,0.5,0.5
2024-07-19,0.01307624113475181,0.012576241134751809,1.0,0.0005,1,0.5,0.5
2024-07-22,-0.003671706263498886,-0.003671706263498886,0.0,0.0,1,0.5,0.5
2024-07-23,-0.014251523063533555,-0.014251523063533555,0.0,0.0,1,0.5,0.5
2024-07-24,0.0007838745800672342,0.0007838745800672342,0.0,0.0,1,0.5,0.5
2024-07-25,0.038237924865831885,0.038237924865831885,0.0,0.0,1,0.5,0.5
2024-07-26,-0.017760697964270877,-0.017760697964270877,0.0,0.0,1,0.5,0.5
2024-07-29,-0.012168856342881784,-0.012168856342881784,0.0,0.0,1,0.5,0.5
2024-07-30,0.003090507726269287,0.003090507726269287,0.0,0.0,1,0.5,0.5
2024-07-31,-0.011079420798595863,-0.011079420798595863,0.0,0.0,1,0.5,0.5
2024-08-01,-0.03702041732106798,-0.03702041732106798,0.0,0.0,1,0.5,0.5
2024-08-02,0.011267264356675577,0.011267264356675577,0.0,0.0,1,0.5,0.5
2024-08-05,0.0190758293838863,0.0190758293838863,0.0,0.0,1,0.5,0.5
2024-08-06,-0.03081488244692998,-0.03081488244692998,0.0,0.0,1,0.5,0.5
2024-08-07,0.009243493067380149,0.009243493067380149,0.0,0.0,1,0.5,0.5
2024-08-08,0.060663959875806084,0.060663959875806084,0.0,0.0,1,0.5,0.5
2024-08-09,-0.02630457933972319,-0.02630457933972319,0.0,0.0,1,0.5,0.5
2024-08-12,0.00573291366906481,0.00573291366906481,0.0,0.0,1,0.5,0.5
2024-08-13,-0.023783062902867302,-0.023783062902867302,0.0,0.0,1,0.5,0.5
2024-08-14,0.030805134189031524,0.030805134189031524,0.0,0.0,1,0.5,0.5
2024-08-15,-0.0056056276104639036,-0.0056056276104639036,0.0,0.0,1,0.5,0.5
2024-08-16,0.004668741662961384,0.004668741662961384,0.0,0.0,1,0.5,0.5
2024-08-19,-0.005837004405286339,-0.005837004405286339,0.0,0.0,1,0.5,0.5
2024-08-20,0.0016714954312458952,0.0016714954312458952,0.0,0.0,1,0.5,0.5
2024-08-21,-0.0240448689471347,-0.0240448689471347,0.0,0.0,1,0.5,0.5
2024-08-22,0.007758721269396918,0.007758721269396918,0.0,0.0,1,0.5,0.5
2024-08-23,0.013998782714546576,0.013498782714546576,1.0,0.0005,1,0.5,0.5
2024-08-26,-0.03952042628774427,-0.03952042628774427,0.0,0.0,1,0.5,0.5
2024-08-27,-0.052073288331726086,-0.052073288331726086,0.0,0.0,1,0.5,0.5
2024-08-28,0.024757804090419833,0.024757804090419833,0.0,0.0,1,0.5,0.5
2024-08-29,-0.0035897435897436214,-0.0035897435897436214,0.0,0.0,1,0.5,0.5
2024-08-30,0.006370523415977991,0.006370523415977991,0.0,0.0,1,0.5,0.5
2024-09-03,0.06239374362461747,0.06239374362461747,0.0,0.0,1,0.5,0.5
2024-09-04,-0.06998186215235791,-0.06998186215235791,0.0,0.0,1,0.5,0.5
2024-09-05,-0.04112478031634448,-0.04112478031634448,0.0,0.0,1,0.5,0.5
2024-09-06,-0.003255457679050111,-0.003255457679050111,0.0,0.0,1,0.5,0.5
2024-09-09,0.0032767925983037127,0.0032767925983037127,0.0,0.0,1,0.5,0.5
2024-09-10,0.034278054385292966,0.034278054385292966,0.0,0.0,1,0.5,0.5
2024-09-11,-0.019892473118279574,-0.019892473118279574,0.0,0.0,1,0.5,0.5
2024-09-12,0.05673758865248224,0.05673758865248224,0.0,0.0,1,0.5,0.5
2024-09-13,0.00016761649346297425,0.00016761649346297425,0.0,0.0,1,0.5,0.5
2024-09-16,-0.030831099195710476,-0.030831099195710476,0.0,0.0,1,0.5,0.5
2024-09-17,0.005357142857142838,0.005357142857142838,0.0,0.0,1,0.5,0.5
2024-09-18,0.005477031802120114,0.005477031802120114,0.0,0.0,1,0.5,0.5
2024-09-19,-0.03687521845508562,-0.03687521845508562,0.0,0.0,1,0.5,0.5
2024-09-20,0.0020754716981131738,0.0020754716981131738,0.0,0.0,1,0.5,0.5
2024-09-23,-0.014280345734686173,-0.014280345734686173,0.0,0.0,1,0.5,0.5
2024-09-24,-0.028239845261121888,-0.028239845261121888,0.0,0.0,1,0.5,0.5
2024-09-25,-0.011480114801148078,-0.011480114801148078,0.0,0.0,1,0.5,0.5
2024-09-26,0.03126311372219892,0.03126311372219892,0.0,0.0,1,0.5,0.5
2024-09-27,0.016390205371248023,0.016390205371248023,0.0,0.0,1,0.5,0.5
2024-09-30,-0.03910133843212232,-0.03910133843212232,0.0,0.0,1,0.5,0.5
2024-10-01,-0.005496784899398477,-0.005496784899398477,0.0,0.0,1,0.5,0.5
2024-10-02,-0.013003355704698016,-0.013003355704698016,0.0,0.0,1,0.5,0.5
2024-10-03,0.06223083548664943,0.06223083548664943,0.0,0.0,1,0.5,0.5
2024-10-04,-0.022979701263883545,-0.022979701263883545,0.0,0.0,1,0.5,0.5
2024-10-07,-0.014251304696908884,-0.014251304696908884,0.0,0.0,1,0.5,0.5
2024-10-08,-0.032851239669421495,-0.032851239669421495,0.0,0.0,1,0.5,0.5
2024-10-09,-0.007671957671957663,-0.008171957671957664,1.0,0.0005,1,0.5,0.5
2024-10-10,0.036002149382052706,0.036002149382052706,0.0,0.0,1,0.5,0.5
2024-10-11,0.007518796992481258,0.007518796992481258,0.0,0.0,1,0.5,0.5
2024-10-14,0.039259259259259216,0.039259259259259216,0.0,0.0,1,0.5,0.5
2024-10-15,0.03708791208791207,0.03708791208791207,0.0,0.0,1,0.5,0.5
2024-10-16,-0.04028132992327366,-0.04028132992327366,0.0,0.0,1,0.5,0.5
2024-10-17,-0.00614250614250611,-0.0066425061425061105,1.0,0.0005,1,0.5,0.5
2024-10-18,-0.008884150675195435,-0.008884150675195435,0.0,0.0,1,0.5,0.5
2024-10-21,0.002195121951219514,0.0016951219512195141,1.0,0.0005,1,0.5,0.5
2024-10-22,-0.02922194334887057,-0.029721943348870572,1.0,0.0005,1,0.5,0.5
2024-10-23,-0.014228657014478285,-0.014728657014478286,1.0,0.0005,1,0.5,0.5
2024-10-24,0.04624871531346353,0.04624871531346353,0.0,0.0,1,0.5,0.5
2024-10-25,0.0230479774223894,0.0230479774223894,0.0,0.0,1,0.5,0.5
2024-10-28,-0.009217625899280601,-0.009217625899280601,0.0,0.0,1,0.5,0.5
2024-10-29,-0.0342846553002224,-0.0347846553002224,1.0,0.0005,1,0.5,0.5
2024-10-30,-0.026263430163151635,-0.026263430163151635,0.0,0.0,1,0.5,0.5
2024-10-31,0.0008399832003360697,0.0008399832003360697,0.0,0.0,1,0.5,0.5
2024-11-01,0.0018867924528301883,0.0018867924528301883,0.0,0.0,1,0.5,0.5
2024-11-04,0.003968253968253954,0.003968253968253954,0.0,0.0,1,0.5,0.5
2024-11-05,-0.03336096145876499,-0.03336096145876499,0.0,0.0,1,0.5,0.5
2024-11-06,-0.023645648312611067,-0.023645648312611067,0.0,0.0,1,0.5,0.5
2024-11-07,0.00734597156398098,0.006845971563980979,1.0,0.0005,1,0.5,0.5
2024-11-08,0.00840728631480614,0.00840728631480614,0.0,0.0,1,0.5,0.5
2024-11-11,-0.023197060174552087,-0.023197060174552087,0.0,0.0,1,0.5,0.5
2024-11-12,-0.0310693641618498,-0.0310693641618498,0.0,0.0,1,0.5,0.5
2024-11-13,-0.0005136106831021836,-0.0005136106831021836,0.0,0.0,1,0.5,0.5
2024-11-14,-0.02930591259640103,-0.02930591259640103,0.0,0.0,1,0.5,0.5
2024-11-15,0.018296013107591547,0.018296013107591547,0.0,0.0,1,0.5,0.5
2024-11-18,0.02687038988408852,0.02687038988408852,0.0,0.0,1,0.5,0.5
2024-11-19,-0.034499999999999975,-0.034499999999999975,0.0,0.0,1,0.5,0.5
2024-11-20,-0.005370569280343684,-0.005370569280343684,0.0,0.0,1,0.5,0.5
2024-11-21,0.01574375678610207,0.01574375678610207,0.0,0.0,1,0.5,0.5
2024-11-22,0.0050000000000000044,0.0050000000000000044,0.0,0.0,1,0.5,0.5
2024-11-25,0.0002605523710265123,0.0002605523710265123,0.0,0.0,1,0.5,0.5
2024-11-26,-0.0067708333333332815,-0.0067708333333332815,0.0,0.0,1,0.5,0.5
2024-11-27,-0.012671594508975703,-0.012671594508975703,0.0,0.0,1,0.5,0.5
2024-11-29,0.0008125677139760867,0.0008125677139760867,0.0,0.0,1,0.5,0.5
2024-12-02,-0.019469983775013466,-0.019469983775013466,0.0,0.0,1,0.5,0.5
2024-12-03,-0.0047833427124366334,-0.0047833427124366334,0.0,0.0,1,0.5,0.5
2024-12-04,-0.002272727272727315,-0.002272727272727315,0.0,0.0,1,0.5,0.5
2024-12-05,0.02910958904109584,0.02910958904109584,0.0,0.0,1,0.5,0.5
2024-12-06,-0.0357142857142857,-0.0362142857142857,1.0,0.0005,1,0.5,0.5
2024-12-09,-0.018488745980707433,-0.018988745980707433,1.0,0.0005,1,0.5,0.5
2024-12-10,0.02225932109070672,0.02225932109070672,0.0,0.0,1,0.5,0.5
2024-12-11,-0.006933744221879812,-0.007433744221879812,1.0,0.0005,1,0.5,0.5
2024-12-12,-0.0011191941801903527,-0.0016191941801903527,1.0,0.0005,1,0.5,0.5
2024-12-13,-0.02304147465437789,-0.023541474654377892,1.0,0.0005,1,0.5,0.5
2024-12-16,-0.017713365539452464,-0.017713365539452464,0.0,0.0,1,0.5,0.5
2024-12-17,-0.01669449081803004,-0.01669449081803004,0.0,0.0,1,0.5,0.5
2024-12-18,-0.0026164311878597024,-0.0031164311878597024,1.0,0.0005,1,0.5,0.5
2024-12-19,0.034903055782142145,0.034403055782142145,1.0,0.0005,1,0.5,0.5
2024-12-20,-0.04389071938495326,-0.04439071938495326,1.0,0.0005,1,0.5,0.5
2024-12-23,0.032437911809427344,0.031937911809427344,1.0,0.0005,1,0.5,0.5
2024-12-24,0.019276534983341254,0.019276534983341254,0.0,0.0,1,0.5,0.5
2024-12-26,-0.01667003143656448,-0.01717003143656448,1.0,0.0005,1,0.5,0.5
2024-12-27,0.0003132738610257535,0.0003132738610257535,0.0,0.0,1,0.5,0.5
2024-12-30,-0.017219273659729306,-0.017219273659729306,0.0,0.0,1,0.5,0.5
