date,ticker,w_bod,r,contrib,sleeve
2026-02-04,ADBE,0.1428571428571428,0.028610300403945743,0.004087185771992247,core
2026-02-04,C,0.1428571428571428,-0.0023787031987687612,-0.0003398147426812515,core
2026-02-04,COIN,0.1428571428571428,-0.06144945073965968,-0.008778492962808523,core
2026-02-04,CRWD,0.1428571428571428,-0.01510451110621136,-0.0021577873008873363,core
2026-02-04,INTC,0.1428571428571428,-0.013198000525460052,-0.0018854286464942923,core
2026-02-04,MU,0.1428571428571428,-0.09546060569616655,-0.013637229385166644,core
2026-02-04,SNPS,0.1428571428571428,-0.00038174275067381913,-5.453467866768842e-05,core
2026-02-05,ADBE,0.1428571428571428,-0.036895274112144216,-0.0052707534445920285,core
2026-02-05,C,0.1428571428571428,-0.014391566622511065,-0.002055938088930151,core
2026-02-05,COIN,0.1428571428571428,-0.13343613243709884,-0.019062304633871256,core
2026-02-05,CRWD,0.1428571428571428,-0.09196837210286513,-0.013138338871837869,core
2026-02-05,INTC,0.1428571428571428,-0.007407341706934245,-0.0010581916724191774,core
2026-02-05,MU,0.1428571428571428,0.00919875722009289,0.0013141081742989837,core
2026-02-05,SNPS,0.1428571428571428,-0.020382854362950842,-0.0029118363375644045,core
2026-02-06,ADBE,0.1428571428571428,-0.0037492472278272126,-0.0005356067468324587,core
2026-02-06,C,0.1428571428571428,0.06004841428320695,0.00857834489760099,core
2026-02-06,COIN,0.1428571428571428,0.13003011658166352,0.018575730940237636,core
2026-02-06,CRWD,0.1428571428571428,0.048626567397960674,0.00694665248542295,core
2026-02-06,INTC,0.1428571428571428,0.04871472620968165,0.00695924660138309,core
2026-02-06,MU,0.1428571428571428,0.030818201559682956,0.004402600222811849,core
2026-02-06,SNPS,0.1428571428571428,0.04005458128743977,0.005722083041062822,core
2026-02-09,ADBE,0.13546058592545113,-0.005514609730238207,-0.0007470122652082615,core
2026-02-09,C,0.14413517772366138,0.008802592506881313,0.001268763235408308,core
2026-02-09,COIN,0.15365061585109163,0.012899739255084253,0.0019820528808621976,core
2026-02-09,CRWD,0.1425821449484078,0.03170672198463187,0.004520812429851649,core
2026-02-09,INTC,0.14259413193487377,-0.00691833313037038,-0.0009865137071614423,core
2026-02-09,MU,0.14016073481233982,-0.028351396584640143,-0.003973752578259224,core
2026-02-09,SNPS,0.1414166088041741,0.028157770043531594,0.003981976351043999,core
2026-02-10,ADBE,0.108853314023044,-0.00835511622235141,-0.0009094820898506473,sleeve_2
2026-02-10,ADSK,0.0620490604972945,0.004329373920928026,0.0002686335843350722,charlie_munger
2026-02-10,AON,0.0620490604972945,0.024424932639642627,0.0015155441229995285,charlie_munger
2026-02-10,C,0.108853314023044,-0.01308873642561359,-0.0014247523363021706,sleeve_2
2026-02-10,CI,0.0620490604972945,-0.022384556321972116,-0.0013889406894271438,charlie_munger
2026-02-10,COIN,0.085037141501028,-0.028340840018918123,-0.002410024022946737,sleeve_trend
2026-02-10,CRM,0.0683683888700348,-0.002989272322953651,-0.00020437173261412747,sleeve_trend
2026-02-10,CRWD,0.0843298581967465,0.013111474344375873,0.001105688772211497,sleeve_trend
2026-02-10,EOG,0.0620490604972945,-0.010274893387506867,-0.0006375474814046649,charlie_munger
2026-02-10,INTC,0.0877302557046798,-0.06190287632264413,-0.0054307551686407374,sleeve_trend
2026-02-10,MMC,0.0620490604972945,0.0,0.0,charlie_munger
2026-02-10,MU,0.108853314023044,-0.02672748418923032,-0.002909375229496232,sleeve_2
2026-02-10,SNPS,0.0377291111719056,-0.0033036721567946126,-0.00012464461407923308,sleeve_trend
2026-02-11,ADBE,0.1088540940005782,-0.0283749929520275,-0.0030887341500657455,sleeve_2
2026-02-11,ADSK,0.0620504782747962,-0.0451186690637545,-0.002799634994528218,charlie_munger
2026-02-11,AMAT,0.0757636956387156,0.032850190165396365,0.002488851809365019,sleeve_trend
2026-02-11,AON,0.0620504782747962,-0.025006368986601135,-0.001551657155534631,charlie_munger
2026-02-11,C,0.1088540940005782,-0.038968523883114115,-0.004241883361836281,sleeve_2
2026-02-11,CI,0.0620504782747962,0.02404366299087335,0.0014919207880617082,charlie_munger
2026-02-11,CMCSA,0.0620504782747962,0.005261456920962582,0.0003264759183679648,charlie_munger
2026-02-11,COIN,0.0753246953091874,-0.05728876914214731,-0.004315259080270623,sleeve_trend
2026-02-11,CRWD,0.0746981937775992,0.005853994592042389,0.0004372828224094001,sleeve_trend
2026-02-11,EOG,0.0620504782747962,0.04897958487529519,0.0030392066672130405,charlie_munger
2026-02-11,EQIX,0.0596885241785374,0.012582684112067755,0.0007510418448540546,sleeve_trend
2026-02-11,INTC,0.0777102177202443,0.024612769385165212,0.0019126636676193522,sleeve_trend
2026-02-11,MU,0.1088540940005782,0.09937040030629185,0.010816874895816179,sleeve_2
2026-02-12,ADBE,0.10521119673021977,0.020765267778215746,0.0021847386733695505,sleeve_2
2026-02-12,ADSK,0.05894039539602144,-0.039124601178060714,-0.0023060194631465444,charlie_munger
2026-02-12,AMAT,0.0778425391436039,-0.03380609667127388,-0.0026315524034260943,sleeve_trend
2026-02-12,AON,0.0601818343900256,0.014582090371409784,0.0008775769477925705,charlie_munger
2026-02-12,C,0.10406408950389949,-0.053156111034928566,-0.005531642296418025,sleeve_2
2026-02-12,CI,0.06320946534821519,-0.024157711182710262,-0.0015269960078957148,charlie_munger
2026-02-12,CMCSA,0.06205012688771279,-0.020320147062046878,-0.001260867703576993,charlie_munger
2026-02-12,COIN,0.070637378583517,-0.07904700294767542,-0.005583673073107333,sleeve_trend
2026-02-12,CRWD,0.07474180035084547,-0.010269086935722815,-0.0007675300455352702,sleeve_trend
2026-02-12,EOG,0.06474864414228698,-0.0031297582431990545,-0.00020264760274028485,charlie_munger
2026-02-12,EQIX,0.060122889764321404,0.10414736741981678,0.0062616406906259225,sleeve_trend
2026-02-12,INTC,0.0792056931472246,-0.03748190803427842,-0.0029687805063355493,sleeve_trend
2026-02-12,MU,0.11904394661210577,0.008846351787739959,0.001053104629931622,sleeve_2
2026-02-13,ADBE,0.125,0.00560000465029753,0.0007000005812871912,sleeve_2
2026-02-13,AMAT,0.125,0.08075760839267154,0.010094701049083943,sleeve_trend
2026-02-13,C,0.125,-0.0026090922921571114,-0.0003261365365196389,sleeve_2
2026-02-13,COIN,0.125,0.1646467615655438,0.020580845195692976,sleeve_trend
2026-02-13,CRWD,0.125,0.043981157913447255,0.005497644739180907,sleeve_trend
2026-02-13,EQIX,0.125,-0.001753879930594282,-0.00021923499132428526,sleeve_trend
2026-02-13,INTC,0.125,0.006669564895527058,0.0008336956119408823,sleeve_trend
2026-02-13,MU,0.125,-0.005580139480252044,-0.0006975174350315055,sleeve_2
2026-02-17,ABNB,0.0620497799609695,0.0237330442441388,0.0014726301731527662,charlie_munger
2026-02-17,ADBE,0.1088537098369535,-0.013334806975770053,-0.0014515432092722567,sleeve_2
2026-02-17,ADSK,0.0620497799609695,-0.025516797272450265,-0.0015833116560642056,charlie_munger
2026-02-17,AMT,0.0620497799609695,0.005153615516568344,0.0003197807088065039,charlie_munger
2026-02-17,AON,0.0620497799609695,0.013242112932327466,0.0008216701936692278,charlie_munger
2026-02-17,C,0.1088537098369535,0.026339506424666093,0.002867152989599175,sleeve_2
2026-02-17,CI,0.0620497799609695,-0.0025048560509963735,-0.00015542576679822796,charlie_munger
2026-02-17,COIN,0.0879373673752523,0.010345647958059923,0.0009097690452229443,sleeve_trend
2026-02-17,CRM,0.0707001202391744,-0.02862113651761289,-0.0020235177931770564,sleeve_trend
2026-02-17,CRWD,0.08720596188973,-0.035739247888474046,-0.003116675489329881,sleeve_trend
2026-02-17,DIS,0.0783306435141919,-9.477677881430946e-05,-7.423926074727089e-06,sleeve_trend
2026-02-17,MU,0.1088537098369535,-0.028858801485320273,-0.0031413876031252956,sleeve_2
2026-02-17,SNPS,0.039015877665943,-0.03463813918805747,-0.0013514374011371565,sleeve_trend
2026-02-18,ADBE,0.125,0.010443467434130937,0.0013054334292663672,sleeve_2
2026-02-18,C,0.125,0.021884359110103224,0.002735544888762903,sleeve_2
2026-02-18,COIN,0.125,-0.011866047283495385,-0.001483255910436923,sleeve_trend
2026-02-18,CRM,0.125,0.01899182822529455,0.0023739785281618186,sleeve_trend
2026-02-18,CRWD,0.125,0.0035603656672995587,0.00044504570841244484,sleeve_trend
2026-02-18,MPC,0.125,0.0001504528862159571,1.8806610776994637e-05,sleeve_trend
2026-02-18,MU,0.125,0.05295423111716979,0.006619278889646224,sleeve_2
2026-02-18,SNPS,0.125,0.04825212646651811,0.0060315158083147635,sleeve_trend
2026-02-19,ABNB,0.2,0.012392379151265231,0.0024784758302530464,charlie_munger
2026-02-19,AMT,0.2,-0.00980605156985026,-0.0019612103139700523,charlie_munger
2026-02-19,AON,0.2,0.004086849749274313,0.0008173699498548626,charlie_munger
2026-02-19,CI,0.2,-0.014476777826252452,-0.0028953555652504906,charlie_munger
2026-02-19,CMCSA,0.2,-0.006962090382398811,-0.0013924180764797623,charlie_munger
2026-02-20,ABNB,0.0689416664361398,0.016532881896655027,0.0011398044289472854,charlie_munger
2026-02-20,ADBE,0.1034127607510116,-0.0023147491350448135,-0.00023937459850100035,sleeve_2
2026-02-20,AMAT,0.0741482515524132,0.015006929376541134,0.0011127375744410712,sleeve_trend
2026-02-20,AMT,0.0689416664361398,0.013637118328066133,0.0009401656629237039,charlie_munger
2026-02-20,AON,0.0689416664361398,0.0023744417005024943,0.00016369796768810353,charlie_munger
2026-02-20,C,0.1034127607510116,0.0038943711529950686,0.00040272767232032026,sleeve_2
2026-02-20,CI,0.0689416664361398,-0.01962088539234541,-0.0013526965359008053,charlie_munger
2026-02-20,CMCSA,0.0689416664361398,-0.0012746469291580187,-8.787628341386205e-05,charlie_munger
2026-02-20,COIN,0.0737186116491452,0.03260216694295681,0.0024033864837884325,sleeve_trend
2026-02-20,CRWD,0.073105468470601,-0.07945233188295198,-0.005808399943384872,sleeve_trend
2026-02-20,DIS,0.065665216753753,-0.003962218691611286,-0.0002601799492104267,sleeve_trend
2026-02-20,EQIX,0.0584158371403531,0.010979960426837687,0.0006414035801016722,sleeve_trend
2026-02-20,MU,0.1034127607510116,0.025925454423070704,0.002681022815614266,sleeve_2
2026-02-23,AAPL,0.1,0.006047257970275721,0.0006047257970275722,sleeve_trend
2026-02-23,ABBV,0.1,0.020773101422297158,0.002077310142229716,sleeve_trend
2026-02-23,ABNB,0.1,-0.038548755404676505,-0.0038548755404676505,sleeve_trend
2026-02-23,ABT,0.1,0.027448543346031418,0.0027448543346031418,sleeve_trend
2026-02-23,ACN,0.1,-0.06579990810101022,-0.006579990810101022,sleeve_trend
2026-02-23,COIN,0.1,-0.06483805202574555,-0.006483805202574556,sleeve_trend
2026-02-23,CRM,0.1,-0.037805101078321135,-0.003780510107832114,sleeve_trend
2026-02-23,CRWD,0.1,-0.09848177799836577,-0.009848177799836579,sleeve_trend
2026-02-23,DIS,0.1,-0.011081636229933967,-0.0011081636229933968,sleeve_trend
2026-02-23,SNPS,0.1,-0.04346046054253505,-0.0043460460542535054,sleeve_trend
2026-02-24,ADI,0.0955224109477866,0.002646691225407505,0.0002528183268852766,sleeve_trend
2026-02-24,AEP,0.1111111111111111,0.002726670252869212,0.0003029633614299124,sleeve_trend
2026-02-24,DE,0.0770030841733842,-0.0035558265335041694,-0.0002738096098653745,sleeve_trend
2026-02-24,FDX,0.1030444334084749,0.007427515598538825,0.0007653641364840425,sleeve_trend
2026-02-24,GLW,0.0645574726948225,0.04364893225661248,0.002817864752314417,sleeve_trend
2026-02-24,JNJ,0.1111111111111111,0.007115489805411324,0.0007906099783790359,sleeve_trend
2026-02-24,KMI,0.1111111111111111,-0.00030587801471748666,-3.398644607972074e-05,sleeve_trend
2026-02-24,MRK,0.1096725685511305,0.0008884032367886263,9.743346488774684e-05,sleeve_trend
2026-02-24,ROST,0.1111111111111111,-0.006637237482497227,-0.0007374708313885808,sleeve_trend
2026-02-24,WMB,0.1057555857799566,0.00712527371445959,0.0007535374955152011,sleeve_trend
2026-02-25,ADI,0.091807668268075,0.013227057796870278,0.0012143453343777216,sleeve_trend
2026-02-25,FDX,0.0999404557171757,-0.010270057527409504,-0.0010263942295309165,sleeve_trend
2026-02-25,GLW,0.0575863484561018,0.05831518687152304,0.0033581586714662185,sleeve_trend
2026-02-25,JCI,0.0942907758139259,-0.0015202873082100776,-0.00014334906975119332,sleeve_trend
2026-02-25,JNJ,0.1111111111111111,-0.004507065528890575,-0.0005007850587656194,sleeve_trend
2026-02-25,MRK,0.1080843383742561,-0.011861555347022712,-0.0012820483617725696,sleeve_trend
2026-02-25,NEE,0.1111111111111111,-0.005957317415883678,-0.0006619241573204087,sleeve_trend
2026-02-25,ROST,0.1111111111111111,0.004886510464060079,0.0005429456071177865,sleeve_trend
2026-02-25,WBD,0.1111111111111111,-0.008576329443279906,-0.0009529254936977673,sleeve_trend
2026-02-25,WMB,0.1038459689260208,0.006394496909545966,0.0006640427273662464,sleeve_trend
2026-02-26,AMAT,0.0758982868871795,-0.04868968708969679,-0.003695463839180807,sleeve_trend
2026-02-26,CL,0.1053706628341822,0.009103218034269611,0.00095921211819507,sleeve_trend
2026-02-26,FDX,0.1063967032318943,0.013303993482634446,0.0014155010463709132,sleeve_trend
2026-02-26,GEV,0.0842335055244238,0.0005136522045856573,4.326672581259843e-05,sleeve_trend
2026-02-26,GLW,0.07351748643548,-0.06314272151554445,-0.004642094172518331,sleeve_trend
2026-02-26,JNJ,0.1111111111111111,-0.006933955783152812,-0.0007704395314614235,sleeve_trend
2026-02-26,MRK,0.1111111111111111,-0.02580429418359398,-0.0028671437981771086,sleeve_trend
2026-02-26,ROST,0.1111111111111111,0.009775293165285026,0.0010861436850316695,sleeve_trend
2026-02-26,WBD,0.1111111111111111,-0.003460220857774976,-0.00038446898419721955,sleeve_trend
2026-02-26,WMB,0.1101389106423955,0.010815231030020245,0.0011911777639922628,sleeve_trend
2026-02-27,AMAT,0.07276048186297646,-0.009102570389630027,-0.0006623074077411421,sleeve_trend
2026-02-27,CL,0.10715111419981302,0.016299310417119406,0.0017464892718829633,sleeve_trend
2026-02-27,FDX,0.10864489230263774,-0.0017539563949604542,-0.0001905584036340013,sleeve_trend
2026-02-27,GEV,0.08492768426391174,-0.003263126317065601,-0.0002771297615690085,sleeve_trend
2026-02-27,GLW,0.06940735165193124,0.002399694560250909,0.00016655644420056134,sleeve_trend
2026-02-27,JNJ,0.11119288823212117,0.020372067464276666,0.0022652290206125474,sleeve_trend
2026-02-27,MRK,0.10907999006096551,0.03788762890952824,0.004132782184884889,sleeve_trend
2026-02-27,ROST,0.11306381077708802,0.010515911720699878,0.001188969052937773,sleeve_trend
2026-02-27,WBD,0.11158183982457055,-0.021874971439440283,-0.002440849559322681,sleeve_trend
2026-02-27,WMB,0.11218994682398457,-0.0006687066412228715,-7.502216251963928e-05,sleeve_trend
2026-03-02,ADI,0.0976943970911078,-0.009499939993385942,-0.0009280909100555422,sleeve_trend
2026-03-02,BMY,0.1023967386747897,-0.0004809898104148891,-4.9251787922290035e-05,sleeve_trend
2026-03-02,CSX,0.1111111111111111,0.01124389000859205,0.0012493211120657834,sleeve_trend
2026-03-02,EQIX,0.0782484777066701,-0.008375621926254517,-0.0006553796655760239,sleeve_trend
2026-03-02,FDX,0.1006041690602096,0.0006460061728601474,6.499091422836125e-05,sleeve_trend
2026-03-02,GLW,0.0683469726468496,0.04974053941663725,0.00339961528694845,sleeve_trend
2026-03-02,KMI,0.1111111111111111,0.01863536240537811,0.00207059582281979,sleeve_trend
2026-03-02,MNST,0.1111111111111111,-0.04970697938417823,-0.005522997709353136,sleeve_trend
2026-03-02,ROST,0.1111111111111111,-0.016242003384312587,-0.0018046670427013984,sleeve_trend
2026-03-02,WMB,0.1082648003759285,0.020610340238808922,0.0022313743716346145,sleeve_trend
2026-03-03,ADI,0.1012063785388905,-0.03506882801910516,-0.0035491890834168064,sleeve_trend
2026-03-03,CL,0.1111111111111111,-0.018396728684979102,-0.002044080964997678,sleeve_trend
2026-03-03,FDX,0.096910050095314,-0.012188525427143437,-0.001181190609732479,sleeve_trend
2026-03-03,GLW,0.0591242925329905,-0.06518429755962452,-0.003853975477472739,sleeve_trend
2026-03-03,JNJ,0.1111111111111111,-0.007281952172203288,-0.0008091057969114763,sleeve_trend
2026-03-03,KMI,0.1111111111111111,0.0020655084959968484,0.00022950094399964982,sleeve_trend
2026-03-03,LMT,0.0882046184753011,-0.01312244648020422,-0.001157460385248971,sleeve_trend
2026-03-03,ROST,0.1111111111111111,-0.0230350375255729,-0.0025594486139525444,sleeve_trend
2026-03-03,VZ,0.1039985253731482,0.017807090925150426,0.0018519111974012136,sleeve_trend
2026-03-03,WMB,0.1061116905399109,-0.0049830349433676036,-0.0005287582618601856,sleeve_trend
2026-03-04,ADI,0.09900381931316324,0.007433956619621096,0.0007359900979508608,sleeve_trend
2026-03-04,CL,0.11057099437141245,-0.0024080957026744176,-0.0002662655363862355,sleeve_trend
2026-03-04,FDX,0.09704889891273119,0.004078083357696105,0.0003957734995387407,sleeve_trend
2026-03-04,GLW,0.056032459193807164,-0.018499747523597954,-0.0010365863482117376,sleeve_trend
2026-03-04,JNJ,0.1118229990530872,-0.005876342371654575,-0.0006571102274611457,sleeve_trend
2026-03-04,KMI,0.11287592751322358,-0.0011778900848296026,-0.00013295543583377099,sleeve_trend
2026-03-04,LMT,0.08824748243652057,-0.0050013798940241605,-0.0004413591843562642,sleeve_trend
2026-03-04,ROST,0.11004852013391414,0.08034813937854435,0.008842193834122276,sleeve_trend
2026-03-04,VZ,0.10731004603842548,0.006487189160035323,0.0006961405674233652,sleeve_trend
2026-03-04,WMB,0.10703885303371471,-0.0014496544497148989,-0.00015516934959270364,sleeve_trend
2026-03-05,AAPL,0.1,-0.008494547048829904,-0.0008494547048829904,sleeve_trend
2026-03-05,ABBV,0.1,-0.016258056413573918,-0.0016258056413573918,sleeve_trend
2026-03-05,ABNB,0.1,0.0022872423840862854,0.00022872423840862856,sleeve_trend
2026-03-05,FDX,0.1,-0.027962191322829733,-0.0027962191322829736,sleeve_trend
2026-03-05,GLW,0.1,-0.06973204914099485,-0.006973204914099485,sleeve_trend
2026-03-05,KMI,0.1,-0.015624937928942928,-0.0015624937928942928,sleeve_trend
2026-03-05,LMT,0.1,-0.01426678339461429,-0.0014266783394614293,sleeve_trend
2026-03-05,ROST,0.1,0.0061352233301801284,0.0006135223330180129,sleeve_trend
2026-03-05,VZ,0.1,-0.0003906545344039003,-3.906545344039003e-05,sleeve_trend
2026-03-05,WMB,0.1,-0.013197827653628535,-0.0013197827653628536,sleeve_trend
2026-03-06,AAPL,0.10073720238772495,-0.010872595974432131,-0.0010952749011563332,sleeve_trend
2026-03-06,ABBV,0.09994842789154097,-0.009640708563010358,-0.0009635736646334024,sleeve_trend
2026-03-06,ABNB,0.10183263489490148,-0.019286052692409572,-0.0019639495623899757,sleeve_trend
2026-03-06,FDX,0.0987592848529247,-0.038167894448330464,-0.003769433960059032,sleeve_trend
2026-03-06,GLW,0.09451545683542795,-0.08497848654524409,-0.008031780477007013,sleeve_trend
2026-03-06,KMI,0.10001275288817296,0.005690431837269694,0.0005691157531678459,sleeve_trend
2026-03-06,LMT,0.10015074172907266,0.02560308497979169,0.002564167951278617,sleeve_trend
2026-03-06,ROST,0.10222359072292742,-0.014336939801598225,-0.0014655734664978251,sleeve_trend
2026-03-06,VZ,0.10156055989718113,-0.0011723446693328032,-0.00011906398100991517,sleeve_trend
2026-03-06,WMB,0.10025934790012567,-0.0070884560465409585,-0.0007106839808448994,sleeve_trend
2026-03-09,AAPL,0.10115788463282029,0.009399570490431275,0.0009508406672691089,sleeve_trend
2026-03-09,ABBV,0.10049081462852855,-0.011559660581604847,-0.0011616397086747611,sleeve_trend
2026-03-09,ABNB,0.10138809238369473,0.006004676705040568,0.0006088027165048728,sleeve_trend
2026-03-09,FDX,0.09643503111884867,0.00964620963186058,0.0009302325260274128,sleeve_trend
2026-03-09,GLW,0.08779944323002564,0.04671915418386874,0.004101915725521398,sleeve_trend
2026-03-09,KMI,0.10211212609818035,-0.00833841999615692,-0.000851453794107164,sleeve_trend
2026-03-09,LMT,0.10427761932762816,-0.011343159425739824,-0.0011828376605698945,sleeve_trend
2026-03-09,ROST,0.10229095464689329,0.0018889751201132121,0.0001932250683406104,sleeve_trend
2026-03-09,VZ,0.10298483178431074,-0.013106367781321238,-0.0013497570812626776,sleeve_trend
2026-03-09,WMB,0.10106320214906946,-0.014278017662729403,-0.001442982185336406,sleeve_trend
2026-03-10,AAPL,0.10202747609968112,0.0036555398041986376,0.0003729655000043095,sleeve_trend
2026-03-10,ABBV,0.0992501374427358,-0.0019345193704582986,-0.00019200131340362087,sleeve_trend
2026-03-10,ABNB,0.10191573488449165,-0.011862988527731155,-0.0012090251937300143,sleeve_trend
2026-03-10,FDX,0.09728778887672637,-0.004513944559900951,-0.00043915168534489123,sleeve_trend
2026-03-10,GLW,0.0918282318852636,0.05555985159060728,0.0051019629353731165,sleeve_trend
2026-03-10,KMI,0.10118009791012858,-0.01021015611785614,-0.0010330645956823825,sleeve_trend
2026-03-10,LMT,0.10301274784916369,-0.019468557984700707,-0.0020055096546647963,sleeve_trend
2026-03-10,ROST,0.10240263176101266,0.0036766540555963623,0.00037649905136786805,sleeve_trend
2026-03-10,VZ,0.10155420239239302,0.005153538703137395,0.0005233635124954456,sleeve_trend
2026-03-10,WMB,0.0995409508984033,0.009018839918659038,0.0008977439015037989,sleeve_trend
2026-03-11,AAPL,0.10215590259208762,-7.670678451010549e-05,-7.836050806566591e-06,sleeve_trend
2026-03-11,ABBV,0.09882157876761442,0.0029514227052973574,0.00029166425134806846,sleeve_trend
2026-03-11,ABNB,0.1004662154266598,0.007173036323844029,0.0007206478125745701,sleeve_trend
2026-03-11,FDX,0.09661735625883859,0.00534129656198723,0.0005160619528136299,sleeve_trend
2026-03-11,GLW,0.09669871912309663,-0.032741234149455845,-0.0031660354047617703,sleeve_trend
2026-03-11,KMI,0.0999078755944403,0.0036407640827158527,0.00036374100504468196,sleeve_trend
2026-03-11,LMT,0.10076602624851103,-0.0026873093077353083,-0.00027078948024112406,sleeve_trend
2026-03-11,ROST,0.1025336874699692,-0.0002817724523391796,-2.889116856579223e-05,sleeve_trend
2026-03-11,VZ,0.1018337979457427,-0.0005916052320330545,-6.024540766249829e-05,sleeve_trend
2026-03-11,WMB,0.10019884057303956,0.007584074481454817,0.0007599154698613488,sleeve_trend
2026-03-12,AAPL,0.102238216829105,-0.01936274610273292,-0.001979612634458116,sleeve_trend
2026-03-12,ABBV,0.09920071493779428,-0.01014584890082526,-0.0010064754646127,sleeve_trend
2026-03-12,ABNB,0.10127616522167897,-0.04265688932785028,-0.004320126171410239,sleeve_trend
2026-03-12,FDX,0.09721914284556456,-0.02285634281474236,-0.0022220740570336305,sleeve_trend
2026-03-12,GLW,0.09361523054123283,-0.015103210938678835,-0.0014138905739372886,sleeve_trend
2026-03-12,KMI,0.10036011083538285,0.008464338469259092,0.0008494819469230373,sleeve_trend
2026-03-12,LMT,0.10058392835907876,0.005173525413301183,0.0005203735095353595,sleeve_trend
2026-03-12,ROST,0.10259526141937186,-0.01423409525225705,-0.001460350723473552,sleeve_trend
2026-03-12,VZ,0.10186337230036091,-0.0009864628852178647,-0.00010048443613743554,sleeve_trend
2026-03-12,WMB,0.1010478567104298,-0.011828036757735583,-0.001195197763461362,sleeve_trend
2026-03-13,AAPL,0.10151005634420064,-0.022051876328148423,-0.0022384872085656907,sleeve_trend
2026-03-13,ABBV,0.09941992372292371,-0.025247326946572612,-0.0025100873192359656,sleeve_trend
2026-03-13,ABNB,0.0981662677828183,-0.010963147454512545,-0.0010762112687622014,sleeve_trend
2026-03-13,FDX,0.09618284518040952,-0.004106099112187844,-0.0003949362952029804,sleeve_trend
2026-03-13,GLW,0.0933522193957563,-0.005008836976623465,-0.0004675860483593304,sleeve_trend
2026-03-13,KMI,0.10247291540144964,0.0008992486103884811,9.214862677720997e-05,sleeve_trend
2026-03-13,LMT,0.10236631022110387,-0.01046214988498928,-0.001070971680706499,sleeve_trend
2026-03-13,ROST,0.10239730111517434,-0.014876106312933679,-0.0015232731375468159,sleeve_trend
2026-03-13,VZ,0.1030331168464187,0.014813265521291585,0.0015262569173322615,sleeve_trend
2026-03-13,WMB,0.1010990439897448,0.004726418604710014,0.00047783640243152597,sleeve_trend
2026-03-16,AAPL,0.09999002858913046,0.010794859745288043,0.001079378334547005,sleeve_trend
2026-03-16,ABBV,0.09761120325733144,0.008057153374460002,0.0007864684357099091,sleeve_trend
2026-03-16,ABNB,0.09779272767711215,0.01599369931632655,0.001564067481791137,sleeve_trend
2026-03-16,FDX,0.09648115599783265,0.0019051563963152773,0.00018381169147316297,sleeve_trend
2026-03-16,GLW,0.09355686854518781,0.0226921128139832,0.0021230030155503983,sleeve_trend
2026-03-16,KMI,0.10330735953630701,-0.00239588027124793,-0.00024751206458775466,sleeve_trend
2026-03-16,LMT,0.10202844464724194,-0.0012383946859535477,-0.0001263514836672501,sleeve_trend
2026-03-16,ROST,0.10160408492790778,0.008144341151884005,0.0008274983300778767,sleeve_trend
2026-03-16,VZ,0.10531610271632244,-0.007979710835409715,-0.0008403920459885606,sleeve_trend
2026-03-16,WMB,0.10231202410562594,0.0074993017970930165,0.0007672687462395446,sleeve_trend
2026-03-17,AAPL,0.10045490014599313,0.005577047742174601,0.000560241774049586,sleeve_trend
2026-03-17,ABBV,0.09779940919201181,-0.007631550718322444,-0.0007463611514708084,sleeve_trend
2026-03-17,ABNB,0.09875270114180625,0.028288570891768616,0.0027935727870036257,sleeve_trend
2026-03-17,FDX,0.0960772401106274,0.00655594867703968,0.0006298774551968914,sleeve_trend
2026-03-17,GLW,0.09509813341314582,-0.01635753969604159,-0.001555571492324992,sleeve_trend
2026-03-17,KMI,0.1024332387212958,-0.0012008749396817953,-0.00012300950937084703,sleeve_trend
2026-03-17,LMT,0.10128252361414095,-0.01374768572387286,-0.0013924003039679413,sleeve_trend
2026-03-17,ROST,0.10180879438371727,0.005914558373980583,0.0006021540573670824,sleeve_trend
2026-03-17,VZ,0.10384049340465042,-0.008828733510301001,-0.0009167800438478272,sleeve_trend
2026-03-17,WMB,0.1024525658726104,-0.0027067014107466925,-0.000277308504582013,sleeve_trend
2026-03-18,AAPL,0.1010581507462508,-0.01687444479508171,-0.0017053001858606546,sleeve_trend
2026-03-18,ABBV,0.09709436994136497,-0.05196576991199264,-0.005045583688122867,sleeve_trend
2026-03-18,ABNB,0.10158950889303868,-0.006214415190561429,-0.0006313193872665749,sleeve_trend
2026-03-18,FDX,0.09674829218116825,-0.013872406105299273,-0.0013421315991313163,sleeve_trend
2026-03-18,GLW,0.09358238917554958,-0.00023095628372871158,-2.1613440826438935e-05,sleeve_trend
2026-03-18,KMI,0.10235378944243936,-0.01983768117954532,-0.0020304618424774237,sleeve_trend
2026-03-18,LMT,0.09993265314155958,0.00935051699570466,0.0009344219716260116,sleeve_trend
2026-03-18,ROST,0.10245455155443534,-0.00941732778372606,-0.0009648480949227778,sleeve_trend
2026-03-18,VZ,0.10296753479208985,-0.018408500891446744,-0.0018954779560102597,sleeve_trend
2026-03-18,WMB,0.10221876013210295,-0.012077626223235272,-0.0012345599778780826,sleeve_trend
2026-03-19,AAPL,0.10075708944077201,-0.003920930967820313,-0.00039506159221576405,sleeve_trend
2026-03-19,ABBV,0.09334979054068522,-0.010127661573062996,-0.0009454150865123772,sleeve_trend
2026-03-19,ABNB,0.10238511801559673,-0.0025929351332180106,-0.00026547796962131306,sleeve_trend
2026-03-19,FDX,0.09675461751469251,0.01821356461006829,0.001762246477426297,sleeve_trend
2026-03-19,GLW,0.09488315026373102,0.024796054265964207,0.0023527277428651103,sleeve_trend
2026-03-19,KMI,0.10174128306304675,0.025452276538761476,0.002589547271929075,sleeve_trend
2026-03-19,LMT,0.10229271582530827,-0.007426630423865932,-0.0007596901954881065,sleeve_trend
2026-03-19,ROST,0.10292414431100727,0.016600736797278026,0.0017086166297920922,sleeve_trend
2026-03-19,VZ,0.10250059473035086,-0.002218237641046006,-0.00022737067746046616,sleeve_trend
2026-03-19,WMB,0.1024114962948085,0.017307681141289333,0.0017725055230728795,sleeve_trend
2026-03-20,AAPL,0.09960575836629315,-0.0038962445152316283,-0.00038808838972015657,sleeve_trend
2026-03-20,ABBV,0.09170807018133577,-0.005624693894527022,-0.000515829822427815,sleeve_trend
2026-03-20,ABNB,0.10135012622723312,-0.017355983868779346,-0.0017590311558986086,sleeve_trend
2026-03-20,FDX,0.09777449858437785,0.007694168414508429,0.0007522934587523191,sleeve_trend
2026-03-20,GLW,0.09650316535925495,-0.06387140374257094,-0.006163792637097059,sleeve_trend
2026-03-20,KMI,0.10354465428081545,-0.017942522448444853,-0.0018578522838499927,sleeve_trend
2026-03-20,LMT,0.10076793219386909,-0.015811555347574835,-0.0015932977371440292,sleeve_trend
2026-03-20,ROST,0.10384430971436676,0.0025158941646510335,0.00026126129284258996,sleeve_trend
2026-03-20,VZ,0.1015025529149918,0.010105061118249381,0.001025689500864334,sleeve_trend
2026-03-20,WMB,0.1033989321774612,-0.022279184332560042,-0.002303643869771532,sleeve_trend
2026-03-23,AAPL,0.1,0.014113480475494988,0.0014113480475494988,sleeve_trend
2026-03-23,ABBV,0.1,-0.0006828025439478136,-6.828025439478137e-05,sleeve_trend
2026-03-23,ABNB,0.1,0.03166816005391149,0.0031668160053911487,sleeve_trend
2026-03-23,COP,0.1,0.0021273620643786906,0.00021273620643786907,sleeve_trend
2026-03-23,CVX,0.1,0.017250831375023923,0.0017250831375023924,sleeve_trend
2026-03-23,DELL,0.1,0.043889112595556945,0.004388911259555694,sleeve_trend
2026-03-23,EQIX,0.1,0.008132164572751677,0.0008132164572751677,sleeve_trend
2026-03-23,FDX,0.1,-0.008555035100771491,-0.0008555035100771491,sleeve_trend
2026-03-23,VZ,0.1,0.012004843256422593,0.0012004843256422594,sleeve_trend
2026-03-23,WDC,0.1,0.005765899261784169,0.0005765899261784169,sleeve_trend
2026-03-24,AAPL,0.0634477504687575,0.0005964238375686381,3.784175081967371e-05,sleeve_trend
2026-03-24,ABBV,0.0634477504687575,0.0013175884392764292,8.359802251573053e-05,sleeve_trend
2026-03-24,ABNB,0.0634477504687575,-0.019533874420588404,-0.001239380389925538,sleeve_trend
2026-03-24,BK,0.0399982004718966,0.013234796385780845,0.0005293680390431948,sleeve_mean_reversion
2026-03-24,CB,0.0535656329623713,-0.0023287186053989606,-0.0001247392860894459,sleeve_mean_reversion
2026-03-24,COP,0.0634477504687575,0.01698252629853836,0.0010775030909187736,sleeve_trend
2026-03-24,CVX,0.0634477504687575,0.007699423603141353,0.0004885111075253744,sleeve_trend
2026-03-24,DELL,0.0634477504687575,0.07485266380602495,0.0047492331350864675,sleeve_trend
2026-03-24,FDX,0.0634477504687575,0.011748825710437005,0.0007454365619767297,sleeve_trend
2026-03-24,GLW,0.0110989354529609,0.08429408473515232,0.0009355746055418723,sleeve_mean_reversion
2026-03-24,JNJ,0.0634477504687575,-0.0006371468753271214,-4.042553595770375e-05,sleeve_trend
2026-03-24,MRK,0.0344235536217311,0.005964800007652427,0.00020532961290632538,sleeve_mean_reversion
2026-03-24,MS,0.0217147148356473,0.009432737144363212,0.00020482919720946522,sleeve_mean_reversion
2026-03-24,NOC,0.0267028537204512,0.0031764374226772585,8.481994384991785e-05,sleeve_mean_reversion
2026-03-24,RTX,0.026892678443992,-0.004209044904579851,-0.00011319249117518891,sleeve_mean_reversion
2026-03-24,TRV,0.0610419693128123,-0.008493372174873226,-0.0005184521636609053,sleeve_mean_reversion
2026-03-24,VZ,0.0634477504687575,0.006524305074347092,0.00041395248033922264,sleeve_trend
2026-03-24,WBD,0.0546850935137693,-0.0043795231224605935,-0.00023949463149747249,sleeve_mean_reversion
2026-03-24,WDC,0.0634477504687575,0.021235433477809984,0.0013473404843959871,sleeve_trend
2026-03-24,WM,0.0353988629767926,-0.01138312521700413,-0.0004029496898044018,sleeve_mean_reversion
2026-03-25,AAPL,0.0791506648994615,0.0038944425565474727,0.00030824771776349116,"sleeve_quality, sleeve_trend"
2026-03-25,ABBV,0.0207779780390855,0.00964907617628974,0.0002004882928884113,sleeve_trend
2026-03-25,ABNB,0.0510317016760858,0.013923058143028744,0.00071051734957384,"sleeve_quality, sleeve_trend"
2026-03-25,ADBE,0.0275550541149167,-0.006781911291925735,-0.00018687593265157826,sleeve_quality
2026-03-25,ADSK,0.0328804680139375,-0.01658382234356104,-0.0005452838401162807,sleeve_quality
2026-03-25,ALL,0.0288190202821304,-0.012541555463641663,-0.0003614353412761524,sleeve_2
2026-03-25,BKNG,0.0260927521722705,-0.012329184328289111,-0.0003217023511642891,sleeve_quality
2026-03-25,C,0.0267022266556928,0.006506091815979831,0.00017372713831304143,sleeve_2
2026-03-25,CME,0.0256515410671708,-0.028908411310807014,-0.0007415452999258309,sleeve_mean_reversion
2026-03-25,COST,0.041094565629597,0.001067979818413889,4.388816673889464e-05,sleeve_mean_reversion
2026-03-25,CSX,0.0266585196634924,0.018008746852480773,0.0004800865320817155,sleeve_mean_reversion
2026-03-25,CVX,0.0207779780390855,-0.007930784204466801,-0.00016478566003313736,sleeve_trend
2026-03-25,DELL,0.0207779780390855,0.0401333735817766,0.0008338903549165684,sleeve_trend
2026-03-25,FDX,0.0207779780390855,-0.006778525467416308,-0.00014084405329935782,sleeve_trend
2026-03-25,FTNT,0.0392702012237001,-0.005671754083851455,-0.00022273092416418943,sleeve_quality
2026-03-25,GEV,0.0207779780390855,0.01570248622026993,0.0003262659138438113,sleeve_trend
2026-03-25,GLW,0.0207779780390855,0.03056133827996166,0.0006350028156261064,sleeve_trend
2026-03-25,GM,0.0545213718077948,0.000522443762653646,2.8484350632302734e-05,sleeve_2
2026-03-25,GS,0.0231100918701574,0.0073230922079792204,0.0001692373337000336,sleeve_2
2026-03-25,MO,0.0291363892102164,0.008220022860802478,0.00023950178538921746,sleeve_2
2026-03-25,MPC,0.0207779780390855,-0.01090566374474533,-0.00022659764178996943,sleeve_trend
2026-03-25,MRK,0.0243661253208992,0.025779806663335902,0.0006281539999073948,sleeve_2
2026-03-25,NOW,0.0235822780209417,-0.015193539838525116,-0.000358298280594353,sleeve_quality
2026-03-25,PANW,0.0342998154032957,-0.02538009873904623,-0.0008705327016667037,sleeve_quality
2026-03-25,PFE,0.0276317444270105,0.011869526042386891,0.00032797571007297995,sleeve_2
2026-03-25,PNC,0.0555549294314535,-0.0019384868893383977,-0.0001076925023409925,"sleeve_2, sleeve_mean_reversion"
2026-03-25,QCOM,0.0552278643780557,0.013056737819952424,0.0007210957455401631,sleeve_quality
2026-03-25,STX,0.0151494782260108,-0.02592993013573741,-0.0003928249119933352,sleeve_quality
2026-03-25,TXN,0.0253776782408458,0.01099521865819364,0.00027903312129538247,sleeve_mean_reversion
2026-03-25,USB,0.0291449329513517,-0.004794799346936385,-0.00013974410548164585,sleeve_2
2026-03-25,VZ,0.0525447390399115,-0.010606981936423399,-0.0005573410978504226,"sleeve_2, sleeve_trend"
2026-03-26,AAPL,0.0823497156287485,0.0010688333127273353,8.801811935762927e-05,"sleeve_quality, sleeve_trend"
2026-03-26,ABBV,0.020049053464206,0.01901725764501383,0.00038127801526746256,sleeve_trend
2026-03-26,ABNB,0.0523385901791526,-0.005690008450736861,-0.00029780702041903157,"sleeve_quality, sleeve_trend"
2026-03-26,ADBE,0.0294092701513869,0.015300336703108597,0.00044997173550890114,sleeve_quality
2026-03-26,ADSK,0.0350930381952127,0.018732493825544205,0.0006573801213114089,sleeve_quality
2026-03-26,ALL,0.0278080031336823,0.011968091284223936,0.00033280871993589505,sleeve_2
2026-03-26,BKNG,0.027848567976939,-0.005661055034901663,-0.00015765227596065175,sleeve_quality
2026-03-26,C,0.0257654700003185,-0.01808171789343549,-0.00046588395993753435,sleeve_2
2026-03-26,CME,0.0247516441362848,0.012417893973774019,0.00030736329256097003,sleeve_mean_reversion
2026-03-26,COST,0.0396529027919013,0.004913547989700229,0.0001948364407989252,sleeve_mean_reversion
2026-03-26,CSX,0.0257232963190422,-0.0005054472163512624,-1.3001768519838555e-05,sleeve_mean_reversion
2026-03-26,CVX,0.020049053464206,0.012868652227385091,0.00025800429651911736,sleeve_trend
2026-03-26,DELL,0.020049053464206,-0.04450835092526828,-0.0008923503073043463,sleeve_trend
2026-03-26,FDX,0.020049053464206,-0.022292469777513424,-0.0004469429184185631,sleeve_trend
2026-03-26,FTNT,0.0419127450038982,0.027126370974839054,0.0011369406695495748,sleeve_quality
2026-03-26,GEV,0.020049053464206,-0.05474782242611531,-0.001097642018870042,sleeve_trend
2026-03-26,GLW,0.020049053464206,-0.07536727601486015,-0.0015110425462735017,sleeve_trend
2026-03-26,GM,0.0526086752166212,-0.013183718845271586,-0.0006935779828781412,sleeve_2
2026-03-26,GS,0.0222993530263589,-0.022807219272501844,-0.000508586234107095,sleeve_2
2026-03-26,MO,0.0281142382541115,0.01317030884728454,0.0003702732008127901,sleeve_2
2026-03-26,MPC,0.020049053464206,0.02926424695983254,0.0005867204518874105,sleeve_trend
2026-03-26,MRK,0.0235113228224277,-0.0036860238925932043,-8.66632976699404e-05,sleeve_2
2026-03-26,NOW,0.0251691606995447,0.005627807537303076,0.00014164719229249002,sleeve_quality
2026-03-26,PANW,0.036607895347669,0.020493404024488182,0.0007502203898459621,sleeve_quality
2026-03-26,PFE,0.0266623788072304,0.010630460340566472,0.0002834333604954228,sleeve_2
2026-03-26,PNC,0.0536059739920887,-0.002379155945022915,-0.0001275369717120216,"sleeve_2, sleeve_mean_reversion"
2026-03-26,QCOM,0.0589442204179575,0.0014574943879710478,8.591087046250151e-05,sleeve_quality
2026-03-26,STX,0.0161689066529584,-0.08332120662979015,-0.0013472128122089353,sleeve_quality
2026-03-26,TXN,0.0244873888542492,-0.017075714438143264,-0.0004181396594109315,sleeve_mean_reversion
2026-03-26,USB,0.0281224822671952,-0.005781465272105435,-0.00016258915459318996,sleeve_2
2026-03-26,VZ,0.0507013858755771,0.007345689697364266,0.0003724366478683168,"sleeve_2, sleeve_trend"
2026-03-27,AAPL,0.0452774692223619,-0.016173068672430957,-0.0007322756190471381,"sleeve_quality, sleeve_trend"
2026-03-27,ABBV,0.0120322506362769,-0.008146992457943258,-9.802665518583088e-05,sleeve_trend
2026-03-27,ABNB,0.0346796262760908,-0.06249042396288895,-0.0021671445488674577,"sleeve_quality, sleeve_trend"
2026-03-27,ADSK,0.0205347757151344,-0.04165452786095292,-0.0008553663871444853,sleeve_quality
2026-03-27,ALL,0.0188679985224637,-0.021480914406065033,-0.00040530186127480424,sleeve_2
2026-03-27,BKNG,0.0157752437740893,-0.03598211322332179,-0.0005676266076047833,sleeve_quality
2026-03-27,C,0.0176190602912336,-0.04474696469744899,-0.0007883994688540551,sleeve_2
2026-03-27,CL,0.0276698041558306,0.0017828008439928489,4.932975020213163e-05,sleeve_quality
2026-03-27,COP,0.0120322506362769,0.004127591122177865,4.96642109061155e-05,sleeve_trend
2026-03-27,DELL,0.0120322506362769,-0.02280752551711074,-0.0002744258634151573,sleeve_trend
2026-03-27,FDX,0.1158303796804614,-0.015963366886426744,-0.0018490428474333149,sleeve_mean_reversion
2026-03-27,FTNT,0.0246126402421929,-0.03492535941858799,-0.0008596053066989895,sleeve_quality
2026-03-27,GEV,0.0120322506362769,-0.02286057273337916,-0.00027506414081685573,sleeve_trend
2026-03-27,GLW,0.0120322506362769,0.011010799726836273,0.00013248470201914327,sleeve_trend
2026-03-27,GM,0.0358674362205806,-0.034655998770178,-0.001243021825549879,sleeve_2
2026-03-27,GS,0.0153103089082605,-0.024008059024394846,-0.0003675707999512363,sleeve_2
2026-03-27,HON,0.1158303796804614,-0.009104196564885814,-0.0010545425447962763,sleeve_mean_reversion
2026-03-27,LRCX,0.0542369098350594,-0.000992281891180169,-5.3818303462901054e-05,sleeve_mean_reversion
2026-03-27,MO,0.1158303796804614,0.028783629047725023,0.0033340186811795475,"sleeve_2, sleeve_mean_reversion"
2026-03-27,MRK,0.0154458288514092,0.005885794839780578,9.091097974975825e-05,sleeve_2
2026-03-27,NOW,0.0150967595448851,-0.04081431640727662,-0.0006161639207895138,sleeve_quality
2026-03-27,PANW,0.0201888729264383,-0.059733923646916987,-0.0012059605939051749,sleeve_quality
2026-03-27,PFE,0.0175335314189396,-0.019223769287764148,-0.00033706056279745884,sleeve_2
2026-03-27,PNC,0.0170204610110323,-0.014942099756338312,-0.0002543214263257115,sleeve_2
2026-03-27,PSX,0.0120322506362769,0.023205284773034185,0.00027921180247532726,sleeve_trend
2026-03-27,PWR,0.0120322506362769,0.0079538797837444,9.570307508882854e-05,sleeve_trend
2026-03-27,QCOM,0.0307329333335916,-0.026275381479651694,-0.0008075195473288229,sleeve_quality
2026-03-27,STX,0.0089941954966587,0.0033791685421684647,3.039290248442235e-05,sleeve_quality
2026-03-27,USB,0.0192488602678372,-0.014343810994480566,-0.00027610201354102336,sleeve_2
2026-03-27,VRTX,0.0808976144393196,-0.04555468628515502,-0.0036852654470006315,sleeve_mean_reversion
2026-03-27,VZ,0.0326727760512667,-0.008474557196819221,-0.0002768873094253249,"sleeve_2, sleeve_trend"
2026-03-30,AAPL,0.0840829101087594,-0.008721851736991693,-0.0007333586755833995,"sleeve_quality, sleeve_trend"
2026-03-30,ABBV,0.0159589673644301,0.01776504234836418,0.00028351173106526265,sleeve_trend
2026-03-30,ABNB,0.0511290191249386,0.0018718623129960754,9.570648400042814e-05,"sleeve_quality, sleeve_trend"
2026-03-30,ADSK,0.0394015132324226,0.025408964631661313,0.001001151656156561,sleeve_quality
2026-03-30,ALL,0.0315805771786759,0.022495182625139165,0.0007104108510416165,sleeve_2
2026-03-30,AMGN,0.0323145844266996,0.0006594468404739207,2.1309750601414813e-05,sleeve_mean_reversion
2026-03-30,BK,0.0483916509206591,0.00453511797015782,0.00021946184569588531,sleeve_mean_reversion
2026-03-30,BKNG,0.025593732964982,0.01363073250277047,0.00034886132779300824,sleeve_quality
2026-03-30,C,0.0296431066229609,-0.0010243965572566127,-3.0366296370951842e-05,sleeve_2
2026-03-30,CL,0.0474072858196576,0.01708388350922263,0.0008099005484314523,sleeve_quality
2026-03-30,CVX,0.0159589673644301,-0.002083744763472728,-3.325441467606339e-05,sleeve_trend
2026-03-30,DELL,0.0159589673644301,-0.04161564962804476,-0.000664142794263524,sleeve_trend
2026-03-30,FTNT,0.0335568476913163,0.010869643691651554,0.00036475097781962817,sleeve_quality
2026-03-30,GEV,0.0159589673644301,-0.041973342846349126,-0.0006698512086609214,sleeve_trend
2026-03-30,GM,0.0891478864128436,-0.003014475201271405,-0.00026873409283727706,"sleeve_2, sleeve_mean_reversion"
2026-03-30,GS,0.0259766780634158,0.005866228698089504,0.00015238513433664185,sleeve_2
2026-03-30,LRCX,0.0107969150947989,-0.0543020898270038,-0.0005862950533323031,sleeve_mean_reversion
2026-03-30,MO,0.0308401901899195,0.00812274504893562,0.0002505070021734015,sleeve_2
2026-03-30,MPC,0.0159589673644301,-0.026795276730976925,-0.00042762494687053406,sleeve_trend
2026-03-30,MRK,0.0256200669080089,-0.01278941307816861,-0.0003276656187768439,sleeve_2
2026-03-30,MU,0.0159589673644301,-0.09877626270539619,-0.001576367152895792,sleeve_trend
2026-03-30,NOW,0.0236807901673831,0.05592996030351194,0.0013244656540175326,sleeve_quality
2026-03-30,PANW,0.0258147823584208,0.04985717329643502,0.0012870520776535395,sleeve_quality
2026-03-30,PFE,0.0292390108825271,0.0269970263583732,0.000789366347488345,sleeve_2
2026-03-30,PNC,0.0285928742640347,-0.0036069300889778333,-0.00010313249851330669,sleeve_2
2026-03-30,PWR,0.0159589673644301,-0.02945549187441976,-0.00047007923352710096,sleeve_trend
2026-03-30,QCOM,0.0545974684232754,-0.00031465271358899205,-1.7179241594472912e-05,sleeve_quality
2026-03-30,STX,0.0142666856175914,-0.04641252975028243,-0.0006621529706643872,sleeve_quality
2026-03-30,TXN,0.0239265106500746,-0.020543319724595666,-0.0004915299581784258,sleeve_mean_reversion
2026-03-30,USB,0.0324067081608049,0.0005899785741001473,1.9119263471991285e-05,sleeve_2
2026-03-30,VZ,0.0502794331648171,-0.0001988218007947795,-9.996647444769696e-06,"sleeve_2, sleeve_trend"
2026-03-31,AAPL,0.0840468804645726,0.029031290418426448,0.002439989395529779,"sleeve_quality, sleeve_trend"
2026-03-31,ABBV,0.0159589673644301,0.020504886149860235,0.0003272368088769743,sleeve_trend
2026-03-31,ABNB,0.0467154217890931,0.025832659176225015,0.001206783569351238,"sleeve_quality, sleeve_trend"
2026-03-31,ABT,0.0159589673644301,0.007754196908871025,0.00012374897540603746,sleeve_trend
2026-03-31,ACN,0.0159589673644301,0.003745928929358655,5.978115753310937e-05,sleeve_trend
2026-03-31,ADBE,0.0159589673644301,0.008086911246030448,0.0001290587526544427,sleeve_trend
2026-03-31,ADSK,0.0379129489206084,0.01578411972296956,0.0005984225248137124,sleeve_quality
2026-03-31,AMAT,0.0127145034533607,0.0577803940481425,0.0007346490196616499,sleeve_mean_reversion
2026-03-31,BKNG,0.0254848153837947,0.02254034601752175,0.0005744365569433939,sleeve_quality
2026-03-31,C,0.0311552889737533,0.05723880917517121,0.001783291640365981,sleeve_2
2026-03-31,CB,0.0249177590222472,0.0017826648685079771,4.442001361090776e-05,sleeve_2
2026-03-31,CL,0.0493253869712829,-0.005832243852642471,-0.00028767768494247575,sleeve_quality
2026-03-31,CVX,0.0159589673644301,-0.018081800476024146,-0.000288566863687006,sleeve_trend
2026-03-31,DE,0.0293772331348868,0.017007261932250772,0.0004996262987698163,sleeve_mean_reversion
2026-03-31,DELL,0.0159589673644301,-0.0032187592490410255,-5.136807380940327e-05,sleeve_trend
2026-03-31,FCX,0.0133860182807119,0.07557182235393234,0.0010116057955364504,sleeve_mean_reversion
2026-03-31,FTNT,0.0368796167401366,0.033776066614407796,0.0012456483917286827,sleeve_quality
2026-03-31,GM,0.0630109488494661,0.023914132699577095,0.001506852192312397,sleeve_2
2026-03-31,KO,0.046158165577129,-0.0028844028007601885,-0.0001331387420686234,sleeve_mean_reversion
2026-03-31,MO,0.0310516876863963,-0.015368553546610153,-0.00047721952492099667,sleeve_2
2026-03-31,MRK,0.0261084989618041,0.018543594116004813,0.00048414540772582826,sleeve_2
2026-03-31,NOW,0.0243878793900649,-0.004001125693637531,-9.757897084092186e-05,sleeve_quality
2026-03-31,PANW,0.0281597984891495,0.038678334853445406,0.0010891741153688703,sleeve_quality
2026-03-31,PEP,0.0422975232136694,-0.009756495177699387,-0.00041267558126279337,sleeve_mean_reversion
2026-03-31,PFE,0.0303470131636412,0.011163124392980173,0.0003387674829011335,sleeve_2
2026-03-31,PNC,0.0291205340356223,0.031885348647832545,0.0009285183805368911,sleeve_2
2026-03-31,PSX,0.0159589673644301,-0.0142308841572365,-0.00022711021583232268,sleeve_trend
2026-03-31,PWR,0.0159589673644301,0.0285510876362427,0.00045564587580578105,sleeve_trend
2026-03-31,QCOM,0.0520130805324422,0.013457128858993306,0.0006999467270782708,sleeve_quality
2026-03-31,STX,0.0146052068276023,0.08092600351004808,0.0011819410189955219,sleeve_quality
2026-03-31,T,0.0248245293435708,0.007296705617492849,0.00018113728271284914,sleeve_2
2026-03-31,USB,0.0329183165088104,0.032764001265437104,0.001078535763750723,sleeve_2
2026-03-31,VZ,0.0354092053707411,-0.0019880653445832897,-7.039581407680287e-05,sleeve_2
2026-04-01,AAPL,0.0857931247190773,0.007250134515282447,0.000622011694699714,"sleeve_quality, sleeve_trend"
2026-04-01,ABBV,0.0159589673644301,-0.011540766866563135,-0.00018417872178397732,sleeve_trend
2026-04-01,ABNB,0.047618613659763,-0.008631583373671425,-0.0004110240339428933,"sleeve_quality, sleeve_trend"
2026-04-01,ABT,0.0159589673644301,-0.0028245911263391488,-4.507755760310534e-05,sleeve_trend
2026-04-01,ACN,0.0159589673644301,-0.00620313465521527,-9.899562351974587e-05,sleeve_trend
2026-04-01,ADBE,0.0159589673644301,-0.007034748646479239,-0.000112267324066131,sleeve_trend
2026-04-01,ADSK,0.0368173285354837,-0.006390972507536619,-0.00023529853447121977,sleeve_quality
2026-04-01,ALL,0.0310009007031568,-0.01562651429389872,-0.0004844360179616146,sleeve_2
2026-04-01,AMD,0.0117192663095508,0.03332848784442355,0.0003905854247434263,sleeve_mean_reversion
2026-04-01,BK,0.0435637488592881,0.019725229886724316,0.0008593049609769819,sleeve_mean_reversion
2026-04-01,BKNG,0.0261103428799448,-0.006118303736871278,-0.00015975100841335662,sleeve_quality
2026-04-01,C,0.053896437242414,0.016665144744898663,0.0008981919278791763,"sleeve_2, sleeve_mean_reversion"
2026-04-01,CL,0.0478065953570093,0.0021119106373661545,0.00010096325727072735,sleeve_quality
2026-04-01,DELL,0.0159589673644301,0.031986772660701046,0.000510475860985573,sleeve_trend
2026-04-01,EOG,0.0159589673644301,-0.028705819885097572,-0.0004581152427154808,sleeve_trend
2026-04-01,FTNT,0.0375241419666832,-0.006975032872121534,-0.0002617321237157705,sleeve_quality
2026-04-01,GM,0.0617083630564535,0.007248343885917441,0.0004472834360702184,sleeve_2
2026-04-01,GS,0.0257203849576927,0.016808768133580232,0.00043232798706028137,sleeve_2
2026-04-01,MAR,0.025814277539646,0.019537005120547457,0.0005043336724752972,sleeve_mean_reversion
2026-04-01,MO,0.0300738251952281,-0.007728353780029895,-0.00023242116062749938,sleeve_2
2026-04-01,MRK,0.0258219440250043,0.004572290710938676,0.0001180654348039056,sleeve_2
2026-04-01,NOW,0.0227669071273097,-0.004878069070720081,-0.00011105854549368602,sleeve_quality
2026-04-01,PANW,0.0263175634994543,0.0021830765265546948,5.745325511177131e-05,sleeve_quality
2026-04-01,PFE,0.0288511812274402,0.0167378296990921,0.000482906158002537,sleeve_2
2026-04-01,PNC,0.0285354972063329,0.005526465438458139,0.00015770043908001755,sleeve_2
2026-04-01,PWR,0.0159589673644301,0.020217740116663663,0.0003226542547043646,sleeve_trend
2026-04-01,QCOM,0.053310343315402,-0.011647800621002014,-0.0006209482499749699,sleeve_quality
2026-04-01,STX,0.01546607444862,0.08004898641998848,0.0012380435835081132,sleeve_quality
2026-04-01,TRV,0.0393901651729524,-0.00394264370619013,-0.00015530138680493042,sleeve_mean_reversion
2026-04-01,USB,0.0321216821064213,0.014228073335520453,0.00045702964867043737,sleeve_2
2026-04-01,VZ,0.0345795519742295,-0.016135540896969336,-0.0005579597750790568,sleeve_2
2026-04-01,XOM,0.0159589673644301,-0.052339947978418455,-0.0008352915216435494,sleeve_trend
2026-04-02,AAPL,0.0749775513559909,0.0011344553655323608,8.505868543028202e-05,"sleeve_quality, sleeve_trend"
2026-04-02,ABBV,0.0159589673644301,-0.02856078151252628,-0.0004558005800610255,sleeve_trend
2026-04-02,ABNB,0.0475099539646875,-0.0019171298704654394,-9.108275189014032e-05,"sleeve_quality, sleeve_trend"
2026-04-02,ADSK,0.0396413473323362,0.0008828634051289974,3.499789488972764e-05,sleeve_quality
2026-04-02,ALL,0.0315718801578005,0.014355692351351701,0.00045323619849912917,sleeve_2
2026-04-02,AMGN,0.0278981361564175,-0.015115432190529132,-0.0004216923853144778,sleeve_mean_reversion
2026-04-02,BKNG,0.0267032410394047,0.0023299989535796595,6.221852367899837e-05,sleeve_quality
2026-04-02,C,0.0293422492725162,-0.0004336682966070704,-1.2724803260632152e-05,sleeve_2
2026-04-02,CL,0.050627428325872,-0.0031612347465996837,-0.00016004518555473162,sleeve_quality
2026-04-02,COP,0.0159589673644301,0.0166692071445822,0.0002660233328113124,sleeve_trend
2026-04-02,DELL,0.0159589673644301,0.02946039429627767,0.00047015747111753807,sleeve_trend
2026-04-02,FTNT,0.0375096960421046,0.01700551112100568,0.0006378715531895525,sleeve_quality
2026-04-02,GEV,0.0159589673644301,0.004235633716334952,6.75963402466693e-05,sleeve_trend
2026-04-02,GM,0.0613978580068879,-0.033315539694910634,-0.0020455027756109607,sleeve_2
2026-04-02,HON,0.0263320148557629,0.005477621405168609,0.00014423680821514466,sleeve_mean_reversion
2026-04-02,MO,0.0311162836826246,0.004276067021162788,0.00013305531447641686,sleeve_2
2026-04-02,MRK,0.0258274817244123,0.00024832035602462277,6.413489457025501e-06,sleeve_2
2026-04-02,NOW,0.0245848418293611,-0.01960785176447344,-0.0004820559342431384,sleeve_quality
2026-04-02,NSC,0.029692148664702,0.003484337302048335,0.00010345746117038584,sleeve_mean_reversion
2026-04-02,PANW,0.0274104721125815,0.015808854010510576,0.00043332815198697235,sleeve_quality
2026-04-02,PFE,0.0290679997073029,-0.008055969316595024,-0.00023417091373682531,sleeve_2
2026-04-02,PNC,0.0281725900726205,0.011756794571749829,0.0003312193540379178,sleeve_2
2026-04-02,PWR,0.0159589673644301,0.0011071745389752419,1.7669362334233827e-05,sleeve_trend
2026-04-02,QCOM,0.0549981122066474,-0.0037711504523701977,-0.00020740615572760525,sleeve_quality
2026-04-02,STX,0.0315273586641914,0.014747544139023017,0.00046495111348697244,"sleeve_quality, sleeve_trend"
2026-04-02,UPS,0.0250555645181854,0.0027576522611829635,6.90945341487896e-05,sleeve_2
2026-04-02,USB,0.0665102573231983,0.0037914758310919616,0.0002521720331606135,"sleeve_2, sleeve_mean_reversion"
2026-04-02,VZ,0.051257477930407,0.0002026050657963907,1.0385024688647155e-05,"sleeve_2, sleeve_trend"
2026-04-02,WELL,0.0255142508674025,0.017449445644641237,0.00044520953367448043,sleeve_mean_reversion
2026-04-02,XOM,0.0159589673644301,-0.0005598211782673612,-8.934167913885624e-06,sleeve_trend
2026-04-06,AAPL,0.0704533079602222,0.011487876222620041,0.0008093588813211639,"sleeve_quality, sleeve_trend"
2026-04-06,ABBV,0.0159589673644301,-0.010294957384108572,-0.0001642968889111874,sleeve_trend
2026-04-06,ABNB,0.0458690370691349,0.014885959630091206,0.0006828046340822991,"sleeve_quality, sleeve_trend"
2026-04-06,ADSK,0.0406762685001131,-0.0015120993262047744,-6.15065581915455e-05,sleeve_quality
2026-04-06,ALL,0.0310832027908458,0.006424181821846009,0.00019968414633370472,sleeve_2
2026-04-06,BKNG,0.0371891854902379,0.05017278227791788,0.0018658849066948088,sleeve_quality
2026-04-06,C,0.0283843753942732,0.01830803701275041,0.0005196621953021558,sleeve_2
2026-04-06,CL,0.049820328115309,-0.007164751596968388,-0.0003569502754256493,sleeve_quality
2026-04-06,COP,0.0159589673644301,0.008581077157850725,0.00013694513031379635,sleeve_trend
2026-04-06,DELL,0.0159589673644301,-0.00682463176982484,-0.00010891407568888747,sleeve_trend
2026-04-06,EQIX,0.0159589673644301,0.015704260292655814,0.00025062377749300965,sleeve_trend
2026-04-06,FTNT,0.0359660489803898,-0.0029080076011067657,-0.00010458954381675177,sleeve_quality
2026-04-06,GM,0.0619879744552132,0.012269117412382124,0.0007605377367467547,sleeve_2
2026-04-06,MCK,0.0297868225745919,-0.031110053439590613,-0.000926669642091158,sleeve_mean_reversion
2026-04-06,MO,0.030695840330425,0.012013361760673913,0.00036876023443727974,sleeve_2
2026-04-06,MPC,0.0159589673644301,-0.0013651813552660874,-2.1786884695219946e-05,sleeve_trend
2026-04-06,MRK,0.025267866190744,-0.00016554818860470277,-4.18304947778368e-06,sleeve_2
2026-04-06,MU,0.007474444423669,0.031454843385832154,0.00023510747874261488,sleeve_mean_reversion
2026-04-06,NEE,0.0159589673644301,-0.004508860137056092,-7.1956751778058e-05,sleeve_trend
2026-04-06,NOW,0.0259199932597702,0.004117629107307064,0.00010672891870763267,sleeve_quality
2026-04-06,NSC,0.0315216843164777,0.00017357469474643672,5.471366733126158e-06,sleeve_mean_reversion
2026-04-06,PANW,0.0261340764019663,-0.007720174706162486,-0.00020175963560737812,sleeve_quality
2026-04-06,PFE,0.0283331273936273,-0.017302301877758053,-0.0004902283233055158,sleeve_2
2026-04-06,PNC,0.0272227901973101,0.006802121264173566,0.00018517272007125875,sleeve_2
2026-04-06,PWR,0.0159589673644301,-0.011148242277649545,-0.000177914434679769,sleeve_trend
2026-04-06,QCOM,0.0535502379329408,-0.008438488581066772,-0.0004518830713105297,sleeve_quality
2026-04-06,STX,0.0139525517986631,0.05575748281753157,0.0007779591671746769,sleeve_quality
2026-04-06,TFC,0.0297144243845195,0.010178063177020968,0.0003024352886544519,sleeve_2
2026-04-06,UPS,0.0249273818918097,-0.010389068756138209,-0.00025897228438452553,sleeve_mean_reversion
2026-04-06,USB,0.0309120419288704,0.009253971229566282,0.00028605914665691325,sleeve_2
2026-04-06,VZ,0.0352621388502242,-0.005060752466761076,-0.0001784529561695437,sleeve_2
2026-04-06,WBD,0.0502231104532095,0.003294295519517876,0.00016544976774225944,sleeve_mean_reversion
2026-04-06,WDC,0.0159589673644301,0.031121721508863942,0.000496670537884842,sleeve_trend
2026-04-07,AAPL,0.0673899701901007,-0.0207060792616357,-0.0013953820641954924,"sleeve_quality, sleeve_trend"
2026-04-07,ABBV,0.0159589673644301,-0.001548214614300325,-2.4707906502752625e-05,sleeve_trend
2026-04-07,ABNB,0.0461687291410228,-0.014509868096483802,-0.0006699021700185288,"sleeve_quality, sleeve_trend"
2026-04-07,ADSK,0.0409286252732631,-0.011610274662053,-0.0004751925809628286,sleeve_quality
2026-04-07,ALL,0.0311438635164384,0.010414677430492514,0.00032435329246299023,sleeve_2
2026-04-07,APH,0.0145163018007105,0.014941958963949009,0.0002169019858145154,sleeve_mean_reversion
2026-04-07,BKNG,0.0358509363835355,-0.015778402065735775,-0.0005656704886925384,sleeve_quality
2026-04-07,C,0.0280732122937382,-0.001959806238813422,-5.501805659680178e-05,sleeve_2
2026-04-07,CL,0.0823816550939609,-0.016562129577796347,-0.001364415646499507,"sleeve_mean_reversion, sleeve_quality"
2026-04-07,COP,0.0159589673644301,0.0009875614204348793,1.576046047909047e-05,sleeve_trend
2026-04-07,DELL,0.0159589673644301,0.02604238891370958,0.0004156096347656875,sleeve_trend
2026-04-07,EQIX,0.0159589673644301,-0.00865097950725735,-0.00013806069962667367,sleeve_trend
2026-04-07,FTNT,0.0363323917678018,0.017377570655804364,0.0006313687050393406,sleeve_quality
2026-04-07,GM,0.0618280420870155,-0.009124304962618957,-0.0005641379112435692,sleeve_2
2026-04-07,MCD,0.0386807618823184,-0.015851074803805654,-0.0006131316500648233,sleeve_mean_reversion
2026-04-07,MO,0.030741420678298,-0.004507863628456676,-0.00013857813216278553,sleeve_2
2026-04-07,MPC,0.0159589673644301,0.01665285448363374,0.00026576236122891436,sleeve_trend
2026-04-07,MRK,0.0253170538432391,-0.012991326038638729,-0.0003289021008152908,sleeve_2
2026-04-07,MSI,0.0318748476779783,0.0024014841907376017,7.654694278083404e-05,sleeve_mean_reversion
2026-04-07,NEE,0.0159589673644301,0.01013688957254022,0.00016177428986500117,sleeve_trend
2026-04-07,NOW,0.0275280573441407,-0.018258105356562138,-0.000502610171250805,sleeve_quality
2026-04-07,PANW,0.0262948785844202,0.04890397232595478,0.0012859240146068265,sleeve_quality
2026-04-07,PFE,0.0285688792149669,-0.026230672892017415,-0.000749380925579352,sleeve_2
2026-04-07,PNC,0.027340422602637,0.003659538281231889,0.00010005332313940769,sleeve_2
2026-04-07,PWR,0.0159589673644301,0.0021465442003776314,3.4256628840133325e-05,sleeve_trend
2026-04-07,QCOM,0.0538752961168309,-0.013202903458423898,-0.0007113103334245183,sleeve_quality
2026-04-07,STX,0.0297892545230805,0.03401717061289755,0.0010133461535426595,"sleeve_quality, sleeve_trend"
2026-04-07,TFC,0.0296889137614791,0.003988354083757972,0.00011840990044293343,sleeve_2
2026-04-07,UPS,0.0278117407537708,0.00421979066491085,0.00011735972400768266,sleeve_mean_reversion
2026-04-07,USB,0.0308330521830814,0.004865335742723298,0.00015001315084359855,sleeve_2
2026-04-07,VZ,0.0353289217351591,-0.01078337038654642,-0.00038096484842753083,sleeve_2
2026-04-08,AAPL,0.0691704071659001,0.021301735790709264,0.0014734497379837869,sleeve_quality
2026-04-08,ADSK,0.0613640173171118,0.024216832737608884,0.0014860421434762317,sleeve_quality
2026-04-08,ALL,0.047916251038793,0.007314905147471906,0.000350502831371223,sleeve_2
2026-04-08,BKNG,0.0479160959155308,0.04376902109190994,0.0020972406127688476,sleeve_quality
2026-04-08,COP,0.0525523795627897,-0.049707856124172056,-0.0026122661222900303,sleeve_trend
2026-04-08,EQIX,0.0767703422822887,0.010294957166253171,0.0007903473854347569,sleeve_trend
2026-04-08,FTNT,0.0544730102316358,-0.0025083502318526962,-0.00013663738784423795,sleeve_quality
2026-04-08,GILD,0.0689301059881413,0.019740500309560538,0.001360714778596944,sleeve_mean_reversion
2026-04-08,GM,0.0968973868916184,0.05470025131954315,0.0053003114151785324,sleeve_2
2026-04-08,MO,0.0466494919794363,0.00830184021572844,0.00038727662855818557,sleeve_2
2026-04-08,NSC,0.080187027667951,0.019410817814467185,0.0015564957851462362,sleeve_mean_reversion
2026-04-08,PANW,0.0394306805246985,0.023017623915347674,0.000907600575043734,sleeve_quality
2026-04-08,PFE,0.0461640451093326,0.013653102897932534,0.0006302824580625172,sleeve_2
2026-04-08,QCOM,0.0869302697074294,0.027726253761743536,0.0024102507174849947,sleeve_quality
2026-04-08,STX,0.0215680193551341,0.05884113269463853,0.0012690866888359778,sleeve_quality
2026-04-08,USB,0.0476382206501529,0.030912443901851994,0.0014726138234318986,sleeve_2
2026-04-08,VZ,0.0554422486120548,-0.011929258718228364,-0.0006613849276135391,sleeve_2
2026-04-09,AAPL,0.0744964842256562,0.006141348347641795,0.0004575088603043568,sleeve_quality
2026-04-09,ALL,0.0560730684067508,0.011552804995621502,0.0006478012248093369,sleeve_2
2026-04-09,C,0.0512343713141662,0.011579916045282745,0.0005932897184508872,sleeve_2
2026-04-09,COP,0.0779384786528899,-0.013975407569507103,-0.0010892220045214654,sleeve_trend
2026-04-09,FTNT,0.0509774553441826,-0.034127630238493745,-0.0017397397464855905,sleeve_quality
2026-04-09,GILD,0.0898679085347272,0.003885886667968741,0.0003492165076533307,sleeve_mean_reversion
2026-04-09,GM,0.1133708930156437,-0.00013022196817702447,-1.4763380822484e-05,sleeve_2
2026-04-09,MO,0.0558939409471223,0.009880254097790475,0.0005522463390844639,sleeve_2
2026-04-09,MRK,0.0469708849915158,-0.004059095307330729,-0.00019065929885023314,sleeve_2
2026-04-09,PFE,0.0543159938236165,-0.00910079799168817,-0.0004943188875065161,sleeve_2
2026-04-09,PNC,0.0494209819581727,0.011188628052294813,0.0005529529851091669,sleeve_2
2026-04-09,QCOM,0.0833508545977806,0.0018822340752830957,0.00015688581872790933,sleeve_quality
2026-04-09,STX,0.0207022683207146,0.009006612508107859,0.00018645730880355318,sleeve_quality
2026-04-09,TFC,0.0537464752214483,0.02414282000401058,0.001297591477121441,sleeve_2
2026-04-09,USB,0.0559150401681704,0.01752174868473788,0.0009797292815237055,sleeve_2
2026-04-09,VZ,0.0657249004774415,-0.005412156160813697,-0.00035571342503785215,sleeve_2
2026-04-10,AAPL,0.0762103493206579,-3.834482173115106e-05,-2.9222722587693765e-06,sleeve_quality
2026-04-10,ADSK,0.0625864926736164,-0.02967177981472291,-0.0018570526299873146,sleeve_quality
2026-04-10,ALL,0.0482673693331283,-0.01645535976873691,-0.0007942569274671251,sleeve_2
2026-04-10,AMGN,0.0710052988018322,-0.012879757827279903,-0.0009145310530212467,sleeve_mean_reversion
2026-04-10,BDX,0.0781118348542601,-0.007976352451663837,-0.0006230475254437383,sleeve_mean_reversion
2026-04-10,BKNG,0.0459451518677734,-0.017780292076770565,-0.0008169182197205917,sleeve_quality
2026-04-10,COP,0.0434458087709106,-0.00745115950328179,-0.0003237216509011339,sleeve_trend
2026-04-10,EQIX,0.0858769130741679,-0.0012892093380568737,-0.00011071331825871567,sleeve_trend
2026-04-10,FTNT,0.0557500140279244,-0.049095047533793124,-0.0027370495887105817,sleeve_quality
2026-04-10,GM,0.0932045381782556,-0.004040196894952497,-0.0003765646857432697,sleeve_2
2026-04-10,MO,0.0480660797854757,-0.0011859731470977852,-5.700507991183386e-05,sleeve_2
2026-04-10,PANW,0.0374909381463439,-0.06742924363869152,-0.002527985602512936,sleeve_quality
2026-04-10,PFE,0.0464625401775271,-0.011021288340827162,-0.000512077052343793,sleeve_2
2026-04-10,QCOM,0.0807394872920348,0.0024265665701461714,0.00019591974075359328,sleeve_quality
2026-04-10,STX,0.0221300668890897,0.004712780375152548,0.00010429414493571514,sleeve_quality
2026-04-10,USB,0.0470296143869715,-0.011894255887245797,-0.0005593822677971355,sleeve_2
2026-04-10,VZ,0.0576775024200299,-0.021923852283885048,-0.0012645130431601578,sleeve_2
2026-04-13,AAPL,0.0714792351701517,-0.004913954203973225,-0.00035124568816115775,sleeve_quality
2026-04-13,ALL,0.0565034425939552,0.019432163436963412,0.0010979841312368174,sleeve_2
2026-04-13,BAC,0.0492484136456087,0.015416818775035868,0.0007592538681323529,sleeve_2
2026-04-13,BK,0.0779974520132442,0.012464694013186062,0.0009722143731532522,sleeve_trend
2026-04-13,C,0.0484029305138525,0.015194100553481471,0.0007354389933106514,sleeve_2
2026-04-13,CAT,0.037721939054672,0.0013532558498905445,5.104743469494948e-05,sleeve_trend
2026-04-13,FTNT,0.0439262580970553,0.026597144676602236,0.00116831304170915,sleeve_quality
2026-04-13,GM,0.1071190771896787,0.005365159301428779,0.000574710913344672,sleeve_2
2026-04-13,KMI,0.0818233666621698,-0.018665854890923317,-0.001527303088802874,sleeve_mean_reversion
2026-04-13,MO,0.0550405696282246,-0.008459460040284972,-0.0004656134993644887,sleeve_2
2026-04-13,PFE,0.0544614555107097,0.01560176952335035,0.0008496950767842916,sleeve_2
2026-04-13,QCOM,0.0732796693963511,0.02483222074477709,0.0018196969265544766,sleeve_quality
2026-04-13,STX,0.0202957438590007,0.02017375974494895,0.00040944146045650314,sleeve_quality
2026-04-13,TFC,0.0512718025240203,0.008266096893686958,0.0004238176875775353,sleeve_2
2026-04-13,USB,0.0538092360779026,0.015271247453363612,0.0008217341594221114,sleeve_2
2026-04-13,VZ,0.0685943820661729,-0.013466629419941256,-0.0009237351235750148,sleeve_2
2026-04-13,WFC,0.0490250259972291,0.014519874676513833,0.0007118372334925991,sleeve_2
2026-04-14,AAPL,0.0783863013734054,-0.00142758690909639,-0.00011190325769315791,sleeve_quality
2026-04-14,ALL,0.0428578468236463,-0.0009763042611936612,-4.18422984795111e-05,sleeve_2
2026-04-14,BK,0.071678282069404,0.010530396241765327,0.0007548007121198471,sleeve_trend
2026-04-14,BKNG,0.0445225070235567,0.021833539927542,0.0009720839347730944,sleeve_quality
2026-04-14,COP,0.0508012437253657,-0.03907136918970777,-0.001984874148890089,sleeve_trend
2026-04-14,EQIX,0.098582411030089,0.0005015656951814496,4.944555552096999e-05,sleeve_trend
2026-04-14,FCX,0.0254461144381466,0.003527837184492011,8.976974871573262e-05,sleeve_trend
2026-04-14,FTNT,0.0458028665950369,-0.0005080126570050636,-2.3268435957393166e-05,sleeve_quality
2026-04-14,GM,0.0826820373692448,0.03423134302587627,0.0028303171832649394,sleeve_2
2026-04-14,INTC,0.0191294027717649,-0.0210187009124021,-0.00040207519549260214,sleeve_trend
2026-04-14,KMI,0.0684845214205909,-0.013096366554204875,-0.000896898395813354,sleeve_mean_reversion
2026-04-14,LMT,0.0551708886869759,-0.01308708684058224,-0.00072202621131855,sleeve_mean_reversion
2026-04-14,MO,0.0420962633067018,-0.017811652928856003,-0.0007498040316207086,sleeve_2
2026-04-14,PANW,0.0314804408769846,-0.005661179004634143,-0.00017821641094941166,sleeve_quality
2026-04-14,PFE,0.0418837821715376,-0.00841257679805818,-0.00035235053411120006,sleeve_2
2026-04-14,QCOM,0.0843169662727609,0.012191317955561054,0.0010279349448795458,sleeve_quality
2026-04-14,STX,0.0221899652558785,0.0392767946262953,0.000871550708119768,sleeve_quality
2026-04-14,USB,0.0413222208094164,-0.007432298889444411,-0.00030711909583120225,sleeve_2
2026-04-14,VZ,0.0531659379794922,0.001321088930571479,7.023693214815693e-05,sleeve_2
2026-04-15,AAPL,0.0904220011456952,0.02936295529114541,0.002655057176976947,sleeve_quality
2026-04-15,ALL,0.0461579388797026,0.015590090585925198,0.0007196064483941622,sleeve_2
2026-04-15,BK,0.0772473794538017,0.01111035375114744,0.0008582457120808553,sleeve_trend
2026-04-15,BKNG,0.0465570658502286,0.025231933980371046,0.0011747248118527554,sleeve_quality
2026-04-15,BMY,0.0473875288035032,-0.0032713897860399133,-0.00015502307771345257,sleeve_mean_reversion
2026-04-15,C,0.044220208825635,0.016283386532670363,0.0007200547528632161,sleeve_trend
2026-04-15,COST,0.0695588337431614,0.010207247537650899,0.0007100042344467524,sleeve_mean_reversion
2026-04-15,EQIX,0.0921113267600561,-0.004151824083132083,-0.0003824300247716496,sleeve_trend
2026-04-15,FCX,0.0288479041524847,0.008514413867131143,0.0002456229951535858,sleeve_trend
2026-04-15,FTNT,0.0468052420322508,0.011944122971497162,0.0005590475665438914,sleeve_quality
2026-04-15,GM,0.0902945914080414,-0.021142744533678037,-0.0019090754789130593,sleeve_2
2026-04-15,INTC,0.0200879156992849,0.017708839426357148,0.00035573367352883514,sleeve_trend
2026-04-15,JCI,0.042966291241044,-0.03407251052139659,-0.001463969410375862,sleeve_trend
2026-04-15,MO,0.0466130443832395,-0.018287123737965594,-0.0008524185104395829,sleeve_2
2026-04-15,PFE,0.0452789997682707,0.0029509448859443843,0.00013361583280685537,sleeve_2
2026-04-15,QCOM,0.0826371665375329,0.0015808588795225287,0.00013063769849944087,sleeve_quality
2026-04-15,STX,0.0236373092335637,-0.025944925228317928,-0.0006132682206634391,sleeve_quality
2026-04-15,VZ,0.0591692520825027,-0.009894497535716695,-0.0005854500189205229,sleeve_2
2026-04-16,AAPL,0.0792269899878908,-0.011372633634406881,-0.0009010195310891041,sleeve_quality
2026-04-16,BK,0.0827106722984361,0.021824715652434046,0.0018051369043350213,sleeve_trend
2026-04-16,BKNG,0.0397603325330485,-0.006085495314882894,-0.00024196131734805252,sleeve_quality
2026-04-16,C,0.0456519120187056,-0.01784499597953526,-0.0008146581864318989,sleeve_trend
2026-04-16,CAT,0.0389537932106443,0.0032330812680183563,0.00012594077914759473,sleeve_trend
2026-04-16,CME,0.065196224806706,-0.0022904051469230247,-0.00014932576885723,sleeve_mean_reversion
2026-04-16,DLR,0.071377542613263,0.017170051113051255,0.0012255560549937197,sleeve_trend
2026-04-16,EOG,0.0515231306831736,0.020552731273398628,0.0010589410592954664,sleeve_mean_reversion
2026-04-16,EQIX,0.0989464126341916,0.01701846716711186,0.001683916274718492,sleeve_trend
2026-04-16,F,0.0508261287204589,-0.021243171371044367,-0.0010797081625354683,sleeve_2
2026-04-16,FCX,0.0303809526499213,-0.006113510736568628,-0.00018573428021247698,sleeve_trend
2026-04-16,FTNT,0.0409131954232802,0.034655978872209836,0.0014178868361837908,sleeve_quality
2026-04-16,GM,0.0869101631227645,0.003471438195198129,0.0003017032598152646,sleeve_2
2026-04-16,INTC,0.0207275574061905,0.05481979403690107,0.0011362804278954065,sleeve_trend
2026-04-16,MO,0.0472431905898729,0.008072066635854469,0.0003813501825318268,sleeve_2
2026-04-16,QCOM,0.0703909956297201,0.010672717674795829,0.0007512632232037896,sleeve_quality
2026-04-16,STX,0.0204375198016603,0.023498952634635195,0.00048026030978863424,sleeve_quality
2026-04-16,VZ,0.0588232858700708,0.03886300824702604,0.002286049843885732,sleeve_2
2026-04-17,AAPL,0.0744897204135739,0.02593021154924191,0.001931534208567855,sleeve_quality
2026-04-17,BK,0.0772584851130245,0.001928283689458521,0.0001489762767157191,sleeve_trend
2026-04-17,BMY,0.0531267326823528,0.02052234679967646,0.0010902852324409498,sleeve_mean_reversion
2026-04-17,CAT,0.0348102793881449,0.028460161235202674,0.000990706164029056,sleeve_trend
2026-04-17,DLR,0.0674365079438827,0.022958987207048365,0.0015482739231716183,sleeve_trend
2026-04-17,EQIX,0.0944253147036754,0.01654673613576363,0.0015624307669381584,sleeve_trend
2026-04-17,F,0.0378494190164169,0.0345659198932331,0.00130829998572688,sleeve_2
2026-04-17,FCX,0.0285106905891984,0.028265968653780504,0.0008058822864919168,sleeve_trend
2026-04-17,FTNT,0.0431271449747657,-0.006796179340025854,-0.0002930998116718025,sleeve_quality
2026-04-17,GM,0.0661185581454762,0.0418961793166428,0.002770114968220744,sleeve_2
2026-04-17,HCA,0.0629982681877986,0.010414701955584471,0.0006561081868939012,sleeve_mean_reversion
2026-04-17,INTC,0.0201570837529961,0.0,0.0,sleeve_trend
2026-04-17,MAR,0.0508743308506855,0.04279560972712315,0.0021771980082144777,sleeve_trend
2026-04-17,MS,0.0514754824651928,0.008007725101436547,0.0004122015130450812,sleeve_trend
2026-04-17,NFLX,0.0943507734752208,-0.09722611808071646,-0.009173359442908749,sleeve_2
2026-04-17,QCOM,0.0771119262959964,0.012865201088312794,0.0009920604381051489,sleeve_quality
2026-04-17,STX,0.0216367491008413,0.029973123821418035,0.0006485209598924717,sleeve_quality
2026-04-17,VZ,0.0442425329007561,-0.004916670467881135,-0.000217525954937407,sleeve_2
2026-04-20,AAPL,0.0763974000881883,0.010435475371396441,0.0007972431870590092,sleeve_quality
2026-04-20,AMD,0.028557842421554,-0.012356773807962962,-0.00035288279924659203,sleeve_trend
2026-04-20,AMZN,0.0430224249341844,-0.009099612075002872,-0.000391487377427009,sleeve_trend
2026-04-20,BK,0.0825255190392463,0.001998438204843689,0.00016492215012258506,sleeve_trend
2026-04-20,CMCSA,0.0662346002325995,0.0033749543336523136,0.0002235387510927402,sleeve_2
2026-04-20,DLR,0.0697581836208117,0.001424254587921503,9.93534130670117e-05,sleeve_trend
2026-04-20,DUK,0.0587824363191954,-0.0013277932780156876,-7.805092381001286e-05,sleeve_mean_reversion
2026-04-20,EQIX,0.0950346816602541,0.014100384896063689,0.0013400255898844678,sleeve_trend
2026-04-20,FCX,0.0316272301242966,-0.0004272721790066214,-1.3513435531152066e-05,sleeve_trend
2026-04-20,FTNT,0.0407466648495276,0.00928643903028381,0.00037839141881254655,sleeve_quality
2026-04-20,GM,0.0573004920640319,-0.009591733367206645,-0.0005496110416879343,sleeve_2
2026-04-20,INTC,0.0205481110643451,-0.04087595695996804,-0.0008399237034748134,sleeve_trend
2026-04-20,MAR,0.0538741819420809,0.002090356543497318,0.00011261624874819386,sleeve_trend
2026-04-20,NFLX,0.0819903954238126,-0.025485518340967683,-0.002089567726356769,sleeve_2
2026-04-20,QCOM,0.0770500756862033,0.00969172248861927,0.0007467479512777934,sleeve_quality
2026-04-20,SO,0.0573425645510127,-0.010580837041516689,-0.0006067323310569169,sleeve_mean_reversion
2026-04-20,STX,0.0221714001612442,-0.014605246108861936,-0.0003238187559330327,sleeve_quality
2026-04-20,VZ,0.0370357958174106,-0.002363007924394367,-8.7515879002793e-05,sleeve_2
2026-04-21,AAPL,0.0696720982158001,-0.025196703995697067,-0.001755507235502649,sleeve_quality
2026-04-21,BK,0.0774970578137429,0.0188372840639488,0.001459834092157738,sleeve_trend
2026-04-21,C,0.0396514714343773,-0.010296926477718737,-0.0004082882860931478,sleeve_trend
2026-04-21,CMCSA,0.0792560269051402,-0.022872547863734716,-0.0018127872688772657,sleeve_2
2026-04-21,DLR,0.063132257625036,-0.012946878768614889,-0.0008173656858603041,sleeve_trend
2026-04-21,DUK,0.0560456908363984,-0.017128141263636265,-0.0009599585098639163,sleeve_mean_reversion
2026-04-21,EQIX,0.0868907991151749,-0.008722985968104724,-0.0007579472214390771,sleeve_trend
2026-04-21,F,0.0392678480539339,-0.00699300069639619,-0.00027460008878713954,sleeve_2
2026-04-21,FCX,0.0313069222402289,-0.0371900911798525,-0.001164307292674665,sleeve_trend
2026-04-21,FTNT,0.0394887356147751,0.03220343476087062,0.0012716729211596782,sleeve_quality
2026-04-21,GM,0.066436204530974,-0.01850013660909089,-0.001229078859612522,sleeve_2
2026-04-21,HLT,0.049937454074551,-0.007815968481820867,-0.0003903095671090677,sleeve_trend
2026-04-21,INTC,0.0192031643353055,0.008523671445973546,0.00016368146351718107,sleeve_trend
2026-04-21,MAR,0.0461111845808534,-0.008634324953877281,-0.00039813895167930386,sleeve_trend
2026-04-21,PWR,0.041185308490583,0.0015207388988884851,6.263210068435177e-05,sleeve_trend
2026-04-21,QCOM,0.073643665075958,-0.01425248564873205,-0.001049605279615121,sleeve_quality
2026-04-21,SO,0.0540277344836514,-0.017003601956087966,-0.0009186660917492161,sleeve_mean_reversion
2026-04-21,STX,0.0222856713148691,0.03733216943422768,0.0008319724574822008,sleeve_quality
2026-04-21,VZ,0.0449607052586462,-0.0036605940810774396,-0.0001645828915508676,sleeve_2
2026-04-22,AAPL,0.0702673482522803,0.026298995241013978,0.0018479606572853915,sleeve_quality
2026-04-22,AMD,0.0269287379047357,0.06668073349461201,0.001795627995571938,sleeve_trend
2026-04-22,BK,0.0775510186654401,-0.018686374460999744,-0.0014491473746143944,sleeve_trend
2026-04-22,C,0.0398050291619551,-0.014808566621842711,-0.0005894554262292041,sleeve_trend
2026-04-22,CMCSA,0.0699494705177706,0.011015559399452979,0.000770532547448787,sleeve_2
2026-04-22,DLR,0.0858572962238078,-0.0020370801708424757,-0.00017489819565966744,sleeve_trend
2026-04-22,EQIX,0.0971336476420071,0.00725547467511567,0.0007047507205681915,sleeve_trend
2026-04-22,F,0.0347738278033183,-0.011737053371523865,-0.0004081422728597274,sleeve_2
2026-04-22,FCX,0.0328719565262013,0.041290527277315636,0.0013573004176038485,sleeve_trend
2026-04-22,FTNT,0.0402401192101087,0.0214636893714375,0.000863701418995388,sleeve_quality
2026-04-22,GEV,0.0322321853173801,0.1374559428182982,0.00443050542189459,sleeve_trend
2026-04-22,GM,0.0594026676871672,-0.00063246995719346,-3.757040268927997e-05,sleeve_2
2026-04-22,HLT,0.0523645057165663,-0.019223320487991358,-0.0010066196755848095,sleeve_trend
2026-04-22,INTC,0.0194055403059652,-0.014941223381318536,-0.0002899425125466065,sleeve_trend
2026-04-22,LLY,0.0522444871946818,0.02044245447845605,0.0010680055512275626,sleeve_mean_reversion
2026-04-22,QCOM,0.075177326514994,0.0037622433052155735,0.0002828353933850414,sleeve_quality
2026-04-22,RTX,0.0703168763199488,-0.03344548601816222,-0.0023517821037996895,sleeve_mean_reversion
2026-04-22,STX,0.0235684860961126,0.03568493310581822,0.0008410398497451848,sleeve_quality
2026-04-22,VZ,0.039909472939558,-0.006267599008493829,-0.00025013657302548506,sleeve_2
2026-04-23,AMD,0.0288689825682956,0.006162245995661397,0.00017789777223029823,sleeve_trend
2026-04-23,BK,0.0821134927002575,-0.003385411029576235,-0.00027798792386447943,sleeve_trend
2026-04-23,DLR,0.0867252806836566,-0.00428161441671604,-0.0003713242120688892,sleeve_trend
2026-04-23,ELV,0.0527452542383432,0.055118839497239946,0.0029072572026043538,sleeve_2
2026-04-23,EQIX,0.0980559299165639,0.01180287745636388,0.0011573421246750086,sleeve_trend
2026-04-23,F,0.0390482046797771,-0.011876524334530347,-0.0004637569530990945,sleeve_2
2026-04-23,FCX,0.0344956624056466,-0.12620808685451868,-0.004353631556996001,sleeve_trend
2026-04-23,FTNT,0.0499882787891837,-0.04971861733534466,-0.002485348104371951,sleeve_quality
2026-04-23,GEV,0.0357354935255479,0.019484513805132053,0.0006962887169317451,sleeve_trend
2026-04-23,GM,0.0674864466193887,-0.006075999400713794,-0.0004100476092157092,sleeve_2
2026-04-23,HLT,0.0573493852198209,0.0018280444974836385,0.0001048372280851631,sleeve_trend
2026-04-23,MAR,0.0509844568437496,0.003023383245809308,0.00015414555261808027,sleeve_trend
2026-04-23,MO,0.0865570324645775,0.030223969609589396,0.002616097118705633,sleeve_mean_reversion
2026-04-23,NEM,0.035950086113428,-0.007063053956888887,-0.0002539173979739439,sleeve_mean_reversion
2026-04-23,QCOM,0.0951453584693621,-0.015580321562908006,-0.0014823952801708143,sleeve_quality
2026-04-23,STX,0.0540854262339733,0.013347503708927233,0.0007219054272568689,"sleeve_quality, sleeve_trend"
2026-04-23,VZ,0.0446652285284269,0.026968235686229747,0.0012045424099339293,sleeve_2
2026-04-24,AMD,0.0270410184947956,0.1391281985212871,0.0037621681893617183,sleeve_trend
2026-04-24,BDX,0.0569682589868812,-0.017500879211781672,-0.0009969946194349037,sleeve_mean_reversion
2026-04-24,BK,0.0743866635694612,-0.010116636175766969,-0.0007525428116614181,sleeve_trend
2026-04-24,CMCSA,0.0672420772811128,-0.12895067608730326,-0.00867091132691419,sleeve_2
2026-04-24,DLR,0.0889764252567771,0.0,0.0,sleeve_trend
2026-04-24,ELV,0.0449085587427833,-0.004418273878827206,-0.0001984183120290166,sleeve_2
2026-04-24,EQIX,0.0984306273857969,-0.005855035863208347,-0.0005763148533819384,sleeve_trend
2026-04-24,FCX,0.0332387224520989,-0.006994149453114051,-0.00023247659246055725,sleeve_trend
2026-04-24,FTNT,0.0535569381162496,0.019091277922629102,0.001022470390262369,sleeve_quality
2026-04-24,GEV,0.0242028793024203,-0.00029589441977118103,-7.161496927981581e-06,sleeve_trend
2026-04-24,GM,0.0575117038533168,-0.005985678191361199,-0.00034424655150282223,sleeve_2
2026-04-24,HLT,0.0537489745011838,0.004038600017755689,0.00021707060937483098,sleeve_trend
2026-04-24,PWR,0.049769994742571,-0.013576672189298034,-0.000675710903482973,sleeve_trend
2026-04-24,QCOM,0.0947405915370823,0.11123564712299894,0.010538531008443066,sleeve_quality
2026-04-24,STX,0.0542612672730425,-0.002331429730832668,-0.00012650633175302894,"sleeve_quality, sleeve_trend"
2026-04-24,UNH,0.0343927636657427,0.0010153873161591331,3.4921975993853824e-05,sleeve_trend
2026-04-24,VZ,0.0382793869953574,-0.01778906511893885,-0.0006809545079734738,sleeve_2
2026-04-24,WELL,0.0483431478433256,0.002449049815874682,0.0001183947773244991,sleeve_mean_reversion
2026-04-27,AMD,0.0278099220290852,-0.03789423181707385,-0.0010538356321849035,sleeve_trend
2026-04-27,AMZN,0.0474543150606719,-0.010871605831113018,-0.000515904608325075,sleeve_trend
2026-04-27,CMCSA,0.06661159749204,-0.0018142216542247347,-0.00012084820259256099,sleeve_2
2026-04-27,DLR,0.0896343520366425,-0.018299992289016243,-0.001640307951101525,sleeve_trend
2026-04-27,DUK,0.0872271670455454,-0.001414326154700496,-0.00012336766375294403,sleeve_mean_reversion
2026-04-27,ELV,0.0435326830319476,0.03297943689065996,0.0014356833727332196,sleeve_2
2026-04-27,EQIX,0.1010848406674506,-0.017055054518796187,-0.0017240074686071959,sleeve_trend
2026-04-27,FCX,0.0198703455199878,-0.00786240046248754,-0.0001562286138061393,sleeve_mean_reversion
2026-04-27,FTNT,0.0633471686891731,0.015769526782124954,0.0009989548732157025,sleeve_quality
2026-04-27,GEV,0.0260405129531147,-0.02520034314782016,-0.0006562298621637461,sleeve_trend
2026-04-27,GM,0.0593920347822014,-0.0011532083083897193,-6.849138796300584e-05,sleeve_2
2026-04-27,GOOG,0.0509495567004327,0.0181116722470529,0.000922781672090875,sleeve_trend
2026-04-27,GOOGL,0.0489475706582908,0.017247411505119103,0.000844218893319435,sleeve_trend
2026-04-27,INTC,0.019200013948074,0.029682540841616367,0.0005699051981733104,sleeve_trend
2026-04-27,PWR,0.0607841674551611,0.01990911324598965,0.001210158873428001,sleeve_trend
2026-04-27,QCOM,0.0642816964536214,0.009472548848730167,0.0006089115097361735,sleeve_quality
2026-04-27,STX,0.0510438952293886,0.016392318787248783,0.0008367278027430653,sleeve_quality
2026-04-27,UNH,0.0347978717904567,-0.0006480472280631089,-2.255066435630092e-05,sleeve_trend
2026-04-27,VZ,0.0379902884567138,0.015523926236673313,0.0005897584357119667,sleeve_2
2026-04-28,ALL,0.0367602494535178,0.01027072924161243,0.00037755456899121265,sleeve_2
2026-04-28,AMD,0.0284661654952875,-0.03412728464601866,-0.0009714729326383513,sleeve_trend
2026-04-28,AMZN,0.0500025671089211,-0.005438047398549362,-0.00027191632998745823,sleeve_trend
2026-04-28,CSX,0.0573006168251691,-0.0050594050188853545,-0.0002899070283504871,sleeve_trend
2026-04-28,DLR,0.0986739805988277,-0.008964009477304802,-0.0008845144972512817,sleeve_trend
2026-04-28,ELV,0.0514525356720372,0.018560662639033554,0.000954993156531522,sleeve_2
2026-04-28,EQIX,0.1047462596908996,-0.012341133513527724,-0.0012926875758880391,sleeve_trend
2026-04-28,FCX,0.0286337544004371,-0.03896319336704945,-0.001115662509528834,sleeve_mean_reversion
2026-04-28,FTNT,0.0640639187817413,0.00058367051274133,3.7392220323557864e-05,sleeve_quality
2026-04-28,GEV,0.0283108642397358,-0.027940621246485442,-0.000791023134883127,sleeve_trend
2026-04-28,GM,0.0700593909752401,0.012698858239448496,0.0008896742743366713,sleeve_2
2026-04-28,GOOG,0.0559816654476621,-0.0029266389063975495,-0.0001638381201440593,sleeve_trend
2026-04-28,GOOGL,0.053597236527602,-0.0015984362710370625,-8.567176689307159e-05,sleeve_trend
2026-04-28,INTC,0.0208791445142451,-0.005530076862179545,-0.0001154632739803298,sleeve_trend
2026-04-28,MSI,0.0938733641776247,0.007275250475021755,0.0006829522373251542,sleeve_mean_reversion
2026-04-28,QCOM,0.0597972948406093,-0.0017303690210435096,-0.00010347138653439522,sleeve_quality
2026-04-28,STX,0.0517280332853138,-0.028244762451650862,-0.0014610460122347771,sleeve_quality
2026-04-28,VZ,0.0456729579651278,0.0029724802986483834,0.00013576196773233814,sleeve_2
2026-04-29,AMD,0.0251010488897856,0.04300607736136852,0.001079497650405613,sleeve_trend
2026-04-29,AMZN,0.0540798989577388,0.012860978748156615,0.0006955204311979358,sleeve_trend
2026-04-29,BK,0.0824023705775683,-0.009510177306589318,-0.0007836611546759534,sleeve_trend
2026-04-29,ELV,0.0596524823868049,0.03829188733491318,0.002284206134803426,sleeve_2
2026-04-29,EQIX,0.0865437568018327,0.011770624120815976,0.0010186740313176837,sleeve_trend
2026-04-29,FCX,0.0208251544794484,-0.02198932828429323,-0.0004579311584197106,sleeve_mean_reversion
2026-04-29,FTNT,0.0631576198360553,0.004549689501803789,0.00028734755992701553,sleeve_quality
2026-04-29,GEV,0.0262468685901718,-0.023711414554508425,-0.0006223503818992696,sleeve_trend
2026-04-29,GM,0.0840003076737965,-0.029512329949431315,-0.0024790447959228295,sleeve_2
2026-04-29,GOOG,0.0577468320990288,-0.0005467471925164613,-3.157291832686347e-05,sleeve_trend
2026-04-29,GOOGL,0.0544442665214611,0.00045745218860759884,2.4905648877377803e-05,sleeve_trend
2026-04-29,INTC,0.019423116896803,0.12103648560394031,0.002350905808663546,sleeve_trend
2026-04-29,PWR,0.057967519970957,-0.003708780656483057,-0.00021498881677258064,sleeve_trend
2026-04-29,QCOM,0.0581547010383012,0.040000000000000036,0.00232618804153205,sleeve_quality
2026-04-29,SLB,0.0528777444141673,0.0008984148951374227,4.750615320295755e-05,sleeve_trend
2026-04-29,SO,0.0947736868330029,-0.009532880231723717,-0.0009034662056979077,sleeve_mean_reversion
2026-04-29,STX,0.0487406308635903,0.11099581659163027,0.005410006123895422,sleeve_quality
2026-04-29,VZ,0.0538619931694852,-0.013336190292536632,-0.0007183137904435629,sleeve_2
2026-04-30,AMZN,0.0537584285681853,0.0076793983730687465,0.00041283238888525464,sleeve_trend
2026-04-30,DLR,0.0805107602467549,0.03279190957627964,0.0026401015699291162,sleeve_trend
2026-04-30,ELV,0.0592554739226994,-0.0005575443899872301,-3.303755706163566e-05,sleeve_2
2026-04-30,EQIX,0.0831093987012166,-0.005729603620376,-0.0004761839116857631,sleeve_trend
2026-04-30,FTNT,0.0621273868135741,-0.0209035308210348,-0.001298681745087897,sleeve_quality
2026-04-30,GEV,0.0275017401429628,0.019141945205891853,0.0005264368028832703,sleeve_trend
2026-04-30,GM,0.0839242387620385,0.0035238945356332874,0.0002957401663807308,sleeve_2
2026-04-30,GOOG,0.0587846336138576,0.09970916515302841,0.005861366741464393,sleeve_trend
2026-04-30,GOOGL,0.0557198114112009,0.09961702406520634,0.005550641794258359,sleeve_trend
2026-04-30,INTC,0.0198076409640504,-0.0028495687922576174,-5.6443235539401603e-05,sleeve_trend
2026-04-30,KMI,0.0751962364206909,0.032349266396483944,0.002432543083985918,sleeve_mean_reversion
2026-04-30,PCAR,0.0404026048917604,0.005586614978385862,0.00022571379765411458,sleeve_mean_reversion
2026-04-30,PWR,0.0660771532225399,0.15776327812170998,0.010424548301338408,sleeve_trend
2026-04-30,QCOM,0.0570939363174058,0.1511539276382845,0.00862997271870598,sleeve_quality
2026-04-30,STX,0.0836629550153253,0.04716312659408173,0.003945806538622752,"sleeve_quality, sleeve_trend"
2026-04-30,UNH,0.0387325304403878,-0.0007012755665277703,-2.716217722763706e-05,sleeve_trend
2026-04-30,VZ,0.0543350705453486,0.030465468143831664,0.0016553433607921638,sleeve_2
2026-05-01,AMZN,0.0574587637464111,0.012072784412985094,0.000693687267347065,sleeve_trend
2026-05-01,ELV,0.1114061352843187,-0.009935736325602629,-0.001106901985239406,"sleeve_2, sleeve_trend"
2026-05-01,EQIX,0.0862578574836613,0.0020317470963147066,0.00017525415147675663,sleeve_trend
2026-05-01,FTNT,0.0671226226523459,0.023484799125483624,0.0015763613097659805,sleeve_quality
2026-05-01,GEV,0.0290962177120918,-0.018930082623815903,-0.0005507938053304335,sleeve_trend
2026-05-01,GM,0.086887647670357,-0.014566350660002336,-0.0012656359439891553,sleeve_2
2026-05-01,GOOG,0.0696288364312283,0.003351326787381037,0.00023334898470614806,sleeve_trend
2026-05-01,GOOGL,0.0654858107433651,0.002312960442559797,0.00015146608979836086,sleeve_trend
2026-05-01,HLT,0.0409351254145273,-0.016848293006975323,-0.000689686987261238,sleeve_mean_reversion
2026-05-01,INTC,0.0202232289941474,0.05440303987109485,0.0011002051332908824,sleeve_trend
2026-05-01,KMI,0.0655031136987612,-0.010343840487960665,-0.000677553759564737,sleeve_mean_reversion
2026-05-01,PWR,0.0699672131196245,0.019841448915874693,0.0013882508848991472,sleeve_trend
2026-05-01,QCOM,0.0573806654099158,-0.014311193233089825,-0.0008211857905245784,sleeve_quality
2026-05-01,STX,0.0773722852398113,0.07910751003667227,0.0061207288311686415,"sleeve_quality, sleeve_trend"
2026-05-01,UNH,0.0399430704456807,-0.004588621306068297,-0.00018328362407683734,sleeve_trend
2026-05-01,VZ,0.0553314059537519,0.0016657058223450427,9.21658450557017e-05,sleeve_2
2026-05-04,AMZN,0.0576687766571809,0.014128002271583506,0.0008147446076120936,sleeve_trend
2026-05-04,BK,0.0893314044591483,-0.014202376392743798,-0.001268718229821256,sleeve_trend
2026-05-04,CAT,0.0353858060757707,-0.016736490945300275,-0.0005922342229792878,sleeve_trend
2026-05-04,DLR,0.0796617256758273,-0.010911789942093075,-0.00086925201699927,sleeve_trend
2026-05-04,ELV,0.0416431852882951,-0.0020929926431999535,-8.715888044781418e-05,sleeve_2
2026-05-04,EQIX,0.0869530159499126,-0.0016866369242110046,-0.00014665816737263103,sleeve_trend
2026-05-04,FTNT,0.0740588511013449,0.034187007960865046,0.002531850532174197,sleeve_quality
2026-05-04,GM,0.0628437952521581,-0.0009238288715746057,-5.8056912453266774e-05,sleeve_2
2026-05-04,GOOG,0.0414931944595222,-0.009341822180433113,-0.0003876220443389888,sleeve_trend
2026-05-04,GOOGL,0.0410375218946687,-0.006326388005902461,-0.00025961928630639173,sleeve_trend
2026-05-04,ORLY,0.0587943987523512,-0.027826573528123455,-0.0016360466599241105,sleeve_2
2026-05-04,PWR,0.0278669441374728,0.02038506195372114,0.0005680693827032692,sleeve_trend
2026-05-04,QCOM,0.0433661976309499,-0.04875426972118235,-0.0021142872960814305,sleeve_quality
2026-05-04,STX,0.0888580158590804,0.015971217158122775,0.0014191706675252904,"sleeve_quality, sleeve_trend"
2026-05-04,VZ,0.0389735797864383,-0.011224272718577954,-0.0004374500883422406,sleeve_2
2026-05-04,WBD,0.0943740147712761,-0.0003707908467348586,-3.4993020846809524e-05,sleeve_mean_reversion
2026-05-04,WDC,0.0376895722486018,0.025120538446917084,0.0009467823487188608,sleeve_trend
2026-05-05,AMZN,0.0651473698931572,0.005513692583370089,0.0003592025702059687,sleeve_trend
2026-05-05,CAT,0.0400065248297881,0.03407713546290525,0.0013633077660247716,sleeve_trend
2026-05-05,CME,0.0733535849888289,-0.01195362055668947,-0.0008768409214293333,sleeve_mean_reversion
2026-05-05,ELV,0.0573962906611247,-0.007609520382782176,-0.00043675824368191865,sleeve_2
2026-05-05,EQIX,0.0960467729635993,-0.004375926256033225,-0.0004202935956186762,sleeve_trend
2026-05-05,FTNT,0.0736079826351934,0.007619904991636561,0.0005608858343062076,sleeve_quality
2026-05-05,GM,0.129269098092965,0.00594453577927756,0.000768444778768571,"sleeve_2, sleeve_mean_reversion"
2026-05-05,GOOG,0.0461144622312949,0.012195635943741845,0.0005623951931143058,sleeve_trend
2026-05-05,GOOGL,0.0458219345134701,0.013515988851422689,0.0006193287560346824,sleeve_trend
2026-05-05,INTC,0.0224708835964386,0.1291501660496559,0.002902118347762534,sleeve_trend
2026-05-05,MO,0.0575318293946632,-0.008445794670820406,-0.0004859020181039952,sleeve_trend
2026-05-05,PWR,0.0308963020698998,0.018842266665903606,0.0005821563625913617,sleeve_trend
2026-05-05,QCOM,0.0431720169071786,0.1079106577063027,0.004658720738961263,sleeve_quality
2026-05-05,SLB,0.079543248077416,0.006651060418377153,0.0005290469488368561,sleeve_trend
2026-05-05,STX,0.0865270483441884,0.04396517024976898,0.003804176411662234,"sleeve_quality, sleeve_trend"
2026-05-05,VZ,0.0530946508007932,-0.00483501863973379,-0.00025671362629199173,sleeve_2
2026-05-06,AMZN,0.0680344008990633,0.005264129064761924,0.00035814186717642396,sleeve_trend
2026-05-06,CAT,0.0408165729622167,0.02469623272099364,0.0010080155847483202,sleeve_trend
2026-05-06,ELV,0.0577990971712567,0.015281606578707363,0.0008832630635756224,sleeve_2
2026-05-06,EQIX,0.1025530084637498,0.00880885943237053,0.0009033750359238773,sleeve_trend
2026-05-06,FTNT,0.0732175602832033,0.00033361632459683044,2.4426573357629152e-05,sleeve_quality
2026-05-06,GILD,0.0665293238726124,0.02112677920090711,0.0014055503358423205,sleeve_mean_reversion
2026-05-06,GM,0.1286430713583313,0.03348657328086513,0.004307815636116323,"sleeve_2, sleeve_mean_reversion"
2026-05-06,GOOG,0.0471453059310357,0.028287489416279232,0.0013336223425514189,sleeve_trend
2026-05-06,GOOGL,0.0470900285995678,0.024740662220501752,0.0011650384915356741,sleeve_trend
2026-05-06,MO,0.058486545598626,-0.03599398860848324,-0.0021051640560264795,sleeve_trend
2026-05-06,MPC,0.0454254508444203,-0.05654304588568804,-0.002568493351474123,sleeve_trend
2026-05-06,PWR,0.0327059282799456,0.01766437947973154,0.0005777299283738425,sleeve_trend
2026-05-06,QCOM,0.0423533006623964,0.032270175109057275,0.0013667484288220832,sleeve_quality
2026-05-06,STX,0.0913590729900644,0.01998672764103815,0.001825968909390142,"sleeve_quality, sleeve_trend"
2026-05-06,VZ,0.0539610390988956,0.0021123776726392762,0.00011398609418492208,sleeve_2
2026-05-06,WDC,0.0438802929846139,0.038451570845339456,0.0016872661944121333,sleeve_trend
2026-05-07,AMZN,0.0761496627900037,-0.01389133038400725,-0.0010578201244466846,sleeve_trend
2026-05-07,CMI,0.0550765049516606,-0.0459371641177575,-0.002530058446996917,sleeve_trend
2026-05-07,ELV,0.0581873749058455,-0.004776944276670303,-0.0002779578475309479,sleeve_2
2026-05-07,FTNT,0.0751694666533082,0.2003335729164033,0.015058967828877666,sleeve_quality
2026-05-07,GM,0.0869327097399909,-0.0036848146638680523,-0.0003203309236197035,sleeve_2
2026-05-07,GOOG,0.052876365062525,0.00040486361837865914,2.1407716485924786e-05,sleeve_trend
2026-05-07,GOOGL,0.0527152265875919,-0.00012565985809642743,-6.624187892517817e-06,sleeve_trend
2026-05-07,HLT,0.043037844875216,-0.0037635997456493264,-0.0001619772220256581,sleeve_mean_reversion
2026-05-07,INTC,0.0262321964548917,-0.0299973393997629,-0.0007868961002586435,sleeve_trend
2026-05-07,MO,0.0650081627351609,-0.01610374711260587,-0.0010468750129421598,sleeve_trend
2026-05-07,MPC,0.0495847597104928,-0.01432171124410353,-0.0007101386106819365,sleeve_trend
2026-05-07,PWR,0.0367176699677737,-0.04394838785712063,-0.0016136824009534685,sleeve_trend
2026-05-07,QCOM,0.0396446369629264,0.05182527165357054,0.0020545940802108443,sleeve_quality
2026-05-07,STX,0.0960378741635885,-0.02540618929373284,-0.002439956410367824,"sleeve_quality, sleeve_trend"
2026-05-07,UNH,0.0678549424589796,0.006697845451588691,0.0004544819177166889,sleeve_trend
2026-05-07,VZ,0.0541720773412422,-0.0073776963958368524,-0.0003996651397554778,sleeve_2
2026-05-07,WM,0.0646025246388013,0.0042172702027292175,0.0002724463021802968,sleeve_mean_reversion
2026-05-08,AMD,0.025975983544502,0.11440535661732598,0.0029717916608945428,sleeve_trend
2026-05-08,AMZN,0.0788920088171446,0.0055683857848436435,0.0004393011404351474,sleeve_trend
2026-05-08,CME,0.0651939372201279,-0.0195223685295407,-0.001272740068303077,sleeve_mean_reversion
2026-05-08,CMI,0.0579331468835924,-0.004876414786113115,-0.0002825060540692129,sleeve_trend
2026-05-08,CVS,0.0524213722227799,0.03651559545694716,0.0019141976213850776,sleeve_trend
2026-05-08,ELV,0.0577306963921151,0.013809905769132547,0.0007972554771615098,sleeve_2
2026-05-08,FTNT,0.0736645298788521,0.05649716037005503,0.0041618367581502174,sleeve_quality
2026-05-08,GM,0.0847311243945767,0.004973804810023408,0.0004214360740724373,sleeve_2
2026-05-08,GOOG,0.0530144406190214,0.004427055512155276,0.00023469787156626723,sleeve_trend
2026-05-08,GOOGL,0.0534601436274913,0.007060470320022549,0.0003774537573860449,sleeve_trend
2026-05-08,MPC,0.04872281014787,0.01077350909702024,0.0005249156383604675,sleeve_trend
2026-05-08,PWR,0.0366738862749674,-0.007632572919303415,-0.0002799161112279294,sleeve_trend
2026-05-08,QCOM,0.0387726384451833,0.0816588054457652,0.0031661273394142193,sleeve_quality
2026-05-08,SO,0.0530903029213637,-0.006815946636922865,-0.0003618606716500851,sleeve_mean_reversion
2026-05-08,STX,0.0970560646552538,0.021136708518994407,0.002051445748618775,"sleeve_quality, sleeve_trend"
2026-05-08,UNH,0.0682136861032363,0.02769524111519739,0.0018891944839855188,sleeve_trend
2026-05-08,VZ,0.0544532278519211,0.002760628609643323,0.00015032513869544002,sleeve_2
2026-05-11,AMZN,0.0946169177836392,-0.013532354923427414,-0.0012803897132089568,sleeve_trend
2026-05-11,CAT,0.0458193456171844,0.032692590585807535,0.0014979531071722244,sleeve_trend
2026-05-11,CVS,0.0520973235196603,0.018442828411510348,0.0009608219983720373,sleeve_trend
2026-05-11,ELV,0.0577161035195335,0.009733601450367058,0.0005617855489272665,sleeve_2
2026-05-11,FTNT,0.0490032086577159,0.012010193304525796,0.0005885380085211801,sleeve_quality
2026-05-11,GM,0.0846168465042569,-0.04454318175952299,-0.0037691035737567723,sleeve_2
2026-05-11,GOOG,0.0524487336419099,-0.02589098933153089,-0.0013579496031749943,sleeve_trend
2026-05-11,GOOGL,0.0529083492270222,-0.03033924459227455,-0.0016051993481721067,sleeve_trend
2026-05-11,HON,0.0770314311840295,0.02810625593204996,0.0021650651196704275,sleeve_mean_reversion
2026-05-11,MPC,0.0508328653964926,0.03107772881928872,0.0015797700058996023,sleeve_trend
2026-05-11,PWR,0.0340800834247918,0.04883222722641323,0.0016642063776945524,sleeve_trend
2026-05-11,QCOM,0.0769057806781057,0.08416634365446174,0.006472878365568108,"sleeve_quality, sleeve_trend"
2026-05-11,STX,0.1081958737602396,0.06563678480693769,0.007101629282999443,"sleeve_quality, sleeve_trend"
2026-05-11,UNH,0.0678922295129711,0.011737433337573933,0.0007968805180477678,sleeve_trend
2026-05-11,UPS,0.0412528089576706,-0.007739603946219642,-0.0003192804030014324,sleeve_mean_reversion
2026-05-11,VZ,0.054582098614776,0.0002118156661430337,1.1561343577573537e-05,sleeve_2
2026-05-12,AMZN,0.0995833983050999,-0.011784761609137218,-0.0011735666092533615,sleeve_trend
2026-05-12,CMI,0.0522782262620399,0.0027040860427927083,0.00014136482197714132,sleeve_trend
2026-05-12,CVS,0.0515673419086856,0.031771852812749746,0.0016383899970675005,sleeve_trend
2026-05-12,ELV,0.0581527103412066,0.03025543223938043,0.001759435387264694,sleeve_2
2026-05-12,FTNT,0.0511909913824912,-0.013600135668925484,-0.0006962044278286756,sleeve_quality
2026-05-12,GILD,0.0637778558483463,0.01063505250175023,0.000678280845396221,sleeve_mean_reversion
2026-05-12,GM,0.0860065580136882,0.015274295917179881,0.0013136896179191723,sleeve_2
2026-05-12,GOOG,0.0542117271613468,-0.007627236134120974,-0.0004134856442981317,sleeve_trend
2026-05-12,GOOGL,0.0549064075331173,-0.0033193073752800784,-0.0001822512434748099,sleeve_trend
2026-05-12,INTC,0.026503441362114,-0.06821694734633343,-0.0018079838638959665,sleeve_trend
2026-05-12,MPC,0.0523189975705411,-0.0019407145967156314,-0.00010153624227067876,sleeve_trend
2026-05-12,MU,0.026503441362114,-0.03614847333379745,-0.0009580589433322423,sleeve_trend
2026-05-12,PWR,0.0347852440786912,-0.019926291626973236,-0.0006931409178274448,sleeve_trend
2026-05-12,QCOM,0.049189377268023,-0.11459602583761341,-0.005636907148342477,sleeve_quality
2026-05-12,REGN,0.0417666044089207,0.014927609263599262,0.0006234755508836904,sleeve_mean_reversion
2026-05-12,STX,0.0716058428525707,-0.030227502884724422,-0.0021644658213892044,sleeve_quality
2026-05-12,UNH,0.07005085780498,0.031084187105164585,0.002177473970887277,sleeve_trend
2026-05-12,VZ,0.0556009765360228,0.01482108159517792,0.000824066610011967,sleeve_2
2026-05-13,AMZN,0.0997209241463067,0.016213969753363422,0.001616872047885665,sleeve_trend
2026-05-13,CAT,0.0488243033124249,-0.010787846928589473,-0.0005267091105294637,sleeve_trend
2026-05-13,CVS,0.0554950824216561,0.031108765496631108,0.0017263835052715147,sleeve_trend
2026-05-13,ELV,0.1221648116961251,0.016120071424191806,0.001969305490064479,"sleeve_2, sleeve_trend"
2026-05-13,FTNT,0.0524918651028831,0.03354702382264474,0.0017609458491014732,sleeve_quality
2026-05-13,GM,0.0720121863326797,-0.008241782698487854,-0.000593508791396963,sleeve_2
2026-05-13,GOOG,0.0542435261716427,0.039654005517664404,0.002150973086107893,sleeve_trend
2026-05-13,GOOGL,0.054119469780487,0.039421737678543955,0.0021334835409882453,sleeve_trend
2026-05-13,MNST,0.0428790185413445,0.0006987021855677789,2.9959663969838717e-05,sleeve_trend
2026-05-13,MU,0.0280304630649193,0.048331480023915185,0.0013547537656832397,sleeve_trend
2026-05-13,PFE,0.0374850470219575,0.003478865184370905,0.00013040542501919423,sleeve_2
2026-05-13,PWR,0.0360098538952019,0.010328881826024094,0.00037194152545593385,sleeve_trend
2026-05-13,QCOM,0.0769926820951922,0.013598956085340452,0.0010470201027050967,"sleeve_quality, sleeve_trend"
2026-05-13,SRE,0.0751425409221093,-0.018520538461627045,-0.0013916803192523094,sleeve_mean_reversion
2026-05-13,STX,0.0707741624397059,0.01057118758381037,0.0007481669472371973,sleeve_quality
2026-05-13,UPS,0.0291431579084017,0.0001015065606890797,2.9582217269006105e-06,sleeve_mean_reversion
2026-05-13,VZ,0.0444709051469615,-0.015021981205545099,-0.0006680411013112344,sleeve_2
2026-05-14,AMGN,0.0502653804498048,-0.0006538925340643376,-3.286815699803087e-05,sleeve_mean_reversion
2026-05-14,AMZN,0.1055707352516119,-0.010772604336833247,-0.001137271760414189,sleeve_trend
2026-05-14,CMI,0.052635138549542,0.009696013424917549,0.0005103510099987545,sleeve_trend
2026-05-14,CVS,0.0564154674303017,-0.009784925884215756,-0.00055202116752889,sleeve_trend
2026-05-14,CVX,0.0540203183807061,0.0034408300909458678,0.0001858747370068097,sleeve_mean_reversion
2026-05-14,ELV,0.0448986054597937,-0.007331662620228663,-0.000329181427349964,sleeve_2
2026-05-14,FTNT,0.0547832052739324,0.03543205100213509,0.0019410813233264087,sleeve_quality
2026-05-14,GM,0.0722757955840482,0.02559032326126398,0.0018495609729608292,sleeve_2
2026-05-14,GOOG,0.0505078529539442,-0.00468622373119798,-0.00023669109912463133,sleeve_trend
2026-05-14,GOOGL,0.0506015498342621,-0.0038497776707889786,-0.00019480471665925798,sleeve_trend
2026-05-14,INTC,0.0263921603666442,-0.036245744261098944,-0.000956603495147297,sleeve_trend
2026-05-14,MPC,0.0509407430099381,-0.0010839182189330554,-5.52155994344586e-05,sleeve_trend
2026-05-14,MU,0.0263921603666442,-0.03436901356048305,-0.0009070725175316379,sleeve_trend
2026-05-14,PFE,0.0379954840362024,-0.008089333277298216,-0.0003073581334011052,sleeve_2
2026-05-14,PWR,0.0335905933171022,0.008220160949091282,0.0002761200834420501,sleeve_trend
2026-05-14,QCOM,0.0436626786507009,-0.061406361134859755,-0.0026811662133402704,sleeve_quality
2026-05-14,STX,0.0737823626482286,-0.015403395028516065,-0.0011364988780078937,sleeve_quality
2026-05-14,UNH,0.0703982873405391,-0.005160070047501408,-0.0003632600939013134,sleeve_trend
2026-05-14,VZ,0.0448714810960523,-0.0031771685011203754,-0.00014256425633699576,sleeve_2
2026-05-15,CMI,0.0599559380123139,-0.027803716853258553,-0.0016669979241658972,sleeve_trend
2026-05-15,COP,0.0376242693258408,0.028914872708327932,0.001087900958300534,sleeve_mean_reversion
2026-05-15,CVS,0.0635383970423231,-0.012969656370976246,-0.0008240711760015841,sleeve_trend
2026-05-15,ELV,0.1283341199775977,-0.010158563026769762,-0.0013036902462774586,"sleeve_2, sleeve_trend"
2026-05-15,FTNT,0.0547313612996988,0.0075496320723567045,0.00041320164063194856,sleeve_quality
2026-05-15,GLW,0.0300551771749071,-0.07907623111098072,-0.002376650136364427,sleeve_trend
2026-05-15,GM,0.0724607386293766,-0.03717044065940489,-0.002693397585359891,sleeve_2
2026-05-15,GOOG,0.0570283089423488,-0.009693588020702304,-0.0005528089324044625,sleeve_trend
2026-05-15,GOOGL,0.0572743281919257,-0.010696401675080014,-0.0006126292200111965,sleeve_trend
2026-05-15,MNST,0.0458998637380832,0.01479837622445257,0.000679243452247263,sleeve_trend
2026-05-15,MPC,0.057647544627986,0.024957786153858574,0.0014387550911202933,sleeve_trend
2026-05-15,MU,0.0300551771749071,-0.06617190283375973,-0.001988808263669386,sleeve_trend
2026-05-15,PWR,0.0382465712953941,-0.012934624390762317,-0.0004947050339404345,sleeve_trend
2026-05-15,QCOM,0.0436490865946233,0.007047202540134245,0.0003076039539241689,sleeve_quality
2026-05-15,SO,0.0666614295046701,-0.012062331448020047,-0.0008040922574841536,sleeve_mean_reversion
2026-05-15,STX,0.0738477986785398,-0.011543821309275226,-0.0008524857920283946,sleeve_quality
2026-05-15,USB,0.0379138390818049,-0.005615884073218558,-0.00021291972505407946,sleeve_2
2026-05-15,VZ,0.0450760507076582,-0.014662249857189669,-0.0006609163180510357,sleeve_2
2026-05-18,CMI,0.0578133155919873,-0.026790010528982444,-0.0015488193334247248,sleeve_trend
2026-05-18,CVS,0.0601451336102619,0.0010428457060964735,6.272209432806031e-05,sleeve_trend
2026-05-18,DELL,0.0330376168385815,-0.016364339947829154,-0.0005406387930126724,sleeve_trend
2026-05-18,ELV,0.1240722301457048,0.003539782818721582,0.00043918874855023576,"sleeve_2, sleeve_trend"
2026-05-18,FTNT,0.0566932917179807,0.030298104395570347,0.0017176992709999031,sleeve_quality
2026-05-18,GILD,0.0943740214037782,0.0006944651871323426,6.553947243460653e-05,sleeve_mean_reversion
2026-05-18,GM,0.0718588849883349,-0.02351057780920851,-0.001689443906801213,sleeve_2
2026-05-18,GOOG,0.0549829563632691,-0.0005339830774412357,-2.935996824567561e-05,sleeve_trend
2026-05-18,GOOGL,0.0551660723492707,0.00040326534105239453,2.224656498044972e-05,sleeve_trend
2026-05-18,MU,0.0289651384793843,-0.05950373359353034,-0.001723533883576998,sleeve_trend
2026-05-18,PFE,0.0387174186909819,0.0,0.0,sleeve_2
2026-05-18,PM,0.0556079852056618,0.00996786217451695,0.0005542927323326144,sleeve_trend
2026-05-18,PWR,0.0371376155193743,-0.060987796573996556,-0.0022649413405388973,sleeve_trend
2026-05-18,QCOM,0.0430896145642358,0.010670436127844019,0.0004597849799810955,sleeve_quality
2026-05-18,SBUX,0.0679958345823647,-0.0020595508456435763,-0.00014004087861434994,sleeve_trend
2026-05-18,STX,0.0743511609541908,-0.06867629107379214,-0.005106161971364376,sleeve_quality
2026-05-18,VZ,0.0459917089946363,0.008410648976160395,0.00038682012016760467,sleeve_2
2026-05-19,CAT,0.0484391305309767,-0.0043983884938683104,-0.0002130541143804331,sleeve_trend
2026-05-19,CSCO,0.0436486063171591,-0.029441440269161512,-0.0012850778357187853,sleeve_trend
2026-05-19,CVS,0.0578253329527202,-0.018856105832636083,-0.0010903605979639109,sleeve_trend
2026-05-19,ELV,0.0544380073498715,0.020808431610577438,0.001132769552955913,sleeve_2
2026-05-19,FTNT,0.0560524197123697,0.009011852882596427,0.0005051361601614236,sleeve_quality
2026-05-19,GM,0.0880251518830148,-0.006429591160172499,-0.0005659657384198735,sleeve_2
2026-05-19,GOOG,0.0538162600940965,-0.020884704295896728,-0.0011239366783762728,sleeve_trend
2026-05-19,GOOGL,0.0537909352816597,-0.023378884460741545,-0.0012575720609851481,sleeve_trend
2026-05-19,MNST,0.0436077765175161,-0.024734610557499814,-0.0010786213694392462,sleeve_trend
2026-05-19,MRK,0.0820421769901716,0.01492539045608976,0.0012245115254459341,sleeve_mean_reversion
2026-05-19,NEM,0.0335566643434012,-0.04333186352840346,-0.0014540727997967033,sleeve_mean_reversion
2026-05-19,PANW,0.0527112713391994,-0.029973734912028815,-0.001579953673997185,sleeve_trend
2026-05-19,PM,0.0538586403924602,0.0003655513414047018,1.9688098241697284e-05,sleeve_trend
2026-05-19,PWR,0.0362398065971165,-0.012309281905224734,-0.00044608599559473007,sleeve_trend
2026-05-19,QCOM,0.0422777353938942,-0.03943229266942627,-0.001667108035452598,sleeve_quality
2026-05-19,STX,0.0717227966276216,-0.01011024978821895,-0.0007251353894148821,sleeve_quality
2026-05-19,UNH,0.0728956636842669,-0.004832246174069632,-0.0003522497919445654,sleeve_trend
2026-05-19,VZ,0.0550516239924832,0.020958158108824065,0.0011537806397819953,sleeve_2
2026-05-20,BA,0.0343993264389205,0.03344031731128516,0.0011503243914119826,sleeve_mean_reversion
2026-05-20,CMI,0.0530752115534977,0.015785602581209757,0.0008378241964971473,sleeve_trend
2026-05-20,CRWD,0.0523757280693827,0.053867819034048026,0.0028213662414180167,sleeve_trend
2026-05-20,CVS,0.0579852392810777,-0.009556185208776657,-0.0005541176859452099,sleeve_trend
2026-05-20,ELV,0.0441690500035372,-0.015064482741074858,-0.0006653838914679586,sleeve_2
2026-05-20,F,0.038519098291711,0.012251136467942514,0.00047190272979384277,sleeve_2
2026-05-20,FTNT,0.0595244396391709,0.01848950659383153,0.0011005775192025771,sleeve_quality
2026-05-20,GM,0.0733989230642327,0.04832717981195822,0.0035471629529292606,sleeve_2
2026-05-20,GOOG,0.0538586540454585,0.0,0.0,sleeve_trend
2026-05-20,GOOGL,0.0539273954831322,0.00322451056536055,0.00017388945649773657,sleeve_trend
2026-05-20,MNST,0.0430326647275464,0.00613779720512353,0.0002641257692937522,sleeve_trend
2026-05-20,PANW,0.0522812741855562,0.027193597828324867,0.001421715944154398,sleeve_trend
2026-05-20,PM,0.0535207190388793,-0.015346903530192635,-0.0008213773119562248,sleeve_trend
2026-05-20,PNC,0.067661548978719,0.016692443790856437,0.0011294366031295467,sleeve_mean_reversion
2026-05-20,PWR,0.0330824728102255,-0.005881342758002117,-0.0001945693618792217,sleeve_trend
2026-05-20,QCOM,0.0448552264582323,0.03527424102882448,0.0015822340694901912,sleeve_quality
2026-05-20,STX,0.0682763702682897,0.024163119672481415,0.001649770105595336,sleeve_quality
2026-05-20,UNH,0.0716054893288565,-0.015260465430948722,-0.0010927330945691824,sleeve_trend
2026-05-20,VZ,0.0444511683335734,0.0016756615262862873,7.448511257504429e-05,sleeve_2
2026-05-21,AEP,0.0519417949138607,0.0057422636859041365,0.0002982634827145425,sleeve_mean_reversion
2026-05-21,AMGN,0.0501190805037787,0.017643351250993256,0.0008842685417049757,sleeve_mean_reversion
2026-05-21,CAT,0.0448341550237024,-0.0075753935202818035,-0.00033963636745386506,sleeve_trend
2026-05-21,CRWD,0.0506651139495379,-0.0028918258835785027,-0.00014651468791372795,sleeve_trend
2026-05-21,CVS,0.0540229528774016,0.0004288262869940329,2.3166462294869735e-05,sleeve_trend
2026-05-21,ELV,0.1193160519020691,-0.016127736236982715,-0.0019242978139147103,"sleeve_2, sleeve_trend"
2026-05-21,F,0.0387059146793285,0.03403931922660042,0.0013175229857272219,sleeve_2
2026-05-21,FTNT,0.0884916514886768,-0.004153794508713893,-0.0003675761360206893,"sleeve_quality, sleeve_trend"
2026-05-21,GM,0.0744031007267374,0.01405309133063315,0.0010455935697951384,sleeve_2
2026-05-21,GOOG,0.0514648242989775,-0.0037152463221005183,-0.00019120449919432555,sleeve_trend
2026-05-21,GOOGL,0.0512832627629499,-0.0032141465159613025,-0.00016483192033666343,sleeve_trend
2026-05-21,PM,0.05455451887739,-0.0009011933532402372,-4.916416980152291e-05,sleeve_trend
2026-05-21,PWR,0.0318068524415578,0.009831968381686984,0.00031272396752637975,sleeve_trend
2026-05-21,QCOM,0.0444048003724202,0.05382452521418024,0.0023900672972759713,sleeve_quality
2026-05-21,STX,0.0684499804072286,0.07907389936684961,0.005412606862384022,sleeve_quality
2026-05-21,VZ,0.0438505701246317,0.009410325330754477,0.00041264813081184714,sleeve_2
2026-05-21,WMB,0.0816853746497506,-0.004622591793594477,-0.0003775981425126275,sleeve_trend
2026-05-22,AMGN,0.0529473051762225,0.005571614872918573,0.00029500199300079984,sleeve_mean_reversion
2026-05-22,CRWD,0.0462825680506103,0.02349481196919201,0.0010874002338004225,sleeve_trend
2026-05-22,CVS,0.0511750007642866,-0.000642922833154258,-3.290157647804646e-05,sleeve_trend
2026-05-22,ELV,0.0547973953283535,0.012492908857566931,0.0006845788654691842,sleeve_2
2026-05-22,FTNT,0.0585792597160851,0.03452792932255622,0.002022620539244651,sleeve_quality
2026-05-22,GILD,0.0653369349740204,0.029578630622788538,0.0019325770656217034,sleeve_mean_reversion
2026-05-22,GM,0.0878998401424313,0.020463687515968276,0.0017987548613782784,sleeve_2
2026-05-22,GOOG,0.0488274574842962,-0.010665722141613987,-0.0005207800944089736,sleeve_trend
2026-05-22,GOOGL,0.0486677256105479,-0.012098216184623256,-0.0005887926656503343,sleeve_trend
2026-05-22,MNST,0.0392950714702876,0.005444870509323074,0.00021395657581031147,sleeve_trend
2026-05-22,MPC,0.0571484575783624,0.025037239480261375,0.0014308396183170175,sleeve_trend
2026-05-22,PANW,0.044852710148509,0.030286210891886878,0.0013584186386304184,sleeve_trend
2026-05-22,PM,0.0594753902939982,0.002812228327665478,0.00016725837738374217,sleeve_trend
2026-05-22,PWR,0.0299229325941362,0.009108520316527757,0.00027255363946378024,sleeve_trend
2026-05-22,QCOM,0.0435310569908175,0.11597393274611756,0.00504846787582048,sleeve_quality
2026-05-22,STX,0.0674262856408672,0.002800789442190421,0.00018884682894905643,sleeve_quality
2026-05-22,UNH,0.0896167948702933,0.015660978328475572,0.0014034866823311042,sleeve_trend
2026-05-22,VZ,0.0542178131658738,0.0016572629978881537,8.985317558621582e-05,sleeve_2
2026-05-26,BK,0.1227364259949408,0.013654396253059753,0.0016758917952192653,sleeve_trend
2026-05-26,CMI,0.031984381080145,0.04565712260866106,0.0014603148085383193,sleeve_mean_reversion
2026-05-26,CVS,0.0514604570802252,-0.027128444363545667,-0.0013960421468235192,sleeve_trend
2026-05-26,DELL,0.0251041826478457,0.033503790945028644,0.0008410852872792379,sleeve_trend
2026-05-26,ELV,0.0559574668901734,-0.017330070593496227,-0.0009697468514399328,sleeve_2
2026-05-26,F,0.0275027370745965,0.026121860795490948,0.0007184226693575977,sleeve_trend
2026-05-26,FTNT,0.0897543521839402,0.00022410243953796538,2.011416928357071e-05,"sleeve_quality, sleeve_trend"
2026-05-26,GM,0.0864089408757469,0.012692014401795904,0.0010967035220389102,sleeve_2
2026-05-26,GOOG,0.0470698916086155,0.014391848324462941,0.0006774227406801053,sleeve_trend
2026-05-26,GOOGL,0.046937983996747,0.015431995898472772,0.0007243467765203803,sleeve_trend
2026-05-26,PFE,0.0862998590764861,-0.0019304725018132185,-0.00016659950485751232,sleeve_mean_reversion
2026-05-26,PWR,0.0295885261872682,0.02590399315502534,0.0007664609798222835,sleeve_trend
2026-05-26,QCOM,0.0436057055753058,0.04475989314379669,0.0019517867220105471,sleeve_quality
2026-05-26,ROST,0.051401716971815,-0.0005536385440250147,-2.845797174466154e-05,sleeve_trend
2026-05-26,STX,0.0639801959014673,0.04064088535638821,0.0026002118067107913,sleeve_quality
2026-05-26,UNH,0.0856585359853693,-0.029886557697481164,-0.002560038778008506,sleeve_trend
2026-05-26,VZ,0.0545486408693116,0.002895632454482211,0.00015795281484907338,sleeve_2
2026-05-27,BK,0.1227364259949408,-0.009287469197097775,-0.0011399107757898833,sleeve_trend
2026-05-27,CMI,0.031984381080145,-0.0013458308995326629,-4.304556836008703e-05,sleeve_mean_reversion
2026-05-27,CVS,0.0514604570802252,0.014769054208221055,0.000760022280197679,sleeve_trend
2026-05-27,DELL,0.0251041826478457,0.0007867469598707988,1.9750639378233866e-05,sleeve_trend
2026-05-27,ELV,0.0559574668901734,0.009333548751280452,0.0005222817452175951,sleeve_2
2026-05-27,F,0.0275027370745965,0.03655355292245166,0.0010053227551685365,sleeve_trend
2026-05-27,FTNT,0.0897543521839402,-0.04501348243115011,-0.004040155955151052,"sleeve_quality, sleeve_trend"
2026-05-27,GM,0.0864089408757469,0.05426742937526918,0.004689191096366405,sleeve_2
2026-05-27,GOOG,0.0470698916086155,-2.6025855100142437e-05,-1.2250341785852373e-06,sleeve_trend
2026-05-27,GOOGL,0.046937983996747,-0.00012861975688982508,-6.037152090560099e-06,sleeve_trend
2026-05-27,PFE,0.0862998590764861,0.013926448653400758,0.001201850556224405,sleeve_mean_reversion
2026-05-27,PWR,0.0295885261872682,-0.011533540126890784,-0.00034126045407641657,sleeve_trend
2026-05-27,QCOM,0.0436057055753058,-0.06197260704998975,-0.0027023592567559734,sleeve_quality
2026-05-27,ROST,0.051401716971815,-0.005155931705843164,-0.0002650237422697576,sleeve_trend
2026-05-27,STX,0.0639801959014673,0.02944090871570637,0.0018836351071481094,sleeve_quality
2026-05-27,UNH,0.0856585359853693,0.01897267310257389,0.0016251714016954737,sleeve_trend
2026-05-27,VZ,0.0545486408693116,-0.00515565993239242,-0.00028123424209637344,sleeve_2
2026-05-28,CAT,0.0536721424199533,-0.024463431192290108,-0.0013130047630333227,sleeve_trend
2026-05-28,COST,0.0483551146727075,-0.008458777325393019,-0.00040902514756027745,sleeve_mean_reversion
2026-05-28,CRWD,0.0617223365765453,0.039729786832801484,0.002452215275008571,sleeve_trend
2026-05-28,DELL,0.0328018494273082,0.038418643349153125,0.0012602025543403763,sleeve_trend
2026-05-28,ELV,0.0587700388232082,0.003269721710073892,0.0001921616718421293,sleeve_2
2026-05-28,F,0.0356734093997999,0.04848863340933707,0.0017297548708480963,sleeve_trend
2026-05-28,FTNT,0.0612868765971851,0.013835665120332186,0.0008479447008697767,sleeve_quality
2026-05-28,GM,0.084619853073469,0.0027341568919414527,0.00023136395447589838,sleeve_2
2026-05-28,GOOG,0.0618300070087137,0.0033521856415428264,0.0002072656617111024,sleeve_trend
2026-05-28,GOOGL,0.0615221532002322,0.0033434443979794004,0.0002056958984689468,sleeve_trend
2026-05-28,LLY,0.059379720668881,0.04052007821643788,0.0024060709259732913,sleeve_trend
2026-05-28,MNST,0.0504655496949376,-0.014007172007200253,-0.0007068796350149032,sleeve_trend
2026-05-28,PWR,0.0383834637240389,-0.004798135165239192,-0.00018416904705799393,sleeve_trend
2026-05-28,QCOM,0.0423082188533663,0.04237361427114528,0.00179275214619174,sleeve_quality
2026-05-28,ROST,0.067220846025146,-0.026855720904343294,-0.0018052642798051552,sleeve_trend
2026-05-28,SRE,0.0572536953029274,-0.013478010361922976,-0.0007716658985512363,sleeve_mean_reversion
2026-05-28,STX,0.0683787428670798,0.011554481323355903,0.0007900809073722293,sleeve_quality
2026-05-28,VZ,0.0563559816644999,-0.004767945866555046,-0.00026870226983290423,sleeve_2
2026-05-29,ABNB,0.0584472481222182,-0.008847601794842008,-0.000517117977389714,sleeve_mean_reversion
2026-05-29,BMY,0.0471615618534167,0.004744345021237439,0.00022375072117303908,sleeve_mean_reversion
2026-05-29,CVS,0.0592171104594571,-0.021404730963114016,-0.0012675263177976842,sleeve_trend
2026-05-29,DELL,0.0285373400352692,0.32758246291736315,0.009348332133863754,sleeve_trend
2026-05-29,ELV,0.0591506512636072,0.001120267185167112,6.626453359188272e-05,sleeve_2
2026-05-29,F,0.0311987832019864,0.047447503521149015,0.0014803043758318144,sleeve_trend
2026-05-29,FTNT,0.0575521614686197,0.06376256335427022,0.003669673341818053,sleeve_quality
2026-05-29,GM,0.0835165846676244,-0.013159523967073983,-0.001099038497581767,sleeve_2
2026-05-29,GOOG,0.0537985752455221,-0.025095830133723296,-0.0013501199057979537,sleeve_trend
2026-05-29,GOOGL,0.053503788531848,-0.02509425962392897,-0.0013426379602819872,sleeve_trend
2026-05-29,LLY,0.0535299221057553,-0.01934686535627783,-0.001035636195512088,sleeve_trend
2026-05-29,MAR,0.093229434228301,-0.02633762807161444,-0.0024554421640320323,sleeve_trend
2026-05-29,MNST,0.0436984716018374,0.0010228886176870677,4.4698669211841044e-05,sleeve_trend
2026-05-29,MU,0.0285373400352692,0.051412008692131694,0.0014671619739435777,sleeve_trend
2026-05-29,QCOM,0.0408339248200601,0.0317728405258102,0.0012974097813506923,sleeve_quality
2026-05-29,SLB,0.0774207127003105,-0.010341023067114263,-0.0008006093759063372,sleeve_trend
2026-05-29,STX,0.0735877520289514,-0.0010446317764877255,-7.687210412974173e-05,sleeve_quality
2026-05-29,VZ,0.0570786376299455,-0.004165716466220881,-0.00023777342064451877,sleeve_2
2026-06-01,BK,0.1141886895223845,0.02266372967154484,0.0025879415908832875,sleeve_trend
2026-06-01,BMY,0.0487961717712273,-0.03899965983177256,-0.0019030341001706073,sleeve_mean_reversion
2026-06-01,DELL,0.0235924280098403,0.10702997648193979,0.002525097015045065,sleeve_trend
2026-06-01,ELV,0.1470656498303539,0.0240850939736843,0.003542089996465022,"sleeve_2, sleeve_trend"
2026-06-01,F,0.0255977922302553,-0.04644503144992507,-0.0011888902651828548,sleeve_trend
2026-06-01,FTNT,0.0823404755077821,0.06646371013852903,0.005472653496817879,"sleeve_quality, sleeve_trend"
2026-06-01,GM,0.0840158613137908,-0.0067274838580252405,-0.0005652153508066149,sleeve_2
2026-06-01,GOOG,0.0444833372145397,-0.010227671781624759,-0.0004549609727816462,sleeve_trend
2026-06-01,GOOGL,0.044239264999024,-0.010438005061361832,-0.0004617696719707399,sleeve_trend
2026-06-01,LLY,0.0440934488360071,-0.020633528351244323,-0.0009098034266618935,sleeve_trend
2026-06-01,MAR,0.0770322225205106,0.0036208342104970814,0.0002789209066128885,sleeve_trend
2026-06-01,MNST,0.0360819220873121,0.01158034311832612,0.0004178410381397839,sleeve_trend
2026-06-01,PCAR,0.0568680438348217,-0.008154403402031107,-0.0004637249701135242,sleeve_mean_reversion
2026-06-01,QCOM,0.0408886876587,-0.08776191542441847,-0.0035884695481182925,sleeve_quality
2026-06-01,STX,0.0735332222223439,0.04712437307228656,0.003465206997213087,sleeve_quality
2026-06-01,VZ,0.0571827824411061,-0.0016732893598515597,-9.568334142540943e-05,sleeve_2
2026-06-02,BK,0.1044380810876527,-0.009187163140740195,-0.0009594896890581186,sleeve_trend
2026-06-02,DELL,0.0212186397493959,-0.06577816649187418,-0.001395723218166863,sleeve_trend
2026-06-02,ELV,0.1377897342428208,-0.03384990654744702,-0.004664169627317044,"sleeve_2, sleeve_trend"
2026-06-02,F,0.0230509234606686,-0.028863473629556213,-0.0006653297214439268,sleeve_trend
2026-06-02,FTNT,0.0558743872340043,0.01168955571454311,0.0006531467625878495,sleeve_quality
2026-06-02,GM,0.0845839803139104,-0.011489983024143724,-0.0009718684979213375,sleeve_2
2026-06-02,GOOG,0.0666625159940383,-0.03808576061779356,-0.0025388926263287775,sleeve_trend
2026-06-02,GOOGL,0.0653094690663472,-0.03857903067859958,-0.002519576010713659,sleeve_trend
2026-06-02,JNJ,0.054311249394672,-0.0027739033261375834,-0.0001506541553425685,sleeve_mean_reversion
2026-06-02,LIN,0.0513972857734976,-0.003015617175840646,-0.00015499453777014944,sleeve_mean_reversion
2026-06-02,LLY,0.0545739379776525,-0.01667892032176388,-0.0009102343631741498,sleeve_trend
2026-06-02,MNST,0.0324402016000653,-0.009652083334225292,-0.0003131155292228989,sleeve_trend
2026-06-02,PANW,0.0336296704325972,-0.010982488651123723,-0.0003693374738670298,sleeve_trend
2026-06-02,QCOM,0.0439891548089126,0.0517489289797628,0.0022763916480862093,sleeve_quality
2026-06-02,ROST,0.0415901226545326,-0.001115726766484415,-4.6403213067031875e-05,sleeve_trend
2026-06-02,STX,0.0720911210812101,0.005807267690231432,0.0004186524382074735,sleeve_quality
2026-06-02,VZ,0.057049525128021,0.0029330831276759284,0.0001673309995949223,sleeve_2
2026-06-03,CRWD,0.0368501388508415,-0.027752164011570657,-0.001022671097237705,sleeve_trend
2026-06-03,DELL,0.0230713912805268,-0.0326893732423702,-0.000754189320789906,sleeve_trend
2026-06-03,ELV,0.1403731544084823,0.005757842482814635,0.0008082465118998578,"sleeve_2, sleeve_trend"
2026-06-03,F,0.0241900422081217,-0.02724455670441328,-0.0006590469766213223,sleeve_trend
2026-06-03,FDX,0.0423733471223216,-0.013799361510684172,-0.0005847251353586246,sleeve_trend
2026-06-03,FTNT,0.0545777711344337,-0.015988209546245247,-0.0008726008414643411,sleeve_quality
2026-06-03,GILD,0.0484472659701654,0.011131143199776039,0.0005392734551515477,sleeve_mean_reversion
2026-06-03,GM,0.0854751551561445,-0.00036718807373137263,-3.13854575736749e-05,sleeve_2
2026-06-03,GS,0.0645215900205436,-0.022130734652144102,-0.0014279101880790793,sleeve_trend
2026-06-03,LIN,0.0570544231031242,0.023512362524156893,0.0013414842796072887,sleeve_mean_reversion
2026-06-03,LLY,0.0584197151243683,0.013748066106438417,0.0008031581054491156,sleeve_trend
2026-06-03,MAR,0.0746772676940544,0.007999759621822422,0.0005974001907669204,sleeve_trend
2026-06-03,MNST,0.0352981413723232,0.009066217941130272,0.0003200206425983093,sleeve_trend
2026-06-03,MS,0.0798951992637984,-0.022513705619497393,-0.001798736996636242,sleeve_trend
2026-06-03,QCOM,0.0409068131853355,0.03807509382149177,0.0015575307499698856,sleeve_quality
2026-06-03,STX,0.0765098512409317,0.015195216640747189,0.0011625837647572972,sleeve_quality
2026-06-03,VZ,0.0573587328644825,-0.025485600069441228,-0.001461821726274116,sleeve_2
2026-06-04,BK,0.1,0.024542909358217013,0.0024542909358217014,sleeve_trend
2026-06-04,CMI,0.0419176948067404,-0.006199407028797399,-0.00025986485181589067,sleeve_trend
2026-06-04,COP,0.058349188691059,0.0015119722852718898,8.822235616898117e-05,sleeve_mean_reversion
2026-06-04,DELL,0.0275287622476463,0.0023036032384233796,6.34153458634653e-05,sleeve_trend
2026-06-04,ELV,0.1,0.04643854494302957,0.004643854494302957,"sleeve_2, sleeve_trend"
2026-06-04,F,0.0286817358492615,-0.023551870443071277,-0.0006755085268041998,sleeve_trend
2026-06-04,FCX,0.0404473073748349,-0.013448428035821913,-0.0005439527024732362,sleeve_trend
2026-06-04,FTNT,0.0567181721427428,0.021777734396851267,0.0012351932883995413,sleeve_quality
2026-06-04,GM,0.0860631078179016,0.018604696867320136,0.001601178032411549,sleeve_2
2026-06-04,GOOGL,0.0656485811404998,0.03676987830078726,0.002413890339155536,sleeve_trend
2026-06-04,MNST,0.0398999910039138,-0.005615453670922088,-0.00022405655095268605,sleeve_trend
2026-06-04,MS,0.083366403605115,0.038688516733730305,0.0032253225009074063,sleeve_trend
2026-06-04,PANW,0.0381388881012751,-0.0042077976914027815,-0.0001604807253052144,sleeve_trend
2026-06-04,PM,0.052272018567428,-0.005399543670482898,-0.00028224504699912034,sleeve_mean_reversion
2026-06-04,QCOM,0.0447560394938808,-0.026175234290932825,-0.0011714998196865726,sleeve_quality
2026-06-04,STX,0.0774550231657453,-0.015626878901785046,-0.0012103802673460572,sleeve_quality
2026-06-04,VZ,0.0587570859919549,-0.0381565501720178,-0.0022419676996135915,sleeve_2
2026-06-05,ALL,0.0618659583827701,0.048235621066161194,0.002984142925446197,sleeve_mean_reversion
2026-06-05,CAT,0.0561701185557944,-0.03849093220871369,-0.0021620402254864932,sleeve_trend
2026-06-05,CRWD,0.0400464025880368,-0.06684838549969274,-0.0026770373580809774,sleeve_trend
2026-06-05,DELL,0.0294601544349085,-0.06553719688317938,-0.0019307359414094687,sleeve_trend
2026-06-05,ELV,0.1,0.014874018487581298,0.00148740184875813,"sleeve_2, sleeve_trend"
2026-06-05,F,0.0301711526271302,-0.028683215754948255,-0.0008654056803794495,sleeve_trend
2026-06-05,FCX,0.0436370424835743,-0.09068737678457106,-0.003957328913472237,sleeve_trend
2026-06-05,FTNT,0.0547386650637142,-0.03334005180872268,-0.0018249899291645497,sleeve_quality
2026-06-05,GM,0.0854165312444735,-0.01119942551688824,-0.0009566160795834381,sleeve_2
2026-06-05,GS,0.0734499492720462,-0.04935881271785403,-0.0036254022902548074,sleeve_trend
2026-06-05,LLY,0.0656438228802862,0.005465376582790782,0.0003587682123747819,sleeve_trend
2026-06-05,MNST,0.0430909206130865,0.011407297558016394,0.00049155095348234,sleeve_trend
2026-06-05,MS,0.0831524009257904,-0.029046646229802686,-0.002415298372850151,sleeve_trend
2026-06-05,NSC,0.0501028252876601,0.020378299149950596,0.0010210103619696471,sleeve_mean_reversion
2026-06-05,QCOM,0.0458574415472512,-0.10978275994038644,-0.005034356496862182,sleeve_quality
2026-06-05,STX,0.0776062493535156,-0.08479573051480116,-0.00658067860644517,sleeve_quality
2026-06-05,VZ,0.0595903647399611,0.011143298539149304,0.0006640332243541828,sleeve_2
2026-06-08,ELV,0.0499999999999999,0.006305182514327212,0.00031525912571636,"sleeve_2, sleeve_trend"
2026-06-08,FTNT,0.0549899333364973,-0.011335357151445069,-0.0006233305341033523,sleeve_quality
2026-06-08,GM,0.0846510234245709,0.020216733898130945,0.0017113672147789992,sleeve_2
2026-06-08,HON,0.0531894239369526,-0.010141640536099672,-0.0005394280178907887,sleeve_mean_reversion
2026-06-08,QCOM,0.0450710553573966,0.00847458465483375,0.00038195847410895566,sleeve_quality
2026-06-08,STX,0.0770616114256609,0.0345735566453611,0.0026642939878078935,sleeve_quality
2026-06-08,VZ,0.0619502329746577,0.0015429119005256897,9.558375169693837e-05,sleeve_2
2026-06-08,WMB,0.0561338916903213,-0.005141730556913471,-0.0002886253461825962,sleeve_mean_reversion
2026-06-09,CAT,0.0555012671686391,-0.0010266069922327814,-5.697798895310461e-05,sleeve_trend
2026-06-09,DLR,0.0568756713311612,0.01526219823081143,0.0008680477703666608,sleeve_mean_reversion
2026-06-09,ELV,0.1,0.015018526481539674,0.0015018526481539675,"sleeve_2, sleeve_trend"
2026-06-09,F,0.0300845221952686,-0.0033333460489909372,-0.00010028212319537874,sleeve_trend
2026-06-09,FTNT,0.1,-0.032508348117597174,-0.003250834811759718,"sleeve_quality, sleeve_trend"
2026-06-09,GM,0.0862737221006617,-0.00011930890815858852,-1.0293223586607436e-05,sleeve_2
2026-06-09,GS,0.0564650646752094,-0.01243061266447365,-0.0007018953480519817,sleeve_trend
2026-06-09,KMI,0.0549869933218735,0.0015979301884818664,8.786537660287245e-05,sleeve_mean_reversion
2026-06-09,LLY,0.0612899052293561,-0.0038898060376443278,-0.00023840584340779802,sleeve_trend
2026-06-09,MAR,0.0904789224273293,0.005594941108529872,0.00050622424254415,sleeve_trend
2026-06-09,MNST,0.0434650166273253,0.018989491149488558,0.0008253785485569668,sleeve_trend
2026-06-09,MS,0.0713863669631647,-0.00937620355097546,-0.000669333107411262,sleeve_trend
2026-06-09,MU,0.0299781923084101,-0.014105425561386276,-0.0004228551600712013,sleeve_trend
2026-06-09,QCOM,0.0393891963349349,-0.056711235988515796,-0.0022338100087484747,sleeve_quality
2026-06-09,STX,0.0613400077401132,-0.03508333295599053,-0.002152011915069428,sleeve_quality
2026-06-09,VZ,0.0624851515765523,0.00748239117191396,0.00046753834653210063,sleeve_2
2026-06-10,AEP,0.0574935844288099,0.0060268991092014,0.00034650803277878987,sleeve_mean_reversion
2026-06-10,CAT,0.0482017119251789,-0.06399916724746935,-0.003084869423113862,sleeve_trend
2026-06-10,CL,0.0528971269584761,0.024487401158937994,0.0012953131679874779,sleeve_mean_reversion
2026-06-10,ELV,0.1,-0.04293722472470396,-0.004293722472470396,"sleeve_2, sleeve_trend"
2026-06-10,F,0.025889338662146,-0.0434782359078989,-0.0011256227738522715,sleeve_trend
2026-06-10,FTNT,0.1,0.003540757968965691,0.0003540757968965691,"sleeve_quality, sleeve_trend"
2026-06-10,GM,0.0852914670173872,-0.052053492110235244,-0.004439718705459954,sleeve_2
2026-06-10,GS,0.0493810589716224,-0.0297671838912279,-0.0014699350631518532,sleeve_trend
2026-06-10,LLY,0.0574510064652003,-0.007259721672278285,-0.0004170783167296145,sleeve_trend
2026-06-10,MAR,0.0789049063315158,-0.018749459210601005,-0.0014794243227790485,sleeve_trend
2026-06-10,MNST,0.0955099937196658,0.01175815352914289,0.0011230211697233036,sleeve_trend
2026-06-10,MS,0.0629733064492828,-0.01707489340257129,-0.0010752624948289588,sleeve_trend
2026-06-10,MU,0.0257990774500128,-0.047024759341434574,-0.0012131954083178837,sleeve_trend
2026-06-10,QCOM,0.0388970771272815,-0.06922403537852262,-0.0026926126431800574,sleeve_quality
2026-06-10,STX,0.058934440354333,-0.035484268745300085,-0.0020912455198870104,sleeve_quality
2026-06-10,VZ,0.0623759041390871,0.025557043339717644,0.0015941436854367223,sleeve_2
2026-06-11,BK,0.05,0.01674415984179345,0.0008372079920896725,"sleeve_2, sleeve_trend"
2026-06-11,FTNT,0.1,0.044498793624006217,0.004449879362400622,sleeve_quality
2026-06-11,QCOM,0.0632820722875925,0.06150632820777946,0.0038922479077890893,sleeve_quality
2026-06-11,STX,0.1,0.06384888411032197,0.006384888411032197,sleeve_quality
2026-06-12,C,0.078620555974452,0.012747116777527712,0.0010021854081204936,sleeve_trend
2026-06-12,CAT,0.0436250583649198,0.014415741865821063,0.0006288875802700617,sleeve_mean_reversion
2026-06-12,ELV,0.1,0.012250149652187625,0.0012250149652187625,"sleeve_2, sleeve_trend"
2026-06-12,FTNT,0.1,0.008548224969211038,0.0008548224969211039,"sleeve_quality, sleeve_trend"
2026-06-12,GM,0.0861827038018154,0.00803959849284297,0.0006928743355942072,sleeve_2
2026-06-12,KLAC,0.0340057330175391,0.05546429707602507,0.001886104078372783,sleeve_trend
2026-06-12,MAR,0.0961852230758117,0.014235666527133706,0.0013692607605452212,sleeve_trend
2026-06-12,MNST,0.1,0.008692850835262389,0.0008692850835262389,sleeve_trend
2026-06-12,MS,0.0762363920980779,0.006489182734220611,0.0004947118793221197,sleeve_trend
2026-06-12,QCOM,0.0380060621363173,0.0431611855393057,0.0016403866994839722,sleeve_quality
2026-06-12,STX,0.0573294722736072,0.0725154550666931,0.004157272770653991,sleeve_quality
2026-06-12,VZ,0.0564619188609316,0.024925467753387,0.0014073397378625036,sleeve_2
2026-06-12,WMB,0.0719704783062082,0.01385470980292669,0.0009971300913103455,sleeve_mean_reversion
2026-06-15,C,0.0545277115756784,0.009869161587223951,0.000538142796521912,sleeve_trend
2026-06-15,COST,0.0577339443292268,-0.0029520674413174852,-0.0001704344973131467,sleeve_mean_reversion
2026-06-15,CVS,0.0613286029200619,-0.012553930862988838,-0.0007699150409821524,sleeve_trend
2026-06-15,FTNT,0.1,0.02180452751103279,0.0021804527511032792,"sleeve_quality, sleeve_trend"
2026-06-15,GE,0.0414109434383742,0.02075768280677215,0.000859595228622954,sleeve_trend
2026-06-15,GM,0.077880041658918,0.0315337385868002,0.0024558488748014293,sleeve_2
2026-06-15,KLAC,0.0886932088320986,0.0073859518786432155,0.0006550837723963336,"sleeve_2, sleeve_trend"
2026-06-15,LLY,0.0516756427966673,-0.003221557293965116,-0.00016647604397193946,sleeve_trend
2026-06-15,MAR,0.0653171223742214,-0.004744879071805874,-0.0003099218469840263,sleeve_trend
2026-06-15,MNST,0.0824615979200006,0.004308968199816299,0.00035532440314332045,sleeve_trend
2026-06-15,MS,0.0525581351704727,0.018407786231515955,0.0009674789169451818,sleeve_trend
2026-06-15,QCOM,0.0391937873527509,0.04293404631343711,0.0016827478814020129,sleeve_quality
2026-06-15,STX,0.0565100607811657,0.09426022859894423,0.005326651247372912,sleeve_quality
2026-06-15,TJX,0.059083184031233,-0.006412931581080916,-0.00037889641678470976,sleeve_trend
2026-06-15,VZ,0.0524740462923131,-0.02161711782837239,-0.0011343376416323996,sleeve_2
2026-06-15,WMB,0.0591519705268168,-0.008185404443635358,-0.00048418280239999394,sleeve_mean_reversion
2026-06-16,C,0.0503960570977988,0.01260533032126876,0.0006352589466072749,sleeve_trend
2026-06-16,CVS,0.0567337437733863,0.00039730746331034794,2.2540739822703358e-05,sleeve_trend
2026-06-16,FTNT,0.1,-0.016522851896049184,-0.0016522851896049184,"sleeve_quality, sleeve_trend"
2026-06-16,GE,0.0389349871600945,0.027668965167525483,0.0010772908035307067,sleeve_trend
2026-06-16,GEV,0.040369052638501,0.0038627468994829606,0.00015593543291443415,sleeve_mean_reversion
2026-06-16,GM,0.0794257028522078,-0.018555936294237796,-0.0014738182822506293,sleeve_2
2026-06-16,KLAC,0.085218166080987,-0.0744482122962673,-0.006344340119895886,"sleeve_2, sleeve_trend"
2026-06-16,MAR,0.0602356808178509,-0.0038189820049658874,-0.00023003898110024148,sleeve_trend
2026-06-16,MNST,0.0764430179952989,-0.003003393742456395,-0.00022958848190156233,sleeve_trend
2026-06-16,MS,0.0487527269544219,0.013074622256062263,0.0006374234888820112,sleeve_trend
2026-06-16,QCOM,0.0400895051466471,-0.030523936003334695,-0.001223689489501613,sleeve_quality
2026-06-16,SPG,0.0853909989741939,-0.0019939160125584943,-0.00017026248018301118,sleeve_trend
2026-06-16,STX,0.0537304936447987,0.012308540115344435,0.000661343936444264,sleeve_quality
2026-06-16,UNH,0.0551128064842394,-0.008247407984536936,-0.0004545378002483551,sleeve_trend
2026-06-16,VZ,0.0526493892956703,-0.007223363619983658,-0.00038030568325270186,sleeve_2
2026-06-16,WMB,0.0765176710839027,-0.00013980286941650544,-1.0697389978597964e-05,sleeve_mean_reversion
2026-06-17,ALL,0.05999210196203,-0.006409936345220024,-0.00038454555479256163,sleeve_2
2026-06-17,CB,0.0497630903416648,-0.0028277635438507254,-0.00014071825269750985,sleeve_2
2026-06-17,DELL,0.025316021824789,0.0377153565095647,0.0009548027885258378,sleeve_trend
2026-06-17,FCX,0.0322130179544978,-0.015538188789390728,-0.0005005319544530199,sleeve_trend
2026-06-17,FTNT,0.0796483006573268,-0.019589204183909636,-0.0015602468244777987,sleeve_quality
2026-06-17,HOOD,0.025316021824789,0.08778821160316452,0.002222448280904908,sleeve_trend
2026-06-17,KLAC,0.1,0.005898933492112679,0.000589893349211268,"sleeve_2, sleeve_trend"
2026-06-17,MAR,0.0737811794518794,-0.011250365029532361,-0.0008300652011430756,sleeve_trend
2026-06-17,MNST,0.0959514436916199,-0.013878357487748239,-0.0013316484370178466,sleeve_trend
2026-06-17,PLD,0.08371783240704,-0.03545026586968414,-0.002967819416863227,sleeve_trend
2026-06-17,PSX,0.1,-0.02808140599450404,-0.002808140599450404,sleeve_mean_reversion
2026-06-17,PWR,0.0410162395510153,-0.006172766687597919,-0.0002531836771510435,sleeve_trend
2026-06-17,QCOM,0.0417689123386687,-0.005138534432101105,-0.00021463099424366182,sleeve_quality
2026-06-17,RCL,0.0358846826347466,-0.03634444204796328,-0.0013042087684281018,sleeve_trend
2026-06-17,SPG,0.1,-0.024950031240001502,-0.0024950031240001504,sleeve_trend
2026-06-17,STX,0.055631155359932,0.03367458603669893,0.001873356127488995,sleeve_quality
2026-06-18,FTNT,0.0775873210445946,0.004093217291445406,0.00031758176409666067,sleeve_quality
2026-06-18,GM,0.0760633258600908,-0.0036441431120221024,-0.0002771856450105426,sleeve_2
2026-06-18,KLAC,0.0439947418540297,0.08725339171382474,0.0038386904443382533,"sleeve_2, sleeve_trend"
2026-06-18,KMI,0.0578922010214626,0.008298762512447544,0.00048043362759999124,sleeve_mean_reversion
2026-06-18,NEE,0.0577033393757938,0.011897779110303874,0.0006865415858200944,sleeve_mean_reversion
2026-06-18,QCOM,0.0386415492014409,0.06169882760169276,0.0023841382824420308,sleeve_quality
2026-06-18,STX,0.0377483281019332,0.0039022475249861355,0.00014730331990813343,"sleeve_quality, sleeve_trend"
2026-06-18,VZ,0.0520279535664072,-0.010253092080456883,-0.0005334473986741081,sleeve_2
2026-06-22,C,0.0627797325224149,0.01824409796513926,0.0011453595903641767,sleeve_trend
2026-06-22,CAT,0.0345804651380399,0.03698446136391431,0.0012789398768440223,sleeve_trend
2026-06-22,CVS,0.0591306152448899,0.030309228704060498,0.001792203340869174,sleeve_trend
2026-06-22,FTNT,0.0764269878013232,0.004560241011489108,0.00034852548415617183,sleeve_quality
2026-06-22,GE,0.046693785803335,-0.007046229340740617,-0.00032901512355771673,sleeve_trend
2026-06-22,GM,0.0792882021688961,0.014377593347021822,0.0011399735280008417,sleeve_2
2026-06-22,JNJ,0.0644622895179105,0.012697552012935542,0.0008185132740265781,sleeve_mean_reversion
2026-06-22,KLAC,0.0635874055610633,0.03698569191636891,0.002351824191842691,sleeve_2
2026-06-22,MAR,0.0649892614617027,-0.030312996960104255,-0.0019700192851280145,sleeve_trend
2026-06-22,MNST,0.091378114072732,0.018392822121001906,0.0016807013978923807,sleeve_trend
2026-06-22,MO,0.0554334314892736,0.005642352056586475,0.00031277493616714834,sleeve_mean_reversion
2026-06-22,MS,0.0563877339987953,0.017565076852211092,0.0009904548812108757,sleeve_trend
2026-06-22,QCOM,0.0386008890055408,-0.01861928575694516,-0.0007187209828662869,sleeve_quality
2026-06-22,STX,0.076723103717455,0.02224760722911112,0.0017069054769042941,"sleeve_quality, sleeve_trend"
2026-06-22,UNH,0.0566700969847518,0.014265765519261286,0.0008084423155382651,sleeve_trend
2026-06-22,VZ,0.0536795462039259,-0.00022036712119133384,-1.1829207063816342e-05,sleeve_2
2026-06-22,WDC,0.0191883393079496,-0.018238325593690652,-0.0003499631799005975,sleeve_trend
2026-06-23,C,0.0627797325224149,-0.004805361138470965,-0.0003016792869468143,sleeve_trend
2026-06-23,CAT,0.0345804651380399,-0.037210977395952805,-0.0012867729065931365,sleeve_trend
2026-06-23,CVS,0.0591306152448899,0.002665317225394981,0.0001576018473604081,sleeve_trend
2026-06-23,FTNT,0.0764269878013232,0.017951720347399558,0.0013719959120034716,sleeve_quality
2026-06-23,GE,0.046693785803335,0.0038015554007735375,0.00017750901360323088,sleeve_trend
2026-06-23,GM,0.0792882021688961,-0.018401135786622058,-0.0014589929743869987,sleeve_2
2026-06-23,JNJ,0.0644622895179105,0.03368069856478706,0.002171134942048776,sleeve_mean_reversion
2026-06-23,KLAC,0.0635874055610633,-0.09165551282988849,-0.00582813626622136,sleeve_2
2026-06-23,MAR,0.0649892614617027,0.006871558640472397,0.0004465775211350829,sleeve_trend
2026-06-23,MNST,0.091378114072732,0.007202814690595805,0.0006581796224420132,sleeve_trend
2026-06-23,MO,0.0554334314892736,0.03021145748212417,0.0016747247585264325,sleeve_mean_reversion
2026-06-23,MS,0.0563877339987953,-0.004667742197752123,-0.0002632034054217989,sleeve_trend
2026-06-23,QCOM,0.0386008890055408,-0.08008107031296952,-0.003091200506595845,sleeve_quality
2026-06-23,STX,0.076723103717455,-0.05068373234003165,-0.0038886132531119767,"sleeve_quality, sleeve_trend"
2026-06-23,UNH,0.0566700969847518,0.00631948305917196,0.0003581257178567709,sleeve_trend
2026-06-23,VZ,0.0536795462039259,0.030202766187018115,0.0016212707830224097,sleeve_2
2026-06-23,WDC,0.0191883393079496,-0.08445032285433451,-0.0016204614495948612,sleeve_trend
2026-06-24,C,0.0616050971477702,-0.009519244472596555,-0.0005864339805076853,sleeve_trend
2026-06-24,CAT,0.0336079234926314,0.010373508569007539,0.00034863208233736157,sleeve_trend
2026-06-24,CVS,0.054968787206147,0.0029536580945082047,0.00016235900327673513,sleeve_trend
2026-06-24,EQIX,0.074827827697967,-0.018755703945185664,-0.0014034485831644328,sleeve_trend
2026-06-24,FTNT,0.0749142664052152,-0.018378386626372478,-0.001376803351826112,sleeve_quality
2026-06-24,GE,0.0456790847985211,0.026397732882335045,0.0012058242788208914,sleeve_trend
2026-06-24,GM,0.0795320239656069,0.0,0.0,sleeve_2
2026-06-24,KLAC,0.0623923657468703,-0.016401528387781528,-0.001023330157978141,sleeve_2
2026-06-24,MAR,0.0574570819823675,-0.008453297642841862,-0.0004857018156861188,sleeve_trend
2026-06-24,MNST,0.0878582014382617,0.010780173770062573,0.0009471266786296226,sleeve_trend
2026-06-24,MS,0.0556086050444311,-0.027297253471960214,-0.0015179621871199613,sleeve_trend
2026-06-24,NEE,0.0680509722605342,0.013768395663594557,0.0009369527113753327,sleeve_mean_reversion
2026-06-24,NSC,0.0518445296897203,0.001417293434260003,7.347891153153838e-05,sleeve_mean_reversion
2026-06-24,QCOM,0.0382176166974476,-0.03292020310566768,-0.0012581317038945314,sleeve_quality
2026-06-24,STX,0.0797635363945254,-0.04297343222536354,-0.003427712925305455,"sleeve_quality, sleeve_trend"
2026-06-24,VZ,0.0546308131437569,-0.02246945576388948,-0.0012275246392789577,sleeve_2
2026-06-24,WDC,0.0190412668882253,-0.040134152680068924,-0.0007642051125139751,sleeve_trend
2026-06-25,C,0.061605035542673,0.009680335852767508,0.000596357434274754,sleeve_trend
2026-06-25,CAT,0.0319780018606408,0.06290914253171098,0.002011708676930371,sleeve_trend
2026-06-25,CVS,0.055545287767489,0.027387855505098146,0.0015212663153650844,sleeve_trend
2026-06-25,EQIX,0.0754341391056632,-0.006748871825057123,-0.0005090953360576501,sleeve_trend
2026-06-25,FTNT,0.0761984694193516,0.03200711684716118,0.0024388933142800245,sleeve_quality
2026-06-25,GE,0.0460760960946903,0.014977497509234494,0.0006901046144934732,sleeve_trend
2026-06-25,GM,0.0785512011216304,-0.00531979968562446,-0.00041787665503227313,sleeve_2
2026-06-25,KLAC,0.0665925600690669,0.07618093974929208,0.005073083806372699,sleeve_2
2026-06-25,MAR,0.0580284368303466,-0.012123250406930186,-0.000703493270417022,sleeve_trend
2026-06-25,MNST,0.0884413553027779,0.011932470107999027,0.0010553238284613186,sleeve_trend
2026-06-25,MS,0.0555715182153361,0.005367018432208992,0.00029825336256754663,sleeve_trend
2026-06-25,NSC,0.0743957511058882,0.02712128903868316,0.0020177086689927262,sleeve_mean_reversion
2026-06-25,QCOM,0.0404442604319812,0.03794129018504555,0.0015345074213693544,sleeve_quality
2026-06-25,SNPS,0.0454997508443664,-0.019205491782757322,-0.0008738450909589844,sleeve_mean_reversion
2026-06-25,STX,0.0750224065409451,0.032328200706330135,0.0024253394161275676,"sleeve_quality, sleeve_trend"
2026-06-25,VZ,0.0514114416655368,0.008537607147937942,0.00043893069184948154,sleeve_2
2026-06-25,WDC,0.0192042880816159,0.0490191459249556,0.0009413777998576154,sleeve_trend
2026-06-26,C,0.0610889627637646,-0.02220996906879813,-0.0013567839734281723,sleeve_trend
2026-06-26,CAT,0.0331218255362692,-0.05632873720439224,-0.001865710606362236,sleeve_trend
2026-06-26,CVS,0.0622263184481989,-0.0030575894613178445,-0.00019026253550382113,sleeve_trend
2026-06-26,FTNT,0.0771346723619934,0.00947117652973617,0.000730556098503801,sleeve_quality
2026-06-26,GE,0.0484714231395707,-0.00635492078297295,-0.00030803205428993384,sleeve_trend
2026-06-26,GM,0.0789078585705041,-0.005475618386093006,-0.00043206932119587885,sleeve_2
2026-06-26,KLAC,0.0680103943737874,-0.03925807141632465,-0.00266995691937855,sleeve_2
2026-06-26,MNST,0.0890263071263644,0.005739282185686534,0.0005109470985478013,sleeve_trend
2026-06-26,MS,0.0518228590994022,-0.04076182944492146,-0.0021123945439580284,sleeve_trend
2026-06-26,NSC,0.055357260291084,0.0024033839834249893,0.00013304475274987946,sleeve_mean_reversion
2026-06-26,QCOM,0.0423500771312282,-0.07569543664638467,-0.0032057075804563886,sleeve_quality
2026-06-26,SPG,0.0717291969862051,0.006208673832006406,0.00044534318831908435,sleeve_trend
2026-06-26,STX,0.0745991479672292,-0.12235698947670937,-0.009127727162797748,"sleeve_quality, sleeve_trend"
2026-06-26,UNH,0.0636077665520409,0.02974518303239404,0.001892024658372248,sleeve_trend
2026-06-26,UNP,0.050232029278097,0.0023157475506889735,0.00011632469876688994,sleeve_mean_reversion
2026-06-26,VZ,0.0528319801417589,0.010201904965301045,0.0005389868405348963,sleeve_2
2026-06-26,WDC,0.0194819202325011,-0.13168687797035672,-0.0025655132522855962,sleeve_trend
2026-06-29,AMAT,0.0302099736359593,0.10816154822321433,0.0032675575202478456,sleeve_trend
2026-06-29,C,0.0981115909072747,0.005149626231771176,0.0005052380221769042,sleeve_trend
2026-06-29,CAT,0.0470973060385375,0.03581057250068964,0.0016865814924802152,sleeve_trend
2026-06-29,CVS,0.0928852936930812,-0.007283827233180995,-0.0006765604317636797,sleeve_trend
2026-06-29,FCX,0.0332031653963364,-0.01329066166396664,-0.00044129203745543196,sleeve_mean_reversion
2026-06-29,FTNT,0.0796224569194916,0.026891258019811515,0.0021411480331933754,sleeve_quality
2026-06-29,GE,0.0749285539397439,0.012764216042626897,0.0009564042502485139,sleeve_trend
2026-06-29,GM,0.0812995503373233,-0.009731141499091045,-0.0007911374281449682,sleeve_2
2026-06-29,KLAC,0.064765147121049,0.11965096256361885,0.007749212193607901,sleeve_2
2026-06-29,MNST,0.1,0.01307327424919369,0.001307327424919369,sleeve_trend
2026-06-29,PLD,0.0723867630232751,-0.007715952144286664,-0.0005585327993674101,sleeve_mean_reversion
2026-06-29,QCOM,0.0414562317458691,-0.0035376639268416277,-0.00014665821559014782,sleeve_quality
2026-06-29,STX,0.0851213834744614,0.07626403269351889,0.006491699972213882,"sleeve_quality, sleeve_trend"
2026-06-29,VZ,0.0536853929521478,-0.052428080418883805,-0.0028146220990145827,sleeve_2
2026-06-30,ABBV,0.047945946923427,-0.010498990187478352,-0.000503384026278418,sleeve_trend
2026-06-30,AMAT,0.0229048473401073,0.040826881195313414,0.0009351334811513512,sleeve_trend
2026-06-30,C,0.0657439414790082,-0.017755622722733677,-0.001167324621206751,sleeve_trend
2026-06-30,CAT,0.0324585585489517,0.030691436043843723,0.0009961997737805081,sleeve_trend
2026-06-30,CVS,0.0662931216994902,-0.0012551156643590966,-8.320553548429409e-05,sleeve_trend
2026-06-30,EOG,0.0735278016280037,-0.016675487534124955,-0.001226111939459388,sleeve_mean_reversion
2026-06-30,FTNT,0.0832468786921503,-0.011581540811763213,-0.0009641271230250402,sleeve_quality
2026-06-30,GM,0.0799316454285584,-0.0033617082899777273,-0.0002687068750687451,sleeve_2
2026-06-30,HON,0.0229048473401073,-0.01712032090880755,-0.000392138336829884,sleeve_trend
2026-06-30,JCI,0.0461996252877819,0.04015091721104924,0.001854957330111228,sleeve_mean_reversion
2026-06-30,KLAC,0.0662244521061036,0.08376728898157526,0.0055474428172184705,sleeve_2
2026-06-30,MNST,0.1,-0.015567356130356091,-0.0015567356130356093,sleeve_trend
2026-06-30,MS,0.0515594009271324,-0.012658265251834111,-0.0006526525731613035,sleeve_trend
2026-06-30,QCOM,0.0434043862048178,-0.02082454381702903,-0.0009038765423734786,sleeve_quality
2026-06-30,SPG,0.0787440749194299,-0.0171822978733448,-0.001353004151026624,sleeve_trend
2026-06-30,STX,0.0663289532956393,-0.0036447288056082883,-0.00024175104672246336,"sleeve_quality, sleeve_trend"
2026-06-30,VZ,0.0525815181792903,-0.0399091950322954,-0.0020984860641114823,sleeve_2
2026-07-01,ABBV,0.0471791667957708,-0.0023048872693589573,-0.00010874266092653495,sleeve_trend
2026-07-01,ABNB,0.0504223641724009,0.029419925055996776,0.0014834221750982114,sleeve_trend
2026-07-01,AMAT,0.0220816989233131,-0.09970958071295821,-0.00220175694107333,sleeve_trend
2026-07-01,C,0.0645748686348304,0.0012146196112496899,7.84339018377375e-05,sleeve_trend
2026-07-01,CAT,0.0313126118900619,-0.06901122132095683,-0.0021609215892822863,sleeve_trend
2026-07-01,ELV,0.0541186861301248,0.07617715361666,0.004122607466866324,sleeve_2
2026-07-01,FTNT,0.0880084340296597,0.03489129527873458,0.0030707282587478894,sleeve_quality
2026-07-01,GE,0.052398233910731,0.0032375562079705045,0.00016964222748437776,sleeve_trend
2026-07-01,GM,0.083075084896344,-0.020238779851193156,-0.001681338354336288,sleeve_2
2026-07-01,KLAC,0.0608996076832457,-0.11772891193416268,-0.00716964454976589,sleeve_2
2026-07-01,LLY,0.0485595759194818,-0.006411431373401166,-0.0003113363885292214,sleeve_trend
2026-07-01,MDLZ,0.0892772349945632,0.026106471603555947,0.0023307136002295556,sleeve_mean_reversion
2026-07-01,MNST,0.1,0.0127964595546457,0.0012796459554645701,sleeve_trend
2026-07-01,PANW,0.0308541734356929,0.032314878559239535,0.0009970488676201306,sleeve_trend
2026-07-01,PNC,0.0642794305197927,0.021931580983317378,0.0014097495360063561,sleeve_trend
2026-07-01,QCOM,0.0418983278366055,-0.015531117600851574,-0.0006507278569093531,sleeve_quality
2026-07-01,STX,0.0411210036622506,-0.05161657778092621,-0.0021225254839623096,sleeve_quality
2026-07-01,TXN,0.0299394965651302,0.001140659340209238,3.415076639817816e-05,sleeve_mean_reversion
2026-07-02,ALL,0.0543016524096892,0.02965616509819302,0.0016103787689664337,sleeve_trend
2026-07-02,AMAT,0.0206847734455673,-0.07354318890818135,-0.001521224201030289,sleeve_trend
2026-07-02,AMZN,0.0519995651970765,0.004013244654325954,0.00020868697705444115,sleeve_mean_reversion
2026-07-02,C,0.0619203515967696,-0.0011418229967463667,-7.070208141981214e-05,sleeve_trend
2026-07-02,CAT,0.0298368994404898,-0.02812150835968219,-0.0008390586170427308,sleeve_trend
2026-07-02,CVS,0.0673924593586251,-0.0008586617687907916,-5.786732835603857e-05,sleeve_trend
2026-07-02,ELV,0.0549438129682153,0.004084702172226118,0.0002244291121816546,sleeve_2
2026-07-02,F,0.0662833218203823,-0.02052790906142299,-0.0013606580026178418,sleeve_mean_reversion
2026-07-02,FTNT,0.0935768403027167,-0.017171944904425196,-0.0016068963460084463,sleeve_quality
2026-07-02,GE,0.0505376460819722,0.006881085717908686,0.00034775387467138276,sleeve_trend
2026-07-02,GM,0.0849768385248777,0.006355976936840424,0.0005401108258297354,sleeve_2
2026-07-02,KLAC,0.0569946993409631,-0.11510574818223274,-0.006560417510062965,sleeve_2
2026-07-02,LLY,0.0462671348644338,0.018603088028414927,0.0008607115827056073,sleeve_trend
2026-07-02,MNST,0.0975828301667828,0.002568053455763053,0.0002505979242329457,sleeve_trend
2026-07-02,PANW,0.0314491616991382,-0.01130556439530439,-0.00035555052276794736,sleeve_trend
2026-07-02,QCOM,0.0390884711375767,-0.03116753642268455,-0.0012182913478874756,sleeve_quality
2026-07-02,STX,0.0368715510883025,-0.10383639358315566,-0.00382860889082641,sleeve_quality
2026-07-02,WELL,0.0552919905564204,0.025500651874234448,0.0014099818026127354,sleeve_trend
2026-07-06,ALL,0.0551159806758625,-0.007829691605203526,-0.00043154113121036036,sleeve_trend
2026-07-06,AMAT,0.0219695197893962,-0.01699721473446858,-0.00037342064547352414,sleeve_trend
2026-07-06,CAT,0.0286196529862024,0.006631815738990854,0.00018980026511835365,sleeve_trend
2026-07-06,CVS,0.0740920882703306,-0.025210077911329454,-0.0018678673179081337,sleeve_trend
2026-07-06,ELV,0.0480959783786631,-0.02325971159870943,-0.001118698586145468,sleeve_2
2026-07-06,FTNT,0.0921005326773349,0.03904003906250009,0.00359560839340022,sleeve_quality
2026-07-06,GE,0.057032225154726,0.004323047170359473,0.0002465529995744426,sleeve_trend
2026-07-06,GM,0.0811015751020121,0.02434208518580383,0.0019741814498360453,sleeve_2
2026-07-06,HOOD,0.0239550632247684,0.042757026091472694,0.0010242472633243006,sleeve_trend
2026-07-06,KLAC,0.0687900502681071,-0.009509681444036633,-0.0006541714645689653,sleeve_2
2026-07-06,MNST,0.1,-0.002356513638676394,-0.0002356513638676394,sleeve_trend
2026-07-06,PANW,0.0364458151412396,0.02720795634984996,0.0009916161474975479,sleeve_trend
2026-07-06,QCOM,0.0436806514571459,0.058042528950576155,0.0025353354767814174,sleeve_quality
2026-07-06,STX,0.0349309480964767,0.058647139821608185,0.002048600197115407,sleeve_quality
2026-07-06,VRTX,0.0588673641881944,0.0029354762757087816,0.0001728037509879534,sleeve_trend
2026-07-06,WBD,0.0985704280022979,-0.013595117417910862,-0.0013400765426249688,sleeve_mean_reversion
2026-07-06,WDC,0.0181949292550042,0.07135440069138443,0.0012982882726129627,sleeve_mean_reversion
2026-07-06,WELL,0.0584371973322373,-0.014276010980433074,-0.0008342500707807541,sleeve_trend
2026-07-07,ALL,0.0551159806758625,0.012441163012552048,0.000685706900185074,sleeve_trend
2026-07-07,AMAT,0.0219695197893962,-0.06459282283206469,-0.001419073299462008,sleeve_trend
2026-07-07,CAT,0.0286196529862024,-0.03072417139355832,-0.0008793151235722457,sleeve_trend
2026-07-07,CVS,0.0740920882703306,0.022041535654787836,0.0016331034053481796,sleeve_trend
2026-07-07,ELV,0.0480959783786631,0.02616554946330507,0.0012584577012529606,sleeve_2
2026-07-07,FTNT,0.0921005326773349,-0.022667125323197812,-0.0020876543165304256,sleeve_quality
2026-07-07,GE,0.057032225154726,-0.030896751652444543,-0.00176211049679187,sleeve_trend
2026-07-07,GM,0.0811015751020121,-0.02337828812455567,-0.0018960159900901293,sleeve_2
2026-07-07,HOOD,0.0239550632247684,-0.039557647002624874,-0.0009476059349709491,sleeve_trend
2026-07-07,KLAC,0.0687900502681071,-0.07217863149504089,-0.004965171688827041,sleeve_2
2026-07-07,MNST,0.1,-0.004621593560060977,-0.0004621593560060977,sleeve_trend
2026-07-07,PANW,0.0364458151412396,-0.05730984897584346,-0.0020887041615459505,sleeve_trend
2026-07-07,QCOM,0.0436806514571459,-0.018822364796513114,-0.0008221731562757422,sleeve_quality
2026-07-07,STX,0.0349309480964767,-0.046783215465782346,-0.001634182071221529,sleeve_quality
2026-07-07,VRTX,0.0588673641881944,-0.013859828326170387,-0.000815891561662525,sleeve_trend
2026-07-07,WBD,0.0985704280022979,0.0,0.0,sleeve_mean_reversion
2026-07-07,WDC,0.0181949292550042,-0.07855097264008803,-0.0014292293900981723,sleeve_mean_reversion
2026-07-07,WELL,0.0584371973322373,0.02105803362874714,0.0012305724665919858,sleeve_trend
2026-07-08,ABBV,0.0440449026046517,-0.007500445509913245,-0.000330356391975626,sleeve_trend
2026-07-08,ALL,0.0513128592696421,-0.0011532988832370084,-5.917906329137601e-05,sleeve_trend
2026-07-08,AVGO,0.0563649578652332,0.04830358628047282,0.002722629605438507,sleeve_mean_reversion
2026-07-08,ELV,0.0434330665979034,-0.00661339260089544,-0.00028723992127277324,sleeve_2
2026-07-08,F,0.037581375280841,-0.0044248095693196765,-0.00016629042897085922,sleeve_2
2026-07-08,FTNT,0.0999999999999999,-0.012352627955482864,-0.0012352627955482852,"sleeve_quality, sleeve_trend"
2026-07-08,GE,0.0581737501297079,-0.029838170688373578,-0.0017357982859530188,sleeve_trend
2026-07-08,GEV,0.0261575979312911,-0.0056541446028016695,-0.0001478988411654657,sleeve_trend
2026-07-08,GM,0.0676394560047488,0.0027620556075800273,0.00018682393875157896,sleeve_2
2026-07-08,KLAC,0.0597672063777297,0.021758171702858764,0.0013004251385668381,sleeve_2
2026-07-08,MNST,0.0972922218591754,-0.018262450232211624,-0.0017767943596844827,sleeve_trend
2026-07-08,NXPI,0.0515325789487565,0.039026190372712266,0.002011120236450996,sleeve_mean_reversion
2026-07-08,PANW,0.0357590304619956,-0.048807298213792705,-0.0017453016635947166,sleeve_trend
2026-07-08,PNC,0.0763566919906154,-0.029447643357741082,-0.002248524633716527,sleeve_trend
2026-07-08,QCOM,0.0458508483991917,0.019620682701752212,0.0008996249480466837,sleeve_quality
2026-07-08,STX,0.0382906688786958,0.03912329552669913,0.0014980571544561969,sleeve_quality
2026-07-08,VRTX,0.0571603520284223,-0.04561035389989232,-0.002607103885058769,sleeve_trend
2026-07-08,WELL,0.0532824353713977,-0.015530967205195312,-0.0008275277563661163,sleeve_trend
2026-07-09,FTNT,0.2254781549,0.044796048196778404,0.010100530294221068,"sleeve_quality, sleeve_trend"
2026-07-09,GM,0.1533693421,0.005377802644249696,0.0008247900534922162,sleeve_2
2026-07-09,MNST,0.2154294552,0.014713625889938964,0.0031697484094861663,sleeve_trend
2026-07-09,QCOM,0.2045125657,0.02438895321237755,0.00498784739620059,"sleeve_mean_reversion, sleeve_quality"
2026-07-09,UNH,0.1512104822,0.014285682530716048,0.0021601449440256898,sleeve_trend
2026-07-10,FTNT,0.27424606,-0.03798938119471862,-0.010418438114489675,"sleeve_quality, sleeve_trend"
2026-07-10,GM,0.1368920002,0.015655537173564715,0.0021431177978947285,sleeve_2
2026-07-10,MNST,0.1810856555,0.008700117155256093,0.001575466417986345,sleeve_trend
2026-07-10,QCOM,0.1861247603,-0.010203531693864454,-0.0018991298907339745,"sleeve_mean_reversion, sleeve_quality"
2026-07-10,TRV,0.171651524,0.004266926616476319,0.0007324244565143236,sleeve_trend
2026-07-13,FTNT,0.2854578383,0.019744782672928007,0.005636302979517325,"sleeve_quality, sleeve_trend"
2026-07-13,GM,0.1547261032,-0.014515058131871372,-0.002245858382465929,sleeve_2
2026-07-13,MAR,0.1490435812,-0.03520244276949769,-0.005246698137353982,sleeve_mean_reversion
2026-07-13,MNST,0.2109378778,-0.0032857551784545302,-0.0006930902243135589,sleeve_trend
2026-07-13,PNC,0.1498345996,0.0037315010429959106,0.0005591079646842747,sleeve_trend
